:020000040800F2
:100000008833022441040008492E0108F91C010824
:10001000412E010859270008096A01080000000064
:10002000000000000000000000000000213801086E
:100030008139000800000000C12E0108F9430108C1
:100040005F0400085F0400085F0400085F04000804
:100050005F0400085F0400085F0400085F040008F4
:100060005F0400085F0400085F040008C12E000858
:10007000D12E0008E12E0008F12E00085F040008D0
:100080005F0400085F040008D92600085F04000828
:100090005F0400085F0400085F0400085F040008B4
:1000A0005F0400085F0400085F0400085F040008A4
:1000B0005F040008794601085F0400085F04000837
:1000C0005F0400085F0400085F0400085F04000884
:1000D0005F0400085F04000881690108F9690108EC
:1000E0005F0400085F040008000000005F040008CF
:1000F0005F0400085F0400085F0400085F04000854
:100100005F0400085F0400085F04000891350108DF
:100110005F0400085F0400085F0400085F04000833
:100120005F0400085F0400085F0400085F04000823
:100130005F0400085F0400085F0400085F04000813
:1001400000000000000000000000000000000000AF
:100150005F0400085F0400085F0400085F040008F3
:100160005F0400085F0400085F0400085F040008E3
:100170005F0400085F0400085F040008000000003E
:100180005F0400085F0400085F0400085F040008C3
:100190005F0400085F0400085F0400085F040008B3
:1001A0005F0400085F0400085F0400085F040008A3
:1001B0005F0400085F0400085F0400085F04000893
:1001C0005F0400085F0400085F0400085F04000883
:1001D0005F0400085F0400085F0400085F04000873
:1001E0005F0400085F0400085F0400085F04000863
:1001F0005F0400085F0400085F0400085F04000853
:100200005F0400085F0400085F0400085F04000842
:100210005F0400085F0400085F0400085F04000832
:100220005F0400085F0400085F040008000000008D
:100230005F0400085F040008000000005F0400087D
:100240005F0400085F0400085F0400085F04000802
:100250005F0400085F0400085F0400085F040008F2
:100260005F0400085F0400085F0400085F040008E2
:100270005F0400085F0400085F040008000000003D
:100280005F0400085F0400085F040008000000002D
:10029000000000005F04000800F002F800F0C0F861
:1002A00014A696E8000CB244B344DA4501D100F03C
:1002B000B7F8BAE80F000FA696E83000A5EB0405E2
:1002C00004EB0607AAEB0704A7F101074FEA15158F
:1002D0004FEA3414A4F10104AC4201D300F0A0F8B9
:1002E00013F0010F18BFFB1A43F0010300F001F8EF
:1002F000DBE7184708040300280403000A4410F849
:10030000014B14F00F0508BF10F8015B240908BF6A
:1003100010F8014B6D1E05D010F8013B6D1E01F861
:10032000013BF9D1641E03D0641E01F8015BFBD1CF
:100330009142E4D37047000070470000002300247E
:1003400000250026103A28BF78C1FBD8520728BFE5
:1003500030C148BF0B6070476E2900F0BF82702922
:1003600000F01584662919F0A087652919F09D878A
:10037000672919F09A87612919F0998703681B0A80
:1003800028BF41F08001692900F06C82642900F0E7
:100390006982752900F066826F2900F0A3837829AD
:1003A00000F0E183E92900F03D83E42900F03A837D
:1003B000F52900F03783EF2900F0A083F82900F039
:1003C000E0830368DB0928BF41F08001632901F065
:1003D000E580732901F0EA80E32901F0F580F32933
:1003E00001F0FA80002070471FB519F051FF9DE819
:1003F000030001F0EBFB01F0E9F90400002000210B
:1004000019F030FF401C60600020002119F014FF3B
:10041000E06001F0E9F81FBD10B501F04EF910BD24
:1004200001F0A6F91146FFF7DFFF18F0A1FD01F07A
:100430006DFB03B4FFF7F0FF03BC01F045FD0000C6
:100440000A4880470A4880470A480047FEE7FEE717
:10045000FEE7FEE7FEE7FEE7FEE7FEE7FEE7FEE774
:1004600005480649064A074B70470000193F000837
:10047000E944010899020008882D022488330224E7
:10048000882F0224882F022453EA020C00F069808E
:100490002DE9F04B4FF00006002B1FBFB3FA83F598
:1004A00003FA05F424FA05F65E4012BF1643B2FAC9
:1004B00082F502FA05F4C5F120051EBF22FA05FCFB
:1004C00044EA0C04203556EA044C4FEA144418BFA1
:1004D000641C4FF000084FF00009904271EB030CD0
:1004E00039D3002919BFB1FA81F701FA07F6B0FA3A
:1004F00080F700FA07F6C7F120071EBF20FA07FCB5
:1005000046EA0C062037B6FBF4FCA7EB0507103FC4
:1005100007F01F0BCBF120062CFA06F60CFA0BFBAA
:1005200044BFB3460026202FA4BF5E464FF0000B09
:100530005BEA060C08BF4FF0010B19EB0B0948EB07
:100540000608ABFB027C06FB02CC0BFB03CCC01BFA
:1005500071EB0C01C1E70B46024641464846BDE837
:10056000F08B13B5084318BF4FF0FF300146AFF3CF
:100570000080BDE81C4070470FB4044910B503AAC1
:10058000029800F0DFF910BC5DF814FBB4400024C1
:100590000FB41CB50C0007AA009007D04142A1423D
:1005A00002D32044401E01E04FF0FF30074B7B4454
:1005B00069460190069800F0AAF90021002C01D0AC
:1005C000009A11701CBC5DF814FB0000830300004E
:1005D00010B5431C02E010F8011B71B18107FAD17C
:1005E0004FF0013202C88C1A8C4314EAC211F9D0C0
:1005F000C01A0A0603D0C01E10BDC01A10BD0A04DE
:1006000001D0801E10BD0902FCD0401E10BD10B5E7
:10061000203AC0F00B80B1E81850A0E81850B1E8BB
:100620001850A0E81850203ABFF4F5AF5FEA027CFA
:1006300024BFB1E81850A0E8185044BF18C918C02A
:10064000BDE810405FEA827C24BF51F8043B40F8CB
:10065000043B08BF7047D20728BF31F8023B48BFB0
:1006600011F8012B28BF20F8023B48BF00F8012BEE
:1006700070474FF000020429C0F0128010F0030C04
:1006800000F01B80CCF1040CBCF1020F18BF00F885
:10069000012BA8BF20F8022BA1EB0C0100F00DB834
:1006A0005FEAC17C24BF00F8012B00F8012B48BF92
:1006B00000F8012B70474FF0000200B51346944636
:1006C0009646203922BFA0E80C50A0E80C50B1F1AA
:1006D0002001BFF4F7AF090728BFA0E80C5048BFBE
:1006E0000CC05DF804EB890028BF40F8042B08BF5C
:1006F000704748BF20F8022B11F0804F18BF00F858
:10070000012B70470000000030B44FF0013C50F85E
:10071000042BCCFA52F451F8043BD51A20D1FCB981
:1007200050F8042BCCFA52F451F8043BD51A17D1E7
:10073000B4B950F8042BCCFA52F451F8043BD51A52
:100740000ED16CB950F8042BCCFA52F451F8043B9A
:10075000D51A05D1002CDAD030BC4FF0000070471C
:1007600029BAB1FA81F111F01801D1F120008440C9
:10077000F2D1CA40CB4012F0FF0213F0FF0330BCAD
:10078000D01A704770477047704710B500F0CEFA26
:10079000006810BD10B5044600F0C8FA046010BD32
:1007A00070B5044685690068C10601D5302600E0B1
:1007B0002026C00707D070BDD4E9012130469047FC
:1007C000206A401C20626D1EF6D570BD70B50446CF
:1007D00085690078C00707D170BDD4E901212020C8
:1007E0009047206A401C20626D1EF6D570BD0968D6
:1007F0004A0501D540B27047C905FCD500B2704723
:1008000009684A0501D5C0B27047C905FCD580B258
:10081000704770B50C460546012A05D02878800639
:1008200000D5EA69002302E0012305E05B1C934246
:1008300002D2E05C0028F9D1A869E618C01AA861C4
:10084000286A184428622846FFF7AAFF04E0D5E981
:10085000012114F8010B9047B442F8D32846FFF762
:10086000B5FF70BD2DE9F0410646002410687529DA
:10087000314616A510D0FFF7BAFF002802DA404231
:1008800013A507E031688A0701D512A502E04907E0
:1008900004D511A5012401E0FFF7B2FF00210A22CF
:1008A00006F1240709E0B0FBF2FCB0FBF2F302FB17
:1008B0001C00303078541846491C0028F3D12346D8
:1008C0002A463046BDE8F04100F079BA0000000049
:1008D0002D0000002B0000002000000011680268BD
:1008E000006A530501D508700AE0D30501D50880D8
:1008F00006E0130603D5C217C1E9000200E0086054
:100900000120704701694A1C02610878704700B5F0
:100910008FB0CDE901310021059105497944CDE938
:1009200003101146684600F03DF90FB000BD00000D
:10093000E5FFFFFFD1E900239A4202D2531C0B606E
:1009400010707047074B70B50D467B44FFF7DFFF13
:100950000446284600F044FE10B14FF0FF3070BD51
:10096000204670BDFB8501002DE9FF5F15468A46D4
:100970000446DFF8AC80F8440027D8E900103E4672
:10098000CDE9001010E03AF816106A4602A800F00F
:10099000C7FE411C07D02178890603D5E2693918C2
:1009A00091420DD80744761C2078800602D5E06974
:1009B000B84205DDAE42E6DB3AF816000028E2D187
:1009C000A069C01BA0612046FFF7EAFED8E900102D
:1009D000CDE90010002017E03AF818106A4602A886
:1009E00000F09EFEB0F1FF3F81460BD000250DF1D7
:1009F000080B05E0D4E901211BF8050090476D1CA8
:100A00004D45F7D308F10100B0428046E4DB206A8F
:100A1000384420622046FFF7D9FEBDE8FF9F000062
:100A20003A9901002DE9F0418046D21D22F00702DB
:100A30000025D2E90002F52915A614D0011E72F195
:100A4000000106DA0023D0EB030063EB020211A6DB
:100A500008E0D8F800108B0701D50FA602E049077F
:100A600001D50EA601251146002408F1240704E053
:100A700000F060F930323A55641C50EA0102F7D1B7
:100A80002B46324621464046BDE8F04100F097B97A
:100A9000000000002D0000002B00000020000000DE
:100AA00030B4002100F1240408E002F00705D20868
:100AB000303542EA4372DB086554491C52EA0305AB
:100AC000F3D10468002310A2250708D504F0200400
:100AD0000C4304D0C46901230CA2641EC46130BC61
:100AE00000F06DB910B5044621461068FFF788FE86
:100AF00002462046BDE810400023D1E7D21D22F077
:100B00000701D1E90023CBE700000000300000001E
:100B1000F0B40D460188090502D5214C7C4402E061
:100B20001F4C7C440E34002100F1240608E002F042
:100B30000F071209E75D42EA03721B097754491C4B
:100B400052EA0307F3D102780023120704D5702D6F
:100B500006D009B1022311342246F0BC00F02FB9AF
:100B600001231034F8E770B504460D46214610689D
:100B7000FFF746FE024629462046BDE870400023A6
:100B8000C6E7D21D22F00703D3E90023C0E70368BC
:100B9000126843F0200303600823C3610023B7E712
:100BA0009C9701002DE9F05F894604464FF0000A4A
:100BB000DFF874B1FB44C0F820A02046E168884704
:100BC000002874D0252806D0D4E901219047206A56
:100BD000401C2062F1E700265F462046E168884716
:100BE0002028054607DB312D05D2781910F8200C96
:100BF00008B10643F1E7B00701D526F00406C4F8B2
:100C00001CA00027C4F818A02A2D09D0284619F0E6
:100C10000BFB38B304EB8708303DC8F8185019E0D7
:100C200059F8041B204604EB87029161E16888476C
:100C3000012F054618D1E069002820DA26F02006A9
:100C40001DE0D8F8180000EB800005EB40003038BC
:100C5000C8F818002046E1688847054619F0E4FA0C
:100C60000028EED1012F0AD02E2D08D12046E168B0
:100C700088477F1C0546022F46F02006C4DBA0698A
:100C8000002803DA404246F00106A061F00701D0D7
:100C900026F010066C2D0BD0682D09D04C2D39D0C4
:100CA0006A2D35D0742D35D07A2D33D016E038E04A
:100CB000E1682F4620468847B842054609D16C2F87
:100CC00026D04FF48060E1680643204688470546F9
:100CD00004E06C2F1AD04FF4807006430DB3A5F1D9
:100CE0004100192802D8203546F400664A462946B4
:100CF000204626604E46FFF72FFB80B101280BD01F
:100D0000F61D26F0070000F1080956E74020E4E749
:100D10008020D8E70020D6E706F104094DE72846F1
:100D200052E7206ABDE8F09F2C9701000048704709
:100D30005C41002430B5B0F10A0271F100034FEAC2
:100D4000900E4EEA817EB0EB0E0061EB91014FEA0E
:100D5000101E4EEA017E10EB0E0041EB11114FEA1E
:100D6000102E4EEA016E10EB0E0041EB11214FEAFE
:100D7000104E4EEA014E10EB0E0041EB11414018AF
:100D800041F100014FEAD00040EA41704FEAD10141
:100D90004FEA810444EA907410EB800544EB0104AF
:100DA0006D1944EB0404521BA3414FF0000348BFEC
:100DB0000A3200D530BD401C41F1000130BD2DE9A3
:100DC000F0470D4699469246044600F12408016812
:100DD000880604D5E06921F01001216000E00120BF
:100DE000A84201DD471B00E00027A1697A1902EB48
:100DF0000900081AA0612078C00602D42046FFF737
:100E0000CFFC002608E0D4E901211AF8060090473B
:100E1000206A401C761C20624E45F4DB2078C00618
:100E20000AD52046FFF7BCFC06E0D4E901213020BA
:100E30009047206A401C2062381EA7F10107F4DCAD
:100E400007E0D4E9012118F805009047206A401C0A
:100E50002062281EA5F10105F3DC2046FFF7B6FC51
:100E60002078000602D50220BDE8F0870120FBE7CC
:100E70002DE9FF4F0C461E464FF0FF378BB0D2E9ED
:100E80000001DDF860800A908A46C1F30A5505B971
:100E90003D46002108464FF00000BAF1000F00F473
:100EA000400005DA00EB80004FF4400101EA5000F9
:100EB0004FEA9059B9F1010F00DDB9460A9850EA9E
:100EC0004A000ED044F61050A5F2FF3545432F14CA
:100ED000B8F1000F1ED07542291E1EDDC9F10002B7
:100EE0001CE0B8F1010F4FF0000001D0302103E009
:100EF000F24305E02154401CB042FBDB30460022A7
:100F0000002121540B99C1F80880C1E900200FB0DD
:100F1000BDE8F08FBD1B6D1CDEE74A4600DA694272
:100F200006A800F0BFFC06AB93E8070003AB83E81C
:100F3000070050460A9918F0DEF98DE80700A0F581
:100F400000501F3800900398002D0ADD42F21F0167
:100F50004A460844002303A90390684618F048FC59
:100F600009E0A0F500504A461F38002303A903906A
:100F7000684618F052FC8DE807000004000C03D00E
:100F80004FF0FF30410800E01046B8F1000F03D0E9
:100F90000022009215461EE0751E05D4FFF7CAFE1A
:100FA000303262556D1EF9D5B3460122084302D096
:100FB00000227F1C04E02078302801D100227F1E0F
:100FC000002A099784D01DE0112D07DAFFF7B2FE41
:100FD000303262556D1C50EA0102F5D1084302D04F
:100FE0000098C8B10EE00021681E05E0235C625C39
:100FF00063542254401E491C8142F7DBAB46A81BB8
:10100000401E0990002004F80B000B98099AC0F8C4
:101010000880C0E9002B7AE711264FF0000857E757
:101020002DE9F04F88460446D21D22F0070191B009
:10103000D1E90001CDE90A0118F026FD02460B981E
:10104000C00F01D02D2007E02068810701D52B209B
:1010500002E0202101EAC000032A099001D0072AFA
:1010600005DB03464146204600F0DCFB0BE120781F
:10107000800601D5E06900E00620B8F1650F8146E1
:1010800006D0B8F1660F18D0B8F1670F70D131E013
:101090000020B9F1110F009001DB112301E009F1EB
:1010A00001030AAA01A90CA8FFF7E2FEDDE90C7012
:1010B000002609F10105834647E001204B460090D8
:1010C0004FF000470AAA01A90CA8FFF7D1FEDDE9FD
:1010D0000DB00C995D46002610B909F101000D18FC
:1010E000B9EB050003D4C0F1FF3609F10105A5EB0A
:1010F00009002BE0B9F1010F01DA4FF001090020DE
:10110000B9F1110F0090484601DD112300E00346BC
:101110000AAA01A90CA8FFF7ABFEDDE90C704D4649
:1011200000268346207800070AD4AB4500DA5D46E6
:1011300001A8012D04DD411911F8011C302907D047
:101140004F4502DA17F1040F04DA012082460FE05E
:101150006D1EEEE7002F02DCED1B3E4403E0781C21
:10116000A84200DD7D1CB81B00F1010A4FF00047CA
:101170002078000703D4AA4501DB4FF0FF3A002195
:10118000B7F1004F0DF143088DF8431024D0022031
:101190002B23002F01DA7F422D230A21021EA0F10A
:1011A000010000DC5FB197FBF1FC97FBF1F201FB62
:1011B0001C7C17460CF1300C08F801CDEEE7A8F1C5
:1011C000010003702188090501D5452100E0652152
:1011D000A0F1010800F8011C09980FA9A1EB08076C
:1011E000FF1D00B10120411901EBEA70A1693844EB
:1011F000081A401EA0612078C00602D42046FFF7DE
:10120000CFFA099828B1D4E901219047206A401CFF
:1012100020622078C00622D52046FFF7C1FA1EE0E2
:10122000002E04DBB34502DD01A8805D00E0302024
:10123000D4E901219047206A401C2062761CAAF163
:1012400001005FEA000A0AD100F0C0FAC068016834
:10125000405CD4E901219047206A401C2062281E8E
:10126000A5F10105DCDC07E0D4E9012118F8010B48
:101270009047206A401C2062381EA7F10107F3DC6A
:101280002046FFF7A3FA032011B041E62DE9F04F05
:1012900004460D46D21D22F0070089B0D0E9009720
:1012A0004846394618F0F0FB0246F80F01D02D23CE
:1012B00007E02068810701D52B2302E0202101EA05
:1012C000C0038DF820300BB1012000E00020032A7C
:1012D000824601D0072A04DB2946204600F0A2FA04
:1012E0003FE12078800601D40D2500E0E569C7F3D1
:1012F0000A560D2D49DA00214FEA175B08464FF0D8
:101300000000002F00F4400007DA00EB80004FF4EB
:10131000400100EBD07001EA60008115012901DD78
:101320004FF0FF3100224FEA850CBCF1180F06D3B5
:101330001346ACF118004FF08052C24003E04FF466
:10134000801323FA0CF30CF10C0CBCF1200F04D326
:10135000ACF1200C09FA0CF001E007FA0CF00029BE
:101360004FF0004801DD18B90FE00ED140450CD315
:1013700019EB02095F4121B9404502D19F4329EA97
:101380000209BBEB175F00D0761C2088000502D550
:101390007B48784402E07A487844193808AA302318
:1013A00002F80A30037C0AF10101002E0AF1020A58
:1013B00053546A4602DC4FF0300101E04FF0310136
:1013C0004FF001088DF8001002D0A6F2FF3603E0BE
:1013D00059EA470100D06B4E002D02DC2178090745
:1013E00004D54FF002082E218DF80110C4460021CB
:1013F0000BE0C7F303433F01C35C491C6D1E02F8B9
:101400000830052908F1010801DA002DF1DC00217E
:101410000CE000EB1973491C1B786D1E082902F8BB
:1014200008304FEA091908F1010801DA002DF0DC53
:1014300021688B0602D516E0A8F10108E04505DD1C
:1014400002EB080313F8013C302BF5D0B8F1000F84
:1014500009DD02EB080313F8013C2E2B03D1090729
:1014600001D4A8F10108002D05DD3E2102F8081085
:101470006D1E08F10108407C002E02F8080008F1FA
:10148000010804DA2D20764202F8080002E02B2041
:1014900002F808000A214FF47A70864208F1010828
:1014A0000BDB96FBF0F3303302F8083096FBF0F3D9
:1014B00008F1010800FB136601E0642E0CDB6420D8
:1014C00096FBF0F3303302F8083096FBF0F308F1A6
:1014D000010800FB136601E00A2E06DB96FBF1F023
:1014E000303002F8080008F1010896FBF1F001FB2A
:1014F0001060303002F80800A16908F1010808EB1B
:10150000050202EB0A00081AA0612078C00602D486
:101510002046FFF745F9216A08AE01EB0A00206278
:1015200004E0D4E9012116F8010B9047BAF1010A51
:10153000F7D22078C00602D52046FFF731F96E4673
:1015400009E016F8010B3E280FD0D4E9012190479D
:10155000206A401C2062B8F10108F2D22046FFF751
:1015600035F909B00320BDE8F08F206A28442062D5
:1015700003E0D4E90121302090476D1EEBD3F8E75A
:10158000958F010002FCFFFF10B5436913B1AFF363
:10159000008001E0FFF73DF9012010BD127800F155
:1015A00024010A7000224A700122EDE711684FF011
:1015B000FF32E9E710B5436913B1AFF3008001E0F2
:1015C000FFF7D2F9012010BD128800F124018284B6
:1015D0000022C2840122EDE711684FF0FF32E9E7F3
:1015E000007B00F08000704710B542485421FFF79F
:1015F00062F841485421FFF75EF840485421FFF754
:101600005AF83F493B483C4A3F4B08603D490A6015
:101610003A491960531C0365481C10650120086590
:101620003B48344A39A1784400F0D2F920B938480F
:1016300078440A3800F073FA37482F4A35A17844C5
:1016400000F0C6F920B9344878440A3800F067FA47
:1016500032482A4A2FA1784400F0BAF920B92F481D
:1016600078440A3800F05BFA40232248DC0000216D
:10167000224600F089F920B125487844543800F01A
:101680004EFA1D4822464023002100F07DF920B18A
:1016900021487844543800F042FA18482246102372
:1016A000002100F071F9002806D01C487844BDE8FC
:1016B0001040563800F033BA10BD104870B5006DB8
:1016C00020F001040B4800F0FBF90B4800F0F8F99A
:1016D0000A4800F0F5F909E0206D20F001052046E8
:1016E00000F0EEF9204600F075F82C46002CF3D1FE
:1016F00070BD000060400024B44000240841002474
:1017000000000024040000240800002472000000EF
:10171000148D010077000000008D0100EC8C0100A9
:101720002DE9F04116460C46054600F047F80368DF
:1017300093F80101012807D0FF2C12D8185D80B161
:1017400001202C70BDE8F081D3F807013246214614
:1017500003F20713C7182846BC46BDE8F041002332
:1017600060474FF0FF30EDE7004870475C410024D0
:101770007546FFF7F9FFAE4605006946534620F06F
:101780000700854618B020B5FEF76AFEBDE8204088
:101790004FF000064FF000074FF000084FF0000B2D
:1017A000AC46ACE8C009ACE8C009ACE8C009ACE89C
:1017B000C00921F007018D467047000010B500F008
:1017C00005F8001D10BD00BF9D8A0100004870474C
:1017D0007C41002470B50446051F00F0DBF9006869
:1017E000002C14BF446870BD002C18BFAC423CBF35
:1017F00020466468F8D301680A18AA4218BF4560F9
:1018000003D12A6805461144016028684119A142A4
:101810001CBF6C6070BD6168696021680844286005
:1018200070BD00002DE9F0411F4604460326016803
:10183000072A01F4006004DB08B116A505E016A52F
:1018400003E008B115A500E015A521F01000206007
:10185000A069C01EA0610FB1401EA0612046FEF726
:101860009FFF4FB1D4E9012138469047206A401CC0
:101870002062C01C206206E0206AFAE7D4E9012158
:1018800015F8010B9047761EF8D22046FEF79EFF12
:10189000BDE8F0814E414E006E616E00494E46003B
:1018A000696E66002DE9F047814616468AB03548D4
:1018B00078440DC88DE80D0032487844801C03AC94
:1018C0000DC884E80D0041F69B300844372190FB99
:1018D000F1F290FBF1F5A5F1800501FB12041B3C30
:1018E00002D56442012000E00020DFF898A0804685
:1018F0000027FA44AAF1BE0A0EE0E0070AD03246F9
:10190000684607EB470101230AEB810117F085FFC9
:101910008DE8070064107F1C002CEED1194F7F4426
:10192000AE3F19E0E80715D007EB04100DF1180AD7
:1019300090E80E008AE80E00C068F04201D19819C4
:1019400008903246012306A903A817F066FF03ABEF
:1019500083E807006D10641C002DE3D14FF00103F4
:1019600032466946B8F1000F03A802D017F040FFD5
:1019700001E017F052FFC9E90001C9F808200AB0D8
:10198000BDE8F087148B010070B5C468A50713D0BB
:10199000650211D4B2F5807F09D0B2F5007F06D080
:1019A000B2F5806F08D1012300F1240106E05D1E2D
:1019B0006FF07F46B54201D3012070BD0161C36164
:1019C000416024F470611143C160002070BD0000CB
:1019D0002DE9F0410C461646070047D0104600F0AE
:1019E0006FF82078611C61280AD0722802D077280D
:1019F0003CD102E00125002405E00225042402E098
:101A0000082448F2020511F8010B2B2806D06228A1
:101A100009D011F8010C74280AD00BE045F0030539
:101A200044F00204EFE745F0040544F00104EAE75E
:101A300044F010043846214600F078F8411C15D0D7
:101A40000021316171604FF40071F560F1617061E6
:101A5000200704D530460222002100F015F9306D30
:101A600040F0010030653046BDE8F0810020FBE722
:101A70002DE9F0410D460646104C206DC10704D0FB
:101A8000410804D020F00104F7E722460EE054207C
:101A900000F0CBF807000ED0206D47F0010108439D
:101AA000542120653846FEF706FE3A462946304660
:101AB000BDE8F0418CE70020D6E70000604000243C
:101AC0002DE9F04704464FF0FF380026C568D4E9F9
:101AD0000497A80718D0204600F092F9384600F085
:101AE0002FF8002800DA4646280502D54846FFF7B9
:101AF00071FE4C212046FEF7DEFD206D20F0010036
:101B000020653046BDE8F0874046FBE710B5044647
:101B1000AFF300802046BDE81040FEF78ABC10B548
:101B200000F0B8F9BDE8104000F0AEB90EB5CDE94F
:101B30000001FEF74DFD029069460120ABBE0EBDCF
:101B400008B5694600900220ABBE08BD1FB58DE800
:101B5000070069460520ABBE04B010BD1FB58DE877
:101B60000F0069460620ABBEF6E708B5694600904F
:101B70000920ABBE08BD1CB5CDE9000169460A20AD
:101B8000ABBE1CBD704708B5694600900C20ABBECB
:101B900008BD00000048704764410024704770474A
:101BA0007047704738B504460A4600206946AFF3CF
:101BB0000080002808BF38BD02460099204600F08A
:101BC00090F9012038BD012000F0DFB9F8B5AFF37E
:101BD0000080054600200C460C2000BF0646A819D0
:101BE000A0420DD9324669460020AFF300800700BD
:101BF00008BF00F0CAF90098A04218BF0546C419F2
:101C0000FFF7C8FF05600746F01D20F007004619E2
:101C1000284600F060F9B44208BFF8BDA21B314667
:101C20003868BDE8F84000F05CB970B50646FFF7CB
:101C3000B1FF056806F10B0020F00704B4429CBF19
:101C4000002070BD2B466A68BAB11068A04210D35C
:101C500004F1080188423CBF5068586007D35168BE
:101C6000101941601168091B016058601460101D53
:101C700070BD13465268002AE7D121462846FFF777
:101C800091FF0028DED170BD2DE9F04104461646D3
:101C90000D464769007B80072ED03846FFF765FF69
:101CA00050BB3EB3012E02D0022E25D104E02046C7
:101CB00000F031F905441DE03846FFF764FFE168A4
:101CC000002841F01001E16005DA204600F058F8E4
:101CD0000120BDE8F081C9030BD56268E16A914239
:101CE00000D81146A26911442269891A814200DD97
:101CF00008460544002D01DA0220EAE7E16A60683F
:101D0000E268814206D29103E06203D522F40031F9
:101D100041F01002A6690027AE4213DCE16A81425D
:101D200001D90B4600E0034603EB060C2369ACEB3C
:101D3000030CAC4506DD814201D98C4600E08446A7
:101D40009C4505D1A760276042F02000A5620DE008
:101D5000AD1BE669AE1B8142A66000D90846C01AD9
:101D6000281A20605819606022F0200003490840BA
:101D7000E060002084F84870ABE70000BFCFD7FFD9
:101D8000C16821F4001141F08001C160002181602F
:101D9000016070472DE9F74F15460C464FF0FF3BA9
:101DA0003848D768D2F814A0074209D05046A9692C
:101DB000FFF7E1FE002819DB3248C0430740EF601F
:101DC0004FF000496FF000484C4501D3464600E013
:101DD000264600993B4650463246FFF7B7FEA969B2
:101DE00020F00042B21A1144A96128B12846FFF739
:101DF000C7FF5846BDE8FE8FA41BE5D10020F9E7D8
:101E000070B504460569C06A6168884200D8084612
:101E1000E16821F42011E160C90312D5A84208D07D
:101E20002246411B2846FFF7B5FF10B14FF0FF30A7
:101E300070BD0020E562C4E90150E06820F4803004
:101E4000E060002070BD10B50446C06820F020009E
:101E5000E060A16AA06988420DD02046FFF7D0FF5C
:101E6000E06820F4405040F01000E060A06AA061FB
:101E70002069E062606044F24001E0688843E0600D
:101E800010BD000010000200002801D000F01CB8B6
:101E90007047000010B5014602A000F05DF8012077
:101EA00010BD000053494752545245443A205265F0
:101EB0006469726563743A2063616E2774206F7081
:101EC000656E3A200000000001491820ABBEFEE715
:101ED00026000200704700210160416070470C201D
:101EE0007047034640688C46002818BF88423CBFB4
:101EF00003464068F8D318681844884207D00CF1AC
:101F0000030020F00700001D411A521A0146081D67
:101F10000A60FFF75FBC10B50146C268900703D0A6
:101F2000900607D5886A0AE0FEF700FF01210160EC
:101F3000881E10BD8B69486818440B69C01A91F857
:101F400048301BB191F84910401A10BD1103FCD55F
:101F50000028FADD401E10BD70B505460C460A206B
:101F600000E06D1C00F018F835B128780028F8D191
:101F700002E0641C00F010F814B120780028F8D1B9
:101F8000BDE870400A2000F007B810B500F00CF86A
:101F9000BDE81040FFF778BF08B569468DF800002E
:101FA0000320ABBE08BD000010B5012805D00021FC
:101FB00003A0FFF7D1FF012010BD09A1F8E7000041
:101FC00053494752544D454D3A204F7574206F6622
:101FD0002068656170206D656D6F7279000000008A
:101FE0003A2048656170206D656D6F727920636F6E
:101FF000727275707465640080B584B00390039844
:10200000006842F20001C4F20201884209D0FFE7F1
:102010000398006842F20011C4F20201884209D11B
:10202000FFE742F20830C4F20200006810F4403FBB
:1020300009D129E046F20830C5F60200006810F424
:10204000403F21D0FFE70AF0D3FA0290039840689E
:102050000190B0F5803F0AD0FFE70198B0F5003F4E
:1020600005D0FFE70198B0F5403F07D00AE003989C
:10207000C1880298B0FBF1F0029004E00298800859
:10208000029000E0FFE75FE04FF40020002108F03D
:10209000EBF90290039840680090B0F5802F32D0A1
:1020A000FFE70098B0F5002F2DD0FFE70098B0F5BE
:1020B000402F28D0FFE70098B0F5801F23D0FFE71E
:1020C0000098B0F5A01F1ED0FFE70098B0F5C01F24
:1020D00019D0FFE70098B0F5E01F1FD0FFE7009888
:1020E000B0F5001F1ED0FFE70098B0F5101F1DD0FF
:1020F000FFE70098B0F5201F1CD0FFE70098B0F56F
:10210000301F1BD01EE0039841686FF0010000EA09
:1021100051410298B0FBF1F0029014E002980009DE
:10212000029010E00298400902900CE002988009A9
:10213000029008E00298C009029004E00298000AA8
:10214000029000E0FFE7FFE707F0E6FB41F2030142
:10215000884217D8FFE7029842F60151C0F23111C8
:10216000884207D3FFE703980168886840F48070CD
:10217000886006E003980168886820F480708860B1
:10218000FFE743E0029840080290029845F610618C
:10219000C0F25F01884209D8FFE7039800688068B1
:1021A00020F440700399096888602EE002984BF68D
:1021B0002041C0F2BE0188420AD8FFE703980068B8
:1021C0008068012161F309200399096888601BE098
:1021D000029847F64001C0F27D1188420AD8FFE715
:1021E000039800688068022161F309200399096857
:1021F000886008E003980068806840F440700399A4
:1022000009688860FFE7FFE7FFE7FFE704B080BDEC
:1022100080B58AB008900791002005900798049037
:10222000089800680FF0C8FE0290089800680FF048
:1022300077FE0190029828B9FFE70198002800F086
:10224000A880FFE708980068C0688001002836D59C
:10225000FFE70898407D012831D1FFE70898007D0D
:1022600001282CD1FFE701200490FFE708980068BF
:10227000006800F040010020B0EB911F1AD1FFE789
:1022800005984DF60041C0F20C0188420ED3FFE7DD
:102290000899486D40F0100048650899886D40F035
:1022A0000100886501208DF8270076E0059801304F
:1022B0000590DBE70898016840200860FFE7049874
:1022C000022813D0FFE7089800680FF075FE60B190
:1022D000FFE7089800680FF04FFE28B9FFE708985D
:1022E00000680FF0C5FEFFE7FFE7FFE7049801284D
:1022F00013D0FFE7089800680FF012FE60B1FFE707
:10230000089800680FF038FE28B9FFE708980068C1
:102310000FF01AFEFFE7FFE7FFE70498009002289E
:1023200007D0FFE70098032806D1FFE70C200390B1
:1023300005E00820039002E004200390FFE707F087
:10234000F3FA0690FFE7089800688068039908424E
:102350001ED0FFE707F0E8FA0699401A062816D3C0
:10236000FFE7089800688068039908420ED0FFE7ED
:102370000899486D40F0100048650899886D40F054
:102380000100886501208DF8270006E0FFE7DAE705
:10239000FFE700208DF82700FFE79DF827000AB02F
:1023A00080BD00000000000080B582B0019001985F
:1023B000806B00900098406D10F0500F4AD1FFE7FD
:1023C0000099486D40F40070486500980068006806
:1023D0000007002821D5FFE7009800680FF0FCFDFA
:1023E000D0B1FFE700980068C0688004002812D4CC
:1023F000FFE70099486D20F4807048650098406DB3
:10240000C004002806D4FFE70099486D40F00100A1
:102410004865FFE7FFE7FFE718E000980068C0683D
:10242000800790B9FFE70099486D20F480704865F7
:102430000098406DC004002806D4FFE70099486D5D
:1024400040F001004865FFE7FFE7FFE7009802F072
:102450000FFD10E00098406DC006002804D5FFE78E
:10246000009802F01DFD05E00098C06CC16C019859
:102470008847FFE7FFE702B080BD000000000000D2
:1024800080B582B001900198806B00900099486DF2
:1024900040F0400048650099886D40F00400886570
:1024A000009802F0FDFC02B080BD000000000000BA
:1024B00080B582B001900198806B0090009802F086
:1024C000EBFC02B080BD000080B584B002900298A1
:1024D00000680FF051FD0090029800680FF054FD65
:1024E00000284BD0FFE70098002847D1FFE702986B
:1024F0000068806800F00D00012809D1FFE702980C
:1025000000680FF0B9FC02980168032008600DE034
:102510000299486D40F0100048650299886D40F0BE
:102520000100886501208DF80F002BE007F0FCF911
:102530000190FFE7029800688068C007E8B1FFE7F4
:1025400007F0F2F90199401A032815D3FFE7029822
:1025500000688068C00770B1FFE70299486D40F0DD
:10256000100048650299886D40F0010088650120DF
:102570008DF80F0006E0FFE7DCE7FFE700208DF8AD
:102580000F00FFE79DF80F0004B080BD00000000C1
:1025900080B586B00490049800680FF0F5FC002820
:1025A00040F09280FFE70498006880683F21C8F2FD
:1025B000000108420ED0FFE70499486D40F010007A
:1025C00048650499886D40F00100886501208DF808
:1025D00017007DE0049800680FF06AFC07F0A4F98A
:1025E000039004980168012042F20002C4F2020242
:1025F000914201900CD0FFE7049800684DF60071FD
:10260000CBF6FD710844B0FA80F040090190FFE775
:102610000198C10746F20030C5F6020000291CBF30
:1026200042F20030C4F202000FF072FC02900498F3
:10263000006842F20011C4F20201884206D1FFE7AD
:1026400042F20000C4F20200009003E00498006827
:102650000090FFE7009804990968884203D0FFE7DB
:10266000029880BBFFE7FFE7049800680068C00796
:1026700040BBFFE7049800680FF086FC28B9FFE72D
:10268000049800680FF014FCFFE707F04DF9039978
:10269000401A032815D3FFE7049800680068C007B4
:1026A00070B9FFE70499486D40F01000486504993F
:1026B000886D40F00100886501208DF8170007E063
:1026C000FFE7D1E7FFE7FFE700208DF81700FFE7FE
:1026D0009DF8170006B080BD80B542F6F000C2F24A
:1026E000024002F0E1FB80BD80B584B00390ADF8FC
:1026F0000A10ADF808204FF6FF70ADF806000399F8
:102700004AF25A500880BDF80A0003994880BDF883
:10271000080003998880BDF806000399098800F035
:102720001FF8ADF80600BDF806000399498800F0CF
:1027300017F8ADF80600BDF806000399898800F087
:102740000FF8ADF80600BDF806000399C88004B084
:1027500080BD000000000000FFE7FEE70000000071
:1027600083B0ADF80A00ADF8081000200190FFE733
:1027700001980F2828D8FFE7BDF80800C00BADF876
:102780000200BDF80A00C00BADF80000BDF80A0059
:102790004000ADF80A00BDF80200BDF80010484046
:1027A00008D0FFE7BDF80A0041F221014840ADF82A
:1027B0000A00FFE7BDF808004000ADF80800FFE799
:1027C000019801300190D3E7BDF80A0003B07047CB
:1027D00085B0049003914FF0FF30029000200190EB
:1027E000FFE701980399884224D2FFE704980199F2
:1027F000415C02984840029000200090FFE700985A
:10280000072812D8FFE7029A500848F22031CEF686
:10281000B85181EA5201D207002A18BF0846029037
:10282000FFE7009801300090E9E7FFE701980130E9
:102830000190D6E70298C04305B070470000000041
:1028400086B004908DED030A9DED030A9FED251AD5
:10285000B4EE410AF1EE10FA04DCFFE704980068D8
:1028600005903BE09DED030A9FED1F1AB4EE410A6F
:10287000F1EE10FA05DBFFE70498D0F8C4000590EC
:102880002CE09DED030A9FED171A80EE010ABFEEC2
:10289000001A30EE010A8DED020A9DED020ABCEE2F
:1028A000C00A8DED010A9DED020A9DED011AB8EEF8
:1028B000411A30EE410A8DED000A0498019900EBAF
:1028C00081009DED001A90ED000A90ED012A32EE94
:1028D000402AA1EE020A8DED050AFFE79DED050AEB
:1028E00006B0704700401C460024F4480000000079
:1028F00080B582B08DF807009DF80700B0FA80F02F
:10290000420940F60000C5F60200402106F0ECFF47
:1029100002B080BD0000000080B582B042F6AD017B
:10292000C2F202410020087042F60C41C2F202419C
:1029300000910968486242F6F000C2F2024044F297
:10294000BC11C2F200414FF4805202F0C5FF0146B3
:1029500000988DF807100CF003FBFFE742F6AD007E
:10296000C2F20240007808B9FFE7F7E742F60C40F0
:10297000C2F202400CF070FB42F6F000C2F20240DC
:1029800003F09AF842F6AD01C2F20241002008704D
:1029900002B080BD000000004EF2C831C2F200411A
:1029A000002008707047000080B582B04EF2C83039
:1029B000C2F2004000780146019148B1FFE701985A
:1029C000012806D1FFE7FFF7E7FF00F0C1F801E0BB
:1029D000FFE7FFE702B080BD80B582B001900198AB
:1029E00000F002F802B080BD80B582B0019001987D
:1029F00008B9FFE73DE0FFF7CFFF019840F218511B
:102A0000C0F60201FDF780FE68B9FFE742F6AC01AF
:102A1000C2F202410120087040F2EC40C0F6020010
:102A2000FDF7AAFD25E0019840F22051C0F6020111
:102A3000FDF76AFE68B9FFE742F6AC01C2F2024157
:102A40000220087040F2FD40C0F60200FDF794FD40
:102A50000FE0019840F21251C0F60201FDF754FE5A
:102A600038B9FFE74EF2C831C2F2004101200870C8
:102A7000FFE702B080BD000080B586B00590ADF8DC
:102A800012100020ADF81000FFE7BDF81000BDF8EF
:102A90001210884259DAFFE70598BDF81010405C23
:102AA0008DF80F009DF80F000A2805D0FFE79DF86C
:102AB0000F000D281BD1FFE748F20C40C2F2014085
:102AC000008898B1FFE748F20C40C2F20140019043
:102AD000028848F2CC30C2F20140002102918154B8
:102AE000FFF77AFF019902980880FFE726E048F295
:102AF0000C40C2F2014000883E2810D8FFE79DF844
:102B00000F0048F20C41C2F201410B8848F2CC326E
:102B1000C2F20142D0540888013008800DE048F22A
:102B20000C41C2F201410020088048F2CC30C2F2D0
:102B300001404021FDF79DFDFFE7FFE7FFE7BDF8FE
:102B400010000130ADF810009FE706B080BD000016
:102B500070B59AB042F6D000C2F202400088B0F5DB
:102B6000805F06D0FFE701F093FB08B1FFE785E047
:102B7000FFE7FFF7D1FE08B1FFE77FE069464FF4BA
:102B800080500790486046F2CC30C2F20140049079
:102B9000086042F6D000C2F20240039044F2BC1139
:102BA000C2F2004146F2BC12C2F2004206924EF25C
:102BB000CC33C2F2004305930FF082FE0399049ACE
:102BC000059BEC464FF40050CCF800000AA80FF02B
:102BD0006FFD0698079A0A9BDDF82CC0DDF830E0FF
:102BE0000D9C0E9D0F9E40F66401C2F202410891B9
:102BF0004E610D61CC60C1F808E0C1F804C00B6003
:102C0000109BDDF844C0DDF848E0139C149D159E30
:102C1000CE628D624C62C1F820E0C1F81CC08B61AD
:102C2000169BDDF85CC0DDF860E0199CCC63C1F850
:102C300038E0C1F834C00B630FF0CEFD0020ADF8D2
:102C40002600FFE7BDF826100020B0EB113F15D19C
:102C5000FFE7BDF8261044F2BC10C2F2004030F885
:102C6000111040F24B30C0F60200FDF785FCFFE783
:102C7000BDF826000130ADF82600E3E71AB070BDBC
:102C800080B582B042F6EC40C2F2024048F20E41FA
:102C9000C2F2014180220CF077FC8DF807009DF80C
:102CA0000700002840F0F880FFE742F6EC40C2F24F
:102CB0000240D0F8800000681021C4F2020188426E
:102CC00000F0D180FFE742F6EC40C2F20240D0F8BB
:102CD000800000682821C4F20201884200F0C3800D
:102CE000FFE742F6EC40C2F20240D0F880000068F4
:102CF0004021C4F20201884200F0B580FFE742F6AD
:102D0000EC40C2F20240D0F8800000685821C4F2C2
:102D10000201884200F0A780FFE742F6EC40C2F2D1
:102D20000240D0F8800000687021C4F2020188429D
:102D300000F09980FFE742F6EC40C2F20240D0F882
:102D4000800000688821C4F20201884200F08B8074
:102D5000FFE742F6EC40C2F20240D0F88000006883
:102D6000A021C4F2020188427DD0FFE742F6EC4088
:102D7000C2F20240D0F880000068B821C4F202011B
:102D8000884270D0FFE742F6EC40C2F20240D0F831
:102D90008000006840F21041C4F20201884262D013
:102DA000FFE742F6EC40C2F20240D0F88000006833
:102DB00040F22841C4F20201884254D0FFE742F6B3
:102DC000EC40C2F20240D0F88000006840F240417E
:102DD000C4F20201884246D0FFE742F6EC40C2F25C
:102DE0000240D0F88000006840F25841C4F202016D
:102DF000884238D0FFE742F6EC40C2F20240D0F8F9
:102E00008000006840F27041C4F2020188422AD07A
:102E1000FFE742F6EC40C2F20240D0F880000068C2
:102E200040F28841C4F2020188421CD0FFE742F61A
:102E3000EC40C2F20240D0F88000006840F2A041AD
:102E4000C4F2020188420ED0FFE742F6EC40C2F223
:102E50000240D0F88000006840F2B841C4F202019C
:102E600088420CD1FFE742F6EC40C2F20240D0F8B3
:102E700080000168086820F0080008600BE042F656
:102E8000EC40C2F20240D0F880000168086820F0EF
:102E900004000860FFE7FFE79DF8070002B080BD6F
:102EA00081B042F6AC01C2F2024108788DF803000D
:102EB000002008709DF8030001B07047000000007A
:102EC00080B542F6BC20C2F2024004F0C1F880BDD9
:102ED00080B542F65410C2F2024004F0B9F880BD49
:102EE00080B542F64420C2F2024004F0B1F880BD41
:102EF00080B542F6CC10C2F2024004F0A9F880BDC1
:102F000083B002900298016801201022C4F20202EC
:102F10009142009000F0A380FFE702980168012031
:102F20002822C4F202029142009000F09880FFE74C
:102F30000298016801204022C4F2020291420090EE
:102F400000F08D80FFE70298016801205822C4F24A
:102F500002029142009000F08280FFE7029801682F
:102F600001207022C4F202029142009077D0FFE764
:102F70000298016801208822C4F202029142009066
:102F80006DD0FFE7029801680120A022C4F202027E
:102F90009142009063D0FFE7029801680120B822B7
:102FA000C4F202029142009059D0FFE702980168F2
:102FB000012040F21042C4F20202914200904ED031
:102FC000FFE702980168012040F22842C4F20202A1
:102FD0009142009043D0FFE702980168012040F23F
:102FE0004042C4F202029142009038D0FFE70298BA
:102FF0000168012040F25842C4F20202914200905E
:103000002DD0FFE702980168012040F27042C4F21F
:1030100002029142009022D0FFE70298016801204D
:1030200040F28842C4F202029142009017D0FFE7BA
:1030300002980168012040F2A042C4F202029142CB
:1030400000900CD0FFE7029800684FF64831CBF6AD
:10305000FD710844B0FA80F040090090FFE7009845
:10306000C00740B3FFE70298007810384AF6AB215A
:10307000CAF6AA21A0FB011000090190019800F0F6
:1030800007014AF2F030C0F60100405C0299C865C1
:103090000198042807D3FFE702990868042262F325
:1030A0000900886506E00299086840F2FF32904303
:1030B0008865FFE705E00299086820F0FF00886551
:1030C000FFE70298806D03B0704700000000000029
:1030D00084B0039003980068019003980168012070
:1030E00045F20842C5F60202914200904ED0FFE739
:1030F00003980168012045F21C42C5F60202914284
:10310000009043D0FFE703980168012045F2304268
:10311000C5F602029142009038D0FFE7039801689B
:10312000012045F24442C5F60202914200902DD0A2
:10313000FFE703980168012045F25842C5F60202F4
:103140009142009022D0FFE703980168012045F2E8
:103150006C42C5F602029142009017D0FFE7039837
:103160000168012045F28042C5F6020291420090BA
:103170000CD0FFE7039800684AF66C31CAF2FD7183
:103180000844B0FA80F040090090FFE70098C007BB
:1031900010B3FFE70398007808384CF6CD41CCF621
:1031A000CC41A0FB011000090290029945F60000F5
:1031B000C5F6020000EB810003990866039945F605
:1031C0008000C5F602004866029800F01F01012049
:1031D00088400399886635E00398007810384AF6ED
:1031E000AB21CAF6AA21A0FB0110000902900198A8
:1031F00040F2B841C4F2020188420CD8FFE70198BE
:1032000040F21041C4F20201884204D3FFE7029861
:1032100008300290FFE7029940F60000C4F2020075
:1032200000EB810003990866039940F68000C4F220
:1032300002004866029800F01F01012088400399AF
:103240008866FFE704B0704783B002900298007967
:1032500001900198002800F08A80FFE70198082873
:1032600000F28580FFE702980168012045F20842DC
:10327000C5F60202914200904ED0FFE70298016825
:10328000012045F21C42C5F602029142009043D053
:10329000FFE702980168012045F23042C5F60202BC
:1032A0009142009038D0FFE702980168012045F272
:1032B0004442C5F60202914200902DD0FFE70298E9
:1032C0000168012045F25842C5F602029142009081
:1032D00022D0FFE702980168012045F26C42C5F652
:1032E00002029142009017D0FFE702980168012086
:1032F00045F28042C5F60202914200900CD0FFE7F1
:10330000029800684AF66C31CAF2FD710844B0FABE
:1033100080F040090090FFE70098C00780B1FFE708
:10332000019945F6FC00C5F6020000EB8100029908
:10333000C866029945F64010C5F6020008670FE01E
:10334000019940F6FC00C4F2020000EB81000299F2
:10335000C866029940F64010C4F202000867FFE711
:103360000198411E0120884002994867FFE703B099
:10337000704700000000000085B0049000208DF828
:103380000F000498806918BBFFE70498806A0290D8
:1033900003281BD80299DFE801F0020D02180498F7
:1033A00090F82F00C00720B1FFE701208DF80F0033
:1033B000FFE70CE00498C06AB0F1C07F04D1FFE7DA
:1033C00001208DF80F00FFE701E000E0FFE747E094
:1033D00004988069B0F5005F26D1FFE70498806A01
:1033E000019003281ED80199DFE801F002060211BE
:1033F00001208DF80F0016E0049890F82F00C00708
:1034000020B1FFE701208DF80F00FFE70BE00498E3
:10341000C06AB0F1C07F04D1FFE701208DF80F0032
:10342000FFE700E0FFE71AE00498806A00900328B5
:1034300004D3FFE70098032804D00EE001208DF8A4
:103440000F000BE0049890F82F00C00720B1FFE7B1
:1034500001208DF80F00FFE700E0FFE7FFE7FFE73F
:103460009DF80F0005B0704789B00890079106924B
:1034700005930898806D04900898806D03900898D3
:10348000016801201022C4F202029142029000F071
:103490000381FFE70898016801202822C4F2020294
:1034A0009142029000F0F880FFE70898016801203F
:1034B0004022C4F202029142029000F0ED80FFE748
:1034C0000898016801205822C4F202029142029039
:1034D00000F0E280FFE70898016801207022C4F242
:1034E00002029142029000F0D780FFE7089801683D
:1034F00001208822C4F202029142029000F0CC80A6
:10350000FFE7089801680120A022C4F2020291425C
:10351000029000F0C180FFE7089801680120B822FE
:10352000C4F202029142029000F0B680FFE70898D0
:103530000168012040F21042C4F20202914202905E
:1035400000F0AA80FFE708980168012040F22842B5
:10355000C4F202029142029000F09E80FFE70898B8
:103560000168012040F24042C4F2020291420290FE
:1035700000F09280FFE708980168012040F258426D
:10358000C4F202029142029000F08680FFE70898A0
:103590000168012040F27042C4F20202914202909E
:1035A0007AD0FFE708980168012040F28842C4F20F
:1035B0000202914202906FD0FFE708980168012053
:1035C00040F2A042C4F202029142029064D0FFE7AE
:1035D00008980168012040F2B842C4F20202914208
:1035E000029059D0FFE708980168012045F208428F
:1035F000C5F60202914202904ED0FFE7089801689A
:10360000012045F21C42C5F602029142029043D0CD
:10361000FFE708980168012045F23042C5F6020232
:103620009142029038D0FFE708980168012045F2E6
:103630004442C5F60202914202902DD0FFE708985D
:103640000168012045F25842C5F6020291420290FB
:1036500022D0FFE708980168012045F26C42C5F6C8
:1036600002029142029017D0FFE7089801680120FA
:1036700045F28042C5F60202914202900CD0FFE76B
:10368000089800684AF66C31CAF2FD710844B0FA35
:1036900080F040090290FFE70298C00770B1FFE791
:1036A0000898416E806E48600898C06E28B1FFE7A8
:1036B0000898016F406F4860FFE7FFE708980168CE
:1036C00001201022C4F202029142019000F0A38076
:1036D000FFE70898016801202822C4F20202914203
:1036E000019000F09880FFE70898016801204022CF
:1036F000C4F202029142019000F08D80FFE7089829
:10370000016801205822C4F202029142019000F0A7
:103710008280FFE70898016801207022C4F202024B
:103720009142019077D0FFE7089801680120882234
:10373000C4F20202914201906DD0FFE7089801683F
:103740000120A022C4F202029142019063D0FFE75F
:10375000089801680120B822C4F202029142019047
:1037600059D0FFE708980168012040F21042C4F2E6
:103770000202914201904ED0FFE7089801680120B3
:1037800040F22842C4F202029142019043D0FFE786
:1037900008980168012040F24042C4F202029142BE
:1037A000019038D0FFE708980168012040F25842A4
:1037B000C4F20202914201902DD0FFE708980168FF
:1037C000012040F27042C4F202029142019022D0E4
:1037D000FFE708980168012040F28842C4F2020223
:1037E0009142019017D0FFE708980168012040F24C
:1037F000A042C4F20202914201900CD0FFE7089867
:1038000000684FF64831CBF6FD710844B0FA80F0FD
:1038100040090190FFE70198C00750B3FFE70898FF
:10382000C06D00F01F013F2088400499886008980F
:103830000168086820F480200860059808990968E4
:10384000486008988068402809D1FFE706980899E1
:1038500009688860079808990968C86008E00798AF
:10386000089909688860069808990968C860FFE7A0
:1038700082E008980168012045F20842C5F602027C
:10388000914200904ED0FFE708980168012045F270
:103890001C42C5F602029142009043D0FFE708980F
:1038A0000168012045F23042C5F6020291420090C3
:1038B00038D0FFE708980168012045F24442C5F678
:1038C0000202914200902DD0FFE708980168012084
:1038D00045F25842C5F602029142009022D0FFE71D
:1038E00008980168012045F26C42C5F60202914237
:1038F000009017D0FFE708980168012045F2804248
:10390000C5F60202914200900CD0FFE708980068CB
:103910004AF66C31CAF2FD710844B0FA80F04009F1
:103920000090FFE70098C00720B3FFE70898C06D3C
:1039300000F01F010120884003994860059808990C
:103940000968486008988068402809D1FFE7069810
:10395000089909688860079808990968C86008E0AC
:103960000798089909688860069808990968C860E6
:10397000FFE700E0FFE7FFE709B070470000000045
:10398000704700000000000010B5ADF51A7D999059
:103990004CF22700C4F2EA3018901520179040F23C
:1039A00029401690002014901390129011900E90C0
:1039B00017981590FFE715981699884217D8FFE7D2
:1039C000159940F6A400C2F2024000EB810090ED90
:1039D000001A9DED120A30EE010A8DED120A1198BF
:1039E00001301190FFE7159801301590E3E7119829
:1039F00098B1FFE79DED120AB1EE001A20EE010A20
:103A00009DED111AB8EE411A9FEDDB2A21EE021A44
:103A100080EE010A8DED030A04E09FEDD80A8DEDDA
:103A2000030AFFE79DED030A8DED100A9DED100AD4
:103A3000B1EE081A20EE010A9FEDD11A80FE010AAC
:103A40008DED0F0A179818B9FFE701201790FFE7CF
:103A5000169840F2FF71884204D3FFE740F2FE70EF
:103A60001690FFE717981590FFE71598169988426A
:103A700000F21481FFE7159940F6A400C2F202405B
:103A800000EB810090ED000A10ED011AB4EE410A3E
:103A9000F1EE10FA11DDFFE7159940F6A400C2F22D
:103AA000024000EB810090ED000A90ED011AB4EEA7
:103AB000410AF1EE10FA01DAFFE7EBE0159940F662
:103AC000A400C2F2024000EB810151F8041C0D91E8
:103AD000159950F821100C91159900EB8100406860
:103AE0000B909DED0D0A9DED0C1AB8EE002AA1EE8B
:103AF000020A9DED0B1A30EE010A8DED070A9DEDCD
:103B0000070AB0EEC00A9FEDB81AB4EE410AF1EE12
:103B100010FA11DDFFE79DED0D0A9DED0B1A30EE59
:103B2000410AB6EE001A20EE010A9DED071A80EE5A
:103B3000010A8DED020A04E09FEDA70A8DED020A4D
:103B4000FFE79DED020A8DED0A0A9DED0A0ABEEE21
:103B5000001AB4EE410AF1EE10FA04DAFFE74FF072
:103B60003F400A90FFE79DED0A0AB6EE001AB4EE58
:103B7000410AF1EE10FA04DDFFE74FF07C500A90A5
:103B8000FFE79DED0C0A9DED0D2A9DED0B1A31EE20
:103B9000421AB5EE002A21EE021A9DED0A2AA1EE84
:103BA000020AB1EE001A20EE010A9FED901A20EEF3
:103BB000010A8DED090A139808900898202803D36C
:103BC000FFE71F200890FFE7FFE70899002001901A
:103BD00089B1FFE7089919A800EB011010ED030A5D
:103BE0009DED091A0020B4EE410AF1EE10FAB8BFBB
:103BF00001200190FFE70198C007E0B1FFE70898B6
:103C00001F2814D8FFE708980DF1640E0EEB001181
:103C1000040151F810CC51F80C0C51F8082C51F853
:103C2000043C4EF804C0CB608A604860FFE7089807
:103C300001380890C9E708981F282AD8FFE79DEDAA
:103C4000150AB8EE400A9DED0A1A30EE010A9FED02
:103C5000681A20EE010A089819A901EB001080EDFE
:103C6000000A0998089A01EB02125060089801EBCB
:103C70000012012010721598089A01EB0211C86019
:103C800013981F2804D8FFE7139801301390FFE71B
:103C9000FFE7FFE7159801301590E6E6139818B195
:103CA000FFE71A980E90FFE79DED0F0A9DED0E1AA3
:103CB0009FED4A2A21EE021A9FED492A21EE021AAF
:103CC00080FE010A8DED0F0A00201590FFE715997F
:103CD000139A00209142009007D2FFE71499002028
:103CE000032938BF01200090FFE70098C007002893
:103CF00069D0FFE701208DF81B00159919A800EB8A
:103D0000011090ED010A9DED0F1AB4EE410AF1EE9B
:103D100010FA01DAFFE756E000200590FFE705986A
:103D2000149988422ED2FFE7159919A800EB0110CB
:103D300090ED000A9998059901EB410100EB810093
:103D400090ED001A30EE410AB0EEC00A8DED040A83
:103D50009DED040A9FED231AB4EE410AF1EE10FA2C
:103D600004DAFFE700208DF81B000BE0FFE7059861
:103D700001300590D3E700BF00008045000000003F
:103D80004B70583F9DF81B00C0B1FFE7999B1498FA
:103D9000411C149100EB400C03EB8C01DDF854E066
:103DA00019A800EB0E124FEA0E1E50F80E0043F851
:103DB0002C00506892688A604860FFE7FFE715981A
:103DC0000130159083E79998149910F039FA1498F6
:103DD0000DF51A7D10BD00BF000000000AD7A33CFE
:103DE000CDCC4C3F27C06A4508E53C1E0000803919
:103DF00027C0EA430000000072B6FFE7FEE70000BC
:103E000088B00790069107980068059000200490FC
:103E1000FFE7049802287AD8FFE70020029001907B
:103E20000390FFE70398069988425AD2FFE7079864
:103E3000039901EB410100EB810090ED000A9DED3B
:103E4000051A80EE010AB6EE001A30EE010ABBFE3A
:103E5000400ABCEEC00A8DED000A009818B9FFE7D1
:103E600001200090FFE70098332803D3FFE73220BA
:103E70000090FFE700980799039A02EB420201EBDA
:103E8000820108729DED000AB8EE400A0798039976
:103E900001EB410100EB810090ED001A90ED012A49
:103EA00020EE011A9DED020AA1EE020A8DED020A32
:103EB0000098404300EE100AB8EE401A07980399A4
:103EC00001EB410100EB810090ED012A9DED010A1B
:103ED000A1EE020A8DED010AFFE70398013003907D
:103EE000A0E79DED010AB5EE400AF1EE10FA09DDFA
:103EF000FFE79DED020A9DED011A80EE010A8DEDAE
:103F0000050AFFE7FFE704980130049081E79DED83
:103F1000050A08B07047000044F60C01C5F602011E
:103F2000086840F002000860FFE744F60400C5F6A8
:103F3000020000688004002801D4FFE7F5E770471D
:103F400040F66000C2F202400078704700000000B6
:103F500040F22000C2F2004018307047000000001C
:103F60004AF2AC30C2F2004070470000000000008E
:103F700080B58AB0002002900890079006900590C6
:103F800004904AF2A831C2F2004108704AF2AC3102
:103F9000C2F20041886148610861C8608860486079
:103FA000086040F66001C2F20241087048F64E0116
:103FB000C2F20141087048F64F01C2F20141087097
:103FC000FFE744F2E040C5F60200016841F0080155
:103FD0000160006800F0080003900398FFE74020AC
:103FE00004900120059006900220079040F6000002
:103FF000C5F6020004A905F087FA0020FEF778FC58
:104000000FF082FA20B1FFE701208DF8270018E0B9
:104010004AF2A931C2F2004100200190087005F077
:1040200083FC0146019842F6A802C2F202421160E6
:104030004AF2A832C2F20042012111708DF8270025
:10404000FFE79DF827000AB080BD000000000000D7
:1040500040F66001C2F20241002008704AF2A93124
:10406000C2F200410120087070470000000000000B
:1040700080B54AF2A830C2F20040007890B1FFE764
:104080004AF2A930C2F20040007803280AD1FFE7C3
:104090000020FEF72DFC48F64E01C2F2014101203E
:1040A0000870FFE780BD000080B54AF2A830C2F278
:1040B0000040007850B1FFE70020FEF719FC48F6F9
:1040C0004F01C2F2014101200870FFE780BD0000EE
:1040D00080B582B04AF2A830C2F20040007808B938
:1040E000FFE7D0E04AF2A930C2F200400078014672
:1040F0000191042800F2C6800199DFE801F0033144
:104100004C7FC20005F010FC42F6A801C2F2024149
:104110000968401A782822D3FFE70FF0A5F8A8B164
:10412000FFE74AF2AC30C2F20040007870B1FFE71E
:104130004AF2AC30C2F20040407838B1FFE74AF2B0
:10414000A931C2F200410120087007E005F0ECFB44
:1041500042F6A801C2F202410860FFE7FFE792E0E1
:104160000FF062FB70B9FFE74AF2A931C2F20041D9
:104170000220087005F0D8FB42F6A801C2F2024105
:10418000086007E04AF2AC31C2F2004148690130F0
:104190004861FFE777E005F0C7FB42F6A801C2F2ED
:1041A00002410968401A032827D3FFE705F0BCFB4A
:1041B00042F6A801C2F2024108600FF055F8D8B1EA
:1041C000FFE74AF2AC30C2F20040C078A0B1FFE78E
:1041D00010F09EF838B9FFE74AF2A931C2F2004167
:1041E0000320087007E04AF2AC31C2F2004188694E
:1041F00001308861FFE7FFE7FFE744E048F64F0042
:10420000C2F201400078A0B1FFE748F64F01C2F2C8
:104210000141002008704AF2AC31C2F200418869C5
:10422000013088614AF2A931C2F2004101200870D0
:1042300026E048F64E00C2F201400078F8B1FFE7F0
:1042400048F64E01C2F201410020087012F0E0FB76
:1042500068B1FFE740F66001C2F202410120087038
:104260004AF2A931C2F200410420087006E04AF285
:10427000A931C2F2004101200870FFE7FFE7FFE724
:1042800001E0FFE7FFE702B080BD00000000000092
:1042900080B582B042F6E000C2F202404FF40071F5
:1042A00012F0EEFE8DF806009DF9060028B1FFE73A
:1042B0009DF806008DF8070030E042F6B000C2F22B
:1042C00002404FF4806112F0DBFE8DF806009DF98C
:1042D000060028B1FFE79DF806008DF807001DE0F5
:1042E00042F6C000C2F202404FF4006112F0C8FE74
:1042F0008DF806009DF9060028B1FFE79DF806003D
:104300008DF807000AE042F6D000C2F202404FF4F6
:10431000805112F0B5FE8DF80700FFE79DF9070008
:1043200002B080BD0000000081B0009001B0704775
:1043300081B0009001B0704781B0009001B070472B
:1043400081B0009001B0704781B0009001B070471B
:1043500080B5A6B02490239100208DF88B0023987F
:10436000006808B1FFE7FFE7FFE7249890F85000E6
:10437000012804D1FFE702208DF897002DE1249950
:10438000012081F85000FFE7FFE700201D901E90FC
:104390002498006842F20001C4F20201884206D16A
:1043A000FFE742F20010C4F20200089002E0002091
:1043B0000890FFE7089878B9FFE72499486D40F026
:1043C00020004865FFE72499002081F85000FFE7AE
:1043D00001208DF8970000E108980DF0F5FD079099
:1043E000249800680DF0F0FD002840F0E280FFE71F
:1043F0000798002840F0DD80FFE72498016801203D
:1044000042F20002C4F20202914206900CD0FFE791
:10441000249800684DF60071CBF6FD710844B0FA9F
:1044200080F040090690FFE70698C10746F2003089
:10443000C5F6020000291CBF42F20030C4F202009F
:1044400021902398006800285ED0FFE721988068BB
:1044500020F44040239949680843219988602498B2
:104460000168012042F20002C4F20202914205906A
:104470000CD0FFE7249800684DF60071CBF6FD7173
:104480000844B0FA80F040090590FFE70598C1079D
:1044900046F20030C5F6020000291CBF42F200308F
:1044A000C4F2020042F20031C4F20201884212D189
:1044B000FFE742F20000C4F202000DF06DFD039030
:1044C00042F20010C4F202000DF066FD01460398AE
:1044D0000843049007E046F20000C5F602000DF024
:1044E0005BFD0490FFE7049868B9FFE721988068B6
:1044F00040F61F718843239A11689268114308435C
:1045000021998860FFE753E02199886820F44040B2
:10451000886024980168012042F20002C4F202027D
:10452000914202900CD0FFE7249800684DF600718C
:10453000CBF6FD710844B0FA80F040090290FFE725
:104540000298C10746F20030C5F6020000291CBFE0
:1045500042F20030C4F2020042F20031C4F2020121
:10456000884212D1FFE742F20000C4F202000DF0CF
:1045700013FD009042F20010C4F202000DF00CFD99
:10458000014600980843019007E046F20000C5F696
:1045900002000DF001FD0190FFE7019838B9FFE737
:1045A0002199886840F61F7290438860FFE7FFE713
:1045B00008E02499486D40F02000486501208DF8FE
:1045C0008B00FFE7FFE72499002081F85000FFE708
:1045D0009DF88B008DF89700FFE79DF8970026B0B7
:1045E00080BD00000000000080B5AAB02690259193
:1045F00000208DF893002190269890F8380001282B
:1046000001D1FFE700E0FFE72698006846F20001CD
:10461000C5F60201884201D1FFE7FFE72598C0688F
:104620000021C4F2FF71884201D0FFE71EE0269806
:10463000006842F20001C4F20201884201D1FFE7A2
:10464000FFE72698006842F20011C4F20201884296
:1046500001D1FFE7FFE72698006846F20001C5F6A2
:104660000201884201D1FFE7FFE7FFE7FFE7269855
:1046700090F85000012804D1FFE702208DF89F0038
:10468000F1E32699012081F85000FFE7FFE7269823
:1046900000680DF091FC002840F0D183FFE72598D9
:1046A000C078000600282DD4FFE725980068000395
:1046B00030B9FFE725980068C0F384601E9015E0CC
:1046C0002598006890FAA0F02890289820B9FFE774
:1046D00020208DF8A70005E02898B0FA80F08DF82A
:1046E000A700FFE79DF8A7001E90FFE71E9800F0C7
:1046F0001F01012000FA01F226980168C8691043E1
:10470000C861FFE72698006825990A6849680DF096
:104710007FFC269800680DF04FFC209026980068DA
:104720000DF0FEFB1F902098002840F0B580FFE7B9
:104730001F98002840F0B080FFE726980068259A6F
:10474000116892680DF0D4FC41F20000C5F60040FB
:10475000006800F07040B0F1805F0BD1FFE7259852
:10476000406926990968C96801F01C014908884018
:104770001D901FE026980068C068C00600280BD472
:10478000FFE72598406926990968C96801F01C016E
:10479000490888401C900AE02598406926990968D4
:1047A000C96801F01001490888401C90FFE71C9877
:1047B0001D90FFE71D98239025980069042821D0BB
:1047C000FFE72698006825990A680969239B0DF080
:1047D000FBFC26980068259A1169527E013AB2FACC
:1047E00082F25209D2070DF00BFD26980068259A37
:1047F0001169127E013AB2FA82F25209D2020DF028
:10480000CFFC48E026980068006E00F0F84025993B
:104810000968B0EB816F07D1FFE726980168086E41
:1048200020F000400866FFE726980068406E00F020
:10483000F84025990968B0EB816F07D1FFE726980A
:104840000168486E20F000404866FFE7269800683F
:10485000806E00F0F84025990968B0EB816F07D1B0
:10486000FFE726980168886E20F000408866FFE721
:1048700026980068C06E00F0F84025990968B0EBF2
:10488000816F07D1FFE726980168C86E20F00040CD
:10489000C866FFE7FFE7FFE7269800680DF074FBA6
:1048A000002840F0CB82FFE726980068259A11681F
:1048B000D2680DF039FC2598C0680021C4F2FF7160
:1048C000884240F05781FFE7269800681B9042F22B
:1048D0000001C4F20201884240F0A480FFE725985D
:1048E00000680221C0F23041884203D1FFE7012075
:1048F0001A9094E0259800680421C0F6600188426F
:1049000005D1FFE74020C1F62010199084E02598DA
:1049100000680821C0F69041884205D1FFE7802059
:10492000C1F65050189074E0259800681021C1F22B
:10493000C001884206D1FFE740F20010C2F28010A9
:10494000179063E0259800682021C1F2F041884269
:1049500006D1FFE740F20020C2F2B050169052E0BC
:104960002598006840F20041C2F60021884206D135
:10497000FFE740F60000C2F63060159040E0259851
:10498000006840F60001C2F63061884206D1FFE7B8
:1049900041F20000C3F2602014902EE025980068D8
:1049A00041F20001C3F26021884206D1FFE742F2E2
:1049B0000000C3F2906013901CE02598006800216D
:1049C000C4F22131884205D1FFE70020C4F25270C1
:1049D00012900CE0259801680022C4F68432002071
:1049E000914204BF0020C4F6B8701290FFE71298FD
:1049F0001390FFE713981490FFE714981590FFE7C2
:104A000015981690FFE716981790FFE717981890DB
:104A1000FFE718981990FFE719981A90FFE71A987E
:104A20001190A2E02698006842F20011C4F202013F
:104A3000884240F09480FFE7259800680221C0F288
:104A40003041884203D1FFE70120109084E025988F
:104A500000680421C0F66001884205D1FFE74020CC
:104A6000C1F620100F9074E0259800680821C0F668
:104A70009041884205D1FFE78020C1F650500E904A
:104A800064E0259800681021C1F2C001884206D177
:104A9000FFE740F20010C2F280100D9053E025981D
:104AA00000682021C1F2F041884206D1FFE740F2C0
:104AB0000020C2F2B0500C9042E02598006840F20D
:104AC0000041C2F60021884206D1FFE740F600000F
:104AD000C2F630600B9030E02598006840F6000187
:104AE000C2F63061884206D1FFE741F20000C3F20E
:104AF00060200A901EE02598006841F20001C3F290
:104B00006021884206D1FFE742F20000C3F29060C4
:104B100009900CE0259801680022C4F68432002038
:104B2000914204BF0020C4F6B8700990FFE70998CD
:104B30000A90FFE70A980B90FFE70B980C90FFE7AD
:104B40000C980D90FFE70D980E90FFE70E980F90D0
:104B5000FFE70F981090FFE71098089002E0002000
:104B60000890FFE708981190FFE71B9811990DF046
:104B70008FFAFFE72598C0780006002840F15D8194
:104B8000FFE726980168012042F20002C4F2020207
:104B9000914207900CD0FFE7269800684DF600710F
:104BA000CBF6FD710844B0FA80F040090790FFE7AA
:104BB0000798C10746F20030C5F6020000291CBF65
:104BC00042F20030C4F202000DF092F922902698D1
:104BD00001684FF0010042F20002C4F20202914269
:104BE00006900CD0FFE7269800684DF60071CBF6D2
:104BF000FD710844B0FA80F040090690FFE706987E
:104C0000C10746F20030C5F6020000291CBF42F27F
:104C10000030C4F2020042F20031C4F202018842C4
:104C200012D1FFE742F20000C4F202000DF0ACF92D
:104C3000049042F20010C4F202000DF0A5F9014602
:104C400004980843059007E046F20000C5F602000C
:104C50000DF09AF90590FFE70598002840F0E380F1
:104C6000FFE7259800680021CCF68431884255D1B1
:104C7000FFE79DF88A00000600284FD4FFE726983A
:104C8000006846F20001C5F60201884245D1FFE7FF
:104C900026980168012042F20002C4F20202914209
:104CA00003900CD0FFE7269800684DF60071CBF614
:104CB000FD710844B0FA80F040090390FFE70398C3
:104CC000C10746F20030C5F6020000291CBF42F2BF
:104CD0000030C4F20200229941F400010DF050FAB4
:104CE00040F21000C2F2004000684FEA901042F615
:104CF0006351C0F23E51A0FB01104FEA90114FF0FA
:104D0000020000EB41002190FFE7219820B1FFE76E
:104D1000219801382190F8E7FFE783E025980068A3
:104D20000021CCF25271884238D1FFE79DF88B0008
:104D3000C00798BBFFE72698006846F20001C5F659
:104D40000201884229D1FFE726980168012042F23A
:104D50000002C4F20202914202900CD0FFE72698B2
:104D600000684DF60071CBF6FD710844B0FA80F092
:104D700040090290FFE70298C10746F20030C5F6ED
:104D8000020000291CBF42F20030C4F20200229946
:104D900041F080710DF0F4F9FFE742E025980068DA
:104DA0000021CCF6B871884239D1FFE79DF88A001E
:104DB0004006002833D4FFE72698006846F2000139
:104DC000C5F60201884229D1FFE726980168012033
:104DD00042F20002C4F20202914201900CD0FFE7BD
:104DE000269800684DF60071CBF6FD710844B0FAC4
:104DF00080F040090190FFE70198C10746F20030BA
:104E0000C5F6020000291CBF42F20030C4F20200C5
:104E1000229941F480010DF0B3F9FFE700E0FFE7CC
:104E2000FFE7FFE708E02699486D40F0200048655D
:104E300001208DF89300FFE7FFE7FFE708E02699E0
:104E4000486D40F02000486501208DF89300FFE791
:104E5000FFE72699002081F85000FFE79DF89300B6
:104E60008DF89F00FFE79DF89F002AB080BD0000ED
:104E700081B00090009842F6F001C2F202418842EF
:104E800007D1FFE742F6AD01C2F2024101200870EE
:104E9000FFE701B07047000081B0009001B070479B
:104EA00081B0009001B0704780B590B00F900020A5
:104EB0000E900F98006800680D900F980068406889
:104EC0000C900F980168012042F20002C4F2020225
:104ED000914206900CD0FFE70F9800684DF60071E4
:104EE000CBF6FD710844B0FA80F040090690FFE768
:104EF0000698C10746F20030C5F6020000291CBF23
:104F000042F20030C4F202000DF002F807909DF862
:104F100034004FEA807000281AD5FFE79DF8300072
:104F20008007002814D5FFE70F98406DC0060028C1
:104F300006D4FFE70F99486D40F400604865FFE72D
:104F40000F98FFF7F1F90F98016802200860FFE75A
:104F50009DF834004007002806D5FFE70C9800F0C4
:104F6000040004280ED0FFE79DF834000007002855
:104F700040F19F80FFE79DF830000007002840F1D6
:104F80009880FFE70F98406DC006002806D4FFE721
:104F90000F99486D40F400704865FFE70F9800686E
:104FA0000DF01AF800287CD0FFE70F98006842F255
:104FB0000011C4F20201884206D1FFE742F200006C
:104FC000C4F20200059003E00F9800680590FFE727
:104FD00005980F99096888420BD0FFE7079840B100
:104FE000FFE70798052804D0FFE70798092805D1AF
:104FF000FFE70F980068C068099018E00F980068F4
:1050000042F20011C4F20201884206D1FFE742F2E7
:105010000000C4F20200049003E00F9800680490BE
:10502000FFE7049808900898C0680990FFE709987E
:1050300000F40050B0F5005F32D0FFE70F98006831
:105040000068000700282AD5FFE70F9800680CF0D9
:10505000B3FFC0B9FFE70F980168486820F00C0063
:1050600048600F99486D20F4807048650F98406D36
:10507000C004002806D4FFE70F99486D40F00100F6
:105080004865FFE70AE00F99486D40F01000486559
:105090000F99886D40F001008865FFE7FFE7FFE7A3
:1050A000FFE70F98FFF7E4FE0F9801680C200860F7
:1050B000FFE79DF834008006002806D5FFE70C982E
:1050C00000F0200020280ED0FFE79DF834004006B5
:1050D000002840F1B680FFE79DF830004006002828
:1050E00040F1AF80FFE70F98406DC006002806D45E
:1050F000FFE70F99486D40F400504865FFE70F98AF
:1051000000680CF015FF0B900F9800680CF064FF1E
:105110000A900F98006842F20011C4F2020188421E
:1051200006D1FFE742F20000C4F20200039003E060
:105130000F9800680390FFE703980F990968884269
:105140000BD0FFE7079840B1FFE70798062804D087
:10515000FFE70798072805D1FFE70F980068C068A8
:10516000099018E00F98006842F20011C4F20201A1
:10517000884206D1FFE742F20000C4F2020002902A
:1051800003E00F9800680290FFE7029808900898E3
:10519000C0680990FFE70B9800284AD0FFE79DF808
:1051A0002700800700280AD5FFE70A9800283FD08B
:1051B000FFE79DF825008006002839D4FFE70F9807
:1051C000006800684006002831D5FFE79DF82600FA
:1051D000800600282AD4FFE70F9800680CF0A0FE94
:1051E000C0B9FFE70F980168486820F06000486088
:1051F0000F99486D20F4805048650F98406DC005A8
:10520000002806D4FFE70F99486D40F0010048657B
:10521000FFE70AE00F99486D40F0100048650F99CC
:10522000886D40F001008865FFE7FFE7FFE7FFE7D3
:10523000FFE70F98FFF77CF80F980168602008607F
:10524000FFE79DF834000006002813D5FFE79DF81E
:105250003000000600280DD5FFE70F99486D40F497
:10526000803048650F9800F09FFA0F980168802001
:105270000860FFE79DF83500C00798B1FFE79DF88B
:105280003100C00770B1FFE70F99486D40F400305E
:1052900048650F98FFF754F80F9801684FF4807035
:1052A0000860FFE79DF835008007002814D5FFE768
:1052B0009DF83100800700280ED5FFE70F99486D53
:1052C00040F4802048650F98FFF73EF80F9801687A
:1052D0004FF400700860FFE79DF83400C006002816
:1052E0005DD5FFE79DF83000C006002857D5FFE7E1
:1052F0000F98006B18B9FFE701200E9038E007986F
:1053000058B3FFE70F980168012042F20002C4F28F
:105310000202914201900CD0FFE70F9800684DF611
:105320000071CBF6FD710844B0FA80F0400901909D
:10533000FFE70198C10746F20030C5F602000029D8
:105340001CBF42F20030C4F202000CF0D9FD18B1CB
:10535000FFE701200E90FFE709E00F980068C068A2
:10536000800718B1FFE701200E90FFE7FFE7FFE796
:105370000E9801280ED1FFE70F99486D40F4806028
:1053800048650F99886D40F0020088650F98FFF717
:1053900087FDFFE70F98016810200860FFE79DF880
:1053A00035004007002819D5FFE79DF83100400778
:1053B000002813D5FFE70F99486D40F480404865F9
:1053C0000F99886D40F0080088650F9801684FF4C8
:1053D000806008600F98FEF7AFFFFFE710B080BD58
:1053E00010B58CB00A9000208DF8270006900A981E
:1053F00020B9FFE701208DF82F00D1E10A98C0689D
:1054000038B1FFE70A98007F012801D1FFE7FFE7E5
:10541000FFE70A98406D50B9FFE70A9800F0C8F915
:105420000A99002088650A9981F85000FFE70A98D8
:1054300000680CF099FD28B1FFE70A9800680CF0AD
:105440002BFDFFE70A9800680CF0AEFDE8B9FFE716
:105450000A9800680CF03CFD40F21000C2F20040D7
:105460000068800942F66351C0F23E51A0FB010181
:10547000012000EB91100690FFE7069820B1FFE7AE
:10548000069801380690F8E7FFE70A9800680CF0E4
:105490008BFD70B9FFE70A99486D40F01000486530
:1054A0000A99886D40F00100886501208DF8270079
:1054B000FFE70A9800680CF07FFD07900A98406D9E
:1054C000C006002800F15E81FFE70798002840F041
:1054D0005981FFE70A98406D40F0020020F4807087
:1054E0000A9948650A9800680CF04EFD002870D1B2
:1054F000FFE70A980168012042F20002C4F20202AA
:10550000914203900CD0FFE70A9800684DF60071B5
:10551000CBF6FD710844B0FA80F040090390FFE734
:105520000398C10746F20030C5F6020000291CBFEF
:1055300042F20030C4F2020042F20031C4F2020131
:10554000884212D1FFE742F20000C4F202000CF0E0
:105550001BFD019042F20010C4F202000CF014FD99
:10556000014601980843029007E046F20000C5F6A4
:1055700002000CF009FD0290FFE7029840BBFFE734
:105580000A980168012042F20002C4F2020291422C
:1055900000900CD0FFE70A9800684DF60071CBF63A
:1055A000FD710844B0FA80F040090090FFE70098D0
:1055B000C10746F20030C5F6020000291CBF42F2C6
:1055C0000030C4F202000A9949680CF0C9FDFFE7F7
:1055D000FFE704F0A1F941F20401884213D3FFE789
:1055E0000A98806810280ED1FFE70A994A7D086B57
:1055F00040EA42308A681043097F40EA014040F0A7
:105600000C0008900BE00A994A7D086B40EA423092
:105610008A681043097F40EA01400890FFE70A9832
:10562000007F01280BD1FFE70A98016A0020CFF61E
:10563000FE7000EB4141089808430890FFE70A9884
:10564000406A50B1FFE70A99486A896A00F47870A5
:105650000143089808430890FFE70A980068C0686B
:105660004CF20301CFF6F0710840089908430A99FB
:105670000968C8600A9800680CF09EFC05900A98BA
:1056800000680CF04DFC04900598002859D1FFE704
:105690000498002855D1FFE70A98017DC06A40EAC6
:1056A000813008900A980068C06844F2030188437A
:1056B000089908430A990968C8600A9890F8380060
:1056C000012829D1FFE70A98406A20B1FFE70A982C
:1056D000806A08B9FFE7FFE70A98006800694FF69B
:1056E0001E01CFF6004100EA01020A9B1968DC6B3B
:1056F000D3F840E0D3F844C00020CFF6FF7000EBB1
:10570000044040EA0E0040EA0C009B6C1843104332
:1057100040F00100086106E00A980168086920F07D
:1057200001000861FFE70A980068006920F07040F6
:105730000A9A1168526B104308610A98FCF75CFCE6
:10574000FFE70A98C06801280CD1FFE70A980068B3
:10575000006B20F00F000A9A11689269013A104319
:10576000086306E00A980168086B20F00F000863E0
:10577000FFE70A98406D40F0010020F002000A990E
:10578000486508E00A99486D40F01000486501201E
:105790008DF82700FFE79DF827008DF82F00FFE721
:1057A0009DF82F000CB010BD81B0009001B0704783
:1057B00080B5BCB03B9000203A903990389037903B
:1057C000369006A8C021FAF776FF3B98006842F2AF
:1057D0000001C4F2020188427AD1FFE7002007905D
:1057E0004FF400210691022108910C2209920A919E
:1057F0000B910C91C0210D9120210E910F902F90B3
:1058000006A805F059FC18B1FFE7FEF7F5FAFFE727
:10581000FFE744F2D840C5F60200016841F02001DC
:105820000160006800F0200005900598FFE7FFE7A1
:1058300044F2E040C5F60200016841F00101016058
:10584000006800F0010004900498FFE78020369083
:10585000032037900020029038900020C5F6020007
:1058600036A903F051FE029942F65410C2F20240EA
:1058700003902822C4F20202026009224260816081
:10588000C1604FF4806202614FF4006242614FF4E4
:1058900000528261C1610162416202F0B9FC18B13B
:1058A000FFE7FEF7A9FAFFE7FFE73B9842F654113E
:1058B000C2F20241C1643B988863FFE71220019065
:1058C0000022114604F064F9019804F055F9FFE74D
:1058D0003CB080BD0000000080B588B00690059106
:1058E000049206980168012042F20002C4F202020A
:1058F000914201900CD0FFE7069800684DF60071C8
:10590000CBF6FD710844B0FA80F040090190FFE742
:105910000198C10746F20030C5F6020000291CBFFD
:1059200042F20030C4F202000CF0F2FA0290069843
:1059300000680CF041FB002840F0AF80FFE7FFE774
:10594000069890F85000012804D1FFE702208DF856
:105950001F00ABE00699012081F85000FFE7FFE748
:10596000029848B1FFE70298052805D0FFE70298A2
:10597000092840F08780FFE70698FCF709FE8DF8BC
:105980000F009DF80F00002874D1FFE70698406DC6
:1059900040F4807040F60161884306994865069896
:1059A000006842F20011C4F20201884206D1FFE70A
:1059B00042F20000C4F20200009003E00698006882
:1059C0000090FFE7009806990968884203D0FFE736
:1059D000029830B9FFE70699486D20F480104865B9
:1059E000FFE70698406DC004002806D5FFE706993A
:1059F000886D20F00600886503E006990020886520
:105A0000FFE70698C16C42F2A930C0F60000C863F7
:105A10000698C16C42F2B140C0F6000008640698D6
:105A2000C16C42F28140C0F60000C864069801686B
:105A30001C200860FFE70699002081F85000FFE76E
:105A400006980168486840F01000486006990868A8
:105A5000C96A0CF0CDFA06980168C06C4031059A0D
:105A6000049B03F085F88DF80F00069800680CF091
:105A7000EFFA06E0FFE70699002081F85000FFE703
:105A8000FFE709E001208DF80F00FFE706990020ED
:105A900081F85000FFE7FFE703E002208DF80F00D8
:105AA000FFE79DF80F008DF81F00FFE79DF81F002E
:105AB00008B080BD0000000080B584B00290FFE710
:105AC000029890F85000012804D1FFE702208DF8D9
:105AD0000F005DE00299012081F85000FFE7FFE729
:105AE00002980321FCF794FB8DF807009DF807004E
:105AF000002842D1FFE702980068C06820F0030048
:105B000002990968C8600298C06C90F835000228B4
:105B100011D1FFE70298C06C00F03EF88DF8070045
:105B20009DF8070030B1FFE70299486D40F0400052
:105B30004865FFE7FFE702980168486820F0100019
:105B400048609DF8070030B9FFE70298FCF7BCFCFD
:105B50008DF8070003E00298FCF7B6FCFFE79DF81C
:105B6000070048B9FFE70298406D40F0010020F4BB
:105B7000885002994865FFE7FFE7FFE70299002098
:105B800081F85000FFE79DF807008DF80F00FFE750
:105B90009DF80F0004B080BD80B58AB0089003F076
:105BA000C3FE0490089828B9FFE701208DF827006C
:105BB00000F0AABC089890F8350002280ED0FFE744
:105BC000089980204865FFE70899002081F8340093
:105BD000FFE701208DF8270000F096BC08980068C8
:105BE0001021C4F20201884200F08180FFE708988A
:105BF00000682821C4F20201884278D0FFE70898A3
:105C000000684021C4F20201884270D0FFE7089882
:105C100000685821C4F20201884268D0FFE7089862
:105C200000687021C4F20201884260D0FFE7089842
:105C300000688821C4F20201884258D0FFE7089822
:105C40000068A021C4F20201884250D0FFE7089802
:105C50000068B821C4F20201884248D0FFE70898E2
:105C6000006840F21041C4F2020188423FD0FFE7D1
:105C70000898006840F22841C4F20201884236D0F8
:105C8000FFE70898006840F24041C4F202018842F0
:105C90002DD0FFE70898006840F25841C4F2020195
:105CA000884224D0FFE70898006840F27041C4F2AF
:105CB000020188421BD0FFE70898006840F2884143
:105CC000C4F20201884212D0FFE70898006840F24F
:105CD000A041C4F20201884209D0FFE70898006899
:105CE00040F2B841C4F20201884207D1FFE70898A8
:105CF0000168086820F00100086006E00898016863
:105D0000086820F001000860FFE70898016801209A
:105D10001022C4F202029142039000F0A380FFE738
:105D20000898016801202822C4F2020291420390DF
:105D300000F09880FFE70898016801204022C4F233
:105D400002029142039000F08D80FFE708980168FD
:105D500001205822C4F202029142039000F0828096
:105D6000FFE70898016801207022C4F20202914204
:105D7000039077D0FFE70898016801208822C4F2D9
:105D80000202914203906DD0FFE70898016801205C
:105D9000A022C4F202029142039063D0FFE7089868
:105DA00001680120B822C4F202029142039059D046
:105DB000FFE708980168012040F21042C4F2020295
:105DC000914203904ED0FFE708980168012040F20D
:105DD0002842C4F202029142039043D0FFE70898A0
:105DE0000168012040F24042C4F202029142039055
:105DF00038D0FFE708980168012040F25842C4F209
:105E00000202914203902DD0FFE70898016801201B
:105E100040F27042C4F202029142039022D0FFE7A6
:105E200008980168012040F28842C4F202029142BF
:105E3000039017D0FFE708980168012040F2A042C4
:105E4000C4F20202914203900CD0FFE70898006868
:105E50004FF64831CBF6FD710844B0FA80F04009A6
:105E60000390FFE70398C00780B1FFE70898016837
:105E7000086820F01E00086008980168486920F052
:105E80008000486108980068059009E0089801685A
:105E9000086820F00E000860089800680590FFE789
:105EA0000898016801201022C4F202029142029077
:105EB00000F00381FFE70898016801202822C4F25E
:105EC00002029142029000F0F880FFE70898016812
:105ED00001204022C4F202029142029000F0ED80C3
:105EE000FFE70898016801205822C4F2020291429B
:105EF000029000F0E280FFE708980168012070221C
:105F0000C4F202029142029000F0D780FFE70898A5
:105F1000016801208822C4F202029142029000F03E
:105F2000CC80FFE7089801680120A022C4F2020299
:105F30009142029000F0C180FFE7089801680120BB
:105F4000B822C4F202029142029000F0B680FFE74C
:105F500008980168012040F21042C4F20202914206
:105F6000029000F0AA80FFE708980168012040F243
:105F70002842C4F202029142029000F09E80FFE7A4
:105F800008980168012040F24042C4F202029142A6
:105F9000029000F09280FFE708980168012040F22B
:105FA0005842C4F202029142029000F08680FFE75C
:105FB00008980168012040F27042C4F20202914246
:105FC00002907AD0FFE708980168012040F28842E9
:105FD000C4F20202914202906FD0FFE70898016874
:105FE000012040F2A042C4F202029142029064D029
:105FF000FFE708980168012040F2B842C4F20202AB
:106000009142029059D0FFE708980168012045F2BB
:106010000842C5F60202914202904ED0FFE708986E
:106020000168012045F21C42C5F60202914202902D
:1060300043D0FFE708980168012045F23042C5F6D9
:1060400002029142029038D0FFE7089801680120CF
:1060500045F24442C5F60202914202902DD0FFE77C
:1060600008980168012045F25842C5F602029142A3
:10607000029022D0FFE708980168012045F26C42A7
:10608000C5F602029142029017D0FFE70898016816
:10609000012045F28042C5F60202914202900CD0E6
:1060A000FFE7089800684AF66C31CAF2FD710844AF
:1060B000B0FA80F040090290FFE70298C00738B1BB
:1060C000FFE70898016E086820F480700860FFE719
:1060D000FFE705980068C007C8B1FFE703F024FC9C
:1060E0000499401A062811D3FFE708992020486533
:1060F0000899032081F83500FFE70899002081F80E
:106100003400FFE701208DF82700FDE1E1E7089862
:10611000016801201022C4F202029142019000F0B5
:10612000A380FFE70898016801202822C4F2020238
:106130009142019000F09880FFE7089801680120E3
:106140004022C4F202029142019000F08D80FFE7EC
:106150000898016801205822C4F20202914201907D
:1061600000F08280FFE70898016801207022C4F2E5
:1061700002029142019077D0FFE708980168012060
:106180008822C4F20202914201906DD0FFE7089884
:1061900001680120A022C4F202029142019063D062
:1061A000FFE7089801680120B822C4F20202914278
:1061B000019059D0FFE708980168012040F2104291
:1061C000C4F20202914201904ED0FFE708980168A4
:1061D000012040F22842C4F202029142019043D0D1
:1061E000FFE708980168012040F24042C4F2020231
:1061F0009142019038D0FFE708980168012040F2F1
:106200005842C4F20202914201902DD0FFE7089853
:106210000168012040F27042C4F2020291420190F2
:1062200022D0FFE708980168012040F28842C4F2BA
:1062300002029142019017D0FFE7089801680120FF
:1062400040F2A042C4F20202914201900CD0FFE75A
:10625000089800684FF64831CBF6FD710844B0FA53
:1062600080F040090190FFE70198C00760B1FFE7A7
:106270000898806D07900898C06D00F01F013F20BE
:106280008840079988600BE00898806D0690089810
:10629000C06D00F01F010120884006994860FFE7AB
:1062A0000898016801201022C4F202029142009075
:1062B00000F00381FFE70898016801202822C4F25A
:1062C00002029142009000F0F880FFE70898016810
:1062D00001204022C4F202029142009000F0ED80C1
:1062E000FFE70898016801205822C4F20202914297
:1062F000009000F0E280FFE708980168012070221A
:10630000C4F202029142009000F0D780FFE70898A3
:10631000016801208822C4F202029142009000F03C
:10632000CC80FFE7089801680120A022C4F2020295
:106330009142009000F0C180FFE7089801680120B9
:10634000B822C4F202029142009000F0B680FFE74A
:1063500008980168012040F21042C4F20202914202
:10636000009000F0AA80FFE708980168012040F241
:106370002842C4F202029142009000F09E80FFE7A2
:1063800008980168012040F24042C4F202029142A2
:10639000009000F09280FFE708980168012040F229
:1063A0005842C4F202029142009000F08680FFE75A
:1063B00008980168012040F27042C4F20202914242
:1063C00000907AD0FFE708980168012040F28842E7
:1063D000C4F20202914200906FD0FFE70898016872
:1063E000012040F2A042C4F202029142009064D027
:1063F000FFE708980168012040F2B842C4F20202A7
:106400009142009059D0FFE708980168012045F2B9
:106410000842C5F60202914200904ED0FFE708986C
:106420000168012045F21C42C5F60202914200902B
:1064300043D0FFE708980168012045F23042C5F6D5
:1064400002029142009038D0FFE7089801680120CD
:1064500045F24442C5F60202914200902DD0FFE77A
:1064600008980168012045F25842C5F6020291429F
:10647000009022D0FFE708980168012045F26C42A5
:10648000C5F602029142009017D0FFE70898016814
:10649000012045F28042C5F60202914200900CD0E4
:1064A000FFE7089800684AF66C31CAF2FD710844AB
:1064B000B0FA80F040090090FFE70098C007A0B153
:1064C000FFE70898416E806E48600898C06E58B12A
:1064D000FFE70898C16E086820F48070086008988B
:1064E000016F406F4860FFE7FFE70899012081F8DE
:1064F0003500FFE70899002081F83400FFE7FFE747
:1065000000208DF82700FFE79DF827000AB080BD26
:1065100080B586B00490049820B9FFE701208DF87B
:10652000170046E3049890F83500022807D0FFE7EB
:1065300004998020486501208DF8170039E30498FC
:10654000016801201022C4F202029142029000F080
:10655000A380FFE70498016801202822C4F2020208
:106560009142029000F09880FFE7049801680120B2
:106570004022C4F202029142029000F08D80FFE7B7
:106580000498016801205822C4F20202914202904C
:1065900000F08280FFE70498016801207022C4F2B5
:1065A00002029142029077D0FFE70498016801202F
:1065B0008822C4F20202914202906DD0FFE7049853
:1065C00001680120A022C4F202029142029063D02D
:1065D000FFE7049801680120B822C4F20202914248
:1065E000029059D0FFE704980168012040F2104260
:1065F000C4F20202914202904ED0FFE70498016873
:10660000012040F22842C4F202029142029043D09B
:10661000FFE704980168012040F24042C4F2020200
:106620009142029038D0FFE704980168012040F2BF
:106630005842C4F20202914202902DD0FFE7049822
:106640000168012040F27042C4F2020291420290BD
:1066500022D0FFE704980168012040F28842C4F28A
:1066600002029142029017D0FFE7049801680120CE
:1066700040F2A042C4F20202914202900CD0FFE725
:10668000049800684FF64831CBF6FD710844B0FA23
:1066900080F040090290FFE70298C007002800F050
:1066A0009D80FFE70499042081F835000498006874
:1066B0001021C4F20201884200F08180FFE70498B3
:1066C00000682821C4F20201884278D0FFE70498CC
:1066D00000684021C4F20201884270D0FFE70498AC
:1066E00000685821C4F20201884268D0FFE704988C
:1066F00000687021C4F20201884260D0FFE704986C
:1067000000688821C4F20201884258D0FFE704984B
:106710000068A021C4F20201884250D0FFE704982B
:106720000068B821C4F20201884248D0FFE704980B
:10673000006840F21041C4F2020188423FD0FFE7F6
:106740000498006840F22841C4F20201884236D021
:10675000FFE70498006840F24041C4F20201884219
:106760002DD0FFE70498006840F25841C4F20201BE
:10677000884224D0FFE70498006840F27041C4F2D8
:10678000020188421BD0FFE70498006840F288416C
:10679000C4F20201884212D0FFE70498006840F278
:1067A000A041C4F20201884209D0FFE704980068C2
:1067B00040F2B841C4F20201884207D1FFE70498D1
:1067C0000168086820F00100086006E0049801688C
:1067D000086820F001000860FFE7E5E10498006820
:1067E0001021C4F20201884200F08180FFE7049882
:1067F00000682821C4F20201884278D0FFE704989B
:1068000000684021C4F20201884270D0FFE704987A
:1068100000685821C4F20201884268D0FFE704985A
:1068200000687021C4F20201884260D0FFE704983A
:1068300000688821C4F20201884258D0FFE704981A
:106840000068A021C4F20201884250D0FFE70498FA
:106850000068B821C4F20201884248D0FFE70498DA
:10686000006840F21041C4F2020188423FD0FFE7C5
:106870000498006840F22841C4F20201884236D0F0
:10688000FFE70498006840F24041C4F202018842E8
:106890002DD0FFE70498006840F25841C4F202018D
:1068A000884224D0FFE70498006840F27041C4F2A7
:1068B000020188421BD0FFE70498006840F288413B
:1068C000C4F20201884212D0FFE70498006840F247
:1068D000A041C4F20201884209D0FFE70498006891
:1068E00040F2B841C4F20201884207D1FFE70498A0
:1068F0000168086820F00100086006E0049801685B
:10690000086820F001000860FFE704980168086843
:1069100020F00E0008600498016801201022C4F2E3
:1069200002029142019000F00381FFE704980168A0
:1069300001202822C4F202029142019000F0F88066
:10694000FFE70498016801204022C4F2020291424C
:10695000019000F0ED80FFE70498016801205822C3
:10696000C4F202029142019000F0E280FFE7049835
:10697000016801207022C4F202029142019000F0ED
:10698000D780FFE70498016801208822C4F2020240
:106990009142019000F0CC80FFE70498016801204B
:1069A000A022C4F202029142019000F0C180FFE7F0
:1069B000049801680120B822C4F2020291420190B9
:1069C00000F0B680FFE704980168012040F2104211
:1069D000C4F202029142019000F0AA80FFE70498FD
:1069E0000168012040F22842C4F202029142019063
:1069F00000F09E80FFE704980168012040F24042C9
:106A0000C4F202029142019000F09280FFE70498E4
:106A10000168012040F25842C4F202029142019002
:106A200000F08680FFE704980168012040F2704280
:106A3000C4F20202914201907AD0FFE70498016803
:106A4000012040F28842C4F20202914201906FD0CC
:106A5000FFE704980168012040F2A042C4F202025C
:106A60009142019064D0FFE704980168012040F250
:106A7000B842C4F202029142019059D0FFE7049853
:106A80000168012045F20842C5F6020291420190D8
:106A90004ED0FFE704980168012045F21C42C5F67C
:106AA00002029142019043D0FFE70498016801205F
:106AB00045F23042C5F602029142019038D0FFE71C
:106AC00004980168012045F24442C5F60202914251
:106AD00001902DD0FFE704980168012045F258424B
:106AE000C5F602029142019022D0FFE704980168A6
:106AF000012045F26C42C5F602029142019017D086
:106B0000FFE704980168012045F28042C5F60202C1
:106B1000914201900CD0FFE7049800684AF66C316E
:106B2000CAF2FD710844B0FA80F040090190FFE715
:106B30000198C00728B3FFE70498016E086820F4A5
:106B4000807008600498806D03900498C06D00F018
:106B50001F0101208840039948600498416E806EAF
:106B600048600498C06E58B1FFE70498C16E086889
:106B700020F4807008600498016F406F4860FFE760
:106B8000FFE70499012081F83500FFE70499002010
:106B900081F83400FFE70498006D20B1FFE7049806
:106BA000016D8847FFE7FFE7FFE700208DF817003A
:106BB000FFE79DF8170006B080BD00000000000050
:106BC00080B588B00690069820B9FFE701208DF8BF
:106BD0001F002FE2069800681021C4F202018842CB
:106BE00000F08180FFE7069800682821C4F20201C6
:106BF000884278D0FFE7069800684021C4F202017D
:106C0000884270D0FFE7069800685821C4F202015C
:106C1000884268D0FFE7069800687021C4F202013C
:106C2000884260D0FFE7069800688821C4F202011C
:106C3000884258D0FFE706980068A021C4F20201FC
:106C4000884250D0FFE706980068B821C4F20201DC
:106C5000884248D0FFE70698006840F21041C4F22D
:106C6000020188423FD0FFE70698006840F22841C1
:106C7000C4F20201884236D0FFE70698006840F26D
:106C80004041C4F2020188422DD0FFE70698006817
:106C900040F25841C4F20201884224D0FFE706982E
:106CA000006840F27041C4F2020188421BD0FFE745
:106CB0000698006840F28841C4F20201884212D06E
:106CC000FFE70698006840F2A041C4F20201884242
:106CD00009D0FFE70698006840F2B841C4F202010B
:106CE000884207D1FFE706980168086820F0010094
:106CF000086006E006980168086820F00100086056
:106D0000FFE70698016801201022C4F202029142B6
:106D1000039000F0A380FFE7069801680120282275
:106D2000C4F202029142039000F09880FFE70698B7
:106D3000016801204022C4F202029142039000F057
:106D40008D80FFE70698016801205822C4F20202F4
:106D50009142039000F08280FFE7069801680120CD
:106D60007022C4F202029142039077D0FFE70698A6
:106D7000016801208822C4F20202914203906DD082
:106D8000FFE7069801680120A022C4F202029142A6
:106D9000039063D0FFE7069801680120B822C4F28F
:106DA00002029142039059D0FFE706980168012042
:106DB00040F21042C4F20202914203904ED0FFE72B
:106DC00006980168012040F22842C4F20202914272
:106DD000039043D0FFE706980168012040F240424B
:106DE000C4F202029142039038D0FFE7069801688E
:106DF000012040F25842C4F20202914203902DD089
:106E0000FFE706980168012040F27042C4F20202D6
:106E10009142039022D0FFE706980168012040F2DA
:106E20008842C4F202029142039017D0FFE706980D
:106E30000168012040F2A042C4F202029142039094
:106E40000CD0FFE7069800684FF64831CBF6FD718D
:106E50000844B0FA80F040090390FFE70398C007A8
:106E600008B3FFE7069801680020086006990968E2
:106E7000486006990968886006990968C86006999B
:106E80000968086106980168212048610698FCF7A6
:106E900037F805900698C06D00F01F013F2088402C
:106EA000059988607EE006980168012045F2084255
:106EB000C5F60202914202904ED0FFE706980168A3
:106EC000012045F21C42C5F602029142029043D0D5
:106ED000FFE706980168012045F23042C5F602023C
:106EE0009142029038D0FFE706980168012045F2F0
:106EF0004442C5F60202914202902DD0FFE7069867
:106F00000168012045F25842C5F602029142029002
:106F100022D0FFE706980168012045F26C42C5F6D1
:106F200002029142029017D0FFE706980168012003
:106F300045F28042C5F60202914202900CD0FFE772
:106F4000069800684AF66C31CAF2FD710844B0FA3E
:106F500080F040090290FFE70298C007E8B1FFE720
:106F6000069801680020086006990968486006993B
:106F70000968886006990968C86006990968086107
:106F80000698FBF7BDFF04900698C06D00F01F0146
:106F9000012088400499486003E001208DF81F001B
:106FA00048E0FFE70698FCF793F80698006E48B1B2
:106FB000FFE70698016E002008600698416E806E1B
:106FC0004860FFE70698406888B1FFE70698406888
:106FD00008280CD8FFE70698FCF736F90698C16E2A
:106FE000002008600698016F406F4860FFE706992F
:106FF00000200190C86606990867069948670699B7
:10700000C8630699086406994864069988640699D5
:10701000C8640699086506994865069981F835009F
:10702000FFE70699002081F83400FFE700208DF883
:107030001F00FFE79DF81F0008B080BD00000000A2
:1070400081B000900098406D01B0704700000000D2
:1070500080B590B00F9000200B9040F21000C2F26B
:107060000040006848F2B511C1F64E31A0FB011096
:10707000800A0A900F98806D09900F98806D089093
:10708000099800680E90089800680D900F980168A4
:1070900001201022C4F202029142079000F0A38066
:1070A000FFE70F98016801202822C4F202029142F2
:1070B000079000F09880FFE70F98016801204022B8
:1070C000C4F202029142079000F08D80FFE70F9812
:1070D000016801205822C4F202029142079000F098
:1070E0008280FFE70F98016801207022C4F202023B
:1070F0009142079077D0FFE70F980168012088221E
:10710000C4F20202914207906DD0FFE70F98016828
:107110000120A022C4F202029142079063D0FFE74F
:107120000F9801680120B822C4F202029142079030
:1071300059D0FFE70F980168012040F21042C4F2D5
:107140000202914207904ED0FFE70F98016801209C
:1071500040F22842C4F202029142079043D0FFE776
:107160000F980168012040F24042C4F202029142AD
:10717000079038D0FFE70F980168012040F258428D
:10718000C4F20202914207902DD0FFE70F980168E8
:10719000012040F27042C4F202029142079022D0D4
:1071A000FFE70F980168012040F28842C4F2020212
:1071B0009142079017D0FFE70F980168012040F235
:1071C000A042C4F20202914207900CD0FFE70F9850
:1071D00000684FF64831CBF6FD710844B0FA80F0F4
:1071E00040090790FFE70798C007002800F01385C3
:1071F000FFE70E980F99C96D01F01F01C840000705
:10720000002840F1B080FFE70F9800681021C4F219
:107210000201884200F08180FFE70F980068282172
:10722000C4F20201884278D0FFE70F98006840213D
:10723000C4F20201884270D0FFE70F98006858211D
:10724000C4F20201884268D0FFE70F9800687021FD
:10725000C4F20201884260D0FFE70F9800688821DD
:10726000C4F20201884258D0FFE70F980068A021BD
:10727000C4F20201884250D0FFE70F980068B8219D
:10728000C4F20201884248D0FFE70F98006840F23C
:107290001041C4F2020188423FD0FFE70F98006816
:1072A00040F22841C4F20201884236D0FFE70F982D
:1072B000006840F24041C4F2020188422DD0FFE74D
:1072C0000F98006840F25841C4F20201884224D06D
:1072D000FFE70F98006840F27041C4F20201884253
:1072E0001BD0FFE70F98006840F28841C4F202010A
:1072F000884212D0FFE70F98006840F2A041C4F224
:107300000201884209D0FFE70F98006840F2B841B7
:10731000C4F20201884207D1FFE70F9800680068B5
:1073200000F00400069006E00F980068006800F086
:1073300008000690FFE70698A0B1FFE70F980168E4
:10734000086820F0040008600F98C06D00F01F016D
:1073500008208840099988600F99486D40F0010025
:107360004865FFE7FFE70E980F99C96D01F01F010F
:10737000C840C007002800F0A980FFE70F98006808
:107380001021C4F20201884200F08180FFE70F98CB
:1073900000682821C4F20201884278D0FFE70F98E4
:1073A00000684021C4F20201884270D0FFE70F98C4
:1073B00000685821C4F20201884268D0FFE70F98A4
:1073C00000687021C4F20201884260D0FFE70F9884
:1073D00000688821C4F20201884258D0FFE70F9864
:1073E0000068A021C4F20201884250D0FFE70F9844
:1073F0000068B821C4F20201884248D0FFE70F9824
:10740000006840F21041C4F2020188423FD0FFE719
:107410000F98006840F22841C4F20201884236D039
:10742000FFE70F98006840F24041C4F20201884231
:107430002DD0FFE70F98006840F25841C4F20201D6
:10744000884224D0FFE70F98006840F27041C4F2F0
:10745000020188421BD0FFE70F98006840F2884184
:10746000C4F20201884212D0FFE70F98006840F290
:10747000A041C4F20201884209D0FFE70F980068DA
:1074800040F2B841C4F20201884207D1FFE70F98E9
:107490000068406900F08000059005E00F980068E2
:1074A000006800200590FFE7059870B1FFE70F988E
:1074B000C06D00F01F0101208840099988600F9974
:1074C000486D40F002004865FFE7FFE70E980F990E
:1074D000C96D01F01F01C8404007002840F1A98094
:1074E000FFE70F9800681021C4F20201884200F003
:1074F0008180FFE70F9800682821C4F202018842CA
:1075000078D0FFE70F9800684021C4F2020188425A
:1075100070D0FFE70F9800685821C4F2020188423A
:1075200068D0FFE70F9800687021C4F2020188421A
:1075300060D0FFE70F9800688821C4F202018842FA
:1075400058D0FFE70F980068A021C4F202018842DA
:1075500050D0FFE70F980068B821C4F202018842BA
:1075600048D0FFE70F98006840F21041C4F20201D2
:1075700088423FD0FFE70F98006840F22841C4F2EC
:107580000201884236D0FFE70F98006840F2404180
:10759000C4F2020188422DD0FFE70F98006840F244
:1075A0005841C4F20201884224D0FFE70F980068D6
:1075B00040F27041C4F2020188421BD0FFE70F98ED
:1075C000006840F28841C4F20201884212D0FFE70D
:1075D0000F98006840F2A041C4F20201884209D02D
:1075E000FFE70F98006840F2B841C4F202018842F8
:1075F00007D1FFE70F980068006800F002000490D0
:1076000005E00F980068006800200490FFE70498E8
:1076100070B1FFE70F98C06D00F01F010420884093
:10762000099988600F99486D40F004004865FFE7AC
:10763000FFE70E980F99C96D01F01F01C840C00601
:10764000002840F1DE80FFE70F9800681021C4F2A7
:107650000201884200F08180FFE70F98006828212E
:10766000C4F20201884278D0FFE70F9800684021F9
:10767000C4F20201884270D0FFE70F9800685821D9
:10768000C4F20201884268D0FFE70F9800687021B9
:10769000C4F20201884260D0FFE70F980068882199
:1076A000C4F20201884258D0FFE70F980068A02179
:1076B000C4F20201884250D0FFE70F980068B82159
:1076C000C4F20201884248D0FFE70F98006840F2F8
:1076D0001041C4F2020188423FD0FFE70F980068D2
:1076E00040F22841C4F20201884236D0FFE70F98E9
:1076F000006840F24041C4F2020188422DD0FFE709
:107700000F98006840F25841C4F20201884224D028
:10771000FFE70F98006840F27041C4F2020188420E
:107720001BD0FFE70F98006840F28841C4F20201C5
:10773000884212D0FFE70F98006840F2A041C4F2DF
:107740000201884209D0FFE70F98006840F2B84173
:10775000C4F20201884207D1FFE70F980068006871
:1077600000F00800039006E00F980068006800F041
:1077700004000390FFE70398002841D0FFE70F982B
:10778000C06D00F01F0110208840099988600F9893
:1077900000680068400300281AD5FFE70F980068CA
:1077A00000680003002809D4FFE70F98006C20B19F
:1077B000FFE70F98016C8847FFE708E00F98806C9F
:1077C00020B1FFE70F98816C8847FFE7FFE716E0DD
:1077D0000F9800680068C005002807D4FFE70F98DD
:1077E0000168086820F008000860FFE70F98006C47
:1077F00020B1FFE70F98016C8847FFE7FFE7FFE73D
:10780000FFE70E980F99C96D01F01F01C84080066F
:10781000002840F12681FFE70F9800681021C4F28C
:107820000201884200F08180FFE70F98006828215C
:10783000C4F20201884278D0FFE70F980068402127
:10784000C4F20201884270D0FFE70F980068582107
:10785000C4F20201884268D0FFE70F9800687021E7
:10786000C4F20201884260D0FFE70F9800688821C7
:10787000C4F20201884258D0FFE70F980068A021A7
:10788000C4F20201884250D0FFE70F980068B82187
:10789000C4F20201884248D0FFE70F98006840F226
:1078A0001041C4F2020188423FD0FFE70F98006800
:1078B00040F22841C4F20201884236D0FFE70F9817
:1078C000006840F24041C4F2020188422DD0FFE737
:1078D0000F98006840F25841C4F20201884224D057
:1078E000FFE70F98006840F27041C4F2020188423D
:1078F0001BD0FFE70F98006840F28841C4F20201F4
:10790000884212D0FFE70F98006840F2A041C4F20D
:107910000201884209D0FFE70F98006840F2B841A1
:10792000C4F20201884207D1FFE70F98006800689F
:1079300000F01000029006E00F980068006800F068
:1079400002000290FFE70298002800F08980FFE71C
:107950000F98C06D00F01F012020884009998860B1
:107960000F9890F83500042837D1FFE70F98016889
:10797000086820F0160008600F980168486920F038
:10798000800048610F98006C20B9FFE70F98806C69
:1079900038B1FFE70F980168086820F00800086018
:1079A000FFE70F98C06D00F01F013F208840099944
:1079B00088600F99012081F83500FFE70F990020BA
:1079C00081F83400FFE70F98006D20B1FFE70F98B2
:1079D000016D8847FFE700F019BC0F980068006848
:1079E000400300281AD5FFE70F98006800680003DD
:1079F000002809D5FFE70F98406C20B1FFE70F98EA
:107A0000416C8847FFE708E00F98C06B20B1FFE7A3
:107A10000F98C16B8847FFE7FFE720E00F980068E9
:107A20000068C005002811D4FFE70F9801680868B6
:107A300020F0100008600F99012081F83500FFE761
:107A40000F99002081F83400FFE7FFE70F98C06B23
:107A500020B1FFE70F98C16B8847FFE7FFE7FFE71B
:107A6000FFE70F98406D002800F0D480FFE70F98E3
:107A7000406DC007002800F0C480FFE70F99042084
:107A800081F835000F9800681021C4F20201884285
:107A900000F08180FFE70F9800682821C4F20201FE
:107AA000884278D0FFE70F9800684021C4F20201B5
:107AB000884270D0FFE70F9800685821C4F2020195
:107AC000884268D0FFE70F9800687021C4F2020175
:107AD000884260D0FFE70F9800688821C4F2020155
:107AE000884258D0FFE70F980068A021C4F2020135
:107AF000884250D0FFE70F980068B821C4F2020115
:107B0000884248D0FFE70F98006840F21041C4F265
:107B1000020188423FD0FFE70F98006840F22841F9
:107B2000C4F20201884236D0FFE70F98006840F2A5
:107B30004041C4F2020188422DD0FFE70F9800684F
:107B400040F25841C4F20201884224D0FFE70F9866
:107B5000006840F27041C4F2020188421BD0FFE786
:107B60000F98006840F28841C4F20201884212D0A6
:107B7000FFE70F98006840F2A041C4F2020188427A
:107B800009D0FFE70F98006840F2B841C4F2020143
:107B9000884207D1FFE70F980168086820F00100CC
:107BA000086006E00F980168086820F0010008608E
:107BB000FFE7FFE70B9801300B900A99884201D943
:107BC000FFE707E0FFE70F9800680068C00700289C
:107BD000F0D1FFE70F9800680068C00728B1FFE701
:107BE0000F99032081F8350004E00F99012081F8F6
:107BF0003500FFE7FFE70F99002081F83400FFE729
:107C0000FFE70F98C06C20B1FFE70F98C16C884761
:107C1000FFE7FFE7FAE20F980168012045F208420A
:107C2000C5F60202914201904ED0FFE70F9801681D
:107C3000012045F21C42C5F602029142019043D058
:107C4000FFE70F980168012045F23042C5F60202B5
:107C50009142019038D0FFE70F980168012045F26A
:107C60004442C5F60202914201902DD0FFE70F98E1
:107C70000168012045F25842C5F602029142019086
:107C800022D0FFE70F980168012045F26C42C5F64B
:107C900002029142019017D0FFE70F98016801207E
:107CA00045F28042C5F60202914201900CD0FFE7F6
:107CB0000F9800684AF66C31CAF2FD710844B0FAB8
:107CC00080F040090190FFE70198C007002800F00C
:107CD0009B82FFE70F98006800680C900D980F9941
:107CE000C96D01F01F01C8404007002840F1D7804E
:107CF000FFE79DF830004007002840F1D080FFE703
:107D00000F98C06D00F01F0104208840089948605A
:107D10009DF831000006002818D5FFE79DF83200D5
:107D2000C00748B1FFE70F98806C20B1FFE70F98BC
:107D3000816C8847FFE708E00F98006C20B1FFE7EF
:107D40000F98016C8847FFE7FFE7A7E09DF8300038
:107D50008006002800F19980FFE70F980068102145
:107D6000C4F20201884200F08180FFE70F980068AA
:107D70002821C4F20201884278D0FFE70F980068FA
:107D80004021C4F20201884270D0FFE70F980068DA
:107D90005821C4F20201884268D0FFE70F980068BA
:107DA0007021C4F20201884260D0FFE70F9800689A
:107DB0008821C4F20201884258D0FFE70F9800687A
:107DC000A021C4F20201884250D0FFE70F9800685A
:107DD000B821C4F20201884248D0FFE70F9800683A
:107DE00040F21041C4F2020188423FD0FFE70F98F1
:107DF000006840F22841C4F20201884236D0FFE711
:107E00000F98006840F24041C4F2020188422DD030
:107E1000FFE70F98006840F25841C4F2020188421F
:107E200024D0FFE70F98006840F27041C4F20201CD
:107E300088421BD0FFE70F98006840F28841C4F2E7
:107E40000201884212D0FFE70F98006840F2A0417B
:107E5000C4F20201884209D0FFE70F98006840F29F
:107E6000B841C4F20201884207D1FFE70F980168C8
:107E7000086820F00800086006E00F9801680868AC
:107E800020F004000860FFE7FFE70F98006C20B1C6
:107E9000FFE70F98016C8847FFE7FFE7B3E10D9814
:107EA0000F99C96D01F01F01C8408007002840F1FB
:107EB000E180FFE79DF830008007002840F1DA807C
:107EC000FFE70F98C06D00F01F010220884008995D
:107ED00048609DF831000006002818D5FFE79DF89E
:107EE0003200C00748B9FFE70F98406C20B1FFE7A8
:107EF0000F98416C8847FFE708E00F98C06B20B1EE
:107F0000FFE70F98C16B8847FFE7FFE7B1E09DF8F7
:107F100030008006002800F1A380FFE70F9800687A
:107F20001021C4F20201884200F08180FFE70F981F
:107F300000682821C4F20201884278D0FFE70F9838
:107F400000684021C4F20201884270D0FFE70F9818
:107F500000685821C4F20201884268D0FFE70F98F8
:107F600000687021C4F20201884260D0FFE70F98D8
:107F700000688821C4F20201884258D0FFE70F98B8
:107F80000068A021C4F20201884250D0FFE70F9898
:107F90000068B821C4F20201884248D0FFE70F9878
:107FA000006840F21041C4F2020188423FD0FFE76E
:107FB0000F98006840F22841C4F20201884236D08E
:107FC000FFE70F98006840F24041C4F20201884286
:107FD0002DD0FFE70F98006840F25841C4F202012B
:107FE000884224D0FFE70F98006840F27041C4F245
:107FF000020188421BD0FFE70F98006840F28841D9
:10800000C4F20201884212D0FFE70F98006840F2E4
:10801000A041C4F20201884209D0FFE70F9800682E
:1080200040F2B841C4F20201884207D1FFE70F983D
:108030000168086820F01400086006E00F980168E5
:10804000086820F00A000860FFE70F99012081F816
:108050003500FFE70F99002081F83400FFE7FFE7C4
:108060000F98C06B20B1FFE70F98C16B8847FFE7FF
:10807000FFE7C7E00D980F99C96D01F01F01C840D7
:108080000007002840F1BC80FFE79DF830000007A2
:10809000002840F1B580FFE70F9800681021C4F276
:1080A0000201884200F08180FFE70F9800682821D4
:1080B000C4F20201884278D0FFE70F98006840219F
:1080C000C4F20201884270D0FFE70F98006858217F
:1080D000C4F20201884268D0FFE70F98006870215F
:1080E000C4F20201884260D0FFE70F98006888213F
:1080F000C4F20201884258D0FFE70F980068A0211F
:10810000C4F20201884250D0FFE70F980068B821FE
:10811000C4F20201884248D0FFE70F98006840F29D
:108120001041C4F2020188423FD0FFE70F98006877
:1081300040F22841C4F20201884236D0FFE70F988E
:10814000006840F24041C4F2020188422DD0FFE7AE
:108150000F98006840F25841C4F20201884224D0CE
:10816000FFE70F98006840F27041C4F202018842B4
:108170001BD0FFE70F98006840F28841C4F202016B
:10818000884212D0FFE70F98006840F2A041C4F285
:108190000201884209D0FFE70F98006840F2B84119
:1081A000C4F20201884207D1FFE70F98016808680E
:1081B00020F01C00086006E00F980168086820F0B5
:1081C0000E000860FFE70F98C06D00F01F0101204E
:1081D00000FA01F1089A51600F9948650F9981F8EA
:1081E0003500FFE70F99002081F83400FFE70F9872
:1081F000C06C20B1FFE70F98C16C8847FFE700E033
:10820000FFE7FFE7FFE700E0FFE7FFE710B080BD13
:1082100010B58EB00C9001F087FB0A900C9828B92D
:10822000FFE701208DF8370000F09EBC0C98016834
:1082300001201022C4F202029142079000F0A380B4
:10824000FFE70C98016801202822C4F20202914243
:10825000079000F09880FFE70C9801680120402209
:10826000C4F202029142079000F08D80FFE70C9863
:10827000016801205822C4F202029142079000F0E6
:108280008280FFE70C98016801207022C4F202028C
:108290009142079077D0FFE70C980168012088226F
:1082A000C4F20202914207906DD0FFE70C9801687A
:1082B0000120A022C4F202029142079063D0FFE79E
:1082C0000C9801680120B822C4F202029142079082
:1082D00059D0FFE70C980168012040F21042C4F227
:1082E0000202914207904ED0FFE70C9801680120EE
:1082F00040F22842C4F202029142079043D0FFE7C5
:108300000C980168012040F24042C4F202029142FE
:10831000079038D0FFE70C980168012040F25842DE
:10832000C4F20202914207902DD0FFE70C98016839
:10833000012040F27042C4F202029142079022D022
:10834000FFE70C980168012040F28842C4F2020263
:108350009142079017D0FFE70C980168012040F286
:10836000A042C4F20202914207900CD0FFE70C98A1
:1083700000684FF64831CBF6FD710844B0FA80F042
:1083800040090790FFE70798C007002800F07881B0
:10839000FFE70C98406A08B1FFE7FFE70C9902205D
:1083A00081F83500FFE70C99002081F83400FFE7E1
:1083B0000C9800681021C4F20201884200F081800C
:1083C000FFE70C9800682821C4F20201884278D0A7
:1083D000FFE70C9800684021C4F20201884270D087
:1083E000FFE70C9800685821C4F20201884268D067
:1083F000FFE70C9800687021C4F20201884260D047
:10840000FFE70C9800688821C4F20201884258D026
:10841000FFE70C980068A021C4F20201884250D006
:10842000FFE70C980068B821C4F20201884248D0E6
:10843000FFE70C98006840F21041C4F20201884244
:108440003FD0FFE70C98006840F22841C4F20201D7
:10845000884236D0FFE70C98006840F24041C4F2F1
:10846000020188422DD0FFE70C98006840F2584185
:10847000C4F20201884224D0FFE70C98006840F261
:108480007041C4F2020188421BD0FFE70C980068DB
:1084900040F28841C4F20201884212D0FFE70C98F2
:1084A000006840F2A041C4F20201884209D0FFE70F
:1084B0000C98006840F2B841C4F20201884207D12A
:1084C000FFE70C980168086820F00100086006E0EA
:1084D0000C980168086820F001000860FFE7FFE7DA
:1084E0000C9800680068C00798B1FFE701F01CFA1B
:1084F0000A99401A06280BD3FFE70C9920204865FB
:108500000C99032081F8350001208DF837002BE30A
:10851000E6E70C98006800680B900B9848F23F0162
:10852000CFF6106108400B900C998868D1F80CC008
:108530000B694A6940EA0C00184310438A691043EA
:10854000CA691043096A01430B9808430B900C98C1
:10855000406A042808D1FFE70C99C86A096B0143F7
:108560000B9808430B90FFE741F20000C5F600406E
:1085700000684FF6FF718843B0F1005F3FD3FFE71B
:108580000C984068292807D3FFE70C984168012020
:108590002F2906902AD3FFE70C9840683F2807D37D
:1085A000FFE70C9841680120432906901ED3FFE79E
:1085B0000C984068472807D3FFE70C9841680120D2
:1085C0004929069012D3FFE70C98416800204F29F3
:1085D000059008D3FFE70C9841680020532938BF65
:1085E00001200590FFE705980690FFE70698C00771
:1085F00028B1FFE70B9840F480100B90FFE70B9831
:108600000C99096808600C98006840690B900B98F9
:1086100020F007000B900C98416A0B9808430B90D0
:108620000C98406A04281AD1FFE70C98816A0B98CD
:1086300008430B900C98C06A80B1FFE70C98FAF7DA
:108640009BFE50B1FFE70C99402048650C99012032
:1086500081F835008DF8370086E2FFE7FFE70B98D9
:108660000C99096848610C98FAF74AFC09900C9833
:10867000C06D00F01F013F2088400999886026E105
:108680000C980168012045F20842C5F602029142A9
:1086900004904ED0FFE70C980168012045F21C427F
:1086A000C5F602029142049043D0FFE70C9801689E
:1086B000012045F23042C5F602029142049038D0C2
:1086C000FFE70C980168012045F24442C5F602021A
:1086D000914204902DD0FFE70C980168012045F2EB
:1086E0005842C5F602029142049022D0FFE70C984E
:1086F0000168012045F26C42C5F6020291420490E5
:1087000017D0FFE70C980168012045F28042C5F6BA
:108710000202914204900CD0FFE70C9800684AF6E0
:108720006C31CAF2FD710844B0FA80F0400904903F
:10873000FFE70498C007002800F0BD80FFE70C9811
:108740000168012045F20842C5F6020291420390F9
:108750004ED0FFE70C980168012045F21C42C5F697
:1087600002029142039043D0FFE70C980168012078
:1087700045F23042C5F602029142039038D0FFE73D
:108780000C980168012045F24442C5F6020291426C
:1087900003902DD0FFE70C980168012045F2584264
:1087A000C5F602029142039022D0FFE70C980168BF
:1087B000012045F26C42C5F602029142039017D0A7
:1087C000FFE70C980168012045F28042C5F60202DD
:1087D000914203900CD0FFE70C9800684AF66C3188
:1087E000CAF2FD710844B0FA80F040090390FFE737
:1087F0000398C00708B1FFE7FFE70C99022081F852
:108800003500FFE70C99002081F83400FFE70C9851
:10881000006800680B900B986FF310100B900C9889
:108820008068402803D1FFE71020029008E00C98F0
:1088300080688038B0FA80F0400980030290FFE73A
:1088400002980C99CA680B69D1F814C0D1F818E0E5
:10885000CC694EEA040E4CEA0E0C43EA0C031A43B0
:1088600040EAD200096A40EA11110B9808430B90C4
:108870000B980C99096808600C9908684AF6F83258
:10888000CAF2FD7210444CF6CD42CCF6CC42A0FBAD
:1088900002026FF0030000EA9200C8650C98FAF734
:1088A0002FFB08900C98C06D00F01F01012088403C
:1088B000089948600AE00C99402048650C9903200B
:1088C00081F8350001208DF837004DE1FFE70C9865
:1088D000016801201022C4F202029142019000F0CE
:1088E0000381FFE70C98016801202822C4F20202EC
:1088F0009142019000F0F880FFE70C980168012098
:108900004022C4F202029142019000F0ED80FFE7A4
:108910000C98016801205822C4F202029142019091
:1089200000F0E280FFE70C98016801207022C4F299
:1089300002029142019000F0D780FFE70C98016895
:1089400001208822C4F202029142019000F0CC8002
:10895000FFE70C9801680120A022C4F202029142B4
:10896000019000F0C180FFE70C9801680120B82257
:10897000C4F202029142019000F0B680FFE70C9829
:108980000168012040F21042C4F2020291420190BB
:1089900000F0AA80FFE70C980168012040F228420D
:1089A000C4F202029142019000F09E80FFE70C9811
:1089B0000168012040F24042C4F20202914201905B
:1089C00000F09280FFE70C980168012040F25842C5
:1089D000C4F202029142019000F08680FFE70C98F9
:1089E0000168012040F27042C4F2020291420190FB
:1089F0007AD0FFE70C980168012040F28842C4F267
:108A00000202914201906FD0FFE70C9801680120AB
:108A100040F2A042C4F202029142019064D0FFE70A
:108A20000C980168012040F2B842C4F2020291425F
:108A3000019059D0FFE70C980168012045F20842E7
:108A4000C5F60202914201904ED0FFE70C980168F2
:108A5000012045F21C42C5F602029142019043D02A
:108A6000FFE70C980168012045F23042C5F602028A
:108A70009142019038D0FFE70C980168012045F23F
:108A80004442C5F60202914201902DD0FFE70C98B6
:108A90000168012045F25842C5F602029142019058
:108AA00022D0FFE70C980168012045F26C42C5F620
:108AB00002029142019017D0FFE70C980168012053
:108AC00045F28042C5F60202914201900CD0FFE7C8
:108AD0000C9800684AF66C31CAF2FD710844B0FA8D
:108AE00080F040090190FFE70198C00790B3FFE7CD
:108AF0000C98FAF7EDFA0C988068802804D1FFE70B
:108B00000C9900204860FFE70C990879096E08600D
:108B10000C98416E806E48600C98406888B1FFE701
:108B20000C98406808280CD8FFE70C98FAF78CFBE3
:108B30000C98C16E002008600C98016F406F48606F
:108B400007E00C990020C8660C9908670C994867E3
:108B5000FFE7FFE70C99002048650C9A012182F895
:108B600035108DF83700FFE79DF837000EB010BDC7
:108B700080B588B0069005910492039300208DF88B
:108B80000B00069820B9FFE701208DF81F006CE369
:108B9000FFE7069890F83400012804D1FFE702208F
:108BA0008DF81F0061E30699012081F83400FFE78A
:108BB000FFE7069890F83500012840F04383FFE76F
:108BC0000699022081F8350006990020486506982C
:108BD00000681021C4F20201884200F08180FFE7A2
:108BE000069800682821C4F20201884278D0FFE785
:108BF000069800684021C4F20201884270D0FFE765
:108C0000069800685821C4F20201884268D0FFE744
:108C1000069800687021C4F20201884260D0FFE724
:108C2000069800688821C4F20201884258D0FFE704
:108C300006980068A021C4F20201884250D0FFE7E4
:108C400006980068B821C4F20201884248D0FFE7C4
:108C50000698006840F21041C4F2020188423FD0F9
:108C6000FFE70698006840F22841C4F202018842FA
:108C700036D0FFE70698006840F24041C4F2020196
:108C800088422DD0FFE70698006840F25841C4F2B0
:108C90000201884224D0FFE70698006840F2704144
:108CA000C4F2020188421BD0FFE70698006840F238
:108CB0008841C4F20201884212D0FFE7069800689A
:108CC00040F2A041C4F20201884209D0FFE70698B1
:108CD000006840F2B841C4F20201884207D1FFE7C0
:108CE00006980168086820F00100086006E0069810
:108CF0000168086820F001000860FFE70698059900
:108D0000049A039BFAF7B0FB069801680120102231
:108D1000C4F202029142019000F0A380FFE706989E
:108D2000016801202822C4F202029142019000F061
:108D30009880FFE70698016801204022C4F20202F1
:108D40009142019000F08D80FFE7069801680120B4
:108D50005822C4F202029142019000F08280FFE7A3
:108D60000698016801207022C4F20202914201902B
:108D700077D0FFE70698016801208822C4F202023A
:108D8000914201906DD0FFE7069801680120A02272
:108D9000C4F202029142019063D0FFE70698016895
:108DA0000120B822C4F202029142019059D0FFE79B
:108DB00006980168012040F21042C4F2020291427A
:108DC00001904ED0FFE706980168012040F228424A
:108DD000C4F202029142019043D0FFE70698016875
:108DE000012040F24042C4F202029142019038D088
:108DF000FFE706980168012040F25842C4F20202DF
:108E0000914201902DD0FFE706980168012040F2C1
:108E10007042C4F202029142019022D0FFE706980C
:108E20000168012040F28842C4F20202914201909E
:108E300017D0FFE706980168012040F2A042C4F273
:108E40000202914201900CD0FFE7069800684FF6AD
:108E50004831CBF6FD710844B0FA80F0400901902A
:108E6000FFE70198C007A8B1FFE70698006800680F
:108E70000B2161F344000699096808600698006CAC
:108E800038B1FFE706980168086840F008000860FC
:108E9000FFE714E0069800680068052161F34300CD
:108EA0000699096808600698006C38B1FFE70698D3
:108EB0000168086840F004000860FFE7FFE70698D3
:108EC000016801201022C4F202029142009000F0D9
:108ED0000381FFE70698016801202822C4F20202FC
:108EE0009142009000F0F880FFE7069801680120A9
:108EF0004022C4F202029142009000F0ED80FFE7B0
:108F00000698016801205822C4F2020291420090A2
:108F100000F0E280FFE70698016801207022C4F2A9
:108F200002029142009000F0D780FFE706980168A6
:108F300001208822C4F202029142009000F0CC800D
:108F4000FFE7069801680120A022C4F202029142C4
:108F5000009000F0C180FFE7069801680120B82268
:108F6000C4F202029142009000F0B680FFE706983A
:108F70000168012040F21042C4F2020291420090C6
:108F800000F0AA80FFE706980168012040F228421D
:108F9000C4F202029142009000F09E80FFE7069822
:108FA0000168012040F24042C4F202029142009066
:108FB00000F09280FFE706980168012040F25842D5
:108FC000C4F202029142009000F08680FFE706980A
:108FD0000168012040F27042C4F202029142009006
:108FE0007AD0FFE706980168012040F28842C4F277
:108FF0000202914200906FD0FFE7069801680120BD
:1090000040F2A042C4F202029142009064D0FFE715
:1090100006980168012040F2B842C4F2020291426F
:10902000009059D0FFE706980168012045F20842F8
:10903000C5F60202914200904ED0FFE70698016803
:10904000012045F21C42C5F602029142009043D035
:10905000FFE706980168012045F23042C5F602029A
:109060009142009038D0FFE706980168012045F250
:109070004442C5F60202914200902DD0FFE70698C7
:109080000168012045F25842C5F602029142009063
:1090900022D0FFE706980168012045F26C42C5F630
:1090A00002029142009017D0FFE706980168012064
:1090B00045F28042C5F60202914200900CD0FFE7D3
:1090C000069800684AF66C31CAF2FD710844B0FA9D
:1090D00080F040090090FFE70098C007D0B1FFE79B
:1090E0000698006E0068C003002807D5FFE70698C1
:1090F000016E086840F480700860FFE70698C06E53
:1091000038B1FFE70698C16E086840F480700860C7
:10911000FFE7FFE7069800681021C4F202018842C9
:1091200000F08180FFE7069800682821C4F2020160
:10913000884278D0FFE7069800684021C4F2020117
:10914000884270D0FFE7069800685821C4F20201F7
:10915000884268D0FFE7069800687021C4F20201D7
:10916000884260D0FFE7069800688821C4F20201B7
:10917000884258D0FFE706980068A021C4F2020197
:10918000884250D0FFE706980068B821C4F2020177
:10919000884248D0FFE70698006840F21041C4F2C8
:1091A000020188423FD0FFE70698006840F228415C
:1091B000C4F20201884236D0FFE70698006840F208
:1091C0004041C4F2020188422DD0FFE706980068B2
:1091D00040F25841C4F20201884224D0FFE70698C9
:1091E000006840F27041C4F2020188421BD0FFE7E0
:1091F0000698006840F28841C4F20201884212D009
:10920000FFE70698006840F2A041C4F202018842DC
:1092100009D0FFE70698006840F2B841C4F20201A5
:10922000884207D1FFE706980168086840F001000E
:10923000086006E006980168086840F001000860D0
:10924000FFE70DE006994FF400604865FFE70699D7
:10925000002081F83400FFE701208DF80B00FFE7C4
:109260009DF80B008DF81F00FFE79DF81F0008B068
:1092700080BD00000000000080B584B0039000F0C5
:1092800053FB0290039801900198013048B1FFE729
:1092900040F21900C2F200400178019808440190A0
:1092A000FFE7FFE700F040FB0299401A019988426E
:1092B00001D2FFE7F6E704B080BD00000000000027
:1092C00090B00F900E9100200D908020C5F6000008
:1092D0000A90FFE70E980D99C840002800F0118110
:1092E000FFE70E980D9A0121914008400C900C98D0
:1092F000002800F00281FFE70D9820F0030040F203
:109300000841C5F6000140580B900D9800F003008D
:1093100081000F2000FA01F10B9808400B900B9888
:1093200009900F980021C5F60201884203D1FFE79A
:10933000002008907AE00F9840F20041C5F6020143
:10934000884203D1FFE7012007906CE00F9840F6B8
:109350000001C5F60201884203D1FFE70220069012
:109360005EE00F9840F60041C5F60201884203D145
:10937000FFE70320059050E00F9841F20001C5F689
:109380000201884203D1FFE70420049042E00F98D5
:1093900041F20041C5F60201884203D1FFE70520F2
:1093A000039034E00F9841F60001C5F602018842AF
:1093B00003D1FFE70620029026E00F9841F6004116
:1093C000C5F60201884203D1FFE70720019018E0AB
:1093D0000F9842F20001C5F60201884203D1FFE76F
:1093E000082000900AE00F9942F20042C5F60202FE
:1093F0000A20914208BF09200090FFE700980190E1
:10940000FFE701980290FFE702980390FFE70398B7
:109410000490FFE704980590FFE705980690FFE7A2
:1094200006980790FFE707980890FFE709980899C2
:109430000D9A02F003029200914088422AD1FFE780
:109440000C9A0A990868904308600C9A0A9948682F
:10945000904348600C9A0421C5F6000108689043C7
:1094600008600C9A4FF0B0410868904308600D986E
:1094700000F0030081000F2088400B900B9B0D989B
:1094800020F0030140F20842C5F6000288589843D4
:109490008850FFE70D984100032000FA01F30F9A6E
:1094A000116819431160DDF834C00CF007018A001F
:1094B0000F2101FA02F30F996FF0030202EA5C0236
:1094C0000A44116A994311620D99490000FA01F3A7
:1094D0000F9AD1689943D1600D9A012101FA02F3E4
:1094E0000F9A5168994351600D99490000FA01F2B1
:1094F0000F99886890438860FFE70D9801300D90C0
:10950000E8E610B07047000090B00F900E91002078
:109510000D908020C5F600000A90FFE70E980068C5
:109520000D99C840002800F0DB81FFE70E98006825
:109530000D9A0121914008400C900C98002800F0F1
:10954000CB81FFE70E98406800F00300012807D0A8
:10955000FFE70E98406800F0030002282FD1FFE7D4
:109560000F9880680B900D984100032000FA01F1DC
:109570000B9888430B900E98C0680D99490000FA2B
:1095800001F10B9808430B900B980F9988600F9886
:1095900040680B900D99012000FA01F10B98884367
:1095A0000B900E984068C0F300100D9900FA01F17D
:1095B0000B9808430B900B980F994860FFE70E98A3
:1095C000406800F0030003280CD1FFE70E984068C4
:1095D00000F0030003281DD1FFE70E9880680128E2
:1095E00018D0FFE70F98C0680B900D98410003203A
:1095F00000FA01F10B9888430B900E9880680D9942
:10960000490000FA01F10B9808430B900B980F9951
:10961000C860FFE70E98406800F00300022826D1DA
:10962000FFE70F980D996FF0030202EA5101084419
:10963000006A0B900D9800F0070081000F2000FADF
:1096400001F10B9888430B900E9800690D9901F079
:109650000701890000FA01F10B9808430B900B9861
:109660000F990D9B02EA530211440862FFE70F981D
:1096700000680B900D984100032000FA01F10B984F
:1096800088430B900E98406800F003000D99490044
:1096900000FA01F10B9808430B900B980F990860A2
:1096A0000E9880798007002800F01581FFE7FFE71A
:1096B00044F2F440C5F60200016841F00201016085
:1096C000006800F0020009900998FFE70D9820F06B
:1096D000030040F20841C5F6000140580B900D9878
:1096E00000F0030081000F2000FA01F10B9888437D
:1096F0000B900F980021C5F60201884203D1FFE7C5
:10970000002008907AE00F9840F20041C5F602016F
:10971000884203D1FFE7012007906CE00F9840F6E4
:109720000001C5F60201884203D1FFE7022006903E
:109730005EE00F9840F60041C5F60201884203D171
:10974000FFE70320059050E00F9841F20001C5F6B5
:109750000201884203D1FFE70420049042E00F9801
:1097600041F20041C5F60201884203D1FFE705201E
:10977000039034E00F9841F60001C5F602018842DB
:1097800003D1FFE70620029026E00F9841F6004142
:10979000C5F60201884203D1FFE70720019018E0D7
:1097A0000F9842F20001C5F60201884203D1FFE79B
:1097B000082000900AE00F9942F20042C5F602022A
:1097C0000A20914208BF09200090FFE7009801900D
:1097D000FFE701980290FFE702980390FFE70398E4
:1097E0000490FFE704980590FFE705980690FFE7CF
:1097F00006980790FFE707980890FFE708980D99EB
:1098000001F00301890000FA01F10B9808430B9065
:109810000B980D9921F0030140F20842C5F60002B1
:1098200088504FF0B04000680B900C990B9888431B
:109830000B900E988079C006002805D5FFE70C999B
:109840000B9808430B90FFE70B984FF0B04108606E
:109850000420C5F6000000680B900C990B98884313
:109860000B900E9880798006002805D5FFE70C99AB
:109870000B9808430B90FFE70B980421C5F60001F5
:1098800008600A9840680B900C990B9888430B90DD
:109890000E9880798007002805D5FFE70C990B9872
:1098A00008430B90FFE70B980A9948600A980068F4
:1098B0000B900C990B9888430B900E988079C007F9
:1098C00028B1FFE70C990B9808430B90FFE70B9822
:1098D0000A990860FFE7FFE70D9801300D901DE63B
:1098E00010B070470000000082B00190ADF8021087
:1098F0008DF801209DF8010028B1FFE7BDF80200B6
:109900000199886105E0BDF80200000401998861B1
:10991000FFE702B07047000041F20000C5F60040CA
:109920000068000C7047000042F68050C2F202400E
:10993000006870470000000040F21900C2F20040C9
:10994000027842F68051C2F2024108681044086071
:10995000704700000000000080B582B0032000F0D6
:109960002FF902F099FE44F21842C5F6020211687E
:10997000C1F303234AF2E031C0F60101CB5C03F0EE
:109980001F03D84000900098126802F00F02895C13
:1099900001F01F01C84040F21401C2F2004108600A
:1099A000009840F21001C2F2004108600F2000F060
:1099B00013F820B1FFE701208DF8070005E000F063
:1099C000BBF800208DF80700FFE79DF8070002B004
:1099D00080BD00000000000080B582B0009040F221
:1099E0001900C2F20040007820B9FFE701208DF88D
:1099F000070030E040F21000C2F20040006840F280
:109A00001901C2F200410A784FF47A71B1FBF2F108
:109A1000B0FBF1F005F068F920B1FFE701208DF807
:109A2000070018E000980F280DD8FFE700994FF0C5
:109A3000FF30002200F0ACF8009840F21C01C2F2A6
:109A40000041086003E001208DF8070003E00020DA
:109A50008DF80700FFE79DF8070002B080BD000009
:109A600010B581B00090009840784EF69851CEF233
:109A7000000108604EF6A051CEF20001086820F007
:109A800001000860009840684EF69C52CEF2000239
:109A90001060DDF800E09EF80C0000079EF80B2037
:109AA00040EA02609EF800209EF808309EF809C047
:109AB0009EF80A4040EAC4409EF80D4040EA8440C7
:109AC0009EF80E4040EA44409EF80FE040EA0E4007
:109AD00040EA0C2040EA43001043086001B010BD8A
:109AE000BFF35F8F4EF62451CEF20001086820F4D8
:109AF000803008604EF69451CEF2000100200860DC
:109B0000704700000000000081B00090009840F015
:109B100001004EF69451CEF2000108604EF6245139
:109B2000CEF20001086840F480300860BFF34F8F28
:109B3000BFF36F8F01B0704781B0FFE744F2F4408C
:109B4000C5F60200016841F002010160006800F002
:109B5000020000900098FFE701B07047000000008D
:109B600080B582B0ADF80600BDF906000CF0E8FF44
:109B700002B080BD0000000080B582B0ADF80600E4
:109B8000BDF906000CF0F8FF02B080BD0000000037
:109B900080B586B0ADF81600049103920DF024F85C
:109BA0000290BDF91600019002980499039A09F0F9
:109BB0004FF9014601980DF01FF806B080BD000076
:109BC00080B582B0019001980DF03AF802B080BDE6
:109BD00080B584B0029044F60C00C5F6020000681F
:109BE00000F004010020B0EB910F13D1FFE744F621
:109BF0000C00C5F60200006800F0070002998842D8
:109C000004D0FFE701208DF80F002EE000208DF832
:109C10000F002AE044F60C01C5F60201086820F0A6
:109C20000700029A10430860FFF77EFE0190FFE7ED
:109C300044F60400C5F60200006800F4005100205C
:109C4000B0EB513F0DD1FFE7FFF76EFE0199401ACF
:109C5000B0F57A7F04D9FFE701208DF80F0004E00A
:109C6000E6E700208DF80F00FFE79DF80F0004B035
:109C700080BD00000000000080B502F0B9FC44F295
:109C80002041C5F602010968C1F302124AF2E0312F
:109C9000C0F60101895C01F01F01C84080BD0000D1
:109CA00088B0079044F22840C5F60200016801F030
:109CB000030106910068C0F30510059044F22C40A2
:109CC000C5F60200006800F001000490049844F218
:109CD0003441C5F60201096889B2C908484300EE5B
:109CE000100AB8EE400A8DED020A0598002800F02F
:109CF0001181FFE70698009048B1FFE7009801281E
:109D000065D0FFE70098022800F08380A3E044F2CA
:109D10000040C5F60200006800F020010020B0EB12
:109D2000511F31D0FFE744F20040C5F60200006841
:109D3000C0F3C10149F20000C0F2D030C840039026
:109D40009DED030AB8EE400A9DED051AB8EE411AE2
:109D500080EE010A44F23040C5F6020000686FF35D
:109D60005F2001EE100AB8EE411A9DED022A9FED28
:109D70006F3A02EE031AB7EE002A31EE021A20EE15
:109D8000010A8DED010A21E09DED050AB8EE401AA9
:109D90009FED680A80EE010A44F23040C5F60200E9
:109DA00000686FF35F2001EE100AB8EE411A9DEDD6
:109DB000022A9FED5E3A02EE031AB7EE002A31EE58
:109DC000021A20EE010A8DED010AFFE765E09DED24
:109DD000050AB8EE401A9FED560A80EE010A44F2D9
:109DE0003040C5F6020000686FF35F2001EE100AF4
:109DF000B8EE411A9DED022A9FED4C3A02EE031A8D
:109E0000B7EE002A31EE021A20EE010A8DED010AAA
:109E100043E09DED050AB8EE401A9FED430A80EE3F
:109E2000010A44F23040C5F6020000686FF35F207B
:109E300001EE100AB8EE411A9DED022A9FED3B3A61
:109E400002EE031AB7EE002A31EE021A20EE010AE2
:109E50008DED010A21E09DED050AB8EE401A9FED57
:109E6000350A80EE010A44F23040C5F6020000686F
:109E70006FF35F2001EE100AB8EE411A9DED022A41
:109E80009FED2A3A02EE031AB7EE002A31EE021ACB
:109E900020EE010A8DED010AFFE79DED010A44F273
:109EA0003040C5F60200016889B2490A01EE101A75
:109EB000B8EE411AB7EE002A31EE021A80EE010A1E
:109EC0000799BCEEC00A81ED000A9DED010A016808
:109ED000C1F3064101EE101AB8EE411A31EE021A32
:109EE00080EE010A0799BCEEC00A81ED010A9DEDE2
:109EF000010A0068C0F3066001EE100AB8EE411ACC
:109F000031EE021A80EE010A0798BCEEC00A80ED1D
:109F1000020A07E00799002008600799486007993E
:109F20008860FFE708B0704720BCBE4B00000039D6
:109F30000024744A0024744C88B0079044F22840EE
:109F4000C5F60200016801F0030106910068C0F344
:109F50000530059044F22C40C5F602000068C0F3BD
:109F600000100490049844F23C41C5F602010968CF
:109F700089B2C908484300EE100AB8EE400A8DEDD8
:109F8000020A0598002800F01181FFE7069800906A
:109F900048B1FFE70098012865D0FFE70098022844
:109FA00000F08380A3E044F20040C5F602000068A0
:109FB00000F020010020B0EB511F31D0FFE744F248
:109FC0000040C5F602000068C0F3C10149F200007C
:109FD000C0F2D030C84003909DED030AB8EE400AAD
:109FE0009DED051AB8EE411A80EE010A44F23840A0
:109FF000C5F6020000686FF35F2001EE100AB8EEAC
:10A00000411A9DED022A9FED6F3A02EE031AB7EE58
:10A01000002A31EE021A20EE010A8DED010A21E03C
:10A020009DED050AB8EE401A9FED680A80EE010A20
:10A0300044F23840C5F6020000686FF35F2001EE7D
:10A04000100AB8EE411A9DED022A9FED5E3A02EE2B
:10A05000031AB7EE002A31EE021A20EE010A8DED46
:10A06000010AFFE765E09DED050AB8EE401A9FED95
:10A07000560A80EE010A44F23840C5F60200006834
:10A080006FF35F2001EE100AB8EE411A9DED022A2F
:10A090009FED4C3A02EE031AB7EE002A31EE021A97
:10A0A00020EE010A8DED010A43E09DED050AB8EEB0
:10A0B000401A9FED430A80EE010A44F23840C5F68B
:10A0C000020000686FF35F2001EE100AB8EE411A3B
:10A0D0009DED022A9FED3B3A02EE031AB7EE002AED
:10A0E00031EE021A20EE010A8DED010A21E09DED0C
:10A0F000050AB8EE401A9FED340A80EE010A44F2D8
:10A100003840C5F6020000686FF35F2001EE100AC8
:10A11000B8EE411A9DED022A9FED2A3A02EE031A8B
:10A12000B7EE002A31EE021A20EE010A8DED010A87
:10A13000FFE79DED010A44F23840C5F602000168D0
:10A1400089B2490A01EE101AB8EE411AB7EE002A98
:10A1500031EE021A80EE010A0799BCEEC00A81EDC9
:10A16000000A9DED010A0168C1F3064101EE101AD3
:10A17000B8EE411A31EE021A80EE010A0799BCEEE0
:10A18000C00A81ED010A9DED010A0068C0F3066076
:10A1900001EE100AB8EE411A31EE021A80EE010A01
:10A1A0000798BCEEC00A80ED020A07E0079900207C
:10A1B00008600799486007998860FFE708B0704712
:10A1C00020BCBE4B000000390024744A0024744CAB
:10A1D00088B0079044F22840C5F60200016801F0FB
:10A1E000030106910068C0F30550059044F22C402D
:10A1F000C5F602000068C0F300200490049844F201
:10A200004441C5F60201096889B2C908484300EE15
:10A21000100AB8EE400A8DED020A0598002800F0F9
:10A220001181FFE70698009048B1FFE700980128E8
:10A2300065D0FFE70098022800F08380A3E044F295
:10A240000040C5F60200006800F020010020B0EBDD
:10A25000511F31D0FFE744F20040C5F6020000680C
:10A26000C0F3C10149F20000C0F2D030C8400390F1
:10A270009DED030AB8EE400A9DED051AB8EE411AAD
:10A2800080EE010A44F24040C5F6020000686FF318
:10A290005F2001EE100AB8EE411A9DED022A9FEDF3
:10A2A0006F3A02EE031AB7EE002A31EE021A20EEE0
:10A2B000010A8DED010A21E09DED050AB8EE401A74
:10A2C0009FED680A80EE010A44F24040C5F60200A4
:10A2D00000686FF35F2001EE100AB8EE411A9DEDA1
:10A2E000022A9FED5E3A02EE031AB7EE002A31EE23
:10A2F000021A20EE010A8DED010AFFE765E09DEDEF
:10A30000050AB8EE401A9FED560A80EE010A44F2A3
:10A310004040C5F6020000686FF35F2001EE100AAE
:10A32000B8EE411A9DED022A9FED4C3A02EE031A57
:10A33000B7EE002A31EE021A20EE010A8DED010A75
:10A3400043E09DED050AB8EE401A9FED430A80EE0A
:10A35000010A44F24040C5F6020000686FF35F2036
:10A3600001EE100AB8EE411A9DED022A9FED3B3A2C
:10A3700002EE031AB7EE002A31EE021A20EE010AAD
:10A380008DED010A21E09DED050AB8EE401A9FED22
:10A39000340A80EE010A44F24040C5F6020000682B
:10A3A0006FF35F2001EE100AB8EE411A9DED022A0C
:10A3B0009FED2A3A02EE031AB7EE002A31EE021A96
:10A3C00020EE010A8DED010AFFE79DED010A44F23E
:10A3D0004040C5F60200016889B2490A01EE101A30
:10A3E000B8EE411AB7EE002A31EE021A80EE010AE9
:10A3F0000799BCEEC00A81ED000A9DED010A0168D3
:10A40000C1F3064101EE101AB8EE411A31EE021AFC
:10A4100080EE010A0799BCEEC00A81ED010A9DEDAC
:10A42000010A0068C0F3066001EE100AB8EE411A96
:10A4300031EE021A80EE010A0798BCEEC00A80EDE8
:10A44000020A07E007990020086007994860079909
:10A450008860FFE708B0704720BCBE4B00000039A1
:10A460000024744A0024744C80B59AB01991189055
:10A470001898199980F480700843002840F0A8804B
:10A48000FFE744F25040C5F60200006800F0070004
:10A490000D900D980A90042800F295800A99DFE843
:10A4A00001F00316298C3C0044F20040C5F602007E
:10A4B00000688001002806D5FFE715A8FFF7F0FB2C
:10A4C00016980E9002E000200E90FFE77EE044F226
:10A4D0000040C5F6020000680001002806D5FFE72D
:10A4E00012A8FFF729FD12980E9002E000200E90AE
:10A4F000FFE76BE044F20040C5F602000068800010
:10A50000002806D5FFE70FA8FFF762FE0F980E9010
:10A5100002E000200E90FFE758E044F24C40C5F600
:10A520000200006800F040500C9044F20040C5F674
:10A53000020000684007002811D5FFE70C9870B9A9
:10A54000FFE744F20040C5F602000068C0F3C10115
:10A5500049F20000C0F2D030C8400E902CE044F226
:10A560000040C5F602000068C00500280BD5FFE7D3
:10A570000C98B0F1805F06D1FFE740F60010C0F202
:10A580003D000E9017E044F20040C5F6020000685E
:10A59000800300280BD5FFE70C98B0F1005F06D1CF
:10A5A000FFE747F64000C0F27D100E9002E0002069
:10A5B0000E90FFE7FFE7FFE708E048F20000C0F277
:10A5C000BB000E9002E000200E90FFE700F06EBD91
:10A5D0001898199980F400700843002840F0B3805F
:10A5E000FFE744F25040C5F60200006800F4E07056
:10A5F0000D900D98099090B1FFE70998402821D05F
:10A60000FFE70998802830D0FFE70998C02800F0BC
:10A610008F80FFE70998B0F5807F39D08EE044F253
:10A620000040C5F6020000688001002806D5FFE75B
:10A6300015A8FFF735FB16980E9002E000200E904B
:10A64000FFE77EE044F20040C5F60200006800012A
:10A65000002806D5FFE712A8FFF76EFC12980E90AF
:10A6600002E000200E90FFE76BE044F20040C5F6E8
:10A67000020000688000002806D5FFE70FA8FFF75A
:10A68000A7FD0F980E9002E000200E90FFE758E023
:10A6900044F24C40C5F60200006800F040500C90B7
:10A6A00044F20040C5F6020000684007002811D5BA
:10A6B000FFE70C9870B9FFE744F20040C5F60200CE
:10A6C0000068C0F3C10149F20000C0F2D030C840B8
:10A6D0000E902CE044F20040C5F602000068C00570
:10A6E00000280BD5FFE70C98B0F1805F06D1FFE79B
:10A6F00040F60010C0F23D000E9017E044F200401A
:10A70000C5F602000068800300280BD5FFE70C980F
:10A71000B0F1005F06D1FFE747F64000C0F27D10C0
:10A720000E9002E000200E90FFE7FFE7FFE708E051
:10A7300048F20000C0F2BB000E9002E000200E9034
:10A74000FFE700F0B2BC1898199980F480600843C4
:10A75000002840F0B580FFE744F25840C5F60200FB
:10A76000006800F460000D900D980890A8B1FFE714
:10A770000898B0F5001F23D0FFE70898B0F5800FC8
:10A7800031D0FFE70898B0F5C00F00F08F80FFE7E9
:10A790000898B0F5000F39D08EE044F20040C5F6BD
:10A7A000020000688001002806D5FFE715A8FFF722
:10A7B00077FA16980E9002E000200E90FFE77EE0F8
:10A7C00044F20040C5F6020000680001002806D5EA
:10A7D000FFE712A8FFF7B0FB12980E9002E00020EE
:10A7E0000E90FFE76BE044F20040C5F602000068FF
:10A7F0008000002806D5FFE70FA8FFF7E9FC0F98B7
:10A800000E9002E000200E90FFE758E044F24C402A
:10A81000C5F60200006800F040500C9044F2004081
:10A82000C5F6020000684007002811D5FFE70C9824
:10A8300070B9FFE744F20040C5F602000068C0F3BB
:10A84000C10149F20000C0F2D030C8400E902CE0A7
:10A8500044F20040C5F602000068C00500280BD590
:10A86000FFE70C98B0F1805F06D1FFE740F60010DB
:10A87000C0F23D000E9017E044F20040C5F6020021
:10A880000068800300280BD5FFE70C98B0F1005F4B
:10A8900006D1FFE747F64000C0F27D100E9002E0BF
:10A8A00000200E90FFE7FFE7FFE708E048F2000016
:10A8B000C0F2BB000E9002E000200E90FFE7F3E331
:10A8C0001898199980F400600843002840F0B5807A
:10A8D000FFE744F25840C5F60200006800F0E0606F
:10A8E0000D900D980790A8B1FFE70798B0F1807F11
:10A8F00023D0FFE70798B0F1007F31D0FFE707983A
:10A90000B0F1407F00F08F80FFE70798B0F1806FD3
:10A9100039D08EE044F20040C5F6020000688001A4
:10A92000002806D5FFE715A8FFF7BAF916980E908C
:10A9300002E000200E90FFE77EE044F20040C5F602
:10A94000020000680001002806D5FFE712A8FFF703
:10A95000F3FA12980E9002E000200E90FFE76BE0F1
:10A9600044F20040C5F6020000688000002806D5C9
:10A97000FFE70FA8FFF72CFC0F980E9002E00020D5
:10A980000E90FFE758E044F24C40C5F60200006824
:10A9900000F040500C9044F20040C5F60200006800
:10A9A0004007002811D5FFE70C9870B9FFE744F283
:10A9B0000040C5F602000068C0F3C10149F2000082
:10A9C000C0F2D030C8400E902CE044F20040C5F6F2
:10A9D00002000068C00500280BD5FFE70C98B0F115
:10A9E000805F06D1FFE740F60010C0F23D000E90F8
:10A9F00017E044F20040C5F602000068800300281A
:10AA00000BD5FFE70C98B0F1005F06D1FFE747F6E2
:10AA10004000C0F27D100E9002E000200E90FFE793
:10AA2000FFE7FFE708E048F20000C0F2BB000E902D
:10AA300002E000200E90FFE735E31898199980F4A2
:10AA400080500843002840F0B580FFE744F25040B2
:10AA5000C5F60200006800F4E0400B900B980690E9
:10AA6000A8B1FFE70698B0F5805F23D0FFE706980E
:10AA7000B0F5005F31D0FFE70698B0F5405F00F019
:10AA80008F80FFE70698B0F5804F39D08EE044F212
:10AA90000040C5F6020000688001002806D5FFE7E7
:10AAA00015A8FFF7FDF816980E9002E000200E9012
:10AAB000FFE77EE044F20040C5F6020000680001B6
:10AAC000002806D5FFE712A8FFF736FA12980E9075
:10AAD00002E000200E90FFE76BE044F20040C5F674
:10AAE000020000688000002806D5FFE70FA8FFF7E6
:10AAF0006FFB0F980E9002E000200E90FFE758E0E9
:10AB000044F24C40C5F60200006800F040500C9042
:10AB100044F20040C5F6020000684007002811D545
:10AB2000FFE70C9870B9FFE744F20040C5F6020059
:10AB30000068C0F3C10149F20000C0F2D030C84043
:10AB40000E902CE044F20040C5F602000068C005FB
:10AB500000280BD5FFE70C98B0F1805F06D1FFE726
:10AB600040F60010C0F23D000E9017E044F20040A5
:10AB7000C5F602000068800300280BD5FFE70C989B
:10AB8000B0F1005F06D1FFE747F64000C0F27D104C
:10AB90000E9002E000200E90FFE7FFE7FFE708E0DD
:10ABA00048F20000C0F2BB000E9002E000200E90C0
:10ABB000FFE777E21898199980F4005008430028BD
:10ABC00040F09580FFE744F25040C5F6020000686F
:10ABD00000F4E0200B900B980590C8B1FFE70598B2
:10ABE000B0F5803F18D0FFE70598B0F5003F26D0BC
:10ABF000FFE70598B0F5403F34D0FFE70598B0F582
:10AC0000802F4AD0FFE70598B0F5A02F58D06AE012
:10AC100001F01AFD0E9069E044F20040C5F6020012
:10AC200000680001002806D5FFE712A8FFF784F9A5
:10AC300013980E9002E000200E90FFE756E044F2D9
:10AC40000040C5F6020000688000002806D5FFE736
:10AC50000FA8FFF7BDFA10980E9002E000200E90AA
:10AC6000FFE743E044F20040C5F6020000684007F9
:10AC700000280ED5FFE744F20040C5F60200006848
:10AC8000C0F3C10149F20000C0F2D030C8400E90BC
:10AC900002E000200E90FFE728E044F20040C5F6F5
:10ACA00002000068C005002806D5FFE740F6001046
:10ACB000C0F23D000E9002E000200E90FFE715E08C
:10ACC00044F20040C5F6020000688003002806D563
:10ACD000FFE747F64000C0F27D100E9002E0002032
:10ACE0000E90FFE702E000200E90FFE7D9E11898F0
:10ACF000199980F400200843002840F09180FFE774
:10AD000044F25840C5F60200006800F440300B9051
:10AD10000B98049050B1FFE70498B0F5803F18D02D
:10AD2000FFE70498B0F5003F26D075E044F20040FC
:10AD3000C5F6020000680001002806D5FFE712A84A
:10AD4000FFF7FAF812980E9002E000200E90FFE74D
:10AD500065E044F20040C5F602000068800000286B
:10AD600006D5FFE70FA8FFF733FA11980E9002E01F
:10AD700000200E90FFE752E044F24C40C5F602007E
:10AD8000006800F040500C9044F20040C5F602000C
:10AD900000684007002811D5FFE70C9870B9FFE75D
:10ADA00044F20040C5F602000068C0F3C10149F258
:10ADB0000000C0F2D030C8400E902CE044F20040B9
:10ADC000C5F602000068C00500280BD5FFE70C9807
:10ADD000B0F1805F06D1FFE740F60010C0F23D0001
:10ADE0000E9017E044F20040C5F6020000688003B0
:10ADF00000280BD5FFE70C98B0F1005F06D1FFE704
:10AE000047F64000C0F27D100E9002E000200E9048
:10AE1000FFE7FFE7FFE702E000200E90FFE73FE1DA
:10AE20001898199980F480300843D8BBFFE744F2A2
:10AE30004C40C5F60200006800F480300B900B987F
:10AE4000039028B1FFE70398B0F5803F13D025E0C9
:10AE500044F20040C5F6020000688001002806D5D3
:10AE6000FFE715A8FEF71CFF16980E9002E00020E1
:10AE70000E90FFE715E044F20040C5F602000068BE
:10AE80000001002806D5FFE712A8FFF755F814982F
:10AE90000E9002E000200E90FFE702E000200E90EE
:10AEA000FFE7FCE01898199980F4804008430028D7
:10AEB00040F09580FFE744F25840C5F60200006874
:10AEC00000F0E0400B900B980290C8B1FFE70298A9
:10AED000B0F1805F18D0FFE70298B0F1005F26D094
:10AEE000FFE70298B0F1405F34D0FFE70298B0F17D
:10AEF000804F4AD0FFE70298B0F1A04F58D06AE0E7
:10AF0000FEF7BAFE0E9069E044F20040C5F602007A
:10AF100000680001002806D5FFE712A8FFF70CF82B
:10AF200013980E9002E000200E90FFE756E044F2E6
:10AF30000040C5F6020000688000002806D5FFE743
:10AF40000FA8FFF745F910980E9002E000200E9030
:10AF5000FFE743E044F20040C5F602000068400706
:10AF600000280ED5FFE744F20040C5F60200006855
:10AF7000C0F3C10149F20000C0F2D030C8400E90C9
:10AF800002E000200E90FFE728E044F20040C5F602
:10AF900002000068C005002806D5FFE740F6001053
:10AFA000C0F23D000E9002E000200E90FFE715E099
:10AFB00044F20040C5F6020000688003002806D570
:10AFC000FFE747F64000C0F27D100E9002E000203F
:10AFD0000E90FFE702E000200E90FFE75EE0189879
:10AFE000199980F400400843002853D1FFE744F248
:10AFF0005040C5F60200006800F040500B900B98DE
:10B00000019050B1FFE70198B0F1805F18D0FFE7E1
:10B010000198B0F1005F26D038E044F20040C5F658
:10B02000020000688003002806D5FFE747F64000CD
:10B03000C0F27D100E9002E000200E90FFE728E0A5
:10B0400044F20040C5F6020000688001002806D5E1
:10B05000FFE715A8FEF724FE16980E9002E00020E8
:10B060000E90FFE715E044F20040C5F602000068CC
:10B070000001002806D5FFE712A8FEF75DFF139830
:10B080000E9002E000200E90FFE702E000200E90FC
:10B09000FFE702E000200E90FFE7FFE7FFE7FFE792
:10B0A000FFE7FFE7FFE7FFE7FFE7FFE70E981AB0CC
:10B0B00080BD00000000000080B59AB0189000200C
:10B0C0008DF857008DF856001898C07800070028B2
:10B0D00048D5FFE71898806E149078B1FFE7149870
:10B0E000B0F5801F13D0FFE71498B0F5001F16D0FD
:10B0F000FFE71498B0F5401F19D019E044F22C4135
:10B10000C5F60201086840F40030086014E01898A1
:10B110000830022107F0D8FE8DF857000CE018988F
:10B120002830022107F0B8FF8DF8570004E003E053
:10B1300001208DF85700FFE79DF8570060B9FFE741
:10B1400044F25041C5F60201086820F44010189AF4
:10B15000926E1043086004E09DF857008DF8560089
:10B16000FFE7FFE718984078C007002840D0FFE7C6
:10B170001898806D1390042820D81399DFE801F007
:10B18000030C141C1D0044F22C41C5F60201086892
:10B1900040F40030086015E018980830002107F0EE
:10B1A00093FE8DF857000DE018982830002107F025
:10B1B00073FF8DF8570005E004E003E001208DF8EF
:10B1C0005700FFE79DF8570060B9FFE744F2504190
:10B1D000C5F60201086820F00700189A926D104326
:10B1E000086004E09DF857008DF85600FFE7FFE780
:10B1F00018984078800700284BD5FFE71898C06D55
:10B20000129088B1FFE71298402816D0FFE71298F5
:10B2100080281AD0FFE71298C0281ED0FFE71298A6
:10B22000B0F5807F1AD01AE044F22C41C5F6020135
:10B23000086840F40030086015E0189808300021D4
:10B2400007F042FE8DF857000DE0189828300021D5
:10B2500007F022FF8DF8570005E004E003E001202D
:10B260008DF85700FFE79DF8570060B9FFE744F2FB
:10B270005041C5F60201086820F4E070189AD26DBA
:10B280001043086004E09DF857008DF85600FFE772
:10B29000FFE7189840784007002850D5FFE7189836
:10B2A000D0F8A8001190A0B1FFE71198B0F5001FE9
:10B2B00018D0FFE71198B0F5800F1BD0FFE7119869
:10B2C000B0F5C00F1ED0FFE71198B0F5000F1AD0EF
:10B2D0001AE044F22C41C5F60201086840F400303F
:10B2E000086015E018980830002107F0EDFD8DF892
:10B2F00057000DE018982830002107F0CDFE8DF89A
:10B30000570005E004E003E001208DF85700FFE757
:10B310009DF8570068B9FFE744F25841C5F60201AD
:10B32000086820F46000189AD2F8A820104308603A
:10B3300004E09DF857008DF85600FFE7FFE71898E6
:10B3400040780007002850D5FFE71898D0F8AC00E7
:10B350001090A0B1FFE71098B0F1807F18D0FFE700
:10B360001098B0F1007F1BD0FFE71098B0F1407F3C
:10B370001ED0FFE71098B0F1806F1AD01AE044F2A7
:10B380002C41C5F60201086840F40030086015E061
:10B3900018980830002107F097FD8DF857000DE050
:10B3A00018982830002107F077FE8DF8570005E047
:10B3B00004E003E001208DF85700FFE79DF85700F7
:10B3C00068B9FFE744F25841C5F60201086820F069
:10B3D000E060189AD2F8AC201043086004E09DF8B1
:10B3E00057008DF85600FFE7FFE71898C0788007F0
:10B3F00000283ED5FFE71898C06C0F90F0B1FFE72A
:10B400000F98102808D0FFE70F9820280DD0FFE7ED
:10B410000F98302811D012E044F22C41C5F60201F9
:10B42000086840F4003008600DE0189808300221E8
:10B4300007F04AFD8DF8570005E004E003E0012025
:10B440008DF85700FFE79DF8570060B9FFE744F219
:10B450004C41C5F60201086820F03000189AD26C01
:10B460001043086004E09DF857008DF85600FFE790
:10B47000FFE718984078C00600284ED5FFE71898D7
:10B48000006E0E90A0B1FFE70E98B0F5805F18D067
:10B49000FFE70E98B0F5005F1BD0FFE70E98B0F500
:10B4A000405F1ED0FFE70E98B0F5804F1AD01AE02B
:10B4B00044F22C41C5F60201086840F400300860EF
:10B4C00015E018980830002107F0FEFC8DF85700B1
:10B4D0000DE018982830002107F0DEFD8DF85700A8
:10B4E00005E004E003E001208DF85700FFE79DF838
:10B4F000570060B9FFE744F25041C5F60201086801
:10B5000020F4E040189A126E1043086004E09DF8A1
:10B5100057008DF85600FFE7FFE71898407880063F
:10B5200000284CD5FFE71898406E0D90C8B1FFE792
:10B530000D98B0F5803F15D0FFE70D98B0F5003FAE
:10B5400018D0FFE70D98B0F5403F1BD0FFE70D98EE
:10B55000B0F5802F17D0FFE70D98B0F5A02F13D0CE
:10B5600013E016E018980830012107F0ADFC8DF8C3
:10B5700057000EE018982830012107F08DFD8DF856
:10B58000570006E005E004E003E001208DF85700D5
:10B59000FFE79DF8570060B9FFE744F25041C5F658
:10B5A0000201086820F4E020189A526E10430860E7
:10B5B00004E09DF857008DF85600FFE7FFE7189864
:10B5C0004078400600284ED5FFE71898D0F8B00024
:10B5D0000C90C8B1FFE70C98B0F1805F15D0FFE781
:10B5E0000C98B0F1005F18D0FFE70C98B0F1405F05
:10B5F0001BD0FFE70C98B0F1804F17D0FFE70C98F5
:10B60000B0F1A04F13D013E016E0189808300121D4
:10B6100007F05AFC8DF857000EE0189828300121E9
:10B6200007F03AFD8DF8570006E005E004E003E07E
:10B6300001208DF85700FFE79DF8570068B9FFE734
:10B6400044F25841C5F60201086820F0E040189A1B
:10B65000D2F8B0201043086004E09DF857008DF840
:10B660005600FFE7FFE718984078000600283BD512
:10B67000FFE71898006F0B90D8B1FFE70B98B0F177
:10B68000805F05D0FFE70B98B0F1005F09D011E0B3
:10B6900044F22C41C5F60201086840F4003008600D
:10B6A0000CE018980830012107F00EFC8DF85700C7
:10B6B00004E003E001208DF85700FFE79DF85700F4
:10B6C00060B9FFE744F25041C5F60201086820F076
:10B6D0004050189A126F1043086004E09DF857001C
:10B6E0008DF85600FFE7FFE71898C078C0070028DC
:10B6F00037D0FFE71898806C0A90032817D80A996A
:10B70000DFE801F014020B1344F22C41C5F60201EC
:10B71000086840F4003008600DE0189808300221F5
:10B7200007F0D2FB8DF8570005E004E003E00120AC
:10B730008DF85700FFE79DF8570060B9FFE744F226
:10B740004C41C5F60201086820F00300189A926C7B
:10B750001043086004E09DF857008DF85600FFE79D
:10B76000FFE7189880784006002840F1B480FFE792
:10B7700044F60001C5F60201086840F480700860D4
:10B78000FEF7D2F81690FFE744F60000C5F6020077
:10B790000068C00500280CD4FFE7FEF7C5F816992D
:10B7A000401A652804D3FFE703208DF8570000E016
:10B7B000EAE79DF85700002840F08780FFE744F251
:10B7C0007040C5F60200006800F440701899D1F886
:10B7D000B41001F44071884213D0FFE744F2704185
:10B7E000C5F60201086820F440701790086840F41C
:10B7F00080300860086820F480300860179808607E
:10B80000FFE71898D0F8B400B0F5807F1FD1FFE7AC
:10B81000FEF78AF81690FFE744F27040C5F6020082
:10B82000006800F002010020B0EB510F0ED1FFE7DD
:10B83000FEF77AF81699401A41F28931884204D30A
:10B84000FFE703208DF8570000E0E5E7FFE79DF8EC
:10B850005700A0BBFFE7FFE71898D0F8B40000F44A
:10B860004070B0F5407F13D1FFE744F21041C5F6B8
:10B870000201086820F47C50189AD2F8B4204FF6E0
:10B88000F043C0F6FF731A4040EA1210086008E067
:10B8900044F21041C5F60201086820F47C500860AB
:10B8A000FFE71898D0F8B4206FF31F3244F27041CC
:10B8B000C5F60201086810430860FFE704E09DF840
:10B8C00057008DF85600FFE704E09DF857008DF80B
:10B8D0005600FFE7FFE718980068C007002800F04F
:10B8E0004C80FFE71898C06F099028282BD8099939
:10B8F000DFE801F0152929292929292916292929CB
:10B90000292929291E2929292929292926292929B5
:10B91000292929292729292929292929280016E01F
:10B9200018980830012107F0CFFA8DF857000EE083
:10B9300018982830012107F0AFFB8DF8570006E07A
:10B9400005E004E003E001208DF85700FFE79DF8D3
:10B95000570060B9FFE744F25441C5F60201086898
:10B9600020F03800189AD26F1043086004E09DF868
:10B9700057008DF85600FFE7FFE71898007880071A
:10B98000002839D5FFE71898806F0890052819D846
:10B990000899DFE801F003040C14151616E0189856
:10B9A0000830012107F090FA8DF857000EE0189842
:10B9B0002830012107F070FB8DF8570006E005E004
:10B9C00004E003E001208DF85700FFE79DF85700E1
:10B9D00060B9FFE744F25441C5F60201086820F05F
:10B9E0000700189A926F1043086004E09DF8570012
:10B9F0008DF85600FFE7FFE7189800784007002809
:10BA00003BD5FFE71898D0F894000790052819D87F
:10BA10000799DFE801F003040C14151616E01898D6
:10BA20000830012107F050FA8DF857000EE0189801
:10BA30002830012107F030FB8DF8570006E005E0C3
:10BA400004E003E001208DF85700FFE79DF8570060
:10BA500068B9FFE744F25841C5F60201086820F0D2
:10BA60000700189AD2F894201043086004E09DF86B
:10BA700057008DF85600FFE7FFE71898007880061A
:10BA800000284ED5FFE71898D0F890000690C8B16E
:10BA9000FFE70698B0F1805F15D0FFE70698B0F198
:10BAA000005F18D0FFE70698B0F1405F1BD0FFE7BA
:10BAB0000698B0F1804F17D0FFE70698B0F1A04F7D
:10BAC00013D013E016E018980830002107F0FCF9B5
:10BAD0008DF857000EE018982830022107F0DCFAA4
:10BAE0008DF8570006E005E004E003E001208DF842
:10BAF0005700FFE79DF8570068B9FFE744F254414B
:10BB0000C5F60201086820F0E040189AD2F89020AB
:10BB10001043086004E09DF857008DF85600FFE7D9
:10BB2000FFE718980078400600284ED5FFE71898E0
:10BB3000D0F89C000590C8B1FFE70598B0F5806F7C
:10BB400015D0FFE70598B0F5006F18D0FFE705980E
:10BB5000B0F5406F1BD0FFE70598B0F5805F17D0B8
:10BB6000FFE70598B0F5A05F13D013E016E0189832
:10BB70000830002107F0A8F98DF857000EE018985A
:10BB80002830022107F088FA8DF8570006E005E01A
:10BB900004E003E001208DF85700FFE79DF857000F
:10BBA00068B9FFE744F25841C5F60201086820F47D
:10BBB000E050189AD2F89C201043086004E09DF8E9
:10BBC00057008DF85600FFE7FFE718980078000649
:10BBD00000284ED5FFE71898D0F8A0000490C8B10F
:10BBE000FFE70498B0F5005F15D0FFE70498B0F5C3
:10BBF000804F18D0FFE70498B0F5C04F1BD0FFE787
:10BC00000498B0F5004F17D0FFE70498B0F5204F27
:10BC100013D013E016E018980830002107F054F90B
:10BC20008DF857000EE018982830022107F034FAFA
:10BC30008DF8570006E005E004E003E001208DF8F0
:10BC40005700FFE79DF8570068B9FFE744F25841F5
:10BC5000C5F60201086820F46040189AD2F8A020C6
:10BC60001043086004E09DF857008DF85600FFE788
:10BC7000FFE7189800780007002820D5FFE71898FC
:10BC8000D0F88400B0F5805F0CD1FFE71898283019
:10BC9000022107F001FA20B1FFE701208DF85600DC
:10BCA000FFE7FFE744F25441C5F60201086820F4BB
:10BCB0004050189AD2F8842010430860FFE7189883
:10BCC0000078C006002820D5FFE71898D0F8980023
:10BCD000B0F5807F0CD1FFE718982830022107F0DB
:10BCE000DBF920B1FFE701208DF85600FFE7FFE701
:10BCF00044F25841C5F60201086820F44070189AD1
:10BD0000D2F8982010430860FFE718988078000761
:10BD100000283CD5FFE71898D0F8A400039050B154
:10BD2000FFE70398B0F5803F0DD0FFE70398B0F52B
:10BD3000003F10D010E018980830002107F0C4F838
:10BD40008DF857000CE018982830022107F0A4F96C
:10BD50008DF8570004E003E001208DF85700FFE75D
:10BD60009DF8570068B9FFE744F25841C5F6020153
:10BD7000086820F44030189AD2F8A42010430860D4
:10BD800004E09DF857008DF85600FFE7FFE718988C
:10BD90008078400700283FD5FFE71898D0F8880042
:10BDA0000290B0F5801F0AD0FFE70298B0F5001F9F
:10BDB0000ED0FFE70298B0F5401F11D011E044F219
:10BDC0002C41C5F60201086840F4003008600CE020
:10BDD00018982830012107F05FF98DF8570004E02A
:10BDE00003E001208DF85700FFE79DF8570068B980
:10BDF000FFE744F25441C5F60201086820F4401000
:10BE0000189AD2F888201043086004E09DF8570083
:10BE10008DF85600FFE7FFE718988078C007A8B3B1
:10BE2000FFE71898006D019028B1FFE70198B0F581
:10BE3000803F09D010E044F22C41C5F602010868A9
:10BE400040F4003008600BE018980830022107F039
:10BE50003BF88DF8570003E001208DF85700FFE70D
:10BE60009DF8570060B9FFE744F24C41C5F6020166
:10BE7000086820F48030189A126D1043086004E0BE
:10BE80009DF857008DF85600FFE7FFE71898C07837
:10BE9000800600280CD5FFE718982830022107F00B
:10BEA000FBF820B1FFE701208DF85600FFE7FFE720
:10BEB00018988078800700283CD5FFE71898D0F8BC
:10BEC00080000090D0B1FFE70098B0F5807F0AD0E5
:10BED000FFE70098B0F5007F0ED0FFE70098B0F5BF
:10BEE000407F0AD00BE044F22C41C5F602010868FD
:10BEF00040F40030086006E005E004E003E00120C3
:10BF00008DF85700FFE79DF8570068B9FFE744F246
:10BF10005441C5F60201086820F44070189AD2F81E
:10BF200080201043086004E09DF857008DF856000B
:10BF3000FFE7FFE718988078C00600280CD5FFE7D8
:10BF400044F25041C5F60201086820F00040189AFA
:10BF5000526F10430860FFE71898C078C0060028A9
:10BF60000DD5FFE744F21041C5F60201086820F440
:10BF70008040189AD2F8B82010430860FFE718985C
:10BF80008078800600280CD5FFE744F25041C5F6C2
:10BF90000201086820F08070189AD26E1043086081
:10BFA000FFE71898C0784006002811D5FFE7FFE7A3
:10BFB00044F21041C5F60201086820F40040086010
:10BFC0001898D0F8BC20086810430860FFE7FFE726
:10BFD0001898C078000600280CD5FFE744F24C41C1
:10BFE000C5F60201086820F04050189A526D1043BF
:10BFF0000860FFE718988078000600280DD5FFE755
:10C0000044F25441C5F60201086820F44000189A31
:10C01000D2F88C2010430860FFE718980079C00719
:10C0200090B1FFE718980830002106F04DFF8DF819
:10C0300057009DF8570008B9FFE704E09DF8570046
:10C040008DF85600FFE7FFE7189800798007002871
:10C0500012D5FFE718980830012106F035FF8DF85A
:10C0600057009DF8570008B9FFE704E09DF8570016
:10C070008DF85600FFE7FFE7189800794007002881
:10C0800012D5FFE718980830022106F01DFF8DF841
:10C0900057009DF8570008B9FFE704E09DF85700E6
:10C0A0008DF85600FFE7FFE7189800790007002891
:10C0B00012D5FFE718982830002106F0EDFF8DF823
:10C0C00057009DF8570008B9FFE704E09DF85700B6
:10C0D0008DF85600FFE7FFE718980079C0060028A2
:10C0E00012D5FFE718982830012106F0D5FF8DF80A
:10C0F00057009DF8570008B9FFE704E09DF8570086
:10C100008DF85600FFE7FFE71898007980060028B1
:10C1100012D5FFE718982830022106F0BDFF8DF8F0
:10C1200057009DF8570008B9FFE704E09DF8570055
:10C130008DF85600FFE7FFE79DF8560020B9FFE7AE
:10C1400000208DF8670003E001208DF86700FFE70D
:10C150009DF867001AB080BD80B586B00490039149
:10C16000049820B9FFE701208DF817003CE20398FE
:10C1700042F20001C5F20021096801F00F01884276
:10C1800016D9FFE742F20000C5F20020016821F055
:10C190000F01039A11430160006800F00F0003993A
:10C1A000884204D0FFE701208DF817001CE2FFE76A
:10C1B000049800784007002819D5FFE70498006923
:10C1C00044F21841C5F60201096801F07001884285
:10C1D0000CD9FFE744F21841C5F60201086820F0C7
:10C1E0007000049A126910430860FFE7FFE70498A3
:10C1F00000780007002819D5FFE70498406944F249
:10C200001C41C5F60201096801F0700188420CD991
:10C21000FFE744F21C41C5F60201086820F07000F7
:10C22000049A526910430860FFE7FFE7049800781A
:10C23000C006002819D5FFE70498806944F21C4124
:10C24000C5F60201096801F4E06188420CD9FFE7F4
:10C2500044F21C41C5F60201086820F4E060049A2B
:10C26000926910430860FFE7FFE7049800788006B2
:10C27000002819D5FFE70498C06944F22041C5F6AB
:10C280000201096801F0700188420CD9FFE744F20D
:10C290002041C5F60201086820F07000049AD269B6
:10C2A00010430860FFE7FFE7049800788007002844
:10C2B00019D5FFE70498C06844F21841C5F6020199
:10C2C000096801F00F0188420CD9FFE744F21841D8
:10C2D000C5F60201086820F00F00049AD2681043E6
:10C2E0000860FFE7FFE704980078C007002800F027
:10C2F0008C80FFE744F21841C5F60201086820F47B
:10C300007060049A9268104308600498406802289C
:10C3100011D1FFE744F20040C5F60200006800F4C6
:10C3200000310020B0EB514F04D1FFE701208DF820
:10C33000170059E13EE004984068032811D1FFE757
:10C3400044F20040C5F60200006800F000710020D1
:10C35000B0EB516F04D1FFE701208DF8170043E1E6
:10C3600027E004984068012811D1FFE744F200401B
:10C37000C5F60200006800F480710020B0EB112FB8
:10C3800004D1FFE701208DF817002DE110E044F201
:10C390000040C5F60200006800F004010020B0EB88
:10C3A000910F04D1FFE701208DF817001CE1FFE792
:10C3B000FFE7FFE744F21041C5F60201086820F0EC
:10C3C0000700049A526810430860FDF7ADFA019027
:10C3D000FFE744F21040C5F60200006800F03800A4
:10C3E00004994968B0EBC10F0ED0FFE7FDF79CFA46
:10C3F0000199401A41F28931884204D3FFE70320B2
:10C400008DF81700F0E0E4E7FFE704980078800774
:10C41000002819D5FFE70498C06844F21841C5F612
:10C420000201096801F00F0188420CD2FFE744F2D3
:10C430001841C5F60201086820F00F00049AD2687E
:10C4400010430860FFE7FFE7039842F20001C5F2DE
:10C450000021096801F00F01884216D2FFE742F27D
:10C460000000C5F20020016821F00F01039A11437A
:10C470000160006800F00F000399884204D0FFE7D4
:10C4800001208DF81700AFE0FFE70498007840071F
:10C49000002819D5FFE70498006944F21841C5F651
:10C4A0000201096801F0700188420CD2FFE744F2F2
:10C4B0001841C5F60201086820F07000049A12695C
:10C4C00010430860FFE7FFE70498007800070028A2
:10C4D00019D5FFE70498406944F21C41C5F60201F2
:10C4E000096801F0700188420CD2FFE744F21C4158
:10C4F000C5F60201086820F07000049A52691043E2
:10C500000860FFE7FFE704980078C006002819D507
:10C51000FFE70498806944F21C41C5F602010968EE
:10C5200001F4E06188420CD2FFE744F21C41C5F6F9
:10C530000201086820F4E060049A926910430860E0
:10C54000FFE7FFE7049800788006002819D5FFE789
:10C550000498C06944F22041C5F60201096801F05F
:10C56000700188420CD2FFE744F22041C5F6020177
:10C57000086820F07000049AD26910430860FFE751
:10C58000FFE700F089F844F21842C5F6020211688C
:10C59000C1F303234AF2E031C0F60101CB5C03F0A2
:10C5A0001F03D84000900098126802F00F02895CC7
:10C5B00001F01F01C84040F21401C2F200410860BE
:10C5C000009840F21001C2F20041086040F21C00E5
:10C5D000C2F200400068FDF7FFF98DF80B009DF8EE
:10C5E0000B008DF81700FFE79DF8170006B080BD1F
:10C5F00080B582B000F050F844F21842C5F602024D
:10C600001168C1F303234AF2E031C0F60101CB5CAB
:10C6100003F01F03D84001900198126802F00F0246
:10C62000895C01F01F0120FA01F140F21400C2F20E
:10C6300000400160019940F21002C2F20042116014
:10C64000006802B080BD000080B5FFF7D1FF44F262
:10C650001C41C5F602010968C1F302124AF2E03139
:10C66000C0F60101895C01F01F01C84080BD0000D7
:10C6700080B5FFF7BDFF44F21C41C5F60201096811
:10C68000C1F302224AF2E031C0F60101895C01F0F7
:10C690001F01C84080BD00008AB044F21040C5F6BA
:10C6A0000200006800F0380001460191182800F2ED
:10C6B0005F810199DFE811F019005C015C015C0108
:10C6C0005C015C015C015C013A005C015C015C01A5
:10C6D0005C015C015C015C0140005C015C015C018F
:10C6E0005C015C015C015C01460044F20040C5F65F
:10C6F0000200006800F020010020B0EB511F0ED0B6
:10C70000FFE744F20040C5F602000068C0F3C10133
:10C7100049F20000C0F2D030C840029005E049F272
:10C720000000C0F2D0300290FFE727E140F6001091
:10C73000C0F23D00029021E147F64000C0F27D10BA
:10C7400002901BE144F22840C5F60200016801F0A6
:10C75000030108910068C0F30510079044F22C40D3
:10C76000C5F60200006800F001000690069844F249
:10C770003441C5F60201096889B2C908484300EE90
:10C78000100AB8EE400A8DED040A0798002800F060
:10C79000EB80FFE70898009048B1FFE70098012878
:10C7A00065D0FFE70098022800F08380A3E044F200
:10C7B0000040C5F60200006800F020010020B0EB48
:10C7C000511F31D0FFE744F20040C5F60200006877
:10C7D000C0F3C10149F20000C0F2D030C84005905A
:10C7E0009DED050AB8EE400A9DED071AB8EE411A14
:10C7F00080EE010A44F23040C5F6020000686FF393
:10C800005F2001EE100AB8EE411A9DED042A9FED5B
:10C810005E3A02EE031AB7EE002A31EE021A20EE5B
:10C82000010A8DED030A21E09DED070AB8EE401ADA
:10C830009FED570A80EE010A44F23040C5F602002F
:10C8400000686FF35F2001EE100AB8EE411A9DED0B
:10C85000042A9FED4D3A02EE031AB7EE002A31EE9C
:10C86000021A20EE010A8DED030AFFE765E09DED57
:10C87000070AB8EE401A9FED450A80EE010A44F21D
:10C880003040C5F6020000686FF35F2001EE100A29
:10C89000B8EE411A9DED042A9FED3B3A02EE031AD1
:10C8A000B7EE002A31EE021A20EE010A8DED030ADE
:10C8B00043E09DED070AB8EE401A9FED320A80EE84
:10C8C000010A44F23040C5F6020000686FF35F20B1
:10C8D00001EE100AB8EE411A9DED042A9FED2A3AA6
:10C8E00002EE031AB7EE002A31EE021A20EE010A18
:10C8F0008DED030A21E09DED070AB8EE401A9FED89
:10C90000230A80EE010A44F23040C5F602000068B6
:10C910006FF35F2001EE100AB8EE411A9DED042A74
:10C920009FED193A02EE031AB7EE002A31EE021A11
:10C9300020EE010A8DED030AFFE744F23040C5F610
:10C940000200006881B2012000EB512009909DEDAA
:10C95000030A9DED091AB8EE411A80EE010ABCEEF9
:10C96000C00A8DED020A02E000200290FFE705E018
:10C9700040F60010C0F23D000290FFE702980AB0B6
:10C98000704700BF20BCBE4B000000390024744A31
:10C990000024744C0000000080B58CB00A900A9806
:10C9A00028B9FFE701208DF82F0000F09DBD0A98FF
:10C9B0000078C007002800F0B980FFE744F210407B
:10C9C000C5F60200006800F03800069044F22840E6
:10C9D000C5F6020000680590069810280AD0FFE707
:10C9E000069818281CD1FFE7059800F003000228DC
:10C9F00016D1FFE744F20040C5F60200006800F4DB
:10CA000000310020B0EB514F09D0FFE70A98406891
:10CA100028B9FFE701208DF82F0000F065BD84E004
:10CA2000FFE70A984068B0F5803F09D1FFE744F27C
:10CA30000041C5F60201086840F48030086032E029
:10CA40000A98406868B9FFE744F20041C5F6020160
:10CA5000086820F480300860086820F480200860AE
:10CA600020E00A984068B0F5A02F0DD1FFE744F20E
:10CA70000041C5F60201086840F48020086008689B
:10CA800040F4803008600CE044F20041C5F6020139
:10CA9000086820F480300860086820F4802008606E
:10CAA000FFE7FFE7FFE7FFE70A984068F0B1FFE71D
:10CAB000FCF73AFF0990FFE744F20040C5F6020098
:10CAC000006800F400310020B0EB514F0DD1FFE7BA
:10CAD000FCF72AFF0999401A652805D3FFE70320D0
:10CAE0008DF82F0000F000BDE6E71DE0FCF71CFF0D
:10CAF0000990FFE744F20040C5F60200006800F428
:10CB000000310020B0EB514F0DD0FFE7FCF70CFFD8
:10CB10000999401A652805D3FFE703208DF82F00F7
:10CB200000F0E2BCE6E7FFE7FFE7FFE70A980078DE
:10CB30008007002840F11681FFE744F21040C5F657
:10CB40000200006800F03800049044F22840C5F666
:10CB5000020000680390049850B1FFE70498182879
:10CB600078D1FFE79DF80C008007002872D1FFE71D
:10CB700044F20040C5F60200006800F00401002005
:10CB8000B0EB910F09D0FFE70A98C06828B9FFE71A
:10CB900001208DF82F0000F0A7BC44F20041C5F63B
:10CBA0000201086820F019000A9AD2681043086050
:10CBB000FCF7BAFE0990FFE744F20040C5F6020018
:10CBC000006800F004010020B0EB910F0DD1FFE7E9
:10CBD000FCF7AAFE0999401A032805D3FFE70320B2
:10CBE0008DF82F0000F080BCE6E7FFE7FCF794FE2D
:10CBF00041F2030188421DD8FFE70A9800694028E6
:10CC00000AD1FFE744F20441C5F602010868202278
:10CC100062F3113008600CE044F20441C5F60201F1
:10CC2000086820F47C300A9A126940EA02300860F1
:10CC3000FFE70CE044F20441C5F60201086820F069
:10CC4000FE400A9A126940EA02600860FFE7FFE7C7
:10CC5000FFE786E00A98C06800285CD0FFE744F24E
:10CC60000041C5F60201086820F019000A9AD2684E
:10CC700010430860FCF758FE0990FFE744F20040BB
:10CC8000C5F60200006800F004010020B0EB910F2F
:10CC90000DD1FFE7FCF748FE0999401A032805D398
:10CCA000FFE703208DF82F0000F01EBCE6E7FFE74A
:10CCB000FCF732FE41F2030188421DD8FFE70A98D3
:10CCC000006940280AD1FFE744F20441C5F6020199
:10CCD0000868202262F3113008600CE044F204413D
:10CCE000C5F60201086820F47C300A9A126940EA0D
:10CCF00002300860FFE70CE044F20441C5F602018F
:10CD0000086820F0FE400A9A126940EA0260086052
:10CD1000FFE7FFE724E044F20041C5F6020108689E
:10CD200020F001000860FCF7FFFD0990FFE744F2E6
:10CD30000040C5F60200006800F004010020B0EBDE
:10CD4000910F0CD0FFE7FCF7EFFD0999401A03287B
:10CD500004D3FFE703208DF82F00C5E3E7E7FFE7E3
:10CD6000FFE7FFE70A980078C006002840F1EB8053
:10CD7000FFE744F21040C5F60200006800F03800FA
:10CD8000029044F22840C5F6020000680190029823
:10CD900008280AD0FFE70298182850D1FFE7019829
:10CDA00000F0030001284AD1FFE744F20040C5F635
:10CDB0000200006800F480710020B0EB112F09D050
:10CDC000FFE70A98C069802804D0FFE701208DF8AA
:10CDD0002F0089E3FFE7FCF79FFD41F20301884242
:10CDE0001DD8FFE70A98006A20280AD1FFE744F21D
:10CDF0000441C5F602010868102262F39E600860D3
:10CE00000CE044F20441C5F60201086820F0F84045
:10CE10000A9A126A40EA82600860FFE70CE044F276
:10CE20000C41C5F60201086820F07C500A9A126A8B
:10CE300040EA02600860FFE7FFE7FFE782E00A9848
:10CE4000C069002858D0FFE744F20041C5F602014E
:10CE5000086840F080000860FCF766FD0990FFE775
:10CE600044F20040C5F60200006800F48071002022
:10CE7000B0EB112F0CD1FFE7FCF756FD0999401AD2
:10CE8000032804D3FFE703208DF82F002CE3E7E706
:10CE9000FFE7FCF741FD41F2030188421DD8FFE79F
:10CEA0000A98006A20280AD1FFE744F20441C5F637
:10CEB00002010868102262F39E6008600CE044F2F0
:10CEC0000441C5F60201086820F0F8400A9A126A87
:10CED00040EA82600860FFE70CE044F20C41C5F6CE
:10CEE0000201086820F07C500A9A126A40EA026047
:10CEF0000860FFE7FFE724E044F20041C5F60201C5
:10CF0000086820F080000860FCF70EFD0990FFE73C
:10CF100044F20040C5F60200006800F48071002071
:10CF2000B0EB112F0CD0FFE7FCF7FEFC0999401A7B
:10CF3000032804D3FFE703208DF82F00D4E2E7E7AE
:10CF4000FFE7FFE7FFE70A980078000700284FD5C2
:10CF5000FFE70A98406928B3FFE744F27441C5F639
:10CF60000201086840F001000860FCF7DDFC099050
:10CF7000FFE744F27440C5F60200006800F00201C9
:10CF80000020B0EB510F0CD1FFE7FCF7CDFC099965
:10CF9000401A032804D3FFE703208DF82F00A3E2F3
:10CFA000E7E724E044F27441C5F60201086820F086
:10CFB00001000860FCF7B8FC0990FFE744F27440F8
:10CFC000C5F60200006800F002010020B0EB510F2E
:10CFD0000CD0FFE7FCF7A8FC0999401A032804D3FA
:10CFE000FFE703208DF82F007EE2E7E7FFE7FFE78A
:10CFF0000A980078800600284FD5FFE70A988069D4
:10D0000028B3FFE744F20041C5F60201086840F486
:10D0100080500860FCF788FC0990FFE744F200406C
:10D02000C5F60200006800F400510020B0EB513F4B
:10D030000CD1FFE7FCF778FC0999401A032804D3C8
:10D04000FFE703208DF82F004EE2E7E724E044F2EB
:10D050000041C5F60201086820F480500860FCF722
:10D0600063FC0990FFE744F20040C5F60200006847
:10D0700000F400510020B0EB513F0CD0FFE7FCF76B
:10D0800053FC0999401A032804D3FFE703208DF8C5
:10D090002F0029E2E7E7FFE7FFE70A98007840075B
:10D0A000002840F1A780FFE744F60001C5F6020121
:10D0B000086840F480700860FCF736FC0990FFE7D0
:10D0C00044F60000C5F602000068C00500280CD434
:10D0D000FFE7FCF729FC0999401A652804D3FFE70C
:10D0E00003208DF82F00FFE1EAE7FFE70A98806848
:10D0F000012809D1FFE744F27041C5F60201086832
:10D1000040F00100086031E00A98806868B9FFE7E4
:10D1100044F27041C5F60201086820F00100086081
:10D12000086820F0040008601FE00A98806805285D
:10D130000DD1FFE744F27041C5F60201086840F0E6
:10D1400004000860086840F0010008600CE044F248
:10D150007041C5F60201086820F001000860086807
:10D1600020F004000860FFE7FFE7FFE7FFE70A9809
:10D170008068F8B1FFE7FCF7D7FB0990FFE744F2BE
:10D180007040C5F60200006800F002010020B0EB1C
:10D19000510F0ED1FFE7FCF7C7FB0999401A41F286
:10D1A0008931884204D3FFE703208DF82F009BE1EB
:10D1B000E5E71EE0FCF7B8FB0990FFE744F270409A
:10D1C000C5F60200006800F002010020B0EB510F2C
:10D1D0000ED0FFE7FCF7A8FB0999401A41F289310C
:10D1E000884204D3FFE703208DF82F007CE1E5E7B8
:10D1F000FFE7FFE70A98406A002800F07181FFE727
:10D2000044F21040C5F60200006800F0380018280B
:10D2100000F0E080FFE70A98406A022840F0B480FE
:10D22000FFE744F20041C5F60201086820F0807073
:10D230000860FCF779FB0990FFE744F20040C5F66F
:10D240000200006800F000710020B0EB516F0CD0BC
:10D25000FFE7FCF769FB0999401A032804D3FFE7AD
:10D2600003208DF82F003FE1E7E7FFE744F2284174
:10D27000C5F60201086840F2F33290430A9B9A6AAD
:10D28000DB6A42EA0312104308600A99086BD1F87E
:10D2900034C08B6BCA6B01386FF35F204FF60061AF
:10D2A000CFF6FF7101EB4C2189B208440021CFF683
:10D2B000FF7101EB034101F4FE0108444FF07F418F
:10D2C00001EB026101F0FE41084444F23041C5F631
:10D2D00002010860FFE744F22C41C5F6020100910B
:10D2E000086820F00100086044F23442C5F60202EA
:10D2F00010684FF6F87398430A9B9B6C40EAC30092
:10D300001060086820F00C000A9A126C1043086044
:10D31000086820F002000A9A526C104308600868FE
:10D3200040F480300860086840F400300860086805
:10D3300040F480200860086840F00100086044F272
:10D340000041C5F60201086840F080700860FCF7F3
:10D35000EBFA0990FFE744F20040C5F602000068CE
:10D3600000F000710020B0EB516F0CD1FFE7FCF72B
:10D37000DBFA0999401A032804D3FFE703208DF84C
:10D380002F00B1E0E7E724E044F20041C5F60201D6
:10D39000086820F080700860FCF7C6FA0990FFE783
:10D3A00044F20040C5F60200006800F00071002061
:10D3B000B0EB516F0CD0FFE7FCF7B6FA0999401AB1
:10D3C000032804D3FFE703208DF82F008CE0E7E764
:10D3D000FFE784E044F22840C5F6020000680890A8
:10D3E00044F23040C5F60200006807900A98406A8F
:10D3F000012837D0FFE7089800F003000A99896AEE
:10D4000088422FD1FFE7089800F47C710A98C06A1F
:10D41000B0EB111F26D1FFE707986FF35F200A9941
:10D42000096B013988421DD1FFE7BDF81C100A982D
:10D43000406B0138B0EB512F14D1FFE7079800F48F
:10D44000FE010A98806B0138B0EB114F0AD1FFE75B
:10D45000079800F0FE410A98C06B0138B0EB116FDD
:10D4600004D0FFE701208DF82F003DE044F2344066
:10D47000C5F60200006880B2C00808900A98806C67
:10D480000899884229D0FFE744F22C41C5F60201F1
:10D49000086820F001000860FCF746FA0990FFE7F1
:10D4A000FCF742FA0999401A08B9FFE7F8E744F295
:10D4B0003441C5F6020108684FF6F87290430A9AA3
:10D4C000926C40EAC200086044F22C41C5F60201A9
:10D4D000086840F001000860FFE7FFE7FFE7FFE7AB
:10D4E00000208DF82F00FFE79DF82F000CB080BDC5
:10D4F00080B582B00090009820B9FFE701208DF838
:10D5000007001DE00099022081F881000098016861
:10D51000086820F001000860009800F049FB0099BD
:10D520000020C1F88400009981F88100FFE700998C
:10D53000002081F88000FFE700208DF80700FFE75A
:10D540009DF8070002B080BD80B582B001900198BF
:10D5500042F68431C2F20241884203D1FFE7F6F776
:10D56000A3FDFFE702B080BD81B000900098D0F825
:10D57000840001B07047000081B00090009890F8DE
:10D58000810001B07047000080B588B0079007980F
:10D590000068006906900798006840690590069841
:10D5A000059908400490079800688068039000205F
:10D5B0000290079890F881008DF80700079800689E
:10D5C000303000909DF815000007002810D5FFE7C7
:10D5D0009DF81800000700280AD5FFE707980168A2
:10D5E000886940F400608861079800F019FC91E1B7
:10D5F0009DF810004006002815D4FFE79DF81000A4
:10D60000800600280FD4FFE79DF81000400700288F
:10D6100009D5FFE70798416F88470798016F88474A
:10D6200001200290FFE79DF810004006002811D469
:10D63000FFE79DF81000C00760B1FFE79DF81000FC
:10D640004007002806D4FFE70798016F88470120AC
:10D650000290FFE79DF810008006002812D4FFE733
:10D660009DF81000800700280CD5FFE79DF81000FA
:10D670004007002806D4FFE70798416F884701203C
:10D680000290FFE7029808B1FFE743E19DF8100020
:10D690000007002840F18980FFE707980168886942
:10D6A00040F00800886107980168886940F0100020
:10D6B000886107980168886940F40060886107986C
:10D6C0000168086920F00800086107980068806810
:10D6D00010F4404F3AD1FFE7FFE70798B0F86A002F
:10D6E00098B3FFE70798C06810280BD3FFE70798A7
:10D6F0000068006B0799496E08600799486E04300E
:10D7000048661BE00798C06808280AD3FFE700981E
:10D7100000880799496E08800799486E023048666C
:10D720000BE00798006890F830000799496E087080
:10D730000799486E01304866FFE7FFE70799B1F89F
:10D740006A000138A1F86A00C7E7FFE7079805F00B
:10D7500027FF0799012081F881000798D0F88400FD
:10D7600020B1FFE70798FFF7EFFED3E09DF8070031
:10D77000052804D1FFE7079801F0A2FA14E09DF80C
:10D780000700042804D1FFE7079800F045FB0AE0F2
:10D790009DF80700032804D1FFE7079801F08CFAF1
:10D7A00000E0FFE7FFE7FFE7B4E0BDF8100010F48A
:10D7B000587F00F0AF80FFE79DF81000400600287A
:10D7C0000ED5FFE70799D1F8840040F00400C1F8B6
:10D7D000840007980168886940F040008861FFE78D
:10D7E0009DF81100800700280ED5FFE70799D1F8B2
:10D7F000840040F00100C1F884000798016888693E
:10D8000040F400708861FFE79DF81100C00770B117
:10D81000FFE70799D1F8840040F00800C1F88400C0
:10D8200007980168886940F480708861FFE79DF877
:10D830001000800600280ED5FFE70799D1F8840074
:10D8400040F08000C1F8840007980168886940F0C2
:10D8500020008861FFE70798D0F88400002858D09E
:10D86000FFE707980168086820F001000860079842
:10D870000168086940F26B3290430861039800F434
:10D880004040B0F5404F3BD1FFE7079801688868FA
:10D8900020F4404088600798C06FB0B1FFE7079858
:10D8A000C16F43F2B960C0F6010008650798C06F08
:10D8B000F8F72EFE40B1FFE70799D1F8840040F059
:10D8C0004000C1F88400FFE7FFE70798806FB0B120
:10D8D000FFE70798816F43F2B960C0F60100086561
:10D8E0000798806FF8F714FE40B1FFE70799D1F869
:10D8F000840040F04000C1F88400FFE7FFE707E044
:10D900000799012081F881000798FFF71DFEFFE7C6
:10D91000FFE7FFE708B080BD80B586B004900498AB
:10D9200020B9FFE701208DF817003AE10498406A1A
:10D9300008B9FFE7FFE704990020886204980068AF
:10D9400043F20001C4F2010188421BD0FFE70498B2
:10D95000006843F60001C4F20001884212D0FFE7DC
:10D960000498006843F60041C4F20001884209D0DF
:10D97000FFE70498C068102804D3FFE701208DF862
:10D9800017000EE1049805F0FFFE0290049800686D
:10D9900043F20001C4F20101884216D0FFE7049867
:10D9A000006843F60001C4F2000188420DD0FFE791
:10D9B0000498006843F60041C4F20001884204D094
:10D9C000FFE7029808281FD8FFE70498006843F291
:10D9D0000001C4F20101884212D0FFE704980068F8
:10D9E00043F60001C4F20001884209D0FFE7049821
:10D9F000006843F60041C4F20001884208D1FFE705
:10DA00000298112804D3FFE701208DF81700C8E021
:10DA1000049890F8810040B9FFE70499002081F84C
:10DA20008000049800F0F8F8FFE70499022081F8DC
:10DA3000810004980168086820F0010008600498DB
:10DA40000068806800F4F810039004988069B0F1D1
:10DA5000806F1BD1FFE704984068B0F5800F04D1B8
:10DA6000FFE70498806B50B1FFE70498406868B9FD
:10DA7000FFE70498806BB0F1805F07D1FFE704985F
:10DA80000168086840F480500860FFE704988079D6
:10DA90004006002810D5FFE70498C06807280BD37C
:10DAA000FFE704980068006820F48070049A116809
:10DAB000126D1043086006E004980168086820F4BD
:10DAC00080700860FFE7049B1968DA68D869D3F8AA
:10DAD00028C040EA0C00DDF80CC040EA0C00DB6B0B
:10DAE000184310438860049A0192506B516A0843AE
:10DAF000916B0843916908431168D2F804C0936898
:10DB0000D2F810E040EA0E00D2F814E040EA0E002D
:10DB1000D2F820E040EA0E0040EA0C00D2F84CC0F7
:10DB200040EA0C001843936C1843926D1043C86090
:10DB30000498406898B9FFE704980068806801215C
:10DB400061F3CC20049909688860049800688068B3
:10DB5000022161F34A20049909688860FFE704986C
:10DB60000168086D20F0010008650498807940067E
:10DB700000280BD5FFE704980068C06820F000403B
:10DB8000049A1168526D1043C860FFE704990020A1
:10DB9000C1F88400049A012182F881108DF81700E1
:10DBA000FFE79DF8170006B080BD000000000000F0
:10DBB00080B582B001900198006843F60041C4F23C
:10DBC0000001884223D1FFE744F2E841C5F6020193
:10DBD000086820F4004008603320FBF7C1FF40F2E2
:10DBE0000040C5F602000421FBF76AFB40F6000086
:10DBF000C5F602004FF44061FBF762FB0198806FAD
:10DC0000F8F7DEFF0198C06FF8F7DAFFFFE702B020
:10DC100080BD00000000000080B5C4B0439000202B
:10DC20004290419040903F903E900EA8C021F2F764
:10DC300042FD4398006843F60041C4F20001884267
:10DC400040F0E580FFE700200F904FF480510E91E7
:10DC500026900EA8FDF730FA18B1FFE7F6F7CCF8DA
:10DC6000FFE7FFE744F2E840C5F60200016841F42F
:10DC700000410160006800F400400D900D98FFE73E
:10DC800033200A9001210022FBF782FF0A98FBF75C
:10DC900073FFFFE744F2E040C5F60200016841F07F
:10DCA00002010160006800F002000C900C98FFE790
:10DCB000FFE744F2E040C5F60200016841F00401CC
:10DCC0000160006800F004000B900B98FFE704204F
:10DCD0003E90022001903F90002008904090032049
:10DCE000029041900720429040F20040C5F60200A9
:10DCF0003EA90591FBF708FC019B02980599089A3B
:10DD00004FF4806CCDF818C0CDF8F8C03F93409226
:10DD1000419006200390429040F60000C5F60200B4
:10DD20000490FBF7F1FBDDF804C0029B039A049812
:10DD300005994FF4006ECDF81CE0CDF8F8E0CDF871
:10DD4000FCC0CDF800C141934292FBF7DDFB069B7E
:10DD5000079A089942F64420C2F20240099040F224
:10DD6000400CC4F2020CC0F800C04FF03E0CC0F8EA
:10DD700004C04FF0400CC0F808C0C16003614261AC
:10DD80004FF400528261C1614FF44032026241623D
:10DD9000FAF73EFA18B1FFE7F6F72EF8FFE7FFE7CC
:10DDA000439842F64421C2F2024181674398886356
:10DDB000FFE742F6CC10C2F2024000905821C4F2B4
:10DDC000020101603D21416000218160C1604FF48A
:10DDD000806202614FF4006242614FF4005282613E
:10DDE000C1614FF4403202624162FAF711FA18B190
:10DDF000FFE7F6F701F8FFE7FFE7439842F6CC119B
:10DE0000C2F20241C16743988863FFE7FFE744B06D
:10DE100080BD00000000000081B0009001B070479C
:10DE200081B0009001B0704780B588B00690059130
:10DE3000ADF8122003930698006820300290FBF79B
:10DE400073FD0190069890F88100012804D0FFE747
:10DE500002208DF81F00D5E1059820B1FFE7BDF83D
:10DE6000120020B9FFE701208DF81F00CAE1FFE78B
:10DE7000069890F88000012804D1FFE702208DF871
:10DE80001F00BFE10699012081F88000FFE7FFE74E
:10DE90000699032081F8810006990020C1F88400CA
:10DEA0000599069AD165BDF81210069AA2F860107D
:10DEB000BDF81210069AA2F86210069948660699F3
:10DEC000A1F868000699A1F86A00069948670699C2
:10DED000086706988068B0F5C02F07D1FFE706985D
:10DEE0000168086840F40060086009E0069800686E
:10DEF000C068012161F3524006990968C860FFE7D4
:10DF00000698006840684FF6FF718843BDF812100C
:10DF1000084406990968486006980168086840F056
:10DF20000100086006984068B0F5800F07D1FFE750
:10DF300006980168086840F400700860FFE70698DA
:10DF4000C068102848D3FFE7FFE70698B0F86200E2
:10DF5000002840D0FFE70698006840698007002845
:10DF600010D5FFE706980168C06D00680862069941
:10DF7000C86D0430C8650699B1F862000138A1F88F
:10DF8000620027E0FBF7D0FC0199401A0399884210
:10DF900004D3FFE70398013018B9FFE70398C0B92D
:10DFA000FFE7069805F0FCFA0699D1F8840040F4E2
:10DFB0008070C1F884000699012081F88100FFE794
:10DFC0000699002081F88000FFE703208DF81F00EC
:10DFD00018E1FFE7B9E7E8E00698C068082863D3CE
:10DFE000FFE7FFE70698B0F8620000285BD0FFE784
:10DFF000069800684069800700282BD5FFE706983F
:10E00000B0F86200022814D3FFE70698C06B80B115
:10E01000FFE706980168C06D006808620699C86D40
:10E020000430C8650699B1F862000238A1F86200B0
:10E030000FE00698C06D0088029908800699C86DA7
:10E040000230C8650699B1F862000138A1F8620093
:10E05000FFE727E0FBF768FC0199401A0399884223
:10E0600004D3FFE70398013018B9FFE70398C0B95C
:10E07000FFE7069805F094FA0699D1F8840040F479
:10E080008070C1F884000699012081F88100FFE7C3
:10E090000699002081F88000FFE703208DF81F001B
:10E0A000B0E0FFE79EE77FE0FFE70698B0F8620088
:10E0B000002878D0FFE706980068406980070028AC
:10E0C00048D5FFE70698B0F86200042815D3FFE7AB
:10E0D0000698C06B412810D3FFE706980168C06D11
:10E0E000006808620699C86D0430C8650699B1F8E1
:10E0F00062000438A1F862002BE00698B0F86200D4
:10E10000022814D3FFE70698C06B80B1FFE706989A
:10E11000C06D0088029908800699C86D0230C865F4
:10E120000699B1F862000238A1F8620010E0069882
:10E130000168C06D007881F820000699C86D013033
:10E14000C8650699B1F862000138A1F86200FFE7DE
:10E15000FFE727E0FBF7E8FB0199401A03998842A3
:10E1600004D3FFE70398013018B9FFE70398C0B95B
:10E17000FFE7069805F014FA0699D1F8840040F4F8
:10E180008070C1F884000699012081F88100FFE7C2
:10E190000699002081F88000FFE703208DF81F001A
:10E1A00030E0FFE781E7FFE7FFE70698039B01996F
:10E1B0006A4611600821002205F0FEFA40B1FFE72F
:10E1C0000699D1F8840040F02000C1F88400FFE7F0
:10E1D000069805F0E5F90699012081F88100FFE72E
:10E1E0000699002081F88000FFE70698D0F88400A7
:10E1F00020B1FFE701208DF81F0003E000208DF81B
:10E200001F00FFE79DF81F0008B080BD0000000060
:10E2100080B590B0DDF848C00E900D910C92ADF82D
:10E220002E300E98006820300A900E98006830302A
:10E2300009900E98C16B012000EB5110ADF812004F
:10E24000FBF772FB0890BDF82E00ADF81600BDF884
:10E250002E00ADF814000E9890F88100012804D02B
:10E26000FFE702208DF83F0050E30D9838B1FFE73B
:10E270000C9820B1FFE7BDF82E0020B9FFE7012080
:10E280008DF83F0042E3FFE70E9890F880000128E8
:10E2900004D1FFE702208DF83F0037E30E990120FB
:10E2A00081F88000FFE7FFE70E99052081F88100E3
:10E2B0000E990020C1F884000C990E9A5166BDF8A1
:10E2C0002E100E9AA2F86A10BDF82E100E9AA2F81F
:10E2D00068100D990E9AD165BDF82E100E9AA2F80D
:10E2E0006210BDF82E100E9AA2F860100E99086701
:10E2F0000E9948670E980068C06820F4C0200E99F7
:10E300000968C8600E98006843F20001C4F2010178
:10E31000884212D0FFE70E98006843F60001C4F26D
:10E320000001884209D0FFE70E98006843F60041DB
:10E33000C4F20001884203D1FFE71020079002E0F9
:10E3400008200790FFE70E98006840684FF6FF71BD
:10E350008843BDF82E1008440E99096848600E984D
:10E360000168086840F0010008600E984068B0F548
:10E37000800F07D1FFE70E980168086840F400702D
:10E380000860FFE70E98C0681028C0F0B580FFE76E
:10E39000079880080790FFE7BDF81610012003904A
:10E3A00039B9FFE7BDF81400002818BF0120039019
:10E3B000FFE70398C007002800F09D80FFE70E9854
:10E3C000006840698007002822D5FFE7BDF81600E5
:10E3D000F0B1FFE7BDF81400BDF81610079A11441C
:10E3E000884215D2FFE70E980168C06D0068086288
:10E3F0000E99C86D0430C8650E99B1F862000138F5
:10E40000A1F862000E98B0F86200ADF81600FFE7C0
:10E410000E98006840690690BDF81400002869D085
:10E42000FFE70E9800684069C007B0B1FFE70E989B
:10E430000068006B0E99496E08600E99486E0430B2
:10E4400048660E99B1F86A000138A1F86A000E9882
:10E45000B0F86A00ADF814004BE0BDF81400BDF848
:10E46000121088421CDAFFE79DF819000006002808
:10E4700016D5FFE70E980068006B0E99496E08608C
:10E480000E99486E043048660E99B1F86A0001385A
:10E49000A1F86A000E98B0F86A00ADF8140027E001
:10E4A000FBF742FA0899401A1299884204D3FFE711
:10E4B0001298013018B9FFE71298C0B9FFE70E981B
:10E4C00005F06EF80E99D1F8840040F48070C1F820
:10E4D00084000E99012081F88100FFE70E99002049
:10E4E00081F88000FFE703208DF83F000EE2FFE790
:10E4F000FFE7FFE750E7DCE10E98C0680828C0F0AE
:10E50000DE80FFE7079840080790FFE7BDF8161088
:10E510000120029039B9FFE7BDF81400002818BFA8
:10E5200001200290FFE70298C007002800F0C68093
:10E53000FFE70E98006840698007002822D5FFE7B2
:10E54000BDF81600F0B1FFE7BDF81400BDF81610D5
:10E55000079A1144884215D2FFE70E98C06D0088D3
:10E560000A9908800E99C86D0230C8650E99B1F8F5
:10E5700062000138A1F862000E98B0F86200ADF8B0
:10E580001600FFE70E98006840690690BDF8140079
:10E59000002800F09280FFE70E9800684069C007ED
:10E5A000A8B1FFE7099800880E99496E08800E9976
:10E5B000486E023048660E99B1F86A000138A1F839
:10E5C0006A000E98B0F86A00ADF8140074E0BDF867
:10E5D0001400BDF81210884224DAFFE79DF81900F4
:10E5E000000600281ED5FFE7099800880E99496E9D
:10E5F00008800E99486E02304866099800880E9986
:10E60000496E08800E99486E023048660E99B1F83E
:10E610006A000238A1F86A000E98B0F86A00ADF8F6
:10E62000140048E0BDF8140001281BD1FFE79DF855
:10E6300019008006002815D5FFE7099800880E9973
:10E64000496E08800E99486E023048660E99B1F8FE
:10E650006A000138A1F86A000E98B0F86A00ADF8B7
:10E66000140027E0FBF760F90899401A12998842D4
:10E6700004D3FFE71298013018B9FFE71298C0B928
:10E68000FFE70E9804F08CFF0E99D1F8840040F457
:10E690008070C1F884000E99012081F88100FFE7A5
:10E6A0000E99002081F88000FFE703208DF83F00DD
:10E6B0002CE1FFE7FFE7FFE7FFE727E7F8E0FFE7E9
:10E6C000BDF816100120019039B9FFE7BDF814001C
:10E6D000002818BF01200190FFE70198C00700281B
:10E6E00000F0E580FFE70E98006840698007002889
:10E6F00023D5FFE7BDF81600F8B1FFE7BDF8140019
:10E70000BDF81610079A1144884216D2FFE70E98FA
:10E710000168C06D007881F820000E99C86D013045
:10E72000C8650E99B1F862000138A1F862000E9830
:10E73000B0F86200ADF81600FFE70E980068406977
:10E740000690BDF81400002800F0B080FFE70E9896
:10E7500000684069C007B8B1FFE70E98006890F8FC
:10E7600030000E99496E08700E99486E0130486667
:10E770000E99B1F86A000138A1F86A000E98B0F855
:10E780006A00ADF8140090E0BDF81400BDF8121056
:10E7900088423EDAFFE79DF819000006002838D5C8
:10E7A000FFE70E98006890F830000E99496E0870E7
:10E7B0000E99486E013048660E98006890F8300057
:10E7C0000E99496E08700E99486E013048660E9891
:10E7D000006890F830000E99496E08700E99486EE6
:10E7E000013048660E98006890F830000E99496E26
:10E7F00008700E99486E013048660E99B1F86A00AB
:10E800000438A1F86A000E98B0F86A00ADF8140058
:10E810004AE0BDF8140003281DD8FFE79DF8190051
:10E8200010F0600F17D0FFE70E98006890F83000E6
:10E830000E99496E08700E99486E013048660E991F
:10E84000B1F86A000138A1F86A000E98B0F86A00C1
:10E85000ADF8140027E0FBF767F80899401A129901
:10E86000884204D3FFE71298013018B9FFE71298E5
:10E87000C0B9FFE70E9804F093FE0E99D1F884001A
:10E8800040F48070C1F884000E99012081F8810065
:10E89000FFE70E99002081F88000FFE703208DF844
:10E8A0003F0033E0FFE7FFE7FFE7FFE708E7FFE7A9
:10E8B000FFE70E98129B08996A4611600821002212
:10E8C00004F07AFF40B1FFE70E99D1F8840040F0E0
:10E8D0002000C1F88400FFE70E9804F061FE0E9955
:10E8E000012081F88100FFE70E99002081F8800067
:10E8F000FFE70E98D0F8840020B1FFE701208DF8E3
:10E900003F0003E000208DF83F00FFE79DF83F0047
:10E9100010B080BD0000000080B586B00490039167
:10E920000292ADF80630049890F88100012804D0D6
:10E93000FFE702208DF81700B9E1039838B1FFE72F
:10E94000029820B1FFE7BDF8060020B9FFE70120DB
:10E950008DF81700ABE1FFE7049890F880000128DC
:10E9600004D1FFE702208DF81700A0E104990120EF
:10E9700081F88000FFE7FFE70499052081F8810016
:10E9800004990020C1F884000399049AD165BDF868
:10E990000610049AA2F86010BDF80610049AA2F8B6
:10E9A00062100299049A5166BDF80610049AA2F802
:10E9B0006810BDF80610049AA2F86A100499086756
:10E9C0000499486704980068C06820F4C02004993E
:10E9D0000968C86004980168886820F4404088602D
:10E9E0000498C06810280ED3FFE70498C06F8069B0
:10E9F000B0F5804F28D1FFE70498806F8069B0F5AB
:10EA0000804F21D1FFE70498C068082826D3FFE78C
:10EA10000498C06F8069B0F5005F07D0FFE70498E5
:10EA2000C06F8069B0F5804F0ED1FFE70498806F0A
:10EA30008069B0F5005F11D0FFE70498806F8069AE
:10EA4000B0F5804F0AD0FFE7FFE70499002081F876
:10EA50008000FFE701208DF8170028E10498C068C6
:10EA6000072841D8FFE70498806F8069B0F5005F00
:10EA700009D1FFE70498B0F862000130400804991A
:10EA8000A1F86200FFE70498806F8069B0F5804FBD
:10EA900009D1FFE70498B0F86200033080080499B8
:10EAA000A1F86200FFE70498C06F8069B0F5005FCD
:10EAB00009D1FFE70498B0F86A00013040080499D2
:10EAC000A1F86A00FFE70498C06F8069B0F5804F35
:10EAD00009D1FFE70498B0F86A0003308008049970
:10EAE000A1F86A00FFE727E00498C0680F2821D842
:10EAF000FFE70498806F8069B0F5804F09D1FFE788
:10EB00000498B0F86200013040080499A1F862004E
:10EB1000FFE70498C06F8069B0F5804F09D1FFE727
:10EB20000498B0F86A00013040080499A1F86A001E
:10EB3000FFE700E0FFE7FFE70498C16F43F22970A9
:10EB4000C0F6010008640498C16F43F24170C0F63A
:10EB50000100C8630498C16F43F2E960C0F6010088
:10EB6000C8640498C16F00200865049B19685A6E38
:10EB7000D86F3031B3F86A30F9F7FAFFA8B1FFE780
:10EB80000499D1F8840040F01000C1F88400049981
:10EB9000012081F88100FFE70499002081F88000BE
:10EBA000FFE701208DF8170081E00498016888686C
:10EBB00040F4804088600498816F002008640499C4
:10EBC000896FC8630499896F08650498816F43F25F
:10EBD000E960C0F60100C864049B1A68D96D986F9B
:10EBE0002032B3F86230F9F7C3FFC8B1FFE70498E9
:10EBF000C06FF6F7D1FF0499D1F8840040F01000FF
:10EC0000C1F884000499012081F88100FFE704998C
:10EC1000002081F88000FFE701208DF8170046E012
:10EC20000498806FC069B0F5807F0AD1FFE704982F
:10EC3000006840684FF6FF7188430499096848608E
:10EC40000CE00498006840684FF6FF718843BDF8F7
:10EC500006100844049909684860FFE704980168B1
:10EC6000886840F40040886004980168086940F4AE
:10EC70005870086104980168086840F00100086055
:10EC800004984068B0F5800F07D1FFE70498016849
:10EC9000086840F400700860FFE7FFE7049900206F
:10ECA00081F88000FFE700208DF81700FFE79DF84E
:10ECB000170006B080BD000081B0009001B0704721
:10ECC00080B582B00190019842F68431C2F20241CF
:10ECD000884203D1FFE7F5F7CBF9FFE702B080BD2B
:10ECE00081B0009001B0704780B582B0019001986A
:10ECF00005F056FB02B080BD81B0009001B07047B6
:10ED000081B0009001B0704781B0009001B07047B1
:10ED100085B003900291FFE7039890F83C0001282A
:10ED200004D1FFE702208DF8130099E00399012038
:10ED300081F83C00FFE7FFE70399022081F83D00DE
:10ED4000039800684068019003980068806800900C
:10ED5000039800680021C4F20101884209D0FFE74E
:10ED60000398006840F20041C4F2010188420AD1D0
:10ED7000FFE7019820F47000019002984168019823
:10ED800008430190FFE7019820F07000019002987D
:10ED90000168019808430190019803990968486047
:10EDA000039800680021C4F2010188423CD0FFE7CB
:10EDB00003980068B0F1804F36D0FFE703980068F1
:10EDC00040F20041C4F2000188422DD0FFE70398D1
:10EDD000006840F60001C4F20001884224D0FFE739
:10EDE0000398006840F60041C4F2000188421BD03D
:10EDF000FFE70398006840F20041C4F20101884235
:10EE000012D0FFE70398006841F60001C4F2000148
:10EE1000884209D0FFE70398006844F20001C4F279
:10EE2000010188420ED1FFE7009820F08000009099
:10EE30000298816800980843009000980399096837
:10EE40008860FFE70399012081F83D00FFE70399FF
:10EE5000002081F83C00FFE700208DF81300FFE759
:10EE60009DF8130005B0704780B582B000900098FF
:10EE700020B9FFE701208DF8070045E0009890F8E1
:10EE80003D0040B9FFE70099002081F83C00009860
:10EE900000F03EF8FFE70099022081F83D0000995C
:10EEA00051F8040B05F0F0FB0099012081F84800AF
:10EEB000FFE70099012081F83E00009981F83F00AA
:10EEC000009981F84000009981F84100009981F88B
:10EED0004200009981F84300FFE7FFE70099012015
:10EEE00081F84400009981F84500009981F84600B6
:10EEF000009981F84700FFE70099012081F83D0063
:10EF000000208DF80700FFE79DF8070002B080BDE4
:10EF100080B584B003900398006840F20041C4F2C9
:10EF20000001884219D1FFE7FFE744F2E840C5F647
:10EF30000200016841F002010160006800F0020077
:10EF400002900298FFE71D20019000221146FAF777
:10EF50001FFE0198FAF710FEFFE704B080BD000025
:10EF600083B00190019890F83D00012804D0FFE79C
:10EF700001208DF80B006BE00199022081F83D0023
:10EF8000019800680021C4F2010188423CD0FFE7EB
:10EF900001980068B0F1804F36D0FFE70198006813
:10EFA00040F20041C4F2000188422DD0FFE70198F1
:10EFB000006840F60001C4F20001884224D0FFE757
:10EFC0000198006840F60041C4F2000188421BD05D
:10EFD000FFE70198006840F20041C4F20101884255
:10EFE00012D0FFE70198006841F60001C4F2000169
:10EFF000884209D0FFE70198006844F20001C4F29A
:10F000000101884219D1FFE7019800688068072153
:10F01000C0F2010108400090009806280CD0FFE7DC
:10F020000098B0F5803F07D0FFE7019801680868B5
:10F0300040F001000860FFE706E0019801680868F9
:10F0400040F001000860FFE700208DF80B00FFE7AB
:10F050009DF80B0003B0704781B00090FFE7009867
:10F060000068006A41F21111C0F21101084210D18A
:10F07000FFE700980068006A40F24441084207D167
:10F08000FFE700980168086820F001000860FFE7CA
:10F09000FFE7FFE70099012081F83D00002001B063
:10F0A000704700000000000080B586B00490039116
:10F0B00000208DF80B00FFE7049890F83C00012831
:10F0C00004D1FFE702208DF81700D1E00499012058
:10F0D00081F83C00FFE7FFE70499022081F83D003A
:10F0E000049800688068019001984FF68871CFF607
:10F0F000CE7108400190019820F47F400190019862
:10F10000049909688860039800680090002800F05E
:10F110009580FFE70098102800F09080FFE70098A6
:10F12000202800F08B80FFE70098302800F08680D0
:10F13000FFE70098402874D0FFE70098502856D089
:10F14000FFE7009860285FD0FFE7009870282AD07A
:10F15000FFE70098B0F5805F24D0FFE70098B0F596
:10F16000005F35D0FFE70098B0F5801F66D0FFE75D
:10F170000098B0F1101F61D0FFE700982021C0F285
:10F18000100188425AD0FFE700983021C0F21001E8
:10F19000884253D0FFE700984021C0F21001884216
:10F1A0004CD052E055E004980068039B5A68996877
:10F1B000DB6805F03DFB04980068806801900198C9
:10F1C00040F077000190019804990968886040E058
:10F1D00004980068039B5A689968DB6805F028FB6F
:10F1E00004980168886840F48040886031E00498A1
:10F1F0000068039A5168D26805F04EFB04980068D5
:10F20000502105F031FB24E004980068039A51680E
:10F21000D26805F099FB04980068602105F024FB92
:10F2200017E004980068039A5168D26805F034FB2F
:10F2300004980068402105F017FB0AE00498006874
:10F240000399096805F010FB03E001208DF80B001D
:10F25000FFE70499012081F83D00FFE704990020B1
:10F2600081F83C00FFE79DF80B008DF81700FFE7E1
:10F270009DF8170006B080BD81B0009001B07047C6
:10F2800080B584B0039003980068C068029003982A
:10F290000068006901909DF804008007002824D5CB
:10F2A000FFE79DF80800800700281DD5FFE70398B9
:10F2B00001686FF002000861039901200877039844
:10F2C00000688069800720B1FFE70398FFF7D4FF4B
:10F2D00006E0039800F0FCF8039800F0FDF8FFE763
:10F2E000039900200877FFE7FFE79DF80400400737
:10F2F000002825D5FFE79DF80800400700281ED507
:10F30000FFE7039801686FF0040008610399022089
:10F31000087703980068806910F4407F04D0FFE705
:10F320000398FFF7A9FF06E0039800F0D1F80398CF
:10F3300000F0D2F8FFE7039900200877FFE7FFE726
:10F340009DF804000007002824D5FFE79DF8080079
:10F35000000700281DD5FFE7039801686FF008003B
:10F36000086103990420087703980068C069800742
:10F3700020B1FFE70398FFF77FFF06E0039800F056
:10F38000A7F8039800F0A8F8FFE703990020087792
:10F39000FFE7FFE79DF80400C006002825D5FFE73A
:10F3A0009DF80800C00600281ED5FFE703980168F5
:10F3B0006FF010000861039908200877039800682F
:10F3C000C06910F4407F04D0FFE70398FFF754FFB3
:10F3D00006E0039800F07CF8039800F07DF8FFE762
:10F3E000039900200877FFE7FFE79DF80400C007B6
:10F3F00078B1FFE79DF80800C00748B1FFE7039820
:10F4000001686FF001000861039800F069F8FFE7F8
:10F41000FFE7019800F08000802806D0FFE79DF804
:10F4200005008006002810D5FFE79DF808000006BB
:10F43000002809D5FFE7039801686FF402500861BE
:10F440000398FFF75DFCFFE7FFE79DF80500C007A5
:10F4500080B1FFE79DF808000006002809D5FFE706
:10F46000039801686FF4807008610398FFF744FC0B
:10F47000FFE7FFE79DF804004006002810D5FFE7EE
:10F480009DF808004006002809D5FFE703980168A9
:10F490006FF040000861039800F032F8FFE7FFE7E3
:10F4A0009DF804008006002810D5FFE79DF80800AD
:10F4B0008006002809D5FFE7039801686FF0200057
:10F4C00008610398FFF720FCFFE7FFE704B080BD69
:10F4D00081B0009001B0704781B0009001B07047DA
:10F4E00081B00090009842F60C41C2F2024188427D
:10F4F00001D1FFE7FFE701B0704700000000000006
:10F5000081B0009001B0704783B00190FFE701988F
:10F5100090F88400012804D1FFE702208DF80B0049
:10F520002CE00199012081F88400FFE7FFE70199B1
:10F530002420C1F8880001980068006800900198B4
:10F540000168086820F001000860009820F0005071
:10F5500000900199002048660098019909680860A8
:10F5600001992020C1F88800FFE70199002081F867
:10F570008400FFE700208DF80B00FFE79DF80B00EB
:10F5800003B070470000000080B586B0049003917E
:10F59000ADF80A200498D0F88C00202844D1FFE769
:10F5A000039820B1FFE7BDF80A0020B9FFE701206A
:10F5B0008DF817003CE004990120C86604990020EA
:10F5C000086704980399BDF80A2006F0A5FF8DF896
:10F5D00009009DF8090010BBFFE70498C06E0128E0
:10F5E00018D1FFE70498016810200862FFE7FFE7E1
:10F5F0000498006850E8000F40F010000190FFE709
:10F6000001990498026842E800100028F0D1FFE751
:10F61000FFE703E001208DF80900FFE7FFE79DF811
:10F6200009008DF8170003E002208DF81700FFE7AE
:10F630009DF8170006B080BD80B582B00190ADF88E
:10F640000210019842F6EC41C2F20241884205D113
:10F65000FFE7BDF8020007F09BF9FFE702B080BDAD
:10F6600081B0009001B0704780B584B002900191E4
:10F67000FFE7029890F88400012804D1FFE70220F8
:10F680008DF80F0032E00299012081F88400FFE735
:10F69000FFE702992420C1F88800029800680068FA
:10F6A000009002980168086820F001000860029844
:10F6B0000068806820F06060019908430299096839
:10F6C0008860029805F0A0F900980299096808601E
:10F6D00002992020C1F88800FFE70299002081F8F4
:10F6E0008400FFE700208DF80F00FFE79DF80F0072
:10F6F00004B080BD0000000080B584B0029001918C
:10F70000FFE7029890F88400012804D1FFE7022067
:10F710008DF80F0032E00299012081F88400FFE7A4
:10F72000FFE702992420C1F8880002980068006869
:10F73000009002980168086820F0010008600298B3
:10F740000068806820F060400199084302990968C8
:10F750008860029805F058F90098029909680860D5
:10F7600002992020C1F88800FFE70299002081F863
:10F770008400FFE700208DF80F00FFE79DF80F00E1
:10F7800004B080BD0000000081B0009001B070475F
:10F7900081B0009001B0704780B584B002900298AB
:10F7A00020B9FFE701208DF80F0029E002992420FD
:10F7B000C1F8880002980168002001900860029951
:10F7C00009684860029909688860029800F014FC92
:10F7D00001980299C1F890000299C1F88800029935
:10F7E000C1F88C000299C86602990867FFE7029980
:10F7F000002081F88400FFE700208DF80F00FFE76C
:10F800009DF80F0004B080BD80B582B001900198D2
:10F81000006844F20041C4F20001884210D1FFE7C1
:10F82000019801680820086242F65840C2F202407E
:10F8300042F63731C2F20241012200F041FEFFE7F9
:10F8400002B080BD0000000080B592B01190119808
:10F850000068C06910901198006800680F901198B6
:10F86000006880680E90109840F60F0108400D90D7
:10F870000D98E0B9FFE79DF840008006002815D5F7
:10F88000FFE79DF83C008006002806D4FFE79DF8BE
:10F890003B00C006002809D5FFE71198406F20B152
:10F8A000FFE71198416F8847FFE74AE3FFE70D98AC
:10F8B000002800F00C81FFE70E980121C1F2000141
:10F8C000084209D1FFE70F9840F22011C0F2004131
:10F8D000084200F0FC80FFE79DF84000C00788B1B7
:10F8E000FFE79DF83D00C00760B1FFE71198016890
:10F8F000012008621199D1F8900040F00100C1F890
:10F900009000FFE79DF840008007002811D5FFE731
:10F910009DF83800C00760B1FFE711980168022028
:10F9200008621199D1F8900040F00400C1F89000ED
:10F93000FFE79DF840004007002811D5FFE79DF83C
:10F940003800C00760B1FFE7119801680420086221
:10F950001199D1F8900040F00200C1F89000FFE743
:10F960009DF840000007002819D5FFE79DF83C00EE
:10F970008006002807D4FFE70E980121C1F200019C
:10F9800008420CD0FFE7119801680820086211991D
:10F99000D1F8900040F00800C1F89000FFE79DF812
:10F9A00041000007002813D5FFE79DF83F004007FE
:10F9B00000280DD5FFE7119801684FF40060086238
:10F9C0001199D1F8900040F02000C1F89000FFE7B5
:10F9D0001198D0F89000002878D0FFE79DF84000FB
:10F9E0008006002815D5FFE79DF83C00800600281A
:10F9F00006D4FFE79DF83B00C006002809D5FFE7C5
:10FA00001198406F20B1FFE71198416F8847FFE7D9
:10FA1000FFE71198D0F890000C901198006880686A
:10FA200000F04000402806D0FFE79DF8300010F0BD
:10FA3000280F42D0FFE7119805F0AAFB1198006843
:10FA400080684006002833D5FFE7FFE7FFE71198FD
:10FA5000006850E8020F20F040000B90FFE70B9980
:10FA60001198026842E802100028F0D1FFE7FFE792
:10FA70001198D0F88000B0B1FFE71198D0F880104D
:10FA800044F62150C0F6010008651198D0F88000B6
:10FA9000F6F73EFD30B1FFE71198D0F88000016D18
:10FAA0008847FFE703E01198FFF7AEFEFFE703E0AA
:10FAB0001198FFF7A9FEFFE707E01198FFF7A4FEF2
:10FAC00011990020C1F89000FFE7FFE739E2119893
:10FAD000C06E012840F0D681FFE79DF84000C006C7
:10FAE000002840F1CF81FFE79DF83C00C0060028C8
:10FAF00040F1C881FFE71198016810200862119851
:10FB0000006880684006002840F15A81FFE711989C
:10FB1000D0F8800000681021C4F20201884200F091
:10FB2000A280FFE71198D0F8800000682821C4F275
:10FB30000201884200F09780FFE71198D0F880001A
:10FB400000684021C4F20201884200F08C80FFE787
:10FB50001198D0F8800000685821C4F20201884250
:10FB600000F08180FFE71198D0F8800000687021D4
:10FB7000C4F20201884276D0FFE71198D0F88000E5
:10FB800000688821C4F2020188426CD0FFE7119816
:10FB9000D0F880000068A021C4F20201884262D03F
:10FBA000FFE71198D0F880000068B821C4F2020184
:10FBB000884258D0FFE71198D0F88000006840F2E2
:10FBC0001041C4F2020188424DD0FFE71198D0F8ED
:10FBD0008000006840F22841C4F20201884242D00D
:10FBE000FFE71198D0F88000006840F24041C4F26D
:10FBF0000201884237D0FFE71198D0F880000068F2
:10FC000040F25841C4F2020188422CD0FFE711981B
:10FC1000D0F88000006840F27041C4F202018842CE
:10FC200021D0FFE71198D0F88000006840F28841A9
:10FC3000C4F20201884216D0FFE71198D0F8800084
:10FC4000006840F2A041C4F2020188420BD0FFE7F5
:10FC50001198D0F88000006840F2B841C4F2020167
:10FC6000884207D1FFE71198D0F88000006840680B
:10FC7000019006E01198D0F880000068406801907B
:10FC8000FFE70198ADF82A00BDF82A0000287BD0D4
:10FC9000FFE7BDF82A001199B1F85C10884273DAC9
:10FCA000FFE7BDF82A001199A1F85E001198D0F87D
:10FCB0008000C069B0F5807F59D0FFE7FFE7FFE71C
:10FCC0001198006850E8000F20F480700990FFE759
:10FCD00009991198026842E800100028F0D1FFE766
:10FCE000FFE7FFE7FFE71198006850E8020F20F0F8
:10FCF00001000890FFE708991198026842E8021095
:10FD00000028F0D1FFE7FFE7FFE7FFE71198006861
:10FD100050E8020F20F040000790FFE70799119884
:10FD2000026842E802100028F0D1FFE7FFE71199CE
:10FD30002020C1F88C0011990020C866FFE7FFE77A
:10FD40001198006850E8000F20F010000690FFE7BF
:10FD500006991198026842E800100028F0D1FFE7E8
:10FD6000FFE71198D0F88000F5F716FFFFE711992B
:10FD7000022008671198B0F85C10B0F85E20891A6C
:10FD800089B2FFF759FC1AE0BDF82A001199B1F8C1
:10FD90005C10884212D1FFE71198D0F88000C0694A
:10FDA000B0F5807F09D1FFE711990220086711980B
:10FDB000B0F85C10FFF740FCFFE7FFE7FFE7C0E0AB
:10FDC0001199B1F85C00B1F85E10401AADF8160058
:10FDD0001198B0F85E00002853D0FFE7BDF8160078
:10FDE00000284ED0FFE7FFE7FFE71198006850E8D2
:10FDF000000F20F490700490FFE7049911980268B6
:10FE000042E800100028F0D1FFE7FFE7FFE7FFE737
:10FE10001198006850E8020F4FF6FE71CEF6FF71A0
:10FE200008400390FFE703991198026842E8021026
:10FE30000028EDD1FFE7FFE711992020C1F88C00E1
:10FE400011990020C86611994867FFE7FFE71198EC
:10FE5000006850E8000F20F010000290FFE70299C0
:10FE60001198026842E800100028F0D1FFE7FFE790
:10FE70001199022008671198BDF81610FFF7DCFBF6
:10FE8000FFE75EE09DF84200C00600280FD5FFE7BF
:10FE90009DF83A004006002809D5FFE7119801684F
:10FEA0004FF4801008621198FFF772FC49E09DF84A
:10FEB00040000006002815D5FFE79DF83C0000062D
:10FEC000002806D4FFE79DF83A000006002809D56F
:10FED000FFE71198806F20B1FFE71198816F884785
:10FEE000FFE72EE09DF84000400600280AD5FFE716
:10FEF0009DF83C004006002804D5FFE7119805F066
:10FF000097F91EE09DF84200000600280AD5FFE799
:10FF10009DF83F004006002804D5FFE71198FFF741
:10FF200033FC0EE09DF84300C00750B1FFE79DF899
:10FF30003F000006002804D5FFE71198FFF790FB6B
:10FF4000FFE712B080BD000080B582B0009000983D
:10FF500020B9FFE701208DF8070046E0009880698E
:10FF600008B1FFE700E0FFE70098D0F8880040B94B
:10FF7000FFE70099002081F88400009800F09CF8C9
:10FF8000FFE700992420C1F88800009801680868FC
:10FF900020F0010008600098806A20B1FFE7009817
:10FFA00004F076FDFFE7009805F022FE012804D159
:10FFB000FFE701208DF8070017E000980168486806
:10FFC00020F49040486000980168886820F02A007A
:10FFD000886000980168086840F001000860009897
:10FFE00004F0FAFD8DF80700FFE79DF8070002B066
:10FFF00080BD00000000000080B582B00190019833
:020000040801F1
:10000000006844F20041C4F20001884212D1FFE7C7
:1000100044F2E841C5F60201086820F400300860A7
:100020000020C5F602000C21F9F74AF92620F9F75D
:1000300097FD3CE00198006844F60001C4F200011D
:10004000884219D1FFE744F2E841C5F60201086889
:1000500020F48020086040F60040C5F602004FF40E
:100060004071F9F72DF90198D0F88000F6F7A8FD56
:100070002720F9F775FD19E00198006841F2004169
:10008000C4F20101884210D1FFE744F2F041C5F605
:100090000201086820F02000086040F60000C5F664
:1000A0000200C021F9F70CF9FFE7FFE7FFE702B014
:1000B00080BD00000000000080B5C2B0419000206B
:1000C00040903F903E903D903C900CA8C021F0F7AE
:1000D000F2FA4198006844F20041C4F200018842FB
:1000E00045D1FFE700200D9002210C912A900CA829
:1000F000FAF7E2FF18B1FFE7F3F77EFEFFE7FFE74D
:1001000044F2E840C5F60200016841F400310160A4
:10011000006800F400300B900B98FFE7FFE744F213
:10012000E040C5F60200016841F00101016000688D
:1001300000F001000A900A98FFE70C203C90022092
:100140003D90002004903E903F900720409000207A
:10015000C5F602003CA9F9F7D7F9049A26200590C4
:100160001146F9F715FD0598F9F706FDBEE041982F
:10017000006844F60001C4F2000188426FD1FFE735
:1001800000200D9002210C912A900CA8FAF794FF00
:1001900018B1FFE7F3F730FEFFE7FFE744F2E8406E
:1001A000C5F60200016841F480210160006800F496
:1001B000802009900998FFE7FFE744F2E040C5F688
:1001C0000200016841F008010160006800F00800C9
:1001D00008900898FFE74FF440703C9002203D9053
:1001E000002002903E903F900720409040F6004053
:1001F000C5F602003CA9F9F787F9029942F6BC203E
:10020000C2F2024003901022C4F2020202602D22C8
:1002100042608160C1604FF480620261416181612E
:10022000C16101624162F7F7F3FF18B1FFE7F3F72D
:10023000E3FDFFE7FFE7419842F6BC21C2F202412D
:10024000C0F8801041988863FFE7272001900022C2
:100250001146F9F79DFC0198F9F78EFC45E04198AD
:10026000006841F20041C4F2010188423CD1FFE73D
:1002700000200D9001210C912B900CA8FAF71CFF87
:1002800018B1FFE7F3F7B8FDFFE7FFE744F2F040EE
:10029000C5F60200016841F020010160006800F02D
:1002A000200007900798FFE7FFE744F2E040C5F61B
:1002B0000200016841F004010160006800F00400E0
:1002C00006900698FFE7C0203C9002203D90002059
:1002D0003E903F900720409040F60000C5F6020097
:1002E0003CA9F9F711F9FFE7FFE7FFE742B080BD4E
:1002F00080B58AB008900791ADF81A200593089848
:10030000D0F88C00202840F0D280FFE7079820B179
:10031000FFE7BDF81A0020B9FFE701208DF827009C
:10032000C9E008990020C1F89000089A2221C2F87B
:100330008C100899C866F9F7F7FA0190BDF81A0011
:100340000899A1F85C00BDF81A000899A1F85E00B0
:10035000FFE708988068B0F5805F10D1FFE7089844
:10036000006930B9FFE7089940F2FF10A1F860007A
:1003700004E00899FF20A1F86000FFE72EE008984C
:10038000806878B9FFE70898006928B9FFE70899FD
:10039000FF20A1F8600004E008997F20A1F8600028
:1003A000FFE71AE008988068B0F1805F0FD1FFE79F
:1003B0000898006928B9FFE708997F20A1F8600034
:1003C00004E008993F20A1F86000FFE704E00899E5
:1003D0000020A1F86000FFE7FFE7FFE7FFE70898CC
:1003E000B0F86000ADF80A0008988068B0F5805F4A
:1003F00009D1FFE70898006928B9FFE700200490B9
:100400000798039004E00798049000200390FFE70A
:10041000FFE70898B0F85E00002840D0FFE7089892
:10042000019B05996A4611602021002206F020FAFE
:1004300040B1FFE708992020C1F88C0003208DF817
:10044000270038E0049860B9FFE708980068406A20
:10045000BDF80A1008400399088003980230039001
:100460000BE008980068406A9DF80A10084004995B
:100470000870049801300490FFE70898D0F88C00C9
:10048000222807D1FFE70899B1F85E000138A1F8EA
:100490005E0003E001208DF827000CE0B9E7089921
:1004A0002020C1F88C0000208DF8270003E00220F6
:1004B0008DF82700FFE79DF827000AB080BD0000F7
:1004C00080B586B004900391ADF80A200498D0F866
:1004D0008C0020283CD1FFE7039820B1FFE7BDF84E
:1004E0000A0020B9FFE701208DF8170034E00499D5
:1004F0000020C8660498006840F60041C5F6000177
:1005000088421CD0FFE70498006840680002002879
:1005100014D5FFE7FFE7FFE70498006850E8000FF5
:1005200040F080600190FFE701990498026842E87A
:1005300000100028F0D1FFE7FFE7FFE7FFE704988E
:100540000399BDF80A2006F07FF88DF8170003E044
:1005500002208DF81700FFE79DF8170006B080BD58
:1005600080B582B001900198006844F20041C4F265
:10057000000188423AD1FFE742F63530C2F202402C
:100580000078013000F03F008DF803009DF8030073
:1005900042F68231C2F20241097888420AD1FFE76D
:1005A00042F68231C2F202410878013000F03F0089
:1005B0000870FFE742F63731C2F20241087842F68E
:1005C0003532C2F2024292F800C042F64233C2F221
:1005D000024303F80C009DF80300107042F65840E7
:1005E000C2F202400122FFF76BFFFFE702B080BDBD
:1005F00081B0009001B0704780B58AB00890079133
:10060000ADF81A2005930898D0F88800202840F00B
:100610009580FFE7079820B1FFE7BDF81A0020B9E1
:10062000FFE701208DF827008CE008990020C1F831
:10063000900008992120C1F88800F9F775F9029017
:10064000BDF81A000899A1F85400BDF81A000899DD
:10065000A1F8560008988068B0F5805F09D1FFE7DF
:100660000898006928B9FFE70020049007980390D4
:1006700004E00798049000200390FFE7FFE7089844
:10068000B0F8560000283ED0FFE70898029B059975
:100690006A4611608021002206F0EAF840B1FFE7C7
:1006A00008992020C1F8880003208DF8270049E030
:1006B000049858B9FFE7039800886FF35F20089902
:1006C0000968886203980230039008E00498007873
:1006D000089909688862049801300490FFE7089837
:1006E000D0F8880000F02100212807D1FFE7089901
:1006F000B1F856000138A1F8560003E001208DF84A
:1007000027001FE0BBE70898029B05996A46116025
:100710004021002206F0ACF840B1FFE70899202004
:10072000C1F8880003208DF827000BE008992020ED
:10073000C1F8880000208DF8270003E002208DF822
:100740002700FFE79DF827000AB080BD00000000E9
:1007500081B0009001B0704780B582B04FF4FA705C
:10076000F8F78AFD4FF4165001F0B2FA40F2ED505E
:10077000C0F6020001F080FA50200190F8F77CFDED
:100780004FF4E13001F0A4FA0198F8F775FD40F25A
:10079000F950C0F6020001F06FFA40F20160C0F6B5
:1007A000020001F069FA40F20D60C0F6020001F0AB
:1007B00063FA2820F8F760FD40F21B60C0F60200E3
:1007C00001F05AFA42F63531C2F2024100200870B7
:1007D00042F68231C2F202410870262006F0E4F9A6
:1007E0000146002918BF012142F63830C2F202400A
:1007F0000170007860B1FFE742F65840C2F2024053
:1008000042F63731C2F202410122FFF759FEFFE7FB
:1008100001F0D6F900F008FD40F26670C0F6020063
:1008200000F046F802B080BD80B582B042F63830A4
:10083000C2F20240007828B3FFE7FFE742F68230B9
:10084000C2F20240007842F63531C2F20241097824
:10085000884216D0FFE742F68231C2F202410A789E
:1008600042F64230C2F20240805C8DF80700087800
:10087000013000F03F0008709DF8070001F0D0F84B
:10088000DCE711E0FFE742F65840C2F202400DF10A
:10089000070101220023FFF72BFD28B9FFE79DF890
:1008A000070001F0BDF8EEE702B080BD00000000D7
:1008B00080B58EB00D900D980C9043F23870ADF865
:1008C0002E000D9840F2E241C0F60201EFF71CFF46
:1008D00048B1FFE70D9840F21171C0F60201EFF741
:1008E00013FF50B9FFE740F21170C0F602000C9000
:1008F0004FF6ED20ADF82E001FE00D9840F240615C
:10090000C0F60201EFF700FF30B9FFE740F2667072
:10091000C0F602000C900FE00D9840F22F61C0F677
:100920000201EFF7F1FE30B9FFE740F2D960C0F6FF
:1009300002000C90FFE7FFE7FFE7694640F606106C
:100940000A90086040F25A300690122107919222D4
:1009500008922623099301F033F806980799089A1C
:10096000099BBDF82EC0EE46CEF800C000F0B8FAE4
:10097000BDF82E304FF45B702521052200F09CF964
:100980000A980C9A69460A610022CA6088604FF68C
:10099000FF7048600220086040F27A3019216E2210
:1009A000182300F0ADFE0EB080BD00000000000076
:1009B00010B5A4B0239022912192239838B1FFE77B
:1009C000229820B1FFE72198012801D8FFE76EE1C6
:1009D000694640F6C5001190086040F22A30129036
:1009E0009821A0220F9226230C9300F0E9FF239870
:1009F00090ED030AB7EEC00A684680ED000B40F2A6
:100A00003862C0F602020B9215AC30210D912046DF
:100A1000EFF7BEFDDDF844C00F9A12986B461C61DB
:100A200002210E91D960C3F808C042F2986CC3F855
:100A300004C0196097212823109300F061FE0C9BDD
:100A4000119912980F9AEC46CCF80010DE2100F0B4
:100A5000B7FF0B9A0D99239890ED040AB7EEC00AE0
:100A6000684680ED000B2046EFF792FD0E990F9A35
:100A7000109BDDF844E01298EC46CCF81040CCF81E
:100A80000C10CCF808E045F69F5ECCF804E0CCF8FA
:100A90000010DD2100F034FE0C9B119912980F9A82
:100AA000EC46CCF800104FF4927100F089FF0D99DC
:100AB000239890ED020A9FED7F1A80EE010AB7EEAF
:100AC000C00A684680ED000B40F2D062C0F6020218
:100AD0002046EFF75DFD0E990F9A109BDDF844E07C
:100AE0001298EC46CCF81040CCF80C10CCF808E08A
:100AF0004FF22B6ECCF804E0CCF8001040F223113A
:100B000000F0FEFD694640F6061008604FF42A70BA
:100B100040F2CF114FF49872692300F051FF00208A
:100B20001490FFE71498022800F2B380FFE71498AE
:100B300000EB00114FF4E97000EB4100ADF84E00FE
:100B400014982399097D884280F08480FFE72398D8
:100B5000149900EB0110037E40F22172C0F60202EC
:100B600015AC0994302106912046EFF711FDBDF830
:100B70004E106A46146101200590D06040F60610C0
:100B8000079090604FF6FF70506002200A9010604E
:100B900040F2B22034221C23089300F0B1FD0699E4
:100BA0002398149A00EB021090ED070A9FED411A6A
:100BB00080EE010AB7EEC00A684680ED000B40F2F5
:100BC000C762C0F602022046EFF7E2FCDDF81CC067
:100BD000089BDDF814E00A98BDF84E106A461461CF
:100BE000C2F80CE0C2F808C045F69F5CC2F804C029
:100BF000106040F2F6207E2200F082FD06990998EE
:100C0000239A149B02EB031292ED080AB7EEC00A76
:100C10006A4682ED000B40F23862C0F60202EFF73E
:100C2000B7FCDDF81CC0089BDDF824E00A98BDF88D
:100C30004E106A46C2F810E0D060C2F808C04FF209
:100C40002B6CC2F804C010604FF45D70642200F099
:100C500057FD19E0BDF84E1040F2E150C0F6020019
:100C60006A4610610120D06040F60610906049F29B
:100C7000B24050600220106040F2B2204FF49172F6
:100C80001C2300F03DFDFFE7FFE7149801301490AE
:100C900048E72298219900F0F3FD239800F054F9D9
:100CA00040F2D960C0F60200FFF702FEFFE724B071
:100CB00010BD00BF00007A4480B590B0ADF83E0092
:100CC000ADF83C10ADF83A20ADF83830BDF83E3004
:100CD000BDF83C00BDF83A20BDF838C06946C1F8FF
:100CE00008C04A60086040F27A62C0F6020204A8B6
:100CF00003902821EFF74CFC039800F0BDFF10B0E3
:100D000080BD00000000000080B594B084461698B5
:100D1000ADF84EC0ADF84C10ADF84A20ADF84830F3
:100D2000ADF84600BDF84E30BDF84C00BDF84A2085
:100D3000BDF848C0BDF846E06946C1F80CE0C1F80E
:100D400008C04A60086040F28B62C0F602020DF1F2
:100D5000160004903021EFF71BFC049800F08CFF84
:100D600014B080BD00000000F0B593B042F298606E
:100D7000ADF84A0041F6CA10ADF8480040F218013B
:100D8000C2F2004110910A7840F60610012A02468C
:100D900008BF40F6C502ADF846200978032908BF10
:100DA00040F6C500ADF84400BDF84600694608604D
:100DB0004FF4D77067210D9160220E9222230F937A
:100DC00000F0FEFD0D990E9A0F9BBDF84400EC4615
:100DD000CCF800004FF4067000F0F2FD1098007897
:100DE000012804D1FFE7BDF84A000C9003E0BDF8EC
:100DF00048000C90FFE70C9880B2694608604FF4F9
:100E0000D77067216022222300F06AF840F21800B0
:100E1000C2F200400078032804D1FFE7BDF84A0081
:100E20000B9003E0BDF848000B90FFE70B9880B2F1
:100E3000694608604FF406700690672160220892A8
:100E4000222300F04DF8089A40F21800C2F2004048
:100E50000A90007849F2B2440128204608BF4FF6B4
:100E6000FF70BDF8463040F2387CC0F6020C69468F
:100E7000C1F810C00126CE608B604860022005904A
:100E800008604FF4D7706B2107911823099300F085
:100E900037FCDDF814C006980799089A099BDDF81D
:100EA00028E09EF800E0BEF1030F08BF4FF6FF7484
:100EB000BDF8445040F23E77C0F60207EE46CEF849
:100EC0001070CEF80C60CEF80850CEF80440CEF882
:100ED00000C000F015FC13B0F0BD000000000000E1
:100EE00080B594B084461698ADF84EC0ADF84C105D
:100EF000ADF84A20ADF84830ADF84600BDF84E30A8
:100F0000BDF84CC0BDF84A001844013880B2BDF8A5
:100F10004810614401398AB2BDF846E06946C1F81B
:100F20000CE0C1F800C08A60486040F2B362C0F6CD
:100F300002020DF1160004903021EFF729FB04980E
:100F400000F09AFE14B080BD80B58AB009900020F0
:100F50000390089000F0F8F803980790FFE70798CF
:100F60000999097D88421AD2FFE70998079900EB91
:100F7000011090ED080A9DED081AB4EE410AF1EE59
:100F800010FA07DDFFE70998079900EB0110006AE6
:100F90000890FFE7FFE7079801300790DFE79DED36
:100FA000080AB5EE400AF1EE10FA01DCFFE7BEE0F8
:100FB00000200790FFE707980999097D884280F093
:100FC000B680FFE70998079900EB0110C069069009
:100FD00040F23D20ADF8160040F21F20ADF81000A1
:100FE0009DED060AB5EE400AF1EE10FA0ADBFFE7C6
:100FF0009DED060A9FED4F1AB4EE410AF1EE10FA8C
:1010000001DDFFE78FE09DED060A9FED4B1AB4EE80
:10101000410AF1EE10FA06DDFFE742F20040C4F6A5
:10102000F4000690FFE79DED060ABDF8160001EEFC
:10103000100AB8EEC11A20EE010A9FED3F1A80EEA9
:10104000010A9FED3E1A30EE010ABCEEC00A10EE16
:10105000100AADF81400BDF8100000EE100AB8EE4A
:10106000C00A0998079900EB011090ED081A9FED4E
:10107000342A21EE021A9DED082A81EE021A30EE82
:10108000010ABCEEC00A10EE100AADF81200BDF85D
:1010900014000238BDF81010BDF81230EC464FF2C3
:1010A0002B620292CCF8002082B21046FFF72CFE91
:1010B000029ABDF814000138BDF81010BDF81230C6
:1010C000EC46CCF8002082B21046FFF71DFE0298D5
:1010D000BDF81420BDF81010BDF81230EC46CCF865
:1010E00000001046FFF710FE029ABDF81400013010
:1010F000BDF81010BDF81230EC46CCF8002082B2DA
:101100001046FFF701FE029ABDF814000230BDF848
:101110001010BDF81230EC46CCF8002082B2104618
:10112000FFF7F2FDFFE707980130079043E70AB0A9
:1011300080BD00BF00A1F4480024F44800002C4208
:101140000000B8C20000000080B588B06946C42025
:1011500008602820029040F2B31103914FF41172FD
:1011600004927823059300F02BFC02980399049ACB
:10117000059BEE4641F6CA1CCEF800C0FFF7B0FE54
:101180000120ADF81E00FFE7BDF81E00042822D89C
:10119000FFE7BDF81E004FF41171484343F23431AC
:1011A000C3F23331A0FB01102830ADF81C00BDF8AC
:1011B0001C20694640F62A50086040F2B31140F204
:1011C0002A231046FFF7A0FDFFE7BDF81E000130FF
:1011D000ADF81E00D8E70120ADF81E00FFE7BDF80E
:1011E0001E0003281ED8FFE7BDF81E00C0EB00104C
:1011F000C10040F2B31000EB9100ADF81A00BDF849
:101200001A30694640F62A500860282040F26B22C6
:101210001946FFF779FDFFE7BDF81E000130ADF874
:101220001E00DCE708B080BDF0B5B3B040F2276027
:10123000C0F6020000F020FD684640F60614119446
:10124000046000262D964FF48062482330463146D4
:1012500000F0B6FB694641F6CA101D90086040F2E6
:10126000FF32472330461946FFF74EFD1F2023214A
:101270000E2242F298631493FFF71EFD40F2FC60C9
:10128000C0F6020069460861CE608C604FF6FF75BB
:101290004D60022028900860372012900C214FF4F6
:1012A000FA7213922623189300F02AFA1298139ACE
:1012B000289940F2447CC0F6020C6B46C3F810C07B
:1012C000DE609C6049F2B24CCDF8B0C0C3F804C0F7
:1012D00019602C2118232B9300F012FA189B6846F2
:1012E000046040F25A301590122116919222179202
:1012F00000F066FBDDF850C015981699179A189BF8
:10130000EE46CEF800C0FFF7EBFD4FF45B702521F1
:10131000052243F23873FFF7CFFC28982B9B40F24D
:10132000DE62C0F6020269460A61CE608C604D60E2
:10133000086040F27A3019216E2200F0E1F9684627
:10134000046014201B905C2119914FF41B721C92B5
:101350004FF487731A9300F033FB19991A9B1B986B
:101360001C9ADDF874C0EE46CEF800C0FFF7B8FD59
:1013700019991A9B684604604FF425701E904FF42B
:10138000AC72209200F01CFB19991A9BDDF874C016
:101390001E98209AEE46CEF800C0FFF7A1FD1B98DC
:1013A0001C9A69460C604FF4BF711F91C6232193AC
:1013B00000F006FB1B981C9ADDF874C01F99219B56
:1013C000EE46CEF800C0FFF78BFD1E981F99209ABD
:1013D000219BEC46CCF8004000F0F2FADDF874C036
:1013E0001E981F99209A219BEE46CEF800C0FFF769
:1013F00077FD289840F22672C0F6020269460A611B
:10140000CE608C604D600860282022906721239177
:10141000F0221E23279300F073F92298279B289926
:1014200040F22F7CC0F6020C6A46C2F810C0D660AB
:1014300094605560116040F2891125914FF49672C5
:1014400000F05EF92399279B289840F26B7CC0F648
:10145000020C6A46C2F810C0D660946055601060F5
:101460004FF42A7024904FF48C72269200F048F9C1
:1014700024982599269A279BDDF8A0C040F2F367AF
:10148000C0F60207EE46CEF81070CEF80C60CEF82B
:101490000840CEF80450CEF800C000F031F900F05A
:1014A00077F9FFF751FEFFF75FFC2C9A28982B9BEA
:1014B000DDF8B4C040F2356EC0F6020E6946C1F8E0
:1014C00010E0C1F80CC08C604A6008602A202A90A5
:1014D00040F24F112991502200F012F928982999D1
:1014E0002A9A2B9BDDF8B0E040F27865C0F6020541
:1014F000EC46CCF81050CCF80C00CCF80840CCF8F6
:1015000004E0CCF8000040F23F2000F0F9F82D98FC
:10151000ADF8CA00FFE7BDF8CA0005282FD8FFE7DD
:10152000BDF8CA00642100FB01F340F25462C0F62A
:1015300002020DF1BA0010901021EFF729F810996E
:10154000BDF8CA007422504323306A46116101215C
:10155000D16040F60611916049F2B241516002211A
:10156000116080B24FF40B713222182300F0C8F8DA
:10157000FFE7BDF8CA000130ADF8CA00CBE7684606
:1015800040F6C5050F9505604FF42A7009908C212F
:101590004FF498720A923A23069300F011FA069BD0
:1015A00009980A9A69460D60D22100F009FA069B53
:1015B00009980A9A69460D604FF48C7100F000FAA0
:1015C00040F2EC60C0F60200694608610024CC607D
:1015D0008D6049F2B2400B90486002200C90086088
:1015E00040F2B620079092217422089218230E939D
:1015F00000F086F80798089A0C990E9BDDF82CE00D
:1016000040F2E366C0F60206EC46CCF81060CCF877
:101610000C40CCF80850CCF804E0CCF80010D821ED
:1016200000F06EF80798089A0C990E9BDDF82CE0F4
:1016300040F21876C0F60206EC46CCF81060CCF802
:101640000C40CCF80850CCF804E0CCF800104FF473
:101650008F7100F055F809980A9A0F996B46196036
:101660004FF4D7711E2300F0ABF9DDF83CC00B9AA4
:101670000C980E9B40F2747EC0F6020E6946C1F8CB
:1016800010E0CC60C1F808C04A6008604FF42C70CC
:1016900040F2B1110D913C2200F032F8DDF82CC07F
:1016A0000C980D990E9BDDF83CE040F21C75C0F6DD
:1016B00002056A461561D460C2F808E0C2F804C0A9
:1016C00010604FF440706E2200F01AF8DDF82CC064
:1016D0000C980D990E9BDDF83CE040F2EE65C0F6EB
:1016E00002056A461561D460C2F808E0C2F804C079
:1016F000106040F28A30422200F002F833B0F0BDB0
:10170000F0B5B9B09C4696460C46054642984198BD
:1017100040993F9A3E9BADF8E250ADF8E040ADF8FD
:10172000DEE0ADF8DCC08DF8DB30ADF8D820ADF8E8
:10173000D6108DF8D500BDF8E230BDF8E000BDF858
:10174000DE20BDF8DCC09DF8DBE0BDF8D840BDF878
:10175000D6509DF8D560429F6946CF618E614D613C
:101760000C61C1F80CE0C1F808C04A60086040F2A2
:10177000BB52C0F602020DF125000890B021EEF731
:1017800007FF089800F078FA39B0F0BD00000000BB
:1017900080B588B06946C420086028200290912155
:1017A00003914FF411720492BE23059300F008F9DF
:1017B00002980399049A059BEE4641F6CA1CCEF89E
:1017C00000C0FFF78DFB0120ADF81E00FFE7BDF85C
:1017D0001E0007281DD8FFE7BDF81E004FF4117149
:1017E0004143282000EBD100ADF81C00BDF81C20BF
:1017F000694640F62A50086091214FF4A7731046BD
:10180000FFF782FAFFE7BDF81E000130ADF81E00B9
:10181000DDE70120ADF81E00FFE7BDF81E0005283A
:1018200020D8FFE7BDF81E00BE2148434AF6AB2191
:10183000C2F6AA21A0FB01109130ADF81A00BDF844
:101840001A30694640F62A500860282040F26B2280
:101850001946FFF759FAFFE7BDF81E000130ADF851
:101860001E00DAE7694641F6CA100860282040F2F7
:101870006B22F0231946FFF747FA08B080BD00003D
:1018800080B58AB00990089109980088ADF81E00CB
:1018900009980088ADF81C002820ADF8120001203E
:1018A0000590FFE705980899884225D2FFE7099837
:1018B000059930F91100BDF91E10884207DAFFE7DB
:1018C0000998059930F81100ADF81E00FFE7099856
:1018D000059930F91100BDF91C10884207DDFFE7BA
:1018E0000998059930F81100ADF81C00FFE7FFE7F3
:1018F000059801300590D5E7FFF74AFFBDF91C00B8
:10190000BDF91E10401A069006980F280CDCFFE760
:10191000694642F298600860282040F26B22F0236A
:101920001946FFF7F1F948E00998B0F90000BDF950
:101930001E10069A00F068F9ADF810000520059019
:10194000FFE705988008902837D8FFE705980899A1
:101950000139484346F20B31CEF26021A0FB011061
:10196000400A039005982830ADF80A0009980399B9
:1019700030F91100BDF91E10069A00F045F9ADF8D6
:101980000800BDF81200BDF81010BDF80A20BDF81F
:101990000830EE4642F2986CCEF800C0FFF7B4F97A
:1019A000BDF80A00ADF81200BDF80800ADF810004F
:1019B000FFE7059805300590C3E70AB080BD000039
:1019C00080B594B084461698ADF84EC0ADF84C1072
:1019D000ADF84A20ADF84830ADF84600BDF84E30BD
:1019E000BDF84C00BDF84A20BDF848C0BDF846E03F
:1019F0006946C1F80CE0C1F808C04A60086040F2CE
:101A00009F62C0F602020DF1160004903021EEF73D
:101A1000BFFD049800F030F914B080BD0000000054
:101A200080B582B08DF8070042F63430C2F2024031
:101A30000078C8B1FFE742F63431C2F2024100201B
:101A400008709DF80700312804D1FFE7012000F05D
:101A5000F3F84CE09DF80700332804D1FFE703209A
:101A600000F0EAF843E0FFE79DF80700412807D1BE
:101A7000FFE742F63431C2F202410120087036E03D
:101A800042F63630C2F202400078A8B9FFE79DF86E
:101A9000070067280FD1FFE79DF8070042F63633AD
:101AA000C2F202431A78511C197042F63931C2F25F
:101AB00002418854FFE71AE09DF8071042F63630DD
:101AC000C2F2024003785A1C027042F63932C2F266
:101AD0000242D1540078092809D1FFE700F00CF840
:101AE00042F63631C2F2024100200870FFE702B030
:101AF00080BD00000000000080B582B042F63930A1
:101B0000C2F202400078672818D1FFE742F6393068
:101B1000C2F202408079FF2810D1FFE742F6393047
:101B2000C2F20240C079FF2808D1FFE742F63930FF
:101B3000C2F20240007AFF2801D0FFE73CE042F603
:101B40003930C2F202404278817841EA0221ADF890
:101B50000610C178007940EA0120ADF80400BDF814
:101B60000400642828D3FFE7BDF804008C2823D89C
:101B7000FFE7BDF80600B0F5D47F0AD9FFE7BDF84E
:101B800006008008842804D8FFE7012000F054F8FC
:101B900011E0BDF80600B0F5057F0BD3FFE7BDF8F7
:101BA000060040F27D21884204D8FFE7032000F0C0
:101BB00043F8FFE7FFE7FFE702B080BD0000000049
:101BC00080B58AB000200190FFE701980A2818D854
:101BD000FFE701994AF2F830C0F6010050F82130D1
:101BE00040F2E452C0F6020202A800902021EEF773
:101BF000CFFC009800F040F8FFE701980130019019
:101C0000E3E70AB080BD000083B0ADF80A00ADF88C
:101C100008100192BDF90A00BDF90810401AA6216A
:101C200048430199B0FBF1F00090009940F2431055
:101C3000401A00B203B0704780B582B08DF807003B
:101C40009DF80700012805D0FFE79DF8070003284D
:101C50000ED1FFE79DF8070040F21801C2F20041E3
:101C600008709DF8070002F0CFF9FFF77DF8FFE755
:101C700002B080BD0000000080B582B001900198E4
:101C80000090EEF7A5FC0146009889B200F00CF830
:101C90004AF22440C0F60100032100F005F802B02A
:101CA00080BD00000000000080B582B00190ADF85A
:101CB00002100199BDF8022042F65840C2F20240DB
:101CC0005023FEF799FC02B080BD00000000000028
:101CD00080B582B0019042F65840C2F202400090B6
:101CE000FDF75AFD009801994160FEF72DF902B009
:101CF00080BD000000000000FFE7FEE700000000DC
:101D000080B5CAB08DED490A4890479146924798F0
:101D10004000013006900EA8E021EEF7CCFC002038
:101D20000590FFE705990020B0EB113F40F0998046
:101D3000FFE79DED050AB8EE400A9FED4D1A80EED3
:101D4000010A8DED020A4FF07E50079000200490AA
:101D5000FFE704984799884233D2FFE79DED490A8F
:101D60009FED441A20EE010A4898049901EB4101C5
:101D700000EB8100007A01EE100AB8EE411A20EE65
:101D8000010A9DED021A20EE010A8DED010A9DED7A
:101D9000010A07F0FBFF049907A8009000EBC100BF
:101DA00080ED010A9DED010A08F098F80098049969
:101DB00000EBC10080ED020AFFE7049801300490B7
:101DC000C7E700200490FFE704980699884243D2B1
:101DD000FFE7049907A800EB810090ED001A059A2F
:101DE0004AF2C830C2F2004000EB820090ED002AB7
:101DF0000EA800EB4110069900EB810090ED000A5F
:101E0000A1EE020A80ED000A00200390FFE703988C
:101E1000069988421BD2FFE7049A07A800EB8201CB
:101E200091ED001A039900EB810090ED002A0EA8B5
:101E300000EB421000EB810090ED000AA1EE020AD7
:101E400080ED000AFFE7039801300390DFE7FFE72A
:101E5000049801300490B7E7FFE70598013005903A
:101E600060E70699469A0EA802F0DEF84AB080BDF7
:101E700027C0EA49DB0FC94081B000900098806814
:101E80004FF6C071C7F6FF710840023000998860B4
:101E900001B070470000000081B000900099886890
:101EA0004FF6C072C5F6FF721040886001B07047EF
:101EB00081B00090009880684FF6C071C7F6FF713E
:101EC000084001300099886001B0704700000000B0
:101ED00081B000900098806840F080504FF6C0714B
:101EE000C7F6FF7108400099886001B07047000094
:101EF00081B000900098806800F0E07001B07047F9
:101F000081B000900098806800F4404001B07047B4
:101F100081B000900098806800F01F0001B0704709
:101F200081B0009000988068C0F3C00001B0704795
:101F300081B000900098C06C00F4C070B0FA80F0DE
:101F4000400901B07047000081B00090009880689F
:101F50004FF6C071C7F6FF710840203000998860C5
:101F600001B070470000000081B0009000988068C8
:101F7000C0F3407001B0704781B000900098806855
:101F8000C0F3400001B0704781B0009000988068B5
:101F900000F0010001B0704781B0009000988068A7
:101FA00000F0010001B0704781B000900098806897
:101FB000C0F3007001B0704781B000900098806855
:101FC000C0F3800001B0704781B000900098806835
:101FD000C0F3800001B0704781B000900098C068E5
:101FE00000F44060B0FA80F0400901B07047000092
:101FF00082B0019000910198C06820F00300009920
:1020000008430199C86002B070470000000000005A
:1020100084B00390029101920398029901F44071F7
:1020200000EB91103030009000980068029901F0A8
:102030001F021F21914088430199C1F3846191409F
:1020400008430099086004B07047000000000000D9
:1020500081B00090009880684FF6C071C7F6FF719C
:10206000084004300099886001B07047000000000B
:1020700081B00090009880684FF6C071C7F6FF717C
:10208000084010300099886001B0704700000000DF
:1020900085B0029001910198000328B9FFE70198EB
:1020A000C0F38460009014E0019890FAA0F00390CF
:1020B000039820B9FFE720208DF8130005E003986E
:1020C000B0FA80F08DF81300FFE79DF81300009040
:1020D000FFE7009800F01F01012000FA01F20299C9
:1020E000C8691043C86105B07047000000000000D7
:1020F00084B00390029101920398029901F000715B
:1021000000EBD15014300090009800680299C1F3A0
:102110000452072191408843019991400843009956
:10212000086004B07047000083B0029001910092F3
:102130000298D0F8C00001996FF31F518843009AAC
:1021400002F018034FF6FF72C0F20F02DA4011409E
:1021500008440299C1F8C00003B0704700000000B5
:1021600082B0019000910198806820F47C10009961
:1021700008430199886002B0704700000000000029
:1021800082B0019000910198806820F0E070009981
:1021900008430199886002B0704700000000000009
:1021A00083B00290019100920298006920F4F040FF
:1021B0000099019A02F01F029140084302990861B8
:1021C00003B070470000000085B0049003910292B4
:1021D00001930498039900EB81006030009000980F
:1021E000006800F00040029901F0F841019A1143A3
:1021F00008430099086005B0704700000000000027
:1022000084B00390029101920398029900EB81003F
:10221000603000900098006820F000400199084369
:102220000099086004B0704780B586B00020019026
:102230000590049003900290F7F752FC0198012159
:102240008DF808108DF8090003901F228DF81020DA
:1022500087228DF811208DF812008DF813008DF86B
:1022600014108DF815108DF816008DF8170002A8BF
:10227000F7F7F6FB0420F7F747FC06B080BD000037
:1022800080B58CB0002200920B920A9209920892BB
:1022900007920692059204920392029242F6F0008F
:1022A000C2F20240019042F20001C4F20201016058
:1022B00042608260C26004210161027542750121A1
:1022C000816102774FF4906343624FF480638362CD
:1022D000C1620263426380F83820C163F3F780F87B
:1022E00018B1FFE7F1F788FDFFE70020099042F6FB
:1022F000F000C2F2024009A9F2F72AF818B1FFE78C
:10230000F1F77AFDFFE78020C1F6505002900620D9
:1023100003900020049040F2FF7105910421069182
:1023200007908DF8210042F6F000C2F2024002A9A7
:10233000F2F75AF918B1FFE7F1F75EFDFFE70CB0CD
:1023400080BD00000000000080B588B0FFE744F2C7
:10235000D840C5F60200016841F001010160006843
:1023600000F0010007900798FFE70B200190002282
:1023700005921146F7F70CFC0198F7F7FDFB059A5B
:102380000C2002901146F7F703FC0298F7F7F4FBD4
:10239000059A0D20039001210491F7F7F9FB0398AA
:1023A000F7F7EAFB0499059A0E200690F7F7F0FB81
:1023B0000698F7F7E1FB08B080BD000000000000C0
:1023C00080B58EB000200D900C900B900A90099073
:1023D000FFE744F2E040C5F60200016841F08001E9
:1023E0000160006800F0800008900898FFE7FFE7B0
:1023F00044F2E040C5F60200016841F001010160CD
:10240000006800F0010007900798FFE7FFE744F23B
:10241000E040C5F60200016841F002010160006879
:1024200000F0020006900698FFE7FFE744F2E04064
:10243000C5F60200016841F008010160006800F083
:10244000080005900598FFE7FFE744F2E040C5F675
:102450000200016841F004010160006800F004001E
:1024600004900498FFE740F60000C5F602000390D0
:102470004021019101220292F7F736FA019A02995E
:10248000039809920A910B9103210C9109A9F7F77E
:102490003BF80EB080BD000080B582B042F68430BB
:1024A000C2F20240009043F60041C4F20001016014
:1024B0004FF4800141600021019181600F22C260D0
:1024C0004FF00072026141614FF0806282614FF013
:1024D0004052C261016241628162C16241638163B3
:1024E000C163016441648164C16401654FF00042CD
:1024F00042658165FBF710FA18B1FFE7F1F77CFC44
:10250000FFE702B080BD000080B588B000210091D7
:10251000079106910591049103910291019142F670
:102520000C40C2F2024040F20042C4F200020260DB
:10253000416081607422C260016180218161FCF789
:1025400093FC18B1FFE7F1F757FCFFE74FF4805019
:10255000049042F60C40C2F2024004A9FCF7A4FD2C
:1025600018B1FFE7F1F748FCFFE7202001900020B9
:10257000039042F60C40C2F2024001A9FCF7C8FBEE
:1025800018B1FFE7F1F738FCFFE708B080BD0000A5
:1025900080B582B042F65840C2F20240009044F248
:1025A0000041C4F2000101604FF4E13141600021BB
:1025B00001918160C16001610C2242618161C16150
:1025C000016241628162FDF7BFFC18B1FFE7F1F7DC
:1025D00013FCFFE742F65840C2F202400021FDF72B
:1025E0008BF818B1FFE7F1F707FCFFE742F6584018
:1025F000C2F202400021FDF737F818B1FFE7F1F70A
:10260000FBFBFFE742F65840C2F20240FCF77CFFBA
:1026100018B1FFE7F1F7F0FBFFE702B080BD000063
:1026200080B582B042F6EC40C2F20240009044F61F
:102630000001C4F2000101604FF4613141600021EA
:1026400001918160C16001610C2242618161C161BF
:10265000016241628162FDF777FC18B1FFE7F1F793
:10266000CBFBFFE742F6EC40C2F202400021FDF74F
:1026700043F818B1FFE7F1F7BFFBFFE742F6EC4084
:10268000C2F202400021FCF7EFFF18B1FFE7F1F7BB
:10269000B3FBFFE742F6EC40C2F20240FCF734FF26
:1026A00018B1FFE7F1F7A8FBFFE702B080BD00001B
:1026B000B0B590B08C4608901499CDF83CC00E92FD
:1026C0000D93ADF832104021EDF7F5FF0F9800F0B3
:1026D000D7FAADF830000020ADF82C000A900E9823
:1026E00078B1FFE70D9860B1FFE7BDF8300040B169
:1026F000FFE7BDF83200BDF83010B0EB410F01D25A
:10270000FFE740E00E98BDF8301049080AAA00F033
:1027100057F98DF8270000208DF82600FFE79DF877
:1027200026009DF8271088422CDAFFE79DF8261036
:102730000AA830F81100ADF824000F9807900E9900
:1027400005910D9906919DF826100491BDF824403D
:10275000214600F01DF8DDF810C00599069A089B87
:1027600005460798EE46CEF80850CEF80440CEF85D
:1027700000C000F0B5FAFFE79DF8260001308DF8A3
:102780002600CCE7FFE710B0B0BD0000000000005D
:1027900080B584B00290ADF80610029800F070FA8F
:1027A000ADF80400BDF8040018B9FFE7002003905D
:1027B0000CE0BDF806004FF4FA11A0FB0101BDF8D2
:1027C00004200023EDF760FE0390FFE7039804B0B8
:1027D00080BD00000000000080B588B00790069121
:1027E000ADF8162000200290069808B9FFE765E0D2
:1027F0000699002088630699C863079820B1FFE70F
:10280000BDF8160008B9FFE758E007980068049083
:102810000798006803900020ADF80600FFE7BDF8B8
:102820000600BDF8161088422FDAFFE70798BDF8BA
:10283000061050F8210000909DED000A9DED041A4D
:10284000B4EE410AF1EE10FA03DAFFE700980490C3
:10285000FFE79DED000A9DED031AB4EE410AF1EE8B
:1028600010FA03DDFFE700980390FFE79DED001AE3
:102870009DED020AA1EE010A8DED020AFFE7BDF807
:1028800006000130ADF80600C9E79DED030A9DED95
:10289000041A30EE410A069880ED0E0A9DED020AF8
:1028A000BDF8160001EE100AB8EE411A80EE010ADA
:1028B00007F0DCFB069880ED0F0AFFE708B080BD4B
:1028C00080B588B084460B98DDF828E0CDF81CC0B0
:1028D000069105920493ADF80E00079860B1FFE7EA
:1028E000069848B1FFE7059830B1FFE7049818B1A2
:1028F000FFE70A9808B9FFE75AE0079800F0C0F927
:10290000ADF80C00BDF80C0038B1FFE7BDF80E00C3
:10291000BDF80C10884201DAFFE749E00020ADF86D
:102920000A00FFE7BDF80A00BDF80C10884231DA52
:10293000FFE70698BDF80A1030F8110000EE100A03
:10294000B8EE400A9FED1B1A30EE010A9FED1A1AED
:1029500080EE010A9FED191A20EE010A8DED010AA1
:1029600001980599BDF80A2041F8220001980499C0
:10297000BDF80A2041F832000498BDF80A1000EBB7
:10298000C10100204860FFE7BDF80A000130ADF842
:102990000A00C7E7079804990022012304F0C8F948
:1029A00004980A99BDF80C20520805F005FBFFE7D2
:1029B00008B080BD00AAAAC600FF7F47333353404A
:1029C0008DB004AB01930B90ADF82A100992002052
:1029D0000890079006908DF817000B9840B1FFE71C
:1029E000099828B1FFE7BDF82A00012804D8FFE7BD
:1029F00000208DF833003CE100208DF81600FFE741
:102A00009DF8160002280DD8FFE709999DF81620B9
:102A1000002021F81200FFE79DF8160001308DF824
:102A20001600EDE70120ADF81400FFE7BDF8140033
:102A3000BDF82A10884280F28E80FFE70B98BDF81F
:102A4000141050F821000490BDF81400022810D38F
:102A5000FFE7019890ED000A0B98BDF8141000EB09
:102A6000810010ED011AB4EE410AF1EE10FA18DD02
:102A7000FFE7BDF814000130BDF82A10884211D2DA
:102A8000FFE7019890ED000A0B98BDF8141000EBD9
:102A9000810090ED011AB4EE410AF1EE10FA01DA6C
:102AA000FFE752E000208DF80F00FFE79DF80F00D0
:102AB000022849D8FFE7019890ED000A9DF80F1011
:102AC00006A800EB810090ED001AB4EE410AF1EE89
:102AD00010FA32DDFFE702208DF80E00FFE79DF8C7
:102AE0000E009DF80F10884219DDFFE79DF80E20BB
:102AF00006A901EB820050F8040C41F82200099964
:102B00009DF80E2001EB420030F8020C21F8120073
:102B1000FFE79DF80E0001388DF80E00DFE70498FE
:102B20009DF80F2006A941F82200BDF8140009996C
:102B30009DF80F2021F8120006E0FFE79DF80F0036
:102B400001308DF80F00B1E7FFE7BDF81400013048
:102B5000ADF814006AE7019890ED020AB5EE400A5C
:102B6000F1EE10FA04DCFFE700208DF8330080E07E
:102B7000FFE79DF8171000200229009020D8FFE7FA
:102B800009989DF8171030F8111000200090B9B185
:102B9000FFE701989DF8172006A901EB820191ED4E
:102BA000000A90ED021A9FED352A21EE021A00204C
:102BB000B4EE410AF1EE10FAA8BF01200090FFE741
:102BC0000098C00730B1FFE79DF8170001308DF87D
:102BD0001700CEE700208DF80D00FFE79DF80D00EF
:102BE0009DF8171088423FDAFFE79DF80D0001308D
:102BF0008DF80C00FFE79DF80C009DF81710884237
:102C00002BDAFFE709999DF80D0031F810009DF8C7
:102C10000C2031F81210884218DDFFE709989DF862
:102C20000D1030F81100ADF80A0009999DF80C005C
:102C300031F810009DF80D2021F81200BDF80A00AF
:102C400009999DF80C2021F81200FFE7FFE79DF895
:102C50000C0001308DF80C00CDE7FFE79DF80D006A
:102C600001308DF80D00B9E79DF817008DF833009D
:102C7000FFE79DF833000DB0704700BF0AD7233C33
:102C800083B00190019820B9FFE70020ADF80A0059
:102C90001FE00198008801460091B0F5007F0FD039
:102CA000FFE70098B0F5806F0AD0FFE70098B0F515
:102CB000006F05D0FFE70098B0F5805F05D1FFE712
:102CC00001980088ADF80A0003E00020ADF80A0082
:102CD000FFE7BDF80A0003B07047000000000000E5
:102CE00080B588B08C4686460C980B980A99CDF82A
:102CF0001CE0CDF818C0059204938DF80F10ADF8C4
:102D00000C000798FFF7BCFFADF80A000698A0B1C9
:102D1000FFE7049888B1FFE79DF80F0002280CD860
:102D2000FFE7BDF80A0040B1FFE7BDF80C00BDF8B1
:102D30000A10B0EB510F01D3FFE750E0BDF80C00D3
:102D400004999DF80F2021F812000C9804999DF821
:102D50000F2001EB820188600698BDF80C1050F836
:102D6000210004999DF80F2001EB8201086206986A
:102D7000BDF80C1000EB810090ED000ABDF80A00D0
:102D800000F036F804989DF80F1000EB810080EDFC
:102D9000050A059818B3FFE70598BDF80C1050F820
:102DA000310001900598BDF80C1000EBC10040689F
:102DB00000909DED000ADDED010A06F091FE9FED09
:102DC000091A20EE010A9FED081A80EE010A049804
:102DD0009DF80F1000EB810080ED0B0AFFE708B0B3
:102DE00080BD00BF00003443DB0F494000000000FD
:102DF00084B002A9009181ED000AADF80600BDF88B
:102E0000060018B9FFE70020039011E0009890ED4C
:102E1000000AB1EE001A20EE010ABDF8061001EE1C
:102E2000101AB8EE411A80EE010A80ED010AFFE7A0
:102E3000009890ED010A04B0704700000000000007
:102E4000FFE7FEE700000000FFE7FEE700000000EC
:102E500088B0079006910592079800F0070004904B
:102E60000498C0F10700052803D3FFE70420019070
:102E700004E00498C0F107000190FFE70198039077
:102E800004980430062803D8FFE70020009003E0F0
:102E9000049803380090FFE7009802900698039981
:102EA000012202FA01F101390840029B984005997C
:102EB0009A40013A1140084308B0704700000000F2
:102EC000704700000000000080B586B004900391B8
:102ED00000208DF8070044F22840C5F60200006883
:102EE00000F00300032804D1FFE701208DF817004C
:102EF000CBE044F20041C5F60201086820F0806092
:102F00000860F6F711FD0290FFE744F20040C5F6B5
:102F10000200006800F000610020B0EBD16F0CD01F
:102F2000FFE7F6F701FD0299401A032804D3FFE7F3
:102F300003208DF81700A8E0E7E7FFE744F22841F7
:102F4000C5F60201086820F47C30049A126840EA51
:102F50000230086004994868D1F808C0CB680A6953
:102F600001386FF35F204FF60061CFF6FF7101EB80
:102F70004C2189B208440021CFF6FF7101EB0341D7
:102F800001F4FE0108444FF07F4101EB026101F0C2
:102F9000FE41084444F23841C5F602010860FFE7EB
:102FA00044F22C41C5F602010091086820F0C000EF
:102FB000049A526910430860086820F02000049ABF
:102FC000926910430860086820F01000086044F21D
:102FD0003C42C5F6020210684FF6F8739843049B12
:102FE000DB6940EAC3001060086840F01000086028
:102FF000039848B9FFE744F22C41C5F6020108687E
:1030000040F40020086016E00398012809D1FFE78A
:1030100044F22C41C5F60201086840F480100860B3
:1030200008E044F22C41C5F60201086840F40010A3
:103030000860FFE7FFE744F20041C5F602010868B7
:1030400040F080600860F6F76FFC0290FFE744F202
:103050000040C5F60200006800F000610020B0EBFF
:10306000D16F0CD1FFE7F6F75FFC0299401A0328F5
:1030700004D3FFE703208DF8170006E0E7E7FFE73A
:103080009DF807008DF81700FFE79DF8170006B0C0
:1030900080BD00000000000080B586B00490039160
:1030A00000208DF8070044F22840C5F602000068B1
:1030B00000F00300032804D1FFE701208DF817007A
:1030C000CBE044F20041C5F60201086820F08050D0
:1030D0000860F6F729FC0290FFE744F20040C5F6CD
:1030E0000200006800F000510020B0EB517F0CD0CE
:1030F000FFE7F6F719FC0299401A032804D3FFE70B
:1031000003208DF81700A8E0E7E7FFE744F2284125
:10311000C5F60201086820F07C70049A126840EA43
:103120000250086004994868D1F808C0CB680A6961
:1031300001386FF35F204FF60061CFF6FF7101EBAE
:103140004C2189B208440021CFF6FF7101EB034105
:1031500001F4FE0108444FF07F4101EB026101F0F0
:10316000FE41084444F24041C5F602010860FFE711
:1031700044F22C41C5F602010091086820F4406039
:10318000049A526910430860086820F40070049A99
:10319000926910430860086820F48070086044F267
:1031A0004442C5F6020210684FF6F8739843049B38
:1031B000DB6940EAC3001060086840F48070086072
:1031C000039848B9FFE744F22C41C5F602010868AC
:1031D00040F48000086016E00398012809D1FFE759
:1031E00044F22C41C5F60201086840F40000086072
:1031F00008E044F22C41C5F60201086840F08070F6
:103200000860FFE7FFE744F20041C5F602010868E5
:1032100040F080500860F6F787FB0290FFE744F229
:103220000040C5F60200006800F000510020B0EB3D
:10323000517F0CD1FFE7F6F777FB0299401A03287C
:1032400004D3FFE703208DF8170006E0E7E7FFE768
:103250009DF807008DF81700FFE79DF8170006B0EE
:1032600080BD000000000000F0B591B04FF6FF7087
:10327000ADF8400042F24000C2F200400C90002243
:103280000B92028342610261C2608260426002600E
:1032900040F22001C2F200410D910A834A610A61A5
:1032A000CA608A604A600A600221EFF71DFA0120B5
:1032B000EFF71EFB0C990D9A6B461420186042F62E
:1032C0008430C2F202400D23FAF7A2FFB0B3FFE749
:1032D0000020EFF70DFB4AF2AC31C2F20041486921
:1032E00001304861F6F720FB42F6A401C2F2024128
:1032F0000968401AB0F57A7F1CD3FFE7F6F714FB94
:1033000042F6A401C2F20241086042F68430C2F2E1
:1033100002400990FAF728F9014609980A91FAF74C
:103320002BF90A99024640F29150C0F60200EDF7DF
:1033300023F9FFE700208DF84300DFE00020EFF7DE
:10334000D7FA40F22000C2F20040008945F6A521DC
:10335000884208D1FFE740F22000C2F200404089D5
:1033600001284AD0FFE74AF2AC31C2F20041486975
:1033700001304861F6F7D8FA42F6A401C2F20241E0
:103380000968401AB0F57A7F33D3FFE7F6F7CCFA35
:1033900042F6A401C2F20241086040F2200CC2F2DF
:1033A000004CCDF820C0BCF80810BCF80A20BCF8CE
:1033B0000C30BCF80E00BCF810E0BCF81240BCF8B1
:1033C0001450BCF81660BCF81870EC46CCF81470B9
:1033D000CCF81060CCF80C50CCF80840CCF804E0E5
:1033E000CCF8000040F22C50C0F60200EDF7C4F813
:1033F000FFE700208DF8430080E004200F90FFE7F6
:103400000F980B2812D8FFE7BDF840000F9A40F242
:103410002001C2F2004131F81210EFF7A1F9ADF826
:103420004000FFE70F9801300F90E9E7BDF840003A
:1034300040F22001C2F20041098B88422CD0FFE704
:103440004AF2AC31C2F20041086901300861F6F776
:103450006BFA42F6A401C2F202410968401AB0F5C3
:103460007A7F15D3FFE7F6F75FFA42F6A401C2F2BE
:1034700002410860BDF8401040F22000C2F2004056
:10348000028B40F26350C0F60200EDF775F8FFE7DB
:1034900000208DF8430031E040F22000C2F20040ED
:1034A0008189ADF83A109DF83A1001F001024AF214
:1034B000AC31C2F2004107910A70BDF83A20C2F364
:1034C00040024A70BDF83A20C2F380028A70BDF80B
:1034D0003A20C2F3C002CA70BDF83A20C2F300120B
:1034E0000A71BDF83A20C2F380124A71C289CA80BB
:1034F0004069886001208DF84300FFE79DF8430094
:1035000011B0F0BD0000000080B584B042F68430F8
:10351000C2F20240F9F7ECFF20B1FFE701208DF87D
:103520000F0030E042F68430C2F20240019043F6D0
:103530000041C4F2000101604FF4800141600021AC
:10354000029181600F22C2604FF0007202614161FE
:103550004FF0806282614FF04052C261016241626D
:103560008162C16241638163C163016441648164BA
:10357000C16401654FF0004242658165FAF7CCF9FC
:103580008DF80F00FFE79DF80F0004B080BD00002C
:1035900080B542F68430C2F20240F9F7F5FF80BDF3
:1035A00082B001900198006840690090019801681C
:1035B000886940F00800886101980168886940F0D6
:1035C0001000886101980168086820F00100086017
:1035D00001980168086940F26F32904308610198D0
:1035E0000168886820F440408860019890F8810064
:1035F000042815D0FFE79DF80000800600280ED5AE
:10360000FFE70199D1F8840040F08000C1F8840000
:1036100001980168886940F020008861FFE7FFE7B2
:10362000019890F88100032815D0FFE79DF800006D
:10363000400600280ED5FFE70199D1F8840040F03C
:103640000400C1F8840001980168886940F04000D6
:103650008861FFE7FFE79DF80100800700280ED58D
:10366000FFE70199D1F8840040F00100C1F884001F
:1036700001980168886940F400708861FFE79DF84F
:103680000100C00770B1FFE70199D1F8840040F054
:103690000800C1F8840001980168886940F48070CE
:1036A0008861FFE701990020A1F862000199A1F863
:1036B0006A0002B07047000080B582B001900198A6
:1036C000806B009000990020A1F86A000099A1F891
:1036D00062000099012081F881000098F9F734FF19
:1036E00002B080BD0000000080B582B0019001985A
:1036F000806B00900198F3F7A3FC022812D0FFE73B
:103700000098FFF74DFF0099D1F8840040F01000B9
:10371000C1F884000099012081F881000098F9F730
:1037200013FFFFE702B080BD80B582B00190019821
:10373000806B00900098FBF7D3FA02B080BD0000C8
:1037400080B582B001900198806B0090009890F84D
:103750008100072813D0FFE70098806FC069B0F59B
:10376000807F04D1FFE70098FBF7AAFA06E00098F3
:103770000168086940F008000861FFE7FFE702B050
:1037800080BD00000000000083B002900298C16B71
:10379000012000EB511001900298C06801300090A8
:1037A00000980730C008009000980199484303B082
:1037B000704700000000000080B586B0DDF820C032
:1037C000049003918DF80B200193FFE704980068A3
:1037D000406903990840401AB0FA80F040099DF80A
:1037E0000B10884214D1FFE7F6F79EF80899401AAB
:1037F0000199884204D3FFE70198013018B9FFE727
:10380000019820B9FFE703208DF8170004E0DDE7F9
:1038100000208DF81700FFE79DF8170006B080BD67
:10382000704700000000000080B584B042F2400004
:10383000C2F2004001900121009100220292EEF7B5
:1038400053FF0098EFF754F8019942F68430C2F222
:10385000024004221423FAF7E7FA014602988DF891
:103860000F10EFF745F89DF80F0004B080BD000081
:1038700040F20C00C2F200400078704700000000E7
:1038800048F28E40C2F20140704700000000000084
:1038900080B584B048F65000C2F201404FF4805128
:1038A00003F0EEFB4AF21020C2F2004002904FF407
:1038B000CC71ECF700FF0299032008600020039010
:1038C000FFE70398312817D8FFE703994AF2102041
:1038D000C2F2004000EB810246F27151C4F21701BE
:1038E0005160039900EB81010020C1F8CC00FFE793
:1038F000039801300390E4E74AF21020C2F200403E
:1039000001904FF4CA71EEF763FF0199C1F8940179
:1039100000F022F84EF6FC50CEF200000068C00124
:10392000002809D4FFE74EF6FC51CEF200010868EA
:1039300040F080700860FFE741F20401CEF2000120
:103940000020086041F20001CEF20001086840F05A
:103950000100086004B080BD80B582B00020C0F6D0
:103960001E000190019800F0CBFA02B080BD00006B
:1039700080B5B0B02E902D912C922B9300201A90F0
:103980004FF2CA21C7F2491118914FF2CA21CFF262
:103990004911179116902E9818B1FFE72B9820B96E
:1039A000FFE700208DF8BF0098E241F20400CEF25C
:1039B0000000006815902B985021ECF77CFE22A89F
:1039C0002421ECF778FE00201490FFE714990020E2
:1039D000B0EB113F13D1FFE72E98149930F9110085
:1039E00000EE100AB8EEC01A9DED1A0A30EE010A78
:1039F0008DED1A0AFFE7149801301490E6E79DED6B
:103A00001A0A9FEDDE1A20EE010A8DED1A0A002037
:103A10001490FFE714990020B0EB113F47D1FFE766
:103A20009DED140AB8EE400A9FEDD51A20EE010A6A
:103A30009FEDD41A80EE010A04F002FBB0EE401AAA
:103A4000BEEE002AB6EE000AA1EE020A8DED110AC2
:103A50002E98149930F9110000EE100AB8EEC00A41
:103A60009DED1A1A30EE410A4AF2C830C2F2004007
:103A700000EB810181ED000A149900EB810090EDCB
:103A8000000A9DED111A20EE010A48F66000C2F20C
:103A9000014000EBC10181ED000A149900EBC10166
:103AA00000204860FFE7149801301490B2E748F610
:103AB0005000C2F2014048F66001C2F20141059196
:103AC0000022012303F034F9059840F6A401C2F264
:103AD00002414FF4006204F06FFA22A8EFF754FF9E
:103AE0001290129820B9FFE700208DF8BF00F5E191
:103AF000129922A8F0F784F98DED190A9DED190AA3
:103B00009FEDA11AB4EE410AF1EE10FA0ADBFFE7CD
:103B10009DED190A9FED9D1AB4EE410AF1EE10FADF
:103B200004DDFFE700208DF8BF00D7E19DED190A05
:103B30009FED971AB4EE410AF1EE10FA06DAFFE7AC
:103B400044F20000C4F21C601990FFE79DED190AD1
:103B50009FEDE51AB4EE410AF1EE10FA06DDFFE73B
:103B600042F20040C4F6F4001990FFE79DED190AF7
:103B7000129922A81BAAFEF7C3F820B9FFE700207C
:103B80008DF8BF00AAE12D982B99486019982B99C0
:103B9000886012982B9908752C982B9988640020BE
:103BA0001390FFE71398129988427DD2FFE713998B
:103BB0001BA800EBC10149681091139900EBC100EB
:103BC00080680F909DED190A139800EB400122A820
:103BD000049000EB8100007A01EE100AB8EE411A61
:103BE00020EE010A8DED0E0A9DED0E0A4AF210201C
:103BF000C2F2004003900430EEF722FE03988DEDF0
:103C00000D0A9DED0E0ACC30EEF71AFE8DED0C0A72
:103C10009DED101A9DED0F0A20EE000AA1EE010A9B
:103C200006F024FA9DED0D1A20EE010A8DED0B0A27
:103C30009DED0F0AB1EE400ADDED100A05F050FFD0
:103C400004989DED0C1A30EE010A8DED0A0A139AC4
:103C500002EB420100EB8100007A2B9901EB02118B
:103C600008760E982B99139A01EB0211C8610B98F4
:103C70002B99139A01EB021108620A982B99139A57
:103C800001EB021148629DED0B2AB6EE000A22EE0E
:103C9000001A9DED160AA1EE020A8DED160AFFE745
:103CA0001398013013907DE79DED160A06F0DEF9BA
:103CB0002B9880ED040A00201490FFE7149900204F
:103CC000B0EB113F66D1FFE79DED140AB8EE400A54
:103CD0009FED861A20EE010A9FED821A20EE010A5E
:103CE0008DED090A002008901390FFE713981299B0
:103CF000884224D2FFE72B98139900EB0110017E34
:103D000000EE101AB8EE401A9DED092A90ED080A4F
:103D10008DED020A90ED090AA1EE020A06F036F8CE
:103D20009DED021AB0EE402A9DED080AA1EE020AAE
:103D30008DED080AFFE7139801301390D6E79DED4B
:103D4000080A9DED181AB4EE410AF1EE10FA03DAF2
:103D5000FFE708981890FFE79DED080A9DED171AF8
:103D6000B4EE410AF1EE10FA03DDFFE70898179070
:103D7000FFE7FFE71498013014909FE700008039B7
:103D8000DB0FC94000F07F45FFE91446B05EF44800
:103D900000401C469DED170A9DED181A30EE410AB1
:103DA0002B9880ED030A00201490FFE71498400937
:103DB0000E2876D8FFE740F20C00C2F200400078EF
:103DC00000EE100AB8EE400A9FED481A20EE010AF4
:103DD0009DED141AB8EE411A20EE010A9FED441A27
:103DE00080EE010A8DED070A002006901390FFE790
:103DF00013981299884224D2FFE72B98139900EB6D
:103E00000110017E00EE101AB8EE401A9DED072A4F
:103E100090ED080A8DED010A90ED090AA1EE020A63
:103E200005F0B4FF9DED011AB0EE402A9DED060AA3
:103E3000A1EE020A8DED060AFFE7139801301390F8
:103E4000D6E79DED060A9FED2B1AB4EE410AF1EE7E
:103E500010FA06DDFFE74FF60060C4F2FF6006903F
:103E6000FFE79DED060A9FED241AB4EE410AF1EE3C
:103E700010FA04DAFFE74FF047400690FFE79DEDA8
:103E8000060ABDEEC00A10EE100A149A48F28E41DE
:103E9000C2F2014121F81200FFE71498013014909A
:103EA00084E741F20400CEF2000000681599401A40
:103EB00040F21001C2F2004109684DF68362C4F27B
:103EC0001B32A1FB0221890CB0FBF1F02B99C864D5
:103ED0002B99012008708DF8BF00FFE79DF8BF0007
:103EE00030B080BD000080390024F448DB0FC940A9
:103EF0000080EF4300FEFF46000000C70000000006
:103F000080B584B00290029828B1FFE7029800685B
:103F1000032804D0FFE700208DF80F006EE0029820
:103F20004FF4CA71EEF754FC019001980299D1F850
:103F30009411884204D0FFE700208DF80F005DE067
:103F400000200090FFE7009831284AD8FFE70020C2
:103F500048B9FFE70298009900EB8100406802F041
:103F6000E3FD70B934E00298009900EB810090ED18
:103F7000010AB7EEC00A51EC100B02F0C5FD38B3D0
:103F8000FFE70298009900EB810090ED010AB5EE81
:103F9000400AF1EE10FA1BDDFFE7002050B9FFE701
:103FA0000298009900EB8100D0F8CC0002F0BCFD33
:103FB00090B90DE00298009900EB810090ED330A72
:103FC000B7EEC00A51EC100B02F09EFD20B9FFE7DE
:103FD00000208DF80F0011E0FFE7009801300090FD
:103FE000B1E702994AF21020C2F200404FF4CC72BD
:103FF000ECF70DFB01208DF80F00FFE79DF80F0097
:1040000004B080BD0000000081B08DF803009DF871
:104010000300032818BF012040F20C01C2F2004146
:10402000087001B0704700008DB00B900A910992A2
:1040300000200890FFE708980A99884280F0DC8009
:10404000FFE70B98089900EB411000EB810090ED21
:10405000000AB0EEC00A8DED040A08980690089890
:1040600001300790FFE707980A99884221D2FFE7BD
:104070000B98079900EB4110089900EB810090ED37
:10408000000AB0EEC00A8DED030A9DED030A9DED16
:10409000041AB4EE410AF1EE10FA05DDFFE70398C9
:1040A000049007980690FFE7FFE707980130079014
:1040B000D9E79DED040A9FED601AB4EE410AF1EED6
:1040C00010FA04DAFFE700208DF83300AFE006981D
:1040D000089988422AD0FFE708980590FFE70598DD
:1040E0000A99884221D8FFE70B98089900EB411004
:1040F000059950F8210002900B99069801EB4010A9
:10410000059A50F82200089B01EB431141F8220068
:1041100002980B99069A01EB4211059A41F8220088
:10412000FFE7059801300590D9E7FFE70B9808995C
:1041300000EB411050F82100019008980590FFE72E
:1041400005980A99884214D8FFE79DED011A0B984B
:10415000089900EB4110059900EB810090ED000AF1
:1041600080EE010A80ED000AFFE705980130059016
:10417000E6E700200790FFE707980A99884236D2C1
:10418000FFE70798089988422CD0FFE70B9807991A
:1041900000EB4110089950F8210000900898059014
:1041A000FFE705980A9988421BD8FFE79DED001AA2
:1041B0000B98089900EB4112059902EB810292EDF0
:1041C000002A079A00EB421000EB810090ED000AF4
:1041D000A1EE420A80ED000AFFE705980130059044
:1041E000DFE7FFE7FFE7079801300790C4E7FFE745
:1041F0000898013008901EE700200790FFE7079815
:104200000A9988420FD2FFE70B98079A00EB4210F9
:104210000A9950F82100099941F82200FFE7079810
:1042200001300790EBE701208DF83300FFE79DF8A0
:1042300033000DB0704700BF77CC2B320000000078
:1042400080B587B00690059100200490FFE70498A0
:104250000599884257D2FFE7049801300390FFE7A1
:1042600003980599884249D2FFE70698039901EB24
:10427000410100EB810191ED000A049901EB41013C
:1042800000EB810090ED001AB4EE410AF1EE10FA55
:104290002FDAFFE70698049901EB410200EB820157
:1042A00050F8220000904868896802910190069BAE
:1042B000049800EB400C03EB8C01039800EB4000EA
:1042C00003EB800253F8200043F82C0050689268FA
:1042D0008A604860DDF818C0039800EB400E0CEBD4
:1042E0008E01009B0198029A4CF82E308A6048603B
:1042F000FFE7FFE7039801300390B1E7FFE7049879
:1043000001300490A3E707B080BD0000000000006A
:1043100080B586B042F24000C2F20040039042F203
:104320001A010191ECF7C7F9019940F22000C2F29D
:1043300000400490ECF7BFF9039803210022029299
:10434000EEF7D2F9029848F64E01C2F20141087028
:1043500048F64F01C2F20141087042F6A401C2F2D0
:10436000024108600120EEF7C3FA0399049A42F66D
:104370008430C2F2024041F20D03FAF7CDFA38B1AF
:10438000FFE70020EEF7B4FA01208DF8170003E0F4
:1043900000208DF81700FFE79DF8170006B080BDDC
:1043A00080B582B0009000980138B0F1807F03D3CF
:1043B000FFE70120019019E0009801384EF2140146
:1043C000CEF2000108604FF0FF300F2102F014FC24
:1043D0004EF21801CEF20001002008604EF21002E9
:1043E000CEF20002072111600190FFE7019802B0B0
:1043F00080BD00000000000080B5F5F79DFA80BD8B
:1044000080B59EB00BA84C21ECF755F90020019027
:104410000A900990089007900690059004900390E8
:104420000220F5F7D5FBFFE70020029044F61800C4
:10443000C5F60200016841F440410160006800F4E3
:104440004040029040F22C40C5F60000016841F067
:1044500001010160006800F0010002900298FFE78E
:10446000FFE744F61800C5F60200006800F40050AB
:10447000B0F5005F01D0FFE7F3E701200B904FF4A8
:1044800080300C9002201490159005211691C022C6
:104490001792189019911A9008201B9000201C90D8
:1044A0001D900BA8F8F778FA18B1FFE7EFF7A4FC16
:1044B000FFE73F2003900320049000200590082090
:1044C00006904020079008904FF4806109910A906F
:1044D00003A80421F7F740FE18B1FFE7EFF78CFCC3
:1044E000FFE71EB080BD000081B04EF68851CEF2CD
:1044F0000001086840F47000086042F20000C5F254
:104500000020006800F00F0006280AD8FFE742F2FA
:104510000001C5F200210868072262F30300086069
:10452000FFE744F20041C5F60201086840F00100CF
:10453000086044F21042C5F60202002010600868CC
:104540004EF67F52CEF6F6221040086042F200008E
:10455000C5F20020006800F00F0008280AD3FFE72A
:1045600042F20001C5F200210868072262F303004D
:104570000860FFE744F21841C5F6020100200090F0
:10458000086044F21C41C5F60201086044F2204173
:10459000C5F60201086044F22842C5F6020240F264
:1045A0000021C0F20221116044F22C42C5F6020241
:1045B0000021C0F2FF11116044F23042C5F6020240
:1045C00040F28021C0F20111116044F23442C5F67C
:1045D0000202106044F23842C5F60202116044F251
:1045E0003C42C5F60202106044F24042C5F60202A7
:1045F000116044F24441C5F60201086044F20042F1
:10460000C5F60202116821F48021116044F2604174
:10461000C5F60201086041F20001C5F600410968D3
:10462000B0EB517F07D1FFE748F20811C5F2001146
:1046300001200860FFE744F2D440C5F6020000689C
:10464000C004002814D4FFE744F2D441C5F60201A7
:10465000086840F48050086044F20002C5F200226D
:1046600043F2D2001060086820F480500860FFE731
:1046700001B070470000000080B542F60C40C2F265
:104680000240FAF7FDFD80BD83B0029001910298CF
:104690000068009002980021C4F20101884225D0F0
:1046A000FFE70298B0F1804F20D0FFE7029840F278
:1046B0000041C4F20001884218D0FFE7029840F69A
:1046C0000001C4F20001884210D0FFE7029840F6D2
:1046D0000041C4F20001884208D0FFE7029840F28E
:1046E0000041C4F2010188420AD1FFE7009820F09E
:1046F0007000009001984168009808430090FFE71F
:1047000002980021C4F2010188423DD0FFE70298DF
:10471000B0F1804F38D0FFE7029840F20041C4F278
:104720000001884230D0FFE7029840F60001C4F251
:104730000001884228D0FFE7029840F60041C4F209
:104740000001884220D0FFE7029840F20041C4F205
:104750000101884218D0FFE7029844F20001C4F238
:104760000101884210D0FFE7029844F20041C4F2F0
:104770000101884208D0FFE7029844F60001C4F224
:10478000010188420AD1FFE7009820F440700090B0
:104790000198C168009808430090FFE7009820F056
:1047A0008000019949690843009001988068029946
:1047B000C862019800680299886202980021C4F2D8
:1047C0000101884220D0FFE7029840F20041C4F284
:1047D0000101884218D0FFE7029844F20001C4F2B8
:1047E0000101884210D0FFE7029844F20041C4F270
:1047F0000101884208D0FFE7029844F60001C4F2A4
:104800000101884205D1FFE7019800690299086318
:10481000FFE70299086840F004000860029901204F
:10482000486100980299086003B0704700000000DA
:1048300085B00490039102920193049880680090DF
:10484000009820F47F40009003980299019A41EA71
:104850000221014300980843009000980499886061
:1048600005B070470000000083B0029001910298EB
:104870008068009000984FF68F71CFF6CF71084096
:10488000009001980099084340F0070000900098BC
:104890000299886003B0704785B00490039102923A
:1048A0000498006A00900499086A20F001000862E8
:1048B00004980021C4F20101884220D0FFE7049847
:1048C00040F20041C4F20101884218D0FFE7049889
:1048D00044F20001C4F20101884210D0FFE70498BD
:1048E00044F20041C4F20101884208D0FFE7049875
:1048F00044F60001C4F20101884206D1FFE70499A1
:10490000086A20F004000862FFE7049880690190BB
:10491000019820F0F00001900299019840EA0110FE
:104920000190009820F00A00009003990098084335
:10493000009001980499886100980499086205B074
:10494000704700000000000085B0049003910292BF
:104950000498006A00900499086A20F01000086228
:1049600004980021C4F20101884229D0FFE704988D
:1049700040F20041C4F20101884221D0FFE70498CF
:1049800044F20001C4F20101884203D1FFE7002094
:10499000B0B9FFE7049844F20041C4F20101884233
:1049A00003D1FFE7002058B9FFE7049844F600015F
:1049B000C4F20101884209D1FFE7012030B9FFE7C5
:1049C0000499086A20F040000862FFE704988069B3
:1049D0000190019820F4704001900299019840EAFA
:1049E00001300190009820F0A000009003990098F9
:1049F00040EA011000900198049988610098049998
:104A0000086205B07047000082B001900198406EC6
:104A100040B9FFE701990120A1F86A000199A1F8C6
:104A2000680032E010208DF803008DF80200019834
:104A300000688068C0F342608DF80100019800684A
:104A40008068400F8DF800009DF802009DF800205E
:104A50004AF22F43C0F60103995C48434AF22741CA
:104A6000C0F601018A5CB0FBF2F0019AA2F86A007C
:104A70009DF803009DF801209B5C5843895CB0FBC6
:104A8000F1F00199A1F86800FFE702B0704700005B
:104A900081B00090009890F82800000700280BD5FE
:104AA000FFE700980068406820F40040009A116811
:104AB000926B10434860FFE7009890F82800C00709
:104AC00058B1FFE700980068406820F40030009A71
:104AD0001168D26A10434860FFE7009890F82800F8
:104AE000800700280BD5FFE700980068406820F495
:104AF0008030009A1168126B10434860FFE70098FD
:104B000090F82800400700280BD5FFE700980068C0
:104B1000406820F48020009A1168526B104348606E
:104B2000FFE7009890F82800C00600280BD5FFE7A3
:104B300000980068806820F48050009A1168D26B59
:104B400010438860FFE7009890F82800800600284E
:104B50000BD5FFE700980068806820F40050009AA9
:104B60001168126C10438860FFE7009890F82800E5
:104B7000400600281CD5FFE700980068406820F434
:104B80008010009A1168526C104348600098406C85
:104B9000B0F5801F0BD1FFE700980068406820F453
:104BA000C000009A1168926C10434860FFE7FFE76D
:104BB000009890F82800000600280BD5FFE7009821
:104BC0000068406820F40020009A1168D26C1043FD
:104BD0004860FFE701B0704780B588B0069006993D
:104BE0000020C1F89000F4F79FFE05900698006839
:104BF0000068000700282FD5FFE70698059B6A4646
:104C00006FF07E4111604FF40011002201F030FE80
:104C100008B3FFE7FFE7FFE70698006850E8000FDA
:104C200020F080000490FFE704990698026842E8AB
:104C300000100028F0D1FFE7FFE706992020C1F817
:104C40008800FFE70699002081F88400FFE7032031
:104C50008DF81F005FE0FFE70698006800684007D6
:104C6000002842D5FFE70698059B6A466FF07E4113
:104C700011604FF48001002201F0FAFDA0B3FFE7BC
:104C8000FFE7FFE70698006850E8000F20F49070F7
:104C90000390FFE703990698026842E80010002895
:104CA000F0D1FFE7FFE7FFE7FFE70698006850E86D
:104CB000020F20F001000290FFE7029906980268B7
:104CC00042E802100028F0D1FFE7FFE70699202014
:104CD000C1F88C00FFE70699002081F88400FFE707
:104CE00003208DF81F0016E0FFE706992020C1F889
:104CF00088000699C1F88C0006990020C8660699BC
:104D00000867FFE70699002081F88400FFE700208C
:104D10008DF81F00FFE79DF81F0008B080BD000060
:104D200080B582B001900198806B00900098FAF7EE
:104D30006BFD02B080BD000080B584B00390039885
:104D4000806B02900298D0F8880001900298D0F809
:104D50008C0000900298006880680006002808D542
:104D6000FFE70198212804D1FFE7029800F084FAB8
:104D7000FFE70298006880684006002808D5FFE732
:104D80000098222804D1FFE7029800F001FAFFE71B
:104D90000299D1F8900040F01000C1F890000298FC
:104DA000FAF732FD04B080BD80B588B0079007984F
:104DB000806B06900798C069B0F5807F5BD0FFE7F5
:104DC00006990020A1F85E00FFE7FFE7069800685B
:104DD00050E8000F20F480700590FFE705990698D1
:104DE000026842E800100028F0D1FFE7FFE7FFE784
:104DF000FFE70698006850E8020F20F001000490D9
:104E0000FFE704990698026842E802100028F0D1F2
:104E1000FFE7FFE7FFE7FFE70698006850E8020FAB
:104E200020F040000390FFE703990698026842E8EB
:104E300002100028F0D1FFE7FFE706992020C1F813
:104E40008C000698C06E012814D1FFE7FFE7FFE74A
:104E50000698006850E8000F20F010000290FFE76D
:104E600002990698026842E800100028F0D1FFE796
:104E7000FFE7FFE7FFE70699002008670698C06E86
:104E8000012840F0B380FFE706990020A1F85E00FA
:104E9000079800681021C4F20201884200F0818066
:104EA000FFE7079800682821C4F20201884278D001
:104EB000FFE7079800684021C4F20201884270D0E1
:104EC000FFE7079800685821C4F20201884268D0C1
:104ED000FFE7079800687021C4F20201884260D0A1
:104EE000FFE7079800688821C4F20201884258D081
:104EF000FFE707980068A021C4F20201884250D061
:104F0000FFE707980068B821C4F20201884248D040
:104F1000FFE70798006840F21041C4F2020188429E
:104F20003FD0FFE70798006840F22841C4F2020131
:104F3000884236D0FFE70798006840F24041C4F24B
:104F4000020188422DD0FFE70798006840F25841DF
:104F5000C4F20201884224D0FFE70798006840F2BB
:104F60007041C4F2020188421BD0FFE70798006835
:104F700040F28841C4F20201884212D0FFE707984C
:104F8000006840F2A041C4F20201884209D0FFE764
:104F90000798006840F2B841C4F20201884205D186
:104FA000FFE7079800684068009004E007980068F1
:104FB00040680090FFE70098ADF80600BDF80600D5
:104FC0000699B1F85C10884206DAFFE7BDF80600E2
:104FD0000699A1F85E00FFE70698B0F85C10B0F8FB
:104FE0005E20891A89B2FAF727FB03E00698FBF7DF
:104FF000B7FAFFE708B080BD80B584B0039003988E
:10500000806B02900299012008670298C06E012807
:1050100040F0B580FFE70299B1F85C004008A1F8C4
:105020005E00039800681021C4F20201884200F07B
:105030008180FFE7039800682821C4F202018842BA
:1050400078D0FFE7039800684021C4F2020188424B
:1050500070D0FFE7039800685821C4F2020188422B
:1050600068D0FFE7039800687021C4F2020188420B
:1050700060D0FFE7039800688821C4F202018842EB
:1050800058D0FFE703980068A021C4F202018842CB
:1050900050D0FFE703980068B821C4F202018842AB
:1050A00048D0FFE70398006840F21041C4F20201C3
:1050B00088423FD0FFE70398006840F22841C4F2DD
:1050C0000201884236D0FFE70398006840F2404171
:1050D000C4F2020188422DD0FFE70398006840F235
:1050E0005841C4F20201884224D0FFE703980068C7
:1050F00040F27041C4F2020188421BD0FFE70398DE
:10510000006840F28841C4F20201884212D0FFE7F1
:105110000398006840F2A041C4F20201884209D01D
:10512000FFE70398006840F2B841C4F202018842E8
:1051300005D1FFE7039800684068009004E00398F9
:10514000006840680090FFE70098ADF80600BDF8E1
:1051500006000299B1F85C10884206DCFFE7BDF852
:1051600006000299A1F85E00FFE70298B0F85C1013
:10517000B0F85E20891A89B2FAF75EFA03E0029865
:10518000FBF736FAFFE704B080BD00000000000026
:1051900084B00390FFE7FFE70398006850E8000F32
:1051A00020F490700290FFE702990398026842E8A9
:1051B00000100028F0D1FFE7FFE7FFE7FFE70398C3
:1051C000006850E8020F4FF6FE71CEF6FF710840FE
:1051D0000190FFE701990398026842E80210002855
:1051E000EDD1FFE7FFE70398C06E012814D1FFE778
:1051F000FFE7FFE70398006850E8000F20F0100079
:105200000090FFE700990398026842E80010002828
:10521000F0D1FFE7FFE7FFE703992020C1F88C00FA
:1052200003990020C8660399486704B070470000DE
:1052300080B582B00190FFE7FFE70198006850E871
:10524000000F20F040000090FFE7009901980268ED
:1052500042E800100028F0D1FFE7FFE70199202085
:10526000C1F888000199002088670198FBF770FA5F
:1052700002B080BD0000000083B00290FFE7FFE7AE
:105280000298006850E8000F20F0C0000190FFE78E
:1052900001990298026842E800100028F0D1FFE767
:1052A000FFE7FFE7FFE70298006850E8020F20F4ED
:1052B00000000090FFE700990298026842E802109F
:1052C0000028F0D1FFE7FFE702992020C1F888000D
:1052D00003B070470000000080B588B007900798C1
:1052E000B0F86000ADF816000798D0F88C002228BE
:1052F00040F0AB80FFE707980068406AADF8140003
:105300000798806D0690BDF81400BDF8161008408F
:10531000069908800799886D023088650799B1F869
:105320005E000138A1F85E000798B0F85E00002822
:1053300040F08A80FFE7FFE7FFE70798006850E842
:10534000000F20F490700490FFE70499079802681A
:1053500042E800100028F0D1FFE7FFE7FFE7FFE792
:105360000798006850E8020F20F001000390FFE763
:1053700003990798026842E802100028F0D1FFE77D
:10538000FFE707992020C1F88C00079900204867A3
:10539000079908670798006840F60041C5F60001C4
:1053A00088421CD0FFE70798006840680002002888
:1053B00014D5FFE7FFE7FFE70798006850E8000F04
:1053C00020F080600290FFE702990798026842E8A7
:1053D00000100028F0D1FFE7FFE7FFE7FFE707989D
:1053E000C06E01282BD1FFE707990020C866FFE7B0
:1053F000FFE70798006850E8000F20F010000190C8
:10540000FFE701990798026842E800100028F0D1F0
:10541000FFE7FFE707980068C06900F0100101206E
:10542000B0EB111F05D1FFE7079801681020086253
:10543000FFE70798B0F85C10FAF7FEF803E007986A
:10544000FBF78EF8FFE7FFE706E007980168886939
:1054500040F008008861FFE708B080BD0000000050
:1054600080B58EB00D900D98B0F86000ADF82E00AC
:105470000D980068C06909900D9800680068089050
:105480000D980068806807900D98D0F88C0022284D
:1054900040F06181FFE70D98B0F86800ADF82A0090
:1054A000FFE7BDF82A100020009031B1FFE79DF81A
:1054B0002400C0F340100090FFE70098C0070028C8
:1054C00000F00A81FFE70D980068406AADF82C00F3
:1054D0000D98806D0C90BDF82C00BDF82E10084082
:1054E0000C9908800D99886D023088650D99B1F886
:1054F0005E000138A1F85E000D980068C06909904F
:105500009DF824004007002852D0FFE79DF82400B2
:10551000C00788B1FFE79DF82100C00760B1FFE731
:105520000D980168012008620D99D1F8900040F0B3
:105530000100C1F89000FFE79DF8240080070028D3
:1055400011D5FFE79DF81C00C00760B1FFE70D987B
:105550000168022008620D99D1F8900040F0040023
:10556000C1F89000FFE79DF824004007002811D5FE
:10557000FFE79DF81C00C00760B1FFE70D980168C8
:10558000042008620D99D1F8900040F00200C1F8A3
:105590009000FFE70D98D0F8900040B1FFE70D981C
:1055A000FAF732F90D990020C1F89000FFE7FFE704
:1055B0000D98B0F85E00002840F08D80FFE7FFE70F
:1055C000FFE70D98006850E8000F20F48070069007
:1055D000FFE706990D98026842E800100028F0D114
:1055E000FFE7FFE7FFE7FFE70D98006850E8020FCD
:1055F0004FF6FE71CEF6FF7108400590FFE7059962
:105600000D98026842E802100028EDD1FFE7FFE79D
:105610000D992020C1F88C000D99002048670D9944
:1056200008670D98006840F60041C5F60001884201
:105630001CD0FFE70D98006840680002002814D5D0
:10564000FFE7FFE7FFE70D98006850E8000F20F044
:1056500080600490FFE704990D98026842E800100A
:105660000028F0D1FFE7FFE7FFE7FFE70D98C06EE6
:1056700001282BD1FFE70D990020C866FFE7FFE75F
:105680000D98006850E8000F20F010000390FFE72D
:1056900003990D98026842E800100028F0D1FFE756
:1056A000FFE70D980068C06900F010010120B0EB21
:1056B000111F05D1FFE70D98016810200862FFE770
:1056C0000D98B0F85C10F9F7B7FF03E00D98FAF702
:1056D00047FFFFE700E0E4E60D98B0F85E00ADF8A4
:1056E0002800BDF82800A8B3FFE7BDF828000D99F1
:1056F000B1F8681088422DDAFFE7FFE7FFE70D9861
:10570000006850E8020F20F080500290FFE70299F5
:105710000D98026842E802100028F0D1FFE7FFE789
:105720000D9945F2D920C0F601004867FFE7FFE771
:105730000D98006850E8000F40F020000190FFE74E
:1057400001990D98026842E800100028F0D1FFE7A7
:10575000FFE7FFE706E00D980168886940F0080060
:105760008861FFE70EB080BD80B586B005900598D2
:10577000B0F86000ADF812000598D0F88C0022282F
:1057800040F0A980FFE705980068406AADF8100076
:10579000BDF810009DF8121008400599896D087039
:1057A0000599886D013088650599B1F85E0001386A
:1057B000A1F85E000598B0F85E00002840F08A80ED
:1057C000FFE7FFE7FFE70598006850E8000F20F4C7
:1057D00090700390FFE703990598026842E8001073
:1057E0000028F0D1FFE7FFE7FFE7FFE70598006833
:1057F00050E8020F20F001000290FFE7029905989F
:10580000026842E802100028F0D1FFE7FFE705999F
:105810002020C1F88C000599002048670599086789
:105820000598006840F60041C5F6000188421CD08A
:10583000FFE70598006840680002002814D5FFE7DC
:10584000FFE7FFE70598006850E8000F20F0806050
:105850000190FFE701990598026842E800100028CE
:10586000F0D1FFE7FFE7FFE7FFE70598C06E0128EB
:105870002BD1FFE705990020C866FFE7FFE70598F1
:10588000006850E8000F20F010000090FFE700993A
:105890000598026842E800100028F0D1FFE7FFE712
:1058A00005980068C06900F010010120B0EB111FDD
:1058B00005D1FFE70598016810200862FFE7059809
:1058C000B0F85C10F9F7B8FE03E00598FAF748FE67
:1058D000FFE7FFE706E005980168886940F00800E7
:1058E0008861FFE706B080BD80B58EB00D900D9841
:1058F000B0F86000ADF832000D980068C0690A90F9
:105900000D980068006809900D98006880680890FC
:105910000D98D0F88C00222840F05F81FFE70D98A9
:10592000B0F86800ADF82E00FFE7BDF82E1000209B
:10593000019031B1FFE79DF82800C0F340100190BD
:10594000FFE70198C007002800F00881FFE70D98E5
:105950000068406AADF83000BDF830009DF83210A4
:1059600008400D99896D08700D99886D0130886522
:105970000D99B1F85E000138A1F85E000D9800683D
:10598000C0690A909DF828004007002852D0FFE720
:105990009DF82800C00788B1FFE79DF82500C007E3
:1059A00060B1FFE70D980168012008620D99D1F8F8
:1059B000900040F00100C1F89000FFE79DF828003A
:1059C0008007002811D5FFE79DF82000C00760B1CF
:1059D000FFE70D980168022008620D99D1F8900048
:1059E00040F00400C1F89000FFE79DF82800400750
:1059F000002811D5FFE79DF82000C00760B1FFE740
:105A00000D980168042008620D99D1F8900040F0CB
:105A10000200C1F89000FFE70D98D0F8900040B167
:105A2000FFE70D98F9F7F0FE0D990020C1F89000FE
:105A3000FFE7FFE70D98B0F85E00002840F08D808A
:105A4000FFE7FFE7FFE70D98006850E8000F20F43C
:105A500080700790FFE707990D98026842E80010F0
:105A60000028F0D1FFE7FFE7FFE7FFE70D980068A8
:105A700050E8020F4FF6FE71CEF6FF710840069017
:105A8000FFE706990D98026842E802100028EDD160
:105A9000FFE7FFE70D992020C1F88C000D99002049
:105AA00048670D9908670D98006840F60041C5F6F3
:105AB000000188421CD0FFE70D9800684068000292
:105AC000002814D5FFE7FFE7FFE70D98006850E8CE
:105AD000000F20F080600590FFE705990D9802689F
:105AE00042E800100028F0D1FFE7FFE7FFE7FFE7FB
:105AF0000D98C06E01282BD1FFE70D990020C866D4
:105B0000FFE7FFE70D98006850E8000F20F0100055
:105B10000490FFE704990D98026842E800100028FD
:105B2000F0D1FFE7FFE70D980068C06900F01001B1
:105B30000120B0EB111F05D1FFE70D98016810207F
:105B40000862FFE70D98B0F85C10F9F775FD03E007
:105B50000D98FAF705FDFFE700E0E6E60D98B0F8CE
:105B60005E00ADF82C00BDF82C00A8B3FFE7BDF82F
:105B70002C000D99B1F8681088422DDAFFE7FFE795
:105B8000FFE70D98006850E8020F20F08050039066
:105B9000FFE703990D98026842E802100028F0D14F
:105BA000FFE7FFE70D9945F26970C0F6010048670D
:105BB000FFE7FFE70D98006850E8000F40F0200075
:105BC0000290FFE702990D98026842E80010002851
:105BD000F0D1FFE7FFE7FFE706E00D98016888696D
:105BE00040F008008861FFE70EB080BD00000000B3
:105BF00080B59CB01B9000208DF85F001B9800685A
:105C000040F60041C5F60001884201D1FFE700E0FF
:105C1000FFE71B9988680B694A69C96918431043F3
:105C200008431A901B980068006846F6F311CCF6FA
:105C3000FF7108401A9908431B99096808601B986E
:105C40000068406820F440501B9A1168D2681043E5
:105C500048601B9880691A901B98006840F60041C4
:105C6000C5F60001884206D0FFE71B98016A1A9822
:105C700008431A90FFE71B98006880684FF2FF41C5
:105C8000C1F2FF1108401A9908431B9909688860FE
:105C90001B980068C06A20F00F001B9A1168526AB6
:105CA0001043C862FFE71B98006841F20001C4F28C
:105CB0000101884240F04180FFE744F25440C5F6BC
:105CC0000200006800F0380001460E9128282FD805
:105CD0000E99DFE801F0152D2D2D2D2D2D2D192DCF
:105CE0002D2D2D2D2D2D1D2D2D2D2D2D2D2D212D00
:105CF0002D2D2D2D2D2D252D2D2D2D2D2D2D29000D
:105D000001208DF8650017E004208DF8650013E090
:105D100008208DF865000FE010208DF865000BE07D
:105D200020208DF8650007E040208DF8650003E035
:105D300080208DF86500FFE7D6E11B98006844F2EB
:105D40000041C4F2000188422ED1FFE744F25440E2
:105D5000C5F60200006800F0070001460D91052815
:105D60001DD80D99DFE801F003070B0F1317002072
:105D70008DF8650017E004208DF8650013E0082019
:105D80008DF865000FE010208DF865000BE02020F5
:105D90008DF8650007E040208DF8650003E0802065
:105DA0008DF86500FFE79EE11B98006844F600014E
:105DB000C4F2000188422ED1FFE744F25440C5F6F8
:105DC0000200006800F0070001460C9105281DD86C
:105DD0000C99DFE801F003070B0F131700208DF873
:105DE000650017E004208DF8650013E008208DF8A9
:105DF00065000FE010208DF865000BE020208DF885
:105E0000650007E040208DF8650003E080208DF8F4
:105E10006500FFE766E11B98006844F60041C4F2A4
:105E2000000188422ED1FFE744F25440C5F602003B
:105E3000006800F0070001460B9105281DD80B995A
:105E4000DFE801F003070B0F131700208DF8650042
:105E500017E004208DF8650013E008208DF8650038
:105E60000FE010208DF865000BE020208DF8650014
:105E700007E040208DF8650003E080208DF8650084
:105E8000FFE72EE11B98006845F20001C4F2000113
:105E900088422ED1FFE744F25440C5F60200006864
:105EA00000F0070001460A9105281DD80A99DFE88D
:105EB00001F003070B0F131700208DF8650017E0A2
:105EC00004208DF8650013E008208DF865000FE0D0
:105ED00010208DF865000BE020208DF8650007E0AC
:105EE00040208DF8650003E080208DF86500FFE715
:105EF000F6E01B98006841F20041C4F201018842BB
:105F000040F04180FFE744F25440C5F602000068CB
:105F100000F038000146099128282FD80999DFE8B8
:105F200001F0152D2D2D2D2D2D2D192D2D2D2D2D36
:105F30002D2D1D2D2D2D2D2D2D2D212D2D2D2D2DAD
:105F40002D2D252D2D2D2D2D2D2D290001208DF8C8
:105F5000650017E004208DF8650013E008208DF837
:105F600065000FE010208DF865000BE020208DF813
:105F7000650007E040208DF8650003E080208DF883
:105F80006500FFE7ABE01B98006847F60001C4F22C
:105F9000000188422ED1FFE744F25440C5F60200CA
:105FA000006800F007000146089105281DD80899EF
:105FB000DFE801F003070B0F131700208DF86500D1
:105FC00017E004208DF8650013E008208DF86500C7
:105FD0000FE010208DF865000BE020208DF86500A3
:105FE00007E040208DF8650003E080208DF8650013
:105FF000FFE773E01B98006847F60041C4F2000118
:1060000088422ED1FFE744F25440C5F602000068F2
:1060100000F007000146079105281DD80799DFE821
:1060200001F003070B0F131700208DF8650017E030
:1060300004208DF8650013E008208DF865000FE05E
:1060400010208DF865000BE020208DF8650007E03A
:1060500040208DF8650003E080208DF86500FFE7A3
:106060003BE01B98006840F60041C5F600018842FD
:106070002ED1FFE744F25840C5F60200006800F058
:1060800007000146069105281DD80699DFE801F0B2
:1060900003070B0F131702208DF8650017E004208B
:1060A0008DF8650013E008208DF865000FE01020E2
:1060B0008DF865000BE020208DF8650007E040209A
:1060C0008DF8650003E080208DF86500FFE703E0B0
:1060D00080208DF86500FFE7FFE7FFE7FFE7FFE7B8
:1060E000FFE7FFE7FFE7FFE7FFE71B98006840F6E1
:1060F0000041C5F60001884240F0B480FFE79DF8FA
:10610000650001460591022814D0FFE70598042890
:1061100014D0FFE70598082816D0FFE70598102847
:1061200018D0FFE70598202835D0FFE705984028CC
:1061300037D03AE0F3F7A0FD0F903CE013A8F3F757
:10614000FBFE14980F9036E010A8F4F741F8119870
:106150000F9030E044F20040C5F60200006800F005
:1061600020010020B0EB511F0ED0FFE744F20040A9
:10617000C5F602000068C0F3C10149F20000C0F298
:10618000D030C8400F9005E049F20000C0F2D03096
:106190000F90FFE70FE040F60010C0F23D000F90B7
:1061A00009E04FF400400F9005E000200F9001201F
:1061B0008DF85F00FFE70F98002852D0FFE70F9897
:1061C0001B994A6A4AF23841C0F6010131F81210AF
:1061D000B0FBF1F0169016981B99496801EB41014C
:1061E000884207D3FFE716981B994968B0EB013F37
:1061F00004D9FFE701208DF85F0031E00F981B996B
:106200004A6803924A6A4AF23841C0F6010131F8FD
:106210001220002304931946EAF736F9039A049BE7
:10622000090241EA1061000210EB520041F1000145
:10623000EAF72AF918901898B0F5407F0BD3FFE7DA
:1062400018990020B0EB115F05D1FFE718981B9952
:106250000968C86003E001208DF85F00FFE7FFE7F1
:10626000FFE746E11B98C069B0F5004F40F0A880F9
:10627000FFE79DF8650001460291402800F2638027
:106280000299DFE801F021256060296060602F60DD
:106290006060606060603560606060606060606029
:1062A00060606060606056606060606060606060F8
:1062B00060606060606060606060606060606060DE
:1062C0006060606060605C00F6F7BEF90F9040E0CF
:1062D000F6F7CEF90F903CE013A8F3F72DFE1498D3
:1062E0000F9036E010A8F3F773FF11980F9030E08D
:1062F00044F20040C5F60200006800F020010020D2
:10630000B0EB511F0ED0FFE744F20040C5F602008B
:106310000068C0F3C10149F20000C0F2D030C840AB
:106320000F9005E049F20000C0F2D0300F90FFE777
:106330000FE040F60010C0F23D000F9009E04FF46E
:1063400000400F9005E000200F9001208DF85F00C5
:10635000FFE70F9898B3FFE70F981B9A5168536AAD
:106360004AF23842C0F6010232F81320B0FBF2F0D4
:10637000400000EB5100B0FBF1F018901898102885
:1063800018D3FFE7BDF86200A0B9FFE7189820F026
:106390000F00ADF86600189800F00E01BDF8660019
:1063A00040EA5100ADF86600BDF866001B99096827
:1063B000C86003E001208DF85F00FFE7FFE797E08A
:1063C0009DF8650001460191402800F26380019923
:1063D000DFE801F021256060296060602F60606067
:1063E00060606060356060606060606060606060D8
:1063F00060606060566060606060606060606060A7
:10640000606060606060606060606060606060608C
:10641000606060605C00F6F717F90F9040E0F6F7F7
:1064200027F90F903CE013A8F3F786FD14980F901E
:1064300036E010A8F3F7CCFE11980F9030E044F24C
:106440000040C5F60200006800F020010020B0EB1B
:10645000511F0ED0FFE744F20040C5F6020000686D
:10646000C0F3C10149F20000C0F2D030C8400F9023
:1064700005E049F20000C0F2D0300F90FFE70FE0D6
:1064800040F60010C0F23D000F9009E04FF40040CC
:106490000F9005E000200F9001208DF85F00FFE7CE
:1064A0000F9820B3FFE70F981B9A5168536A4AF27E
:1064B0003842C0F6010232F81320B0FBF2F000EBD4
:1064C0005100B0FBF1F01890189810280AD3FFE79C
:1064D000BDF8620030B9FFE7BDF860001B9909689C
:1064E000C86003E001208DF85F00FFE7FFE7FFE7EA
:1064F000FFE71B990120A1F86A001B99A1F8680029
:106500001B99002048671B9988679DF85F001CB0A5
:1065100080BD00000000000080B588B006900591A5
:10652000ADF81220059806998865BDF81200069905
:10653000A1F85C0006990020C1F89000069922207D
:10654000C1F88C000698D0F88000B0B3FFE7069839
:10655000D0F8801044F6A950C0F60100C863069830
:10656000D0F8801044F6F970C0F60100086406986F
:10657000D0F8801044F63950C0F60100C86406987F
:10658000D0F880100020086506980168826DD0F868
:1065900080002431BDF81230F2F7EAFA60B1FFE76B
:1065A00006991020C1F8900006992020C1F88C00AF
:1065B00001208DF81F0042E0FFE706980069A0B1B6
:1065C000FFE7FFE7FFE70698006850E8000F40F498
:1065D00080700390FFE703990698026842E8001074
:1065E0000028F0D1FFE7FFE7FFE7FFE7FFE70698A6
:1065F000006850E8020F40F001000290FFE70299A6
:106600000698026842E802100028F0D1FFE7FFE791
:10661000FFE7FFE70698006850E8020F40F04000EF
:106620000190FFE701990698026842E802100028ED
:10663000F0D1FFE7FFE700208DF81F00FFE79DF88E
:106640001F0008B080BD000088B007900691ADF82B
:106650001620069807998865BDF816000799A1F8D5
:106660005C00BDF816000799A1F85E0007990020AC
:106670004867FFE707988068B0F5805F10D1FFE7B3
:106680000798006930B9FFE7079940F2FF10A1F8B9
:10669000600004E00799FF20A1F86000FFE72EE00A
:1066A0000798806878B9FFE70798006928B9FFE77D
:1066B0000799FF20A1F8600004E007997F20A1F866
:1066C0006000FFE71AE007988068B0F1805F0FD1A3
:1066D000FFE70798006928B9FFE707997F20A1F82D
:1066E000600004E007993F20A1F86000FFE704E0A4
:1066F00007990020A1F86000FFE7FFE7FFE7FFE749
:1067000007990020C1F8900007992220C1F88C0059
:10671000FFE7FFE70798006850E8020F40F001002C
:106720000490FFE704990798026842E802100028E5
:10673000F0D1FFE7FFE70798406EB0F1005F4CD162
:10674000FFE7BDF816000799B1F86810884244DBEE
:10675000FFE707988068B0F5805F0BD1FFE70798E7
:10676000006938B9FFE7079945F26140C0F60100BA
:10677000486706E0079945F6E900C0F6010048675A
:10678000FFE707980069A0B1FFE7FFE7FFE7079879
:10679000006850E8000F40F480700390FFE7039911
:1067A0000798026842E800100028F0D1FFE7FFE7F1
:1067B000FFE7FFE7FFE70798006850E8020F40F0A7
:1067C00080500290FFE702990798026842E80210A1
:1067D0000028F0D1FFE7FFE744E007988068B0F5B4
:1067E000805F0BD1FFE70798006938B9FFE7079989
:1067F00045F2D920C0F60100486706E0079945F246
:106800006970C0F601004867FFE707980069A0B10A
:10681000FFE7FFE7FFE70798006850E8000F40F444
:1068200090700190FFE701990798026842E8001014
:106830000028F0D1FFE7FFE713E0FFE7FFE7079845
:10684000006850E8000F40F020000090FFE700993A
:106850000798026842E800100028F0D1FFE7FFE740
:10686000FFE7FFE7002008B07047000000000000CD
:1068700080B586B0DDF820C0049003918DF80B2020
:106880000193FFE704980068C06903990840401A23
:10689000B0FA80F040099DF80B10884266D1FFE7FE
:1068A00008980130002860D0FFE7F3F73DF8019920
:1068B000401A0899884203D8FFE7089820B9FFE7F3
:1068C00003208DF8170055E0049800680068400721
:1068D000002849D5FFE70398802845D0FFE70398B3
:1068E000402841D0FFE704980068C06900F0080123
:1068F0000120B0EBD10F16D1FFE704980168082002
:10690000009008620498FEF743FC00980499C1F8CF
:106910009000FFE70499002081F88400FFE7012040
:106920008DF8170026E004980068C06900F4006143
:106930000120B0EBD12F16D1FFE7049801684FF486
:10694000006008620498FEF723FC04992020C1F837
:106950009000FFE70499002081F88400FFE70320FE
:106960008DF8170006E0FFE7FFE78BE700208DF8C2
:106970001700FFE79DF8170006B080BD000000007B
:1069800080B542F65840C2F20240F8F75DFF80BD84
:1069900080B582B0ADF80600BDF80600812804D3AA
:1069A000FFE78020ADF80600FFE7BDF8061048F2CB
:1069B0000E40C2F20140ECF75FF8ECF761F902B06B
:1069C00080BD00000000000080B548F20E40C2F219
:1069D00001408021E9F74DFE48F2CC30C2F201407F
:1069E0004021E9F746FE48F20C41C2F20141002085
:1069F0000880ECF745F980BD80B542F6EC40C2F264
:106A00000240F8F721FF80BDFFE7FEE7000000002D
:106A100080B584B04FF6FF70ADF80C0004200190F3
:106A200041F20C00009040F22000C2F200400089C8
:106A300045F6A521884211D1FFE740F22000C2F2BD
:106A400000404089012809D1FFE740F22000C2F24E
:106A50000040408AB0F5805F0BD0FFE74AF2AC31CE
:106A6000C2F2004148690130486100208DF80F00F2
:106A700044E004200290FFE7029841F20B018842B3
:106A800012D8FFE7BDF80C00029A40F22001C2F2D2
:106A9000004131F81210EBF763FEADF80C00FFE790
:106AA000029801300290E7E7BDF80C0040F22001A7
:106AB000C2F2004142F21802895A88420BD0FFE725
:106AC0004AF2AC31C2F2004108690130086100208D
:106AD0008DF80F0012E040F22000C2F20040C2899F
:106AE0004AF2AC31C2F20041CA8040698860C8688D
:106AF0000130C86001208DF80F00FFE79DF80F00FE
:106B000004B080BD0000000082B041EC100B8DEDA0
:106B1000000B0198C0F30A5040F2FF71401A18BFF1
:106B2000012002B07047000081B000EE100A009012
:106B30000098C0F3C750FF3818BF012001B070475C
:106B400081B0ADF80200BDF90200002812D4FFE7C1
:106B5000BDF9021001F01F02012090404A094EF2D7
:106B60008011CEF2000141F82200BFF34F8FBFF336
:106B70006F8FFFE701B0704781B0ADF80200BDF93B
:106B8000020000280ED4FFE7BDF9021001F01F0239
:106B9000012090404A094EF20011CEF2000141F866
:106BA0002200FFE701B0704782B0ADF80200BDF9E6
:106BB0000200002812D4FFE7BDF9020041094EF29D
:106BC0000010CEF2000050F82100BDF8021001F0D4
:106BD0001F01C84000F00100019002E00020019078
:106BE000FFE7019802B070474EF60C50CEF200005D
:106BF0000068C0F30220704782B0ADF80600009133
:106C0000BDF9060000280AD4FFE700980001BDF98D
:106C100006104EF20042CEF2000288540BE00098BB
:106C20000001BDF8061001F00F014EF61452CEF22D
:106C300000028854FFE702B0704700000000000027
:106C400083B00290029800F0070000904EF60C51BD
:106C5000CEF200010868019001984FF6FF02104043
:106C600001900198009A40EA02200022C0F2FA52F4
:106C7000104301900198086003B0704700000000C5
:106C800082B08DED000A009801909DED010AB1EEF1
:106C9000C00A8DED010A9DED010A02B070470000A7
:106CA00087B00690ADF81610049200200190FFE71F
:106CB0000198BDF81610884237D2FFE70498019971
:106CC00030F81100800803900498019900EB41000E
:106CD0004088800802900698039950F8210000909F
:106CE0000699029851F82000039A41F82200009872
:106CF0000699029A41F822000698039900EB810058
:106D0000406800900699029801EB80004068039A61
:106D100001EB8201486000980699029A01EB82011A
:106D20004860019802300190C2E707B07047000048
:106D300080B588B0079006918DF817208DF8163031
:106D40000798008804909DF8170001281BD1FFE7E1
:106D500006980430019000200390FFE703980499FF
:106D600088420FD2FFE7019890ED000AB1EE400A89
:106D700080ED000A019808300190FFE70398013088
:106D80000390EBE7FFE704980090102825D0FFE779
:106D90000098202826D0FFE70098402827D0FFE75A
:106DA0000098802819D0FFE70098B0F5807F19D0AF
:106DB000FFE70098B0F5007F19D0FFE70098B0F525
:106DC000806F0AD0FFE70098B0F5006F0AD0FFE7A8
:106DD0000098B0F5805F0AD012E00798069900F09D
:106DE000C3F90DE00798069900F0B6FB08E0069895
:106DF000BDF81010079A5268012301F0A1F9FFE7CE
:106E00009DF8160038B1FFE70698079A91899268B5
:106E1000FFF746FFFFE79DF81700012831D1FFE794
:106E20009DED040AB8EE401AB7EE000A80EE010AA2
:106E30008DED020A0698019000200390FFE7039869
:106E4000049988421CD2FFE79DED021A0198011DAA
:106E5000019190ED000A20EE010A80ED000A0198F0
:106E600090ED000A9DED021A20EE410A80ED000A25
:106E7000019804300190FFE7039801300390DEE7AA
:106E8000FFE708B080BD000082B0019000208DF8BF
:106E90000300019A4FF480611180019948604FF618
:106EA0002810C0F601008189019A91818168019AB8
:106EB00091604068019948609DF9030002B07047F5
:106EC00082B0019000208DF80300019A802111808A
:106ED000019948604FF63810C0F601008189019A87
:106EE00091818168019A91604068019948609DF99B
:106EF000030002B07047000082B0019000208DF8BE
:106F00000300019A10211180019948604FF6481042
:106F1000C0F601008189019A91818168019A91608E
:106F20004068019948609DF9030002B07047000075
:106F300082B0019000208DF80300019A4FF40061A7
:106F40001180019948604FF65810C0F60100818900
:106F5000019A91818168019A916040680199486025
:106F60009DF9030002B0704782B0019000208DF8B7
:106F70000300019A4FF480711180019948604FF627
:106F80006810C0F601008189019A91818168019A97
:106F900091604068019948609DF9030002B0704714
:106FA00082B0019000208DF80300019A2021118009
:106FB000019948604FF67810C0F601008189019A66
:106FC00091818168019A91604068019948609DF9BA
:106FD000030002B07047000082B0019000208DF8DD
:106FE0000300019A4FF480511180019948604FF6D7
:106FF0008810C0F601008189019A91818168019A07
:1070000091604068019948609DF9030002B07047A3
:1070100082B0019000208DF80300019A4FF40071B6
:107020001180019948604FF69810C0F601008189DF
:10703000019A91818168019A916040680199486044
:107040009DF9030002B0704782B0019000208DF8D6
:107050000300019A40211180019948604FF6A81061
:10706000C0F601008189019A91818168019A91603D
:107070004068019948609DF9030002B07047000024
:1070800080B584B00390ADF80A1000208DF8090097
:10709000BDF80A0001460191102855D0FFE701987C
:1070A00020284BD0FFE70198402841D0FFE7019806
:1070B000802837D0FFE70198B0F5807F2CD0FFE71C
:1070C0000198B0F5007F21D0FFE70198B0F5806FFF
:1070D00016D0FFE70198B0F5006F0BD0FFE70198DD
:1070E000B0F5805F36D1FFE70398FFF775FF8DF8A5
:1070F000090033E00398FFF71BFF8DF809002DE02E
:107100000398FFF7C1FE8DF8090027E00398FFF709
:107110007FFF8DF8090021E00398FFF725FF8DF828
:1071200009001BE00398FFF7CBFE8DF8090015E07E
:107130000398FFF789FF8DF809000FE00398FFF728
:107140002FFF8DF8090009E00398FFF7D5FE8DF8B1
:10715000090003E0FF208DF80900FFE79DF9090011
:1071600004B080BD0000000080B5A2B02190209145
:10717000219800881F9020981F9900EB81001A9099
:1071800021984068199020981E901A981D901F9879
:1071900040081F9020981F9900EB81001C901A98BE
:1071A0001F9900EB81001B901F9880080290FFE759
:1071B0000298002800F0BA81FFE720980068159037
:1071C0002098406816902098806817902098C06892
:1071D00018901A98006811901A98406812901A989E
:1071E000806813901A98C06814901C9800680D90DD
:1071F0001C9840680E901C9880680F901C98C0687E
:1072000010901B98006809901B9840680A901B9882
:1072100080680B901B98C0680C909DED150A9DED41
:10722000111A30EE010A2098011D209180ED000A0C
:107230009DED160A9DED121A30EE010A2098011DEF
:10724000209180ED000A9DED170A9DED131A30EE96
:10725000010A2098011D209180ED000A9DED180A79
:107260009DED141A30EE010A2098011D209180ED49
:10727000000A9DED150A9DED111A30EE410A8DEDC3
:10728000110A9DED160A9DED121A30EE410A8DEDA0
:10729000120A9DED170A9DED131A30EE410A8DED8D
:1072A000130A9DED180A9DED141A30EE410A8DED7A
:1072B000140A9DED0D0A9DED091A30EE010A1C9885
:1072C000011D1C9180ED000A9DED0E0A9DED0A1A2C
:1072D00030EE010A1C98011D1C9180ED000A9DED05
:1072E0000F0A9DED0B1A30EE010A1C98011D1C912E
:1072F00080ED000A9DED100A9DED0C1A30EE010A9A
:107300001C98011D1C9180ED000A9DED090A9DED60
:107310000D1A30EE410A8DED090A9DED0A0A9DED28
:107320000E1A30EE410A8DED0A0A9DED0B0A9DED15
:107330000F1A30EE410A8DED0B0A9DED0C0A9DED02
:10734000101A30EE410A8DED0C0A1998011D1991A1
:10735000006808901998011D1991006807909DED2B
:10736000110A9DED081A20EE010A8DED060A9DED29
:10737000120A9DED071A20EE010A8DED050A9DED1A
:10738000120A9DED081A20EE010A8DED040A9DED0A
:10739000110A9DED071A20EE010A8DED030A9DEDFD
:1073A000060A9DED051A30EE010A1A98011D1A9180
:1073B00080ED000A9DED040A9DED031A30EE410AAE
:1073C0001A98011D1A9180ED000A9DED090A9DEDA4
:1073D000071A20EE010A8DED060A9DED0A0A9DEDC1
:1073E000081A20EE010A8DED050A9DED0A0A9DEDB1
:1073F000071A20EE010A8DED040A9DED090A9DEDA4
:10740000081A20EE010A8DED030A9DED060A9DED96
:10741000051A30EE410A1B98011D1B9180ED000AF0
:107420009DED040A9DED031A30EE010A1B98011D23
:107430001B9180ED000A1998011D199100680890B0
:107440001998011D1991006807909DED130A9DED93
:10745000081A20EE010A8DED060A9DED140A9DED35
:10746000071A20EE010A8DED050A9DED140A9DED27
:10747000081A20EE010A8DED040A9DED130A9DED18
:10748000071A20EE010A8DED030A9DED060A9DED17
:10749000051A30EE010A1A98011D1A9180ED000AB2
:1074A0009DED040A9DED031A30EE410A1A98011D64
:1074B0001A9180ED000A9DED0B0A9DED071A20EE52
:1074C000010A8DED060A9DED0C0A9DED081A20EECD
:1074D000010A8DED050A9DED0C0A9DED071A20EEBF
:1074E000010A8DED040A9DED0B0A9DED081A20EEB0
:1074F000010A8DED030A9DED060A9DED051A30EE99
:10750000410A1B98011D1B9180ED000A9DED040AA4
:107510009DED031A30EE010A1B98011D1B9180EDB1
:10752000000AFFE702980138029041E61E98BDF874
:107530007C10219A52680223019300F001FE019B06
:107540001D98BDF87C10219A526800F0F9FD22B018
:1075500080BD00000000000080B5ACB02B902A91E7
:107560002B980088400829902A98299900EB8100DF
:107570001D901D98299900EB81001C901C98299959
:1075800000EB81001B902A9828901D9827901C984A
:1075900026901B9825901D98043824901C98043838
:1075A00023901B98043822902298299900EB81009F
:1075B00021902B9840681E901F9020902998400899
:1075C00029900220039004200290062001902A981E
:1075D00090ED000A1C9890ED001A30EE010A8DED36
:1075E0000C0A2A9890ED000A1C9890ED001A30EED3
:1075F000410A8DED0B0A2A9890ED010A1C9890ED36
:10760000011A30EE010A8DED0A0A2A9890ED010A5E
:107610001C9890ED011A30EE410A8DED090A9DED9E
:107620000B0A1D9890ED011A30EE010A1B9890ED9F
:10763000011A30EE410A8DED170A9DED090A1D98D9
:1076400090ED001A30EE410A1B9890ED001A30EED2
:10765000010A8DED180A9DED0C0A1D9890ED001A97
:1076600030EE410A1B9890ED001A30EE410A8DED84
:10767000130A9DED0A0A1D9890ED011A30EE410A99
:107680001B9890ED011A30EE410A8DED140A9DED24
:107690000B0A1D9890ED011A30EE410A1B9890EDEF
:1076A000011A30EE010A8DED0F0A9DED090A1D98B1
:1076B00090ED001A30EE010A1B9890ED001A30EEA2
:1076C000410A8DED100A9DED0C0A1D9890ED001AEF
:1076D00030EE010A1B9890ED001A30EE010A2A984C
:1076E000011D2A9180ED000A9DED0A0A1D9890ED7A
:1076F000011A30EE010A1B9890ED011A30EE010AD2
:107700002A98011D2A9180ED000A17981D990A1DDB
:107710001D92086018981D990A1D1D920860139803
:107720001C990A1D1C92086014981C990A1D1C9231
:1077300008600F981B990A1D1B92086010981B99EE
:107740000A1D1B9208600399209800EB810020908D
:1077500002991F9800EB81001F9001991E9800EB81
:1077600081001E902998023840080490FFE7049891
:10777000002800F0AC82FFE72A9890ED000A1C98E0
:1077800090ED001A30EE010A8DED0C0A2A9890ED6A
:10779000000A1C9890ED001A30EE410A8DED0B0A9C
:1077A0002A9890ED010A1C9890ED011A30EE010A1A
:1077B0008DED0A0A2A9890ED010A1C9890ED011AA5
:1077C00030EE410A8DED090A9DED0B0A1D9890EDF2
:1077D000011A30EE010A1B9890ED011A30EE410AB1
:1077E0008DED170A9DED090A1D9890ED001A30EEF7
:1077F000410A1B9890ED001A30EE010A8DED180A2F
:107800009DED0C0A1D9890ED001A30EE410A1B9870
:1078100090ED001A30EE410A8DED130A9DED0A0A33
:107820001D9890ED011A30EE410A1B9890ED011A57
:1078300030EE410A8DED140A9DED0B0A1D9890ED76
:10784000011A30EE410A1B9890ED011A30EE010A40
:107850008DED0F0A9DED090A1D9890ED001A30EE8E
:10786000010A1B9890ED001A30EE410A8DED100AC6
:107870009DED0C0A1D9890ED001A30EE010A1B9840
:1078800090ED001A30EE010A2A98011D2A9180ED30
:10789000000A9DED0A0A1D9890ED011A30EE010ACA
:1078A0001B9890ED011A30EE010A2A98011D2A91C9
:1078B00080ED000A249810ED010A229810ED011ABB
:1078C00030EE010A8DED0A0A249810ED010A229883
:1078D00010ED011A30EE410A8DED090A249890ED61
:1078E000000A229890ED001A30EE010A8DED0C0A84
:1078F000249890ED000A229890ED001A30EE410A8B
:107900008DED0B0A239890ED000A219890ED001A56
:1079100030EE410A9DED091A30EE010A8DED190A8B
:10792000249890ED000A229890ED001A30EE410A5A
:10793000239810ED011A30EE410A219810ED011A3A
:1079400030EE010A8DED1A0A9DED0A0A239810ED1A
:10795000011A30EE410A219810ED011A30EE410A69
:107960008DED150A9DED0C0A239890ED001A30EE6E
:10797000410A219890ED001A30EE410A8DED160A69
:10798000239890ED000A219890ED001A30EE410AFC
:107990009DED091A30EE410A8DED110A219810ED86
:1079A000010A239810ED011A30EE410A9DED0B1AE1
:1079B00030EE410A8DED120A9DED0C0A239890EDF0
:1079C000001A30EE010A219890ED001A30EE010AFB
:1079D0002498011F249180ED000A9DED0A0A239846
:1079E00010ED011A30EE010A219810ED011A30EE67
:1079F000010A2498011F249180ED000A2098011D9E
:107A0000209100680E902098011D209100680D9033
:107A10009DED170A9DED0E1A20EE010A8DED080A64
:107A20009DED180A9DED0D1A20EE010A8DED070A55
:107A30009DED180A9DED0E1A20EE010A8DED060A45
:107A40009DED170A9DED0D1A20EE010A8DED050A38
:107A50009DED080A9DED071A30EE010A1D98011DE3
:107A60001D9180ED000A9DED060A9DED051A30EE90
:107A7000410A1D98011D1D9180ED000A9DED1A0A15
:107A80009DED0D1A20EE010A8DED080A9DED190AF3
:107A90009DED0E1A20EE010A8DED070A9DED190AE3
:107AA0009DED0D1A20EE010A8DED060A9DED1A0AD4
:107AB0009DED0E1A20EE010A8DED050A9DED080AD6
:107AC0009DED071A30EE410A2398011F239180EDA6
:107AD000000A9DED060A9DED051A30EE010A239875
:107AE000011F239180ED000A1F9800680E901F98D7
:107AF00040680D9002991F9800EB81001F909DED4A
:107B0000130A9DED0E1A20EE010A8DED080A9DED77
:107B1000140A9DED0D1A20EE010A8DED070A9DED68
:107B2000140A9DED0E1A20EE010A8DED060A9DED58
:107B3000130A9DED0D1A20EE010A8DED050A9DED4B
:107B4000080A9DED071A30EE010A1C98011D1C91D0
:107B500080ED000A9DED060A9DED051A30EE410A02
:107B60001C98011D1C9180ED000A9DED160A9DEDEB
:107B70000E1A20EE410A8DED080A9DED150A9DEDC5
:107B80000D1A20EE010A8DED070A9DED150A9DEDF7
:107B90000E1A20EE010A8DED060A9DED160A9DEDE6
:107BA0000D1A20EE010A8DED050A9DED080A9DEDE6
:107BB000071A30EE410A2298011F229180ED000A37
:107BC0009DED050A9DED061A30EE410A2298011F2F
:107BD000229180ED000A1E9800680E901E98406861
:107BE0000D9001991E9800EB81001E909DED0F0AEB
:107BF0009DED0E1A20EE010A8DED080A9DED100A8A
:107C00009DED0D1A20EE010A8DED070A9DED100A7B
:107C10009DED0E1A20EE010A8DED060A9DED0F0A6C
:107C20009DED0D1A20EE010A8DED050A9DED080A65
:107C30009DED071A30EE010A1B98011D1B9180ED86
:107C4000000A9DED060A9DED051A30EE410A1B98CB
:107C5000011D1B9180ED000A9DED120A9DED0D1A8C
:107C600020EE010A8DED080A9DED110A9DED0E1A18
:107C700020EE010A8DED070A9DED110A9DED0D1A0A
:107C800020EE010A8DED060A9DED120A9DED0E1AF9
:107C900020EE010A8DED050A9DED080A9DED071AFB
:107CA00030EE410A2198011F219180ED000A9DEDDF
:107CB000060A9DED051A30EE010A2198011F219157
:107CC00080ED000AFFE70498013804904FE52A98F8
:107CD00090ED000A1C9890ED001A30EE010A8DED2F
:107CE0000C0A2A9890ED000A1C9890ED001A30EECC
:107CF000410A8DED0B0A2A9890ED010A1C9890ED2F
:107D0000011A30EE010A8DED0A0A2A9890ED010A57
:107D10001C9890ED011A30EE410A8DED090A9DED97
:107D20000B0A1D9890ED011A30EE010A1B9890ED98
:107D3000011A30EE410A8DED170A9DED090A1D98D2
:107D400090ED001A30EE410A1B9890ED001A30EECB
:107D5000010A8DED180A9DED0C0A1D9890ED001A90
:107D600030EE410A1B9890ED001A30EE410A8DED7D
:107D7000130A9DED0A0A1D9890ED011A30EE410A92
:107D80001B9890ED011A30EE410A8DED140A9DED1D
:107D90000B0A1D9890ED011A30EE410A1B9890EDE8
:107DA000011A30EE010A8DED0F0A9DED090A1D98AA
:107DB00090ED001A30EE010A1B9890ED001A30EE9B
:107DC000410A8DED100A9DED0C0A1D9890ED001AE8
:107DD00030EE010A1B9890ED001A30EE010A2A9845
:107DE000011D2A9180ED000A9DED0A0A1D9890ED73
:107DF000011A30EE010A1B9890ED011A30EE010ACB
:107E00002A98011D2A9180ED000A209800680E90A2
:107E1000209840680D909DED170A9DED0E1A20EEFA
:107E2000010A8DED080A9DED180A9DED0D1A20EE50
:107E3000010A8DED070A9DED180A9DED0E1A20EE40
:107E4000010A8DED060A9DED170A9DED0D1A20EE33
:107E5000010A8DED050A9DED080A9DED071A30EE29
:107E6000010A1D98011D1D9180ED000A9DED060A75
:107E70009DED051A30EE410A1D98011D1D9180ED02
:107E8000000A1F9800680E901F9840680D909DEDA5
:107E9000130A9DED0E1A20EE010A8DED080A9DEDE4
:107EA000140A9DED0D1A20EE010A8DED070A9DEDD5
:107EB000140A9DED0E1A20EE010A8DED060A9DEDC5
:107EC000130A9DED0D1A20EE010A8DED050A9DEDB8
:107ED000080A9DED071A30EE010A1C98011D1C913D
:107EE00080ED000A9DED060A9DED051A30EE410A6F
:107EF0001C98011D1C9180ED000A1E9800680E90D0
:107F00001E9840680D909DED0F0A9DED0E1A20EE13
:107F1000010A8DED080A9DED100A9DED0D1A20EE67
:107F2000010A8DED070A9DED100A9DED0E1A20EE57
:107F3000010A8DED060A9DED0F0A9DED0D1A20EE4A
:107F4000010A8DED050A9DED080A9DED071A30EE38
:107F5000010A1B98011D1B9180ED000A9DED060A88
:107F60009DED051A30EE410A1B98011D1B9180ED15
:107F7000000A2898BDF8A4102B9A52680423009395
:107F800000F0DEF8009B2798BDF8A4102B9A5268E9
:107F900000F0D6F8009B2698BDF8A4102B9A5268E2
:107FA00000F0CEF8009B2598BDF8A4102B9A5268DB
:107FB00000F0C6F82CB080BD80B58AB0069005915F
:107FC000049204980390FFE70398B0B3FFE7069884
:107FD000011D0691006802900698011D0691006837
:107FE00001909DED021A9DED010A20EE000AA1EE1E
:107FF000010A0598011D05918DED080A07909DED78
:10800000080AB5EE400AF1EE10FA0BDBFFE79DED32
:10801000080AFEF735FE079880ED000A00208DF86B
:10802000270006E0079900200860FF208DF8270050
:10803000FFE7039801380390C6E70AB080BD00004F
:1080400089B08DED080A9DED081A9FED3A2AB5EE2C
:10805000000AA1EE020A8DED050A9DED050ABDEEAE
:10806000C00A8DED010A9DED050AB5EE400AF1EE5C
:1080700010FA04DAFFE7019801380190FFE79DED5F
:10808000050A9DED011AB8EEC11A30EE410A8DEDD8
:10809000050A9DED050A9FED281A20EE010A8DEDD7
:1080A000000A9DED000ABCEEC00A10EE100AADF801
:1080B0001200BDF81200B0F5007F0CDBFFE70020D6
:1080C000ADF812009DED000A9FED1C1A30EE010A7A
:1080D0008DED000AFFE79DED000ABDF8120001EEEC
:1080E000100AB8EE411A30EE410A8DED060ABDF8CD
:1080F00012104FF6B810C0F6010050F8211003918D
:10810000BDF8121000EB8100406802909DED060A58
:10811000B7EE001A31EE401A9DED032A9DED023AAA
:1081200020EE030AA1EE020A8DED070A9DED070A73
:1081300009B0704783F9223E00000044000000C4EB
:10814000BCB03B90ADF8EA103992ADF8E23040F2A5
:10815000F340C3F635700090BDF8EA002690FFE7C3
:10816000269827902698C008269000203090FFE798
:108170003098269908442F902F98269908442E90DD
:108180002E98269908442D902D98269908442C90D5
:108190002C98269908442B902B98269908442A90CD
:1081A0002A982699084429903B98309900EBC10100
:1081B00091ED000A2C9900EBC10090ED001A30EE11
:1081C000010A8DED240A3B98309900EBC10191ED35
:1081D000000A2C9900EBC10090ED001A30EE410A24
:1081E0008DED200A3B982F9900EBC10191ED000A1B
:1081F0002B9900EBC10090ED001A30EE010A8DEDD5
:10820000230A3B982F9900EBC10191ED000A2B99AD
:1082100000EBC10090ED001A30EE410A8DED1F0A0F
:108220003B982E9900EBC10191ED000A2A9900EBD1
:10823000C10090ED001A30EE010A8DED220A3B9844
:108240002E9900EBC10191ED000A2A9900EBC100C3
:1082500090ED001A30EE410A8DED1E0A3B982D99E3
:1082600000EBC10191ED000A299900EBC10090EDEE
:10827000001A30EE010A8DED210A3B982D9900EB92
:10828000C10191ED000A299900EBC10090ED001A9F
:1082900030EE410A8DED1D0A9DED240A9DED221A56
:1082A00030EE410A8DED1C0A9DED240A9DED221A47
:1082B00030EE010A8DED240A9DED230A9DED211A71
:1082C00030EE410A8DED220A9DED230A9DED211A23
:1082D00030EE010A8DED230A9DED240A9DED231A4F
:1082E00030EE010A3B98309900EBC10080ED000AA6
:1082F0009DED240A9DED231A30EE410A3B982C99FE
:1083000000EBC10080ED000A3B98309900EBC10101
:1083100091ED010A2C9900EBC10090ED011A30EEAD
:10832000010A8DED240A3B98309900EBC10191EDD3
:10833000010A2C9900EBC10090ED011A30EE410AC0
:108340008DED160A3B982F9900EBC10191ED010AC2
:108350002B9900EBC10090ED011A30EE010A8DED72
:10836000230A3B982F9900EBC10191ED010A2B994B
:1083700000EBC10090ED011A30EE410A8DED150AB7
:108380003B982E9900EBC10191ED010A2A9900EB6F
:10839000C10090ED011A30EE010A8DED180A3B98EC
:1083A0002E9900EBC10191ED010A2A9900EBC10061
:1083B00090ED011A30EE410A8DED140A3B982D998B
:1083C00000EBC10191ED010A299900EBC10090ED8C
:1083D000011A30EE010A8DED210A3B982D9900EB30
:1083E000C10191ED010A299900EBC10090ED011A3C
:1083F00030EE410A8DED130A9DED240A9DED181A09
:1084000030EE410A8DED1B0A9DED240A9DED181AF0
:1084100030EE010A8DED240A9DED230A9DED211A0F
:1084200030EE410A8DED180A9DED230A9DED211ACB
:1084300030EE010A8DED230A9DED240A9DED231AED
:1084400030EE010A3B98309900EBC10080ED010A43
:108450009DED240A9DED231A30EE410A3B982C999C
:1084600000EBC10080ED010A9DED1C0A9DED181A7C
:1084700030EE010A3B982E9900EBC10080ED000A16
:108480009DED1C0A9DED181A30EE410A3B982A9981
:1084900000EBC10080ED000A9DED1B0A9DED221A44
:1084A00030EE410A3B982E9900EBC10080ED010AA5
:1084B0009DED1B0A9DED221A30EE010A3B982A9988
:1084C00000EBC10080ED010A9DED1F0A9DED1D1A14
:1084D00030EE410A9FED6A1A20EE010A8DED240A62
:1084E0009DED1F0A9DED1D2A30EE020A20EE010AC5
:1084F0008DED1F0A9DED150A9DED132A30EE420AFF
:1085000020EE010A8DED230A9DED150A9DED132A3B
:1085100030EE020A20EE010A8DED150A9DED200ACB
:108520009DED241A30EE410A8DED1C0A9DED200AC6
:108530009DED241A30EE010A8DED200A9DED1E0AF4
:108540009DED1F1A30EE410A8DED1D0A9DED1E0AAC
:108550009DED1F1A30EE010A8DED1E0A9DED160AE3
:108560009DED231A30EE410A8DED1B0A9DED160A92
:108570009DED231A30EE010A8DED160A9DED140AC9
:108580009DED151A30EE410A8DED130A9DED140A8A
:108590009DED151A30EE010A8DED140A9DED200AAD
:1085A0009DED141A30EE010A3B982F9900EBC100A3
:1085B00080ED000A9DED200A9DED141A30EE410A6F
:1085C0003B98299900EBC10080ED000A9DED1C0A43
:1085D0009DED131A30EE010A3B982B9900EBC10078
:1085E00080ED000A9DED1C0A9DED131A30EE410A44
:1085F0003B982D9900EBC10080ED000A9DED160A15
:108600009DED1E1A30EE410A3B982F9900EBC100F8
:1086100080ED010A9DED160A9DED1E1A30EE010A4D
:108620003B98299900EBC10080ED010A9DED1B0AE2
:108630009DED1D1A30EE410A3B982B9900EBC100CD
:1086400080ED010A9DED1B0A9DED1D1A30EE010A19
:108650003B982D9900EBC10080ED010A27993098D5
:1086600008443090FFE73098BDF8EA108842FFF4E4
:108670007FADFFE72698072804D8FFE700F05DBC30
:10868000F304353F0020379001202590FFE737980D
:10869000BDF8E21008442890289837903798289918
:1086A000084436903698289908443590359828998A
:1086B0000844349034982899084433903398289982
:1086C0000844329032982899084431903998379963
:1086D00050F831000E903998369950F831000D90CD
:1086E0003998359950F831000C903998349950F8F0
:1086F00031000B903998339950F831000A9039982D
:10870000329950F8310009903998319950F8310078
:1087100008903998379900EBC10040680790399864
:10872000369900EBC100406806903998359900EB06
:10873000C100406805903998349900EBC100406849
:1087400004903998339900EBC10040680390399840
:10875000329900EBC100406802903998319900EBE2
:10876000C1004068019025983090FFE73098269925
:1087700008442F902F98269908442E902E982699D9
:1087800008442D902D98269908442C902C982699D1
:1087900008442B902B98269908442A902A982699C9
:1087A000084429903B98309900EBC10191ED000AF3
:1087B0002C9900EBC10090ED001A30EE010A8DED0E
:1087C000240A3B98309900EBC10191ED000A2C99E5
:1087D00000EBC10090ED001A30EE410A8DED200A49
:1087E0003B982F9900EBC10191ED000A2B9900EB0A
:1087F000C10090ED001A30EE010A8DED230A3B987E
:108800002F9900EBC10191ED000A2B9900EBC100FB
:1088100090ED001A30EE410A8DED1F0A3B982E991B
:1088200000EBC10191ED000A2A9900EBC10090ED27
:10883000001A30EE010A8DED220A3B982E9900EBCA
:10884000C10191ED000A2A9900EBC10090ED001AD8
:1088500030EE410A8DED1E0A3B982D9900EBC101C7
:1088600091ED000A299900EBC10090ED001A30EE5D
:10887000010A8DED210A3B982D9900EBC10191ED84
:10888000000A299900EBC10090ED001A30EE410A70
:108890008DED1D0A9DED240A9DED221A30EE410A50
:1088A0008DED1C0A9DED240A9DED221A30EE010A81
:1088B0008DED240A9DED230A9DED211A30EE410A2B
:1088C0008DED220A9DED230A9DED211A30EE010A5D
:1088D0008DED230A9DED240A9DED231A30EE010A49
:1088E0003B98309900EBC10080ED000A9DED240A11
:1088F0009DED231A30EE410A8DED230A3B98309905
:1089000000EBC10191ED010A2C9900EBC10090ED43
:10891000011A30EE010A8DED1A0A3B98309900EBEE
:10892000C10191ED010A2C9900EBC10090ED011AF3
:1089300030EE410A8DED160A3B982F9900EBC101EC
:1089400091ED010A2B9900EBC10090ED011A30EE78
:10895000010A8DED190A3B982F9900EBC10191EDA9
:10896000010A2B9900EBC10090ED011A30EE410A8B
:108970008DED150A3B982E9900EBC10191ED010A8E
:108980002A9900EBC10090ED011A30EE010A8DED3D
:10899000180A3B982E9900EBC10191ED010A2A9922
:1089A00000EBC10090ED011A30EE410A8DED140A82
:1089B0003B982D9900EBC10191ED010A299900EB3B
:1089C000C10090ED011A30EE010A8DED170A3B98B7
:1089D0002D9900EBC10191ED010A299900EBC1002D
:1089E00090ED011A30EE410A8DED130A9DED1A0A41
:1089F0009DED181A30EE410A8DED1B0A9DED1A0A05
:108A00009DED181A30EE010A8DED1A0A9DED190A36
:108A10009DED171A30EE410A8DED180A9DED190AE9
:108A20009DED171A30EE010A8DED190A9DED1C0A15
:108A30009DED181A30EE010A8DED240A9DED1C0AF9
:108A40009DED181A30EE410A8DED1C0A9DED1A0AB3
:108A50009DED191A30EE010A3B98309900EBC100E8
:108A600080ED010A9DED1A0A9DED191A30EE410ABA
:108A70008DED190A9DED1B0A9DED221A30EE410A7B
:108A80008DED1A0A9DED1B0A9DED221A30EE010AAA
:108A90008DED1B0A9DED0B0A9DED231A20EE010AB8
:108AA0008DED120A9DED040A9DED191A20EE010AC2
:108AB0008DED110A9DED0B0A9DED191A20EE010AAC
:108AC0008DED100A9DED040A9DED231A20EE010A9A
:108AD0008DED0F0A9DED120A9DED111A30EE010A7F
:108AE0003B982C9900EBC10080ED000A9DED100A27
:108AF0009DED0F1A30EE410A3B982C9900EBC10016
:108B000080ED010A9DED0D0A9DED241A20EE010A6B
:108B10008DED120A9DED060A9DED1A1A20EE010A4E
:108B20008DED110A9DED0D0A9DED1A1A20EE010A38
:108B30008DED100A9DED060A9DED241A20EE010A26
:108B40008DED0F0A9DED120A9DED111A30EE010A0E
:108B50003B982E9900EBC10080ED000A9DED100AB4
:108B60009DED0F1A30EE410A3B982E9900EBC100A3
:108B700080ED010A9DED090A9DED1C1A20EE010A07
:108B80008DED120A9DED020A9DED1B1A20EE010AE1
:108B90008DED110A9DED090A9DED1B1A20EE010ACB
:108BA0008DED100A9DED020A9DED1C1A20EE010AC2
:108BB0008DED0F0A9DED120A9DED111A30EE010A9E
:108BC0003B982A9900EBC10080ED000A9DED100A48
:108BD0009DED0F1A30EE410A3B982A9900EBC10037
:108BE00080ED010A9DED1F0A9DED1D1A30EE410A30
:108BF0009FEDD31A20EE010A8DED240A9DED1F0A88
:108C00009DED1D2A30EE020A20EE010A8DED1F0AAD
:108C10009DED150A9DED132A30EE420A20EE010A61
:108C20008DED1A0A9DED150A9DED132A30EE020A0C
:108C300020EE010A8DED150A9DED200A9DED241A06
:108C400030EE410A8DED1C0A9DED200A9DED241A9F
:108C500030EE010A8DED200A9DED1E0A9DED1F1AD2
:108C600030EE410A8DED1D0A9DED1E0A9DED1F1A85
:108C700030EE010A8DED1E0A9DED160A9DED1A1AC1
:108C800030EE410A8DED1B0A9DED160A9DED1A1A74
:108C900030EE010A8DED160A9DED140A9DED151AB0
:108CA00030EE410A8DED130A9DED140A9DED151A63
:108CB00030EE010A8DED140A9DED200A9DED141A87
:108CC00030EE010A8DED240A9DED200A9DED141A67
:108CD00030EE410A8DED200A9DED1C0A9DED131A20
:108CE00030EE010A8DED1F0A9DED1C0A9DED131A51
:108CF00030EE410A8DED1C0A9DED160A9DED1E1AFF
:108D000030EE410A8DED1A0A9DED160A9DED1E1AF0
:108D100030EE010A8DED160A9DED1B0A9DED1D1A20
:108D200030EE410A8DED150A9DED1B0A9DED1D1AD1
:108D300030EE010A8DED1B0A9DED0E0A9DED241A01
:108D400020EE010A8DED120A9DED070A9DED1A1A1B
:108D500020EE010A8DED110A9DED0E0A9DED1A1A05
:108D600020EE010A8DED100A9DED070A9DED241AF3
:108D700020EE010A8DED0F0A9DED120A9DED111AEC
:108D800030EE010A3B982F9900EBC10080ED000AFC
:108D90009DED100A9DED0F1A30EE410A3B982F9978
:108DA00000EBC10080ED010A9DED080A9DED201A3F
:108DB00020EE010A8DED120A9DED010A9DED161AB5
:108DC00020EE010A8DED110A9DED080A9DED161A9F
:108DD00020EE010A8DED100A9DED010A9DED201A8D
:108DE00020EE010A8DED0F0A9DED120A9DED111A7C
:108DF00030EE010A3B98299900EBC10080ED000A92
:108E00009DED100A9DED0F1A30EE410A3B9829990D
:108E100000EBC10080ED010A9DED0A0A9DED1F1ACD
:108E200020EE010A8DED120A9DED030A9DED151A43
:108E300020EE010A8DED110A9DED0A0A9DED151A2D
:108E400020EE010A8DED100A9DED030A9DED1F1A1B
:108E500020EE010A8DED0F0A9DED120A9DED111A0B
:108E600030EE010A3B982B9900EBC10080ED000A1F
:108E70009DED100A9DED0F1A30EE410A3B982B999B
:108E800000EBC10080ED010A9DED0C0A9DED1C1A5E
:108E900020EE010A8DED120A9DED050A9DED1B1ACB
:108EA00020EE010A8DED110A9DED0C0A9DED1B1AB5
:108EB00020EE010A8DED100A9DED050A9DED1C1AAC
:108EC00020EE010A8DED0F0A9DED120A9DED111A9B
:108ED00030EE010A3B982D9900EBC10080ED000AAD
:108EE0009DED100A9DED0F1A30EE410A3B982D9929
:108EF00000EBC10080ED010A2799309808443090BA
:108F0000FFE73098BDF8EA108842FFF42FACFFE786
:108F1000259801302590FFE7259826998842FFF48F
:108F2000B6ABFFE7BDF8E200C000ADF8E200FFE736
:108F3000269807283FF614A9FFE73CB0704700BF0A
:108F4000F304353F0000000080B584B00390029127
:108F500003988DF8070042F6EC40C2F202400DF192
:108F6000070101220A23F7F747FB039804B080BDED
:108F70002DE9F04F99B000201890F9F755F9F0F766
:108F8000EBFCFBF73DFAF9F71BFAF9F7DDF9F9F716
:108F900077F9F9F781FAF9F7B7FAF9F7F9FAF9F782
:108FA0003FFBFDF711FDFAF773FCF7F7D5FBEAF786
:108FB000DFFF38B1FFE740F2D420C0F60200E7F748
:108FC000DBFAFFE740F2BC10C0F60200E7F7D4FA84
:108FD00040F2FA10C0F60200E7F7CEFA40F60000C1
:108FE000C5F602000068C0F3815140F60C00C5F6DA
:108FF00002000068C0F3815240F62400C5F602006A
:109000000068C0F3033340F61000C5F602000068A4
:10901000C0F3C020EC46CCF8000040F25030C0F65F
:109020000200E7F7A9FA40F28540C0F60200E7F730
:10903000A3FAFFE7E9F7B8FCF7F7F6FBEBF748F818
:10904000F0F772FC4AF20C21C2F200410968401AA2
:10905000B0F57A7F59D3FFE7EAF782FF1790F0F770
:1090600063FC4AF20C21C2F20041086017980D908F
:1090700001784278837890F803C0CDF838C0B0F812
:1090800006E08468C56806694769D0F8188040F62C
:109090000000C5F602000068C0F3815940F60C00DC
:1090A000C5F602000068C0F3815A40F62400C5F6F8
:1090B00002000068C0F3033B40F61000C5F6020052
:1090C0000068C0F3C02C68460F90C0F828C00E9806
:1090D000DDF83CC0CCF824B0CCF820A0CCF81C9033
:1090E000CCF81880CCF81470CCF81060CCF80C5088
:1090F000CCF80840CCF804E0CCF8000040F2813015
:10910000C0F60200E7F738FAFFE7EAF719FF002890
:1091100000F0F080FFE7EAF723FF1690EAF718FF68
:109120001590E9F7BDFE8DF853001598169AD18871
:1091300092684AF2BC13C2F20043FAF719FC002805
:1091400064D0FFE74AF2BC10C2F20040416890EDE3
:10915000020A90ED031A90ED042AB7EEC00AB7EEAA
:10916000C11AB7EEC22A027D836CD0F84CC06846A3
:10917000C0F818C04361026180ED022B80ED001B36
:1091800053EC102B40F22640C0F60200E7F7F4F94A
:1091900000201390FFE713984AF2BC11C2F200417D
:1091A000097D884226D2FFE713994AF2BC10C2F229
:1091B000004000EB0110017E90ED070A90ED081AC7
:1091C00090ED092AB7EEC00AB7EEC11AB7EEC22A6F
:1091D000684680ED022B80ED001B53EC102B40F213
:1091E0009B20C0F60200E7F7C7F9FFE713980130AC
:1091F0001390D0E7FAF744FB01464AF2BC10C2F2E2
:1092000000404FF4F072F7F7D3FB0EE040F2E2407B
:10921000C0F60200F7F74CFB1698C18840F2F72021
:10922000C0F60200E7F7A8F9FFE79DF85300012810
:1092300027D1FFE71698C18840F24020C0F602000F
:10924000E7F79AF900201290FFE712990020B0EB9F
:10925000113F0FD1FFE71598129930F9111040F224
:109260009620C0F60200E7F787F9FFE71298013071
:109270001290EAE740F27420C0F60200E7F77CF9AA
:1092800035E09DF85300022830D1FFE7FAF7F8FAED
:1092900011901698C0880C90FAF7EAFA0C990246D9
:1092A00040F21E30C0F602004FF4F073E7F764F9A5
:1092B00000201090FFE7109840090E280FD8FFE714
:1092C0001198109930F9111040F29620C0F6020062
:1092D000E7F752F9FFE7109801301090EBE740F202
:1092E0008320C0F60200E7F747F9FFE7FFE7EAF758
:1092F000AFFEFFE79EE65FEA400C08BF91F0000F6B
:109300004FEA8C234FEAC12243EA51514FEA1C50E5
:1093100018BF00F5F0404FEA300018BF41F000419F
:109320005FEA6C5C00F02980BCF1FF3F08BF40F0B1
:1093300080407047130C06BF12044FF0100C4FF022
:10934000000C130E04BF12020CF1080C130F04BF23
:1093500012010CF1040C930F04BF92000CF1020CEB
:10936000D30F04BF52000CF1010C11464FF0000264
:10937000A0F11F00A0EB0C00704711F0004F08BFD8
:10938000704731F000413FF4D5AF0B0C06BF090424
:109390004FF0100C4FF0000C0B0E04BF09020CF143
:1093A000080C0B0F04BF09010CF1040C8B0F04BF58
:1093B00089000CF1020CCB0F04BF49000CF1010C29
:1093C000CCF1200322FA03F341EA030102FA0CF282
:1093D000A0EB0C0000F101007047000023F07F4774
:1093E00020F07F4C80EA030000F00040ACEB070364
:1093F00003F57C5303F1FF032DE9804909B44FEADB
:10940000144324EA03484FEA154B25EA0B4E0FF2AA
:10941000042606EB13273E7803FB0667C7F5000713
:1094200007FB06F64FEAD64606F102064FEA543726
:1094300007FB066CCCF1005C4FEA1C472CEA074C9A
:109440000CFB06F507FB06F404EB15464FEA9616EF
:1094500049085FEA320234BF00204FF000404FEA73
:10946000D13706FB07FC4FEA1C4C0CFB0BF7D21B59
:1094700003FB0CF761EB07010CFB0EF7B0EB0740A9
:1094800072EB17420CFB08F734BFA2EB0742B2EBBA
:10949000074261EB17414FEA0C444FEA910706FB84
:1094A00007FC4FEA1C4C0CFB0BF7B0EBC74072EB10
:1094B000573203FB0CF734BFA2EBC742B2EBC742F3
:1094C00061EB57310CFB0EF7B0EBC70072EB577234
:1094D0000CFB08F734BFA2EBC702B2EBC70261EB8B
:1094E00057714FEA816141EA92114FEA826242EA82
:1094F00090124FEA806004EBCC04039F4FEAD1370F
:1095000006FB07FC4FEA1C4C0CFB0BF7D21B03FBC2
:109510000CF761EB07010CFB0EF7B0EB074072EBA9
:1095200017420CFB08F734BFA2EB0742B2EB07422D
:1095300061EB17414FEA8C5504EB9C244FEA9107ED
:1095400006FB07FC4FEA1C4C0CFB0BF7B0EBC740CB
:1095500072EB573203FB0CF734BFA2EBC742B2EBFE
:10956000C74261EB57310CFB0EF7B0EBC70072EB53
:1095700057720CFB08F734BFA2EBC702B2EBC7026D
:1095800061EB57714FEA816141EA92114FEA8262C1
:1095900042EA90124FEA806015EB4C2544F100043A
:1095A0004FEAD13706FB07FC4FEA1C4C0CFB0BF7CC
:1095B000D21B03FB0CF761EB07010CFB0EF7B0EBC2
:1095C000074072EB17420CFB08F734BFA2EB0742CF
:1095D000B2EB074261EB17414FEA813141EA924118
:1095E0004FEA823242EA90424FEA80304FEA0C76EC
:1095F00015EB1C1544F1000448EA03434EEA0B48FE
:109600004FF0000EB2EB080C71EB030724BF62466B
:1096100039464EEB0E0E4FF0000B001852414941F7
:109620004BEB0B0BB2EB080C71EB03077BF1000B60
:1096300024BF624639464EEB0E0E4FF0000B001869
:10964000524149414BEB0B0BB2EB080C71EB03079A
:109650007BF1000B24BF624639464EEB0E0E51EAF9
:10966000020718BF46F0010616EB0E7655F1000210
:1096700054F1000103D5BDE88901BDE80088BDE8CB
:109680008901BDE80048B619524141EB0101A3F13F
:109690000103704780807F7E7D7C7B7A7978777646
:1096A00076757473727171706F6E6E6D6C6C6B6ABF
:1096B0006A6968686766666564646363626161605D
:1096C000605F5F5E5E5D5D5C5C5B5B5A5A595958DA
:1096D0005857575656555555545453535252525144
:1096E000515050504F4F4F4E4E4D4D4D4C4C4C4B9A
:1096F0004B4B4A4A4A4949494848484747474746E1
:10970000464645454544444444434343434242421C
:10971000424141419C46002B30D477002BD04FEA88
:1097200037071CB503B44FF010004FF01001BAF129
:10973000000F06D0BCF1000FDCBF40F0080040F085
:1097400008014FF000000FBCBDE810400BF1010B09
:10975000BBF1010F08BF5FEA170722BF12F1010238
:1097600011F101014FF0004143F1000300F000400E
:1097700043EA00007047F9D35708D0E746EA0646A7
:109780004FEA164613F1400F1FDD13F1200FDFBF24
:1097900016430A46002120335B42BED0C3F12007A6
:1097A00046EA06464FEA164602FA07F746EA070671
:1097B00022FA03F2C3F1200701FA07F742EA07028F
:1097C00021FA03F14FF00003A7E746EA020646EA52
:1097D00006464FEA164646EA0106BCBF46EA06467A
:1097E000360C4FF000034FF000024FF0000194E7F9
:1097F0002DE9804C70B49A46934691E8380007C82A
:1098000031EA400C48BF34EA430C03D5FFF7E6FDCC
:10981000FFF780FFF0BCBDE8008C2DE9804C70B4F0
:109820009A46934691E8380007C810F0804F08BF69
:1098300013F0804F03D100F005F8FFF76BFFF0BC89
:10984000BDE8008C20F07F4723F07F4C80EA0300C6
:1098500000F0004007EB0C03A3F57C53A3F1FE03DB
:1098600092F0000F00F0B38095F0000F00F07780C9
:109870002DE901494FEA114021EA00484FEA144618
:1098800024EA064700FB06FC08FB06F607FB08F87F
:1098900018EB06484CEB164C00FB07F718EB074893
:1098A0004CEB17404FEA124B22EA0B4E4FEA15469B
:1098B00025EA06470BFB06FC0EFB06F607FB0EFE31
:1098C0001EEB064E4CEB164C0BFB07F71EEB074E40
:1098D0004CEB174B18EB0B0840F1000018EB0E0B8C
:1098E00058EB000840F100008F1A4FF000014FF0D4
:1098F00000063CBFC943661B14BFB5EB040C002136
:109900003CBFC943F61B4FEA174427EA04454FEA18
:109910001C472CEA074C04FB076205FB07F70CFB0E
:1099200005F616EB074642EB174204FB0CFC16EB60
:109930000C4642EB1C421BEB060658EB020241416F
:109940004EEA8E0E46EA9E0601D5BDE80189B6199B
:10995000524141EB0101A3F10103BDE801894FEA46
:10996000144524EA05464FEA114721EA074C05FB56
:1099700007F406FB07F70CFB06F111EB074144EB7C
:10998000174405FB0CFC11EB0C4144EB1C444FEA63
:10999000124722EA074C05FB07F206FB07F70CFB10
:1099A00006F616EB074642EB174205FB0CFC16EBDE
:1099B0000C4642EB1C456A1854F1000148BF704741
:1099C000B619524141EB0101A3F10103704795F033
:1099D000000F37D04FEA114221EA02464FEA1447FE
:1099E00024EA074C02FB07F106FB07F70CFB06F421
:1099F00014EB074441EB174102FB0CFC14EB0C4445
:109A000041EB1C414FEA154725EA074C02FB07F5DD
:109A100006FB07F70CFB06F616EB074645EB17456A
:109A200002FB0CFC16EB0C4645EB1C42121951F1E3
:109A3000000148BF7047B619524141EB0101A3F143
:109A4000010370474FEA144524EA05464FEA1147DF
:109A500021EA074C05FB07F106FB07F70CFB06F2B2
:109A600012EB074241EB174105FB0CFC12EB0C42D9
:109A700051EB1C414FF0000648BF7047921841EB74
:109A80000101A3F10103704703B40198410000985C
:109A900050EAC12018BF04204A0D18BF40F0010051
:109AA00040F2FF72B2EB515F08BF40F002000128A4
:109AB00008BF052002B070474100080218BF04200B
:109AC0000A0E18BF40F001004FF07F4232EA010158
:109AD00008BF40F00200012808BF052070470000C1
:109AE00070B54FF068422DED048BF0EE408A18EE11
:109AF000900AB0EE608A18EE101A02EB4003B3F140
:109B0000654F3CBF02EB4102B2F1654F7DD200BF11
:109B1000C0F3C753C1F3C7529A1A1B2A09DD10F0CC
:109B2000004F14BF9FED830A9FED830ABDEC048BA9
:109B300070BD12F11A0F36DA11F0004F09D010F093
:109B4000004F0CBF9FED7D0A9FED7D0ABDEC048B9D
:109B500070BD88EE889A19EE100AFFF7ADFF042851
:109B600008BF00F0AFFA18EE900AFFF7A5FF054610
:109B700018EE100AFFF7A0FF044619EE100AFFF7CF
:109B80009BFF042D18BF052D08D1042C18BF052CF0
:109B900004D1002804BF0220E6F7FCFDB0EE490A1C
:109BA000BDEC048B70BD4200B2EB410F3AD910F00E
:109BB000004F19BFDFED630A9FED630ADFED630A13
:109BC0009FED630AB0EE481A0A46B1EE688A80F04B
:109BD0000041F0EE418A10460A1A5200B2F1807F2D
:109BE00034D2484010F0004FDFED5A1A9FED5A2A48
:109BF0001DBFBEEE001A70EEE10A30EE420AB6EE6C
:109C0000001A08BF70EEA10A00E040E008BF30EE85
:109C1000020AB0EE682A01EE482A08EE818AC2EEF6
:109C2000081A15E011F0004F04BF9FED4C0AF0EE4A
:109C3000400AD1D010F0004F19BFDFED490A9FED67
:109C4000490ADFED490A9FED490AC5E7C8EE881ABF
:109C500021EEA11A9FED462ADFED462A41EE022AA7
:109C60009FED452A01EE222ADFED442A41EE022A29
:109C70009FED432ABDEC048B01EE222A21EE811ACE
:109C800001EE020A30EE210A30EE200A70BD4FF0DC
:109C90007F42B2EB400F28BFB2EB410F09D2F0EE8A
:109CA000480AB0EE680ABDEC048BBDE8704000F0D5
:109CB000FDB940EA01035B0008BF41F0FF410BD052
:109CC000B2EB400F08BFB2EB410F08D120F080404B
:109CD00008EE900A21F0804108EE101A18E7B2EB66
:109CE000400F12BF5FEA410340F0FF4001F0004126
:109CF0003FF40EAFB2EB410F12BF5FEA400200F03B
:109D0000004041F0FF413FF403AF4A0092EA4003B4
:109D10003FF5FEAE002AACBF9FED1A0A9FED1A0A6E
:109D200068EE808A28EE008A18EE900A18EE101A63
:109D3000EEE60000DB0FC9BFDB0FC93FDB0F494078
:109D4000DB0F49C00000C9BF22AAFDB90000C93F0E
:109D500022AAFD390060ED3EC30ACE3700000000A4
:109D6000000049C022AA7DBA0000494022AA7D3ADB
:109D70002DAD65BD8FB8D53D0FB511BE61C84C3E48
:109D8000A8AAAABE0000804F0000802F10EE101A73
:109D900008B5444A6846B2EB410F28D94FF0E64077
:109DA000B0EB410F94BF00204FF0FF3000900098BF
:109DB000002861DB60EE000A10F0010F45D010F0C2
:109DC000020FDFED391A9FED391A00EEA11ADFED0F
:109DD000381A40EE811A21EEA01AF0EE400A40EE49
:109DE000010A08BFF1EE600AB0EE600A08BD314B0F
:109DF00021F0004293423CD911F0004FDFED2E0AD2
:109E000020EE201ADFED2D0A19BF31EE601A71EE37
:109E1000200A31EE201A71EE600ABDEEE01A11EE52
:109E2000100A9FED271A00F0030000EEC10A9FED13
:109E3000251A009000EEC10A9FED231A00EEC10A18
:109E40009FED221A00EEC10AB1E79FED211A9FEDA6
:109E5000210A10F0020F00EE810A9FED1F1A00EE9A
:109E6000801AB7EE000A00EE810A18BFB1EE400A70
:109E700008BD00F02FF99AE710EE100A4000B0F18B
:109E80007F4F3CBFB7EE000A08BD07D14FF001007D
:109E9000E6F780FCBDE8084000F00CB9BDE80840DA
:109EA00000F001B9B61F927E336D4CB9DA82083CDE
:109EB000A0AA2ABE490E494683F9223F0000004B62
:109EC0000000C93F00A0FD390020A2331A61342CE4
:109ED000B93AB2BACA9F2A3DDDFFFFBE00B510EE07
:109EE000101A2DED028B81B0524A6846B2EB410F39
:109EF0002ED94FF0E640B0EB410F94BF00204FF059
:109F0000FF3000900098B0EE408A00286ADB10F025
:109F1000010F4BD068EE080A9FED471A9FED470AE4
:109F200000EE810A9FED461A10F0020F00EE801A33
:109F3000B7EE000A00EE810A02BF01B0BDEC028B51
:109F400000BD00BF01B0B1EE400ABDEC028B00BD08
:109F50003C4B21F00042934241D911F0004FDFED1C
:109F60003A0A20EE201ADFED390A19BF31EE601AE5
:109F700071EE200A31EE201A71EE600ABDEEE01A91
:109F800011EE100A9FED321A00F0030000EEC10A34
:109F90009FED301A009000EEC10A9FED2F1A00EEDF
:109FA000C10A9FED2E1A00EEC10AABE728EE080A9F
:109FB0009FED2B1ADFED2B0A10F0020F40EE010A85
:109FC0009FED291A00EE201A61EE000AB0EE480A51
:109FD00008EE200AB6D101B0BDEC028B00BD00F046
:109FE00079F88FE718EE100A4000B0F17F4F0DD2DC
:109FF00018EE100AFFF760FD042808BF00F062F8B1
:10A00000B0EE480A01B0BDEC028B00BD09D10120C1
:10A01000E6F7C0FB01B0BDEC028B5DF804EB00F08D
:10A0200049B801B0B0EE480ABDEC028B5DF804EB14
:10A0300000F039B8B61F927EB93AB2BACA9F2A3D2B
:10A04000DDFFFFBE490E494683F9223F0000004B69
:10A050000000C93F00A0FD390020A2331A61342C52
:10A06000336D4CB9DA82083CA0AA2ABE10B52DED9A
:10A07000028BB1EEC08A18EE100A20F00040C0F149
:10A08000FF40C00F0AD010EE100A20F00040C0F1CF
:10A09000FF40C00F04BF0120E6F77CFBB0EE480A8A
:10A0A000BDEC028B10BD30EE000A704730EE200A86
:10A0B00070470000DFED020A80EEA00A7047000042
:10A0C000000000009FED020A20EE000A7047000029
:10A0D000000000102DE9F0014FF07F42B2EB410F7C
:10A0E0009FBF4FF0FF310160BDE8F00170474FF0B6
:10A0F000004242EA0123C1F3C752783A551112F0E7
:10A100001F0C434CCCF120067C44C1F3C752A2F192
:10A1100078024FEA621204EB820254F8254008BF2D
:10A12000D2E9015612D0556804FA0CF425FA06F764
:10A130003C43976805FA0CF527FA06F8D26807FA47
:10A140000CFCF24045EA08054CEA0206A4FB034C6D
:10A15000A5FB0352A6FB03631D449D4234BF0126A9
:10A1600000261319334416B1934202D903E09342F7
:10A1700001D2012200E00022624402F1200C92068A
:10A18000DC0C42EA443200EE102A5B03DFED210AC8
:10A19000F8EEC01A00EE103A4FEA9C1C11F0004F86
:10A1A000B8EE400AC0F800C020EE201A00EE105AA7
:10A1B000DFED190AB8EE400A20EE200A71EE810A9E
:10A1C00070EE800A10EE902A02F500626FF30B0227
:10A1D00000EE902A70EEE11A31EEC11ADFED101A8E
:10A1E00030EE411A9FED0D0A20EE800A01EE210AA1
:10A1F0009FED0C1A00EE810A04BFBDE8F001704724
:10A20000CCF180510160BDE8F001B1EE400A704729
:10A21000EC010000000000360000802C22AAFD297D
:10A22000DB0FC92F0000C92F30380A2801D20120C6
:10A23000704700207047000010B500290AD0087848
:10A24000002807D005487844E6F75EFA002801D0D8
:10A25000002010BD0248784410BD0000D664010003
:10A26000CE64010010B500290AD00878002807D074
:10A2700005487844E6F748FA002801D0002010BDD0
:10A280000248784410BD0000C6640100BE640100AD
:10A29000F1EE100A4FF6FF71C0F2C03120EA010062
:10A2A00040F04070E1EE100A7047E6F7B9BEE6F7FD
:10A2B000EDBF00000000000000000000303132332C
:10A2C00034353637383941424344454640305800EA
:10A2D000303132333435363738396162636465661C
:10A2E0004030780004000008000000000000000278
:10A2F0000001000010000000000000006E83F9A2C1
:10A300002915444ED15727FCC0DD34F5999562DB01
:10A310004190433CAB6351FE3031323334353637F4
:10A320003839616263646566787000303132333485
:10A3300035363738394142434445465850003A741F
:10A3400074003A7474003A74740000000240000013
:10A35000000000A00000000005400000000000C850
:10A36000000000000C4000000000409C00000000C5
:10A37000194000000020BCBE000000003440000076
:10A38000BFC91B8E00000004B5400000504BCFD069
:10A390006607E2CF010000006C4100003E8251AA36
:10A3A000DFEEA73401000000D9420000DCB5A0E2D6
:10A3B0003A301F97FFFFFFFFB4450000FD25A0C8FE
:10A3C000E9A3C14FFFFFFFFFFF3F00000000008037
:10A3D00000000000FF3F00000000008000000000BF
:10A3E000000000000102030401020304060708093B
:10A3F00000061016000610161806020815050208B9
:10A400000A06020824060208580602086406020822
:10A410006A060208460602084C0602087006020890
:10A420005D060208FFFFFF080402040801010101A4
:10A430000101030701000000010002000400060002
:10A4400008000A000C0010002000400080000001FD
:10A450000800001010000002180000122000000484
:10A4600028000014300000063800001640000008E4
:10A47000480000185000000A5800001A6000000C44
:10A480006800001C7000000E7800001E80000008AC
:10A49000880040109000400298004012A000400444
:10A4A000A8004014B0004006B8004016C0004008A4
:10A4B000C8004018D000400AD800401AE000400C04
:10A4C000E800401CF000400EF800401E00010008AB
:10A4D0000801801010018002180180122001800400
:10A4E0002801801430018006380180164001800860
:10A4F000480180185001800A5801801A6001800CC0
:10A500006801801C7001800E7801801E8001400867
:10A510008801C0109001C0029801C012A001C004BF
:10A52000A801C014B001C006B801C016C001C0081F
:10A53000C801C018D001C00AD801C01AE001C00C7F
:10A54000E801C01CF001C00EF801C01E00020008A6
:10A550000802001110020003180200132002000577
:10A5600028020015300200073802001740020009D7
:10A57000480200195002000B5802001B6002000D37
:10A580006802001D7002000F7802001F8002800820
:10A59000880240119002400398024013A002400537
:10A5A000A8024015B0024007B8024017C002400997
:10A5B000C8024019D002400BD802401BE002400DF7
:10A5C000E802401DF002400FF802401F000340085F
:10A5D00008038011100380031803801320038005F3
:10A5E0002803801530038007380380174003800953
:10A5F000480380195003800B5803801B6003800DB3
:10A600006803801D7003800F7803801F8003C008DB
:10A610008803C0119003C0039803C013A003C005B2
:10A62000A803C015B003C007B803C017C003C00912
:10A63000C803C019D003C00BD803C01BE003C00D72
:10A64000E803C01DF003C00FF803C01F0004001092
:10A65000080408101004001118040812200408103F
:10A6600028040814300408063804081640040808B2
:10A67000480408185004080A5804081A6004080C12
:10A680006804081C7004080E7804081E8004001872
:10A69000880448109004001998044812A00408186F
:10A6A000A8044814B0044806B8044816C004480872
:10A6B000C8044818D004480AD804481AE004480CD2
:10A6C000E804481CF004480EF804481E0005401039
:10A6D000080588101005401118058812200548103B
:10A6E000280588143005880638058816400588082E
:10A6F000480588185005880A5805881A6005880C8E
:10A700006805881C7005880E7805881E800540182D
:10A710008805C810900540199805C812A00548186A
:10A72000A805C814B005C806B805C816C005C808ED
:10A73000C805C818D005C80AD805C81AE005C80C4D
:10A74000E805C81CF005C80EF805C81E00068010F4
:10A750000806081110068011180608132006881034
:10A7600028060815300608073806081740060809A5
:10A77000480608195006080B5806081B6006080D05
:10A780006806081D7006080F7806081F80068018E6
:10A79000880648119006801998064813A006881864
:10A7A000A8064815B0064807B8064817C006480965
:10A7B000C8064819D006480BD806481BE006480DC5
:10A7C000E806481DF006480FF806481F0007C010AD
:10A7D000080788111007C011180788132007C81030
:10A7E0002807881530078807380788174007880921
:10A7F000480788195007880B5807881B6007880D81
:10A800006807881D7007880F7807881F8007C018A1
:10A810008807C8119007C0199807C813A007C8185F
:10A82000A807C815B007C807B807C817C007C809E0
:10A83000C807C819D007C80BD807C81BE007C80D40
:10A84000E807C81DF007C80FF807C81F0808101050
:10A8500010084008180810122008001128081014C9
:10A860003008801138081016480810185008100ACF
:10A870005808101A6008100C6808101C7008100E98
:10A880007808101E8008000A880850109008000BF5
:10A8900098085012A008080AA8085014B008080B1D
:10A8A000B8085016C008100AC8085018D008500A36
:10A8B000D808501AE008500CE808501CF008500E58
:10A8C000F808501E08099010100980091809901204
:10A8D00020090019280990143009801938099016A8
:10A8E0004009000B480990185009900A5809901A1D
:10A8F0006009900C6809901C7009900E7809901EF0
:10A900008009400A8809D0109009400B9809D0129C
:10A91000A009480AA809D014B009480BB809D016F4
:10A92000C009500AC809D018D009D00AD809D01ACD
:10A93000E009D00CE809D01CF009D00EF809D01EAF
:10A94000080A1011180A1013200A4011280A1015BD
:10A95000300AC011380A1017480A1019500A100B93
:10A96000580A101B600A100D680A101D700A100F9B
:10A97000780A101F880A5011900A800B980A501309
:10A98000A00A5011A80A5015B00A880BB80A50172F
:10A99000C00A800BC80A5019D00A500BD80A501BA5
:10A9A000E00A500DE80A501DF00A500FF80A501F37
:10A9B000080B9011180B9013200B4019280B9015C1
:10A9C000300BC019380B9017480B9019500B900B97
:10A9D000580B901B600B900D680B901D700B900F27
:10A9E000780B901F880BD011900BC00B980BD013D5
:10A9F000A00B5019A80BD015B00BC80BB80BD01773
:10AA0000C80BD019D80BD01BE00BD00DE80BD01D14
:10AA1000F00BD00FF80BD01F000C0012080C181010
:10AA2000100C0013180C1812200C0812280C181403
:10AA3000300C0813380C1816400C1012480C18185B
:10AA4000500C1013580C181A600C1812680C181CB3
:10AA5000700C180E780C181E800C001A880C5810F8
:10AA6000900C001B980C5812A00C081AA80C581433
:10AA7000B00C081BB80C5816C00C101AC80C58188B
:10AA8000D00C101BD80C581AE00C181AE80C581CE3
:10AA9000F00C580EF80C581E000D4012080D9810BE
:10AAA000100D4013180D9812200D4812280D9814FF
:10AAB000300D4813380D9816400D5012480D981857
:10AAC000500D5013580D981A600D5812680D981CAF
:10AAD000700D980E780D981E800D401A880DD810B4
:10AAE000900D401B980DD812A00D481AA80DD8142F
:10AAF000B00D481BB80DD816C00D501AC80DD81887
:10AB0000D00D501BD80DD81AE00D581AE80DD81CDE
:10AB1000F00DD80EF80DD81E000E8012080E181178
:10AB2000100E8013180E1813200E8812280E1815F8
:10AB3000300E8813380E1817400E9012480E181950
:10AB4000500E9013580E181B600E9812680E181DA8
:10AB5000700E180F780E181F800E801A880E58116C
:10AB6000900E801B980E5813A00E881AA80E581528
:10AB7000B00E881BB80E5817C00E901AC80E581980
:10AB8000D00E901BD80E581BE00E981AE80E581DD8
:10AB9000F00E580FF80E581F000FC012080F981132
:10ABA000100FC013180F9813200FC812280F9815F4
:10ABB000300FC813380F9817400FD012480F98194C
:10ABC000500FD013580F981B600FD812680F981DA4
:10ABD000700F980F780F981F800FC01A880FD81128
:10ABE000900FC01B980FD813A00FC81AA80FD81524
:10ABF000B00FC81BB80FD817C00FD01AC80FD8197C
:10AC0000D00FD01BD80FD81BE00FD81AE80FD81DD3
:10AC1000F00FD81BF80FD81F08102010101040108C
:10AC20001810201228102014301088103810201608
:10AC30004010001148102018501040115810201AD0
:10AC4000601008126810201C701088127810201EE6
:10AC50008010001288100812901040129810601294
:10AC6000A0102012A8106014B0106012B810601666
:10AC7000C0100013C8106018D0104013D810601A0C
:10AC8000E0101812E810601CF0109812F810601E06
:10AC900008112012101140111811A01220110818CB
:10ACA0002811A014301188183811A0164811A018C6
:10ACB0005811A01A6011081A6811A01C7011881A86
:10ACC0007811A01E801110128811181290115012C4
:10ACD0009811E012A0111818A811E014B0119818DA
:10ACE000B811E016C0111013C811E018D01150139C
:10ACF000D811E01AE011181AE811E01CF011981AA6
:10AD0000F811E01E0012001808120818101240185E
:10AD10001812201320122018281220153012601843
:10AD200038122017401200194812201950124019E9
:10AD30005812201B601220196812201D7012C812B0
:10AD40007812201F8012001A8812081A9012401AD6
:10AD500098126013A012201AA8126015B012601A7F
:10AD6000B8126017C012001BC8126019D012401B25
:10AD7000D812601BE012201BE812601DF012601B4D
:10AD8000F812601F00131018081318181013501829
:10AD90001813A013201348182813A0153013C8182F
:10ADA0003813A017401310194813A0195013501945
:10ADB0005813A01B6013481A6813A01D7013C81AFB
:10ADC0007813A01F8013101A8813181A9013501AA2
:10ADD0009813E013A0135818A813E015B013D8184F
:10ADE000B813E017C013101BC813E019D013501B81
:10ADF000D813E01BE013581AE813E01DF013D81A1B
:10AE0000F813E01F0814201410140015181420154E
:10AE10003014081538142816401400154814281842
:10AE2000501410155814281A601420156814281C82
:10AE3000701418157814281E8014001C8814201C07
:10AE40009014001D9814201DA014081CA814281C80
:10AE5000B014081DB8146816C014101CC814681863
:10AE6000D014101DD814681AE014181CE814681CBB
:10AE7000F014181DF814681E08152015101540153B
:10AE800018156015201528182815281C3015481588
:10AE90003815A8164815A8185815A81A6015281AA4
:10AEA0006815A81C7015A81A7815A81E8015401CD6
:10AEB0008815601C9015401D9815601DA015481C34
:10AEC000A815681CB015481DB815E816C015501C0B
:10AED000C815E818D015501DD815E81AE015581CEB
:10AEE000E815E81CF015581DF815E81E0016001CA2
:10AEF0000816081C1016401C1816481C2016201C8A
:10AF00002816281C3016601C381628174016001DFD
:10AF1000481628195016401D5816281B6016201D6B
:10AF20006816281D7016601D7816281F8016801C54
:10AF30008816A01C9016801D9816A01DA016881CAF
:10AF4000A816A81CB016881DB8166817C016901C45
:10AF5000C8166819D016901DD816681BE016981CE4
:10AF6000E816681DF016981DF816681F0017101CCB
:10AF70000817181C1017501C1817581C2017681891
:10AF80002817681C3017E8183817A8174017101D25
:10AF90004817A8195017501D5817A81B6017681A92
:10AFA0006817A81D7017E81A7817A81F8017C01C0B
:10AFB0008817E01C9017C01D9817E01DA017C81C2B
:10AFC000A817E81CB017C81DB817E817C017D01C81
:10AFD000C817E819D017D01DD817E81BE017D81CE0
:10AFE000E817E81DF017D81DF817E81F18186018A3
:10AFF000301848183818601C5818301A6818301C57
:10B000007018181A7818301E8018001A8818081A34
:10B010009018001B98186019A018201AA818281A50
:10B02000B018201BB818601DC018101AC818181ABC
:10B03000D018101BD818701AE018301AE818701CB5
:10B04000F018581AF818701E081920191819601AE3
:10B050002819081D301988193819881D4819201B0E
:10B060005819B01A6019081B6819B01C7019881B90
:10B070007819B01E8019401A8819481A9019401B77
:10B080009819601BA019601AA819181DB019601B27
:10B09000B819981DC019501AC819581AD019501B40
:10B0A000D819F01AE019181BE819F01CF019981BB0
:10B0B000F819F01E381A701C581A301B681A301D07
:10B0C000701A181B781A301F901AC01A981AC81ACA
:10B0D000B01AE01AB81AE81AC01A801BC81A881BDE
:10B0E000D01AC01BD81A701BE01AA01BE81A701DDA
:10B0F000F01AE01BF81A701F281B481D381BC81DCA
:10B10000481B601B581BB01B681BB01D701BC81B65
:10B11000781BB01F901BC01B981BC81BA81B581D79
:10B12000B01BE01BB81BD81DD81BF01BE81BF01D83
:10B13000F81BF01F081C201C181C301C381C681C35
:10B14000481C601C581C701C781C381E801C001E7B
:10B15000881C201E901C001F981C201FA01C081E6D
:10B16000A81C281EB01C081FB81C281FC01C101EBD
:10B17000C81C301ED01C101FD81C301FE01C181E0D
:10B18000E81C381EF01C181FF81C781E081D201D16
:10B19000181D301D381DA81D481D601D581D701D2F
:10B1A000681D281F781DB81E801D401E881D601E4A
:10B1B000901D401F981D601FA01D481EA81D681EE1
:10B1C000B01D481FB81D681FC01D501EC81D701E31
:10B1D000D01D501FD81D701FE01D581EE81D781E81
:10B1E000F01D581FF81DF81E081E201E181E301EC8
:10B1F000481E601E581E701E781E381F881EA01E16
:10B20000901E801F981EA01FB01E881FB81EA81F6A
:10B21000C01E801FC81E881FD01E901FD81EB01FC2
:10B22000E01EA01FE81EA81FF01E981FF81E781F22
:10B23000081F201F181F301F481F601F581F701F36
:10B24000781FB81F881FA01F901FC01F981FE01FE6
:10B25000B01FC81FB81FE81FC81FE01FD81FF01F6E
:10B26000080000021000400018004002200080008A
:10B27000280080023000C0003800C00240000001F9
:10B280004800000350004001580040036000800166
:10B29000680080037000C0017800C00380000002D5
:10B2A000880008029000000398004802A0000802ED
:10B2B000A8008802B000C800B800C802C000080199
:10B2C000C8000803D0004801D8004803E000880106
:10B2D000E8008803F000C801F800C8030801100264
:10B2E00010014001180150022001000328019002C2
:10B2F000300148013801D0024801100358015003C1
:10B3000060019001680190037001D0017801D003C1
:10B310008001400288011802900140039801580200
:10B32000A0014802A8019802B0014803B801D80260
:10B33000C0015002C8011803D0015003D8015803BE
:10B34000E0015802E8019803F0015803F801D8031E
:10B350000802200210024002180260022802A00225
:10B36000300260023802E00240020003480220037B
:10B370005002400358026003600220036802A003E9
:10B38000700260037802E0038802A002900280034A
:10B390009802A003B0028803B802E802C00280034A
:10B3A000C8022803D0029003D8026803E002A00379
:10B3B000E802A803F0029803F802E8030803200358
:10B3C000100340031803600328038803300360035D
:10B3D0003803980348036003580370036803B003FD
:10B3E0007803F0038803A0039003C0039803E003ED
:10B3F000B003C803B803E803C803E003D803F003AD
:10B4000008004000180048001000400028005000CC
:10B410002000400038005800300048005800680004
:10B420004800600068007000080000101000002054
:10B430001800003020000002280000123000002216
:10B44000380000324000000448000014500000247E
:10B4500058000034600000066800001670000026E6
:10B46000780000368000000888000018900000284E
:10B4700098000038A000000AA800001AB000002AB6
:10B48000B800003AC000000CC800001CD000002C1E
:10B49000D800003CE000000EE800001EF000002E86
:10B4A000F800003E00010004080140101001402097
:10B4B0001801403020014002280140123001402292
:10B4C00038014032400140044801401450014024FA
:10B4D0005801403460014006680140167001402662
:10B4E00078014036800140088801401890014028CA
:10B4F00098014038A001400AA801401AB001402A32
:10B50000B801403AC001400CC801401CD001402C99
:10B51000D801403CE001400EE801401EF001402E01
:10B52000F801403E0002000808028010100280204E
:10B53000180280302002800228028012300280220D
:10B540003802803240028004480280145002802475
:10B5500058028034600280066802801670028026DD
:10B560007802803680028008880280189002802845
:10B5700098028038A002800AA802801AB002802AAD
:10B58000B802803AC002800CC802801CD002802C15
:10B59000D802803CE002800EE802801EF002802E7D
:10B5A000F802803E0003000C0803C0101003C02006
:10B5B0001803C0302003800C2803C0123003C022BF
:10B5C0003803C0324003C0044803C0145003C024F1
:10B5D0005803C0346003C0066803C0167003C02659
:10B5E0007803C0368003C0088803C0189003C028C1
:10B5F0009803C038A003C00AA803C01AB003C02A29
:10B60000B803C03AC003C00CC803C01CD003C02C90
:10B61000D803C03CE003C00EE803C01EF003C02EF8
:10B62000F803C03E08040011100400211804003182
:10B630002004000C280400133004002338040033D5
:10B640004004000548040015500400255804003546
:10B6500060040007680400177004002778040037AE
:10B660008004000988040019900400299804003916
:10B67000A004000BA804001BB004002BB804003B7E
:10B68000C004000DC804001DD004002DD804003DE6
:10B69000E004000FE804001FF004002FF804003F4E
:10B6A0000805401110054021180540312005000D06
:10B6B0002805401330054023380540334805401520
:10B6C000500540255805403560054007680540177E
:10B6D00070054027780540378005400988054019E6
:10B6E0009005402998054039A005400BA805401B4E
:10B6F000B005402BB805403BC005400DC805401DB6
:10B70000D005402DD805403DE005400FE805401F1D
:10B71000F005402FF805403F00064008080680115C
:10B7200010068021180680312006C00828068013E4
:10B7300030068023380680334006400948068015CD
:10B7400050068025580680356006800768068017F9
:10B750007006802778068037800680098806801961
:10B760009006802998068039A006800BA806801BC9
:10B77000B006802BB806803BC006800DC806801D31
:10B78000D006802DD806803DE006800FE806801F99
:10B79000F006802FF806803F0007400C0807C01114
:10B7A0001007C0211807C0312007C00C2807C0139C
:10B7B0003007C0233807C0334007400D4807C01585
:10B7C0005007C0255807C0356007C0076807C01775
:10B7D0007007C0277807C0378007C0098807C019DD
:10B7E0009007C0299807C039A007C00BA807C01B45
:10B7F000B007C02BB807C03BC007C00DC807C01DAD
:10B80000D007C02DD807C03DE007C00FE807C01F14
:10B81000F007C02FF807C03F000800100808081004
:10B82000100808201808083020088010280808127E
:10B830003008082238080832400800114808081467
:10B840005008082458080834600880116808081651
:10B850007008082678080836800808108808081834
:10B860009008082898080838A008080AA808081AA4
:10B87000B008082AB808083AC008080CC808081C0C
:10B88000D008082CD808083CE008080EE808081E74
:10B89000F008082EF808083E0009001408094810AE
:10B8A0001009482018094830200980142809481236
:10B8B000300948223809483240090015480948141F
:10B8C0005009482458094834600980156809481609
:10B8D00070094826780948368009081488094818EC
:10B8E0009009482898094838A009480AA809481A20
:10B8F000B009482AB809483AC009480CC809481C88
:10B90000D009482CD809483CE009480EE809481EEF
:10B91000F009482EF809483E000A0018080A881065
:10B92000100A8820180A8830200A8018280A8812ED
:10B93000300A8822380A8832400A0019480A8814D6
:10B94000500A8824580A8834600A8019680A8816C0
:10B95000700A8826780A8836800A0818880A8818A3
:10B96000900A8828980A8838A00A8818A80A881A8D
:10B97000B00A882AB80A883AC00A880CC80A881C03
:10B98000D00A882CD80A883CE00A880EE80A881E6B
:10B99000F00A882EF80A883E000B001C080BC8101D
:10B9A000100BC820180BC830200B801C280BC812A5
:10B9B000300BC822380BC832400B001D480BC8148E
:10B9C000500BC824580BC834600B801D680BC81678
:10B9D000700BC826780BC836800B081C880BC8185B
:10B9E000900BC828980BC838A00B881CA80BC81A45
:10B9F000B00BC82AB80BC83AC00BC80CC80BC81C7F
:10BA0000D00BC82CD80BC83CE00BC80EE80BC81EE6
:10BA1000F00BC82EF80BC83E000C4010080C0811A3
:10BA2000100C0821180C0831200CC010280C081329
:10BA3000300C0823380C0833400C4011480C081512
:10BA4000500C0825580C0835600CC011680C0817FC
:10BA5000700C0827780C0837800C4810880C0819DF
:10BA6000900C0829980C0839A00CC810A80C081BC9
:10BA7000B00C082BB80C083BC00C080DC80C081DF6
:10BA8000D00C082DD80C083DE00C080FE80C081F5E
:10BA9000F00C082FF80C083F000D4014080D481159
:10BAA000100D4821180D4831200DC014280D4813E1
:10BAB000300D4823380D4833400D4015480D4815CA
:10BAC000500D4825580D4835600DC015680D4817B4
:10BAD000700D4827780D4837800D4814880D481997
:10BAE000900D4829980D4839A00DC814A80D481B81
:10BAF000B00D482BB80D483BC00D4815C80D481D6A
:10BB0000D00D482DD80D483DE00D480FE80D481FD9
:10BB1000F00D482FF80D483F000E4018080E881110
:10BB2000100E8821180E8831200EC018280E881398
:10BB3000300E8823380E8833400E4019480E881581
:10BB4000500E8825580E8835600EC019680E88176B
:10BB5000700E8827780E8837800E4818880E88194E
:10BB6000900E8829980E8839A00EC818A80E881B38
:10BB7000B00E882BB80E883BC00E4819C80E881D21
:10BB8000D00E882DD80E883DE00E880FE80E881F55
:10BB9000F00E882FF80E883F000F401C080FC811C8
:10BBA000100FC821180FC831200FC01C280FC81350
:10BBB000300FC823380FC833400F401D480FC81539
:10BBC000500FC825580FC835600FC01D680FC81723
:10BBD000700FC827780FC837800F481C880FC81906
:10BBE000900FC829980FC839A00FC81CA80FC81BF0
:10BBF000B00FC82BB80FC83BC00F481DC80FC81DD9
:10BC0000D00FC82DD80FC83DE00FC81DE80FC81FC2
:10BC1000F00FC82FF80FC83F0010002008101010B8
:10BC20001010102018101030201080202810101232
:10BC3000301010223810103240100021481010141B
:10BC40005010102458101034601080216810101605
:10BC500070101026781010368010082088101018E8
:10BC60009010102898101038A0108820A810101AD2
:10BC7000B010102AB810103AC0100821C810101CBB
:10BC8000D010102CD810103CE0108821E810101EA5
:10BC9000F010102EF810103E00110024081110248E
:10BCA00010115020181150302011802428115012EA
:10BCB00030115022381150324011002548115014D3
:10BCC00050115024581150346011802568115016BD
:10BCD00070115026781150368011082488115018A0
:10BCE0009011502898115038A0118824A811501A8A
:10BCF000B011502AB811503AC0110825C811501C73
:10BD0000D011502CD811503CE0118825E811501E5C
:10BD1000F011502EF811503E001200280812102881
:10BD200010129020181290302012802828129012A1
:10BD3000301290223812903240120029481290148A
:10BD40005012902458129034601280296812901674
:10BD50007012902678129036801208288812901857
:10BD60009012902898129038A0128828A812901A41
:10BD7000B012902AB812903AC0120829C812901C2A
:10BD8000D012902CD812903CE0128829E812901E14
:10BD9000F012902EF812903E0013002C0813102C75
:10BDA0001013D0201813D0302013802C2813902C7F
:10BDB0003013D0223813D0324013002D4813D01442
:10BDC0005013D0245813D0346013802D6813D0162C
:10BDD0007013D0267813D0368013082C8813D0180F
:10BDE0009013D0289813D038A013882CA813D01AF9
:10BDF000B013D02AB813D03AC013082DC813D01CE2
:10BE0000D013D02CD813D03CE013882DE813D01ECB
:10BE1000F013D02EF813D03E001440200814502008
:10BE200010141021181410312014C0202814D02010
:10BE300030141023381410334014402148141015C6
:10BE400050141025581410356014C02168141017B0
:10BE50007014102778141037801448208814101993
:10BE60009014102998141039A014C820A814101B7D
:10BE7000B014102BB814103BC0144821C814101D66
:10BE8000D014102DD814103DE014C821E814101F50
:10BE9000F014102FF814103F0015402408155024FA
:10BEA00010155021181550312015C0242815D02404
:10BEB000301550233815503340154025481550157E
:10BEC00050155025581550356015C0256815501768
:10BED000701550277815503780154824881550194B
:10BEE0009015502998155039A015C824A815501B35
:10BEF000B015502BB815503BC0154825C815501D1E
:10BF0000D015502DD815503DE015C825E815501F07
:10BF1000F015502FF815503F0016402808165028ED
:10BF200010169021181690312016C0282816D028F7
:10BF30003016902338169033401640294816502961
:10BF400050169025581690356016C029681690171F
:10BF50007016902778169037801648288816901902
:10BF60009016902998169039A016C828A816901BEC
:10BF7000B016902BB816903BC0164829C816901DD5
:10BF8000D016902DD816903DE016C829E816901FBF
:10BF9000F016902FF816903F0017402C0817502CE1
:10BFA0001017D0211817D0312017C02C2817D02CEB
:10BFB0003017D0233817D0334017402D4817502D55
:10BFC0005017D0255817D0356017C02D6817D017D7
:10BFD0007017D0277817D0378017482C8817D019BA
:10BFE0009017D0299817D039A017C82CA817D01BA4
:10BFF000B017D02BB817D03BC017482DC817D01D8D
:10C00000D017D02DD817D03DE017C82DE817D01F76
:10C01000F017D02FF817D03F001800300818103054
:10C020001018182018181830201880302818903050
:10C0300030181822381818324018003148181031BA
:10C040005018182458181834601880316818903126
:10C050007018182678181836801808308818183084
:10C060009018182898181838A0188830A818181A86
:10C07000B018182AB818183AC0180831C818181C6F
:10C08000D018182CD818183CE0188831E818181E59
:10C09000F018182EF818183E00190034081910343A
:10C0A0001019582018195830201980342819903444
:10C0B00030195822381958324019003548191035AE
:10C0C000501958245819583460198035681990351A
:10C0D0007019582678195836801908348819183478
:10C0E0009019582898195838A0198834A819581A3E
:10C0F000B019582AB819583AC0190835C819581C27
:10C10000D019582CD819583CE0198835E819581E10
:10C11000F019582EF819583E001A0038081A10382D
:10C12000101A9820181A9830201A8038281A903837
:10C13000301A9822381A9832401A0039481A1039A1
:10C14000501A9824581A9834601A8039681A90390D
:10C15000701A9826781A9836801A0838881A18386B
:10C16000901A9828981A9838A01A8838A81A9838D7
:10C17000B01A982AB81A983AC01A0839C81A981CDE
:10C18000D01A982CD81A983CE01A8839E81A981EC8
:10C19000F01A982EF81A983E001B003C081B103C21
:10C1A000101BD820181BD830201B803C281B903C2B
:10C1B000301BD822381BD832401B003D481B103D95
:10C1C000501BD824581BD834601B803D681B903D01
:10C1D000701BD826781BD836801B083C881B183C5F
:10C1E000901BD828981BD838A01B883CA81B983CCB
:10C1F000B01BD82AB81BD83AC01B083DC81BD81C96
:10C20000D01BD82CD81BD83CE01B883DE81BD81E7F
:10C21000F01BD82EF81BD83E001C4030081C5030B4
:10C22000101C1821181C1831201CC030281CD030BC
:10C23000301C1823381C1833401C4031481C503126
:10C24000501C1825581C1835601CC031681CD03192
:10C25000701C1827781C1837801C4830881C5830F0
:10C26000901C1829981C1839A01CC830A81CD8305C
:10C27000B01C182BB81C183BC01C4831C81C181D1A
:10C28000D01C182DD81C183DE01CC831E81C181F04
:10C29000F01C182FF81C183F001D4034081D5034A6
:10C2A000101D5821181D5831201DC034281DD034B0
:10C2B000301D5823381D5833401D4035481D50351A
:10C2C000501D5825581D5835601DC035681DD03586
:10C2D000701D5827781D5837801D4834881D5834E4
:10C2E000901D5829981D5839A01DC834A81DD83450
:10C2F000B01D582BB81D583BC01D4835C81D5835BA
:10C30000D01D582DD81D583DE01DC835E81D581FBB
:10C31000F01D582FF81D583F001E4038081E503899
:10C32000101E9821181E9831201EC038281ED038A3
:10C33000301E9823381E9833401E4039481E50390D
:10C34000501E9825581E9835601EC039681ED03979
:10C35000701E9827781E9837801E4838881E5838D7
:10C36000901E9829981E9839A01EC838A81ED83843
:10C37000B01E982BB81E983BC01E4839C81E5839AD
:10C38000D01E982DD81E983DE01EC839E81E981F73
:10C39000F01E982FF81E983F001F403C081F503C8D
:10C3A000101FD821181FD831201FC03C281FD03C97
:10C3B000301FD823381FD833401F403D481F503D01
:10C3C000501FD825581FD835601FC03D681FD03D6D
:10C3D000701FD827781FD837801F483C881F583CCB
:10C3E000901FD829981FD839A01FC83CA81FD83C37
:10C3F000B01FD82BB81FD83BC01F483DC81F583DA1
:10C40000D01FD82DD81FD83DE01FC83DE81FD83D0C
:10C41000F01FD82FF81FD83F0820802010202020A0
:10C420001820203028208028302020223820203258
:10C43000402000214820C0205020202458202034B3
:10C44000602010246820C028702020267820203604
:10C45000882080309020202898202038A020083084
:10C46000A8208038B020202AB820203AC0200821F7
:10C47000C820C030D020202CD820203CE02008311B
:10C48000E820C038F020202EF820203E0021002493
:10C49000082180211021102418216030202120241F
:10C4A0002821802930216022382160324021002556
:10C4B0004821C0215021602458216034602150243B
:10C4C0006821C029702160267821603680210824E7
:10C4D000882180319021602898216038A02108347B
:10C4E000A8218039B021602AB821603AC0210825EE
:10C4F000C821C031D021602CD821603CE021083512
:10C50000E821C039F021602EF821603E0022003081
:10C5100008228030102208301822A030202210304B
:10C52000282288283022A0223822A03240224030FF
:10C530004822C0305022A0245822A034602250301B
:10C540006822C8287022A0267822A03680222030B7
:10C55000882288309022A0289822A038A022183063
:10C56000A8228838B022A02AB822A03AC02260307F
:10C57000C822C830D022A02CD822A03CE0221831FA
:10C58000E822C838F022A02EF822A03E0023003175
:10C5900008238031102308311823E0302023103184
:10C5A00028238829302318313823E03240234031B2
:10C5B0004823C0315023E0245823E0346023503115
:10C5C0006823C8297023E0267823E03680231824C6
:10C5D000882388319023E0289823E038A02318345A
:10C5E000A8238839B023E02AB823E03AC0231825CD
:10C5F000C823C831D023E02CD823E03CE0231835F1
:10C60000E823C839F023E02EF823E03E08248024F4
:10C6100010242024182420312824802C3024103188
:10C6200038242033402400254824C02450242025C9
:10C6300058242035602410256824C02C702420271D
:10C640007824203788248034902420299824203985
:10C65000A0244830A824803CB024202BB824203BC0
:10C66000C0240825C824C034D024202DD824203D3F
:10C67000E0244831E824C03CF024202FF824203F57
:10C680000825802510252025182560312825802D96
:10C6900030255031382560334825C0255025602588
:10C6A000582560356825C02D7025602778256037AE
:10C6B000882580359025602998256039A025483443
:10C6C000A825803DB025602BB825603BC825C03526
:10C6D000D025602DD825603DE0254835E825C03DB2
:10C6E000F025602FF825603F0026003408268034AE
:10C6F000102608341826A031202610342826882C2D
:10C70000302618343826A033402640344826C0341A
:10C71000502648345826A035602650346826C82C48
:10C720007026A0277826A0378026203488268834D3
:10C730009026A0299826A039A0265830A826883C03
:10C74000B026A02BB826A03BC0266034C826C8342B
:10C75000D026A02DD826A03DE0265831E826C83C9A
:10C76000F026A02FF826A03F0027003508278035A7
:10C77000102708351827E031202710352827882D65
:10C78000302718353827E033402740354827C03553
:10C79000502748355827E035602750356827C82D81
:10C7A0007027E0277827E0378027203588278835CD
:10C7B0009027E0299827E039A0275834A827883DFA
:10C7C000B027E02BB827E03BC0276035C827C83525
:10C7D000D027E02DD827E03DE0275835E827C83D91
:10C7E000F027E02FF827E03F08282028102880288D
:10C7F00018282830282890283028882838282832D7
:10C800004028002C4828202C5028802C58282834D8
:10C810006028082C6828D0287028882C782828368A
:10C820008828903098282838A0282830A8289038C0
:10C83000B028282AB828283AC028102CC828D03078
:10C84000D028282CD828283CE028182CE828D038D4
:10C85000F028282EF828283E0029002C0829082C2A
:10C860001029102C182968302029202C28299029DB
:10C870003029D030382968324029402C4829602C92
:10C880005029C02C582968346029482C6829D0299F
:10C890007029C82C782968368029802C8829903105
:10C8A0009029282C98296838A0292834A82990395B
:10C8B000B029682AB829683AC029502CC829D03133
:10C8C000D029682CD829683CE029582CE829D0398F
:10C8D000F029682EF829683E002A0038082A2038F6
:10C8E000102A8038182AA830202A0838282A283800
:10C8F000302A8838382AA832402A003C482A203C6E
:10C90000502A803C582AA834602A083C682A283CCF
:10C91000702A883C782AA836802A1038882A9830CD
:10C92000902A9038982AA838A02A1838A82A983827
:10C93000B02A9838B82AA83AC02A103CC82AD83059
:10C94000D02AA82CD82AA83CE02A183CE82AD838B3
:10C95000F02AA82EF82AA83E002B4038082B603871
:10C96000102BC038182BE830202B4838282B68387B
:10C97000302BC838382BE832402B403C482B603CE9
:10C98000502BC03C582BE834602B483C682B683C4B
:10C99000702BC83C782BE836802B5038882B983188
:10C9A000902BD038982BE838A02B5838A82B9839E2
:10C9B000B02BD838B82BE83AC02B503CC82BD83114
:10C9C000D02BE82CD82BE83CE02B583CE82BD8396E
:10C9D000F02BE82EF82BE83E082C202C102C802C75
:10C9E000182C2831282C902C302C9031382C2833BE
:10C9F000402C002D482C202D502C802D582C2835D3
:10CA0000602C082D682CD02C702C882D782C283781
:10CA1000882C9034982C2839A02C6830A82C903C75
:10CA2000B02C6838B82C283BC02C102DC82CD03422
:10CA3000D02C282DD82C283DE02C182DE82CD03CCB
:10CA4000F02C282FF82C283F082D202D102D802D7C
:10CA5000182D6831282D902D302DD031382D683388
:10CA6000482D602D502DC02D582D6835682DD02DA6
:10CA7000702DC82D782D6837882D9035982D683900
:10CA8000A02D6834A82D903DB02D683CB82D683B92
:10CA9000C82DD035D82D683DE02D6835E82DD03D26
:10CAA000F02D682FF82D683F002E0039082E203910
:10CAB000102E8039182EA831202E0839282E28391A
:10CAC000302E8839382EA833402E003D482E203D88
:10CAD000502E803D582EA835602E083D682E283DEA
:10CAE000702E883D782EA837802E1039882E9834E5
:10CAF000902E9039982EA839A02E1839A82E983C3F
:10CB0000B02E9839B82EA83BC02E103DC82ED83470
:10CB1000D02E903DD82EA83DE02E183DE82ED83CD2
:10CB2000F02EA82FF82EA83F002F4039082F60398B
:10CB3000102FC039182FE831202F4839282F683995
:10CB4000302FC839382FE833402F403D482F603D03
:10CB5000502FC03D582FE835602F483D682F683D65
:10CB6000702FC83D782FE837802F5039882F98359F
:10CB7000902FD039982FE839A02F5839A82F983DF9
:10CB8000B02FD839B82FE83BC02F503DC82FD8352B
:10CB9000D02FD03DD82FE83DE02F583DE82FD83D8D
:10CBA000F02FD83DF82FE83F183030303830303291
:10CBB0004030003148300831503010315830303476
:10CBC0006030203168302831703018347830303699
:10CBD0008830A03098303038A830A038B03088384D
:10CBE000B830303AC0308031C830E030D030903189
:10CBF000D830303CE0308831E830E038F0308839E7
:10CC0000F830303E0031003408310834103110342F
:10CC10001831183420312034283128343031303460
:10CC200038317032403100354831083550311035D7
:10CC300058317034603120356831283570315834BE
:10CC400078317036803180348831A0319031903421
:10CC500098317038A0318834A831A039B031883C7F
:10CC6000B831703AC0318035C831E031D0319035BB
:10CC7000D831703CE0318835E831E039F031883D19
:10CC8000F831703E003200380832803810320838EF
:10CC9000183288382032103828329038303218381C
:10CCA0003832B032403240384832C03850324838DA
:10CCB0005832B034603250386832D0387032583818
:10CCC0007832B036803220388832A0389032283816
:10CCD0009832B038A0323038A832A838B0329838FC
:10CCE000B832B03AC0326038C832E038D032683832
:10CCF000D832B03CE0327038E832E838F032983957
:10CD0000F832B03E00330039083380391033083927
:10CD10001833883920331039283390393033183993
:10CD200038339839403340394833C0395033483963
:10CD30005833F034603350396833D0397033583950
:10CD40007833F036803320398833A039903328394E
:10CD50009833F038A0339834A833A839B033983CCE
:10CD6000B833F03AC0336039C833E039D03368396A
:10CD7000D833F03CE0339835E833E839F033983D68
:10CD8000F833F03E18343034383418394034003534
:10CD90004834083550341035583430356034203537
:10CDA0006834283570341835783430378834A034F6
:10CDB00098343039A834A03CB034C838B834303B4B
:10CDC000C0348035C834E034D0349035D834303D68
:10CDD000E0348835E834E03CF034C839F834303F8A
:10CDE000183530353835583958357035783570370D
:10CDF0008835A03598357039A835A03DB035C83C88
:10CE0000B835703BC835E035D835703DE835E03D84
:10CE1000F035C83DF835703F0036003C0836803CA0
:10CE20001036083C1836883C2036103C2836903C9A
:10CE30003036183C3836983C4036403C4836C03C8A
:10CE40005036483C5836C83C6036503C6836D03C7A
:10CE50007036583C7836B0378036203C8836A03C57
:10CE60009036283C9836B039A036303CA836A83CDD
:10CE7000B036D838B836B03BC036603CC836E03C37
:10CE8000D036683CD836B03DE036703CE836E83CF9
:10CE9000F036D839F836B03F0037003D0837803DCE
:10CEA0001037083D1837883D2037103D2837903D12
:10CEB0003037183D3837983D4037403D4837C03D02
:10CEC0005037483D5837C83D6037503D6837D03DF2
:10CED0007037583D7837F0378037203D8837A03D90
:10CEE0009037283D9837F039A037303DA837A83D16
:10CEF000B037D83CB837F03BC037603DC837E03D6D
:10CF0000D037683DD837F03DE037703DE837E83D31
:10CF1000F037D83DF837F03F383898384038003986
:10CF2000483808395038103958381839603820399D
:10CF300068382839703830397838983CA838B03893
:10CF4000B838383AC0388039C8388839D03890393C
:10CF5000D838383CE038A039E838F038F838383E6E
:10CF6000F038A8390039003C0839083C1039103C29
:10CF70001839183C2039203C2839283C3039303CBD
:10CF80003839383C4039003D4839083D5039103D6A
:10CF90005839183D6039203D6839283D7039303D99
:10CFA0007839D83C8039803C8839883C9039903C2D
:10CFB0009839983CA039A03CA839B039B839783AAA
:10CFC000B039A83CC039803DC839883DD039903D42
:10CFD000D839783CE039A03DE839F039F839783E65
:10CFE000F039A83D083A103A103A203A183A303A47
:10CFF000203A803A283A903A303AA03A383AB03A51
:10D00000403A003B483A103B503A203B583A303BBC
:10D01000603A803B683A903B703AA03B783AB03B2C
:10D02000883AA03A983AB03AA83AB03AC03A083B9F
:10D03000C83A183BD03A283BD83AB83CE03A883B4B
:10D04000E83A983BF03AA83BF83AB83E003B003E3D
:10D05000083B103E103B203E183B303E203B803EBC
:10D06000283B903E303BA03E383BB03E403B003F2B
:10D07000483B103F503B203F583B303F603B803F98
:10D08000683B903F703BA03F783BB03F803B083E01
:10D09000883B183E903B283E983B383EA03B883E5C
:10D0A000A83B983EB03BA83EB83BB83EC03B083FCB
:10D0B000C83B183FD03B283FD83BF83CE03B883F7B
:10D0C000E83B983FF03BA83FF83BF83E383C983CA3
:10D0D000403C003D483C083D503C103D583C183D0C
:10D0E000603C203D683C283D703C303D783C983D9C
:10D0F000A83CB03CB83CB03EC03C803DC83C883DFC
:10D10000D03C903DD83C383DE03CA03DE83CF03C74
:10D11000F03CA83DF83C383F383D983D783DD83D3F
:10D12000A83DB03DB83DB03FE83DF03D083E803EF3
:10D13000F83D783F103E803E183E883E203E803EBF
:10D14000283E903E303E883E383E983E403E003F6E
:10D15000483E203F503E803F583EA03F603E083F43
:10D16000683E283F703E883F783EA83F883EA03EFC
:10D17000983EA83EC03E103FA83EB03EC83E303F5D
:10D18000D03E903FD83EB03FE03E183FE83E383FAB
:10D19000F03E983F083F803FF83EB83F103F803F49
:10D1A000183F883F203F803F283F903F303F883FD7
:10D1B000383F983F483F503F503F603F583F703F97
:10D1C000603FC03F683FD03F703FE03F783FF03F57
:10D1D000883FA03F983FA83FA83FB03FD83FF03FCF
:10D1E000C83FE03FE83FF03F0800000210000004A5
:10D1F00018000006200040002800400230004004D3
:10D200003800400640008000480080025000800442
:10D21000580080066000C0006800C0027000C004B2
:10D220007800C0068000000188000003900000051F
:10D2300098000007A0004001A8004003B00040058E
:10D24000B8004007C0008001C8008003D0008005FE
:10D25000D8008007E000C001E800C003F000C0056E
:10D26000F800C007000100020801080210010804CC
:10D2700018010806200180022801480230014804F4
:10D280003801480640010003480188025001880423
:10D2900058018806600180036801C8027001C80453
:10D2A0007801C8068001080288010803900108057A
:10D2B00098010807A0018802A8014803B0014805A9
:10D2C000B8014807C0010803C8018803D0018805D8
:10D2D000D8018807E0018803E801C803F001C80508
:10D2E000F801C8070802100200020004100210042E
:10D2F0001802100620028004280250023002500456
:10D300003802500640020005480290025002900484
:10D3100058029006600280056802D0027002D004B4
:10D320007802D006800208048802100390021005DB
:10D3300098021007A0028804A8025003B00250050A
:10D34000B8025007C0020805C8029003D002900539
:10D35000D8029007E0028805E802D003F002D00569
:10D36000F802D00700030006080310061003180493
:10D37000180318062003800628039006300358047B
:10D380003803580640030007480310075003980469
:10D390005803980660038007680390077003D80459
:10D3A0007803D8068003080688031806900318053A
:10D3B00098031807A0038806A8039806B003580529
:10D3C000B8035807C0030807C8031807D003980517
:10D3D000D8039807E0038807E8039807F003D80507
:10D3E000F803D80708048004100420041804200659
:10D3F00028048005300460043804600640040006F8
:10D40000480488045004A0045804A00660041006D0
:10D41000680488057004E0047804E0068804800647
:10D420009004200598042007A0040806A80480079B
:10D43000B0046005B8046007C0042006C80488066C
:10D44000D004A005D804A007E0041806E804880763
:10D45000F004E005F804E007080520051005800544
:10D460001805280628059005300588053805680642
:10D470004005000748052007500580075805A80605
:10D480006005080768059805700588077805E806AF
:10D490008805900698052807A0052806A805900786
:10D4A000B0052807B8056807C0051007C805980625
:10D4B000D0059007D805A807E0051807E8059807E4
:10D4C000F0059807F805E8071806300638067006D4
:10D4D0004006000748068007500608075806B006B1
:10D4E0006006100768069007700618077806F006B1
:10D4F0008806A00698063007A806A007B006880789
:10D50000B8067007C0062007C806A007D00628077F
:10D51000D806B007E0063007E806A807F006980727
:10D52000F806F007480750073807980750076007C4
:10D53000580770076007C0076807D0077807F0072B
:10D540007007E007B807F007A807B007D807F0078B
:10D55000C807E007E807F007080040001000800057
:10D560001800C0002000400028004800300088005B
:10D570003800C80040008000480050005800D0002B
:10D58000500090006000C0006800D000700098005B
:10D590007800D8008800C0009000A000A800D0004B
:10D5A0009800E000B000D000B800E800D800F0001B
:10D5B000C800E000E800F0000800001010000020A3
:10D5C00018000030200000402800005030000060AB
:10D5D0003800007040000002480000125000002295
:10D5E0005800003260000042680000527000006283
:10D5F000780000728000000488000014900000246D
:10D6000098000034A0000044A8000054B00000645A
:10D61000B8000074C0000006C8000016D000002644
:10D62000D8000036E0000046E8000056F000006632
:10D63000F800007600010008080100181001002819
:10D640001801003820010048280100583001006806
:10D65000380100784001000A4801001A5001002AF0
:10D660005801003A6001004A6801005A7001006ADE
:10D670007801007A8001000C8801001C9001002CC8
:10D680009801003CA001004CA801005CB001006CB6
:10D69000B801007CC001000EC801001ED001002EA0
:10D6A000D801003EE001004EE801005EF001006E8E
:10D6B000F801007E0802401010024020180240309D
:10D6C0002002404028024050300240603802407042
:10D6D000480240125002402258024032600240424A
:10D6E0006802405270024062780240728002400438
:10D6F000880240149002402498024034A002404422
:10D70000A8024054B0024064B8024074C00240060F
:10D71000C8024016D0024026D8024036E0024046F9
:10D72000E8024056F0024066F802407600034008E6
:10D7300008034018100340281803403820034048CD
:10D740002803405830034068380340784003400ABB
:10D750004803401A5003402A5803403A6003404AA5
:10D760006803405A7003406A7803407A8003400C93
:10D770008803401C9003402C9803403CA003404C7D
:10D78000A803405CB003406CB803407CC003400E6B
:10D79000C803401ED003402ED803403EE003404E55
:10D7A000E803405EF003406EF803407E08048010FA
:10D7B0001004802018048030200480402804805009
:10D7C0003004806038048070480480125004802245
:10D7D0005804803260048042680480527004806281
:10D7E0007804807288048014900480249804803423
:10D7F000A0048044A8048054B0048064B8048074F9
:10D80000C0048006C8048016D0048026D804803660
:10D81000E0048046E8048056F0048066F8048076D0
:10D820000005800808058018100580281805803834
:10D8300020058048280580583005806838058078A4
:10D840004005800A4805801A5005802A5805803A0C
:10D850006005804A6805805A7005806A7805807A7C
:10D860008005800C8805801C9005802C9805803CE4
:10D87000A005804CA805805CB005806CB805807C54
:10D88000C005800EC805801ED005802ED805803EBC
:10D89000E005804EE805805EF005806EF805807E2C
:10D8A0000806C0101006C0201806C0302006C04070
:10D8B0002806C0503006C0603806C0704806C01246
:10D8C0005006C0225806C0326006C0426806C052E8
:10D8D0007006C0627806C0728806C0149006C02424
:10D8E0009806C034A006C044A806C054B006C06460
:10D8F000B806C074C806C016D006C026D806C03602
:10D90000E006C046E806C056F006C066F806C076D7
:10D910000007C0080807C0181007C0281807C0383B
:10D920002007C0482807C0583007C0683807C078AB
:10D930004007C00A4807C01A5007C02A5807C03A13
:10D940006007C04A6807C05A7007C06A7807C07A83
:10D950008007C00C8807C01C9007C02C9807C03CEB
:10D96000A007C04CA807C05CB007C06CB807C07C5B
:10D97000C007C00EC807C01ED007C02ED807C03EC3
:10D98000E007C04EE807C05EF007C06EF807C07E33
:10D990000808001110080021180800312008004173
:10D9A0002808005130080061380800714808001349
:10D9B00050080023580800336008004368080053EB
:10D9C0007008006378080073880800159008002527
:10D9D00098080035A0080045A8080055B008006563
:10D9E000B8080075C8080017D0080027D808003705
:10D9F000E0080047E8080057F0080067F8080077DB
:10DA000008090019100900291809003920090049DE
:10DA10002809005930090069380900794009000BCC
:10DA20004809001B5009002B5809003B6009004BB6
:10DA30006809005B7009006B7809007B8009000DA4
:10DA40008809001D9009002D9809003DA009004D8E
:10DA5000A809005DB009006DB809007DC009000F7C
:10DA6000C809001FD009002FD809003FE009004F66
:10DA7000E809005FF009006FF809007F080A40110B
:10DA8000100A4021180A4031200A4041280A40511A
:10DA9000300A4061380A4071480A4013500A402356
:10DAA000580A4033600A4043680A4053700A406392
:10DAB000780A4073880A4015900A4025980A403534
:10DAC000A00A4045A80A4055B00A4065B80A40750A
:10DAD000C80A4017D00A4027D80A4037E00A404712
:10DAE000E80A4057F00A4067F80A4077080B4019E7
:10DAF000100B4029180B4039200B4049280B405986
:10DB0000300B4069380B4079480B401B500B402BC1
:10DB1000580B403B600B404B680B405B700B406BFD
:10DB2000780B407B800B400D880B401D900B402DE7
:10DB3000980B403DA00B404DA80B405DB00B406DD5
:10DB4000B80B407DC00B400FC80B401FD00B402FBF
:10DB5000D80B403FE00B404FE80B405FF00B406FAD
:10DB6000F80B407F080C8011100C8021180C8031BC
:10DB7000200C8041280C8051300C8061380C807161
:10DB8000480C8013500C8023580C8033600C804369
:10DB9000680C8053700C8063780C8073880C80153F
:10DBA000900C8025980C8035A00C8045A80C8055E1
:10DBB000B00C8065B80C8075C80C8017D00C80271D
:10DBC000D80C8037E00C8047E80C8057F00C806759
:10DBD000F80C8077080D8019100D8029180D8039F8
:10DBE000200D8049280D8059300D8069380D8079CD
:10DBF000480D801B500D802B580D803B600D804BD5
:10DC0000680D805B700D806B780D807B880D801DAA
:10DC1000900D802D980D803DA00D804DA80D805D4C
:10DC2000B00D806DB80D807DC00D800FC80D801FB8
:10DC3000D00D802FD80D803FE00D804FE80D805F24
:10DC4000F00D806FF80D807F080EC011100EC021FE
:10DC5000180EC031200EC041280EC051300EC061D8
:10DC6000380EC071480EC013500EC023580EC0337A
:10DC7000600EC043680EC053700EC063780EC07350
:10DC8000880EC015900EC025980EC035A00EC04558
:10DC9000A80EC055B00EC065B80EC075C80EC0172E
:10DCA000D00EC027D80EC037E00EC047E80EC057D0
:10DCB000F00EC067F80EC077080FC019100FC0290A
:10DCC000180FC039200FC049280FC059300FC06944
:10DCD000380FC079480FC01B500FC02B580FC03BE6
:10DCE000600FC04B680FC05B700FC06B780FC07BBC
:10DCF000880FC01D900FC02D980FC03DA00FC04DC4
:10DD0000A80FC05DB00FC06DB80FC07DC80FC01F99
:10DD1000D00FC02FD80FC03FE00FC04FE80FC05F3B
:10DD2000F00FC06FF80FC07F1010082018100830D7
:10DD30002010084028100850301008603810087073
:10DD4000481008125010082258100832601008427B
:10DD50006810085270100862781008728810081451
:10DD60009010082498100834A0100844A8100854F3
:10DD7000B0100864B8100874C8100816D01008262F
:10DD8000D8100836E0100846E8100856F01008666B
:10DD9000F81008760811081810110828181108380A
:10DDA00020110848281108583011086838110878DF
:10DDB0004811081A5011082A5811083A6011084AE7
:10DDC0006811085A7011086A7811087A8811081CBD
:10DDD0009011082C9811083CA011084CA811085C5F
:10DDE000B011086CB811087CC811081ED011082E9B
:10DDF000D811083EE011084EE811085EF011086ED7
:10DE0000F811087E1012482018124830201248409D
:10DE10002812485030124860381248705012482278
:10DE200058124832601248426812485270124862D2
:10DE30007812487288124814901248249812483474
:10DE4000A0124844A8124854B0124864B81248744A
:10DE5000C8124816D0124826D8124836E012484652
:10DE6000E8124856F0124866F81248760813481827
:10DE700010134828181348382013484828134858C6
:10DE800030134868381348784813481A5013482A02
:10DE90005813483A6013484A6813485A7013486A3E
:10DEA0007813487A8813481C9013482C9813483CE0
:10DEB000A013484CA813485CB013486CB813487CB6
:10DEC000C813481ED013482ED813483EE013484EBE
:10DED000E813485EF013486EF813487E101488204B
:10DEE0001814883020148840281488503014886012
:10DEF000381488705014882258148832601488426C
:10DF00006814885270148862781488729014882477
:10DF100098148834A0148844A8148854B0148864D1
:10DF2000B8148874C8148816D0148826D814883673
:10DF3000E0148846E8148856F0148866F814887649
:10DF4000081588181015882818158838201588484D
:10DF50002815885830158868381588784815881A23
:10DF60005015882A5815883A6015884A6815885AC5
:10DF70007015886A7815887A8815881C9015882C01
:10DF80009815883CA015884CA815885CB015886C3D
:10DF9000B815887CC815881ED015882ED815883EDF
:10DFA000E015884EE815885EF015886EF815887EB5
:10DFB0001016C8201816C8302016C8402816C85099
:10DFC0003016C8603816C8705016C8225816C832A5
:10DFD0006016C8426816C8527016C8627816C872B1
:10DFE0009016C8249816C834A016C844A816C85459
:10DFF000B016C864B816C874D016C826D816C83665
:10E00000E016C846E816C856F016C866F816C87670
:10E010000817C8181017C8281817C8382017C84874
:10E020002817C8583017C8683817C8784817C81A4A
:10E030005017C82A5817C83A6017C84A6817C85AEC
:10E040007017C86A7817C87A8817C81C9017C82C28
:10E050009817C83CA017C84CA817C85CB017C86C64
:10E06000B817C87CC817C81ED017C82ED817C83E06
:10E07000E017C84EE817C85EF017C86EF817C87EDC
:10E0800010180821181808312018084128180851BC
:10E0900030180861381808715018082358180833C8
:10E0A00060180843681808537018086378180873D4
:10E0B0009018082598180835A0180845A81808557C
:10E0C000B0180865B8180875D0180827D818083788
:10E0D000E0180847E8180857F0180867F818087794
:10E0E0001019082918190839201908492819085938
:10E0F00030190869381908794819081B5019082B74
:10E100005819083B6019084B6819085B7019086BAF
:10E110007819087B8819081D9019082D9819083D51
:10E12000A019084DA819085DB019086DB819087D27
:10E13000C819081FD019082FD819083FE019084F2F
:10E14000E819085FF019086FF819087F101A4821BC
:10E15000181A4831201A4841281A4851301A486183
:10E16000381A4871501A4823581A4833601A4843DD
:10E17000681A4853701A4863781A4873901A4825E9
:10E18000981A4835A01A4845A81A4855B01A486543
:10E19000B81A4875D01A4827D81A4837E01A48479D
:10E1A000E81A4857F01A4867F81A4877101B4829A8
:10E1B000181B4839201B4849281B4859301B4869FF
:10E1C000381B4879501B482B581B483B601B484B59
:10E1D000681B485B701B486B781B487B881B481D7D
:10E1E000901B482D981B483DA01B484DA81B485D1F
:10E1F000B01B486DB81B487DC81B481FD01B482F5B
:10E20000D81B483FE01B484FE81B485FF01B486F96
:10E21000F81B487F101C8821181C8831201C88415D
:10E22000281C8851301C8861381C8871501C882338
:10E23000581C8833601C8843681C8853701C886392
:10E24000781C8873901C8825981C8835A01C8845EC
:10E25000A81C8855B01C8865B81C8875D01C8827F8
:10E26000D81C8837E01C8847E81C8857F01C886752
:10E27000F81C8877101D8829181D8839201D8849A9
:10E28000281D8859301D8869381D8879501D882BB4
:10E29000581D883B601D884B681D885B701D886B0E
:10E2A000781D887B901D882D981D883DA01D884D68
:10E2B000A81D885DB01D886DB81D887DC81D881F8C
:10E2C000D01D882FD81D883FE01D884FE81D885F2E
:10E2D000F01D886FF81D887F101EC821181EC831D8
:10E2E000201EC841281EC851301EC861381EC87182
:10E2F000501EC823581EC833601EC843681EC8532A
:10E30000701EC863781EC873901EC825981EC83535
:10E31000A01EC845A81EC855B01EC865B81EC87541
:10E32000D01EC827D81EC837E01EC847E81EC857E9
:10E33000F01EC867F81EC877101FC829181FC839F3
:10E34000201FC849281FC859301FC869381FC879FD
:10E35000501FC82B581FC83B601FC84B681FC85BA5
:10E36000701FC86B781FC87B901FC82D981FC83DB1
:10E37000A01FC84DA81FC85DB01FC86DB81FC87DBD
:10E38000D01FC82FD81FC83FE01FC84FE81FC85F65
:10E39000F01FC86FF81FC87F1820103020201040D1
:10E3A000282010503020106038201070502010228B
:10E3B00058201032602010426820105270201062E5
:10E3C000782010729020102498201034A02010443F
:10E3D000A8201054B0201064B8201074D02010264B
:10E3E000D8201036E0201046E8201056F0201066A5
:10E3F000F8201076102110281821103820211048FC
:10E400002821105830211068382110785021102A06
:10E410005821103A6021104A6821105A7021106A60
:10E420007821107A9021102C9821103CA021104CBA
:10E43000A821105CB021106CB821107CD021102EC6
:10E44000D821103EE021104EE821105EF021106E20
:10E45000F821107E1822503020225040282250509F
:10E460003022506038225070582250326022504280
:10E4700068225052702250627822507290225024AA
:10E4800098225034A0225044A8225054B022506404
:10E49000B8225074D0225026D8225036E02250465E
:10E4A000E8225056F0225066F82250761023502869
:10E4B00018235038202350482823505830235068C0
:10E4C000382350785023502A5823503A6023504A1A
:10E4D0006823505A7023506A7823507A9023502C26
:10E4E0009823503CA023504CA823505CB023506C80
:10E4F000B823507CD023502ED823503EE023504EDA
:10E50000E823505EF023506EF823507E182490309C
:10E51000202490402824905030249060382490701B
:10E520005824903260249042682490527024906263
:10E530007824907298249034A0249044A824905475
:10E54000B0249064B8249074D0249026D8249036B7
:10E55000E0249046E8249056F0249066F8249076C3
:10E560001025902818259038202590482825905867
:10E5700030259068382590785025902A5825903A73
:10E580006025904A6825905A7025906A7825907A7F
:10E590009025902C9825903CA025904CA825905C27
:10E5A000B025906CB825907CD025902ED825903E33
:10E5B000E025904EE825905EF025906EF825907E3F
:10E5C0001826D0302026D0402826D0503026D060C3
:10E5D0003826D0705826D0326026D0426826D052D5
:10E5E0007026D0627826D0729826D034A026D044E7
:10E5F000A826D054B026D064B826D074D826D036F9
:10E60000E026D046E826D056F026D066F826D0760A
:10E610001027D0281827D0382027D0482827D058AE
:10E620003027D0683827D0785027D02A5827D03ABA
:10E630006027D04A6827D05A7027D06A7827D07AC6
:10E640009027D02C9827D03CA027D04CA827D05C6E
:10E65000B027D06CB827D07CD027D02ED827D03E7A
:10E66000E027D04EE827D05EF027D06EF827D07E86
:10E670001828103120281041282810513028106106
:10E680003828107158281033602810436828105318
:10E69000702810637828107398281035A02810452A
:10E6A000A8281055B0281065B8281075D82810373C
:10E6B000E0281047E8281057F0281067F82810774E
:10E6C0001829103920291049282910593029106992
:10E6D000382910795029102B5829103B6029104BEC
:10E6E0006829105B7029106B7829107B9029102DF8
:10E6F0009829103DA029104DA829105DB029106D52
:10E70000B829107DD029102FD829103FE029104FAB
:10E71000E829105FF029106FF829107F182A50316E
:10E72000202A5041282A5051302A5061382A5071ED
:10E73000582A5033602A5043682A5053702A506335
:10E74000782A5073982A5035A02A5045A82A505547
:10E75000B02A5065B82A5075D82A5037E02A504759
:10E76000E82A5057F02A5067F82A5077182B50396A
:10E77000202B5049282B5059302B5069382B507979
:10E78000582B503B602B504B682B505B702B506BC1
:10E79000782B507B902B502D982B503DA02B504D1B
:10E7A000A82B505DB02B506DB82B507DD02B502F27
:10E7B000D82B503FE02B504FE82B505FF02B506F81
:10E7C000F82B507F182C9031202C9041282C905100
:10E7D000302C9061382C9071582C9033602C9043E1
:10E7E000682C9053702C9063782C9073982C9035F3
:10E7F000A02C9045A82C9055B02C9065B82C907505
:10E80000D82C9037E02C9047E82C9057F02C90674C
:10E81000F82C9077182D9039202D9049282D90595B
:10E82000302D9069382D9079582D903B602D904B6C
:10E83000682D905B702D906B782D907B982D903D7E
:10E84000A02D904DA82D905DB02D906DB82D907D90
:10E85000D02D902FD82D903FE02D904FE82D905F38
:10E86000F02D906FF82D907F182ED031202ED041B2
:10E87000282ED051302ED061382ED071582ED03362
:10E88000602ED043682ED053702ED063782ED07374
:10E89000982ED035A02ED045A82ED055B02ED065BC
:10E8A000B82ED075D82ED037E02ED047E82ED057CE
:10E8B000F02ED067F82ED077182FD039202FD049DE
:10E8C000282FD059302FD069382FD079582FD03BEE
:10E8D000602FD04B682FD05B702FD06B782FD07B00
:10E8E000982FD03DA02FD04DA82FD05DB02FD06D48
:10E8F000B82FD07DD82FD03FE02FD04FE82FD05F5A
:10E90000F02FD06FF82FD07F2030184028301850CB
:10E910003030186038301870583018326030184273
:10E920006830185270301862783018729830183485
:10E93000A0301844A8301854B0301864B830187497
:10E94000D8301836E0301846E8301856F0301866DF
:10E95000F8301876183118382031184828311858EE
:10E9600030311868383118785831183A6031184AFF
:10E970006831185A7031186A7831187A9831183C11
:10E98000A031184CA831185CB031186CB831187C23
:10E99000D831183EE031184EE831185EF031186E6B
:10E9A000F831187E203258402832585030325860A2
:10E9B0003832587060325842683258527032586259
:10E9C0007832587298325834A0325844A832585489
:10E9D000B0325864B8325874D8325836E03258469B
:10E9E000E8325856F0325866F832587618335838AC
:10E9F00020335848283358583033586838335878BB
:10EA00005833583A6033584A6833585A7033586A02
:10EA10007833587A9833583CA033584CA833585C14
:10EA2000B033586CB833587CD833583EE033584E26
:10EA3000E833585EF033586EF833587E20349840EF
:10EA40002834985030349860383498706034984244
:10EA5000683498527034986278349872A03498442C
:10EA6000A8349854B0349864B8349874D83498362C
:10EA7000E0349846E8349856F0349866F83498763E
:10EA80001835983820359848283598583035986882
:10EA9000383598785835983A6035984A6835985A94
:10EAA0007035986A7835987A9835983CA035984CA6
:10EAB000A835985CB035986CB835987CD835983EB8
:10EAC000E035984EE835985EF035986EF835987ECA
:10EAD0002036D8402836D8503036D8603836D870EE
:10EAE0006036D8426836D8527036D8627836D872D6
:10EAF000A036D844A836D854B036D864B836D874BE
:10EB0000E036D846E836D856F036D866F836D876A5
:10EB10001837D8382037D8482837D8583037D868E9
:10EB20003837D8785837D83A6037D84A6837D85AFB
:10EB30007037D86A7837D87A9837D83CA037D84C0D
:10EB4000A837D85CB037D86CB837D87CD837D83E1F
:10EB5000E037D84EE837D85EF037D86EF837D87E31
:10EB60002038184128381851303818613838187151
:10EB70006038184368381853703818637838187339
:10EB8000A0381845A8381855B0381865B838187521
:10EB9000E0381847E8381857F0381867F838187709
:10EBA00020391849283918593039186938391879ED
:10EBB0005839183B6039184B6839185B7039186B35
:10EBC0007839187B9839183DA039184DA839185D47
:10EBD000B039186DB839187DD839183FE039184F59
:10EBE000E839185FF039186FF839187F203A584122
:10EBF000283A5851303A5861383A5871603A584377
:10EC0000683A5853703A5863783A5873A03A58455E
:10EC1000A83A5855B03A5865B83A5875E03A584746
:10EC2000E83A5857F03A5867F83A5877203B58492D
:10EC3000283B5859303B5869383B5879603B584B12
:10EC4000683B585B703B586B783B587B983B583D12
:10EC5000A03B584DA83B585DB03B586DB83B587D24
:10EC6000D83B583FE03B584FE83B585FF03B586F6C
:10EC7000F83B587F203C9841283C9851303C9861A3
:10EC8000383C9871603C9843683C9853703C98635A
:10EC9000783C9873A03C9845A83C9855B03C986542
:10ECA000B83C9875E03C9847E83C9857F03C98672A
:10ECB000F83C9877203D9849283D9859303D98690F
:10ECC000383D9879603D984B683D985B703D986BF6
:10ECD000783D987BA03D984DA83D985DB03D986DDE
:10ECE000B83D987DD83D983FE03D984FE83D985F0E
:10ECF000F03D986FF83D987F203ED841283ED8518E
:10ED0000303ED861383ED871603ED843683ED85313
:10ED1000703ED863783ED873A03ED845A83ED855FB
:10ED2000B03ED865B83ED875E03ED847E83ED857E3
:10ED3000F03ED867F83ED877203FD849283FD859C9
:10ED4000303FD869383FD879603FD84B683FD85BAF
:10ED5000703FD86B783FD87BA03FD84DA83FD85D97
:10ED6000B03FD86DB83FD87DE03FD84FE83FD85F7F
:10ED7000F03FD86FF83FD87F2840205030402060C7
:10ED8000384020706040204268402052704020622D
:10ED900078402072A0402044A8402054B040206415
:10EDA000B8402074E0402046E8402056F0402066FD
:10EDB000F8402076204120482841205830412068E2
:10EDC000384120786041204A6841205A7041206AC9
:10EDD0007841207AA041204CA841205CB041206CB1
:10EDE000B841207CE041204EE841205EF041206E99
:10EDF000F841207E284260503042606038426070A6
:10EE0000684260527042606278426072A042604420
:10EE1000A8426054B0426064B8426074E042604608
:10EE2000E8426056F0426066F842607620436048EF
:10EE30002843605830436068384360786043604AD4
:10EE40006843605A7043606A7843607AA043604CBC
:10EE5000A843605CB043606CB843607CE043604EA4
:10EE6000E843605EF043606EF843607E2844A05043
:10EE70003044A0603844A0706844A0527044A0623E
:10EE80007844A072A844A054B044A064B844A074CC
:10EE9000E044A046E844A056F044A066F844A076BA
:10EEA0002045A0482845A0583045A0683845A0789E
:10EEB0006045A04A6845A05A7045A06A7845A07A86
:10EEC000A045A04CA845A05CB045A06CB845A07C6E
:10EED000E045A04EE845A05EF045A06EF845A07E56
:10EEE0002846E0503046E0603846E0706846E05220
:10EEF0007046E0627846E072A846E054B046E064AE
:10EF0000B846E074E846E056F046E066F846E0763B
:10EF10002047E0482847E0583047E0683847E07825
:10EF20006047E04A6847E05A7047E06A7847E07A0D
:10EF3000A047E04CA847E05CB047E06CB847E07CF5
:10EF4000E047E04EE847E05EF047E06EF847E07EDD
:10EF500028482051304820613848207168482053A3
:10EF60007048206378482073A8482055B048206531
:10EF7000B8482075E8482057F0482067F8482077BF
:10EF80002849205930492069384920796049204B67
:10EF90006849205B7049206B7849207BA049204D4F
:10EFA000A849205DB049206DB849207DE049204F37
:10EFB000E849205FF049206FF849207F284A6051D6
:10EFC000304A6061384A6071684A6053704A6063D1
:10EFD000784A6073A84A6055B04A6065B84A60755F
:10EFE000E84A6057F04A6067F84A6077284B6059F2
:10EFF000304B6069384B6079684B605B704B606B7D
:10F00000784B607BA04B604DA84B605DB04B606D52
:10F01000B84B607DE04B604FE84B605FF04B606F3A
:10F02000F84B607F284CA051304CA061384CA07147
:10F03000684CA053704CA063784CA073A84CA055AA
:10F04000B04CA065B84CA075E84CA057F04CA06738
:10F05000F84CA077284DA059304DA069384DA079C3
:10F06000684DA05B704DA06B784DA07BA84DA05D56
:10F07000B04DA06DB84DA07DE04DA04FE84DA05F14
:10F08000F04DA06FF84DA07F284EE051304EE0616A
:10F09000384EE071684EE053704EE063784EE07396
:10F0A000A84EE055B04EE065B84EE075E84EE0572A
:10F0B000F04EE067F84EE077284FE059304FE069B6
:10F0C000384FE079684FE05B704FE06B784FE07B42
:10F0D000A84FE05DB04FE06DB84FE07DE84FE05FD6
:10F0E000F04FE06FF84FE07F3050286038502870C4
:10F0F000685028527050286278502872A8502854BE
:10F10000B0502864B8502874E8502856F05028664B
:10F11000F8502876285128583051286838512878D6
:10F120006851285A7051286A7851287AA851285C69
:10F13000B051286CB851287CE851285EF051286EF7
:10F14000F851287E30526860385268707052686298
:10F1500078526872A8526854B0526864B8526874A1
:10F16000E8526856F0526866F85268762853685834
:10F1700030536868385368786853685A7053686ABF
:10F180007853687AA853685CB053686CB853687C4D
:10F19000E853685EF053686EF853687E3054A86098
:10F1A0003854A8707054A8627854A872B054A864F7
:10F1B000B854A874E854A856F054A866F854A87631
:10F1C0002855A8583055A8683855A8786855A85AC1
:10F1D0007055A86A7855A87AA855A85CB055A86C4F
:10F1E000B855A87CE855A85EF055A86EF855A87EDD
:10F1F0003056E8603856E8707056E8627856E87223
:10F20000B056E864B856E874F056E866F856E87602
:10F210002857E8583057E8683857E8786857E85A68
:10F220007057E86A7857E87AA857E85CB057E86CF6
:10F23000B857E87CE857E85EF057E86EF857E87E84
:10F2400030582861385828717058286378582873C6
:10F25000B0582865B8582875F0582867F8582877A6
:10F2600030592869385928796859285B7059286BB2
:10F270007859287BA859285DB059286DB859287D40
:10F28000E859285FF059286FF859287F305A68618B
:10F29000385A6871705A6863785A6873B05A6865EA
:10F2A000B85A6875F05A6867F85A6877305B6869C9
:10F2B000385B6879705B686B785B687BA85B685DBE
:10F2C000B05B686DB85B687DE85B685FF05B686F3A
:10F2D000F85B687F305CA861385CA871705CA863DB
:10F2E000785CA873B05CA865B85CA875F05CA8678A
:10F2F000F85CA877305DA869385DA879705DA86B67
:10F30000785DA87BB05DA86DB85DA87DE85DA85F5D
:10F31000F05DA86FF85DA87F305EE861385EE87147
:10F32000705EE863785EE873B05EE865B85EE875C5
:10F33000F05EE867F85EE877305FE869385FE879A3
:10F34000705FE86B785FE87BB05FE86DB85FE87D81
:10F35000F05FE86FF85FE87F3860307070603062AF
:10F3600078603072B0603064B8603074F0603066DD
:10F37000F860307630613068386130787061306ABA
:10F380007861307AB061306CB861307CF061306E99
:10F39000F861307E3862707078627072B06270644A
:10F3A000B8627074F0627066F8627076306370688C
:10F3B000386370787063706A7863707AB063706C69
:10F3C000B863707CF063706EF863707E3864B07000
:10F3D0007864B072B864B074F064B066F864B07603
:10F3E0003065B0683865B0787065B06A7865B07AB5
:10F3F000B065B06CB865B07CF065B06EF865B07E95
:10F400003866F0707866F072B866F074F866F07678
:10F410003067F0683867F0787067F06A7867F07A7C
:10F42000B067F06CB867F07CF067F06EF867F07E5C
:10F430003868307178683073B8683075F86830773C
:10F44000386930797069306B7869307BB069306DBC
:10F45000B869307DF069306FF869307F386A707153
:10F46000786A7073B86A7075F86A7077386B7079FB
:10F47000786B707BB06B706DB86B707DF06B706F7C
:10F48000F86B707F386CB071786CB073B86CB07515
:10F49000F86CB077386DB079786DB07BB86DB07DB1
:10F4A000F06DB06FF86DB07F386EF071786EF073FC
:10F4B000B86EF075F86EF077386FF079786FF07B92
:10F4C000B86FF07DF86FF07F78703872B87038746C
:10F4D000F8703876387138787871387AB871387C45
:10F4E000F871387EB8727874F872787638737878F4
:10F4F0007873787AB873787CF873787EF874B87615
:10F500003875B8787875B87AB875B87CF875B87EFB
:10F510003877F8787877F87AB877F87CF877F87EE3
:10F520007879387BB879387DF879387FB87B787D01
:10F53000F87B787FF87DB87F080000021000000497
:10F5400018000006200000082800000A3000000C07
:10F550003800000E480040025000400458004006A9
:10F56000600040086800400A7000400C7800400EBF
:10F57000880080029000800498008006A000800827
:10F58000A800800AB000800CB800800EC800C0023D
:10F59000D000C004D800C006E000C008E800C00ADF
:10F5A000F000C00CF800C00E0801000310010005B7
:10F5B00018010007200100092801000B3001000D8F
:10F5C0003801000F48014003500140055801400731
:10F5D000600140096801400B7001400D7801400F47
:10F5E000880180039001800598018007A0018009AF
:10F5F000A801800BB001800DB801800FC801C003C5
:10F60000D001C005D801C007E001C009E801C00B66
:10F61000F001C00DF801C00F10020804180208061E
:10F62000200208082802080A3002080C3802080ED6
:10F630005002480458024806600248086802480A16
:10F640007002480C7802480E9002880498028806DE
:10F65000A0028808A802880AB002880CB802880EA6
:10F66000D002C804D802C806E002C808E802C80AE6
:10F67000F002C80CF802C80E1003080518030807AA
:10F68000200308092803080B3003080D3803080F6E
:10F690005003480558034807600348096803480BAE
:10F6A0007003480D7803480F900388059803880776
:10F6B000A0038809A803880BB003880DB803880F3E
:10F6C000D003C805D803C807E003C809E803C80B7E
:10F6D000F003C80DF803C80F180410062004100822
:10F6E0002804100A3004100C3804100E5804500678
:10F6F000600450086804500A7004500C7804500EDE
:10F7000098049006A0049008A804900AB004900CF5
:10F71000B804900ED804D006E004D008E804D00A5B
:10F72000F004D00CF804D00E1805100720051009BD
:10F730002805100B3005100D3805100F580550071F
:10F74000600550096805500B7005500D7805500F85
:10F7500098059007A0059009A805900BB005900D9D
:10F76000B805900FD805D007E005D009E805D00B03
:10F77000F005D00DF805D00F200618082806180A45
:10F780003006180C3806180E600658086806580A25
:10F790007006580C7806580EA0069808A806980A15
:10F7A000B006980CB806980EE006D808E806D80A05
:10F7B000F006D80CF806D80E200718092807180BF1
:10F7C0003007180D3807180F600758096807580BDD
:10F7D0007007580D7807580FA0079809A807980BCD
:10F7E000B007980DB807980FE007D809E807D80BBD
:10F7F000F007D80DF807D80F2808200A3008200C89
:10F800003808200E6808600A7008600C7808600EDE
:10F81000A808A00AB008A00CB808A00EE808E00AE2
:10F82000F008E00CF808E00E2809200B3009200D44
:10F830003809200F6809600B7009600D7809600FA6
:10F84000A809A00BB009A00DB809A00FE809E00BAA
:10F85000F009E00DF809E00F300A280C380A280EEC
:10F86000700A680C780A680EB00AA80CB80AA80ECC
:10F87000F00AE80CF80AE80E300B280D380B280FB8
:10F88000700B680D780B680FB00BA80DB80BA80FA4
:10F89000F00BE80DF80BE80F380C300E780C700EFA
:10F8A000B80CB00EF80CF00E380D300F780D700F4C
:10F8B000B80DB00FF80DF00F0800400010008000E8
:10F8C0001800C00020000001280040013000800125
:10F8D0003800C001500088005800C80060000801CE
:10F8E00068004801700088017800C8019800D000C5
:10F8F000A0001001A8005001B0009001B800D00194
:10F90000E0001801E8005801F0009801F800D80163
:10F91000280160013001A0013801E0017001A80157
:10F920007801E801B801F001000400007C0702083A
:10F9300050A4010808070000800000007C2702088E
:10F9400060B20108D0000000100000007C2B02080B
:10F9500000B401081400000000080000FC2B02089D
:10F9600028B40108E00E000000010000FC6B020852
:10F97000E8D10108B801000020000000FC73020873
:10F9800058D501083000000000100000FC74020887
:10F99000B8D50108C00F000000020000FCF4020806
:10F9A00038F50108C001000040000000FC04030815
:10F9B000B8F801083800000000000000900E493C33
:10F9C000B00AC93C2CC3163D2FFB483D742B7B3D30
:10F9D00005A9963D80B6AF3D36BDC83D2EBCE13D84
:10F9E00073B2FA3D86CF093E8340163EB6AB223E47
:10F9F000A2102F3ECF6E3B3EC2C5473E0115543E7E
:10FA0000135C603E7F9A6C3ECCCF783EC07D823ED8
:10FA1000938E883E229A8E3E31A0943E86A09A3ED6
:10FA2000E59AA03E128FA63ED47CAC3EEF63B23E78
:10FA30002A44B83E4A1DBE3E15EFC33E53B9C93EE7
:10FA4000CA7BCF3E4136D53E80E8DA3E4F92E03E5B
:10FA50007533E63EBBCBEB3EEA5AF13ECBE0F63ED9
:10FA6000275DFC3EE4E7003F3D9C033F824B063FA1
:10FA70009BF5083F6B9A0B3FDA390E3FCDD3103F11
:10FA80002A68133FD9F6153FC07F183FC6021B3FB7
:10FA9000D17F1D3FCBF61F3F9967223F25D2243FE0
:10FAA0005636273F1594293F4AEB2B3FDE3B2E3F2E
:10FAB000BB85303FC9C8323FF304353F233A373F57
:10FAC0004268393F3B8F3B3FF9AE3D3F67C73F3F01
:10FAD00070D8413F00E2433F03E4453F65DE473FC6
:10FAE00012D1493FF8BB4B3F029F4D3F1F7A4F3F1A
:10FAF0003D4D513F4918533F31DB543FE595563F4B
:10FB00005348583F6AF2593F1A945B3F532D5D3F6B
:10FB100005BE5E3F2146603F98C5613F5A3C633F4A
:10FB200059AA643F880F663FD86B673F3CBF683F68
:10FB3000A7096A3F0C4B6B3F5E836C3F93B26D3FEE
:10FB40009ED86E3F73F56F3F0809713F5213723FA5
:10FB50004714733FDD0B743F0BFA743FC6DE753FED
:10FB600007BA763FC58B773FF853783F9812793FB5
:10FB70009DC7793F02737A3FBE147B3FCDAC7B3F7C
:10FB8000283B7C3FC9BF7C3FAC3A7D3FCCAB7D3F3F
:10FB900024137E3FB0707E3F6DC47E3F580E7F3F82
:10FBA0006D4E7F3FAB847F3F0FB17F3F98D37F3F48
:10FBB00043EC7F3F11FB7F3F0000803F11FB7F3F05
:10FBC00043EC7F3F98D37F3F0FB17F3FAB847F3FB4
:10FBD0006D4E7F3F580E7F3F6DC47E3FB0707E3FBD
:10FBE00024137E3FCCAB7D3FAC3A7D3FC9BF7C3F09
:10FBF000283B7C3FCDAC7B3FBE147B3F02737A3FFA
:10FC00009DC7793F9812793FF853783FC58B773F6E
:10FC100007BA763FC6DE753F0BFA743FDD0B743FC3
:10FC20004714733F5213723F0809713F73F56F3FDA
:10FC30009ED86E3F93B26D3F5E836C3F0C4B6B3F23
:10FC4000A7096A3F3CBF683FD86B673F880F663F94
:10FC500059AA643F5A3C633F98C5613F2146603FC3
:10FC600005BE5E3F532D5D3F1A945B3F6AF2593FDC
:10FC70005348583FE595563F31DB543F4918533FB1
:10FC80003D4D513F1F7A4F3F029F4D3FF8BB4B3FC9
:10FC900012D1493F65DE473F03E4453F00E2433F61
:10FCA00070D8413F67C73F3FF9AE3D3F3B8F3B3F79
:10FCB0004268393F233A373FF304353FC9C8323FE2
:10FCC000BB85303FDE3B2E3F4AEB2B3F1594293F4F
:10FCD0005636273F25D2243F9967223FCBF61F3F58
:10FCE000D17F1D3FC6021B3FC07F183FD9F6153F8D
:10FCF0002A68133FCDD3103FDA390E3F6B9A0B3F82
:10FD00009BF5083F824B063F3D9C033FE4E7003FE5
:10FD1000275DFC3ECBE0F63EEA5AF13EBBCBEB3E24
:10FD20007533E63E4F92E03E80E8DA3E4136D53EFE
:10FD3000CA7BCF3E53B9C93E15EFC33E4A1DBE3EF6
:10FD40002A44B83EEF63B23ED47CAC3E128FA63E4E
:10FD5000E59AA03E86A09A3E31A0943E229A8E3E1D
:10FD6000938E883EC07D823ECCCF783E7F9A6C3E9B
:10FD7000135C603E0115543EC2C5473ECF6E3B3E0C
:10FD8000A2102F3EB6AB223E8340163E86CF093EE0
:10FD900073B2FA3D2EBCE13D36BDC83D80B6AF3DE5
:10FDA00005A9963D742B7B3D2FFB483D2CC3163D8A
:10FDB000B00AC93C900E493C00000000900E49BCBE
:10FDC000B00AC9BC2CC316BD2FFB48BD742B7BBD2C
:10FDD00005A996BD80B6AFBD36BDC8BD2EBCE1BD80
:10FDE00073B2FABD86CF09BE834016BEB6AB22BE43
:10FDF000A2102FBECF6E3BBEC2C547BE011554BE7A
:10FE0000135C60BE7F9A6CBECCCF78BEC07D82BED4
:10FE1000938E88BE229A8EBE31A094BE86A09ABED2
:10FE2000E59AA0BE128FA6BED47CACBEEF63B2BE74
:10FE30002A44B8BE4A1DBEBE15EFC3BE53B9C9BEE3
:10FE4000CA7BCFBE4136D5BE80E8DABE4F92E0BE57
:10FE50007533E6BEBBCBEBBEEA5AF1BECBE0F6BED5
:10FE6000275DFCBEE4E700BF3D9C03BF824B06BF9D
:10FE70009BF508BF6B9A0BBFDA390EBFCDD310BF0D
:10FE80002A6813BFD9F615BFC07F18BFC6021BBFB3
:10FE9000D17F1DBFCBF61FBF996722BF25D224BFDC
:10FEA000563627BF159429BF4AEB2BBFDE3B2EBF2A
:10FEB000BB8530BFC9C832BFF30435BF233A37BF53
:10FEC000426839BF3B8F3BBFF9AE3DBF67C73FBFFD
:10FED00070D841BF00E243BF03E445BF65DE47BFC2
:10FEE00012D149BFF8BB4BBF029F4DBF1F7A4FBF16
:10FEF0003D4D51BF491853BF31DB54BFE59556BF47
:10FF0000534858BF6AF259BF1A945BBF532D5DBF67
:10FF100005BE5EBF214660BF98C561BF5A3C63BF46
:10FF200059AA64BF880F66BFD86B67BF3CBF68BF64
:10FF3000A7096ABF0C4B6BBF5E836CBF93B26DBFEA
:10FF40009ED86EBF73F56FBF080971BF521372BFA1
:10FF5000471473BFDD0B74BF0BFA74BFC6DE75BFE9
:10FF600007BA76BFC58B77BFF85378BF981279BFB1
:10FF70009DC779BF02737ABFBE147BBFCDAC7BBF78
:10FF8000283B7CBFC9BF7CBFAC3A7DBFCCAB7DBF3B
:10FF900024137EBFB0707EBF6DC47EBF580E7FBF7E
:10FFA0006D4E7FBFAB847FBF0FB17FBF98D37FBF44
:10FFB00043EC7FBF11FB7FBF000080BF11FB7FBF01
:10FFC00043EC7FBF98D37FBF0FB17FBFAB847FBFB0
:10FFD0006D4E7FBF580E7FBF6DC47EBFB0707EBFB9
:10FFE00024137EBFCCAB7DBFAC3A7DBFC9BF7CBF05
:10FFF000283B7CBFCDAC7BBFBE147BBF02737ABFF6
:020000040802F0
:100000009DC779BF981279BFF85378BFC58B77BF6A
:1000100007BA76BFC6DE75BF0BFA74BFDD0B74BFBF
:10002000471473BF521372BF080971BF73F56FBFD6
:100030009ED86EBF93B26DBF5E836CBF0C4B6BBF1F
:10004000A7096ABF3CBF68BFD86B67BF880F66BF90
:1000500059AA64BF5A3C63BF98C561BF214660BFBF
:1000600005BE5EBF532D5DBF1A945BBF6AF259BFD8
:10007000534858BFE59556BF31DB54BF491853BFAD
:100080003D4D51BF1F7A4FBF029F4DBFF8BB4BBFC5
:1000900012D149BF65DE47BF03E445BF00E243BF5D
:1000A00070D841BF67C73FBFF9AE3DBF3B8F3BBF75
:1000B000426839BF233A37BFF30435BFC9C832BFDE
:1000C000BB8530BFDE3B2EBF4AEB2BBF159429BF4B
:1000D000563627BF25D224BF996722BFCBF61FBF54
:1000E000D17F1DBFC6021BBFC07F18BFD9F615BF89
:1000F0002A6813BFCDD310BFDA390EBF6B9A0BBF7E
:100100009BF508BF824B06BF3D9C03BFE4E700BFE1
:10011000275DFCBECBE0F6BEEA5AF1BEBBCBEBBE20
:100120007533E6BE4F92E0BE80E8DABE4136D5BEFA
:10013000CA7BCFBE53B9C9BE15EFC3BE4A1DBEBEF2
:100140002A44B8BEEF63B2BED47CACBE128FA6BE4A
:10015000E59AA0BE86A09ABE31A094BE229A8EBE19
:10016000938E88BEC07D82BECCCF78BE7F9A6CBE97
:10017000135C60BE011554BEC2C547BECF6E3BBE08
:10018000A2102FBEB6AB22BE834016BE86CF09BEDC
:1001900073B2FABD2EBCE1BD36BDC8BD80B6AFBDE1
:1001A00005A996BD742B7BBD2FFB48BD2CC316BD86
:1001B000B00AC9BC900E49BC00000080414E414CC1
:1001C000595A45525F46572C4837343356495F5782
:1001D00045414B5F4841524D4F4E49435F4D41525F
:1001E00047494E2C6275696C643D32303236303787
:1001F00033315F313630300D0A00414E414C595A8F
:1002000045525F43414C2C70726F66696C653D616D
:1002100064635F6469726563742C7363616C653DCC
:10022000302E3936383933362C6D765F7065725F13
:10023000636F64653D322E3336353536360D0A0030
:10024000574156455F5241575F424547494E2C66DC
:1002500072616D653D25752C66733D3139323330E1
:1002600037362E3932332C636F756E743D34303926
:10027000360D0A00574156455F5241575F454E447F
:100280000D0A00574156455F444953504C41595F50
:10029000454E440D0A0025640D0A00414E414C595B
:1002A0005A45525F434F4D504F4E454E542C6E3D74
:1002B00025752C663D252E33662C7065616B5F6D50
:1002C000763D252E33662C70686173653D252E368C
:1002D000660D0A00414E414C595A45525F455252F3
:1002E0004F522C667067615F636170747572655FF1
:1002F000696E69740D0A00414E414C595A45525F6E
:100300004E4F5F56414C49445F434F4D504F4E4511
:100310004E542C6672616D653D25750D0A0057417E
:1003200056455F444953504C41595F424547494EF9
:100330002C6672616D653D25752C706572696F6400
:10034000733D25752C636F756E743D25750D0A0020
:10035000535049335F50494E434845434B2C6D6FD2
:1003600064653D256C752C707570643D256C752C2D
:1003700061663D256C752C6964723D256C750D0AAE
:1003800000414E414C595A45525F535441545553C4
:100390002C706C6C3D25752C6366673D25752C6251
:1003A0007573793D25752C72656164793D25752CD1
:1003B0006672616D653D25752C6F74723D256C7597
:1003C0002C676F6F643D256C752C6372633D256CE3
:1003D000752C70726F746F636F6C3D256C752C6437
:1003E0006D613D256C752C66773D313630302C7053
:1003F0006331315F6D6F64653D256C752C706331C1
:10040000315F707570643D256C752C706331315FA0
:1004100061663D256C752C706331315F6964723D96
:10042000256C750D0A00414E414C595A45525F5298
:100430004553554C542C6672616D653D256C752C89
:1004400066303D252E33662C7570703D252E336643
:100450002C75726D733D252E33662C636F6D706F36
:100460006E656E74733D25752C6F74723D256C75C9
:100470002C70726F63657373696E675F75733D256A
:100480006C750D0A00414E414C595A45525F535408
:100490004152542C7261775F66733D323530303093
:1004A0003030302C646563696D6174696F6E3D3105
:1004B000332C616E616C797369735F66733D31399A
:1004C00032333037362E3932332C6E3D34303936B4
:1004D0002C7370693D535049335F31324D487A0D6A
:1004E0000A004E4F205349474E414C005741564554
:1004F0005F5241575F41524D45440D0A00574156E6
:10050000455F444953504C41595F41524D45440D5C
:100510000A00517565733100576176655261770045
:1005200057617665446973706C6179005350495F17
:100530005241572C253034582C253034582C253036
:1005400034582C253034582C253034582C25303450
:10055000582C253034582C253034582C253034581C
:100560000D0A005350495F5241572C6372635F6517
:10057000787065637465643D253034582C6372630C
:100580005F72656365697665643D253034580D0A90
:10059000005350495F5241572C68616C5F6572721D
:1005A0006F723D30782530386C582C7374617465E7
:1005B0003D30782530386C580D0A007873747220FD
:1005C00025752C25752C25752C25752C25752C2528
:1005D000752C25752C25752C312C312C2225732258
:1005E000002D2D007669732025732C300062617513
:1005F000643D31313532303000626B636D643D30C3
:10060000007265636D6F643D300062300070616739
:10061000652070616765300073300073656E6478C3
:10062000793D3100623100636C73203136340056FD
:10063000414C4944002D5500252E3166206D560051
:100640005245414459007446756E64007450657299
:10065000696F640025756B00745570700074506587
:10066000616B73007455726D73007456726D730014
:100670007453746174757300740063697273202518
:10068000752C25752C25752C2575006C696E6520DB
:1006900025752C25752C25752C25752C2575006642
:1006A000696C6C2025752C25752C25752C25752CD1
:1006B000257500647261772025752C25752C2575AC
:1006C0002C25752C257500252E3266206B487A0066
:1006D000252E3366206B487A00D3D0D0A700CAB548
:1006E000CAB100D5E6D3D0D0A7D6B500B7E5B7E5F7
:1006F000D6B500C6B5C2CAB7D6C1BF00D6DCC6DA09
:10070000D0C5BAC5B2E2C1BFB7D6CEF6D7B0D6C350
:1007100000CEDED0C5BAC500BBF9B2A8C6B5C2CA04
:10072000002575B4CE00CAB1D3F2B2A8D0CE00B5C0
:10073000E7D1B9C6B5C6D70031D6DCC6DA0033D6A4
:10074000DCC6DA003230323620C8ABB9FAB4F3D1A5
:10075000A7C9FAB5E7D7D3C9E8BCC6BEBAC8FC205A
:100760002D2047CCE200BECDD0F700B2E2C1BFB22F
:10077000CECAFD00B4CECAFD000000000000803FDC
:1007800000000000C4FE7F3F890FC93B11FB7F3F83
:10079000900E493CE6F47F3FB6C9963C43EC7F3F60
:1007A000B00AC93C29E17F3FB949FB3C98D37F3F60
:1007B0002CC3163D8FC37F3F07E02F3D0FB17F3F16
:1007C0002FFB483D189C7F3F6814623DAB847F3F00
:1007D000742B7B3DC76A7F3F0A208A3D6D4E7F3F69
:1007E00005A9963D9D2F7F3F8C30A33D580E7F3F3E
:1007F00080B6AF3D9DEA7E3FC33ABC3D6DC47E3FAF
:1008000036BDC83DC99B7E3FB93DD53DB0707E3FEA
:100810002EBCE13D23437E3F7638EE3D24137E3FE0
:1008200073B2FA3DB1E07D3F0295033ECCAB7D3F14
:1008300086CF093E74747D3FB708103EAC3A7D3FC9
:100840008340163E73FE7C3FDE761C3EC9BF7C3F74
:10085000B6AB223EB07E7C3FFCDE283E283B7C3F90
:10086000A2102F3E31F57B3F9840353ECDAC7B3F0B
:10087000CF6E3B3EFC617B3F379B413EBE147B3FCE
:10088000C2C5473E16C57A3F60EE4D3E02737A3FC1
:100890000115543E841E7A3F97395A3E9DC7793FD1
:1008A000135C603E4E6E793F667C663E9812793FDF
:1008B0007F9A6C3E7BB4783F51B6723EF853783FD6
:1008C000CCCF783E10F1773FE1E67E3EC58B773F97
:1008D000C07D823E1724773FCE86853E07BA763F9D
:1008E000938E883E974D763F07958B3EC6DE753FCB
:1008F000229A8E3E976D753FDD9D913E0BFA743FB7
:1009000031A0943E2284743F17A1973EDD0B743FC3
:1009100086A09A3E3F91733F789E9D3E4714733F59
:10092000E59AA03EF894723FC595A33E5213723FDC
:10093000128FA63E578F713FC486A93E0809713FAA
:10094000D47CAC3E6680703F3A71AF3E73F56F3F2A
:10095000EF63B23E30686F3FEC54B53E9ED86E3FB9
:100960002A44B83EBE466E3FA031BB3E93B26D3FB7
:100970004A1DBE3E1D1C6D3F1E07C13E5E836C3F7F
:1009800015EFC33E58E86B3F29D5C63E0C4B6B3F75
:1009900053B9C93E7BAB6A3F8B9BCC3EA7096A3FEC
:1009A000CA7BCF3E9165693F095AD23E3CBF683F42
:1009B0004136D53EA816683F6B10D83ED86B673FCE
:1009C00080E8DA3ECCBE663F79BEDD3E880F663FEA
:1009D0004F92E03E0B5E653FFA63E33E59AA643FE7
:1009E0007533E63E73F4633FB700E93E5A3C633F1C
:1009F000BBCBEB3E1082623F7994EE3E98C5613FDF
:100A0000EA5AF13EF206613F071FF43E2146603F7D
:100A1000CBE0F63E27835F3F2DA0F93E05BE5E3F4B
:100A2000275DFC3EBEF65D3FB217FF3E532D5D3F96
:100A3000E4E7003FC7615C3FB142023F1A945B3F6D
:100A40003D9C033F50C45A3F84F4043F6AF2593F2F
:100A5000824B063F6A1E593F36A1073F5348583F15
:100A60009BF5083F2670573FAD480A3FE595563F36
:100A70006B9A0B3F93B9553FD0EA0C3F31DB543FA3
:100A8000DA390E3FC3FA533F84870F3F4918533F6B
:100A9000CDD3103FC633523FB01E123F3D4D513FA4
:100AA0002A68133FAF64503F39B0143F1F7A4F3F5D
:100AB000D9F6153F908D4E3F073C173F029F4D3FA3
:100AC000C07F183F79AE4C3F00C2193FF8BB4B3F87
:100AD000C6021B3F7FC74A3F0C421C3F12D1493F11
:100AE000D17F1D3FB3D8483F12BC1E3F65DE473F54
:100AF000CBF61F3F2AE2463FF92F213F03E4453F53
:100B00009967223FF5E3443FA99D233F00E2433F1D
:100B100025D2243F29DE423F0A05263F70D8413FB7
:100B20005636273FDAD0403F0566283F67C73F3F2C
:100B30001594293F1BBC3E3F82C02A3FF9AE3D3F82
:100B40004AEB2B3F03A03C3F69142D3F3B8F3B3FBB
:100B5000DE3B2E3FA47C3A3FA5612F3F4268393FE0
:100B6000BB85303F1652383F1DA8313F233A373FEF
:100B7000C9C8323F6C20363FBCE7333FF304353FF2
:100B8000F304353FBCE7333F6C20363FC9C8323FE2
:100B9000233A373F1DA8313F1652383FBB85303FBF
:100BA0004268393FA5612F3FA47C3A3FDE3B2E3F90
:100BB0003B8F3B3F69142D3F03A03C3F4AEB2B3F4B
:100BC000F9AE3D3F82C02A3F1BBC3E3F1594293FF2
:100BD00067C73F3F0566283FDAD0403F5636273F7C
:100BE00070D8413F0A05263F29DE423F25D2243FE7
:100BF00000E2433FA99D233FF5E3443F9967223F2D
:100C000003E4453FF92F213F2AE2463FCBF61F3F41
:100C100065DE473F12BC1E3FB3D8483FD17F1D3F22
:100C200012D1493F0C421C3F7FC74A3FC6021B3FBF
:100C3000F8BB4B3F00C2193F79AE4C3FC07F183F15
:100C4000029F4D3F073C173F908D4E3FD9F6153F11
:100C50001F7A4F3F39B0143FAF64503F2A68133FAB
:100C60003D4D513FB01E123FC633523FCDD3103FD2
:100C70004918533F84870F3FC3FA533FDA390E3F79
:100C800031DB543FD0EA0C3F93B9553F6B9A0B3F91
:100C9000E595563FAD480A3F2670573F9BF5083F04
:100CA0005348583F36A1073F6A1E593F824B063FC3
:100CB0006AF2593F84F4043F50C45A3F3D9C033FBD
:100CC0001A945B3FB142023FC7615C3FE4E7003FDB
:100CD000532D5D3FB217FF3EBEF65D3F275DFC3EE4
:100CE00005BE5E3F2DA0F93E27835F3FCBE0F63E79
:100CF0002146603F071FF43EF206613FEA5AF13E8B
:100D000098C5613F7994EE3E1082623FBBCBEB3ECB
:100D10005A3C633FB700E93E73F4633F7533E63EE8
:100D200059AA643FFA63E33E0B5E653F4F92E03E93
:100D3000880F663F79BEDD3ECCBE663F80E8DA3E76
:100D4000D86B673F6B10D83EA816683F4136D53E3A
:100D50003CBF683F095AD23E9165693FCA7BCF3E8E
:100D6000A7096A3F8B9BCC3E7BAB6A3F53B9C93E18
:100D70000C4B6B3F29D5C63E58E86B3F15EFC33E81
:100D80005E836C3F1E07C13E1D1C6D3F4A1DBE3E6B
:100D900093B26D3FA031BB3EBE466E3F2A44B83E83
:100DA0009ED86E3FEC54B53E30686F3FEF63B23E65
:100DB00073F56F3F3A71AF3E6680703FD47CAC3EB6
:100DC0000809713FC486A93E578F713F128FA63E16
:100DD0005213723FC595A33EF894723FE59AA03E28
:100DE0004714733F789E9D3E3F91733F86A09A3E85
:100DF000DD0B743F17A1973E2284743F31A0943ECF
:100E00000BFA743FDD9D913E976D753F229A8E3EA1
:100E1000C6DE753F07958B3E974D763F938E883E95
:100E200007BA763FCE86853E1724773FC07D823E47
:100E3000C58B773FE1E67E3E10F1773FCCCF783E21
:100E4000F853783F51B6723E7BB4783F7F9A6C3E40
:100E50009812793F667C663E4E6E793F135C603E29
:100E60009DC7793F97395A3E841E7A3F0115543EFB
:100E700002737A3F60EE4D3E16C57A3FC2C5473ECB
:100E8000BE147B3F379B413EFC617B3FCF6E3B3EB8
:100E9000CDAC7B3F9840353E31F57B3FA2102F3ED5
:100EA000283B7C3FFCDE283EB07E7C3FB6AB223E3A
:100EB000C9BF7C3FDE761C3E73FE7C3F8340163EFE
:100EC000AC3A7D3FB708103E74747D3F86CF093E33
:100ED000CCAB7D3F0295033EB1E07D3F73B2FA3D5E
:100EE00024137E3F7638EE3D23437E3F2EBCE13D0A
:100EF000B0707E3FB93DD53DC99B7E3F36BDC83DF4
:100F00006DC47E3FC33ABC3D9DEA7E3F80B6AF3D97
:100F1000580E7F3F8C30A33D9D2F7F3F05A9963D06
:100F20006D4E7F3F0A208A3DC76A7F3F742B7B3D11
:100F3000AB847F3F6814623D189C7F3F2FFB483D88
:100F40000FB17F3F07E02F3D8FC37F3F2CC3163D7E
:100F500098D37F3FB949FB3C29E17F3FB00AC93CA8
:100F600043EC7F3FB6C9963CE6F47F3F900E493C88
:100F700011FB7F3F890FC93BC4FE7F3F000000008B
:100F80000000803F890FC9BBC4FE7F3F900E49BC63
:100F900011FB7F3FB6C996BCE6F47F3FB00AC9BCDF
:100FA00043EC7F3FB949FBBC29E17F3F2CC316BD11
:100FB00098D37F3F07E02FBD8FC37F3F2FFB48BDF6
:100FC0000FB17F3F681462BD189C7F3F742B7BBDBF
:100FD000AB847F3F0A208ABDC76A7F3F05A996BDC3
:100FE0006D4E7F3F8C30A3BD9D2F7F3F80B6AFBD40
:100FF000580E7F3FC33ABCBD9DEA7E3F36BDC8BD9B
:101000006DC47E3FB93DD5BDC99B7E3F2EBCE1BDC1
:10101000B0707E3F7638EEBD23437E3F73B2FABD9B
:1010200024137E3F029503BEB1E07D3F86CF09BE0B
:10103000CCAB7D3FB70810BE74747D3F834016BEB5
:10104000AC3A7D3FDE761CBE73FE7C3FB6AB22BE63
:10105000C9BF7C3FFCDE28BEB07E7C3FA2102FBE05
:10106000283B7C3F984035BE31F57B3FCF6E3BBE81
:10107000CDAC7B3F379B41BEFC617B3FC2C547BEC9
:10108000BE147B3F60EE4DBE16C57A3F011554BEBF
:1010900002737A3F97395ABE841E7A3F135C60BE52
:1010A0009DC7793F667C66BE4E6E793F7F9A6CBE67
:1010B0009812793F51B672BE7BB4783FCCCF78BEE0
:1010C000F853783FE1E67EBE10F1773FC07D82BEE7
:1010D000C58B773FCE8685BE1724773F938E88BE1B
:1010E00007BA763F07958BBE974D763F229A8EBE04
:1010F000C6DE753FDD9D91BE976D753F31A094BEF4
:101100000BFA743F17A197BE2284743F86A09ABE43
:10111000DD0B743F789E9DBE3F91733FE59AA0BE64
:101120004714733FC595A3BEF894723F128FA6BEB5
:101130005213723FC486A9BE578F713FD47CACBE98
:101140000809713F3A71AFBE6680703FEF63B2BE6F
:1011500073F56F3FEC54B5BE30686F3F2A44B8BE9C
:101160009ED86E3FA031BBBEBE466E3F4A1DBEBE7E
:1011700093B26D3F1E07C1BE1D1C6D3F15EFC3BE70
:101180005E836C3F29D5C6BE58E86B3F53B9C9BED4
:101190000C4B6B3F8B9BCCBE7BAB6A3FCA7BCFBEFD
:1011A000A7096A3F095AD2BE9165693F4136D5BE4B
:1011B0003CBF683F6B10D8BEA816683F80E8DABE17
:1011C000D86B673F79BEDDBECCBE663F4F92E0BEB6
:1011D000880F663FFA63E3BE0B5E653F7533E6BE7C
:1011E00059AA643FB700E9BE73F4633FBBCBEBBEC3
:1011F0005A3C633F7994EEBE1082623FEA5AF1BED8
:1012000098C5613F071FF4BEF206613FCBE0F6BE12
:101210002146603F2DA0F9BE27835F3F275DFCBEBE
:1012200005BE5E3FB217FFBEBEF65D3FE4E700BFFE
:10123000532D5D3FB14202BFC7615C3F3D9C03BF80
:101240001A945B3F84F404BF50C45A3F824B06BFDC
:101250006AF2593F36A107BF6A1E593F9BF508BF86
:101260005348583FAD480ABF2670573F6B9A0BBF93
:10127000E595563FD0EA0CBF93B9553FDA390EBF1A
:1012800031DB543F84870FBFC3FA533FCDD310BF28
:101290004918533FB01E12BFC633523F2A6813BFCE
:1012A0003D4D513F39B014BFAF64503FD9F615BF23
:1012B0001F7A4F3F073C17BF908D4E3FC07F18BF2E
:1012C000029F4D3F00C219BF79AE4C3FC6021BBF03
:1012D000F8BB4B3F0C421CBF7FC74A3FD17F1DBFAD
:1012E00012D1493F12BC1EBFB3D8483FCBF61FBF37
:1012F00065DE473FF92F21BF2AE2463F996722BFAB
:1013000003E4453FA99D23BFF5E3443F25D224BF15
:1013100000E2433F0A0526BF29DE423F563627BF7B
:1013200070D8413F056628BFDAD0403F159429BFE9
:1013300067C73F3F82C02ABF1BBC3E3F4AEB2BBF63
:10134000F9AE3D3F69142DBF03A03C3FDE3B2EBFED
:101350003B8F3B3FA5612FBFA47C3A3FBB8530BF8D
:101360004268393F1DA831BF1652383FC9C832BF45
:10137000233A373FBCE733BF6C20363FF30435BF19
:10138000F304353F6C2036BFBCE7333F233A37BF09
:10139000C9C8323F165238BF1DA8313F426839BF15
:1013A000BB85303FA47C3ABFA5612F3F3B8F3BBF3D
:1013B000DE3B2E3F03A03CBF69142D3FF9AE3DBF7D
:1013C0004AEB2B3F1BBC3EBF82C02A3F67C73FBFD3
:1013D0001594293FDAD040BF0566283F70D841BF39
:1013E0005636273F29DE42BF0A05263F00E243BFAB
:1013F00025D2243FF5E344BFA99D233F03E445BF25
:101400009967223F2AE246BFF92F213F65DE47BF99
:10141000CBF61F3FB3D848BF12BC1E3F12D149BF05
:10142000D17F1D3F7FC74ABF0C421C3FF8BB4BBF5B
:10143000C6021B3F79AE4CBF00C2193F029F4DBF91
:10144000C07F183F908D4EBF073C173F1F7A4FBF9C
:10145000D9F6153FAF6450BF39B0143F3D4D51BF71
:101460002A68133FC63352BFB01E123F491853BFFC
:10147000CDD3103FC3FA53BF84870F3F31DB54BF36
:10148000DA390E3F93B955BFD0EA0C3FE59556BF08
:101490006B9A0B3F267057BFAD480A3F534858BF61
:1014A0009BF5083F6A1E59BF36A1073F6AF259BF34
:1014B000824B063F50C45ABF84F4043F1A945BBF6A
:1014C0003D9C033FC7615CBFB142023F532D5DBFEE
:1014D000E4E7003FBEF65DBFB217FF3E05BE5EBF4C
:1014E000275DFC3E27835FBF2DA0F93E214660BFEC
:1014F000CBE0F63EF20661BF071FF43E98C561BF20
:10150000EA5AF13E108262BF7994EE3E5A3C63BFC4
:10151000BBCBEB3E73F463BFB700E93E59AA64BF8F
:101520007533E63E0B5E65BFFA63E33E880F66BF28
:101530004F92E03ECCBE66BF79BEDD3ED86B67BF42
:1015400080E8DA3EA81668BF6B10D83E3CBF68BF83
:101550004136D53E916569BF095AD23EA7096ABF97
:10156000CA7BCF3E7BAB6ABF8B9BCC3E0C4B6BBF29
:1015700053B9C93E58E86BBF29D5C63E5E836CBFE0
:1015800015EFC33E1D1C6DBF1E07C13E93B26DBF5C
:101590004A1DBE3EBE466EBFA031BB3E9ED86EBF4A
:1015A0002A44B83E30686FBFEC54B53E73F56FBF48
:1015B000EF63B23E668070BF3A71AF3E080971BFFB
:1015C000D47CAC3E578F71BFC486A93E521372BF04
:1015D000128FA63EF89472BFC595A33E471473BF01
:1015E000E59AA03E3F9173BF789E9D3EDD0B74BF90
:1015F00086A09A3E228474BF17A1973E0BFA74BF4F
:1016000031A0943E976D75BFDD9D913EC6DE75BFDE
:10161000229A8E3E974D76BF07958B3E07BA76BFCE
:10162000938E883E172477BFCE86853EC58B77BFC5
:10163000C07D823E10F177BFE1E67E3EF85378BF71
:10164000CCCF783E7BB478BF51B6723E981279BF4A
:101650007F9A6C3E4E6E79BF667C663E9DC779BFB1
:10166000135C603E841E7ABF97395A3E02737ABF7C
:101670000115543E16C57ABF60EE4D3EBE147BBFC9
:10168000C2C5473EFC617BBF379B413ECDAC7BBFB3
:10169000CF6E3B3E31F57BBF9840353E283B7CBF4B
:1016A000A2102F3EB07E7CBFFCDE283EC9BF7CBFAF
:1016B000B6AB223E73FE7CBFDE761C3EAC3A7DBFED
:1016C0008340163E74747DBFB708103ECCAB7DBF1F
:1016D00086CF093EB1E07DBF0295033E24137EBF55
:1016E00073B2FA3D23437EBF7638EE3DB0707EBFC5
:1016F0002EBCE13DC99B7EBFB93DD53D6DC47EBFCB
:1017000036BDC83D9DEA7EBFC33ABC3D580E7FBF83
:1017100080B6AF3D9D2F7FBF8C30A33D6D4E7FBF08
:1017200005A9963DC76A7FBF0A208A3DAB847FBF6B
:10173000742B7B3D189C7FBF6814623D0FB17FBF47
:101740002FFB483D8FC37FBF07E02F3D98D37FBF5E
:101750002CC3163D29E17FBFB949FB3C43EC7FBF59
:10176000B00AC93CE6F47FBFB6C9963C11FB7FBF07
:10177000900E493CC4FE7FBF890FC93B000080BF6B
:1017800000000000C4FE7FBF890FC9BB11FB7FBFF3
:10179000900E49BCE6F47FBFB6C996BC43EC7FBF50
:1017A000B00AC9BC29E17FBFB949FBBC98D37FBF50
:1017B0002CC316BD8FC37FBF07E02FBD0FB17FBF06
:1017C0002FFB48BD189C7FBF681462BDAB847FBFF0
:1017D000742B7BBDC76A7FBF0A208ABD6D4E7FBF59
:1017E00005A996BD9D2F7FBF8C30A3BD580E7FBF2E
:1017F00080B6AFBD9DEA7EBFC33ABCBD6DC47EBF9F
:1018000036BDC8BDC99B7EBFB93DD5BDB0707EBFDA
:101810002EBCE1BD23437EBF7638EEBD24137EBFD0
:1018200073B2FABDB1E07DBF029503BECCAB7DBF04
:1018300086CF09BE74747DBFB70810BEAC3A7DBFB9
:10184000834016BE73FE7CBFDE761CBEC9BF7CBF64
:10185000B6AB22BEB07E7CBFFCDE28BE283B7CBF80
:10186000A2102FBE31F57BBF984035BECDAC7BBFFB
:10187000CF6E3BBEFC617BBF379B41BEBE147BBFBE
:10188000C2C547BE16C57ABF60EE4DBE02737ABFB1
:10189000011554BE841E7ABF97395ABE9DC779BFC1
:1018A000135C60BE4E6E79BF667C66BE981279BFCF
:1018B0007F9A6CBE7BB478BF51B672BEF85378BFC6
:1018C000CCCF78BE10F177BFE1E67EBEC58B77BF87
:1018D000C07D82BE172477BFCE8685BE07BA76BF8D
:1018E000938E88BE974D76BF07958BBEC6DE75BFBB
:1018F000229A8EBE976D75BFDD9D91BE0BFA74BFA7
:1019000031A094BE228474BF17A197BEDD0B74BFB3
:1019100086A09ABE3F9173BF789E9DBE471473BF49
:10192000E59AA0BEF89472BFC595A3BE521372BFCC
:10193000128FA6BE578F71BFC486A9BE080971BF9A
:10194000D47CACBE668070BF3A71AFBE73F56FBF1A
:10195000EF63B2BE30686FBFEC54B5BE9ED86EBFA9
:101960002A44B8BEBE466EBFA031BBBE93B26DBFA7
:101970004A1DBEBE1D1C6DBF1E07C1BE5E836CBF6F
:1019800015EFC3BE58E86BBF29D5C6BE0C4B6BBF65
:1019900053B9C9BE7BAB6ABF8B9BCCBEA7096ABFDC
:1019A000CA7BCFBE916569BF095AD2BE3CBF68BF32
:1019B0004136D5BEA81668BF6B10D8BED86B67BFBE
:1019C00080E8DABECCBE66BF79BEDDBE880F66BFDA
:1019D0004F92E0BE0B5E65BFFA63E3BE59AA64BFD7
:1019E0007533E6BE73F463BFB700E9BE5A3C63BF0C
:1019F000BBCBEBBE108262BF7994EEBE98C561BFCF
:101A0000EA5AF1BEF20661BF071FF4BE214660BF6D
:101A1000CBE0F6BE27835FBF2DA0F9BE05BE5EBF3B
:101A2000275DFCBEBEF65DBFB217FFBE532D5DBF86
:101A3000E4E700BFC7615CBFB14202BF1A945BBF5D
:101A40003D9C03BF50C45ABF84F404BF6AF259BF1F
:101A5000824B06BF6A1E59BF36A107BF534858BF05
:101A60009BF508BF267057BFAD480ABFE59556BF26
:101A70006B9A0BBF93B955BFD0EA0CBF31DB54BF93
:101A8000DA390EBFC3FA53BF84870FBF491853BF5B
:101A9000CDD310BFC63352BFB01E12BF3D4D51BF94
:101AA0002A6813BFAF6450BF39B014BF1F7A4FBF4D
:101AB000D9F615BF908D4EBF073C17BF029F4DBF93
:101AC000C07F18BF79AE4CBF00C219BFF8BB4BBF77
:101AD000C6021BBF7FC74ABF0C421CBF12D149BF01
:101AE000D17F1DBFB3D848BF12BC1EBF65DE47BF44
:101AF000CBF61FBF2AE246BFF92F21BF03E445BF43
:101B0000996722BFF5E344BFA99D23BF00E243BF0D
:101B100025D224BF29DE42BF0A0526BF70D841BFA7
:101B2000563627BFDAD040BF056628BF67C73FBF1C
:101B3000159429BF1BBC3EBF82C02ABFF9AE3DBF72
:101B40004AEB2BBF03A03CBF69142DBF3B8F3BBFAB
:101B5000DE3B2EBFA47C3ABFA5612FBF426839BFD0
:101B6000BB8530BF165238BF1DA831BF233A37BFDF
:101B7000C9C832BF6C2036BFBCE733BFF30435BFE2
:101B8000F30435BFBCE733BF6C2036BFC9C832BFD2
:101B9000233A37BF1DA831BF165238BFBB8530BFAF
:101BA000426839BFA5612FBFA47C3ABFDE3B2EBF80
:101BB0003B8F3BBF69142DBF03A03CBF4AEB2BBF3B
:101BC000F9AE3DBF82C02ABF1BBC3EBF159429BFE2
:101BD00067C73FBF056628BFDAD040BF563627BF6C
:101BE00070D841BF0A0526BF29DE42BF25D224BFD7
:101BF00000E243BFA99D23BFF5E344BF996722BF1D
:101C000003E445BFF92F21BF2AE246BFCBF61FBF31
:101C100065DE47BF12BC1EBFB3D848BFD17F1DBF12
:101C200012D149BF0C421CBF7FC74ABFC6021BBFAF
:101C3000F8BB4BBF00C219BF79AE4CBFC07F18BF05
:101C4000029F4DBF073C17BF908D4EBFD9F615BF01
:101C50001F7A4FBF39B014BFAF6450BF2A6813BF9B
:101C60003D4D51BFB01E12BFC63352BFCDD310BFC2
:101C7000491853BF84870FBFC3FA53BFDA390EBF69
:101C800031DB54BFD0EA0CBF93B955BF6B9A0BBF81
:101C9000E59556BFAD480ABF267057BF9BF508BFF4
:101CA000534858BF36A107BF6A1E59BF824B06BFB3
:101CB0006AF259BF84F404BF50C45ABF3D9C03BFAD
:101CC0001A945BBFB14202BFC7615CBFE4E700BFCB
:101CD000532D5DBFB217FFBEBEF65DBF275DFCBED4
:101CE00005BE5EBF2DA0F9BE27835FBFCBE0F6BE69
:101CF000214660BF071FF4BEF20661BFEA5AF1BE7B
:101D000098C561BF7994EEBE108262BFBBCBEBBEBB
:101D10005A3C63BFB700E9BE73F463BF7533E6BED8
:101D200059AA64BFFA63E3BE0B5E65BF4F92E0BE83
:101D3000880F66BF79BEDDBECCBE66BF80E8DABE66
:101D4000D86B67BF6B10D8BEA81668BF4136D5BE2A
:101D50003CBF68BF095AD2BE916569BFCA7BCFBE7E
:101D6000A7096ABF8B9BCCBE7BAB6ABF53B9C9BE08
:101D70000C4B6BBF29D5C6BE58E86BBF15EFC3BE71
:101D80005E836CBF1E07C1BE1D1C6DBF4A1DBEBE5B
:101D900093B26DBFA031BBBEBE466EBF2A44B8BE73
:101DA0009ED86EBFEC54B5BE30686FBFEF63B2BE55
:101DB00073F56FBF3A71AFBE668070BFD47CACBEA6
:101DC000080971BFC486A9BE578F71BF128FA6BE06
:101DD000521372BFC595A3BEF89472BFE59AA0BE18
:101DE000471473BF789E9DBE3F9173BF86A09ABE75
:101DF000DD0B74BF17A197BE228474BF31A094BEBF
:101E00000BFA74BFDD9D91BE976D75BF229A8EBE91
:101E1000C6DE75BF07958BBE974D76BF938E88BE85
:101E200007BA76BFCE8685BE172477BFC07D82BE37
:101E3000C58B77BFE1E67EBE10F177BFCCCF78BE11
:101E4000F85378BF51B672BE7BB478BF7F9A6CBE30
:101E5000981279BF667C66BE4E6E79BF135C60BE19
:101E60009DC779BF97395ABE841E7ABF011554BEEB
:101E700002737ABF60EE4DBE16C57ABFC2C547BEBB
:101E8000BE147BBF379B41BEFC617BBFCF6E3BBEA8
:101E9000CDAC7BBF984035BE31F57BBFA2102FBEC5
:101EA000283B7CBFFCDE28BEB07E7CBFB6AB22BE2A
:101EB000C9BF7CBFDE761CBE73FE7CBF834016BEEE
:101EC000AC3A7DBFB70810BE74747DBF86CF09BE23
:101ED000CCAB7DBF029503BEB1E07DBF73B2FABD4E
:101EE00024137EBF7638EEBD23437EBF2EBCE1BDFA
:101EF000B0707EBFB93DD5BDC99B7EBF36BDC8BDE4
:101F00006DC47EBFC33ABCBD9DEA7EBF80B6AFBD87
:101F1000580E7FBF8C30A3BD9D2F7FBF05A996BDF6
:101F20006D4E7FBF0A208ABDC76A7FBF742B7BBD01
:101F3000AB847FBF681462BD189C7FBF2FFB48BD78
:101F40000FB17FBF07E02FBD8FC37FBF2CC316BD6E
:101F500098D37FBFB949FBBC29E17FBFB00AC9BC98
:101F600043EC7FBFB6C996BCE6F47FBF900E49BC78
:101F700011FB7FBF890FC9BBC4FE7FBF000000807B
:101F8000000080BF890FC93BC4FE7FBF900E493C53
:101F900011FB7FBFB6C9963CE6F47FBFB00AC93CCF
:101FA00043EC7FBFB949FB3C29E17FBF2CC3163D01
:101FB00098D37FBF07E02F3D8FC37FBF2FFB483DE6
:101FC0000FB17FBF6814623D189C7FBF742B7B3DAF
:101FD000AB847FBF0A208A3DC76A7FBF05A9963DB3
:101FE0006D4E7FBF8C30A33D9D2F7FBF80B6AF3D30
:101FF000580E7FBFC33ABC3D9DEA7EBF36BDC83D8B
:102000006DC47EBFB93DD53DC99B7EBF2EBCE13DB1
:10201000B0707EBF7638EE3D23437EBF73B2FA3D8B
:1020200024137EBF0295033EB1E07DBF86CF093EFB
:10203000CCAB7DBFB708103E74747DBF8340163EA5
:10204000AC3A7DBFDE761C3E73FE7CBFB6AB223E53
:10205000C9BF7CBFFCDE283EB07E7CBFA2102F3EF5
:10206000283B7CBF9840353E31F57BBFCF6E3B3E71
:10207000CDAC7BBF379B413EFC617BBFC2C5473EB9
:10208000BE147BBF60EE4D3E16C57ABF0115543EAF
:1020900002737ABF97395A3E841E7ABF135C603E42
:1020A0009DC779BF667C663E4E6E79BF7F9A6C3E57
:1020B000981279BF51B6723E7BB478BFCCCF783ED0
:1020C000F85378BFE1E67E3E10F177BFC07D823ED7
:1020D000C58B77BFCE86853E172477BF938E883E0B
:1020E00007BA76BF07958B3E974D76BF229A8E3EF4
:1020F000C6DE75BFDD9D913E976D75BF31A0943EE4
:102100000BFA74BF17A1973E228474BF86A09A3E33
:10211000DD0B74BF789E9D3E3F9173BFE59AA03E54
:10212000471473BFC595A33EF89472BF128FA63EA5
:10213000521372BFC486A93E578F71BFD47CAC3E88
:10214000080971BF3A71AF3E668070BFEF63B23E5F
:1021500073F56FBFEC54B53E30686FBF2A44B83E8C
:102160009ED86EBFA031BB3EBE466EBF4A1DBE3E6E
:1021700093B26DBF1E07C13E1D1C6DBF15EFC33E60
:102180005E836CBF29D5C63E58E86BBF53B9C93EC4
:102190000C4B6BBF8B9BCC3E7BAB6ABFCA7BCF3EED
:1021A000A7096ABF095AD23E916569BF4136D53E3B
:1021B0003CBF68BF6B10D83EA81668BF80E8DA3E07
:1021C000D86B67BF79BEDD3ECCBE66BF4F92E03EA6
:1021D000880F66BFFA63E33E0B5E65BF7533E63E6C
:1021E00059AA64BFB700E93E73F463BFBBCBEB3EB3
:1021F0005A3C63BF7994EE3E108262BFEA5AF13EC8
:1022000098C561BF071FF43EF20661BFCBE0F63E02
:10221000214660BF2DA0F93E27835FBF275DFC3EAE
:1022200005BE5EBFB217FF3EBEF65DBFE4E7003FEE
:10223000532D5DBFB142023FC7615CBF3D9C033F70
:102240001A945BBF84F4043F50C45ABF824B063FCC
:102250006AF259BF36A1073F6A1E59BF9BF5083F76
:10226000534858BFAD480A3F267057BF6B9A0B3F83
:10227000E59556BFD0EA0C3F93B955BFDA390E3F0A
:1022800031DB54BF84870F3FC3FA53BFCDD3103F18
:10229000491853BFB01E123FC63352BF2A68133FBE
:1022A0003D4D51BF39B0143FAF6450BFD9F6153F13
:1022B0001F7A4FBF073C173F908D4EBFC07F183F1E
:1022C000029F4DBF00C2193F79AE4CBFC6021B3FF3
:1022D000F8BB4BBF0C421C3F7FC74ABFD17F1D3F9D
:1022E00012D149BF12BC1E3FB3D848BFCBF61F3F27
:1022F00065DE47BFF92F213F2AE246BF9967223F9B
:1023000003E445BFA99D233FF5E344BF25D2243F05
:1023100000E243BF0A05263F29DE42BF5636273F6B
:1023200070D841BF0566283FDAD040BF1594293FD9
:1023300067C73FBF82C02A3F1BBC3EBF4AEB2B3F53
:10234000F9AE3DBF69142D3F03A03CBFDE3B2E3FDD
:102350003B8F3BBFA5612F3FA47C3ABFBB85303F7D
:10236000426839BF1DA8313F165238BFC9C8323F35
:10237000233A37BFBCE7333F6C2036BFF304353F09
:10238000F30435BF6C20363FBCE733BF233A373FF9
:10239000C9C832BF1652383F1DA831BF4268393F05
:1023A000BB8530BFA47C3A3FA5612FBF3B8F3B3F2D
:1023B000DE3B2EBF03A03C3F69142DBFF9AE3D3F6D
:1023C0004AEB2BBF1BBC3E3F82C02ABF67C73F3FC3
:1023D000159429BFDAD0403F056628BF70D8413F29
:1023E000563627BF29DE423F0A0526BF00E2433F9B
:1023F00025D224BFF5E3443FA99D23BF03E4453F15
:10240000996722BF2AE2463FF92F21BF65DE473F89
:10241000CBF61FBFB3D8483F12BC1EBF12D1493FF5
:10242000D17F1DBF7FC74A3F0C421CBFF8BB4B3F4B
:10243000C6021BBF79AE4C3F00C219BF029F4D3F81
:10244000C07F18BF908D4E3F073C17BF1F7A4F3F8C
:10245000D9F615BFAF64503F39B014BF3D4D513F61
:102460002A6813BFC633523FB01E12BF4918533FEC
:10247000CDD310BFC3FA533F84870FBF31DB543F26
:10248000DA390EBF93B9553FD0EA0CBFE595563FF8
:102490006B9A0BBF2670573FAD480ABF5348583F51
:1024A0009BF508BF6A1E593F36A107BF6AF2593F24
:1024B000824B06BF50C45A3F84F404BF1A945B3F5A
:1024C0003D9C03BFC7615C3FB14202BF532D5D3FDE
:1024D000E4E700BFBEF65D3FB217FFBE05BE5E3F3C
:1024E000275DFCBE27835F3F2DA0F9BE2146603FDC
:1024F000CBE0F6BEF206613F071FF4BE98C5613F10
:10250000EA5AF1BE1082623F7994EEBE5A3C633FB4
:10251000BBCBEBBE73F4633FB700E9BE59AA643F7F
:102520007533E6BE0B5E653FFA63E3BE880F663F18
:102530004F92E0BECCBE663F79BEDDBED86B673F32
:1025400080E8DABEA816683F6B10D8BE3CBF683F73
:102550004136D5BE9165693F095AD2BEA7096A3F87
:10256000CA7BCFBE7BAB6A3F8B9BCCBE0C4B6B3F19
:1025700053B9C9BE58E86B3F29D5C6BE5E836C3FD0
:1025800015EFC3BE1D1C6D3F1E07C1BE93B26D3F4C
:102590004A1DBEBEBE466E3FA031BBBE9ED86E3F3A
:1025A0002A44B8BE30686F3FEC54B5BE73F56F3F38
:1025B000EF63B2BE6680703F3A71AFBE0809713FEB
:1025C000D47CACBE578F713FC486A9BE5213723FF4
:1025D000128FA6BEF894723FC595A3BE4714733FF1
:1025E000E59AA0BE3F91733F789E9DBEDD0B743F80
:1025F00086A09ABE2284743F17A197BE0BFA743F3F
:1026000031A094BE976D753FDD9D91BEC6DE753FCE
:10261000229A8EBE974D763F07958BBE07BA763FBE
:10262000938E88BE1724773FCE8685BEC58B773FB5
:10263000C07D82BE10F1773FE1E67EBEF853783F61
:10264000CCCF78BE7BB4783F51B672BE9812793F3A
:102650007F9A6CBE4E6E793F667C66BE9DC7793FA1
:10266000135C60BE841E7A3F97395ABE02737A3F6C
:10267000011554BE16C57A3F60EE4DBEBE147B3FB9
:10268000C2C547BEFC617B3F379B41BECDAC7B3FA3
:10269000CF6E3BBE31F57B3F984035BE283B7C3F3B
:1026A000A2102FBEB07E7C3FFCDE28BEC9BF7C3F9F
:1026B000B6AB22BE73FE7C3FDE761CBEAC3A7D3FDD
:1026C000834016BE74747D3FB70810BECCAB7D3F0F
:1026D00086CF09BEB1E07D3F029503BE24137E3F45
:1026E00073B2FABD23437E3F7638EEBDB0707E3FB5
:1026F0002EBCE1BDC99B7E3FB93DD5BD6DC47E3FBB
:1027000036BDC8BD9DEA7E3FC33ABCBD580E7F3F73
:1027100080B6AFBD9D2F7F3F8C30A3BD6D4E7F3FF8
:1027200005A996BDC76A7F3F0A208ABDAB847F3F5B
:10273000742B7BBD189C7F3F681462BD0FB17F3F37
:102740002FFB48BD8FC37F3F07E02FBD98D37F3F4E
:102750002CC316BD29E17F3FB949FBBC43EC7F3F49
:10276000B00AC9BCE6F47F3FB6C996BC11FB7F3FF7
:10277000900E49BCC4FE7F3F890FC9BB0000803F5B
:10278000000000000FB17F3F2FFB483D6DC47E3F2E
:1027900036BDC83DAC3A7D3F8340163EBE147B3FFC
:1027A000C2C5473EF853783FCCCF783E0BFA743F12
:1027B00031A0943E0809713FD47CAC3E5E836C3FEF
:1027C00015EFC33ED86B673F80E8DA3E98C5613F9E
:1027D000EA5AF13E1A945B3F3D9C033F31DB543F84
:1027E000DA390E3F029F4D3FC07F183F03E4453F5B
:1027F0009967223FF9AE3D3F4AEB2B3FF304353F4B
:10280000F304353F4AEB2B3FF9AE3D3F9967223F3A
:1028100003E4453FC07F183F029F4D3FDA390E3F2A
:1028200031DB543F3D9C033F1A945B3FEA5AF13E33
:1028300098C5613F80E8DA3ED86B673F15EFC33E2D
:102840005E836C3FD47CAC3E0809713F31A0943E5E
:102850000BFA743FCCCF783EF853783FC2C5473E61
:10286000BE147B3F8340163EAC3A7D3F36BDC83D2B
:102870006DC47E3F2FFB483D0FB17F3F000000003D
:102880000000803F2FFB48BD0FB17F3F36BDC8BD64
:102890006DC47E3F834016BEAC3A7D3FC2C547BE85
:1028A000BE147B3FCCCF78BEF853783F31A094BEA6
:1028B0000BFA743FD47CACBE0809713F15EFC3BE60
:1028C0005E836C3F80E8DABED86B673FEA5AF1BEA0
:1028D00098C5613F3D9C03BF1A945B3FDA390EBF38
:1028E00031DB543FC07F18BF029F4D3F996722BF25
:1028F00003E4453F4AEB2BBFF9AE3D3FF30435BF40
:10290000F304353FF9AE3DBF4AEB2B3F03E445BF2F
:102910009967223F029F4DBFC07F183F31DB54BFF4
:10292000DA390E3F1A945BBF3D9C033F98C561BFE7
:10293000EA5AF13ED86B67BF80E8DA3E5E836CBF2F
:1029400015EFC33E080971BFD47CAC3E0BFA74BFCF
:1029500031A0943EF85378BFCCCF783EBE147BBFF5
:10296000C2C5473EAC3A7DBF8340163E6DC47EBFB4
:1029700036BDC83D0FB17FBF2FFB483D000080BF73
:10298000000000000FB17FBF2FFB48BD6DC47EBFAC
:1029900036BDC8BDAC3A7DBF834016BEBE147BBFFA
:1029A000C2C547BEF85378BFCCCF78BE0BFA74BF10
:1029B00031A094BE080971BFD47CACBE5E836CBFED
:1029C00015EFC3BED86B67BF80E8DABE98C561BF9C
:1029D000EA5AF1BE1A945BBF3D9C03BF31DB54BF82
:1029E000DA390EBF029F4DBFC07F18BF03E445BF59
:1029F000996722BFF9AE3DBF4AEB2BBFF30435BF49
:102A0000F30435BF4AEB2BBFF9AE3DBF996722BF38
:102A100003E445BFC07F18BF029F4DBFDA390EBF28
:102A200031DB54BF3D9C03BF1A945BBFEA5AF1BE31
:102A300098C561BF80E8DABED86B67BF15EFC3BE2B
:102A40005E836CBFD47CACBE080971BF31A094BE5C
:102A50000BFA74BFCCCF78BEF85378BFC2C547BE5F
:102A6000BE147BBF834016BEAC3A7DBF36BDC8BD29
:102A70006DC47EBF2FFB48BD0FB17FBF000000803B
:102A8000000080BF2FFB483D0FB17FBF36BDC83D62
:102A90006DC47EBF8340163EAC3A7DBFC2C5473E83
:102AA000BE147BBFCCCF783EF85378BF31A0943EA4
:102AB0000BFA74BFD47CAC3E080971BF15EFC33E5E
:102AC0005E836CBF80E8DA3ED86B67BFEA5AF13E9E
:102AD00098C561BF3D9C033F1A945BBFDA390E3F36
:102AE00031DB54BFC07F183F029F4DBF9967223F23
:102AF00003E445BF4AEB2B3FF9AE3DBFF304353F3E
:102B0000F30435BFF9AE3D3F4AEB2BBF03E4453F2D
:102B1000996722BF029F4D3FC07F18BF31DB543FF2
:102B2000DA390EBF1A945B3F3D9C03BF98C5613FE5
:102B3000EA5AF1BED86B673F80E8DABE5E836C3F2D
:102B400015EFC3BE0809713FD47CACBE0BFA743FCD
:102B500031A094BEF853783FCCCF78BEBE147B3FF3
:102B6000C2C547BEAC3A7D3F834016BE6DC47E3FB2
:102B700036BDC8BD0FB17F3F2FFB48BD0000803F71
:102B8000000000005E836C3F15EFC33EF304353F49
:102B9000F304353F15EFC33E5E836C3F0000000039
:102BA0000000803F15EFC3BE5E836C3FF30435BF6A
:102BB000F304353F5E836CBF15EFC33E000080BF5A
:102BC000000000005E836CBF15EFC3BEF30435BF89
:102BD000F30435BF15EFC3BE5E836CBF00000080F9
:102BE000000080BF15EFC33E5E836CBFF304353F2A
:102BF000F30435BF5E836C3F15EFC3BE0000803F1A
:102C000000000000B1FF7F3FC70F493BC4FE7F3F7C
:102C1000890FC93B39FD7F3F59CB163C11FB7F3FE4
:102C2000900E493C4AF87F3F4B517B3CE6F47F3F96
:102C3000B6C9963CE3F07F3F69EAAF3C43EC7F3F87
:102C4000B00AC93C05E77F3F7B2AE23C29E17F3F90
:102C5000B949FB3CAFDA7F3F2F340A3D98D37F3F21
:102C60002CC3163DE2CB7F3FCC51233D8FC37F3F2A
:102C700007E02F3D9EBA7F3FD56D3C3D0FB17F3FB2
:102C80002FFB483DE3A67F3F0E88553D189C7F3FB4
:102C90006814623DB1907F3F38A06E3DAB847F3FAA
:102CA000742B7B3D08787F3F0ADB833DC76A7F3FFB
:102CB0000A208A3DE95C7F3FB464903D6D4E7F3FC2
:102CC00005A9963D543F7F3FF9EC9C3D9D2F7F3FEA
:102CD0008C30A33D491F7F3FBA73A93D580E7F3FFB
:102CE00080B6AF3DC9FC7E3FDAF8B53D9DEA7E3F38
:102CF000C33ABC3DD4D77E3F397CC23D6DC47E3FD4
:102D000036BDC83D69B07E3FB7FDCE3DC99B7E3F15
:102D1000B93DD53D8B867E3F377DDB3DB0707E3F34
:102D20002EBCE13D385A7E3F9AFAE73D23437E3F71
:102D30007638EE3D722B7E3FC075F43D24137E3F06
:102D400073B2FA3D38FA7D3F4577003EB1E07D3FF2
:102D50000295033E8CC67D3F6EB2063ECCAB7D3FF6
:102D600086CF093E6E907D3F4AEC0C3E74747D3FE9
:102D7000B708103EDE577D3FCA24133EAC3A7D3F74
:102D80008340163EDD1C7D3FE05B193E73FE7C3FB9
:102D9000DE761C3E6CDF7C3F7B911F3EC9BF7C3FD3
:102DA000B6AB223E8A9F7C3F8CC5253EB07E7C3FE1
:102DB000FCDE283E3A5D7C3F04F82B3E283B7C3FFE
:102DC000A2102F3E7A187C3FD428323E31F57B3F4B
:102DD0009840353E4DD17B3FEC57383ECDAC7B3FE4
:102DE000CF6E3B3EB2877B3F3E853E3EFC617B3FE4
:102DF000379B413EAB3B7B3FB9B0443EBE147B3F6B
:102E0000C2C5473E37ED7A3F4FDA4A3E16C57A3F94
:102E100060EE4D3E599C7A3FF101513E02737A3F7C
:102E20000115543E10497A3F8F27573E841E7A3F42
:102E300097395A3E5EF3793F1A4B5D3E9DC7793F05
:102E4000135C603E439B793F836C633E4E6E793FDB
:102E5000667C663EC040793FBA8B693E9812793FE6
:102E60007F9A6C3ED6E3783FB2A86F3E7BB4783F42
:102E700051B6723E8684783F5AC3753EF853783F08
:102E8000CCCF783ED122783FA4DB7B3E10F1773F58
:102E9000E1E67E3EB7BE773FC0F8803EC58B773F08
:102EA000C07D823E3A58773F7002843E1724773FB8
:102EB000CE86853E5BEF763FDA0A873E07BA763FDD
:102EC000938E883E1B84763FF8118A3E974D763F5D
:102ED00007958B3E7A16763FC0178D3EC6DE753F4E
:102EE000229A8E3E7BA6753F2C1C903E976D753FB7
:102EF000DD9D913E1D34753F351F933E0BFA743FA7
:102F000031A0943E62BF743FD220963E2284743F2B
:102F100017A1973E4B48743FFE20993EDD0B743F4E
:102F200086A09A3ED9CE733FAF1F9C3E3F91733F20
:102F3000789E9D3E0E53733FDF1C9F3E4714733FA8
:102F4000E59AA03EEBD4723F8718A23EF894723FF8
:102F5000C595A33E7054723F9F12A53E5213723F17
:102F6000128FA63E9FD1713F1F0BA83E578F713F16
:102F7000C486A93E7A4C713F0102AB3E0809713FFD
:102F8000D47CAC3E02C5703F3CF7AD3E6680703FDE
:102F90003A71AF3E373B703FCBEAB03E73F56F3FBF
:102FA000EF63B23E1BAF6F3FA5DCB33E30686F3FAF
:102FB000EC54B53EB0206F3FC3CCB63E9ED86E3FBA
:102FC0002A44B83EF88F6E3F1EBBB93EBE466E3FE8
:102FD000A031BB3EF2FC6D3FAFA7BC3E93B26D3F4C
:102FE0004A1DBE3EA1676D3F6F92BF3E1D1C6D3FE7
:102FF0001E07C13E07D06C3F557BC23E5E836C3FCF
:1030000015EFC33E24366C3F5C62C53E58E86B3F0B
:1030100029D5C63EFB996B3F7C47C83E0C4B6B3FA6
:1030200053B9C93E8CFB6A3FAE2ACB3E7BAB6A3FAD
:103030008B9BCC3ED95A6A3FEA0BCE3EA7096A3F2A
:10304000CA7BCF3EE4B7693F2AEBD03E9165693F2A
:10305000095AD23EAE12693F67C8D33E3CBF683FB3
:103060004136D53E396B683F99A3D63EA816683FD6
:103070006B10D83E87C1673FB97CD93ED86B673F9C
:1030800080E8DA3E9915673FC153DC3ECCBE663F0F
:1030900079BEDD3E7167663FA928DF3E880F663F37
:1030A0004F92E03E10B7653F6AFBE13E0B5E653F25
:1030B000FA63E33E7904653FFECBE43E59AA643FE0
:1030C0007533E63EAC4F643F5D9AE73E73F4633F71
:1030D000B700E93EAC98633F8166EA3E5A3C633FE5
:1030E000BBCBEB3E7BDF623F6330ED3E1082623F45
:1030F0007994EE3E1A24623FFBF7EF3E98C5613F9C
:10310000EA5AF13E8A66613F43BDF23EF206613FF4
:10311000071FF43ECFA6603F3580F53E2146603F55
:10312000CBE0F63EE9E45F3FC840F83E27835F3FCF
:103130002DA0F93EDB205F3FF7FEFA3E05BE5E3F65
:10314000275DFC3EA65A5E3FBBBAFD3EBEF65D3F24
:10315000B217FF3E4D925D3F063A003F532D5D3F53
:10316000E4E7003FD1C75C3F7395013FC7615C3F17
:10317000B142023F34FB5B3F9FEF023F1A945B3F3B
:103180003D9C033F792C5B3F8948043F50C45A3F24
:1031900084F4043FA05B5A3F2CA0053F6AF2593FDC
:1031A000824B063FAD88593F86F6063F6A1E593F5F
:1031B00036A1073FA1B3583F924B083F5348583FB1
:1031C0009BF5083F7FDC573F4E9F093F2670573FD6
:1031D000AD480A3F4803573FB7F10A3FE595563FD0
:1031E0006B9A0B3FFE27563FC9420C3F93B9553FA0
:1031F000D0EA0C3FA44A553F81920D3F31DB543F4A
:10320000DA390E3F3B6B543FDBE00E3FC3FA533FCE
:1032100084870F3FC789533FD52D103F4918533F2F
:10322000CDD3103F49A6523F6B79113FC633523F71
:10323000B01E123FC2C0513F9AC3123F3D4D513F95
:103240002A68133F37D9503F5F0C143FAF64503F9B
:1032500039B0143FA8EF4F3FB753153F1F7A4F3F88
:10326000D9F6153F17044F3F9F99163F908D4E3F5B
:10327000073C173F89164E3F12DE173F029F4D3F16
:10328000C07F183FFD264D3F0F21193F79AE4C3FBF
:1032900000C2193F78354C3F93621A3FF8BB4B3F51
:1032A000C6021B3FFA414B3F99A21B3F7FC74A3FD3
:1032B0000C421C3F874C4A3F1FE11C3F12D1493F43
:1032C000D17F1D3F2155493F221E1E3FB3D8483FA5
:1032D00012BC1E3FCA5B483F9F591F3F65DE473FF8
:1032E000CBF61F3F8560473F9393203F2AE2463F3E
:1032F000F92F213F5463463FFBCB213F03E4453F79
:103300009967223F3964453FD302233FF5E3443FA9
:10331000A99D233F3763443F1A38243F00E2433FCF
:1033200025D2243F5160433FCB6B253F29DE423FEE
:103330000A05263F895B423FE39D263F70D8413F07
:103340005636273FE154413F61CE273FDAD0403F18
:103350000566283F5C4C403F41FD283F67C73F3F23
:103360001594293FFC413F3F802A2A3F1BBC3E3F2A
:1033700082C02A3FC5353E3F1B562B3FF9AE3D3F2D
:103380004AEB2B3FB8273D3F0F802C3F03A03C3F2B
:1033900069142D3FD9173C3F59A82D3F3B8F3B3F28
:1033A000DE3B2E3F29063B3FF7CE2E3FA47C3A3F23
:1033B000A5612F3FACF2393FE6F32F3F4268393F1A
:1033C000BB85303F65DD383F2217313F1652383F0D
:1033D0001DA8313F55C6373FAA38323F233A373F01
:1033E000C9C8323F7FAD363F7A58333F6C20363FF5
:1033F000BCE7333FE792353F8F76343FF304353FE8
:10340000F304353F8F76343FE792353FBCE7333FD7
:103410006C20363F7A58333F7FAD363FC9C8323FC4
:10342000233A373FAA38323F55C6373F1DA8313FB0
:103430001652383F2217313F65DD383FBB85303F9C
:103440004268393FE6F32F3FACF2393FA5612F3F89
:10345000A47C3A3FF7CE2E3F29063B3FDE3B2E3F72
:103460003B8F3B3F59A82D3FD9173C3F69142D3F57
:1034700003A03C3F0F802C3FB8273D3F4AEB2B3F3A
:10348000F9AE3D3F1B562B3FC5353E3F82C02A3F1C
:103490001BBC3E3F802A2A3FFC413F3F1594293FF9
:1034A00067C73F3F41FD283F5C4C403F0566283FD2
:1034B000DAD0403F61CE273FE154413F5636273FA7
:1034C00070D8413FE39D263F895B423F0A05263F76
:1034D00029DE423FCB6B253F5160433F25D2243F3D
:1034E00000E2433F1A38243F3763443FA99D233FFE
:1034F000F5E3443FD302233F3964453F9967223FB8
:1035000003E4453FFBCB213F5463463FF92F213F66
:103510002AE2463F9393203F8560473FCBF61F3F0B
:1035200065DE473F9F591F3FCA5B483F12BC1E3FA5
:10353000B3D8483F221E1E3F2155493FD17F1D3F32
:1035400012D1493F1FE11C3F874C4A3F0C421C3FB0
:103550007FC74A3F99A21B3FFA414B3FC6021B3F20
:10356000F8BB4B3F93621A3F78354C3F00C2193F7E
:1035700079AE4C3F0F21193FFD264D3FC07F183FCC
:10358000029F4D3F12DE173F89164E3F073C173F03
:10359000908D4E3F9F99163F17044F3FD9F6153F28
:1035A0001F7A4F3FB753153FA8EF4F3F39B0143F35
:1035B000AF64503F5F0C143F37D9503F2A68133F28
:1035C0003D4D513F9AC3123FC2C0513FB01E123F02
:1035D000C633523F6B79113F49A6523FCDD3103FBE
:1035E0004918533FD52D103FC789533F84870F3F5C
:1035F000C3FA533FDBE00E3F3B6B543FDA390E3FDB
:1036000031DB543F81920D3FA44A553FD0EA0C3F35
:1036100093B9553FC9420C3FFE27563F6B9A0B3F6B
:10362000E595563FB7F10A3F4803573FAD480A3F7B
:103630002670573F4E9F093F7FDC573F9BF5083F61
:103640005348583F924B083FA1B3583F36A1073F1C
:103650006A1E593F86F6063FAD88593F824B063FAA
:103660006AF2593F2CA0053FA05B5A3F84F4043F07
:1036700050C45A3F8948043F792C5B3F3D9C033F2F
:103680001A945B3F9FEF023F34FB5B3FB142023F26
:10369000C7615C3F7395013FD1C75C3FE4E7003FE2
:1036A000532D5D3F063A003F4D925D3FB217FF3EFE
:1036B000BEF65D3FBBBAFD3EA65A5E3F275DFC3EAF
:1036C00005BE5E3FF7FEFA3EDB205F3F2DA0F93ED0
:1036D00027835F3FC840F83EE9E45F3FCBE0F63E1A
:1036E0002146603F3580F53ECFA6603F071FF43E80
:1036F000F206613F43BDF23E8A66613FEA5AF13EFF
:1037000098C5613FFBF7EF3E1A24623F7994EE3E85
:103710001082623F6330ED3E7BDF623FBBCBEB3E0E
:103720005A3C633F8166EA3EAC98633FB700E93E8E
:1037300073F4633F5D9AE73EAC4F643F7533E63EFA
:1037400059AA643FFECBE43E7904653FFA63E33E49
:103750000B5E653F6AFBE13E10B7653F4F92E03E6E
:10376000880F663FA928DF3E7167663F79BEDD3E60
:10377000CCBE663FC153DC3E9915673F80E8DA3E18
:10378000D86B673FB97CD93E87C1673F6B10D83E85
:10379000A816683F99A3D63E396B683F4136D53E9F
:1037A0003CBF683F67C8D33EAE12693F095AD23E5C
:1037B0009165693F2AEBD03EE4B7693FCA7BCF3EB3
:1037C000A7096A3FEA0BCE3ED95A6A3F8B9BCC3E93
:1037D0007BAB6A3FAE2ACB3E8CFB6A3F53B9C93EF6
:1037E0000C4B6B3F7C47C83EFB996B3F29D5C63ECF
:1037F00058E86B3F5C62C53E24366C3F15EFC33E14
:103800005E836C3F557BC23E07D06C3F1E07C13EB6
:103810001D1C6D3F6F92BF3EA1676D3F4A1DBE3EAE
:1038200093B26D3FAFA7BC3EF2FC6D3FA031BB3EF3
:10383000BE466E3F1EBBB93EF88F6E3F2A44B83E6F
:103840009ED86E3FC3CCB63EB0206F3FEC54B53E21
:1038500030686F3FA5DCB33E1BAF6F3FEF63B23EF6
:1038600073F56F3FCBEAB03E373B703F3A71AF3EE6
:103870006680703F3CF7AD3E02C5703FD47CAC3EE5
:103880000809713F0102AB3E7A4C713FC486A93EE4
:10389000578F713F1F0BA83E9FD1713F128FA63EDD
:1038A0005213723F9F12A53E7054723FC595A33EBE
:1038B000F894723F8718A23EEBD4723FE59AA03E7F
:1038C0004714733FDF1C9F3E0E53733F789E9D3E0F
:1038D0003F91733FAF1F9C3ED9CE733F86A09A3E67
:1038E000DD0B743FFE20993E4B48743F17A1973E75
:1038F0002284743FD220963E62BF743F31A0943E32
:103900000BFA743F351F933E1D34753FDD9D913E8C
:10391000976D753F2C1C903E7BA6753F229A8E3E7C
:10392000C6DE753FC0178D3E7A16763F07958B3EF3
:10393000974D763FF8118A3E1B84763F938E883EE2
:1039400007BA763FDA0A873E5BEF763FCE86853E42
:103950001724773F7002843E3A58773FC07D823EFD
:10396000C58B773FC0F8803EB7BE773FE1E67E3E2D
:1039700010F1773FA4DB7B3ED122783FCCCF783E5D
:10398000F853783F5AC3753E8684783F51B6723EED
:103990007BB4783FB2A86F3ED6E3783F7F9A6C3E07
:1039A0009812793FBA8B693EC040793F667C663E8B
:1039B0004E6E793F836C633E439B793F135C603E60
:1039C0009DC7793F1A4B5D3E5EF3793F97395A3E6A
:1039D000841E7A3F8F27573E10497A3F0115543E87
:1039E00002737A3FF101513E599C7A3F60EE4D3EA1
:1039F00016C57A3F4FDA4A3E37ED7A3FC2C5473E99
:103A0000BE147B3FB9B0443EAB3B7B3F379B413E4E
:103A1000FC617B3F3E853E3EB2877B3FCF6E3B3EA7
:103A2000CDAC7B3FEC57383E4DD17B3F9840353E87
:103A300031F57B3FD428323E7A187C3FA2102F3ECE
:103A4000283B7C3F04F82B3E3A5D7C3FFCDE283E61
:103A5000B07E7C3F8CC5253E8A9F7C3FB6AB223E24
:103A6000C9BF7C3F7B911F3E6CDF7C3FDE761C3EF6
:103A700073FE7C3FE05B193EDD1C7D3F8340163EBC
:103A8000AC3A7D3FCA24133EDE577D3FB708103E57
:103A900074747D3F4AEC0C3E6E907D3F86CF093EAC
:103AA000CCAB7D3F6EB2063E8CC67D3F0295033E99
:103AB000B1E07D3F4577003E38FA7D3F73B2FA3D75
:103AC00024137E3FC075F43D722B7E3F7638EE3D69
:103AD00023437E3F9AFAE73D385A7E3F2EBCE13DB4
:103AE000B0707E3F377DDB3D8B867E3FB93DD53D57
:103AF000C99B7E3FB7FDCE3D69B07E3F36BDC83D18
:103B00006DC47E3F397CC23DD4D77E3FC33ABC3DB5
:103B10009DEA7E3FDAF8B53DC9FC7E3F80B6AF3DF9
:103B2000580E7F3FBA73A93D491F7F3F8C30A33D9C
:103B30009D2F7F3FF9EC9C3D543F7F3F05A9963D6B
:103B40006D4E7F3FB464903DE95C7F3F0A208A3D23
:103B5000C76A7F3F0ADB833D08787F3F742B7B3D3C
:103B6000AB847F3F38A06E3DB1907F3F6814623DCB
:103B7000189C7F3F0E88553DE3A67F3F2FFB483DB5
:103B80000FB17F3FD56D3C3D9EBA7F3F07E02F3D93
:103B90008FC37F3FCC51233DE2CB7F3F2CC3163DEB
:103BA00098D37F3F2F340A3DAFDA7F3FB949FB3CC2
:103BB00029E17F3F7B2AE23C05E77F3FB00AC93C11
:103BC00043EC7F3F69EAAF3CE3F07F3FB6C9963CE8
:103BD000E6F47F3F4B517B3C4AF87F3F900E493CD7
:103BE00011FB7F3F59CB163C39FD7F3F890FC93B05
:103BF000C4FE7F3FC70F493BB1FF7F3F000000007D
:103C00000000803FC70F49BBB1FF7F3F890FC9BB91
:103C1000C4FE7F3F59CB16BC39FD7F3F900E49BC97
:103C200011FB7F3F4B517BBC4AF87F3FB6C996BC26
:103C3000E6F47F3F69EAAFBCE3F07F3FB00AC9BC5E
:103C400043EC7F3F7B2AE2BC05E77F3FB949FBBCE1
:103C500029E17F3F2F340ABDAFDA7F3F2CC316BD69
:103C600098D37F3FCC5123BDE2CB7F3F07E02FBDF0
:103C70008FC37F3FD56D3CBD9EBA7F3F2FFB48BDB4
:103C80000FB17F3F0E8855BDE3A67F3F681462BD2C
:103C9000189C7F3F38A06EBDB1907F3F742B7BBDD9
:103CA000AB847F3F0ADB83BD08787F3F0A208ABD53
:103CB000C76A7F3FB46490BDE95C7F3F05A996BDAC
:103CC0006D4E7F3FF9EC9CBD543F7F3F8C30A3BDD0
:103CD0009D2F7F3FBA73A9BD491F7F3F80B6AFBDFF
:103CE000580E7F3FDAF8B5BDC9FC7E3FC33ABCBD74
:103CF0009DEA7E3F397CC2BDD4D77E3F36BDC8BD6C
:103D00006DC47E3FB7FDCEBD69B07E3FB93DD5BD28
:103D1000C99B7E3F377DDBBD8B867E3F2EBCE1BDE0
:103D2000B0707E3F9AFAE7BD385A7E3F7638EEBDD6
:103D300023437E3FC075F4BD722B7E3F73B2FABD44
:103D400024137E3F457700BE38FA7D3F029503BEBF
:103D5000B1E07D3F6EB206BE8CC67D3F86CF09BE08
:103D6000CCAB7D3F4AEC0CBE6E907D3FB70810BED9
:103D700074747D3FCA2413BEDE577D3F834016BE58
:103D8000AC3A7D3FE05B19BEDD1C7D3FDE761CBE9C
:103D900073FE7C3F7B911FBE6CDF7C3FB6AB22BEC7
:103DA000C9BF7C3F8CC525BE8A9F7C3FFCDE28BEF8
:103DB000B07E7C3F04F82BBE3A5D7C3FA2102FBE44
:103DC000283B7C3FD42832BE7A187C3F984035BED1
:103DD00031F57B3FEC5738BE4DD17B3FCF6E3BBEBC
:103DE000CDAC7B3F3E853EBEB2877B3F379B41BE1D
:103DF000FC617B3FB9B044BEAB3B7B3FC2C547BE15
:103E0000BE147B3F4FDA4ABE37ED7A3F60EE4DBEBF
:103E100016C57A3FF10151BE599C7A3F011554BE37
:103E200002737A3F8F2757BE10497A3F97395ABE9F
:103E3000841E7A3F1A4B5DBE5EF3793F135C60BE11
:103E40009DC7793F836C63BE439B793F667C66BEAA
:103E50004E6E793FBA8B69BEC040793F7F9A6CBE87
:103E60009812793FB2A86FBED6E3783F51B672BEC2
:103E70007BB4783F5AC375BE8684783FCCCF78BE7A
:103E8000F853783FA4DB7BBED122783FE1E67EBECB
:103E900010F1773FC0F880BEB7BE773FC07D82BECD
:103EA000C58B773F700284BE3A58773FCE8685BE79
:103EB0001724773FDA0A87BE5BEF763F938E88BE82
:103EC00007BA763FF8118ABE1B84763F07958BBEF2
:103ED000974D763FC0178DBE7A16763F229A8EBEDA
:103EE000C6DE753F2C1C90BE7BA6753FDD9D91BE46
:103EF000976D753F351F93BE1D34753F31A094BE3D
:103F00000BFA743FD22096BE62BF743F17A197BED2
:103F10002284743FFE2099BE4B48743F86A09ABE0F
:103F2000DD0B743FAF1F9CBED9CE733F789E9DBE04
:103F30003F91733FDF1C9FBE0E53733FE59AA0BEB7
:103F40004714733F8718A2BEEBD4723FC595A3BE3A
:103F5000F894723F9F12A5BE7054723F128FA6BE96
:103F60005213723F1F0BA8BE9FD1713FC486A9BEDA
:103F7000578F713F0102ABBE7A4C713FD47CACBE0F
:103F80000809713F3CF7ADBE02C5703F3A71AFBE44
:103F90006680703FCBEAB0BE373B703FEF63B2BE86
:103FA00073F56F3FA5DCB3BE1BAF6F3FEC54B5BEDE
:103FB00030686F3FC3CCB6BEB0206F3F2A44B8BE56
:103FC0009ED86E3F1EBBB9BEF88F6E3FA031BBBE00
:103FD000BE466E3FAFA7BCBEF2FC6D3F4A1DBEBEE3
:103FE00093B26D3F6F92BFBEA1676D3F1E07C1BE0A
:103FF0001D1C6D3F557BC2BE07D06C3F15EFC3BE85
:104000005E836C3F5C62C5BE24366C3F29D5C6BE5C
:1040100058E86B3F7C47C8BEFB996B3F53B9C9BE9C
:104020000C4B6B3FAE2ACBBE8CFB6A3F8B9BCCBE4E
:104030007BAB6A3FEA0BCEBED95A6A3FCA7BCFBE82
:10404000A7096A3F2AEBD0BEE4B7693F095AD2BE3E
:104050009165693F67C8D3BEAE12693F4136D5BE90
:104060003CBF683F99A3D6BE396B683F6B10D8BE82
:10407000A816683FB97CD9BE87C1673F80E8DABE21
:10408000D86B673FC153DCBE9915673F79BEDDBE73
:10409000CCBE663FA928DFBE7167663F4F92E0BE87
:1040A000880F663F6AFBE1BE10B7653FFA63E3BE67
:1040B0000B5E653FFECBE4BE7904653F7533E6BE1B
:1040C00059AA643F5D9AE7BEAC4F643FB700E9BEB2
:1040D00073F4633F8166EABEAC98633FBBCBEBBE33
:1040E0005A3C633F6330EDBE7BDF623F7994EEBEA6
:1040F0001082623FFBF7EFBE1A24623FEA5AF1BE1C
:1041000098C5613F43BDF2BE8A66613F071FF4BE9A
:10411000F206613F3580F5BECFA6603FCBE0F6BE2C
:104120002146603FC840F8BEE9E45F3F2DA0F9BEDC
:1041300027835F3FF7FEFABEDB205F3F275DFCBEB3
:1041400005BE5E3FBBBAFDBEA65A5E3FB217FFBEBC
:10415000BEF65D3F063A00BF4D925D3FE4E700BF0B
:10416000532D5D3F739501BFD1C75C3FB14202BF84
:10417000C7615C3F9FEF02BF34FB5B3F3D9C03BFC9
:104180001A945B3F894804BF792C5B3F84F404BFD9
:1041900050C45A3F2CA005BFA05B5A3F824B06BFBC
:1041A0006AF2593F86F606BFAD88593F36A107BF70
:1041B0006A1E593F924B08BFA1B3583F9BF508BFF9
:1041C0005348583F4E9F09BF7FDC573FAD480ABF59
:1041D0002670573FB7F10ABF4803573F6B9A0BBF92
:1041E000E595563FC9420CBFFE27563FD0EA0CBFAB
:1041F00093B9553F81920DBFA44A553FDA390EBF9E
:1042000031DB543FDBE00EBF3B6B543F84870FBF75
:10421000C3FA533FD52D10BFC789533FCDD310BF2D
:104220004918533F6B7911BF49A6523FB01E12BFC8
:10423000C633523F9AC312BFC2C0513F2A6813BF50
:104240003D4D513F5F0C14BF37D9503F39B014BFBB
:10425000AF64503FB75315BFA8EF4F3FD9F615BF16
:104260001F7A4F3F9F9916BF17044F3F073C17BF58
:10427000908D4E3F12DE17BF89164E3FC07F18BF8C
:10428000029F4D3F0F2119BFFD264D3F00C219BFB0
:1042900079AE4C3F93621ABF78354C3FC6021BBFC4
:1042A000F8BB4B3F99A21BBFFA414B3F0C421CBFCE
:1042B0007FC74A3F1FE11CBF874C4A3FD17F1DBFCC
:1042C00012D1493F221E1EBF2155493F12BC1EBFBD
:1042D000B3D8483F9F591FBFCA5B483FCBF61FBFAB
:1042E00065DE473F939320BF8560473FF92F21BF8D
:1042F0002AE2463FFBCB21BF5463463F996722BF6A
:1043000003E4453FD30223BF3964453FA99D23BF42
:10431000F5E3443F1A3824BF3763443F25D224BF16
:1043200000E2433FCB6B25BF5160433F0A0526BFE8
:1043300029DE423FE39D26BF895B423F563627BFB9
:1043400070D8413F61CE27BFE154413F056628BF89
:10435000DAD0403F41FD28BF5C4C403F159429BF57
:1043600067C73F3F802A2ABFFC413F3F82C02ABF28
:104370001BBC3E3F1B562BBFC5353E3F4AEB2BBFF8
:10438000F9AE3D3F0F802CBFB8273D3F69142DBFCC
:1043900003A03C3F59A82DBFD9173C3FDE3B2EBFA1
:1043A0003B8F3B3FF7CE2EBF29063B3FA5612FBF7A
:1043B000A47C3A3FE6F32FBFACF2393FBB8530BF58
:1043C0004268393F221731BF65DD383F1DA831BF34
:1043D0001652383FAA3832BF55C6373FC9C832BF18
:1043E000233A373F7A5833BF7FAD363FBCE733BF00
:1043F0006C20363F8F7634BFE792353FF30435BFEC
:10440000F304353FE79235BF8F76343F6C2036BFDB
:10441000BCE7333F7FAD36BF7A58333F233A37BFCF
:10442000C9C8323F55C637BFAA38323F165238BFC7
:104430001DA8313F65DD38BF2217313F426839BFC3
:10444000BB85303FACF239BFE6F32F3FA47C3ABFC7
:10445000A5612F3F29063BBFF7CE2E3F3B8F3BBFC9
:10446000DE3B2E3FD9173CBF59A82D3F03A03CBFD0
:1044700069142D3FB8273DBF0F802C3FF9AE3DBFDB
:104480004AEB2B3FC5353EBF1B562B3F1BBC3EBFE7
:1044900082C02A3FFC413FBF802A2A3F67C73FBFF7
:1044A0001594293F5C4C40BF41FD283FDAD040BF06
:1044B0000566283FE15441BF61CE273F70D841BF18
:1044C0005636273F895B42BFE39D263F29DE42BF28
:1044D0000A05263F516043BFCB6B253F00E243BF37
:1044E00025D2243F376344BF1A38243FF5E344BF45
:1044F000A99D233F396445BFD302233F03E445BF51
:104500009967223F546346BFFBCB213F2AE246BF57
:10451000F92F213F856047BF9393203F65DE47BF5A
:10452000CBF61F3FCA5B48BF9F591F3FB3D848BF58
:1045300012BC1E3F215549BF221E1E3F12D149BF4A
:10454000D17F1D3F874C4ABF1FE11C3F7FC74ABF39
:104550000C421C3FFA414BBF99A21B3FF8BB4BBF1B
:10456000C6021B3F78354CBF93621A3F79AE4CBFF1
:1045700000C2193FFD264DBF0F21193F029F4DBFBD
:10458000C07F183F89164EBF12DE173F908D4EBF79
:10459000073C173F17044FBF9F99163F1F7A4FBF25
:1045A000D9F6153FA8EF4FBFB753153FAF6450BFC3
:1045B00039B0143F37D950BF5F0C143F3D4D51BF48
:1045C0002A68133FC2C051BF9AC3123FC63352BFBD
:1045D000B01E123F49A652BF6B79113F491853BF15
:1045E000CDD3103FC78953BFD52D103FC3FA53BF5A
:1045F00084870F3F3B6B54BFDBE00E3F31DB54BF82
:10460000DA390E3FA44A55BF81920D3F93B955BF89
:10461000D0EA0C3FFE2756BFC9420C3FE59556BF76
:104620006B9A0B3F480357BFB7F10A3F267057BF3D
:10463000AD480A3F7FDC57BF4E9F093F534858BFE4
:104640009BF5083FA1B358BF924B083F6A1E59BF64
:1046500036A1073FAD8859BF86F6063F6AF259BFBB
:10466000824B063FA05B5ABF2CA0053F50C45ABFE7
:1046700084F4043F792C5BBF8948043F1A945BBFE4
:104680003D9C033F34FB5BBF9FEF023FC7615CBFB4
:10469000B142023FD1C75CBF7395013F532D5DBF4F
:1046A000E4E7003F4D925DBF063A003FBEF65DBFB6
:1046B000B217FF3EA65A5EBFBBBAFD3E05BE5EBF47
:1046C000275DFC3EDB205FBFF7FEFA3E27835FBF1E
:1046D0002DA0F93EE9E45FBFC840F83E214660BF27
:1046E000CBE0F63ECFA660BF3580F53EF20661BF57
:1046F000071FF43E8A6661BF43BDF23E98C561BFA5
:10470000EA5AF13E1A2462BFFBF7EF3E108262BF05
:104710007994EE3E7BDF62BF6330ED3E5A3C63BF6F
:10472000BBCBEB3EAC9863BF8166EA3E73F463BFDC
:10473000B700E93EAC4F64BF5D9AE73E59AA64BF3B
:104740007533E63E790465BFFECBE43E0B5E65BF84
:10475000FA63E33E10B765BF6AFBE13E880F66BFB0
:104760004F92E03E716766BFA928DF3ECCBE66BFB0
:1047700079BEDD3E991567BFC153DC3ED86B67BF7C
:1047800080E8DA3E87C167BFB97CD93EA81668BF0A
:104790006B10D83E396B68BF99A3D63E3CBF68BF4B
:1047A0004136D53EAE1269BF67C8D33E916569BF39
:1047B000095AD23EE4B769BF2AEBD03EA7096ABFC7
:1047C000CA7BCF3ED95A6ABFEA0BCE3E7BAB6ABFEB
:1047D0008B9BCC3E8CFB6ABFAE2ACB3E0C4B6BBF97
:1047E00053B9C93EFB996BBF7C47C83E58E86BBFC5
:1047F00029D5C63E24366CBF5C62C53E5E836CBF65
:1048000015EFC33E07D06CBF557BC23E1D1C6DBF6C
:104810001E07C13EA1676DBF6F92BF3E93B26DBFD1
:104820004A1DBE3EF2FC6DBFAFA7BC3EBE466EBF8A
:10483000A031BB3EF88F6EBF1EBBB93E9ED86EBF87
:104840002A44B83EB0206FBFC3CCB63E30686FBFBD
:10485000EC54B53E1BAF6FBFA5DCB33E73F56FBF25
:10486000EF63B23E373B70BFCBEAB03E668070BFAD
:104870003A71AF3E02C570BF3CF7AD3E080971BF4B
:10488000D47CAC3E7A4C71BF0102AB3E578F71BFF6
:10489000C486A93E9FD171BF1F0BA83E521372BFA1
:1048A000128FA63E705472BF9F12A53EF89472BF3D
:1048B000C595A33EEBD472BF8718A23E471473BFC1
:1048C000E59AA03E0E5373BFDF1C9F3E3F9173BF1E
:1048D000789E9D3ED9CE73BFAF1F9C3EDD0B74BF4B
:1048E00086A09A3E4B4874BFFE20993E228474BF36
:1048F00017A1973E62BF74BFD220963E0BFA74BFD9
:1049000031A0943E1D3475BF351F933E976D75BF22
:10491000DD9D913E7BA675BF2C1C903EC6DE75BF0B
:10492000229A8E3E7A1676BFC0178D3E974D76BF7F
:1049300007958B3E1B8476BFF8118A3E07BA76BF77
:10494000938E883E5BEF76BFDA0A873E172477BFE7
:10495000CE86853E3A5877BF7002843EC58B77BFBE
:10496000C07D823EB7BE77BFC0F8803E10F177BFF2
:10497000E1E67E3ED12278BFA4DB7B3EF85378BFD0
:10498000CCCF783E868478BF5AC3753E7BB478BF5F
:1049900051B6723ED6E378BFB2A86F3E981279BF87
:1049A0007F9A6C3EC04079BFBA8B693E4E6E79BF2C
:1049B000667C663E439B79BF836C633E9DC779BF2F
:1049C000135C603E5EF379BF1A4B5D3E841E7ABF76
:1049D00097395A3E10497ABF8F27573E02737ABFE4
:1049E0000115543E599C7ABFF101513E16C57ABF5C
:1049F00060EE4D3E37ED7ABF4FDA4A3EBE147BBFC4
:104A0000C2C5473EAB3B7BBFB9B0443EFC617BBFF8
:104A1000379B413EB2877BBF3E853E3ECDAC7BBFE0
:104A2000CF6E3B3E4DD17BBFEC57383E31F57BBF5F
:104A30009840353E7A187CBFD428323E283B7CBF54
:104A4000A2102F3E3A5D7CBF04F82B3EB07E7CBFA7
:104A5000FCDE283E8A9F7CBF8CC5253EC9BF7CBF3B
:104A6000B6AB223E6CDF7CBF7B911F3E73FE7CBFEA
:104A7000DE761C3EDD1C7DBFE05B193EAC3A7DBF9F
:104A80008340163EDE577DBFCA24133E74747DBF3B
:104A9000B708103E6E907DBF4AEC0C3ECCAB7DBF9C
:104AA00086CF093E8CC67DBF6EB2063EB1E07DBFAB
:104AB0000295033E38FA7DBF4577003E24137EBF42
:104AC00073B2FA3D722B7EBFC075F43D23437EBFA7
:104AD0007638EE3D385A7EBF9AFAE73DB0707EBF19
:104AE0002EBCE13D8B867EBF377DDB3DC99B7EBF03
:104AF000B93DD53D69B07EBFB7FDCE3D6DC47EBF2B
:104B000036BDC83DD4D77EBF397CC23D9DEA7EBF4D
:104B1000C33ABC3DC9FC7EBFDAF8B53D580E7FBF35
:104B200080B6AF3D491F7FBFBA73A93D9D2F7FBFA0
:104B30008C30A33D543F7FBFF9EC9C3D6D4E7FBF51
:104B400005A9963DE95C7FBFB464903DC76A7FBF0D
:104B50000A208A3D08787FBF0ADB833DAB847FBF94
:104B6000742B7B3DB1907FBF38A06E3D189C7FBFFA
:104B70006814623DE3A67FBF0E88553D0FB17FBF2D
:104B80002FFB483D9EBA7FBFD56D3C3D8FC37FBF95
:104B900007E02F3DE2CB7FBFCC51233D98D37FBFB1
:104BA0002CC3163DAFDA7FBF2F340A3D29E17FBF0A
:104BB000B949FB3C05E77FBF7B2AE23C43EC7FBF62
:104BC000B00AC93CE3F07FBF69EAAF3CE6F47FBFBF
:104BD000B6C9963C4AF87FBF4B517B3C11FB7FBF67
:104BE000900E493C39FD7FBF59CB163CC4FE7FBFB8
:104BF000890FC93BB1FF7FBFC70F493B000080BF92
:104C000000000000B1FF7FBFC70F49BBC4FE7FBFDC
:104C1000890FC9BB39FD7FBF59CB16BC11FB7FBFC4
:104C2000900E49BC4AF87FBF4B517BBCE6F47FBF76
:104C3000B6C996BCE3F07FBF69EAAFBC43EC7FBF67
:104C4000B00AC9BC05E77FBF7B2AE2BC29E17FBF70
:104C5000B949FBBCAFDA7FBF2F340ABD98D37FBF01
:104C60002CC316BDE2CB7FBFCC5123BD8FC37FBF0A
:104C700007E02FBD9EBA7FBFD56D3CBD0FB17FBF92
:104C80002FFB48BDE3A67FBF0E8855BD189C7FBF94
:104C9000681462BDB1907FBF38A06EBDAB847FBF8A
:104CA000742B7BBD08787FBF0ADB83BDC76A7FBFDB
:104CB0000A208ABDE95C7FBFB46490BD6D4E7FBFA2
:104CC00005A996BD543F7FBFF9EC9CBD9D2F7FBFCA
:104CD0008C30A3BD491F7FBFBA73A9BD580E7FBFDB
:104CE00080B6AFBDC9FC7EBFDAF8B5BD9DEA7EBF18
:104CF000C33ABCBDD4D77EBF397CC2BD6DC47EBFB4
:104D000036BDC8BD69B07EBFB7FDCEBDC99B7EBFF5
:104D1000B93DD5BD8B867EBF377DDBBDB0707EBF14
:104D20002EBCE1BD385A7EBF9AFAE7BD23437EBF51
:104D30007638EEBD722B7EBFC075F4BD24137EBFE6
:104D400073B2FABD38FA7DBF457700BEB1E07DBFD2
:104D5000029503BE8CC67DBF6EB206BECCAB7DBFD6
:104D600086CF09BE6E907DBF4AEC0CBE74747DBFC9
:104D7000B70810BEDE577DBFCA2413BEAC3A7DBF54
:104D8000834016BEDD1C7DBFE05B19BE73FE7CBF99
:104D9000DE761CBE6CDF7CBF7B911FBEC9BF7CBFB3
:104DA000B6AB22BE8A9F7CBF8CC525BEB07E7CBFC1
:104DB000FCDE28BE3A5D7CBF04F82BBE283B7CBFDE
:104DC000A2102FBE7A187CBFD42832BE31F57BBF2B
:104DD000984035BE4DD17BBFEC5738BECDAC7BBFC4
:104DE000CF6E3BBEB2877BBF3E853EBEFC617BBFC4
:104DF000379B41BEAB3B7BBFB9B044BEBE147BBF4B
:104E0000C2C547BE37ED7ABF4FDA4ABE16C57ABF74
:104E100060EE4DBE599C7ABFF10151BE02737ABF5C
:104E2000011554BE10497ABF8F2757BE841E7ABF22
:104E300097395ABE5EF379BF1A4B5DBE9DC779BFE5
:104E4000135C60BE439B79BF836C63BE4E6E79BFBB
:104E5000667C66BEC04079BFBA8B69BE981279BFC6
:104E60007F9A6CBED6E378BFB2A86FBE7BB478BF22
:104E700051B672BE868478BF5AC375BEF85378BFE8
:104E8000CCCF78BED12278BFA4DB7BBE10F177BF38
:104E9000E1E67EBEB7BE77BFC0F880BEC58B77BFE8
:104EA000C07D82BE3A5877BF700284BE172477BF98
:104EB000CE8685BE5BEF76BFDA0A87BE07BA76BFBD
:104EC000938E88BE1B8476BFF8118ABE974D76BF3D
:104ED00007958BBE7A1676BFC0178DBEC6DE75BF2E
:104EE000229A8EBE7BA675BF2C1C90BE976D75BF97
:104EF000DD9D91BE1D3475BF351F93BE0BFA74BF87
:104F000031A094BE62BF74BFD22096BE228474BF0B
:104F100017A197BE4B4874BFFE2099BEDD0B74BF2E
:104F200086A09ABED9CE73BFAF1F9CBE3F9173BF00
:104F3000789E9DBE0E5373BFDF1C9FBE471473BF88
:104F4000E59AA0BEEBD472BF8718A2BEF89472BFD8
:104F5000C595A3BE705472BF9F12A5BE521372BFF7
:104F6000128FA6BE9FD171BF1F0BA8BE578F71BFF6
:104F7000C486A9BE7A4C71BF0102ABBE080971BFDD
:104F8000D47CACBE02C570BF3CF7ADBE668070BFBE
:104F90003A71AFBE373B70BFCBEAB0BE73F56FBF9F
:104FA000EF63B2BE1BAF6FBFA5DCB3BE30686FBF8F
:104FB000EC54B5BEB0206FBFC3CCB6BE9ED86EBF9A
:104FC0002A44B8BEF88F6EBF1EBBB9BEBE466EBFC8
:104FD000A031BBBEF2FC6DBFAFA7BCBE93B26DBF2C
:104FE0004A1DBEBEA1676DBF6F92BFBE1D1C6DBFC7
:104FF0001E07C1BE07D06CBF557BC2BE5E836CBFAF
:1050000015EFC3BE24366CBF5C62C5BE58E86BBFEB
:1050100029D5C6BEFB996BBF7C47C8BE0C4B6BBF86
:1050200053B9C9BE8CFB6ABFAE2ACBBE7BAB6ABF8D
:105030008B9BCCBED95A6ABFEA0BCEBEA7096ABF0A
:10504000CA7BCFBEE4B769BF2AEBD0BE916569BF0A
:10505000095AD2BEAE1269BF67C8D3BE3CBF68BF93
:105060004136D5BE396B68BF99A3D6BEA81668BFB6
:105070006B10D8BE87C167BFB97CD9BED86B67BF7C
:1050800080E8DABE991567BFC153DCBECCBE66BFEF
:1050900079BEDDBE716766BFA928DFBE880F66BF17
:1050A0004F92E0BE10B765BF6AFBE1BE0B5E65BF05
:1050B000FA63E3BE790465BFFECBE4BE59AA64BFC0
:1050C0007533E6BEAC4F64BF5D9AE7BE73F463BF51
:1050D000B700E9BEAC9863BF8166EABE5A3C63BFC5
:1050E000BBCBEBBE7BDF62BF6330EDBE108262BF25
:1050F0007994EEBE1A2462BFFBF7EFBE98C561BF7C
:10510000EA5AF1BE8A6661BF43BDF2BEF20661BFD4
:10511000071FF4BECFA660BF3580F5BE214660BF35
:10512000CBE0F6BEE9E45FBFC840F8BE27835FBFAF
:105130002DA0F9BEDB205FBFF7FEFABE05BE5EBF45
:10514000275DFCBEA65A5EBFBBBAFDBEBEF65DBF04
:10515000B217FFBE4D925DBF063A00BF532D5DBF33
:10516000E4E700BFD1C75CBF739501BFC7615CBFF7
:10517000B14202BF34FB5BBF9FEF02BF1A945BBF1B
:105180003D9C03BF792C5BBF894804BF50C45ABF04
:1051900084F404BFA05B5ABF2CA005BF6AF259BFBC
:1051A000824B06BFAD8859BF86F606BF6A1E59BF3F
:1051B00036A107BFA1B358BF924B08BF534858BF91
:1051C0009BF508BF7FDC57BF4E9F09BF267057BFB6
:1051D000AD480ABF480357BFB7F10ABFE59556BFB0
:1051E0006B9A0BBFFE2756BFC9420CBF93B955BF80
:1051F000D0EA0CBFA44A55BF81920DBF31DB54BF2A
:10520000DA390EBF3B6B54BFDBE00EBFC3FA53BFAE
:1052100084870FBFC78953BFD52D10BF491853BF0F
:10522000CDD310BF49A652BF6B7911BFC63352BF51
:10523000B01E12BFC2C051BF9AC312BF3D4D51BF75
:105240002A6813BF37D950BF5F0C14BFAF6450BF7B
:1052500039B014BFA8EF4FBFB75315BF1F7A4FBF68
:10526000D9F615BF17044FBF9F9916BF908D4EBF3B
:10527000073C17BF89164EBF12DE17BF029F4DBFF6
:10528000C07F18BFFD264DBF0F2119BF79AE4CBF9F
:1052900000C219BF78354CBF93621ABFF8BB4BBF31
:1052A000C6021BBFFA414BBF99A21BBF7FC74ABFB3
:1052B0000C421CBF874C4ABF1FE11CBF12D149BF23
:1052C000D17F1DBF215549BF221E1EBFB3D848BF85
:1052D00012BC1EBFCA5B48BF9F591FBF65DE47BFD8
:1052E000CBF61FBF856047BF939320BF2AE246BF1E
:1052F000F92F21BF546346BFFBCB21BF03E445BF59
:10530000996722BF396445BFD30223BFF5E344BF89
:10531000A99D23BF376344BF1A3824BF00E243BFAF
:1053200025D224BF516043BFCB6B25BF29DE42BFCE
:105330000A0526BF895B42BFE39D26BF70D841BFE7
:10534000563627BFE15441BF61CE27BFDAD040BFF8
:10535000056628BF5C4C40BF41FD28BF67C73FBF03
:10536000159429BFFC413FBF802A2ABF1BBC3EBF0A
:1053700082C02ABFC5353EBF1B562BBFF9AE3DBF0D
:105380004AEB2BBFB8273DBF0F802CBF03A03CBF0B
:1053900069142DBFD9173CBF59A82DBF3B8F3BBF08
:1053A000DE3B2EBF29063BBFF7CE2EBFA47C3ABF03
:1053B000A5612FBFACF239BFE6F32FBF426839BFFA
:1053C000BB8530BF65DD38BF221731BF165238BFED
:1053D0001DA831BF55C637BFAA3832BF233A37BFE1
:1053E000C9C832BF7FAD36BF7A5833BF6C2036BFD5
:1053F000BCE733BFE79235BF8F7634BFF30435BFC8
:10540000F30435BF8F7634BFE79235BFBCE733BFB7
:105410006C2036BF7A5833BF7FAD36BFC9C832BFA4
:10542000233A37BFAA3832BF55C637BF1DA831BF90
:10543000165238BF221731BF65DD38BFBB8530BF7C
:10544000426839BFE6F32FBFACF239BFA5612FBF69
:10545000A47C3ABFF7CE2EBF29063BBFDE3B2EBF52
:105460003B8F3BBF59A82DBFD9173CBF69142DBF37
:1054700003A03CBF0F802CBFB8273DBF4AEB2BBF1A
:10548000F9AE3DBF1B562BBFC5353EBF82C02ABFFC
:105490001BBC3EBF802A2ABFFC413FBF159429BFD9
:1054A00067C73FBF41FD28BF5C4C40BF056628BFB2
:1054B000DAD040BF61CE27BFE15441BF563627BF87
:1054C00070D841BFE39D26BF895B42BF0A0526BF56
:1054D00029DE42BFCB6B25BF516043BF25D224BF1D
:1054E00000E243BF1A3824BF376344BFA99D23BFDE
:1054F000F5E344BFD30223BF396445BF996722BF98
:1055000003E445BFFBCB21BF546346BFF92F21BF46
:105510002AE246BF939320BF856047BFCBF61FBFEB
:1055200065DE47BF9F591FBFCA5B48BF12BC1EBF85
:10553000B3D848BF221E1EBF215549BFD17F1DBF12
:1055400012D149BF1FE11CBF874C4ABF0C421CBF90
:105550007FC74ABF99A21BBFFA414BBFC6021BBF00
:10556000F8BB4BBF93621ABF78354CBF00C219BF5E
:1055700079AE4CBF0F2119BFFD264DBFC07F18BFAC
:10558000029F4DBF12DE17BF89164EBF073C17BFE3
:10559000908D4EBF9F9916BF17044FBFD9F615BF08
:1055A0001F7A4FBFB75315BFA8EF4FBF39B014BF15
:1055B000AF6450BF5F0C14BF37D950BF2A6813BF08
:1055C0003D4D51BF9AC312BFC2C051BFB01E12BFE2
:1055D000C63352BF6B7911BF49A652BFCDD310BF9E
:1055E000491853BFD52D10BFC78953BF84870FBF3C
:1055F000C3FA53BFDBE00EBF3B6B54BFDA390EBFBB
:1056000031DB54BF81920DBFA44A55BFD0EA0CBF15
:1056100093B955BFC9420CBFFE2756BF6B9A0BBF4B
:10562000E59556BFB7F10ABF480357BFAD480ABF5B
:10563000267057BF4E9F09BF7FDC57BF9BF508BF41
:10564000534858BF924B08BFA1B358BF36A107BFFC
:105650006A1E59BF86F606BFAD8859BF824B06BF8A
:105660006AF259BF2CA005BFA05B5ABF84F404BFE7
:1056700050C45ABF894804BF792C5BBF3D9C03BF0F
:105680001A945BBF9FEF02BF34FB5BBFB14202BF06
:10569000C7615CBF739501BFD1C75CBFE4E700BFC2
:1056A000532D5DBF063A00BF4D925DBFB217FFBEDE
:1056B000BEF65DBFBBBAFDBEA65A5EBF275DFCBE8F
:1056C00005BE5EBFF7FEFABEDB205FBF2DA0F9BEB0
:1056D00027835FBFC840F8BEE9E45FBFCBE0F6BEFA
:1056E000214660BF3580F5BECFA660BF071FF4BE60
:1056F000F20661BF43BDF2BE8A6661BFEA5AF1BEDF
:1057000098C561BFFBF7EFBE1A2462BF7994EEBE65
:10571000108262BF6330EDBE7BDF62BFBBCBEBBEEE
:105720005A3C63BF8166EABEAC9863BFB700E9BE6E
:1057300073F463BF5D9AE7BEAC4F64BF7533E6BEDA
:1057400059AA64BFFECBE4BE790465BFFA63E3BE29
:105750000B5E65BF6AFBE1BE10B765BF4F92E0BE4E
:10576000880F66BFA928DFBE716766BF79BEDDBE40
:10577000CCBE66BFC153DCBE991567BF80E8DABEF8
:10578000D86B67BFB97CD9BE87C167BF6B10D8BE65
:10579000A81668BF99A3D6BE396B68BF4136D5BE7F
:1057A0003CBF68BF67C8D3BEAE1269BF095AD2BE3C
:1057B000916569BF2AEBD0BEE4B769BFCA7BCFBE93
:1057C000A7096ABFEA0BCEBED95A6ABF8B9BCCBE73
:1057D0007BAB6ABFAE2ACBBE8CFB6ABF53B9C9BED6
:1057E0000C4B6BBF7C47C8BEFB996BBF29D5C6BEAF
:1057F00058E86BBF5C62C5BE24366CBF15EFC3BEF4
:105800005E836CBF557BC2BE07D06CBF1E07C1BE96
:105810001D1C6DBF6F92BFBEA1676DBF4A1DBEBE8E
:1058200093B26DBFAFA7BCBEF2FC6DBFA031BBBED3
:10583000BE466EBF1EBBB9BEF88F6EBF2A44B8BE4F
:105840009ED86EBFC3CCB6BEB0206FBFEC54B5BE01
:1058500030686FBFA5DCB3BE1BAF6FBFEF63B2BED6
:1058600073F56FBFCBEAB0BE373B70BF3A71AFBEC6
:10587000668070BF3CF7ADBE02C570BFD47CACBEC5
:10588000080971BF0102ABBE7A4C71BFC486A9BEC4
:10589000578F71BF1F0BA8BE9FD171BF128FA6BEBD
:1058A000521372BF9F12A5BE705472BFC595A3BE9E
:1058B000F89472BF8718A2BEEBD472BFE59AA0BE5F
:1058C000471473BFDF1C9FBE0E5373BF789E9DBEEF
:1058D0003F9173BFAF1F9CBED9CE73BF86A09ABE47
:1058E000DD0B74BFFE2099BE4B4874BF17A197BE55
:1058F000228474BFD22096BE62BF74BF31A094BE12
:105900000BFA74BF351F93BE1D3475BFDD9D91BE6C
:10591000976D75BF2C1C90BE7BA675BF229A8EBE5C
:10592000C6DE75BFC0178DBE7A1676BF07958BBED3
:10593000974D76BFF8118ABE1B8476BF938E88BEC2
:1059400007BA76BFDA0A87BE5BEF76BFCE8685BE22
:10595000172477BF700284BE3A5877BFC07D82BEDD
:10596000C58B77BFC0F880BEB7BE77BFE1E67EBE0D
:1059700010F177BFA4DB7BBED12278BFCCCF78BE3D
:10598000F85378BF5AC375BE868478BF51B672BECD
:105990007BB478BFB2A86FBED6E378BF7F9A6CBEE7
:1059A000981279BFBA8B69BEC04079BF667C66BE6B
:1059B0004E6E79BF836C63BE439B79BF135C60BE40
:1059C0009DC779BF1A4B5DBE5EF379BF97395ABE4A
:1059D000841E7ABF8F2757BE10497ABF011554BE67
:1059E00002737ABFF10151BE599C7ABF60EE4DBE81
:1059F00016C57ABF4FDA4ABE37ED7ABFC2C547BE79
:105A0000BE147BBFB9B044BEAB3B7BBF379B41BE2E
:105A1000FC617BBF3E853EBEB2877BBFCF6E3BBE87
:105A2000CDAC7BBFEC5738BE4DD17BBF984035BE67
:105A300031F57BBFD42832BE7A187CBFA2102FBEAE
:105A4000283B7CBF04F82BBE3A5D7CBFFCDE28BE41
:105A5000B07E7CBF8CC525BE8A9F7CBFB6AB22BE04
:105A6000C9BF7CBF7B911FBE6CDF7CBFDE761CBED6
:105A700073FE7CBFE05B19BEDD1C7DBF834016BE9C
:105A8000AC3A7DBFCA2413BEDE577DBFB70810BE37
:105A900074747DBF4AEC0CBE6E907DBF86CF09BE8C
:105AA000CCAB7DBF6EB206BE8CC67DBF029503BE79
:105AB000B1E07DBF457700BE38FA7DBF73B2FABD55
:105AC00024137EBFC075F4BD722B7EBF7638EEBD49
:105AD00023437EBF9AFAE7BD385A7EBF2EBCE1BD94
:105AE000B0707EBF377DDBBD8B867EBFB93DD5BD37
:105AF000C99B7EBFB7FDCEBD69B07EBF36BDC8BDF8
:105B00006DC47EBF397CC2BDD4D77EBFC33ABCBD95
:105B10009DEA7EBFDAF8B5BDC9FC7EBF80B6AFBDD9
:105B2000580E7FBFBA73A9BD491F7FBF8C30A3BD7C
:105B30009D2F7FBFF9EC9CBD543F7FBF05A996BD4B
:105B40006D4E7FBFB46490BDE95C7FBF0A208ABD03
:105B5000C76A7FBF0ADB83BD08787FBF742B7BBD1C
:105B6000AB847FBF38A06EBDB1907FBF681462BDAB
:105B7000189C7FBF0E8855BDE3A67FBF2FFB48BD95
:105B80000FB17FBFD56D3CBD9EBA7FBF07E02FBD73
:105B90008FC37FBFCC5123BDE2CB7FBF2CC316BDCB
:105BA00098D37FBF2F340ABDAFDA7FBFB949FBBCA2
:105BB00029E17FBF7B2AE2BC05E77FBFB00AC9BCF1
:105BC00043EC7FBF69EAAFBCE3F07FBFB6C996BCC8
:105BD000E6F47FBF4B517BBC4AF87FBF900E49BCB7
:105BE00011FB7FBF59CB16BC39FD7FBF890FC9BBE5
:105BF000C4FE7FBFC70F49BBB1FF7FBF000000805D
:105C0000000080BFC70F493BB1FF7FBF890FC93B71
:105C1000C4FE7FBF59CB163C39FD7FBF900E493C77
:105C200011FB7FBF4B517B3C4AF87FBFB6C9963C06
:105C3000E6F47FBF69EAAF3CE3F07FBFB00AC93C3E
:105C400043EC7FBF7B2AE23C05E77FBFB949FB3CC1
:105C500029E17FBF2F340A3DAFDA7FBF2CC3163D49
:105C600098D37FBFCC51233DE2CB7FBF07E02F3DD0
:105C70008FC37FBFD56D3C3D9EBA7FBF2FFB483D94
:105C80000FB17FBF0E88553DE3A67FBF6814623D0C
:105C9000189C7FBF38A06E3DB1907FBF742B7B3DB9
:105CA000AB847FBF0ADB833D08787FBF0A208A3D33
:105CB000C76A7FBFB464903DE95C7FBF05A9963D8C
:105CC0006D4E7FBFF9EC9C3D543F7FBF8C30A33DB0
:105CD0009D2F7FBFBA73A93D491F7FBF80B6AF3DDF
:105CE000580E7FBFDAF8B53DC9FC7EBFC33ABC3D54
:105CF0009DEA7EBF397CC23DD4D77EBF36BDC83D4C
:105D00006DC47EBFB7FDCE3D69B07EBFB93DD53D08
:105D1000C99B7EBF377DDB3D8B867EBF2EBCE13DC0
:105D2000B0707EBF9AFAE73D385A7EBF7638EE3DB6
:105D300023437EBFC075F43D722B7EBF73B2FA3D24
:105D400024137EBF4577003E38FA7DBF0295033E9F
:105D5000B1E07DBF6EB2063E8CC67DBF86CF093EE8
:105D6000CCAB7DBF4AEC0C3E6E907DBFB708103EB9
:105D700074747DBFCA24133EDE577DBF8340163E38
:105D8000AC3A7DBFE05B193EDD1C7DBFDE761C3E7C
:105D900073FE7CBF7B911F3E6CDF7CBFB6AB223EA7
:105DA000C9BF7CBF8CC5253E8A9F7CBFFCDE283ED8
:105DB000B07E7CBF04F82B3E3A5D7CBFA2102F3E24
:105DC000283B7CBFD428323E7A187CBF9840353EB1
:105DD00031F57BBFEC57383E4DD17BBFCF6E3B3E9C
:105DE000CDAC7BBF3E853E3EB2877BBF379B413EFD
:105DF000FC617BBFB9B0443EAB3B7BBFC2C5473EF5
:105E0000BE147BBF4FDA4A3E37ED7ABF60EE4D3E9F
:105E100016C57ABFF101513E599C7ABF0115543E17
:105E200002737ABF8F27573E10497ABF97395A3E7F
:105E3000841E7ABF1A4B5D3E5EF379BF135C603EF1
:105E40009DC779BF836C633E439B79BF667C663E8A
:105E50004E6E79BFBA8B693EC04079BF7F9A6C3E67
:105E6000981279BFB2A86F3ED6E378BF51B6723EA2
:105E70007BB478BF5AC3753E868478BFCCCF783E5A
:105E8000F85378BFA4DB7B3ED12278BFE1E67E3EAB
:105E900010F177BFC0F8803EB7BE77BFC07D823EAD
:105EA000C58B77BF7002843E3A5877BFCE86853E59
:105EB000172477BFDA0A873E5BEF76BF938E883E62
:105EC00007BA76BFF8118A3E1B8476BF07958B3ED2
:105ED000974D76BFC0178D3E7A1676BF229A8E3EBA
:105EE000C6DE75BF2C1C903E7BA675BFDD9D913E26
:105EF000976D75BF351F933E1D3475BF31A0943E1D
:105F00000BFA74BFD220963E62BF74BF17A1973EB2
:105F1000228474BFFE20993E4B4874BF86A09A3EEF
:105F2000DD0B74BFAF1F9C3ED9CE73BF789E9D3EE4
:105F30003F9173BFDF1C9F3E0E5373BFE59AA03E97
:105F4000471473BF8718A23EEBD472BFC595A33E1A
:105F5000F89472BF9F12A53E705472BF128FA63E76
:105F6000521372BF1F0BA83E9FD171BFC486A93EBA
:105F7000578F71BF0102AB3E7A4C71BFD47CAC3EEF
:105F8000080971BF3CF7AD3E02C570BF3A71AF3E24
:105F9000668070BFCBEAB03E373B70BFEF63B23E66
:105FA00073F56FBFA5DCB33E1BAF6FBFEC54B53EBE
:105FB00030686FBFC3CCB63EB0206FBF2A44B83E36
:105FC0009ED86EBF1EBBB93EF88F6EBFA031BB3EE0
:105FD000BE466EBFAFA7BC3EF2FC6DBF4A1DBE3EC3
:105FE00093B26DBF6F92BF3EA1676DBF1E07C13EEA
:105FF0001D1C6DBF557BC23E07D06CBF15EFC33E65
:106000005E836CBF5C62C53E24366CBF29D5C63E3C
:1060100058E86BBF7C47C83EFB996BBF53B9C93E7C
:106020000C4B6BBFAE2ACB3E8CFB6ABF8B9BCC3E2E
:106030007BAB6ABFEA0BCE3ED95A6ABFCA7BCF3E62
:10604000A7096ABF2AEBD03EE4B769BF095AD23E1E
:10605000916569BF67C8D33EAE1269BF4136D53E70
:106060003CBF68BF99A3D63E396B68BF6B10D83E62
:10607000A81668BFB97CD93E87C167BF80E8DA3E01
:10608000D86B67BFC153DC3E991567BF79BEDD3E53
:10609000CCBE66BFA928DF3E716766BF4F92E03E67
:1060A000880F66BF6AFBE13E10B765BFFA63E33E47
:1060B0000B5E65BFFECBE43E790465BF7533E63EFB
:1060C00059AA64BF5D9AE73EAC4F64BFB700E93E92
:1060D00073F463BF8166EA3EAC9863BFBBCBEB3E13
:1060E0005A3C63BF6330ED3E7BDF62BF7994EE3E86
:1060F000108262BFFBF7EF3E1A2462BFEA5AF13EFC
:1061000098C561BF43BDF23E8A6661BF071FF43E7A
:10611000F20661BF3580F53ECFA660BFCBE0F63E0C
:10612000214660BFC840F83EE9E45FBF2DA0F93EBC
:1061300027835FBFF7FEFA3EDB205FBF275DFC3E93
:1061400005BE5EBFBBBAFD3EA65A5EBFB217FF3E9C
:10615000BEF65DBF063A003F4D925DBFE4E7003FEB
:10616000532D5DBF7395013FD1C75CBFB142023F64
:10617000C7615CBF9FEF023F34FB5BBF3D9C033FA9
:106180001A945BBF8948043F792C5BBF84F4043FB9
:1061900050C45ABF2CA0053FA05B5ABF824B063F9C
:1061A0006AF259BF86F6063FAD8859BF36A1073F50
:1061B0006A1E59BF924B083FA1B358BF9BF5083FD9
:1061C000534858BF4E9F093F7FDC57BFAD480A3F39
:1061D000267057BFB7F10A3F480357BF6B9A0B3F72
:1061E000E59556BFC9420C3FFE2756BFD0EA0C3F8B
:1061F00093B955BF81920D3FA44A55BFDA390E3F7E
:1062000031DB54BFDBE00E3F3B6B54BF84870F3F55
:10621000C3FA53BFD52D103FC78953BFCDD3103F0D
:10622000491853BF6B79113F49A652BFB01E123FA8
:10623000C63352BF9AC3123FC2C051BF2A68133F30
:106240003D4D51BF5F0C143F37D950BF39B0143F9B
:10625000AF6450BFB753153FA8EF4FBFD9F6153FF6
:106260001F7A4FBF9F99163F17044FBF073C173F38
:10627000908D4EBF12DE173F89164EBFC07F183F6C
:10628000029F4DBF0F21193FFD264DBF00C2193F90
:1062900079AE4CBF93621A3F78354CBFC6021B3FA4
:1062A000F8BB4BBF99A21B3FFA414BBF0C421C3FAE
:1062B0007FC74ABF1FE11C3F874C4ABFD17F1D3FAC
:1062C00012D149BF221E1E3F215549BF12BC1E3F9D
:1062D000B3D848BF9F591F3FCA5B48BFCBF61F3F8B
:1062E00065DE47BF9393203F856047BFF92F213F6D
:1062F0002AE246BFFBCB213F546346BF9967223F4A
:1063000003E445BFD302233F396445BFA99D233F22
:10631000F5E344BF1A38243F376344BF25D2243FF6
:1063200000E243BFCB6B253F516043BF0A05263FC8
:1063300029DE42BFE39D263F895B42BF5636273F99
:1063400070D841BF61CE273FE15441BF0566283F69
:10635000DAD040BF41FD283F5C4C40BF1594293F37
:1063600067C73FBF802A2A3FFC413FBF82C02A3F08
:106370001BBC3EBF1B562B3FC5353EBF4AEB2B3FD8
:10638000F9AE3DBF0F802C3FB8273DBF69142D3FAC
:1063900003A03CBF59A82D3FD9173CBFDE3B2E3F81
:1063A0003B8F3BBFF7CE2E3F29063BBFA5612F3F5A
:1063B000A47C3ABFE6F32F3FACF239BFBB85303F38
:1063C000426839BF2217313F65DD38BF1DA8313F14
:1063D000165238BFAA38323F55C637BFC9C8323FF8
:1063E000233A37BF7A58333F7FAD36BFBCE7333FE0
:1063F0006C2036BF8F76343FE79235BFF304353FCC
:10640000F30435BFE792353F8F7634BF6C20363FBB
:10641000BCE733BF7FAD363F7A5833BF233A373FAF
:10642000C9C832BF55C6373FAA3832BF1652383FA7
:106430001DA831BF65DD383F221731BF4268393FA3
:10644000BB8530BFACF2393FE6F32FBFA47C3A3FA7
:10645000A5612FBF29063B3FF7CE2EBF3B8F3B3FA9
:10646000DE3B2EBFD9173C3F59A82DBF03A03C3FB0
:1064700069142DBFB8273D3F0F802CBFF9AE3D3FBB
:106480004AEB2BBFC5353E3F1B562BBF1BBC3E3FC7
:1064900082C02ABFFC413F3F802A2ABF67C73F3FD7
:1064A000159429BF5C4C403F41FD28BFDAD0403FE6
:1064B000056628BFE154413F61CE27BF70D8413FF8
:1064C000563627BF895B423FE39D26BF29DE423F08
:1064D0000A0526BF5160433FCB6B25BF00E2433F17
:1064E00025D224BF3763443F1A3824BFF5E3443F25
:1064F000A99D23BF3964453FD30223BF03E4453F31
:10650000996722BF5463463FFBCB21BF2AE2463F37
:10651000F92F21BF8560473F939320BF65DE473F3A
:10652000CBF61FBFCA5B483F9F591FBFB3D8483F38
:1065300012BC1EBF2155493F221E1EBF12D1493F2A
:10654000D17F1DBF874C4A3F1FE11CBF7FC74A3F19
:106550000C421CBFFA414B3F99A21BBFF8BB4B3FFB
:10656000C6021BBF78354C3F93621ABF79AE4C3FD1
:1065700000C219BFFD264D3F0F2119BF029F4D3F9D
:10658000C07F18BF89164E3F12DE17BF908D4E3F59
:10659000073C17BF17044F3F9F9916BF1F7A4F3F05
:1065A000D9F615BFA8EF4F3FB75315BFAF64503FA3
:1065B00039B014BF37D9503F5F0C14BF3D4D513F28
:1065C0002A6813BFC2C0513F9AC312BFC633523F9D
:1065D000B01E12BF49A6523F6B7911BF4918533FF5
:1065E000CDD310BFC789533FD52D10BFC3FA533F3A
:1065F00084870FBF3B6B543FDBE00EBF31DB543F62
:10660000DA390EBFA44A553F81920DBF93B9553F69
:10661000D0EA0CBFFE27563FC9420CBFE595563F56
:106620006B9A0BBF4803573FB7F10ABF2670573F1D
:10663000AD480ABF7FDC573F4E9F09BF5348583FC4
:106640009BF508BFA1B3583F924B08BF6A1E593F44
:1066500036A107BFAD88593F86F606BF6AF2593F9B
:10666000824B06BFA05B5A3F2CA005BF50C45A3FC7
:1066700084F404BF792C5B3F894804BF1A945B3FC4
:106680003D9C03BF34FB5B3F9FEF02BFC7615C3F94
:10669000B14202BFD1C75C3F739501BF532D5D3F2F
:1066A000E4E700BF4D925D3F063A00BFBEF65D3F96
:1066B000B217FFBEA65A5E3FBBBAFDBE05BE5E3F27
:1066C000275DFCBEDB205F3FF7FEFABE27835F3FFE
:1066D0002DA0F9BEE9E45F3FC840F8BE2146603F07
:1066E000CBE0F6BECFA6603F3580F5BEF206613F37
:1066F000071FF4BE8A66613F43BDF2BE98C5613F85
:10670000EA5AF1BE1A24623FFBF7EFBE1082623FE5
:106710007994EEBE7BDF623F6330EDBE5A3C633F4F
:10672000BBCBEBBEAC98633F8166EABE73F4633FBC
:10673000B700E9BEAC4F643F5D9AE7BE59AA643F1B
:106740007533E6BE7904653FFECBE4BE0B5E653F64
:10675000FA63E3BE10B7653F6AFBE1BE880F663F90
:106760004F92E0BE7167663FA928DFBECCBE663F90
:1067700079BEDDBE9915673FC153DCBED86B673F5C
:1067800080E8DABE87C1673FB97CD9BEA816683FEA
:106790006B10D8BE396B683F99A3D6BE3CBF683F2B
:1067A0004136D5BEAE12693F67C8D3BE9165693F19
:1067B000095AD2BEE4B7693F2AEBD0BEA7096A3FA7
:1067C000CA7BCFBED95A6A3FEA0BCEBE7BAB6A3FCB
:1067D0008B9BCCBE8CFB6A3FAE2ACBBE0C4B6B3F77
:1067E00053B9C9BEFB996B3F7C47C8BE58E86B3FA5
:1067F00029D5C6BE24366C3F5C62C5BE5E836C3F45
:1068000015EFC3BE07D06C3F557BC2BE1D1C6D3F4C
:106810001E07C1BEA1676D3F6F92BFBE93B26D3FB1
:106820004A1DBEBEF2FC6D3FAFA7BCBEBE466E3F6A
:10683000A031BBBEF88F6E3F1EBBB9BE9ED86E3F67
:106840002A44B8BEB0206F3FC3CCB6BE30686F3F9D
:10685000EC54B5BE1BAF6F3FA5DCB3BE73F56F3F05
:10686000EF63B2BE373B703FCBEAB0BE6680703F8D
:106870003A71AFBE02C5703F3CF7ADBE0809713F2B
:10688000D47CACBE7A4C713F0102ABBE578F713FD6
:10689000C486A9BE9FD1713F1F0BA8BE5213723F81
:1068A000128FA6BE7054723F9F12A5BEF894723F1D
:1068B000C595A3BEEBD4723F8718A2BE4714733FA1
:1068C000E59AA0BE0E53733FDF1C9FBE3F91733FFE
:1068D000789E9DBED9CE733FAF1F9CBEDD0B743F2B
:1068E00086A09ABE4B48743FFE2099BE2284743F16
:1068F00017A197BE62BF743FD22096BE0BFA743FB9
:1069000031A094BE1D34753F351F93BE976D753F02
:10691000DD9D91BE7BA6753F2C1C90BEC6DE753FEB
:10692000229A8EBE7A16763FC0178DBE974D763F5F
:1069300007958BBE1B84763FF8118ABE07BA763F57
:10694000938E88BE5BEF763FDA0A87BE1724773FC7
:10695000CE8685BE3A58773F700284BEC58B773F9E
:10696000C07D82BEB7BE773FC0F880BE10F1773FD2
:10697000E1E67EBED122783FA4DB7BBEF853783FB0
:10698000CCCF78BE8684783F5AC375BE7BB4783F3F
:1069900051B672BED6E3783FB2A86FBE9812793F67
:1069A0007F9A6CBEC040793FBA8B69BE4E6E793F0C
:1069B000667C66BE439B793F836C63BE9DC7793F0F
:1069C000135C60BE5EF3793F1A4B5DBE841E7A3F56
:1069D00097395ABE10497A3F8F2757BE02737A3FC4
:1069E000011554BE599C7A3FF10151BE16C57A3F3C
:1069F00060EE4DBE37ED7A3F4FDA4ABEBE147B3FA4
:106A0000C2C547BEAB3B7B3FB9B044BEFC617B3FD8
:106A1000379B41BEB2877B3F3E853EBECDAC7B3FC0
:106A2000CF6E3BBE4DD17B3FEC5738BE31F57B3F3F
:106A3000984035BE7A187C3FD42832BE283B7C3F34
:106A4000A2102FBE3A5D7C3F04F82BBEB07E7C3F87
:106A5000FCDE28BE8A9F7C3F8CC525BEC9BF7C3F1B
:106A6000B6AB22BE6CDF7C3F7B911FBE73FE7C3FCA
:106A7000DE761CBEDD1C7D3FE05B19BEAC3A7D3F7F
:106A8000834016BEDE577D3FCA2413BE74747D3F1B
:106A9000B70810BE6E907D3F4AEC0CBECCAB7D3F7C
:106AA00086CF09BE8CC67D3F6EB206BEB1E07D3F8B
:106AB000029503BE38FA7D3F457700BE24137E3F22
:106AC00073B2FABD722B7E3FC075F4BD23437E3F87
:106AD0007638EEBD385A7E3F9AFAE7BDB0707E3FF9
:106AE0002EBCE1BD8B867E3F377DDBBDC99B7E3FE3
:106AF000B93DD5BD69B07E3FB7FDCEBD6DC47E3F0B
:106B000036BDC8BDD4D77E3F397CC2BD9DEA7E3F2D
:106B1000C33ABCBDC9FC7E3FDAF8B5BD580E7F3F15
:106B200080B6AFBD491F7F3FBA73A9BD9D2F7F3F80
:106B30008C30A3BD543F7F3FF9EC9CBD6D4E7F3F31
:106B400005A996BDE95C7F3FB46490BDC76A7F3FED
:106B50000A208ABD08787F3F0ADB83BDAB847F3F74
:106B6000742B7BBDB1907F3F38A06EBD189C7F3FDA
:106B7000681462BDE3A67F3F0E8855BD0FB17F3F0D
:106B80002FFB48BD9EBA7F3FD56D3CBD8FC37F3F75
:106B900007E02FBDE2CB7F3FCC5123BD98D37F3F91
:106BA0002CC316BDAFDA7F3F2F340ABD29E17F3FEA
:106BB000B949FBBC05E77F3F7B2AE2BC43EC7F3F42
:106BC000B00AC9BCE3F07F3F69EAAFBCE6F47F3F9F
:106BD000B6C996BC4AF87F3F4B517BBC11FB7F3F47
:106BE000900E49BC39FD7F3F59CB16BCC4FE7F3F98
:106BF000890FC9BBB1FF7F3FC70F49BB0000803F72
:106C00000000000043EC7F3FB00AC93C0FB17F3F5A
:106C10002FFB483D6D4E7F3F05A9963D6DC47E3FDD
:106C200036BDC83D24137E3F73B2FA3DAC3A7D3F7A
:106C30008340163E283B7C3FA2102F3EBE147B3F74
:106C4000C2C5473E9DC7793F135C603EF853783F0D
:106C5000CCCF783E07BA763F938E883E0BFA743FCE
:106C600031A0943E4714733FE59AA03E0809713F56
:106C7000D47CAC3E9ED86E3F2A44B83E5E836C3FC7
:106C800015EFC33EA7096A3FCA7BCF3ED86B673F6B
:106C900080E8DA3E59AA643F7533E63E98C5613F05
:106CA000EA5AF13E05BE5E3F275DFC3E1A945B3F0B
:106CB0003D9C033F5348583F9BF5083F31DB543F11
:106CC000DA390E3F3D4D513F2A68133F029F4D3F39
:106CD000C07F183F12D1493FD17F1D3F03E4453F9C
:106CE0009967223F70D8413F5636273FF9AE3D3F66
:106CF0004AEB2B3F4268393FBB85303FF304353FB9
:106D0000F304353FBB85303F4268393F4AEB2B3FA8
:106D1000F9AE3D3F5636273F70D8413F9967223F35
:106D200003E4453FD17F1D3F12D1493FC07F183F4B
:106D3000029F4D3F2A68133F3D4D513FDA390E3FC8
:106D400031DB543F9BF5083F5348583F3D9C033F80
:106D50001A945B3F275DFC3E05BE5E3FEA5AF13E5A
:106D600098C5613F7533E63E59AA643F80E8DA3E34
:106D7000D86B673FCA7BCF3EA7096A3F15EFC33E7A
:106D80005E836C3F2A44B83E9ED86E3FD47CAC3EB6
:106D90000809713FE59AA03E4714733F31A0943E25
:106DA0000BFA743F938E883E07BA763FCCCF783E7D
:106DB000F853783F135C603E9DC7793FC2C5473E9C
:106DC000BE147B3FA2102F3E283B7C3F8340163EE3
:106DD000AC3A7D3F73B2FA3D24137E3F36BDC83DC9
:106DE0006DC47E3F05A9963D6D4E7F3F2FFB483D0C
:106DF0000FB17F3FB00AC93C43EC7F3F0000000069
:106E00000000803FB00AC9BC43EC7F3F2FFB48BD68
:106E10000FB17F3F05A996BD6D4E7F3F36BDC8BD02
:106E20006DC47E3F73B2FABD24137E3F834016BE0D
:106E3000AC3A7D3FA2102FBE283B7C3FC2C547BE67
:106E4000BE147B3F135C60BE9DC7793FCCCF78BE3C
:106E5000F853783F938E88BE07BA763F31A094BE30
:106E60000BFA743FE59AA0BE4714733FD47CACBEC6
:106E70000809713F2A44B8BE9ED86E3F15EFC3BEC5
:106E80005E836C3FCA7BCFBEA7096A3F80E8DABE4B
:106E9000D86B673F7533E6BE59AA643FEA5AF1BE24
:106EA00098C5613F275DFCBE05BE5E3F3D9C03BFAC
:106EB0001A945B3F9BF508BF5348583FDA390EBF21
:106EC00031DB543F2A6813BF3D4D513FC07F18BF8F
:106ED000029F4D3FD17F1DBF12D1493F996722BF0D
:106EE00003E4453F563627BF70D8413F4AEB2BBFDE
:106EF000F9AE3D3FBB8530BF4268393FF30435BF33
:106F0000F304353F426839BFBB85303FF9AE3DBF22
:106F10004AEB2B3F70D841BF5636273F03E445BFAD
:106F20009967223F12D149BFD17F1D3F029F4DBFBC
:106F3000C07F183F3D4D51BF2A68133F31DB54BF1E
:106F4000DA390E3F534858BF9BF5083F1A945BBF90
:106F50003D9C033F05BE5EBF275DFC3E98C561BFFB
:106F6000EA5AF13E59AA64BF7533E63ED86B67BF53
:106F700080E8DA3EA7096ABFCA7BCF3E5E836CBF5A
:106F800015EFC33E9ED86EBF2A44B83E080971BFB4
:106F9000D47CAC3E471473BFE59AA03E0BFA74BF95
:106FA00031A0943E07BA76BF938E883EF85378BFDF
:106FB000CCCF783E9DC779BF135C603EBE147BBFCB
:106FC000C2C5473E283B7CBFA2102F3EAC3A7DBFD6
:106FD0008340163E24137EBF73B2FA3D6DC47EBF5C
:106FE00036BDC83D6D4E7FBF05A9963D0FB17FBF31
:106FF0002FFB483D43EC7FBFB00AC93C000080BF77
:107000000000000043EC7FBFB00AC9BC0FB17FBFD6
:107010002FFB48BD6D4E7FBF05A996BD6DC47EBFD9
:1070200036BDC8BD24137EBF73B2FABDAC3A7DBF76
:10703000834016BE283B7CBFA2102FBEBE147BBF70
:10704000C2C547BE9DC779BF135C60BEF85378BF09
:10705000CCCF78BE07BA76BF938E88BE0BFA74BFCA
:1070600031A094BE471473BFE59AA0BE080971BF52
:10707000D47CACBE9ED86EBF2A44B8BE5E836CBFC3
:1070800015EFC3BEA7096ABFCA7BCFBED86B67BF67
:1070900080E8DABE59AA64BF7533E6BE98C561BF01
:1070A000EA5AF1BE05BE5EBF275DFCBE1A945BBF07
:1070B0003D9C03BF534858BF9BF508BF31DB54BF0D
:1070C000DA390EBF3D4D51BF2A6813BF029F4DBF35
:1070D000C07F18BF12D149BFD17F1DBF03E445BF98
:1070E000996722BF70D841BF563627BFF9AE3DBF62
:1070F0004AEB2BBF426839BFBB8530BFF30435BFB5
:10710000F30435BFBB8530BF426839BF4AEB2BBFA4
:10711000F9AE3DBF563627BF70D841BF996722BF31
:1071200003E445BFD17F1DBF12D149BFC07F18BF47
:10713000029F4DBF2A6813BF3D4D51BFDA390EBFC4
:1071400031DB54BF9BF508BF534858BF3D9C03BF7C
:107150001A945BBF275DFCBE05BE5EBFEA5AF1BE56
:1071600098C561BF7533E6BE59AA64BF80E8DABE30
:10717000D86B67BFCA7BCFBEA7096ABF15EFC3BE76
:107180005E836CBF2A44B8BE9ED86EBFD47CACBEB2
:10719000080971BFE59AA0BE471473BF31A094BE21
:1071A0000BFA74BF938E88BE07BA76BFCCCF78BE79
:1071B000F85378BF135C60BE9DC779BFC2C547BE98
:1071C000BE147BBFA2102FBE283B7CBF834016BEDF
:1071D000AC3A7DBF73B2FABD24137EBF36BDC8BDC5
:1071E0006DC47EBF05A996BD6D4E7FBF2FFB48BD08
:1071F0000FB17FBFB00AC9BC43EC7FBF0000008065
:10720000000080BFB00AC93C43EC7FBF2FFB483D64
:107210000FB17FBF05A9963D6D4E7FBF36BDC83DFE
:107220006DC47EBF73B2FA3D24137EBF8340163E09
:10723000AC3A7DBFA2102F3E283B7CBFC2C5473E63
:10724000BE147BBF135C603E9DC779BFCCCF783E38
:10725000F85378BF938E883E07BA76BF31A0943E2C
:107260000BFA74BFE59AA03E471473BFD47CAC3EC2
:10727000080971BF2A44B83E9ED86EBF15EFC33EC1
:107280005E836CBFCA7BCF3EA7096ABF80E8DA3E47
:10729000D86B67BF7533E63E59AA64BFEA5AF13E20
:1072A00098C561BF275DFC3E05BE5EBF3D9C033FA8
:1072B0001A945BBF9BF5083F534858BFDA390E3F1D
:1072C00031DB54BF2A68133F3D4D51BFC07F183F8B
:1072D000029F4DBFD17F1D3F12D149BF9967223F09
:1072E00003E445BF5636273F70D841BF4AEB2B3FDA
:1072F000F9AE3DBFBB85303F426839BFF304353F2F
:10730000F30435BF4268393FBB8530BFF9AE3D3F1E
:107310004AEB2BBF70D8413F563627BF03E4453FA9
:10732000996722BF12D1493FD17F1DBF029F4D3FB8
:10733000C07F18BF3D4D513F2A6813BF31DB543F1A
:10734000DA390EBF5348583F9BF508BF1A945B3F8C
:107350003D9C03BF05BE5E3F275DFCBE98C5613FF7
:10736000EA5AF1BE59AA643F7533E6BED86B673F4F
:1073700080E8DABEA7096A3FCA7BCFBE5E836C3F56
:1073800015EFC3BE9ED86E3F2A44B8BE0809713FB0
:10739000D47CACBE4714733FE59AA0BE0BFA743F91
:1073A00031A094BE07BA763F938E88BEF853783FDB
:1073B000CCCF78BE9DC7793F135C60BEBE147B3FC7
:1073C000C2C547BE283B7C3FA2102FBEAC3A7D3FD2
:1073D000834016BE24137E3F73B2FABD6DC47E3F58
:1073E00036BDC8BD6D4E7F3F05A996BD0FB17F3F2D
:1073F0002FFB48BD43EC7F3FB00AC9BC0000803F73
:1074000000000000BE147B3FC2C5473E5E836C3F58
:1074100015EFC33E31DB543FDA390E3FF304353FFD
:10742000F304353FDA390E3F31DB543F15EFC33EED
:107430005E836C3FC2C5473EBE147B3F0000000028
:107440000000803FC2C547BEBE147B3F15EFC3BEE0
:107450005E836C3FDA390EBF31DB543FF30435BF36
:10746000F304353F31DB54BFDA390E3F5E836CBF26
:1074700015EFC33EBE147BBFC2C5473E000080BFB0
:1074800000000000BE147BBFC2C547BE5E836CBF58
:1074900015EFC3BE31DB54BFDA390EBFF30435BF7D
:1074A000F30435BFDA390EBF31DB54BF15EFC3BE6D
:1074B0005E836CBFC2C547BEBE147BBF00000080A8
:1074C000000080BFC2C5473EBE147BBF15EFC33E60
:1074D0005E836CBFDA390E3F31DB54BFF304353FB6
:1074E000F30435BF31DB543FDA390EBF5E836C3FA6
:1074F00015EFC3BEBE147B3FC2C547BE0000803F30
:1075000000000000ECFF7F3FD40FC93AB1FF7F3F7E
:10751000C70F493B4EFF7F3FC1CB963BC4FE7F3F29
:10752000890FC93B13FE7F3F3053FB3B39FD7F3F43
:1075300059CB163C39FC7F3F02ED2F3C11FB7F3FBE
:10754000900E493CC1F97F3F0030623C4AF87F3FD2
:107550004B517B3CACF67F3F38398A3CE6F47F3FA9
:10756000B6C9963CF8F27F3F1C5AA33CE3F07F3F3C
:1075700069EAAF3CA7EE7F3F9B7ABC3C43EC7F3F80
:10758000B00AC93CB8E97F3FA69AD53C05E77F3FE2
:107590007B2AE23C2BE47F3F2DBAEE3C29E17F3F82
:1075A000B949FB3C00DE7F3F90EC033DAFDA7F3F03
:1075B0002F340A3D37D77F3FB87B103D98D37F3FAC
:1075C0002CC3163DD1CF7F3F880A1D3DE2CB7F3FC4
:1075D000CC51233DCCC77F3FF698293D8FC37F3FD9
:1075E00007E02F3D2ABF7F3FFC26363D9EBA7F3FF6
:1075F000D56D3C3DEAB57F3F91B4423D0FB17F3F31
:107600002FFB483D0DAC7F3FAF414F3DE3A67F3F91
:107610000E88553D91A17F3F4CCE5B3D189C7F3F2E
:107620006814623D78967F3F625A683DB1907F3F13
:1076300038A06E3DC28A7F3FE9E5743DAB847F3F51
:10764000742B7B3D6D7E7F3F6CB8803D08787F3F1B
:107650000ADB833D7B717F3F94FD863DC76A7F3F98
:107660000A208A3DEC637F3F6A428D3DE95C7F3FA3
:10767000B464903DBF557F3FE786933D6D4E7F3F9D
:1076800005A9963DF4467F3F0ACB993D543F7F3F85
:10769000F9EC9C3D8D377F3FCF0EA03D9D2F7F3F66
:1076A0008C30A33D87277F3F3052A63D491F7F3F47
:1076B000BA73A93DE4167F3F2B95AC3D580E7F3F32
:1076C00080B6AF3DA4057F3FBBD7B23DC9FC7E3F2E
:1076D000DAF8B53DC7F37E3FDD19B93D9DEA7E3F3F
:1076E000C33ABC3D4CE17E3F8D5BBF3DD4D77E3F6E
:1076F000397CC23D34CE7E3FC69CC53D6DC47E3FC5
:1077000036BDC83D7FBA7E3F86DDCB3D69B07E3F4A
:10771000B7FDCE3D2DA67E3FC81DD23DC99B7E3F05
:10772000B93DD53D3D917E3F895DD83D8B867E3FFD
:10773000377DDB3DB17B7E3FC49CDE3DB0707E3F3C
:107740002EBCE13D88657E3F76DBE43D385A7E3FC6
:107750009AFAE73DC14E7E3F9A19EB3D23437E3FA7
:107760007638EE3D5E377E3F2E57F13D722B7E3FE1
:10777000C075F43D5E1F7E3F2C94F73D24137E3F81
:1077800073B2FA3DC2067E3F92D0FD3D38FA7D3F8E
:107790004577003E88ED7D3F2E06023EB1E07D3FFD
:1077A0000295033EB2D37D3FC223053E8CC67D3F8A
:1077B0006EB2063E40B97D3F0541083ECCAB7D3FF1
:1077C00086CF093E309E7D3FF35D0B3E6E907D3F40
:1077D0004AEC0C3E85827D3F8B7A0E3E74747D3F71
:1077E000B708103E3D667D3FCC96113EDE577D3F8B
:1077F000CA24133E59497D3FB2B2143EAC3A7D3F94
:107800008340163ED82B7D3F3DCE173EDD1C7D3F8D
:10781000E05B193EBC0D7D3F6BE91A3E73FE7C3F79
:10782000DE761C3E03EF7C3F38041E3E6CDF7C3F5F
:107830007B911F3EAECF7C3FA51E213EC9BF7C3F42
:10784000B6AB223EBDAF7C3FAD38243E8A9F7C3F25
:107850008CC5253E318F7C3F5152273EB07E7C3F08
:10786000FCDE283E086E7C3F8D6B2A3E3A5D7C3FF5
:1078700004F82B3E444C7C3F61842D3E283B7C3FEA
:10788000A2102F3EE5297C3FC99C303E7A187C3FF0
:10789000D428323EE9067C3FC4B4333E31F57B3F09
:1078A0009840353E53E37B3F50CC363E4DD17B3F35
:1078B000EC57383E20BF7B3F6CE3393ECDAC7B3F7D
:1078C000CF6E3B3E539A7B3F15FA3C3EB2877B3FDF
:1078D0003E853E3EEA747B3F4910403EFC617B3F63
:1078E000379B413EE74E7B3F0726433EAB3B7B3F0A
:1078F000B9B0443E48287B3F4D3B463EBE147B3FDB
:10790000C2C5473E0E017B3F1850493E37ED7A3FD6
:107910004FDA4A3E3AD97A3F67644C3E16C57A3F01
:1079200060EE4D3ECBB07A3F38784F3E599C7A3F5F
:10793000F101513EC1877A3F898B523E02737A3FF3
:107940000115543E1C5E7A3F589E553E10497A3FC1
:107950008F27573EDD337A3FA4B0583E841E7A3FCE
:1079600097395A3E04097A3F6AC25B3E5EF3793F1B
:107970001A4B5D3E91DD793FA8D35E3E9DC7793FAE
:10798000135C603E83B1793F5CE4613E439B793F89
:10799000836C633EDC84793F86F4643E4E6E793FAF
:1079A000667C663E9A57793F2204683EC040793F24
:1079B000BA8B693EBF29793F2F136B3E9812793FEE
:1079C0007F9A6C3E4AFB783FAB216E3ED6E3783F10
:1079D000B2A86F3E3BCC783F942F713E7BB4783F8A
:1079E00051B6723E939C783FE83C743E8684783F63
:1079F0005AC3753E526C783FA649773EF853783F9C
:107A0000CCCF783E773B783FCB557A3ED122783F3A
:107A1000A4DB7B3E040A783F56617D3E10F1773F40
:107A2000E1E67E3EF7D7773F2236803EB7BE773F0E
:107A3000C0F8803E51A5773F4ABB813EC58B773F5A
:107A4000C07D823E1372773F2240833E3A58773F93
:107A50007002843E3C3E773FAAC4843E1724773FA1
:107A6000CE86853ECC09773FDF48863E5BEF763F8A
:107A7000DA0A873EC4D4763FC1CC873E07BA763F48
:107A8000938E883E249F763F5050893E1B84763FDC
:107A9000F8118A3EEC68763F8AD38A3E974D763F4E
:107AA00007958B3E1B32763F6E568C3E7A16763F9C
:107AB000C0178D3EB3FA753FFCD88D3EC6DE753FCC
:107AC000229A8E3EB3C2753F325B8F3E7BA6753FD6
:107AD0002C1C903E1C8A753F10DD903E976D753FC3
:107AE000DD9D913EED50753F945E923E1D34753F95
:107AF000351F933E2717753FBFDF933E0BFA743F48
:107B000031A0943EC9DC743F8D60953E62BF743FE6
:107B1000D220963ED5A1743F00E1963E2284743F68
:107B200017A1973E4966743F1661983E4B48743FD3
:107B3000FE20993E272A743FCEE0993EDD0B743F2C
:107B400086A09A3E6EED733F27609B3ED9CE733F71
:107B5000AF1F9C3E1FB0733F20DF9C3E3F91733FA1
:107B6000789E9D3E3972733FB85D9E3E0E53733FC3
:107B7000DF1C9F3EBE33733FEEDB9F3E4714733FD7
:107B8000E59AA03EACF4723FC259A13EEBD4723FDD
:107B90008718A23E04B5723F33D7A23EF894723FD5
:107BA000C595A33EC774723F3F54A43E7054723FC4
:107BB0009F12A53EF433723FE5D0A53E5213723FAB
:107BC000128FA63E8CF2713F254DA73E9FD1713F8B
:107BD0001F0BA83E8EB0713FFEC8A83E578F713F65
:107BE000C486A93EFB6D713F6F44AA3E7A4C713F3B
:107BF0000102AB3ED42A713F77BFAB3E0809713F0B
:107C0000D47CAC3E17E7703F153AAD3E02C5703FDD
:107C10003CF7AD3EC6A2703F49B4AE3E6680703FB1
:107C20003A71AF3EE15D703F102EB03E373B703F82
:107C3000CBEAB03E6718703F6BA7B13E73F56F3F5C
:107C4000EF63B23E5AD26F3F5820B33E1BAF6F3F37
:107C5000A5DCB33EB88B6F3FD698B43E30686F3F1B
:107C6000EC54B53E83446F3FE610B63EB0206F3F04
:107C7000C3CCB63EBAFC6E3F8488B73E9ED86E3FFA
:107C80002A44B83E5DB46E3FB2FFB83EF88F6E3FF7
:107C90001EBBB93E6D6B6E3F6E76BA3EBE466E3F02
:107CA000A031BB3EEB216E3FB6ECBB3EF2FC6D3F1C
:107CB000AFA7BC3ED5D76D3F8B62BD3E93B26D3F43
:107CC0004A1DBE3E2D8D6D3FEBD7BE3EA1676D3F79
:107CD0006F92BF3EF2416D3FD54CC03E1D1C6D3FC3
:107CE0001E07C13E24F66C3F48C1C13E07D06C3F21
:107CF000557BC23EC5A96C3F4435C33E5E836C3F95
:107D000015EFC33ED45C6C3FC8A8C43E24366C3F1C
:107D10005C62C53E500F6C3FD21BC63E58E86B3FBD
:107D200029D5C63E3BC16B3F628EC73EFB996B3F78
:107D30007C47C83E95726B3F7700C93E0C4B6B3F4A
:107D400053B9C93E5E236B3F1072CA3E8CFB6A3F3B
:107D5000AE2ACB3E95D36A3F2CE3CB3E7BAB6A3F4A
:107D60008B9BCC3E3C836A3FCA53CD3ED95A6A3F77
:107D7000EA0BCE3E52326A3FEAC3CE3EA7096A3FC3
:107D8000CA7BCF3ED7E0693F8A33D03EE4B7693F34
:107D90002AEBD03ECC8E693FAAA2D13E9165693FC5
:107DA000095AD23E323C693F4811D33EAE12693F78
:107DB00067C8D33E07E9683F647FD43E3CBF683F55
:107DC0004136D53E4C95683FFDECD53E396B683F5A
:107DD00099A3D63E0341683F135AD73EA816683F81
:107DE0006B10D83E2AEC673FA3C6D83E87C1673FD9
:107DF000B97CD93EC196673FAD32DA3ED86B673F5A
:107E000080E8DA3ECA40673F319EDB3E9915673F06
:107E1000C153DC3E45EA663F2E09DD3ECCBE663FDF
:107E200079BEDD3E3093663FA273DE3E7167663FEA
:107E3000A928DF3E8E3B663F8DDDDF3E880F663F23
:107E40004F92E03E5EE3653FEE46E13E10B7653F90
:107E50006AFBE13EA08A653FC4AFE23E0B5E653F30
:107E6000FA63E33E5431653F0E18E43E7904653F02
:107E7000FECBE43E7BD7643FCB7FE53E59AA643F0F
:107E80007533E63E147D643FFBE6E63EAC4F643F4F
:107E90005D9AE73E2122643F9C4DE83E73F4633FC8
:107EA000B700E93EA1C6633FAEB3E93EAC98633F7D
:107EB0008166EA3E956A633F3019EB3E5A3C633F68
:107EC000BBCBEB3EFC0D633F217EEC3E7BDF623F94
:107ED0006330ED3ED7B0623F80E2ED3E1082623FFC
:107EE0007994EE3E2653623F4C46EF3E1A24623FA1
:107EF000FBF7EF3EEAF4613F85A9F03E98C5613F8C
:107F0000EA5AF13E2296613F290CF23E8A66613FB1
:107F100043BDF23ED036613F386EF33EF206613F1C
:107F2000071FF43EF2D6603FB1CFF43ECFA6603FCC
:107F30003580F53E8976603F9330F63E2146603FBE
:107F4000CBE0F63E9615603FDC90F73EE9E45F3FFC
:107F5000C840F83E19B45F3F8EF0F83E27835F3F7C
:107F60002DA0F93E12525F3FA54FFA3EDB205F3F46
:107F7000F7FEFA3E81EF5E3F22AEFB3E05BE5E3F5E
:107F8000275DFC3E678C5E3F040CFD3EA65A5E3FBB
:107F9000BBBAFD3EC3285E3F4A69FE3EBEF65D3F6A
:107FA000B217FF3E97C45D3FF3C5FF3E4D925D3F64
:107FB000063A003FE15F5D3FFF90003F532D5D3F7C
:107FC000E4E7003FA3FA5C3FB53E013FD1C75C3F09
:107FD0007395013FDD945C3F1CEC013FC7615C3F42
:107FE000B142023F8E2E5C3F3299023F34FB5B3F31
:107FF0009FEF023FB8C75B3FF845033F1A945B3FD2
:108000003D9C033F5A605B3F6DF2033F792C5B3F21
:108010008948043F75F85A3F919E043F50C45A3F27
:1080200084F4043F09905A3F624A053FA05B5A3FDF
:108030002CA0053F16275A3FE2F5053F6AF2593F4B
:10804000824B063F9CBD593F0EA1063FAD88593F6C
:1080500086F6063F9C53593FE84B073F6A1E593F3F
:1080600036A1073F17E9583F6FF6073FA1B3583FC6
:10807000924B083F0B7E583FA1A0083F5348583F02
:108080009BF5083F7912583F7F4A093F7FDC573FF5
:108090004E9F093F63A6573F09F4093F2670573F9B
:1080A000AD480A3FC739573F3D9D0A3F4803573FF8
:1080B000B7F10A3FA7CC563F1C460B3FE595563F0C
:1080C0006B9A0B3F025F563FA5EE0B3FFE27563FD4
:1080D000C9420C3FD9F0553FD7960C3F93B9553F55
:1080E000D0EA0C3F2C82553FB33E0D3FA44A553F8A
:1080F00081920D3FFB12553F38E60D3F31DB543F77
:10810000DA390E3F47A3543F658D0E3F3B6B543F1A
:10811000DBE00E3F0F33543F3B340F3FC3FA533F76
:1081200084870F3F55C2533FB8DA0F3FC789533F8B
:10813000D52D103F1851533FDC80103F4918533F55
:10814000CDD3103F59DF523FA726113F49A6523FDA
:108150006B79113F186D523F19CC113FC633523F16
:10816000B01E123F54FA513F3071123FC2C0513F0E
:108170009AC3123F1087513FEE15133F3D4D513FBB
:108180002A68133F4A13513F50BA133F37D9503F23
:108190005F0C143F039F503F585E143FAF64503F45
:1081A00039B0143F3B2A503F0402153FA8EF4F3F20
:1081B000B753153FF4B44F3F54A5153F1F7A4F3FB7
:1081C000D9F6153F2B3F4F3F4748163F17044F3F07
:1081D0009F99163FE4C84E3FDFEA163F908D4E3F11
:1081E000073C173F1C524E3F188D173F89164E3FD4
:1081F00012DE173FD5DA4D3FF52E183F029F4D3F57
:10820000C07F183F10634D3F73D0183FFD264D3F90
:108210000F21193FCBEA4C3F9471193F79AE4C3F87
:1082200000C2193F08724C3F55121A3F78354C3F37
:1082300093621A3FC7F84B3FB8B21A3FF8BB4B3FA7
:10824000C6021B3F097F4B3FBB521B3FFA414B3FCE
:1082500099A21B3FCC044B3F5FF21B3F7FC74A3FB5
:108260000C421C3F138A4A3FA2911C3F874C4A3F55
:108270001FE11C3FDC0E4A3F84301D3F12D1493FB5
:10828000D17F1D3F2993493F06CF1D3F2155493FCF
:10829000221E1E3FFA16493F266D1E3FB3D8483FA7
:1082A00012BC1E3F4E9A483FE50A1F3FCA5B483F3B
:1082B0009F591F3F271D483F41A81F3F65DE473F8D
:1082C000CBF61F3F849F473F3B45203F8560473F9C
:1082D0009393203F6721473FD2E1203F2AE2463F68
:1082E000F92F213FCEA2463F067E213F5463463FF1
:1082F000FBCB213FBB23463FD719223F03E4453F39
:108300009967223F2DA4453F43B5223F3964453F3D
:10831000D302233F2624453F4B50233FF5E3443F00
:10832000A99D233FA5A3443FEEEA233F3763443F83
:108330001A38243FAB22443F2C85243F00E2433FC0
:1083400025D2243F38A1433F041F253F5160433FBE
:10835000CB6B253F4C1F433F77B8253F29DE423F7B
:108360000A05263FE89C423F8451263F895B423FF5
:10837000E39D263F0B1A423F2AEA263F70D8413F31
:108380005636273FB796413F6882273FE154413F29
:1083900061CE273FEC12413F401A283FDAD0403FE0
:1083A0000566283FA98E403FB0B1283F5C4C403F56
:1083B00041FD283FF009403FB848293F67C73F3F8C
:1083C0001594293FC0843F3F57DF293FFC413F3F81
:1083D000802A2A3F1BFF3E3F8E752A3F1BBC3E3F33
:1083E00082C02A3FFF783E3F5B0B2B3FC5353E3FA7
:1083F0001B562B3F6EF23D3FBFA02B3FF9AE3D3FDA
:108400004AEB2B3F676B3D3FB9352C3FB8273D3FCB
:108410000F802C3FECE33C3F49CA2C3F03A03C3F7C
:1084200069142D3FFC5B3C3F6F5E2D3FD9173C3FED
:1084300059A82D3F98D33B3F29F22D3F3B8F3B3F1F
:10844000DE3B2E3FC14A3B3F78852E3F29063B3F0E
:10845000F7CE2E3F75C13A3F5B182F3FA47C3A3FC1
:10846000A5612F3FB7373A3FD3AA2F3FACF2393F30
:10847000E6F32F3F85AD393FDE3C303F4268393F60
:10848000BB85303FE122393F7CCE303F65DD383F50
:108490002217313FCB97383FAD5F313F1652383FFF
:1084A0001DA8313F430C383F71F0313F55C6373F6F
:1084B000AA38323F4A80373FC780323F233A373F9E
:1084C000C9C8323FDFF3363FAF10333F7FAD363F91
:1084D0007A58333F0467363F29A0333F6C20363F3C
:1084E000BCE7333FB8D9353F342F343FE792353FAF
:1084F0008F76343FFB4B353FCFBD343FF304353FE0
:10850000F304353FCFBD343FFB4B353F8F76343FCF
:10851000E792353F342F343FB8D9353FBCE7333F7E
:108520006C20363F29A0333F0467363F7A58333FEB
:108530007FAD363FAF10333FDFF3363FC9C8323F20
:10854000233A373FC780323F4A80373FAA38323F0D
:1085500055C6373F71F0313F430C383F1DA8313FBE
:108560001652383FAD5F313FCB97383F2217313F2E
:1085700065DD383F7CCE303FE122393FBB85303F5F
:108580004268393FDE3C303F85AD393FE6F32F3F4F
:10859000ACF2393FD3AA2F3FB7373A3FA5612F3FFF
:1085A000A47C3A3F5B182F3F75C13A3FF7CE2E3F70
:1085B00029063B3F78852E3FC14A3B3FDE3B2E3F9D
:1085C0003B8F3B3F29F22D3F98D33B3F59A82D3F8E
:1085D000D9173C3F6F5E2D3FFC5B3C3F69142D3F3C
:1085E00003A03C3F49CA2C3FECE33C3F0F802C3FAB
:1085F000B8273D3FB9352C3F676B3D3F4AEB2B3FDA
:10860000F9AE3D3FBFA02B3F6EF23D3F1B562B3FC7
:10861000C5353E3F5B0B2B3FFF783E3F82C02A3F74
:108620001BBC3E3F8E752A3F1BFF3E3F802A2A3FE0
:10863000FC413F3F57DF293FC0843F3F1594293F0E
:1086400067C73F3FB848293FF009403F41FD283FF9
:108650005C4C403FB0B1283FA98E403F0566283FA3
:10866000DAD0403F401A283FEC12413F61CE273F0D
:10867000E154413F6882273FB796413F5636273F36
:1086800070D8413F2AEA263F0B1A423FE39D263F1E
:10869000895B423F8451263FE89C423F0A05263FC2
:1086A00029DE423F77B8253F4C1F433FCB6B253F28
:1086B0005160433F041F253F38A1433F25D2243F4B
:1086C00000E2433F2C85243FAB22443F1A38243F2D
:1086D0003763443FEEEA233FA5A3443FA99D233FD0
:1086E000F5E3443F4B50233F2624453FD302233F2D
:1086F0003964453F43B5223F2DA4453F9967223F4A
:1087000003E4453FD719223FBB23463FFBCB213F24
:108710005463463F067E213FCEA2463FF92F213FBC
:108720002AE2463FD2E1203F6721473F9393203F13
:108730008560473F3B45203F849F473FCBF61F3F27
:1087400065DE473F41A81F3F271D483F9F591F3FF8
:10875000CA5B483FE50A1F3F4E9A483F12BC1E3F86
:10876000B3D8483F266D1E3FFA16493F221E1E3FD2
:108770002155493F06CF1D3F2993493FD17F1D3FDA
:1087800012D1493F84301D3FDC0E4A3F1FE11C3FA0
:10879000874C4A3FA2911C3F138A4A3F0C421C3F20
:1087A0007FC74A3F5FF21B3FCC044B3F99A21B3F60
:1087B000FA414B3FBB521B3F097F4B3FC6021B3F59
:1087C000F8BB4B3FB8B21A3FC7F84B3F93621A3F12
:1087D00078354C3F55121A3F08724C3F00C2193F82
:1087E00079AE4C3F9471193FCBEA4C3F0F21193FB2
:1087F000FD264D3F73D0183F10634D3FC07F183F9B
:10880000029F4D3FF52E183FD5DA4D3F12DE173F40
:1088100089164E3F188D173F1C524E3F073C173F9D
:10882000908D4E3FDFEA163FE4C84E3F9F99163FBA
:1088300017044F3F4748163F2B3F4F3FD9F6153F90
:108840001F7A4F3F54A5153FF4B44F3FB753153F20
:10885000A8EF4F3F0402153F3B2A503F39B0143F69
:10886000AF64503F585E143F039F503F5F0C143F6E
:1088700037D9503F50BA133F4A13513F2A68133F2C
:108880003D4D513FEE15133F1087513F9AC3123FA4
:10889000C2C0513F3071123F54FA513FB01E123FD7
:1088A000C633523F19CC113F186D523F6B79113FBF
:1088B00049A6523FA726113F59DF523FCDD3103F63
:1088C0004918533FDC80103F1851533FD52D103FBE
:1088D000C789533FB8DA0F3F55C2533F84870F3FD4
:1088E000C3FA533F3B340F3F0F33543FDBE00E3F9F
:1088F0003B6B543F658D0E3F47A3543FDA390E3F23
:1089000031DB543F38E60D3FFB12553F81920D3F5E
:10891000A44A553FB33E0D3F2C82553FD0EA0C3F51
:1089200093B9553FD7960C3FD9F0553FC9420C3FFC
:10893000FE27563FA5EE0B3F025F563F6B9A0B3F5B
:10894000E595563F1C460B3FA7CC563FB7F10A3F73
:108950004803573F3D9D0A3FC739573FAD480A3F3F
:108960002670573F09F4093F63A6573F4E9F093FC2
:108970007FDC573F7F4A093F7912583F9BF5083FFC
:108980005348583FA1A0083F0B7E583F924B083FE9
:10899000A1B3583F6FF6073F17E9583F36A1073F8D
:1089A0006A1E593FE84B073F9C53593F86F6063FE6
:1089B000AD88593F0EA1063F9CBD593F824B063FF3
:1089C0006AF2593FE2F5053F16275A3F2CA0053FB2
:1089D000A05B5A3F624A053F09905A3F84F4043F26
:1089E00050C45A3F919E043F75F85A3F8948043F4E
:1089F000792C5B3F6DF2033F5A605B3F3D9C033F28
:108A00001A945B3FF845033FB8C75B3F9FEF023FB7
:108A100034FB5B3F3299023F8E2E5C3FB142023FF6
:108A2000C7615C3F1CEC013FDD945C3F7395013FE7
:108A3000D1C75C3FB53E013FA3FA5C3FE4E7003F8E
:108A4000532D5D3FFF90003FE15F5D3F063A003FE1
:108A50004D925D3FF3C5FF3E97C45D3FB217FF3EA9
:108A6000BEF65D3F4A69FE3EC3285E3FBBBAFD3E8F
:108A7000A65A5E3F040CFD3E678C5E3F275DFC3EC0
:108A800005BE5E3F22AEFB3E81EF5E3FF7FEFA3E43
:108A9000DB205F3FA54FFA3E12525F3F2DA0F93E0B
:108AA00027835F3F8EF0F83E19B45F3FC840F83E21
:108AB000E9E45F3FDC90F73E9615603FCBE0F63E81
:108AC0002146603F9330F63E8976603F3580F53E23
:108AD000CFA6603FB1CFF43EF2D6603F071FF43E11
:108AE000F206613F386EF33ED036613F43BDF23E41
:108AF0008A66613F290CF23E2296613FEA5AF13EB6
:108B000098C5613F85A9F03EEAF4613FFBF7EF3E6F
:108B10001A24623F4C46EF3E2653623F7994EE3E64
:108B20001082623F80E2ED3ED7B0623F6330ED3E9F
:108B30007BDF623F217EEC3EFC0D633FBBCBEB3E17
:108B40005A3C633F3019EB3E956A633F8166EA3ECB
:108B5000AC98633FAEB3E93EA1C6633FB700E93EC0
:108B600073F4633F9C4DE83E2122643F5D9AE73EEB
:108B7000AC4F643FFBE6E63E147D643F7533E63E52
:108B800059AA643FCB7FE53E7BD7643FFECBE43EF2
:108B90007904653F0E18E43E5431653FFA63E33EC5
:108BA0000B5E653FC4AFE23EA08A653F6AFBE13ED3
:108BB00010B7653FEE46E13E5EE3653F4F92E03E13
:108BC000880F663F8DDDDF3E8E3B663FA928DF3E86
:108BD0007167663FA273DE3E3093663F79BEDD3E2D
:108BE000CCBE663F2E09DD3E45EA663FC153DC3E02
:108BF0009915673F319EDB3ECA40673F80E8DA3E09
:108C0000D86B673FAD32DA3EC196673FB97CD93E3B
:108C100087C1673FA3C6D83E2AEC673F6B10D83E9A
:108C2000A816683F135AD73E0341683F99A3D63E22
:108C3000396B683FFDECD53E4C95683F4136D53EDB
:108C40003CBF683F647FD43E07E9683F67C8D33EB6
:108C5000AE12693F4811D33E323C693F095AD23EB9
:108C60009165693FAAA2D13ECC8E693F2AEBD03EE6
:108C7000E4B7693F8A33D03ED7E0693FCA7BCF3E35
:108C8000A7096A3FEAC3CE3E52326A3FEA0BCE3EA4
:108C9000D95A6A3FCA53CD3E3C836A3F8B9BCC3E38
:108CA0007BAB6A3F2CE3CB3E95D36A3FAE2ACB3EEB
:108CB0008CFB6A3F1072CA3E5E236B3F53B9C93EBC
:108CC0000C4B6B3F7700C93E95726B3F7C47C83EAB
:108CD000FB996B3F628EC73E3BC16B3F29D5C63EB9
:108CE00058E86B3FD21BC63E500F6C3F5C62C53EDE
:108CF00024366C3FC8A8C43ED45C6C3F15EFC33E1D
:108D00005E836C3F4435C33EC5A96C3F557BC23E74
:108D100007D06C3F48C1C13E24F66C3F1E07C13EE0
:108D20001D1C6D3FD54CC03EF2416D3F6F92BF3E62
:108D3000A1676D3FEBD7BE3E2D8D6D3F4A1DBE3EF8
:108D400093B26D3F8B62BD3ED5D76D3FAFA7BC3EA2
:108D5000F2FC6D3FB6ECBB3EEB216E3FA031BB3E5B
:108D6000BE466E3F6E76BA3E6D6B6E3F1EBBB93E21
:108D7000F88F6E3FB2FFB83E5DB46E3F2A44B83EF6
:108D80009ED86E3F8488B73EBAFC6E3FC3CCB63ED9
:108D9000B0206F3FE610B63E83446F3FEC54B53EC3
:108DA00030686F3FD698B43EB88B6F3FA5DCB33EBA
:108DB0001BAF6F3F5820B33E5AD26F3FEF63B23EB6
:108DC00073F56F3F6BA7B13E6718703FCBEAB03EBB
:108DD000373B703F102EB03EE15D703F3A71AF3EC1
:108DE0006680703F49B4AE3EC6A2703F3CF7AD3ED0
:108DF00002C5703F153AAD3E17E7703FD47CAC3EDC
:108E00000809713F77BFAB3ED42A713F0102AB3EE8
:108E10007A4C713F6F44AA3EFB6D713FC486A93EF8
:108E2000578F713FFEC8A83E8EB0713F1F0BA83E02
:108E30009FD1713F254DA73E8CF2713F128FA63E08
:108E40005213723FE5D0A53EF433723F9F12A53E08
:108E50007054723F3F54A43EC774723FC595A33E01
:108E6000F894723F33D7A23E04B5723F8718A23EF2
:108E7000EBD4723FC259A13EACF4723FE59AA03EDA
:108E80004714733FEEDB9F3EBE33733FDF1C9F3EB4
:108E90000E53733FB85D9E3E3972733F789E9D3E80
:108EA0003F91733F20DF9C3E1FB0733FAF1F9C3E3E
:108EB000D9CE733F27609B3E6EED733F86A09A3EEE
:108EC000DD0B743FCEE0993E272A743FFE20993E89
:108ED0004B48743F1661983E4966743F17A1973E10
:108EE0002284743F00E1963ED5A1743FD220963E85
:108EF00062BF743F8D60953EC9DC743F31A0943EE3
:108F00000BFA743FBFDF933E2717753F351F933E23
:108F10001D34753F945E923EED50753FDD9D913E50
:108F2000976D753F10DD903E1C8A753F2C1C903E5E
:108F30007BA6753F325B8F3EB3C2753F229A8E3E51
:108F4000C6DE753FFCD88D3EB3FA753FC0178D3E27
:108F50007A16763F6E568C3E1B32763F07958B3ED7
:108F6000974D763F8AD38A3EEC68763FF8118A3E69
:108F70001B84763F5050893E249F763F938E883ED7
:108F800007BA763FC1CC873EC4D4763FDA0A873E23
:108F90005BEF763FDF48863ECC09773FCE86853E45
:108FA0001724773FAAC4843E3C3E773F7002843E3C
:108FB0003A58773F2240833E1372773FC07D823E0E
:108FC000C58B773F4ABB813E51A5773FC0F8803EB5
:108FD000B7BE773F2236803EF7D7773FE1E67E3E49
:108FE00010F1773F56617D3E040A783FA4DB7B3E5B
:108FF000D122783FCB557A3E773B783FCCCF783E35
:10900000F853783FA649773E526C783F5AC3753E75
:109010008684783FE83C743E939C783F51B6723E1C
:109020007BB4783F942F713E3BCC783FB2A86F3E23
:10903000D6E3783FAB216E3E4AFB783F7F9A6C3E89
:109040009812793F2F136B3EBF29793FBA8B693E47
:10905000C040793F2204683E9A57793F667C663E5D
:109060004E6E793F86F4643EDC84793F836C633EC8
:10907000439B793F5CE4613E83B1793F135C603E82
:109080009DC7793FA8D35E3E91DD793F1A4B5D3E87
:109090005EF3793F6AC25B3E04097A3F97395A3ED4
:1090A000841E7A3FA4B0583EDD337A3F8F27573E67
:1090B00010497A3F589E553E1C5E7A3F0115543E3A
:1090C00002737A3F898B523EC1877A3FF101513E4C
:1090D000599C7A3F38784F3ECBB07A3F60EE4D3E98
:1090E00016C57A3F67644C3E3AD97A3F4FDA4A3E1A
:1090F00037ED7A3F1850493E0E017B3FC2C5473ECF
:10910000BE147B3F4D3B463E48287B3FB9B0443EB2
:10911000AB3B7B3F0726433EE74E7B3F379B413EC1
:10912000FC617B3F4910403EEA747B3F3E853E3EFA
:10913000B2877B3F15FA3C3E539A7B3FCF6E3B3E56
:10914000CDAC7B3F6CE3393E20BF7B3FEC57383ED4
:109150004DD17B3F50CC363E53E37B3F9840353E6C
:1091600031F57B3FC4B4333EE9067C3FD428323E20
:109170007A187C3FC99C303EE5297C3FA2102F3EE7
:10918000283B7C3F61842D3E444C7C3F04F82B3EC1
:109190003A5D7C3F8D6B2A3E086E7C3FFCDE283EAC
:1091A000B07E7C3F5152273E318F7C3F8CC5253E9F
:1091B0008A9F7C3FAD38243EBDAF7C3FB6AB223E9C
:1091C000C9BF7C3FA51E213EAECF7C3F7B911F3E99
:1091D0006CDF7C3F38041E3E03EF7C3FDE761C3E96
:1091E00073FE7C3F6BE91A3EBC0D7D3FE05B193E90
:1091F000DD1C7D3F3DCE173ED82B7D3F8340163E84
:10920000AC3A7D3FB2B2143E59497D3FCA24133E69
:10921000DE577D3FCC96113E3D667D3FB708103E40
:1092200074747D3F8B7A0E3E85827D3F4AEC0C3E06
:109230006E907D3FF35D0B3E309E7D3F86CF093EB5
:10924000CCAB7D3F0541083E40B97D3F6EB2063E46
:109250008CC67D3FC223053EB2D37D3F0295033EBF
:10926000B1E07D3F2E06023E88ED7D3F4577003E12
:1092700038FA7D3F92D0FD3DC2067E3F73B2FA3D83
:1092800024137E3F2C94F73D5E1F7E3FC075F43D56
:10929000722B7E3F2E57F13D5E377E3F7638EE3D96
:1092A00023437E3F9A19EB3DC14E7E3F9AFAE73D3C
:1092B000385A7E3F76DBE43D88657E3F2EBCE13D3B
:1092C000B0707E3FC49CDE3DB17B7E3F377DDB3D91
:1092D0008B867E3F895DD83D3D917E3FB93DD53D32
:1092E000C99B7E3FC81DD23D2DA67E3FB7FDCE3D1A
:1092F00069B07E3F86DDCB3D7FBA7E3F36BDC83D3F
:109300006DC47E3FC69CC53D34CE7E3F397CC23D98
:10931000D4D77E3F8D5BBF3D4CE17E3FC33ABC3D21
:109320009DEA7E3FDD19B93DC7F37E3FDAF8B53DD2
:10933000C9FC7E3FBBD7B23DA4057F3F80B6AF3DA1
:10934000580E7F3F2B95AC3DE4167F3FBA73A93D85
:10935000491F7F3F3052A63D87277F3F8C30A33D7A
:109360009D2F7F3FCF0EA03D8D377F3FF9EC9C3D79
:10937000543F7F3F0ACB993DF4467F3F05A9963D78
:109380006D4E7F3FE786933DBF557F3FB464903D70
:10939000E95C7F3F6A428D3DEC637F3F0A208A3D56
:1093A000C76A7F3F94FD863D7B717F3F0ADB833D2B
:1093B00008787F3F6CB8803D6D7E7F3F742B7B3D8E
:1093C000AB847F3FE9E5743DC28A7F3F38A06E3DA4
:1093D000B1907F3F625A683D78967F3F6814623D46
:1093E000189C7F3F4CCE5B3D91A17F3F0E88553D41
:1093F000E3A67F3FAF414F3D0DAC7F3F2FFB483D84
:109400000FB17F3F91B4423DEAB57F3FD56D3C3D02
:109410009EBA7F3FFC26363D2ABF7F3F07E02F3DA7
:109420008FC37F3FF698293DCCC77F3FCC51233D6A
:10943000E2CB7F3F880A1D3DD1CF7F3F2CC3163D35
:1094400098D37F3FB87B103D37D77F3F2F340A3DFD
:10945000AFDA7F3F90EC033D00DE7F3FB949FB3C34
:1094600029E17F3F2DBAEE3C2BE47F3F7B2AE23C93
:1094700005E77F3FA69AD53CB8E97F3FB00AC93CD3
:1094800043EC7F3F9B7ABC3CA7EE7F3F69EAAF3C51
:10949000E3F07F3F1C5AA33CF8F27F3FB6C9963CED
:1094A000E6F47F3F38398A3CACF67F3F4B517B3C3A
:1094B0004AF87F3F0030623CC1F97F3F900E493C43
:1094C00011FB7F3F02ED2F3C39FC7F3F59CB163C0F
:1094D00039FD7F3F3053FB3B13FE7F3F890FC93B74
:1094E000C4FE7F3FC1CB963B4EFF7F3FC70F493B3A
:1094F000B1FF7F3FD40FC93AECFF7F3F000000006F
:109500000000803FD40FC9BAECFF7F3FC70F49BBB3
:10951000B1FF7F3FC1CB96BB4EFF7F3F890FC9BBD9
:10952000C4FE7F3F3053FBBB13FE7F3F59CB16BCBD
:1095300039FD7F3F02ED2FBC39FC7F3F900E49BCC7
:1095400011FB7F3F003062BCC1F97F3F4B517BBCB8
:109550004AF87F3F38398ABCACF67F3FB6C996BC23
:10956000E6F47F3F1C5AA3BCF8F27F3F69EAAFBC28
:10957000E3F07F3F9B7ABCBCA7EE7F3FB00AC9BC3B
:1095800043EC7F3FA69AD5BCB8E97F3F7B2AE2BC7B
:1095900005E77F3F2DBAEEBC2BE47F3FB949FBBC0A
:1095A00029E17F3F90EC03BD00DE7F3F2F340ABDF1
:1095B000AFDA7F3FB87B10BD37D77F3F2CC316BDD6
:1095C00098D37F3F880A1DBDD1CF7F3FCC5123BDAB
:1095D000E2CB7F3FF69829BDCCC77F3F07E02FBD88
:1095E0008FC37F3FFC2636BD2ABF7F3FD56D3CBD74
:1095F0009EBA7F3F91B442BDEAB57F3F2FFB48BD85
:109600000FB17F3FAF414FBD0DAC7F3F0E8855BDC1
:10961000E3A67F3F4CCE5BBD91A17F3F681462BD46
:10962000189C7F3F625A68BD78967F3F38A06EBD18
:10963000B1907F3FE9E574BDC28A7F3F742B7BBD4B
:10964000AB847F3F6CB880BD6D7E7F3F0ADB83BDFE
:1096500008787F3F94FD86BD7B717F3F0A208ABDDD
:10966000C76A7F3F6A428DBDEC637F3FB46490BDA3
:10967000E95C7F3FE78693BDBF557F3F05A996BD57
:109680006D4E7F3F0ACB99BDF4467F3FF9EC9CBD00
:10969000543F7F3FCF0EA0BD8D377F3F8C30A3BDA1
:1096A0009D2F7F3F3052A6BD87277F3FBA73A9BD4C
:1096B000491F7F3F2B95ACBDE4167F3F80B6AFBD01
:1096C000580E7F3FBBD7B2BDA4057F3FDAF8B5BDCA
:1096D000C9FC7E3FDD19B9BDC7F37E3FC33ABCBDAF
:1096E0009DEA7E3F8D5BBFBD4CE17E3F397CC2BDB4
:1096F000D4D77E3FC69CC5BD34CE7E3F36BDC8BDE7
:109700006DC47E3F86DDCBBD7FBA7E3FB7FDCEBD4B
:1097100069B07E3FC81DD2BD2DA67E3FB93DD5BDE7
:10972000C99B7E3F895DD8BD3D917E3F377DDBBDC6
:109730008B867E3FC49CDEBDB17B7E3F2EBCE1BDEF
:10974000B0707E3F76DBE4BD88657E3F9AFAE7BD68
:10975000385A7E3F9A19EBBDC14E7E3F7638EEBD3A
:1097600023437E3F2E57F1BD5E377E3FC075F4BD6B
:10977000722B7E3F2C94F7BD5E1F7E3F73B2FABD05
:1097800024137E3F92D0FDBDC2067E3F457700BECA
:1097900038FA7D3F2E0602BE88ED7D3F029503BE5E
:1097A000B1E07D3FC22305BEB2D37D3F6EB206BE9F
:1097B0008CC67D3F054108BE40B97D3F86CF09BEBE
:1097C000CCAB7D3FF35D0BBE309E7D3F4AEC0CBEC3
:1097D0006E907D3F8B7A0EBE85827D3FB70810BEAE
:1097E00074747D3FCC9611BE3D667D3FCA2413BE86
:1097F000DE577D3FB2B214BE59497D3F834016BE4D
:10980000AC3A7D3F3DCE17BED82B7D3FE05B19BE05
:10981000DD1C7D3F6BE91ABEBC0D7D3FDE761CBEB4
:1098200073FE7C3F38041EBE03EF7C3F7B911FBE5E
:109830006CDF7C3FA51E21BEAECF7C3FB6AB22BE07
:10984000C9BF7C3FAD3824BEBDAF7C3F8CC525BEB3
:109850008A9F7C3F515227BE318F7C3FFCDE28BE61
:10986000B07E7C3F8D6B2ABE086E7C3F04F82BBE19
:109870003A5D7C3F61842DBE444C7C3FA2102FBEDC
:10988000283B7C3FC99C30BEE5297C3FD42832BEB2
:109890007A187C3FC4B433BEE9067C3F984035BE9D
:1098A00031F57B3F50CC36BE53E37B3FEC5738BE9F
:1098B0004DD17B3F6CE339BE20BF7B3FCF6E3BBEBB
:1098C000CDAC7B3F15FA3CBE539A7B3F3E853EBEF6
:1098D000B2877B3F491040BEEA747B3F379B41BE55
:1098E000FC617B3F072643BEE74E7B3FB9B044BED9
:1098F000AB3B7B3F4D3B46BE48287B3FC2C547BE86
:10990000BE147B3F185049BE0E017B3F4FDA4ABE62
:1099100037ED7A3F67644CBE3AD97A3F60EE4DBE70
:1099200016C57A3F38784FBECBB07A3FF10151BEB1
:10993000599C7A3F898B52BEC1877A3F011554BE2C
:1099400002737A3F589E55BE1C5E7A3F8F2757BEE2
:1099500010497A3FA4B058BEDD337A3F97395ABEDA
:10996000841E7A3F6AC25BBE04097A3F1A4B5DBE11
:109970005EF3793FA8D35EBE91DD793F135C60BE94
:109980009DC7793F5CE461BE83B1793F836C63BE60
:10999000439B793F86F464BEDC84793F667C66BE77
:1099A0004E6E793F220468BE9A57793FBA8B69BEE2
:1099B000C040793F2F136BBEBF29793F7F9A6CBEA1
:1099C0009812793FAB216EBE4AFB783FB2A86FBEBA
:1099D000D6E3783F942F71BE3BCC783F51B672BE30
:1099E0007BB4783FE83C74BE939C783F5AC375BE05
:1099F0008684783FA64977BE526C783FCCCF78BE3C
:109A0000F853783FCB557ABE773B783FA4DB7BBEDB
:109A1000D122783F56617DBE040A783FE1E67EBEE2
:109A200010F1773F223680BEF7D7773FC0F880BE6F
:109A3000B7BE773F4ABB81BE51A5773FC07D82BE8E
:109A4000C58B773F224083BE1372773F700284BE7E
:109A50003A58773FAAC484BE3C3E773FCE8685BE47
:109A60001724773FDF4886BECC09773FDA0A87BEE6
:109A70005BEF763FC1CC87BEC4D4763F938E88BE61
:109A800007BA763F505089BE249F763FF8118ABEB0
:109A90001B84763F8AD38ABEEC68763F07958BBEDF
:109AA000974D763F6E568CBE1B32763FC0178DBEEB
:109AB0007A16763FFCD88DBEB3FA753F229A8EBED9
:109AC000C6DE753F325B8FBEB3C2753F2C1C90BEA5
:109AD0007BA6753F10DD90BE1C8A753FDD9D91BE53
:109AE000976D753F945E92BEED50753F351F93BEE6
:109AF0001D34753FBFDF93BE2717753F31A094BE5D
:109B00000BFA743F8D6095BEC9DC743FD22096BEBF
:109B100062BF743F00E196BED5A1743F17A197BE06
:109B20002284743F166198BE4966743FFE2099BE38
:109B30004B48743FCEE099BE272A743F86A09ABE58
:109B4000DD0B743F27609BBE6EED733FAF1F9CBE65
:109B5000D9CE733F20DF9CBE1FB0733F789E9DBE61
:109B60003F91733FB85D9EBE3972733FDF1C9FBE4D
:109B70000E53733FEEDB9FBEBE33733FE59AA0BE2C
:109B80004714733FC259A1BEACF4723F8718A2BEFE
:109B9000EBD4723F33D7A2BE04B5723FC595A3BEC6
:109BA000F894723F3F54A4BEC774723F9F12A5BE83
:109BB0007054723FE5D0A5BEF433723F128FA6BE3B
:109BC0005213723F254DA7BE8CF2713F1F0BA8BEEA
:109BD0009FD1713FFEC8A8BE8EB0713FC486A9BE9A
:109BE000578F713F6F44AABEFB6D713F0102ABBE40
:109BF0007A4C713F77BFABBED42A713FD47CACBEE8
:109C00000809713F153AADBE17E7703F3CF7ADBE8E
:109C100002C5703F49B4AEBEC6A2703F3A71AFBE36
:109C20006680703F102EB0BEE15D703FCBEAB0BEE3
:109C3000373B703F6BA7B1BE6718703FEF63B2BE92
:109C400073F56F3F5820B3BE5AD26F3FA5DCB3BE49
:109C50001BAF6F3FD698B4BEB88B6F3FEC54B5BE08
:109C600030686F3FE610B6BE83446F3FC3CCB6BECC
:109C7000B0206F3F8488B7BEBAFC6E3F2A44B8BE9E
:109C80009ED86E3FB2FFB8BE5DB46E3F1EBBB9BE7C
:109C9000F88F6E3F6E76BABE6D6B6E3FA031BBBE65
:109CA000BE466E3FB6ECBBBEEB216E3FAFA7BCBE5F
:109CB000F2FC6D3F8B62BDBED5D76D3F4A1DBEBE67
:109CC00093B26D3FEBD7BEBE2D8D6D3F6F92BFBE81
:109CD000A1676D3FD54CC0BEF2416D3F1E07C1BEAE
:109CE0001D1C6D3F48C1C1BE24F66C3F557BC2BEF2
:109CF00007D06C3F4435C3BEC5A96C3F15EFC3BE4A
:109D00005E836C3FC8A8C4BED45C6C3F5C62C5BEB9
:109D100024366C3FD21BC6BE500F6C3F29D5C6BE41
:109D200058E86B3F628EC7BE3BC16B3F7C47C8BEE5
:109D3000FB996B3F7700C9BE95726B3F53B9C9BEA3
:109D40000C4B6B3F1072CABE5E236B3FAE2ACBBE7C
:109D50008CFB6A3F2CE3CBBE95D36A3F8B9BCCBE7A
:109D60007BAB6A3FCA53CDBE3C836A3FEA0BCEBE93
:109D7000D95A6A3FEAC3CEBE52326A3FCA7BCFBECF
:109D8000A7096A3F8A33D0BED7E0693F2AEBD0BE2D
:109D9000E4B7693FAAA2D1BECC8E693F095AD2BEB0
:109DA0009165693F4811D3BE323C693F67C8D3BE55
:109DB000AE12693F647FD4BE07E9683F4136D5BE25
:109DC0003CBF683FFDECD5BE4C95683F99A3D6BE1D
:109DD000396B683F135AD7BE0341683F6B10D8BE3A
:109DE000A816683FA3C6D8BE2AEC673FB97CD9BE87
:109DF00087C1673FAD32DABEC196673F80E8DABE01
:109E0000D86B673F319EDBBECA40673FC153DCBEA3
:109E10009915673F2E09DDBE45EA663F79BEDDBE76
:109E2000CCBE663FA273DEBE3093663FA928DFBE7C
:109E30007167663F8DDDDFBE8E3B663F4F92E0BEB1
:109E4000880F663FEE46E1BE5EE3653F6AFBE1BE1A
:109E500010B7653FC4AFE2BEA08A653FFA63E3BEB8
:109E60000B5E653F0E18E4BE5431653FFECBE4BE89
:109E70007904653FCB7FE5BE7BD7643F7533E6BE93
:109E800059AA643FFBE6E6BE147D643F5D9AE7BED7
:109E9000AC4F643F9C4DE8BE2122643FB700E9BE51
:109EA00073F4633FAEB3E9BEA1C6633F8166EABE09
:109EB000AC98633F3019EBBE956A633FBBCBEBBEFA
:109EC0005A3C633F217EECBEFC0D633F6330EDBE28
:109ED0007BDF623F80E2EDBED7B0623F7994EEBE99
:109EE0001082623F4C46EFBE2653623FFBF7EFBE47
:109EF0001A24623F85A9F0BEEAF4613FEA5AF1BE36
:109F000098C5613F290CF2BE2296613F43BDF2BE67
:109F10008A66613F386EF3BED036613F071FF4BEDC
:109F2000F206613FB1CFF4BEF2D6603F3580F5BE98
:109F3000CFA6603F9330F6BE8976603FCBE0F6BE99
:109F40002146603FDC90F7BE9615603FC840F8BEE2
:109F5000E9E45F3F8EF0F8BE19B45F3F2DA0F9BE73
:109F600027835F3FA54FFABE12525F3FF7FEFABE4E
:109F7000DB205F3F22AEFBBE81EF5E3F275DFCBE74
:109F800005BE5E3F040CFDBE678C5E3FBBBAFDBEE6
:109F9000A65A5E3F4A69FEBEC3285E3FB217FFBEA7
:109FA000BEF65D3FF3C5FFBE97C45D3F063A00BFF6
:109FB0004D925D3FFF9000BFE15F5D3FE4E700BF72
:109FC000532D5D3FB53E01BFA3FA5C3F739501BFC2
:109FD000D1C75C3F1CEC01BFDD945C3FB14202BFC6
:109FE000C7615C3F329902BF8E2E5C3F9FEF02BF7C
:109FF00034FB5B3FF84503BFB8C75B3F3D9C03BFE5
:10A000001A945B3F6DF203BF5A605B3F894804BFFF
:10A01000792C5B3F919E04BF75F85A3F84F404BFCE
:10A0200050C45A3F624A05BF09905A3F2CA005BF51
:10A03000A05B5A3FE2F505BF16275A3F824B06BF89
:10A040006AF2593F0EA106BF9CBD593F86F606BF76
:10A05000AD88593FE84B07BF9C53593F36A107BF16
:10A060006A1E593F6FF607BF17E9583F924B08BF6A
:10A07000A1B3583FA1A008BF0B7E583F9BF508BF76
:10A080005348583F7F4A09BF7912583F4E9F09BF36
:10A090007FDC573F09F409BF63A6573FAD480ABFAD
:10A0A0002670573F3D9D0ABFC739573FB7F10ABFDA
:10A0B0004803573F1C460BBFA7CC563F6B9A0BBFBC
:10A0C000E595563FA5EE0BBF025F563FC9420CBF58
:10A0D000FE27563FD7960CBFD9F0553FD0EA0CBFAC
:10A0E00093B9553FB33E0DBF2C82553F81920DBFB2
:10A0F000A44A553F38E60DBFFB12553FDA390EBF73
:10A1000031DB543F658D0EBF47A3543FDBE00EBFEC
:10A110003B6B543F3B340FBF0F33543F84870FBF1B
:10A12000C3FA533FB8DA0FBF55C2533FD52D10BF06
:10A13000C789533FDC8010BF1851533FCDD310BFA8
:10A140004918533FA72611BF59DF523F6B7911BF02
:10A1500049A6523F19CC11BF186D523FB01E12BF15
:10A16000C633523F307112BF54FA513F9AC312BFE7
:10A17000C2C0513FEE1513BF1087513F2A6813BF6D
:10A180003D4D513F50BA13BF4A13513F5F0C14BFAE
:10A1900037D9503F585E14BF039F503F39B014BFAA
:10A1A000AF64503F040215BF3B2A503FB75315BF61
:10A1B000A8EF4F3F54A515BFF4B44F3FD9F615BFD4
:10A1C0001F7A4F3F474816BF2B3F4F3F9F9916BFFF
:10A1D00017044F3FDFEA16BFE4C84E3F073C17BFE6
:10A1E000908D4E3F188D17BF1C524E3F12DE17BF89
:10A1F00089164E3FF52E18BFD5DA4D3FC07F18BFE8
:10A20000029F4D3F73D018BF10634D3F0F2119BF00
:10A21000FD264D3F947119BFCBEA4C3F00C219BFD8
:10A2200079AE4C3F55121ABF08724C3F93621ABF69
:10A2300078354C3FB8B21ABFC7F84B3FC6021BBFB8
:10A24000F8BB4B3FBB521BBF097F4B3F99A21BBFC3
:10A25000FA414B3F5FF21BBFCC044B3F0C421CBF8B
:10A260007FC74A3FA2911CBF138A4A3F1FE11CBF10
:10A27000874C4A3F84301DBFDC0E4A3FD17F1DBF53
:10A2800012D1493F06CF1DBF2993493F221E1EBF51
:10A290002155493F266D1EBFFA16493F12BC1EBF0D
:10A2A000B3D8483FE50A1FBF4E9A483F9F591FBF8A
:10A2B000CA5B483F41A81FBF271D483FCBF61FBFC1
:10A2C00065DE473F3B4520BF849F473F939320BFB8
:10A2D0008560473FD2E120BF6721473FF92F21BF6B
:10A2E0002AE2463F067E21BFCEA2463FFBCB21BFDE
:10A2F0005463463FD71922BFBB23463F996722BF0D
:10A3000003E4453F43B522BF2DA4453FD30223BFFD
:10A310003964453F4B5023BF2624453FA99D23BFA9
:10A32000F5E3443FEEEA23BFA5A3443F1A3824BF18
:10A330003763443F2C8524BFAB22443F25D224BF42
:10A3400000E2433F041F25BF38A1433FCB6B25BF2D
:10A350005160433F77B825BF4C1F433F0A0526BFD6
:10A3600029DE423F845126BFE89C423FE39D26BF41
:10A37000895B423F2AEA26BF0B1A423F563627BF67
:10A3800070D8413F688227BFB796413F61CE27BF53
:10A39000E154413F401A28BFEC12413F056628BFF7
:10A3A000DAD0403FB0B128BFA98E403F41FD28BF61
:10A3B0005C4C403FB84829BFF009403F159429BF85
:10A3C00067C73F3F57DF29BFC0843F3F802A2ABF6E
:10A3D000FC413F3F8E752ABF1BFF3E3F82C02ABF14
:10A3E0001BBC3E3F5B0B2BBFFF783E3F1B562BBF7A
:10A3F000C5353E3FBFA02BBF6EF23D3F4AEB2BBFA2
:10A40000F9AE3D3FB9352CBF676B3D3F0F802CBF88
:10A41000B8273D3F49CA2CBFECE33C3F69142DBF30
:10A4200003A03C3F6F5E2DBFFC5B3C3F59A82DBF96
:10A43000D9173C3F29F22DBF98D33B3FDE3B2EBFBF
:10A440003B8F3B3F78852EBFC14A3B3FF7CE2EBFA7
:10A4500029063B3F5B182FBF75C13A3FA5612FBF4F
:10A46000A47C3A3FD3AA2FBFB7373A3FE6F32FBFBA
:10A47000ACF2393FDE3C30BF85AD393FBB8530BFE4
:10A480004268393F7CCE30BFE122393F221731BFCD
:10A4900065DD383FAD5F31BFCB97383F1DA831BF79
:10A4A0001652383F71F031BF430C383FAA3832BFE3
:10A4B00055C6373FC78032BF4A80373FC9C832BF11
:10A4C000233A373FAF1033BFDFF3363F7A5833BFFD
:10A4D0007FAD363F29A033BF0467363FBCE733BFAB
:10A4E0006C20363F342F34BFB8D9353F8F7634BF18
:10A4F000E792353FCFBD34BFFB4B353FF30435BF4B
:10A50000F304353FFB4B35BFCFBD343FE79235BF3A
:10A510008F76343FB8D935BF342F343F6C2036BFE7
:10A52000BCE7333F046736BF29A0333F7FAD36BF5A
:10A530007A58333FDFF336BFAF10333F233A37BF8C
:10A54000C9C8323F4A8037BFC780323F55C637BF80
:10A55000AA38323F430C38BF71F0313F165238BF32
:10A560001DA8313FCB9738BFAD5F313F65DD38BFA8
:10A570002217313FE12239BF7CCE303F426839BFDC
:10A58000BB85303F85AD39BFDE3C303FACF239BFD3
:10A59000E6F32F3FB7373ABFD3AA2F3FA47C3ABF89
:10A5A000A5612F3F75C13ABF5B182F3F29063BBFFE
:10A5B000F7CE2E3FC14A3BBF78852E3F3B8F3BBF36
:10A5C000DE3B2E3F98D33BBF29F22D3FD9173CBF2E
:10A5D00059A82D3FFC5B3CBF6F5E2D3F03A03CBFE5
:10A5E00069142D3FECE33CBF49CA2C3FB8273DBF5F
:10A5F0000F802C3F676B3DBFB9352C3FF9AE3DBF97
:10A600004AEB2B3F6EF23DBFBFA02B3FC5353EBF8F
:10A610001B562B3FFF783EBF5B0B2B3F1BBC3EBF47
:10A6200082C02A3F1BFF3EBF8E752A3FFC413FBFC1
:10A63000802A2A3FC0843FBF57DF293F67C73FBFFB
:10A640001594293FF00940BFB848293F5C4C40BFF2
:10A6500041FD283FA98E40BFB0B1283FDAD040BFAE
:10A660000566283FEC1241BF401A283FE15441BF24
:10A6700061CE273FB79641BF6882273F70D841BF60
:10A680005636273F0B1A42BF2AEA263F895B42BF54
:10A69000E39D263FE89C42BF8451263F29DE42BF0E
:10A6A0000A05263F4C1F43BF77B8253F516043BF83
:10A6B000CB6B253F38A143BF041F253F00E243BFBA
:10A6C00025D2243FAB2244BF2C85243F376344BFAF
:10A6D0001A38243FA5A344BFEEEA233FF5E344BF65
:10A6E000A99D233F262445BF4B50233F396445BFD6
:10A6F000D302233F2DA445BF43B5223F03E445BF0A
:10A700009967223FBB2346BFD719223F546346BFF8
:10A71000FBCB213FCEA246BF067E213F2AE246BFA9
:10A72000F92F213F672147BFD2E1203F856047BF16
:10A730009393203F849F47BF3B45203F65DE47BF43
:10A74000CBF61F3F271D48BF41A81F3FCA5B48BF2C
:10A750009F591F3F4E9A48BFE50A1F3FB3D848BFD5
:10A7600012BC1E3FFA1649BF266D1E3F215549BF38
:10A77000221E1E3F299349BF06CF1D3F12D149BF5C
:10A78000D17F1D3FDC0E4ABF84301D3F874C4ABF3E
:10A790001FE11C3F138A4ABFA2911C3F7FC74ABFDB
:10A7A0000C421C3FCC044BBF5FF21B3FFA414BBF36
:10A7B00099A21B3F097F4BBFBB521B3FF8BB4BBF4E
:10A7C000C6021B3FC7F84BBFB8B21A3F78354CBF23
:10A7D00093621A3F08724CBF55121A3F79AE4CBFB4
:10A7E00000C2193FCBEA4CBF9471193FFD264DBF03
:10A7F0000F21193F10634DBF73D0183F029F4DBF0B
:10A80000C07F183FD5DA4DBFF52E183F89164EBFD1
:10A8100012DE173F1C524EBF188D173F908D4EBF52
:10A82000073C173FE4C84EBFDFEA163F17044FBF8F
:10A830009F99163F2B3F4FBF4748163F1F7A4FBF88
:10A84000D9F6153FF4B44FBF54A5153FA8EF4FBF3D
:10A85000B753153F3B2A50BF0402153FAF6450BFAA
:10A8600039B0143F039F50BF585E143F37D950BFD3
:10A870005F0C143F4A1351BF50BA133F3D4D51BFB7
:10A880002A68133F108751BFEE15133FC2C051BF56
:10A890009AC3123F54FA51BF3071123FC63352BFB0
:10A8A000B01E123F186D52BF19CC113F49A652BFBE
:10A8B0006B79113F59DF52BFA726113F491853BF8B
:10A8C000CDD3103F185153BFDC80103FC78953BF11
:10A8D000D52D103F55C253BFB8DA0F3FC3FA53BF4F
:10A8E00084870F3F0F3354BF3B340F3F3B6B54BF44
:10A8F000DBE00E3F47A354BF658D0E3F31DB54BFF5
:10A90000DA390E3FFB1255BF38E60D3FA44A55BF5A
:10A9100081920D3F2C8255BFB33E0D3F93B955BF79
:10A92000D0EA0C3FD9F055BFD7960C3FFE2756BF53
:10A93000C9420C3F025F56BFA5EE0B3FE59556BFDF
:10A940006B9A0B3FA7CC56BF1C460B3F480357BF23
:10A95000B7F10A3FC73957BF3D9D0A3F267057BF21
:10A96000AD480A3F63A657BF09F4093F7FDC57BFD4
:10A970004E9F093F791258BF7F4A093F534858BF3D
:10A980009BF5083F0B7E58BFA1A0083FA1B358BF5D
:10A99000924B083F17E958BF6FF6073F6A1E59BF31
:10A9A00036A1073F9C5359BFE84B073FAD8859BFBD
:10A9B00086F6063F9CBD59BF0EA1063F6AF259BFFD
:10A9C000824B063F16275ABFE2F5053FA05B5ABFF0
:10A9D0002CA0053F09905ABF624A053F50C45ABF98
:10A9E00084F4043F75F85ABF919E043F792C5BBFF5
:10A9F0008948043F5A605BBF6DF2033F1A945BBF06
:10AA00003D9C033FB8C75BBFF845033F34FB5BBFCA
:10AA10009FEF023F8E2E5CBF3299023FC7615CBF41
:10AA2000B142023FDD945CBF1CEC013FD1C75CBF6B
:10AA30007395013FA3FA5CBFB53E013F532D5DBF47
:10AA4000E4E7003FE15F5DBFFF90003F4D925DBFD7
:10AA5000063A003F97C45DBFF3C5FF3EBEF65DBF3B
:10AA6000B217FF3EC3285EBF4A69FE3EA65A5EBFCC
:10AA7000BBBAFD3E678C5EBF040CFD3E05BE5EBFEB
:10AA8000275DFC3E81EF5EBF22AEFB3EDB205FBF59
:10AA9000F7FEFA3E12525FBFA54FFA3E27835FBF13
:10AAA0002DA0F93E19B45FBF8EF0F83EE9E45FBF18
:10AAB000C840F83E961560BFDC90F73E214660BF67
:10AAC000CBE0F63E897660BF9330F63ECFA660BFFE
:10AAD0003580F53EF2D660BFB1CFF43EF20661BFDD
:10AAE000071FF43ED03661BF386EF33E8A6661BF01
:10AAF00043BDF23E229661BF290CF23E98C561BF6C
:10AB0000EA5AF13EEAF461BF85A9F03E1A2462BF19
:10AB1000FBF7EF3E265362BF4C46EF3E108262BF0A
:10AB20007994EE3ED7B062BF80E2ED3E7BDF62BF3C
:10AB30006330ED3EFC0D63BF217EEC3E5A3C63BFAB
:10AB4000BBCBEB3E956A63BF3019EB3EAC9863BF5D
:10AB50008166EA3EA1C663BFAEB3E93E73F463BF4C
:10AB6000B700E93E212264BF9C4DE83EAC4F64BF74
:10AB70005D9AE73E147D64BFFBE6E63E59AA64BFDA
:10AB80007533E63E7BD764BFCB7FE53E790465BF76
:10AB9000FECBE43E543165BF0E18E43E0B5E65BF4C
:10ABA000FA63E33EA08A65BFC4AFE23E10B765BF5B
:10ABB0006AFBE13E5EE365BFEE46E13E880F66BF9D
:10ABC0004F92E03E8E3B66BF8DDDDF3E716766BF14
:10ABD000A928DF3E309366BFA273DE3ECCBE66BFBF
:10ABE00079BEDD3E45EA66BF2E09DD3E991567BF99
:10ABF000C153DC3ECA4067BF319EDB3ED86B67BFA6
:10AC000080E8DA3EC19667BFAD32DA3E87C167BFE2
:10AC1000B97CD93E2AEC67BFA3C6D83EA81668BF48
:10AC20006B10D83E034168BF135AD73E396B68BFDB
:10AC300099A3D63E4C9568BFFDECD53E3CBF68BF9E
:10AC40004136D53E07E968BF647FD43EAE1269BF86
:10AC500067C8D33E323C69BF4811D33E916569BF96
:10AC6000095AD23ECC8E69BFAAA2D13EE4B769BFD1
:10AC70002AEBD03ED7E069BF8A33D03EA7096ABF2E
:10AC8000CA7BCF3E52326ABFEAC3CE3ED95A6ABFB0
:10AC9000EA0BCE3E3C836ABFCA53CD3E7BAB6ABF54
:10ACA0008B9BCC3E95D36ABF2CE3CB3E8CFB6ABF1B
:10ACB000AE2ACB3E5E236BBF1072CA3E0C4B6BBFFD
:10ACC00053B9C93E95726BBF7700C93EFB996BBF04
:10ACD0007C47C83E3BC16BBF628EC73E58E86BBF26
:10ACE00029D5C63E500F6CBFD21BC63E24366CBF62
:10ACF0005C62C53ED45C6CBFC8A8C43E5E836CBFBA
:10AD000015EFC33EC5A96CBF4435C33E07D06CBF29
:10AD1000557BC23E24F66CBF48C1C13E1D1C6DBFB1
:10AD20001E07C13EF2416DBFD54CC03EA1676DBF4D
:10AD30006F92BF3E2D8D6DBFEBD7BE3E93B26DBF00
:10AD40004A1DBE3ED5D76DBF8B62BD3EF2FC6DBFC6
:10AD5000AFA7BC3EEB216EBFB6ECBB3EBE466EBF9E
:10AD6000A031BB3E6D6B6EBF6E76BA3EF88F6EBF84
:10AD70001EBBB93E5DB46EBFB2FFB83E9ED86EBF7B
:10AD80002A44B83EBAFC6EBF8488B73EB0206FBF7D
:10AD9000C3CCB63E83446FBFE610B63E30686FBF8B
:10ADA000EC54B53EB88B6FBFD698B43E1BAF6FBFA7
:10ADB000A5DCB33E5AD26FBF5820B33E73F56FBFC8
:10ADC000EF63B23E671870BF6BA7B13E373B70BFF1
:10ADD000CBEAB03EE15D70BF102EB03E668070BF22
:10ADE0003A71AF3EC6A270BF49B4AE3E02C570BF55
:10ADF0003CF7AD3E17E770BF153AAD3E080971BF8D
:10AE0000D47CAC3ED42A71BF77BFAB3E7A4C71BFC5
:10AE10000102AB3EFB6D71BF6F44AA3E578F71BFFD
:10AE2000C486A93E8EB071BFFEC8A83E9FD171BF37
:10AE30001F0BA83E8CF271BF254DA73E521372BF67
:10AE4000128FA63EF43372BFE5D0A53E705472BF98
:10AE50009F12A53EC77472BF3F54A43EF89472BFC0
:10AE6000C595A33E04B572BF33D7A23EEBD472BFE3
:10AE70008718A23EACF472BFC259A13E471473BFFB
:10AE8000E59AA03EBE3373BFEEDB9F3E0E5373BF09
:10AE9000DF1C9F3E397273BFB85D9E3E3F9173BF0A
:10AEA000789E9D3E1FB073BF20DF9C3ED9CE73BFFE
:10AEB000AF1F9C3E6EED73BF27609B3EDD0B74BFE2
:10AEC00086A09A3E272A74BFCEE0993E4B4874BFB5
:10AED000FE20993E496674BF1661983E228474BF75
:10AEE00017A1973ED5A174BF00E1963E62BF74BF23
:10AEF000D220963EC9DC74BF8D60953E0BFA74BFBC
:10AF000031A0943E271775BFBFDF933E1D3475BF38
:10AF1000351F933EED5075BF945E923E976D75BFA1
:10AF2000DD9D913E1C8A75BF10DD903E7BA675BFEE
:10AF30002C1C903EB3C275BF325B8F3EC6DE75BF20
:10AF4000229A8E3EB3FA75BFFCD88D3E7A1676BF34
:10AF5000C0178D3E1B3276BF6E568C3E974D76BF26
:10AF600007958B3EEC6876BF8AD38A3E1B8476BFFA
:10AF7000F8118A3E249F76BF5050893E07BA76BFAB
:10AF8000938E883EC4D476BFC1CC873E5BEF76BF3C
:10AF9000DA0A873ECC0977BFDF48863E172477BFA1
:10AFA000CE86853E3C3E77BFAAC4843E3A5877BFE2
:10AFB0007002843E137277BF2240833EC58B77BFF9
:10AFC000C07D823E51A577BF4ABB813EB7BE77BFE9
:10AFD000C0F8803EF7D777BF2236803E10F177BFAA
:10AFE000E1E67E3E040A78BF56617D3ED12278BFFD
:10AFF000A4DB7B3E773B78BFCB557A3EF85378BFD6
:10B00000CCCF783E526C78BFA649773E868478BF15
:10B010005AC3753E939C78BFE83C743E7BB478BFBE
:10B0200051B6723E3BCC78BF942F713ED6E378BFC9
:10B03000B2A86F3E4AFB78BFAB216E3E981279BF33
:10B040007F9A6C3EBF2979BF2F136B3EC04079BFFA
:10B05000BA8B693E9A5779BF2204683E4E6E79BF1B
:10B06000667C663EDC8479BF86F4643E439B79BF90
:10B07000836C633E83B179BF5CE4613E9DC779BF59
:10B08000135C603E91DD79BFA8D35E3E5EF379BF6D
:10B090001A4B5D3E04097ABF6AC25B3E841E7ABFCA
:10B0A00097395A3EDD337ABFA4B0583E10497ABF73
:10B0B0008F27573E1C5E7ABF589E553E02737ABF5B
:10B0C0000115543EC1877ABF898B523E599C7ABF85
:10B0D000F101513ECBB07ABF38784F3E16C57ABFEA
:10B0E00060EE4D3E3AD97ABF67644C3E37ED7ABF89
:10B0F0004FDA4A3E0E017BBF1850493EBE147BBF5B
:10B10000C2C5473E48287BBF4D3B463EAB3B7BBF5D
:10B11000B9B0443EE74E7BBF0726433EFC617BBF90
:10B12000379B413EEA747BBF4910403EB2877BBFEC
:10B130003E853E3E539A7BBF15FA3C3ECDAC7BBF6D
:10B14000CF6E3B3E20BF7BBF6CE3393E4DD17BBF12
:10B15000EC57383E53E37BBF50CC363E31F57BBFD6
:10B160009840353EE9067CBFC4B4333E7A187CBFB4
:10B17000D428323EE5297CBFC99C303E283B7CBFA9
:10B18000A2102F3E444C7CBF61842D3E3A5D7CBFB3
:10B1900004F82B3E086E7CBF8D6B2A3EB07E7CBFD0
:10B1A000FCDE283E318F7CBF5152273E8A9F7CBFF8
:10B1B0008CC5253EBDAF7CBFAD38243EC9BF7CBF2A
:10B1C000B6AB223EAECF7CBFA51E213E6CDF7CBF5E
:10B1D0007B911F3E03EF7CBF38041E3E73FE7CBF95
:10B1E000DE761C3EBC0D7DBF6BE91A3EDD1C7DBFCB
:10B1F000E05B193ED82B7DBF3DCE173EAC3A7DBFFC
:10B200008340163E59497DBFB2B2143EDE577DBF22
:10B21000CA24133E3D667DBFCC96113E74747DBF3B
:10B22000B708103E85827DBF8B7A0E3E6E907DBF43
:10B230004AEC0C3E309E7DBFF35D0B3ECCAB7DBF38
:10B2400086CF093E40B97DBF0541083E8CC67DBF13
:10B250006EB2063EB2D37DBFC223053EB1E07DBFD4
:10B260000295033E88ED7DBF2E06023E38FA7DBF73
:10B270004577003EC2067EBF92D0FD3D24137EBFBF
:10B2800073B2FA3D5E1F7EBF2C94F73D722B7EBFDA
:10B29000C075F43D5E377EBF2E57F13D23437EBF20
:10B2A0007638EE3DC14E7EBF9A19EB3D385A7EBFCF
:10B2B0009AFAE73D88657EBF76DBE43DB0707EBFDD
:10B2C0002EBCE13DB17B7EBFC49CDE3D8B867EBF44
:10B2D000377DDB3D3D917EBF895DD83DC99B7EBFFB
:10B2E000B93DD53D2DA67EBFC81DD23D69B07EBFFC
:10B2F000B7FDCE3D7FBA7EBF86DDCB3D6DC47EBF40
:10B3000036BDC83D34CE7EBFC69CC53DD4D77EBFBA
:10B31000397CC23D4CE17EBF8D5BBF3D9DEA7EBF67
:10B32000C33ABC3DC7F37EBFDD19B93DC9FC7EBF42
:10B33000DAF8B53DA4057FBFBBD7B23D580E7FBF3D
:10B3400080B6AF3DE4167FBF2B95AC3D491F7FBF54
:10B35000BA73A93D87277FBF3052A63D9D2F7FBF7F
:10B360008C30A33D8D377FBFCF0EA03D543F7FBFB4
:10B37000F9EC9C3DF4467FBF0ACB993D6D4E7FBFF3
:10B3800005A9963DBF557FBFE786933DE95C7FBF2A
:10B39000B464903DEC637FBF6A428D3DC76A7FBF56
:10B3A0000A208A3D7B717FBF94FD863D08787FBF70
:10B3B0000ADB833D6D7E7FBF6CB8803DAB847FBF71
:10B3C000742B7B3DC28A7FBFE9E5743DB1907FBF9E
:10B3D00038A06E3D78967FBF625A683D189C7FBF4B
:10B3E0006814623D91A17FBF4CCE5B3DE3A67FBF59
:10B3F0000E88553D0DAC7FBFAF414F3D0FB17FBFB4
:10B400002FFB483DEAB57FBF91B4423D9EBA7FBF56
:10B41000D56D3C3D2ABF7FBFFC26363D8FC37FBF25
:10B4200007E02F3DCCC77FBFF698293DE2CB7FBF19
:10B43000CC51233DD1CF7FBF880A1D3D98D37FBF1C
:10B440002CC3163D37D77FBFB87B103DAFDA7FBF27
:10B450002F340A3D00DE7FBF90EC033D29E17FBF22
:10B46000B949FB3C2BE47FBF2DBAEE3C05E77FBF1B
:10B470007B2AE23CB8E97FBFA69AD53C43EC7FBF6C
:10B48000B00AC93CA7EE7FBF9B7ABC3CE3F07FBF0C
:10B4900069EAAF3CF8F27FBF1C5AA33CE6F47FBFD9
:10B4A000B6C9963CACF67FBF38398A3C4AF87FBFB4
:10B4B0004B517B3CC1F97FBF0030623C11FB7FBF29
:10B4C000900E493C39FC7FBF02ED2F3C39FD7FBF18
:10B4D00059CB163C13FE7FBF3053FB3BC4FE7FBFEE
:10B4E000890FC93B4EFF7FBFC1CB963BB1FF7FBFEA
:10B4F000C70F493BECFF7FBFD40FC93A000080BFA4
:10B5000000000000ECFF7FBFD40FC9BAB1FF7FBFBE
:10B51000C70F49BB4EFF7FBFC1CB96BBC4FE7FBFE9
:10B52000890FC9BB13FE7FBF3053FBBB39FD7FBF03
:10B5300059CB16BC39FC7FBF02ED2FBC11FB7FBF7E
:10B54000900E49BCC1F97FBF003062BC4AF87FBF92
:10B550004B517BBCACF67FBF38398ABCE6F47FBF69
:10B56000B6C996BCF8F27FBF1C5AA3BCE3F07FBFFC
:10B5700069EAAFBCA7EE7FBF9B7ABCBC43EC7FBF40
:10B58000B00AC9BCB8E97FBFA69AD5BC05E77FBFA2
:10B590007B2AE2BC2BE47FBF2DBAEEBC29E17FBF42
:10B5A000B949FBBC00DE7FBF90EC03BDAFDA7FBFC3
:10B5B0002F340ABD37D77FBFB87B10BD98D37FBF6C
:10B5C0002CC316BDD1CF7FBF880A1DBDE2CB7FBF84
:10B5D000CC5123BDCCC77FBFF69829BD8FC37FBF99
:10B5E00007E02FBD2ABF7FBFFC2636BD9EBA7FBFB6
:10B5F000D56D3CBDEAB57FBF91B442BD0FB17FBFF1
:10B600002FFB48BD0DAC7FBFAF414FBDE3A67FBF51
:10B610000E8855BD91A17FBF4CCE5BBD189C7FBFEE
:10B62000681462BD78967FBF625A68BDB1907FBFD3
:10B6300038A06EBDC28A7FBFE9E574BDAB847FBF11
:10B64000742B7BBD6D7E7FBF6CB880BD08787FBFDB
:10B650000ADB83BD7B717FBF94FD86BDC76A7FBF58
:10B660000A208ABDEC637FBF6A428DBDE95C7FBF63
:10B67000B46490BDBF557FBFE78693BD6D4E7FBF5D
:10B6800005A996BDF4467FBF0ACB99BD543F7FBF45
:10B69000F9EC9CBD8D377FBFCF0EA0BD9D2F7FBF26
:10B6A0008C30A3BD87277FBF3052A6BD491F7FBF07
:10B6B000BA73A9BDE4167FBF2B95ACBD580E7FBFF2
:10B6C00080B6AFBDA4057FBFBBD7B2BDC9FC7EBFEE
:10B6D000DAF8B5BDC7F37EBFDD19B9BD9DEA7EBFFF
:10B6E000C33ABCBD4CE17EBF8D5BBFBDD4D77EBF2E
:10B6F000397CC2BD34CE7EBFC69CC5BD6DC47EBF85
:10B7000036BDC8BD7FBA7EBF86DDCBBD69B07EBF0A
:10B71000B7FDCEBD2DA67EBFC81DD2BDC99B7EBFC5
:10B72000B93DD5BD3D917EBF895DD8BD8B867EBFBD
:10B73000377DDBBDB17B7EBFC49CDEBDB0707EBFFC
:10B740002EBCE1BD88657EBF76DBE4BD385A7EBF86
:10B750009AFAE7BDC14E7EBF9A19EBBD23437EBF67
:10B760007638EEBD5E377EBF2E57F1BD722B7EBFA1
:10B77000C075F4BD5E1F7EBF2C94F7BD24137EBF41
:10B7800073B2FABDC2067EBF92D0FDBD38FA7DBF4E
:10B79000457700BE88ED7DBF2E0602BEB1E07DBFBD
:10B7A000029503BEB2D37DBFC22305BE8CC67DBF4A
:10B7B0006EB206BE40B97DBF054108BECCAB7DBFB1
:10B7C00086CF09BE309E7DBFF35D0BBE6E907DBF00
:10B7D0004AEC0CBE85827DBF8B7A0EBE74747DBF31
:10B7E000B70810BE3D667DBFCC9611BEDE577DBF4B
:10B7F000CA2413BE59497DBFB2B214BEAC3A7DBF54
:10B80000834016BED82B7DBF3DCE17BEDD1C7DBF4D
:10B81000E05B19BEBC0D7DBF6BE91ABE73FE7CBF39
:10B82000DE761CBE03EF7CBF38041EBE6CDF7CBF1F
:10B830007B911FBEAECF7CBFA51E21BEC9BF7CBF02
:10B84000B6AB22BEBDAF7CBFAD3824BE8A9F7CBFE5
:10B850008CC525BE318F7CBF515227BEB07E7CBFC8
:10B86000FCDE28BE086E7CBF8D6B2ABE3A5D7CBFB5
:10B8700004F82BBE444C7CBF61842DBE283B7CBFAA
:10B88000A2102FBEE5297CBFC99C30BE7A187CBFB0
:10B89000D42832BEE9067CBFC4B433BE31F57BBFC9
:10B8A000984035BE53E37BBF50CC36BE4DD17BBFF5
:10B8B000EC5738BE20BF7BBF6CE339BECDAC7BBF3D
:10B8C000CF6E3BBE539A7BBF15FA3CBEB2877BBF9F
:10B8D0003E853EBEEA747BBF491040BEFC617BBF23
:10B8E000379B41BEE74E7BBF072643BEAB3B7BBFCA
:10B8F000B9B044BE48287BBF4D3B46BEBE147BBF9B
:10B90000C2C547BE0E017BBF185049BE37ED7ABF96
:10B910004FDA4ABE3AD97ABF67644CBE16C57ABFC1
:10B9200060EE4DBECBB07ABF38784FBE599C7ABF1F
:10B93000F10151BEC1877ABF898B52BE02737ABFB3
:10B94000011554BE1C5E7ABF589E55BE10497ABF81
:10B950008F2757BEDD337ABFA4B058BE841E7ABF8E
:10B9600097395ABE04097ABF6AC25BBE5EF379BFDB
:10B970001A4B5DBE91DD79BFA8D35EBE9DC779BF6E
:10B98000135C60BE83B179BF5CE461BE439B79BF49
:10B99000836C63BEDC8479BF86F464BE4E6E79BF6F
:10B9A000667C66BE9A5779BF220468BEC04079BFE4
:10B9B000BA8B69BEBF2979BF2F136BBE981279BFAE
:10B9C0007F9A6CBE4AFB78BFAB216EBED6E378BFD0
:10B9D000B2A86FBE3BCC78BF942F71BE7BB478BF4A
:10B9E00051B672BE939C78BFE83C74BE868478BF23
:10B9F0005AC375BE526C78BFA64977BEF85378BF5C
:10BA0000CCCF78BE773B78BFCB557ABED12278BFFA
:10BA1000A4DB7BBE040A78BF56617DBE10F177BF00
:10BA2000E1E67EBEF7D777BF223680BEB7BE77BFCE
:10BA3000C0F880BE51A577BF4ABB81BEC58B77BF1A
:10BA4000C07D82BE137277BF224083BE3A5877BF53
:10BA5000700284BE3C3E77BFAAC484BE172477BF61
:10BA6000CE8685BECC0977BFDF4886BE5BEF76BF4A
:10BA7000DA0A87BEC4D476BFC1CC87BE07BA76BF08
:10BA8000938E88BE249F76BF505089BE1B8476BF9C
:10BA9000F8118ABEEC6876BF8AD38ABE974D76BF0E
:10BAA00007958BBE1B3276BF6E568CBE7A1676BF5C
:10BAB000C0178DBEB3FA75BFFCD88DBEC6DE75BF8C
:10BAC000229A8EBEB3C275BF325B8FBE7BA675BF96
:10BAD0002C1C90BE1C8A75BF10DD90BE976D75BF83
:10BAE000DD9D91BEED5075BF945E92BE1D3475BF55
:10BAF000351F93BE271775BFBFDF93BE0BFA74BF08
:10BB000031A094BEC9DC74BF8D6095BE62BF74BFA6
:10BB1000D22096BED5A174BF00E196BE228474BF28
:10BB200017A197BE496674BF166198BE4B4874BF93
:10BB3000FE2099BE272A74BFCEE099BEDD0B74BFEC
:10BB400086A09ABE6EED73BF27609BBED9CE73BF31
:10BB5000AF1F9CBE1FB073BF20DF9CBE3F9173BF61
:10BB6000789E9DBE397273BFB85D9EBE0E5373BF83
:10BB7000DF1C9FBEBE3373BFEEDB9FBE471473BF97
:10BB8000E59AA0BEACF472BFC259A1BEEBD472BF9D
:10BB90008718A2BE04B572BF33D7A2BEF89472BF95
:10BBA000C595A3BEC77472BF3F54A4BE705472BF84
:10BBB0009F12A5BEF43372BFE5D0A5BE521372BF6B
:10BBC000128FA6BE8CF271BF254DA7BE9FD171BF4B
:10BBD0001F0BA8BE8EB071BFFEC8A8BE578F71BF25
:10BBE000C486A9BEFB6D71BF6F44AABE7A4C71BFFB
:10BBF0000102ABBED42A71BF77BFABBE080971BFCB
:10BC0000D47CACBE17E770BF153AADBE02C570BF9D
:10BC10003CF7ADBEC6A270BF49B4AEBE668070BF71
:10BC20003A71AFBEE15D70BF102EB0BE373B70BF42
:10BC3000CBEAB0BE671870BF6BA7B1BE73F56FBF1C
:10BC4000EF63B2BE5AD26FBF5820B3BE1BAF6FBFF7
:10BC5000A5DCB3BEB88B6FBFD698B4BE30686FBFDB
:10BC6000EC54B5BE83446FBFE610B6BEB0206FBFC4
:10BC7000C3CCB6BEBAFC6EBF8488B7BE9ED86EBFBA
:10BC80002A44B8BE5DB46EBFB2FFB8BEF88F6EBFB7
:10BC90001EBBB9BE6D6B6EBF6E76BABEBE466EBFC2
:10BCA000A031BBBEEB216EBFB6ECBBBEF2FC6DBFDC
:10BCB000AFA7BCBED5D76DBF8B62BDBE93B26DBF03
:10BCC0004A1DBEBE2D8D6DBFEBD7BEBEA1676DBF39
:10BCD0006F92BFBEF2416DBFD54CC0BE1D1C6DBF83
:10BCE0001E07C1BE24F66CBF48C1C1BE07D06CBFE1
:10BCF000557BC2BEC5A96CBF4435C3BE5E836CBF55
:10BD000015EFC3BED45C6CBFC8A8C4BE24366CBFDC
:10BD10005C62C5BE500F6CBFD21BC6BE58E86BBF7D
:10BD200029D5C6BE3BC16BBF628EC7BEFB996BBF38
:10BD30007C47C8BE95726BBF7700C9BE0C4B6BBF0A
:10BD400053B9C9BE5E236BBF1072CABE8CFB6ABFFB
:10BD5000AE2ACBBE95D36ABF2CE3CBBE7BAB6ABF0A
:10BD60008B9BCCBE3C836ABFCA53CDBED95A6ABF37
:10BD7000EA0BCEBE52326ABFEAC3CEBEA7096ABF83
:10BD8000CA7BCFBED7E069BF8A33D0BEE4B769BFF4
:10BD90002AEBD0BECC8E69BFAAA2D1BE916569BF85
:10BDA000095AD2BE323C69BF4811D3BEAE1269BF38
:10BDB00067C8D3BE07E968BF647FD4BE3CBF68BF15
:10BDC0004136D5BE4C9568BFFDECD5BE396B68BF1A
:10BDD00099A3D6BE034168BF135AD7BEA81668BF41
:10BDE0006B10D8BE2AEC67BFA3C6D8BE87C167BF99
:10BDF000B97CD9BEC19667BFAD32DABED86B67BF1A
:10BE000080E8DABECA4067BF319EDBBE991567BFC6
:10BE1000C153DCBE45EA66BF2E09DDBECCBE66BF9F
:10BE200079BEDDBE309366BFA273DEBE716766BFAA
:10BE3000A928DFBE8E3B66BF8DDDDFBE880F66BFE3
:10BE40004F92E0BE5EE365BFEE46E1BE10B765BF50
:10BE50006AFBE1BEA08A65BFC4AFE2BE0B5E65BFF0
:10BE6000FA63E3BE543165BF0E18E4BE790465BFC2
:10BE7000FECBE4BE7BD764BFCB7FE5BE59AA64BFCF
:10BE80007533E6BE147D64BFFBE6E6BEAC4F64BF0F
:10BE90005D9AE7BE212264BF9C4DE8BE73F463BF88
:10BEA000B700E9BEA1C663BFAEB3E9BEAC9863BF3D
:10BEB0008166EABE956A63BF3019EBBE5A3C63BF28
:10BEC000BBCBEBBEFC0D63BF217EECBE7BDF62BF54
:10BED0006330EDBED7B062BF80E2EDBE108262BFBC
:10BEE0007994EEBE265362BF4C46EFBE1A2462BF61
:10BEF000FBF7EFBEEAF461BF85A9F0BE98C561BF4C
:10BF0000EA5AF1BE229661BF290CF2BE8A6661BF71
:10BF100043BDF2BED03661BF386EF3BEF20661BFDC
:10BF2000071FF4BEF2D660BFB1CFF4BECFA660BF8C
:10BF30003580F5BE897660BF9330F6BE214660BF7E
:10BF4000CBE0F6BE961560BFDC90F7BEE9E45FBFBC
:10BF5000C840F8BE19B45FBF8EF0F8BE27835FBF3C
:10BF60002DA0F9BE12525FBFA54FFABEDB205FBF06
:10BF7000F7FEFABE81EF5EBF22AEFBBE05BE5EBF1E
:10BF8000275DFCBE678C5EBF040CFDBEA65A5EBF7B
:10BF9000BBBAFDBEC3285EBF4A69FEBEBEF65DBF2A
:10BFA000B217FFBE97C45DBFF3C5FFBE4D925DBF24
:10BFB000063A00BFE15F5DBFFF9000BF532D5DBF3C
:10BFC000E4E700BFA3FA5CBFB53E01BFD1C75CBFC9
:10BFD000739501BFDD945CBF1CEC01BFC7615CBF02
:10BFE000B14202BF8E2E5CBF329902BF34FB5BBFF1
:10BFF0009FEF02BFB8C75BBFF84503BF1A945BBF92
:10C000003D9C03BF5A605BBF6DF203BF792C5BBFE1
:10C01000894804BF75F85ABF919E04BF50C45ABFE7
:10C0200084F404BF09905ABF624A05BFA05B5ABF9F
:10C030002CA005BF16275ABFE2F505BF6AF259BF0B
:10C04000824B06BF9CBD59BF0EA106BFAD8859BF2C
:10C0500086F606BF9C5359BFE84B07BF6A1E59BFFF
:10C0600036A107BF17E958BF6FF607BFA1B358BF86
:10C07000924B08BF0B7E58BFA1A008BF534858BFC2
:10C080009BF508BF791258BF7F4A09BF7FDC57BFB5
:10C090004E9F09BF63A657BF09F409BF267057BF5B
:10C0A000AD480ABFC73957BF3D9D0ABF480357BFB8
:10C0B000B7F10ABFA7CC56BF1C460BBFE59556BFCC
:10C0C0006B9A0BBF025F56BFA5EE0BBFFE2756BF94
:10C0D000C9420CBFD9F055BFD7960CBF93B955BF15
:10C0E000D0EA0CBF2C8255BFB33E0DBFA44A55BF4A
:10C0F00081920DBFFB1255BF38E60DBF31DB54BF37
:10C10000DA390EBF47A354BF658D0EBF3B6B54BFDA
:10C11000DBE00EBF0F3354BF3B340FBFC3FA53BF36
:10C1200084870FBF55C253BFB8DA0FBFC78953BF4B
:10C13000D52D10BF185153BFDC8010BF491853BF15
:10C14000CDD310BF59DF52BFA72611BF49A652BF9A
:10C150006B7911BF186D52BF19CC11BFC63352BFD6
:10C16000B01E12BF54FA51BF307112BFC2C051BFCE
:10C170009AC312BF108751BFEE1513BF3D4D51BF7B
:10C180002A6813BF4A1351BF50BA13BF37D950BFE3
:10C190005F0C14BF039F50BF585E14BFAF6450BF05
:10C1A00039B014BF3B2A50BF040215BFA8EF4FBFE0
:10C1B000B75315BFF4B44FBF54A515BF1F7A4FBF77
:10C1C000D9F615BF2B3F4FBF474816BF17044FBFC7
:10C1D0009F9916BFE4C84EBFDFEA16BF908D4EBFD1
:10C1E000073C17BF1C524EBF188D17BF89164EBF94
:10C1F00012DE17BFD5DA4DBFF52E18BF029F4DBF17
:10C20000C07F18BF10634DBF73D018BFFD264DBF50
:10C210000F2119BFCBEA4CBF947119BF79AE4CBF47
:10C2200000C219BF08724CBF55121ABF78354CBFF7
:10C2300093621ABFC7F84BBFB8B21ABFF8BB4BBF67
:10C24000C6021BBF097F4BBFBB521BBFFA414BBF8E
:10C2500099A21BBFCC044BBF5FF21BBF7FC74ABF75
:10C260000C421CBF138A4ABFA2911CBF874C4ABF15
:10C270001FE11CBFDC0E4ABF84301DBF12D149BF75
:10C28000D17F1DBF299349BF06CF1DBF215549BF8F
:10C29000221E1EBFFA1649BF266D1EBFB3D848BF67
:10C2A00012BC1EBF4E9A48BFE50A1FBFCA5B48BFFB
:10C2B0009F591FBF271D48BF41A81FBF65DE47BF4D
:10C2C000CBF61FBF849F47BF3B4520BF856047BF5C
:10C2D000939320BF672147BFD2E120BF2AE246BF28
:10C2E000F92F21BFCEA246BF067E21BF546346BFB1
:10C2F000FBCB21BFBB2346BFD71922BF03E445BFF9
:10C30000996722BF2DA445BF43B522BF396445BFFD
:10C31000D30223BF262445BF4B5023BFF5E344BFC0
:10C32000A99D23BFA5A344BFEEEA23BF376344BF43
:10C330001A3824BFAB2244BF2C8524BF00E243BF80
:10C3400025D224BF38A143BF041F25BF516043BF7E
:10C35000CB6B25BF4C1F43BF77B825BF29DE42BF3B
:10C360000A0526BFE89C42BF845126BF895B42BFB5
:10C37000E39D26BF0B1A42BF2AEA26BF70D841BFF1
:10C38000563627BFB79641BF688227BFE15441BFE9
:10C3900061CE27BFEC1241BF401A28BFDAD040BFA0
:10C3A000056628BFA98E40BFB0B128BF5C4C40BF16
:10C3B00041FD28BFF00940BFB84829BF67C73FBF4C
:10C3C000159429BFC0843FBF57DF29BFFC413FBF41
:10C3D000802A2ABF1BFF3EBF8E752ABF1BBC3EBFF3
:10C3E00082C02ABFFF783EBF5B0B2BBFC5353EBF67
:10C3F0001B562BBF6EF23DBFBFA02BBFF9AE3DBF9A
:10C400004AEB2BBF676B3DBFB9352CBFB8273DBF8B
:10C410000F802CBFECE33CBF49CA2CBF03A03CBF3C
:10C4200069142DBFFC5B3CBF6F5E2DBFD9173CBFAD
:10C4300059A82DBF98D33BBF29F22DBF3B8F3BBFDF
:10C44000DE3B2EBFC14A3BBF78852EBF29063BBFCE
:10C45000F7CE2EBF75C13ABF5B182FBFA47C3ABF81
:10C46000A5612FBFB7373ABFD3AA2FBFACF239BFF0
:10C47000E6F32FBF85AD39BFDE3C30BF426839BF20
:10C48000BB8530BFE12239BF7CCE30BF65DD38BF10
:10C49000221731BFCB9738BFAD5F31BF165238BFBF
:10C4A0001DA831BF430C38BF71F031BF55C637BF2F
:10C4B000AA3832BF4A8037BFC78032BF233A37BF5E
:10C4C000C9C832BFDFF336BFAF1033BF7FAD36BF51
:10C4D0007A5833BF046736BF29A033BF6C2036BFFC
:10C4E000BCE733BFB8D935BF342F34BFE79235BF6F
:10C4F0008F7634BFFB4B35BFCFBD34BFF30435BFA0
:10C50000F30435BFCFBD34BFFB4B35BF8F7634BF8F
:10C51000E79235BF342F34BFB8D935BFBCE733BF3E
:10C520006C2036BF29A033BF046736BF7A5833BFAB
:10C530007FAD36BFAF1033BFDFF336BFC9C832BFE0
:10C54000233A37BFC78032BF4A8037BFAA3832BFCD
:10C5500055C637BF71F031BF430C38BF1DA831BF7E
:10C56000165238BFAD5F31BFCB9738BF221731BFEE
:10C5700065DD38BF7CCE30BFE12239BFBB8530BF1F
:10C58000426839BFDE3C30BF85AD39BFE6F32FBF0F
:10C59000ACF239BFD3AA2FBFB7373ABFA5612FBFBF
:10C5A000A47C3ABF5B182FBF75C13ABFF7CE2EBF30
:10C5B00029063BBF78852EBFC14A3BBFDE3B2EBF5D
:10C5C0003B8F3BBF29F22DBF98D33BBF59A82DBF4E
:10C5D000D9173CBF6F5E2DBFFC5B3CBF69142DBFFC
:10C5E00003A03CBF49CA2CBFECE33CBF0F802CBF6B
:10C5F000B8273DBFB9352CBF676B3DBF4AEB2BBF9A
:10C60000F9AE3DBFBFA02BBF6EF23DBF1B562BBF87
:10C61000C5353EBF5B0B2BBFFF783EBF82C02ABF34
:10C620001BBC3EBF8E752ABF1BFF3EBF802A2ABFA0
:10C63000FC413FBF57DF29BFC0843FBF159429BFCE
:10C6400067C73FBFB84829BFF00940BF41FD28BFB9
:10C650005C4C40BFB0B128BFA98E40BF056628BF63
:10C66000DAD040BF401A28BFEC1241BF61CE27BFCD
:10C67000E15441BF688227BFB79641BF563627BFF6
:10C6800070D841BF2AEA26BF0B1A42BFE39D26BFDE
:10C69000895B42BF845126BFE89C42BF0A0526BF82
:10C6A00029DE42BF77B825BF4C1F43BFCB6B25BFE8
:10C6B000516043BF041F25BF38A143BF25D224BF0B
:10C6C00000E243BF2C8524BFAB2244BF1A3824BFED
:10C6D000376344BFEEEA23BFA5A344BFA99D23BF90
:10C6E000F5E344BF4B5023BF262445BFD30223BFED
:10C6F000396445BF43B522BF2DA445BF996722BF0A
:10C7000003E445BFD71922BFBB2346BFFBCB21BFE4
:10C71000546346BF067E21BFCEA246BFF92F21BF7C
:10C720002AE246BFD2E120BF672147BF939320BFD3
:10C73000856047BF3B4520BF849F47BFCBF61FBFE7
:10C7400065DE47BF41A81FBF271D48BF9F591FBFB8
:10C75000CA5B48BFE50A1FBF4E9A48BF12BC1EBF46
:10C76000B3D848BF266D1EBFFA1649BF221E1EBF92
:10C77000215549BF06CF1DBF299349BFD17F1DBF9A
:10C7800012D149BF84301DBFDC0E4ABF1FE11CBF60
:10C79000874C4ABFA2911CBF138A4ABF0C421CBFE0
:10C7A0007FC74ABF5FF21BBFCC044BBF99A21BBF20
:10C7B000FA414BBFBB521BBF097F4BBFC6021BBF19
:10C7C000F8BB4BBFB8B21ABFC7F84BBF93621ABFD2
:10C7D00078354CBF55121ABF08724CBF00C219BF42
:10C7E00079AE4CBF947119BFCBEA4CBF0F2119BF72
:10C7F000FD264DBF73D018BF10634DBFC07F18BF5B
:10C80000029F4DBFF52E18BFD5DA4DBF12DE17BF00
:10C8100089164EBF188D17BF1C524EBF073C17BF5D
:10C82000908D4EBFDFEA16BFE4C84EBF9F9916BF7A
:10C8300017044FBF474816BF2B3F4FBFD9F615BF50
:10C840001F7A4FBF54A515BFF4B44FBFB75315BFE0
:10C85000A8EF4FBF040215BF3B2A50BF39B014BF29
:10C86000AF6450BF585E14BF039F50BF5F0C14BF2E
:10C8700037D950BF50BA13BF4A1351BF2A6813BFEC
:10C880003D4D51BFEE1513BF108751BF9AC312BF64
:10C89000C2C051BF307112BF54FA51BFB01E12BF97
:10C8A000C63352BF19CC11BF186D52BF6B7911BF7F
:10C8B00049A652BFA72611BF59DF52BFCDD310BF23
:10C8C000491853BFDC8010BF185153BFD52D10BF7E
:10C8D000C78953BFB8DA0FBF55C253BF84870FBF94
:10C8E000C3FA53BF3B340FBF0F3354BFDBE00EBF5F
:10C8F0003B6B54BF658D0EBF47A354BFDA390EBFE3
:10C9000031DB54BF38E60DBFFB1255BF81920DBF1E
:10C91000A44A55BFB33E0DBF2C8255BFD0EA0CBF11
:10C9200093B955BFD7960CBFD9F055BFC9420CBFBC
:10C93000FE2756BFA5EE0BBF025F56BF6B9A0BBF1B
:10C94000E59556BF1C460BBFA7CC56BFB7F10ABF33
:10C95000480357BF3D9D0ABFC73957BFAD480ABFFF
:10C96000267057BF09F409BF63A657BF4E9F09BF82
:10C970007FDC57BF7F4A09BF791258BF9BF508BFBC
:10C98000534858BFA1A008BF0B7E58BF924B08BFA9
:10C99000A1B358BF6FF607BF17E958BF36A107BF4D
:10C9A0006A1E59BFE84B07BF9C5359BF86F606BFA6
:10C9B000AD8859BF0EA106BF9CBD59BF824B06BFB3
:10C9C0006AF259BFE2F505BF16275ABF2CA005BF72
:10C9D000A05B5ABF624A05BF09905ABF84F404BFE6
:10C9E00050C45ABF919E04BF75F85ABF894804BF0E
:10C9F000792C5BBF6DF203BF5A605BBF3D9C03BFE8
:10CA00001A945BBFF84503BFB8C75BBF9FEF02BF77
:10CA100034FB5BBF329902BF8E2E5CBFB14202BFB6
:10CA2000C7615CBF1CEC01BFDD945CBF739501BFA7
:10CA3000D1C75CBFB53E01BFA3FA5CBFE4E700BF4E
:10CA4000532D5DBFFF9000BFE15F5DBF063A00BFA1
:10CA50004D925DBFF3C5FFBE97C45DBFB217FFBE69
:10CA6000BEF65DBF4A69FEBEC3285EBFBBBAFDBE4F
:10CA7000A65A5EBF040CFDBE678C5EBF275DFCBE80
:10CA800005BE5EBF22AEFBBE81EF5EBFF7FEFABE03
:10CA9000DB205FBFA54FFABE12525FBF2DA0F9BECB
:10CAA00027835FBF8EF0F8BE19B45FBFC840F8BEE1
:10CAB000E9E45FBFDC90F7BE961560BFCBE0F6BE41
:10CAC000214660BF9330F6BE897660BF3580F5BEE3
:10CAD000CFA660BFB1CFF4BEF2D660BF071FF4BED1
:10CAE000F20661BF386EF3BED03661BF43BDF2BE01
:10CAF0008A6661BF290CF2BE229661BFEA5AF1BE76
:10CB000098C561BF85A9F0BEEAF461BFFBF7EFBE2F
:10CB10001A2462BF4C46EFBE265362BF7994EEBE24
:10CB2000108262BF80E2EDBED7B062BF6330EDBE5F
:10CB30007BDF62BF217EECBEFC0D63BFBBCBEBBED7
:10CB40005A3C63BF3019EBBE956A63BF8166EABE8B
:10CB5000AC9863BFAEB3E9BEA1C663BFB700E9BE80
:10CB600073F463BF9C4DE8BE212264BF5D9AE7BEAB
:10CB7000AC4F64BFFBE6E6BE147D64BF7533E6BE12
:10CB800059AA64BFCB7FE5BE7BD764BFFECBE4BEB2
:10CB9000790465BF0E18E4BE543165BFFA63E3BE85
:10CBA0000B5E65BFC4AFE2BEA08A65BF6AFBE1BE93
:10CBB00010B765BFEE46E1BE5EE365BF4F92E0BED3
:10CBC000880F66BF8DDDDFBE8E3B66BFA928DFBE46
:10CBD000716766BFA273DEBE309366BF79BEDDBEED
:10CBE000CCBE66BF2E09DDBE45EA66BFC153DCBEC2
:10CBF000991567BF319EDBBECA4067BF80E8DABEC9
:10CC0000D86B67BFAD32DABEC19667BFB97CD9BEFB
:10CC100087C167BFA3C6D8BE2AEC67BF6B10D8BE5A
:10CC2000A81668BF135AD7BE034168BF99A3D6BEE2
:10CC3000396B68BFFDECD5BE4C9568BF4136D5BE9B
:10CC40003CBF68BF647FD4BE07E968BF67C8D3BE76
:10CC5000AE1269BF4811D3BE323C69BF095AD2BE79
:10CC6000916569BFAAA2D1BECC8E69BF2AEBD0BEA6
:10CC7000E4B769BF8A33D0BED7E069BFCA7BCFBEF5
:10CC8000A7096ABFEAC3CEBE52326ABFEA0BCEBE64
:10CC9000D95A6ABFCA53CDBE3C836ABF8B9BCCBEF8
:10CCA0007BAB6ABF2CE3CBBE95D36ABFAE2ACBBEAB
:10CCB0008CFB6ABF1072CABE5E236BBF53B9C9BE7C
:10CCC0000C4B6BBF7700C9BE95726BBF7C47C8BE6B
:10CCD000FB996BBF628EC7BE3BC16BBF29D5C6BE79
:10CCE00058E86BBFD21BC6BE500F6CBF5C62C5BE9E
:10CCF00024366CBFC8A8C4BED45C6CBF15EFC3BEDD
:10CD00005E836CBF4435C3BEC5A96CBF557BC2BE34
:10CD100007D06CBF48C1C1BE24F66CBF1E07C1BEA0
:10CD20001D1C6DBFD54CC0BEF2416DBF6F92BFBE22
:10CD3000A1676DBFEBD7BEBE2D8D6DBF4A1DBEBEB8
:10CD400093B26DBF8B62BDBED5D76DBFAFA7BCBE62
:10CD5000F2FC6DBFB6ECBBBEEB216EBFA031BBBE1B
:10CD6000BE466EBF6E76BABE6D6B6EBF1EBBB9BEE1
:10CD7000F88F6EBFB2FFB8BE5DB46EBF2A44B8BEB6
:10CD80009ED86EBF8488B7BEBAFC6EBFC3CCB6BE99
:10CD9000B0206FBFE610B6BE83446FBFEC54B5BE83
:10CDA00030686FBFD698B4BEB88B6FBFA5DCB3BE7A
:10CDB0001BAF6FBF5820B3BE5AD26FBFEF63B2BE76
:10CDC00073F56FBF6BA7B1BE671870BFCBEAB0BE7B
:10CDD000373B70BF102EB0BEE15D70BF3A71AFBE81
:10CDE000668070BF49B4AEBEC6A270BF3CF7ADBE90
:10CDF00002C570BF153AADBE17E770BFD47CACBE9C
:10CE0000080971BF77BFABBED42A71BF0102ABBEA8
:10CE10007A4C71BF6F44AABEFB6D71BFC486A9BEB8
:10CE2000578F71BFFEC8A8BE8EB071BF1F0BA8BEC2
:10CE30009FD171BF254DA7BE8CF271BF128FA6BEC8
:10CE4000521372BFE5D0A5BEF43372BF9F12A5BEC8
:10CE5000705472BF3F54A4BEC77472BFC595A3BEC1
:10CE6000F89472BF33D7A2BE04B572BF8718A2BEB2
:10CE7000EBD472BFC259A1BEACF472BFE59AA0BE9A
:10CE8000471473BFEEDB9FBEBE3373BFDF1C9FBE74
:10CE90000E5373BFB85D9EBE397273BF789E9DBE40
:10CEA0003F9173BF20DF9CBE1FB073BFAF1F9CBEFE
:10CEB000D9CE73BF27609BBE6EED73BF86A09ABEAE
:10CEC000DD0B74BFCEE099BE272A74BFFE2099BE49
:10CED0004B4874BF166198BE496674BF17A197BED0
:10CEE000228474BF00E196BED5A174BFD22096BE45
:10CEF00062BF74BF8D6095BEC9DC74BF31A094BEA3
:10CF00000BFA74BFBFDF93BE271775BF351F93BEE3
:10CF10001D3475BF945E92BEED5075BFDD9D91BE10
:10CF2000976D75BF10DD90BE1C8A75BF2C1C90BE1E
:10CF30007BA675BF325B8FBEB3C275BF229A8EBE11
:10CF4000C6DE75BFFCD88DBEB3FA75BFC0178DBEE7
:10CF50007A1676BF6E568CBE1B3276BF07958BBE97
:10CF6000974D76BF8AD38ABEEC6876BFF8118ABE29
:10CF70001B8476BF505089BE249F76BF938E88BE97
:10CF800007BA76BFC1CC87BEC4D476BFDA0A87BEE3
:10CF90005BEF76BFDF4886BECC0977BFCE8685BE05
:10CFA000172477BFAAC484BE3C3E77BF700284BEFC
:10CFB0003A5877BF224083BE137277BFC07D82BECE
:10CFC000C58B77BF4ABB81BE51A577BFC0F880BE75
:10CFD000B7BE77BF223680BEF7D777BFE1E67EBE09
:10CFE00010F177BF56617DBE040A78BFA4DB7BBE1B
:10CFF000D12278BFCB557ABE773B78BFCCCF78BEF5
:10D00000F85378BFA64977BE526C78BF5AC375BE35
:10D01000868478BFE83C74BE939C78BF51B672BEDC
:10D020007BB478BF942F71BE3BCC78BFB2A86FBEE3
:10D03000D6E378BFAB216EBE4AFB78BF7F9A6CBE49
:10D04000981279BF2F136BBEBF2979BFBA8B69BE07
:10D05000C04079BF220468BE9A5779BF667C66BE1D
:10D060004E6E79BF86F464BEDC8479BF836C63BE88
:10D07000439B79BF5CE461BE83B179BF135C60BE42
:10D080009DC779BFA8D35EBE91DD79BF1A4B5DBE47
:10D090005EF379BF6AC25BBE04097ABF97395ABE94
:10D0A000841E7ABFA4B058BEDD337ABF8F2757BE27
:10D0B00010497ABF589E55BE1C5E7ABF011554BEFA
:10D0C00002737ABF898B52BEC1877ABFF10151BE0C
:10D0D000599C7ABF38784FBECBB07ABF60EE4DBE58
:10D0E00016C57ABF67644CBE3AD97ABF4FDA4ABEDA
:10D0F00037ED7ABF185049BE0E017BBFC2C547BE8F
:10D10000BE147BBF4D3B46BE48287BBFB9B044BE72
:10D11000AB3B7BBF072643BEE74E7BBF379B41BE81
:10D12000FC617BBF491040BEEA747BBF3E853EBEBA
:10D13000B2877BBF15FA3CBE539A7BBFCF6E3BBE16
:10D14000CDAC7BBF6CE339BE20BF7BBFEC5738BE94
:10D150004DD17BBF50CC36BE53E37BBF984035BE2C
:10D1600031F57BBFC4B433BEE9067CBFD42832BEE0
:10D170007A187CBFC99C30BEE5297CBFA2102FBEA7
:10D18000283B7CBF61842DBE444C7CBF04F82BBE81
:10D190003A5D7CBF8D6B2ABE086E7CBFFCDE28BE6C
:10D1A000B07E7CBF515227BE318F7CBF8CC525BE5F
:10D1B0008A9F7CBFAD3824BEBDAF7CBFB6AB22BE5C
:10D1C000C9BF7CBFA51E21BEAECF7CBF7B911FBE59
:10D1D0006CDF7CBF38041EBE03EF7CBFDE761CBE56
:10D1E00073FE7CBF6BE91ABEBC0D7DBFE05B19BE50
:10D1F000DD1C7DBF3DCE17BED82B7DBF834016BE44
:10D20000AC3A7DBFB2B214BE59497DBFCA2413BE29
:10D21000DE577DBFCC9611BE3D667DBFB70810BE00
:10D2200074747DBF8B7A0EBE85827DBF4AEC0CBEC6
:10D230006E907DBFF35D0BBE309E7DBF86CF09BE75
:10D24000CCAB7DBF054108BE40B97DBF6EB206BE06
:10D250008CC67DBFC22305BEB2D37DBF029503BE7F
:10D26000B1E07DBF2E0602BE88ED7DBF457700BED2
:10D2700038FA7DBF92D0FDBDC2067EBF73B2FABD43
:10D2800024137EBF2C94F7BD5E1F7EBFC075F4BD16
:10D29000722B7EBF2E57F1BD5E377EBF7638EEBD56
:10D2A00023437EBF9A19EBBDC14E7EBF9AFAE7BDFC
:10D2B000385A7EBF76DBE4BD88657EBF2EBCE1BDFB
:10D2C000B0707EBFC49CDEBDB17B7EBF377DDBBD51
:10D2D0008B867EBF895DD8BD3D917EBFB93DD5BDF2
:10D2E000C99B7EBFC81DD2BD2DA67EBFB7FDCEBDDA
:10D2F00069B07EBF86DDCBBD7FBA7EBF36BDC8BDFF
:10D300006DC47EBFC69CC5BD34CE7EBF397CC2BD58
:10D31000D4D77EBF8D5BBFBD4CE17EBFC33ABCBDE1
:10D320009DEA7EBFDD19B9BDC7F37EBFDAF8B5BD92
:10D33000C9FC7EBFBBD7B2BDA4057FBF80B6AFBD61
:10D34000580E7FBF2B95ACBDE4167FBFBA73A9BD45
:10D35000491F7FBF3052A6BD87277FBF8C30A3BD3A
:10D360009D2F7FBFCF0EA0BD8D377FBFF9EC9CBD39
:10D37000543F7FBF0ACB99BDF4467FBF05A996BD38
:10D380006D4E7FBFE78693BDBF557FBFB46490BD30
:10D39000E95C7FBF6A428DBDEC637FBF0A208ABD16
:10D3A000C76A7FBF94FD86BD7B717FBF0ADB83BDEB
:10D3B00008787FBF6CB880BD6D7E7FBF742B7BBD4E
:10D3C000AB847FBFE9E574BDC28A7FBF38A06EBD64
:10D3D000B1907FBF625A68BD78967FBF681462BD06
:10D3E000189C7FBF4CCE5BBD91A17FBF0E8855BD01
:10D3F000E3A67FBFAF414FBD0DAC7FBF2FFB48BD44
:10D400000FB17FBF91B442BDEAB57FBFD56D3CBDC2
:10D410009EBA7FBFFC2636BD2ABF7FBF07E02FBD67
:10D420008FC37FBFF69829BDCCC77FBFCC5123BD2A
:10D43000E2CB7FBF880A1DBDD1CF7FBF2CC316BDF5
:10D4400098D37FBFB87B10BD37D77FBF2F340ABDBD
:10D45000AFDA7FBF90EC03BD00DE7FBFB949FBBCF4
:10D4600029E17FBF2DBAEEBC2BE47FBF7B2AE2BC53
:10D4700005E77FBFA69AD5BCB8E97FBFB00AC9BC93
:10D4800043EC7FBF9B7ABCBCA7EE7FBF69EAAFBC11
:10D49000E3F07FBF1C5AA3BCF8F27FBFB6C996BCAD
:10D4A000E6F47FBF38398ABCACF67FBF4B517BBCFA
:10D4B0004AF87FBF003062BCC1F97FBF900E49BC03
:10D4C00011FB7FBF02ED2FBC39FC7FBF59CB16BCCF
:10D4D00039FD7FBF3053FBBB13FE7FBF890FC9BB34
:10D4E000C4FE7FBFC1CB96BB4EFF7FBFC70F49BBFA
:10D4F000B1FF7FBFD40FC9BAECFF7FBF000000802F
:10D50000000080BFD40FC93AECFF7FBFC70F493B73
:10D51000B1FF7FBFC1CB963B4EFF7FBF890FC93B99
:10D52000C4FE7FBF3053FB3B13FE7FBF59CB163C7D
:10D5300039FD7FBF02ED2F3C39FC7FBF900E493C87
:10D5400011FB7FBF0030623CC1F97FBF4B517B3C78
:10D550004AF87FBF38398A3CACF67FBFB6C9963CE3
:10D56000E6F47FBF1C5AA33CF8F27FBF69EAAF3CE8
:10D57000E3F07FBF9B7ABC3CA7EE7FBFB00AC93CFB
:10D5800043EC7FBFA69AD53CB8E97FBF7B2AE23C3B
:10D5900005E77FBF2DBAEE3C2BE47FBFB949FB3CCA
:10D5A00029E17FBF90EC033D00DE7FBF2F340A3DB1
:10D5B000AFDA7FBFB87B103D37D77FBF2CC3163D96
:10D5C00098D37FBF880A1D3DD1CF7FBFCC51233D6B
:10D5D000E2CB7FBFF698293DCCC77FBF07E02F3D48
:10D5E0008FC37FBFFC26363D2ABF7FBFD56D3C3D34
:10D5F0009EBA7FBF91B4423DEAB57FBF2FFB483D45
:10D600000FB17FBFAF414F3D0DAC7FBF0E88553D81
:10D61000E3A67FBF4CCE5B3D91A17FBF6814623D06
:10D62000189C7FBF625A683D78967FBF38A06E3DD8
:10D63000B1907FBFE9E5743DC28A7FBF742B7B3D0B
:10D64000AB847FBF6CB8803D6D7E7FBF0ADB833DBE
:10D6500008787FBF94FD863D7B717FBF0A208A3D9D
:10D66000C76A7FBF6A428D3DEC637FBFB464903D63
:10D67000E95C7FBFE786933DBF557FBF05A9963D17
:10D680006D4E7FBF0ACB993DF4467FBFF9EC9C3DC0
:10D69000543F7FBFCF0EA03D8D377FBF8C30A33D61
:10D6A0009D2F7FBF3052A63D87277FBFBA73A93D0C
:10D6B000491F7FBF2B95AC3DE4167FBF80B6AF3DC1
:10D6C000580E7FBFBBD7B23DA4057FBFDAF8B53D8A
:10D6D000C9FC7EBFDD19B93DC7F37EBFC33ABC3D6F
:10D6E0009DEA7EBF8D5BBF3D4CE17EBF397CC23D74
:10D6F000D4D77EBFC69CC53D34CE7EBF36BDC83DA7
:10D700006DC47EBF86DDCB3D7FBA7EBFB7FDCE3D0B
:10D7100069B07EBFC81DD23D2DA67EBFB93DD53DA7
:10D72000C99B7EBF895DD83D3D917EBF377DDB3D86
:10D730008B867EBFC49CDE3DB17B7EBF2EBCE13DAF
:10D74000B0707EBF76DBE43D88657EBF9AFAE73D28
:10D75000385A7EBF9A19EB3DC14E7EBF7638EE3DFA
:10D7600023437EBF2E57F13D5E377EBFC075F43D2B
:10D77000722B7EBF2C94F73D5E1F7EBF73B2FA3DC5
:10D7800024137EBF92D0FD3DC2067EBF4577003E8A
:10D7900038FA7DBF2E06023E88ED7DBF0295033E1E
:10D7A000B1E07DBFC223053EB2D37DBF6EB2063E5F
:10D7B0008CC67DBF0541083E40B97DBF86CF093E7E
:10D7C000CCAB7DBFF35D0B3E309E7DBF4AEC0C3E83
:10D7D0006E907DBF8B7A0E3E85827DBFB708103E6E
:10D7E00074747DBFCC96113E3D667DBFCA24133E46
:10D7F000DE577DBFB2B2143E59497DBF8340163E0D
:10D80000AC3A7DBF3DCE173ED82B7DBFE05B193EC5
:10D81000DD1C7DBF6BE91A3EBC0D7DBFDE761C3E74
:10D8200073FE7CBF38041E3E03EF7CBF7B911F3E1E
:10D830006CDF7CBFA51E213EAECF7CBFB6AB223EC7
:10D84000C9BF7CBFAD38243EBDAF7CBF8CC5253E73
:10D850008A9F7CBF5152273E318F7CBFFCDE283E21
:10D86000B07E7CBF8D6B2A3E086E7CBF04F82B3ED9
:10D870003A5D7CBF61842D3E444C7CBFA2102F3E9C
:10D88000283B7CBFC99C303EE5297CBFD428323E72
:10D890007A187CBFC4B4333EE9067CBF9840353E5D
:10D8A00031F57BBF50CC363E53E37BBFEC57383E5F
:10D8B0004DD17BBF6CE3393E20BF7BBFCF6E3B3E7B
:10D8C000CDAC7BBF15FA3C3E539A7BBF3E853E3EB6
:10D8D000B2877BBF4910403EEA747BBF379B413E15
:10D8E000FC617BBF0726433EE74E7BBFB9B0443E99
:10D8F000AB3B7BBF4D3B463E48287BBFC2C5473E46
:10D90000BE147BBF1850493E0E017BBF4FDA4A3E22
:10D9100037ED7ABF67644C3E3AD97ABF60EE4D3E30
:10D9200016C57ABF38784F3ECBB07ABFF101513E71
:10D93000599C7ABF898B523EC1877ABF0115543EEC
:10D9400002737ABF589E553E1C5E7ABF8F27573EA2
:10D9500010497ABFA4B0583EDD337ABF97395A3E9A
:10D96000841E7ABF6AC25B3E04097ABF1A4B5D3ED1
:10D970005EF379BFA8D35E3E91DD79BF135C603E54
:10D980009DC779BF5CE4613E83B179BF836C633E20
:10D99000439B79BF86F4643EDC8479BF667C663E37
:10D9A0004E6E79BF2204683E9A5779BFBA8B693EA2
:10D9B000C04079BF2F136B3EBF2979BF7F9A6C3E61
:10D9C000981279BFAB216E3E4AFB78BFB2A86F3E7A
:10D9D000D6E378BF942F713E3BCC78BF51B6723EF0
:10D9E0007BB478BFE83C743E939C78BF5AC3753EC5
:10D9F000868478BFA649773E526C78BFCCCF783EFC
:10DA0000F85378BFCB557A3E773B78BFA4DB7B3E9B
:10DA1000D12278BF56617D3E040A78BFE1E67E3EA2
:10DA200010F177BF2236803EF7D777BFC0F8803E2F
:10DA3000B7BE77BF4ABB813E51A577BFC07D823E4E
:10DA4000C58B77BF2240833E137277BF7002843E3E
:10DA50003A5877BFAAC4843E3C3E77BFCE86853E07
:10DA6000172477BFDF48863ECC0977BFDA0A873EA6
:10DA70005BEF76BFC1CC873EC4D476BF938E883E21
:10DA800007BA76BF5050893E249F76BFF8118A3E70
:10DA90001B8476BF8AD38A3EEC6876BF07958B3E9F
:10DAA000974D76BF6E568C3E1B3276BFC0178D3EAB
:10DAB0007A1676BFFCD88D3EB3FA75BF229A8E3E99
:10DAC000C6DE75BF325B8F3EB3C275BF2C1C903E65
:10DAD0007BA675BF10DD903E1C8A75BFDD9D913E13
:10DAE000976D75BF945E923EED5075BF351F933EA6
:10DAF0001D3475BFBFDF933E271775BF31A0943E1D
:10DB00000BFA74BF8D60953EC9DC74BFD220963E7F
:10DB100062BF74BF00E1963ED5A174BF17A1973EC6
:10DB2000228474BF1661983E496674BFFE20993EF8
:10DB30004B4874BFCEE0993E272A74BF86A09A3E18
:10DB4000DD0B74BF27609B3E6EED73BFAF1F9C3E25
:10DB5000D9CE73BF20DF9C3E1FB073BF789E9D3E21
:10DB60003F9173BFB85D9E3E397273BFDF1C9F3E0D
:10DB70000E5373BFEEDB9F3EBE3373BFE59AA03EEC
:10DB8000471473BFC259A13EACF472BF8718A23EBE
:10DB9000EBD472BF33D7A23E04B572BFC595A33E86
:10DBA000F89472BF3F54A43EC77472BF9F12A53E43
:10DBB000705472BFE5D0A53EF43372BF128FA63EFB
:10DBC000521372BF254DA73E8CF271BF1F0BA83EAA
:10DBD0009FD171BFFEC8A83E8EB071BFC486A93E5A
:10DBE000578F71BF6F44AA3EFB6D71BF0102AB3E00
:10DBF0007A4C71BF77BFAB3ED42A71BFD47CAC3EA8
:10DC0000080971BF153AAD3E17E770BF3CF7AD3E4E
:10DC100002C570BF49B4AE3EC6A270BF3A71AF3EF6
:10DC2000668070BF102EB03EE15D70BFCBEAB03EA3
:10DC3000373B70BF6BA7B13E671870BFEF63B23E52
:10DC400073F56FBF5820B33E5AD26FBFA5DCB33E09
:10DC50001BAF6FBFD698B43EB88B6FBFEC54B53EC8
:10DC600030686FBFE610B63E83446FBFC3CCB63E8C
:10DC7000B0206FBF8488B73EBAFC6EBF2A44B83E5E
:10DC80009ED86EBFB2FFB83E5DB46EBF1EBBB93E3C
:10DC9000F88F6EBF6E76BA3E6D6B6EBFA031BB3E25
:10DCA000BE466EBFB6ECBB3EEB216EBFAFA7BC3E1F
:10DCB000F2FC6DBF8B62BD3ED5D76DBF4A1DBE3E27
:10DCC00093B26DBFEBD7BE3E2D8D6DBF6F92BF3E41
:10DCD000A1676DBFD54CC03EF2416DBF1E07C13E6E
:10DCE0001D1C6DBF48C1C13E24F66CBF557BC23EB2
:10DCF00007D06CBF4435C33EC5A96CBF15EFC33E0A
:10DD00005E836CBFC8A8C43ED45C6CBF5C62C53E79
:10DD100024366CBFD21BC63E500F6CBF29D5C63E01
:10DD200058E86BBF628EC73E3BC16BBF7C47C83EA5
:10DD3000FB996BBF7700C93E95726BBF53B9C93E63
:10DD40000C4B6BBF1072CA3E5E236BBFAE2ACB3E3C
:10DD50008CFB6ABF2CE3CB3E95D36ABF8B9BCC3E3A
:10DD60007BAB6ABFCA53CD3E3C836ABFEA0BCE3E53
:10DD7000D95A6ABFEAC3CE3E52326ABFCA7BCF3E8F
:10DD8000A7096ABF8A33D03ED7E069BF2AEBD03EED
:10DD9000E4B769BFAAA2D13ECC8E69BF095AD23E70
:10DDA000916569BF4811D33E323C69BF67C8D33E15
:10DDB000AE1269BF647FD43E07E968BF4136D53EE5
:10DDC0003CBF68BFFDECD53E4C9568BF99A3D63EDD
:10DDD000396B68BF135AD73E034168BF6B10D83EFA
:10DDE000A81668BFA3C6D83E2AEC67BFB97CD93E47
:10DDF00087C167BFAD32DA3EC19667BF80E8DA3EC1
:10DE0000D86B67BF319EDB3ECA4067BFC153DC3E63
:10DE1000991567BF2E09DD3E45EA66BF79BEDD3E36
:10DE2000CCBE66BFA273DE3E309366BFA928DF3E3C
:10DE3000716766BF8DDDDF3E8E3B66BF4F92E03E71
:10DE4000880F66BFEE46E13E5EE365BF6AFBE13EDA
:10DE500010B765BFC4AFE23EA08A65BFFA63E33E78
:10DE60000B5E65BF0E18E43E543165BFFECBE43E49
:10DE7000790465BFCB7FE53E7BD764BF7533E63E53
:10DE800059AA64BFFBE6E63E147D64BF5D9AE73E97
:10DE9000AC4F64BF9C4DE83E212264BFB700E93E11
:10DEA00073F463BFAEB3E93EA1C663BF8166EA3EC9
:10DEB000AC9863BF3019EB3E956A63BFBBCBEB3EBA
:10DEC0005A3C63BF217EEC3EFC0D63BF6330ED3EE8
:10DED0007BDF62BF80E2ED3ED7B062BF7994EE3E59
:10DEE000108262BF4C46EF3E265362BFFBF7EF3E07
:10DEF0001A2462BF85A9F03EEAF461BFEA5AF13EF6
:10DF000098C561BF290CF23E229661BF43BDF23E27
:10DF10008A6661BF386EF33ED03661BF071FF43E9C
:10DF2000F20661BFB1CFF43EF2D660BF3580F53E58
:10DF3000CFA660BF9330F63E897660BFCBE0F63E59
:10DF4000214660BFDC90F73E961560BFC840F83EA2
:10DF5000E9E45FBF8EF0F83E19B45FBF2DA0F93E33
:10DF600027835FBFA54FFA3E12525FBFF7FEFA3E0E
:10DF7000DB205FBF22AEFB3E81EF5EBF275DFC3E34
:10DF800005BE5EBF040CFD3E678C5EBFBBBAFD3EA6
:10DF9000A65A5EBF4A69FE3EC3285EBFB217FF3E67
:10DFA000BEF65DBFF3C5FF3E97C45DBF063A003FB6
:10DFB0004D925DBFFF90003FE15F5DBFE4E7003F32
:10DFC000532D5DBFB53E013FA3FA5CBF7395013F82
:10DFD000D1C75CBF1CEC013FDD945CBFB142023F86
:10DFE000C7615CBF3299023F8E2E5CBF9FEF023F3C
:10DFF00034FB5BBFF845033FB8C75BBF3D9C033FA5
:10E000001A945BBF6DF2033F5A605BBF8948043FBF
:10E01000792C5BBF919E043F75F85ABF84F4043F8E
:10E0200050C45ABF624A053F09905ABF2CA0053F11
:10E03000A05B5ABFE2F5053F16275ABF824B063F49
:10E040006AF259BF0EA1063F9CBD59BF86F6063F36
:10E05000AD8859BFE84B073F9C5359BF36A1073FD6
:10E060006A1E59BF6FF6073F17E958BF924B083F2A
:10E07000A1B358BFA1A0083F0B7E58BF9BF5083F36
:10E08000534858BF7F4A093F791258BF4E9F093FF6
:10E090007FDC57BF09F4093F63A657BFAD480A3F6D
:10E0A000267057BF3D9D0A3FC73957BFB7F10A3F9A
:10E0B000480357BF1C460B3FA7CC56BF6B9A0B3F7C
:10E0C000E59556BFA5EE0B3F025F56BFC9420C3F18
:10E0D000FE2756BFD7960C3FD9F055BFD0EA0C3F6C
:10E0E00093B955BFB33E0D3F2C8255BF81920D3F72
:10E0F000A44A55BF38E60D3FFB1255BFDA390E3F33
:10E1000031DB54BF658D0E3F47A354BFDBE00E3FAC
:10E110003B6B54BF3B340F3F0F3354BF84870F3FDB
:10E12000C3FA53BFB8DA0F3F55C253BFD52D103FC6
:10E13000C78953BFDC80103F185153BFCDD3103F68
:10E14000491853BFA726113F59DF52BF6B79113FC2
:10E1500049A652BF19CC113F186D52BFB01E123FD5
:10E16000C63352BF3071123F54FA51BF9AC3123FA7
:10E17000C2C051BFEE15133F108751BF2A68133F2D
:10E180003D4D51BF50BA133F4A1351BF5F0C143F6E
:10E1900037D950BF585E143F039F50BF39B0143F6A
:10E1A000AF6450BF0402153F3B2A50BFB753153F21
:10E1B000A8EF4FBF54A5153FF4B44FBFD9F6153F94
:10E1C0001F7A4FBF4748163F2B3F4FBF9F99163FBF
:10E1D00017044FBFDFEA163FE4C84EBF073C173FA6
:10E1E000908D4EBF188D173F1C524EBF12DE173F49
:10E1F00089164EBFF52E183FD5DA4DBFC07F183FA8
:10E20000029F4DBF73D0183F10634DBF0F21193FC0
:10E21000FD264DBF9471193FCBEA4CBF00C2193F98
:10E2200079AE4CBF55121A3F08724CBF93621A3F29
:10E2300078354CBFB8B21A3FC7F84BBFC6021B3F78
:10E24000F8BB4BBFBB521B3F097F4BBF99A21B3F83
:10E25000FA414BBF5FF21B3FCC044BBF0C421C3F4B
:10E260007FC74ABFA2911C3F138A4ABF1FE11C3FD0
:10E27000874C4ABF84301D3FDC0E4ABFD17F1D3F13
:10E2800012D149BF06CF1D3F299349BF221E1E3F11
:10E29000215549BF266D1E3FFA1649BF12BC1E3FCD
:10E2A000B3D848BFE50A1F3F4E9A48BF9F591F3F4A
:10E2B000CA5B48BF41A81F3F271D48BFCBF61F3F81
:10E2C00065DE47BF3B45203F849F47BF9393203F78
:10E2D000856047BFD2E1203F672147BFF92F213F2B
:10E2E0002AE246BF067E213FCEA246BFFBCB213F9E
:10E2F000546346BFD719223FBB2346BF9967223FCD
:10E3000003E445BF43B5223F2DA445BFD302233FBD
:10E31000396445BF4B50233F262445BFA99D233F69
:10E32000F5E344BFEEEA233FA5A344BF1A38243FD8
:10E33000376344BF2C85243FAB2244BF25D2243F02
:10E3400000E243BF041F253F38A143BFCB6B253FED
:10E35000516043BF77B8253F4C1F43BF0A05263F96
:10E3600029DE42BF8451263FE89C42BFE39D263F01
:10E37000895B42BF2AEA263F0B1A42BF5636273F27
:10E3800070D841BF6882273FB79641BF61CE273F13
:10E39000E15441BF401A283FEC1241BF0566283FB7
:10E3A000DAD040BFB0B1283FA98E40BF41FD283F21
:10E3B0005C4C40BFB848293FF00940BF1594293F45
:10E3C00067C73FBF57DF293FC0843FBF802A2A3F2E
:10E3D000FC413FBF8E752A3F1BFF3EBF82C02A3FD4
:10E3E0001BBC3EBF5B0B2B3FFF783EBF1B562B3F3A
:10E3F000C5353EBFBFA02B3F6EF23DBF4AEB2B3F62
:10E40000F9AE3DBFB9352C3F676B3DBF0F802C3F48
:10E41000B8273DBF49CA2C3FECE33CBF69142D3FF0
:10E4200003A03CBF6F5E2D3FFC5B3CBF59A82D3F56
:10E43000D9173CBF29F22D3F98D33BBFDE3B2E3F7F
:10E440003B8F3BBF78852E3FC14A3BBFF7CE2E3F67
:10E4500029063BBF5B182F3F75C13ABFA5612F3F0F
:10E46000A47C3ABFD3AA2F3FB7373ABFE6F32F3F7A
:10E47000ACF239BFDE3C303F85AD39BFBB85303FA4
:10E48000426839BF7CCE303FE12239BF2217313F8D
:10E4900065DD38BFAD5F313FCB9738BF1DA8313F39
:10E4A000165238BF71F0313F430C38BFAA38323FA3
:10E4B00055C637BFC780323F4A8037BFC9C8323FD1
:10E4C000233A37BFAF10333FDFF336BF7A58333FBD
:10E4D0007FAD36BF29A0333F046736BFBCE7333F6B
:10E4E0006C2036BF342F343FB8D935BF8F76343FD8
:10E4F000E79235BFCFBD343FFB4B35BFF304353F0B
:10E50000F30435BFFB4B353FCFBD34BFE792353FFA
:10E510008F7634BFB8D9353F342F34BF6C20363FA7
:10E52000BCE733BF0467363F29A033BF7FAD363F1A
:10E530007A5833BFDFF3363FAF1033BF233A373F4C
:10E54000C9C832BF4A80373FC78032BF55C6373F40
:10E55000AA3832BF430C383F71F031BF1652383FF2
:10E560001DA831BFCB97383FAD5F31BF65DD383F68
:10E57000221731BFE122393F7CCE30BF4268393F9C
:10E58000BB8530BF85AD393FDE3C30BFACF2393F93
:10E59000E6F32FBFB7373A3FD3AA2FBFA47C3A3F49
:10E5A000A5612FBF75C13A3F5B182FBF29063B3FBE
:10E5B000F7CE2EBFC14A3B3F78852EBF3B8F3B3FF6
:10E5C000DE3B2EBF98D33B3F29F22DBFD9173C3FEE
:10E5D00059A82DBFFC5B3C3F6F5E2DBF03A03C3FA5
:10E5E00069142DBFECE33C3F49CA2CBFB8273D3F1F
:10E5F0000F802CBF676B3D3FB9352CBFF9AE3D3F57
:10E600004AEB2BBF6EF23D3FBFA02BBFC5353E3F4F
:10E610001B562BBFFF783E3F5B0B2BBF1BBC3E3F07
:10E6200082C02ABF1BFF3E3F8E752ABFFC413F3F81
:10E63000802A2ABFC0843F3F57DF29BF67C73F3FBB
:10E64000159429BFF009403FB84829BF5C4C403FB2
:10E6500041FD28BFA98E403FB0B128BFDAD0403F6E
:10E66000056628BFEC12413F401A28BFE154413FE4
:10E6700061CE27BFB796413F688227BF70D8413F20
:10E68000563627BF0B1A423F2AEA26BF895B423F14
:10E69000E39D26BFE89C423F845126BF29DE423FCE
:10E6A0000A0526BF4C1F433F77B825BF5160433F43
:10E6B000CB6B25BF38A1433F041F25BF00E2433F7A
:10E6C00025D224BFAB22443F2C8524BF3763443F6F
:10E6D0001A3824BFA5A3443FEEEA23BFF5E3443F25
:10E6E000A99D23BF2624453F4B5023BF3964453F96
:10E6F000D30223BF2DA4453F43B522BF03E4453FCA
:10E70000996722BFBB23463FD71922BF5463463FB8
:10E71000FBCB21BFCEA2463F067E21BF2AE2463F69
:10E72000F92F21BF6721473FD2E120BF8560473FD6
:10E73000939320BF849F473F3B4520BF65DE473F03
:10E74000CBF61FBF271D483F41A81FBFCA5B483FEC
:10E750009F591FBF4E9A483FE50A1FBFB3D8483F95
:10E7600012BC1EBFFA16493F266D1EBF2155493FF8
:10E77000221E1EBF2993493F06CF1DBF12D1493F1C
:10E78000D17F1DBFDC0E4A3F84301DBF874C4A3FFE
:10E790001FE11CBF138A4A3FA2911CBF7FC74A3F9B
:10E7A0000C421CBFCC044B3F5FF21BBFFA414B3FF6
:10E7B00099A21BBF097F4B3FBB521BBFF8BB4B3F0E
:10E7C000C6021BBFC7F84B3FB8B21ABF78354C3FE3
:10E7D00093621ABF08724C3F55121ABF79AE4C3F74
:10E7E00000C219BFCBEA4C3F947119BFFD264D3FC3
:10E7F0000F2119BF10634D3F73D018BF029F4D3FCB
:10E80000C07F18BFD5DA4D3FF52E18BF89164E3F91
:10E8100012DE17BF1C524E3F188D17BF908D4E3F12
:10E82000073C17BFE4C84E3FDFEA16BF17044F3F4F
:10E830009F9916BF2B3F4F3F474816BF1F7A4F3F48
:10E84000D9F615BFF4B44F3F54A515BFA8EF4F3FFD
:10E85000B75315BF3B2A503F040215BFAF64503F6A
:10E8600039B014BF039F503F585E14BF37D9503F93
:10E870005F0C14BF4A13513F50BA13BF3D4D513F77
:10E880002A6813BF1087513FEE1513BFC2C0513F16
:10E890009AC312BF54FA513F307112BFC633523F70
:10E8A000B01E12BF186D523F19CC11BF49A6523F7E
:10E8B0006B7911BF59DF523FA72611BF4918533F4B
:10E8C000CDD310BF1851533FDC8010BFC789533FD1
:10E8D000D52D10BF55C2533FB8DA0FBFC3FA533F0F
:10E8E00084870FBF0F33543F3B340FBF3B6B543F04
:10E8F000DBE00EBF47A3543F658D0EBF31DB543FB5
:10E90000DA390EBFFB12553F38E60DBFA44A553F1A
:10E9100081920DBF2C82553FB33E0DBF93B9553F39
:10E92000D0EA0CBFD9F0553FD7960CBFFE27563F13
:10E93000C9420CBF025F563FA5EE0BBFE595563F9F
:10E940006B9A0BBFA7CC563F1C460BBF4803573FE3
:10E95000B7F10ABFC739573F3D9D0ABF2670573FE1
:10E96000AD480ABF63A6573F09F409BF7FDC573F94
:10E970004E9F09BF7912583F7F4A09BF5348583FFD
:10E980009BF508BF0B7E583FA1A008BFA1B3583F1D
:10E99000924B08BF17E9583F6FF607BF6A1E593FF1
:10E9A00036A107BF9C53593FE84B07BFAD88593F7D
:10E9B00086F606BF9CBD593F0EA106BF6AF2593FBD
:10E9C000824B06BF16275A3FE2F505BFA05B5A3FB0
:10E9D0002CA005BF09905A3F624A05BF50C45A3F58
:10E9E00084F404BF75F85A3F919E04BF792C5B3FB5
:10E9F000894804BF5A605B3F6DF203BF1A945B3FC6
:10EA00003D9C03BFB8C75B3FF84503BF34FB5B3F8A
:10EA10009FEF02BF8E2E5C3F329902BFC7615C3F01
:10EA2000B14202BFDD945C3F1CEC01BFD1C75C3F2B
:10EA3000739501BFA3FA5C3FB53E01BF532D5D3F07
:10EA4000E4E700BFE15F5D3FFF9000BF4D925D3F97
:10EA5000063A00BF97C45D3FF3C5FFBEBEF65D3FFB
:10EA6000B217FFBEC3285E3F4A69FEBEA65A5E3F8C
:10EA7000BBBAFDBE678C5E3F040CFDBE05BE5E3FAB
:10EA8000275DFCBE81EF5E3F22AEFBBEDB205F3F19
:10EA9000F7FEFABE12525F3FA54FFABE27835F3FD3
:10EAA0002DA0F9BE19B45F3F8EF0F8BEE9E45F3FD8
:10EAB000C840F8BE9615603FDC90F7BE2146603F27
:10EAC000CBE0F6BE8976603F9330F6BECFA6603FBE
:10EAD0003580F5BEF2D6603FB1CFF4BEF206613F9D
:10EAE000071FF4BED036613F386EF3BE8A66613FC1
:10EAF00043BDF2BE2296613F290CF2BE98C5613F2C
:10EB0000EA5AF1BEEAF4613F85A9F0BE1A24623FD9
:10EB1000FBF7EFBE2653623F4C46EFBE1082623FCA
:10EB20007994EEBED7B0623F80E2EDBE7BDF623FFC
:10EB30006330EDBEFC0D633F217EECBE5A3C633F6B
:10EB4000BBCBEBBE956A633F3019EBBEAC98633F1D
:10EB50008166EABEA1C6633FAEB3E9BE73F4633F0C
:10EB6000B700E9BE2122643F9C4DE8BEAC4F643F34
:10EB70005D9AE7BE147D643FFBE6E6BE59AA643F9A
:10EB80007533E6BE7BD7643FCB7FE5BE7904653F36
:10EB9000FECBE4BE5431653F0E18E4BE0B5E653F0C
:10EBA000FA63E3BEA08A653FC4AFE2BE10B7653F1B
:10EBB0006AFBE1BE5EE3653FEE46E1BE880F663F5D
:10EBC0004F92E0BE8E3B663F8DDDDFBE7167663FD4
:10EBD000A928DFBE3093663FA273DEBECCBE663F7F
:10EBE00079BEDDBE45EA663F2E09DDBE9915673F59
:10EBF000C153DCBECA40673F319EDBBED86B673F66
:10EC000080E8DABEC196673FAD32DABE87C1673FA2
:10EC1000B97CD9BE2AEC673FA3C6D8BEA816683F08
:10EC20006B10D8BE0341683F135AD7BE396B683F9B
:10EC300099A3D6BE4C95683FFDECD5BE3CBF683F5E
:10EC40004136D5BE07E9683F647FD4BEAE12693F46
:10EC500067C8D3BE323C693F4811D3BE9165693F56
:10EC6000095AD2BECC8E693FAAA2D1BEE4B7693F91
:10EC70002AEBD0BED7E0693F8A33D0BEA7096A3FEE
:10EC8000CA7BCFBE52326A3FEAC3CEBED95A6A3F70
:10EC9000EA0BCEBE3C836A3FCA53CDBE7BAB6A3F14
:10ECA0008B9BCCBE95D36A3F2CE3CBBE8CFB6A3FDB
:10ECB000AE2ACBBE5E236B3F1072CABE0C4B6B3FBD
:10ECC00053B9C9BE95726B3F7700C9BEFB996B3FC4
:10ECD0007C47C8BE3BC16B3F628EC7BE58E86B3FE6
:10ECE00029D5C6BE500F6C3FD21BC6BE24366C3F22
:10ECF0005C62C5BED45C6C3FC8A8C4BE5E836C3F7A
:10ED000015EFC3BEC5A96C3F4435C3BE07D06C3FE9
:10ED1000557BC2BE24F66C3F48C1C1BE1D1C6D3F71
:10ED20001E07C1BEF2416D3FD54CC0BEA1676D3F0D
:10ED30006F92BFBE2D8D6D3FEBD7BEBE93B26D3FC0
:10ED40004A1DBEBED5D76D3F8B62BDBEF2FC6D3F86
:10ED5000AFA7BCBEEB216E3FB6ECBBBEBE466E3F5E
:10ED6000A031BBBE6D6B6E3F6E76BABEF88F6E3F44
:10ED70001EBBB9BE5DB46E3FB2FFB8BE9ED86E3F3B
:10ED80002A44B8BEBAFC6E3F8488B7BEB0206F3F3D
:10ED9000C3CCB6BE83446F3FE610B6BE30686F3F4B
:10EDA000EC54B5BEB88B6F3FD698B4BE1BAF6F3F67
:10EDB000A5DCB3BE5AD26F3F5820B3BE73F56F3F88
:10EDC000EF63B2BE6718703F6BA7B1BE373B703FB1
:10EDD000CBEAB0BEE15D703F102EB0BE6680703FE2
:10EDE0003A71AFBEC6A2703F49B4AEBE02C5703F15
:10EDF0003CF7ADBE17E7703F153AADBE0809713F4D
:10EE0000D47CACBED42A713F77BFABBE7A4C713F85
:10EE10000102ABBEFB6D713F6F44AABE578F713FBD
:10EE2000C486A9BE8EB0713FFEC8A8BE9FD1713FF7
:10EE30001F0BA8BE8CF2713F254DA7BE5213723F27
:10EE4000128FA6BEF433723FE5D0A5BE7054723F58
:10EE50009F12A5BEC774723F3F54A4BEF894723F80
:10EE6000C595A3BE04B5723F33D7A2BEEBD4723FA3
:10EE70008718A2BEACF4723FC259A1BE4714733FBB
:10EE8000E59AA0BEBE33733FEEDB9FBE0E53733FC9
:10EE9000DF1C9FBE3972733FB85D9EBE3F91733FCA
:10EEA000789E9DBE1FB0733F20DF9CBED9CE733FBE
:10EEB000AF1F9CBE6EED733F27609BBEDD0B743FA2
:10EEC00086A09ABE272A743FCEE099BE4B48743F75
:10EED000FE2099BE4966743F166198BE2284743F35
:10EEE00017A197BED5A1743F00E196BE62BF743FE3
:10EEF000D22096BEC9DC743F8D6095BE0BFA743F7C
:10EF000031A094BE2717753FBFDF93BE1D34753FF8
:10EF1000351F93BEED50753F945E92BE976D753F61
:10EF2000DD9D91BE1C8A753F10DD90BE7BA6753FAE
:10EF30002C1C90BEB3C2753F325B8FBEC6DE753FE0
:10EF4000229A8EBEB3FA753FFCD88DBE7A16763FF4
:10EF5000C0178DBE1B32763F6E568CBE974D763FE6
:10EF600007958BBEEC68763F8AD38ABE1B84763FBA
:10EF7000F8118ABE249F763F505089BE07BA763F6B
:10EF8000938E88BEC4D4763FC1CC87BE5BEF763FFC
:10EF9000DA0A87BECC09773FDF4886BE1724773F61
:10EFA000CE8685BE3C3E773FAAC484BE3A58773FA2
:10EFB000700284BE1372773F224083BEC58B773FB9
:10EFC000C07D82BE51A5773F4ABB81BEB7BE773FA9
:10EFD000C0F880BEF7D7773F223680BE10F1773F6A
:10EFE000E1E67EBE040A783F56617DBED122783FBD
:10EFF000A4DB7BBE773B783FCB557ABEF853783F96
:10F00000CCCF78BE526C783FA64977BE8684783FD5
:10F010005AC375BE939C783FE83C74BE7BB4783F7E
:10F0200051B672BE3BCC783F942F71BED6E3783F89
:10F03000B2A86FBE4AFB783FAB216EBE9812793FF3
:10F040007F9A6CBEBF29793F2F136BBEC040793FBA
:10F05000BA8B69BE9A57793F220468BE4E6E793FDB
:10F06000667C66BEDC84793F86F464BE439B793F50
:10F07000836C63BE83B1793F5CE461BE9DC7793F19
:10F08000135C60BE91DD793FA8D35EBE5EF3793F2D
:10F090001A4B5DBE04097A3F6AC25BBE841E7A3F8A
:10F0A00097395ABEDD337A3FA4B058BE10497A3F33
:10F0B0008F2757BE1C5E7A3F589E55BE02737A3F1B
:10F0C000011554BEC1877A3F898B52BE599C7A3F45
:10F0D000F10151BECBB07A3F38784FBE16C57A3FAA
:10F0E00060EE4DBE3AD97A3F67644CBE37ED7A3F49
:10F0F0004FDA4ABE0E017B3F185049BEBE147B3F1B
:10F10000C2C547BE48287B3F4D3B46BEAB3B7B3F1D
:10F11000B9B044BEE74E7B3F072643BEFC617B3F50
:10F12000379B41BEEA747B3F491040BEB2877B3FAC
:10F130003E853EBE539A7B3F15FA3CBECDAC7B3F2D
:10F14000CF6E3BBE20BF7B3F6CE339BE4DD17B3FD2
:10F15000EC5738BE53E37B3F50CC36BE31F57B3F96
:10F16000984035BEE9067C3FC4B433BE7A187C3F74
:10F17000D42832BEE5297C3FC99C30BE283B7C3F69
:10F18000A2102FBE444C7C3F61842DBE3A5D7C3F73
:10F1900004F82BBE086E7C3F8D6B2ABEB07E7C3F90
:10F1A000FCDE28BE318F7C3F515227BE8A9F7C3FB8
:10F1B0008CC525BEBDAF7C3FAD3824BEC9BF7C3FEA
:10F1C000B6AB22BEAECF7C3FA51E21BE6CDF7C3F1E
:10F1D0007B911FBE03EF7C3F38041EBE73FE7C3F55
:10F1E000DE761CBEBC0D7D3F6BE91ABEDD1C7D3F8B
:10F1F000E05B19BED82B7D3F3DCE17BEAC3A7D3FBC
:10F20000834016BE59497D3FB2B214BEDE577D3FE2
:10F21000CA2413BE3D667D3FCC9611BE74747D3FFB
:10F22000B70810BE85827D3F8B7A0EBE6E907D3F03
:10F230004AEC0CBE309E7D3FF35D0BBECCAB7D3FF8
:10F2400086CF09BE40B97D3F054108BE8CC67D3FD3
:10F250006EB206BEB2D37D3FC22305BEB1E07D3F94
:10F26000029503BE88ED7D3F2E0602BE38FA7D3F33
:10F27000457700BEC2067E3F92D0FDBD24137E3F7F
:10F2800073B2FABD5E1F7E3F2C94F7BD722B7E3F9A
:10F29000C075F4BD5E377E3F2E57F1BD23437E3FE0
:10F2A0007638EEBDC14E7E3F9A19EBBD385A7E3F8F
:10F2B0009AFAE7BD88657E3F76DBE4BDB0707E3F9D
:10F2C0002EBCE1BDB17B7E3FC49CDEBD8B867E3F04
:10F2D000377DDBBD3D917E3F895DD8BDC99B7E3FBB
:10F2E000B93DD5BD2DA67E3FC81DD2BD69B07E3FBC
:10F2F000B7FDCEBD7FBA7E3F86DDCBBD6DC47E3F00
:10F3000036BDC8BD34CE7E3FC69CC5BDD4D77E3F7A
:10F31000397CC2BD4CE17E3F8D5BBFBD9DEA7E3F27
:10F32000C33ABCBDC7F37E3FDD19B9BDC9FC7E3F02
:10F33000DAF8B5BDA4057F3FBBD7B2BD580E7F3FFD
:10F3400080B6AFBDE4167F3F2B95ACBD491F7F3F14
:10F35000BA73A9BD87277F3F3052A6BD9D2F7F3F3F
:10F360008C30A3BD8D377F3FCF0EA0BD543F7F3F74
:10F37000F9EC9CBDF4467F3F0ACB99BD6D4E7F3FB3
:10F3800005A996BDBF557F3FE78693BDE95C7F3FEA
:10F39000B46490BDEC637F3F6A428DBDC76A7F3F16
:10F3A0000A208ABD7B717F3F94FD86BD08787F3F30
:10F3B0000ADB83BD6D7E7F3F6CB880BDAB847F3F31
:10F3C000742B7BBDC28A7F3FE9E574BDB1907F3F5E
:10F3D00038A06EBD78967F3F625A68BD189C7F3F0B
:10F3E000681462BD91A17F3F4CCE5BBDE3A67F3F19
:10F3F0000E8855BD0DAC7F3FAF414FBD0FB17F3F74
:10F400002FFB48BDEAB57F3F91B442BD9EBA7F3F16
:10F41000D56D3CBD2ABF7F3FFC2636BD8FC37F3FE5
:10F4200007E02FBDCCC77F3FF69829BDE2CB7F3FD9
:10F43000CC5123BDD1CF7F3F880A1DBD98D37F3FDC
:10F440002CC316BD37D77F3FB87B10BDAFDA7F3FE7
:10F450002F340ABD00DE7F3F90EC03BD29E17F3FE2
:10F46000B949FBBC2BE47F3F2DBAEEBC05E77F3FDB
:10F470007B2AE2BCB8E97F3FA69AD5BC43EC7F3F2C
:10F48000B00AC9BCA7EE7F3F9B7ABCBCE3F07F3FCC
:10F4900069EAAFBCF8F27F3F1C5AA3BCE6F47F3F99
:10F4A000B6C996BCACF67F3F38398ABC4AF87F3F74
:10F4B0004B517BBCC1F97F3F003062BC11FB7F3FE9
:10F4C000900E49BC39FC7F3F02ED2FBC39FD7F3FD8
:10F4D00059CB16BC13FE7F3F3053FBBBC4FE7F3FAE
:10F4E000890FC9BB4EFF7F3FC1CB96BBB1FF7F3FAA
:10F4F000C70F49BBECFF7F3FD40FC9BA0000803F64
:10F500000000000011FB7F3F900E493C43EC7F3F21
:10F51000B00AC93C98D37F3F2CC3163D0FB17F3F43
:10F520002FFB483DAB847F3F742B7B3D6D4E7F3F6F
:10F5300005A9963D580E7F3F80B6AF3D6DC47E3F16
:10F5400036BDC83DB0707E3F2EBCE13D24137E3FEA
:10F5500073B2FA3DCCAB7D3F86CF093EAC3A7D3FDE
:10F560008340163EC9BF7C3FB6AB223E283B7C3F62
:10F57000A2102F3ECDAC7B3FCF6E3B3EBE147B3FF7
:10F58000C2C5473E02737A3F0115543E9DC7793F7D
:10F59000135C603E9812793F7F9A6C3EF853783F37
:10F5A000CCCF783EC58B773FC07D823E07BA763F91
:10F5B000938E883EC6DE753F229A8E3E0BFA743FCC
:10F5C00031A0943EDD0B743F86A09A3E4714733FF2
:10F5D000E59AA03E5213723F128FA63E0809713F72
:10F5E000D47CAC3E73F56F3FEF63B23E9ED86E3F66
:10F5F0002A44B83E93B26D3F4A1DBE3E5E836C3FC7
:10F6000015EFC33E0C4B6B3F53B9C93EA7096A3F88
:10F61000CA7BCF3E3CBF683F4136D53ED86B673F83
:10F6200080E8DA3E880F663F4F92E03E59AA643F79
:10F630007533E63E5A3C633FBBCBEB3E98C5613F1A
:10F64000EA5AF13E2146603FCBE0F63E05BE5E3F02
:10F65000275DFC3E532D5D3FE4E7003F1A945B3F7E
:10F660003D9C033F6AF2593F824B063F5348583F47
:10F670009BF5083FE595563F6B9A0B3F31DB543FB6
:10F68000DA390E3F4918533FCDD3103F3D4D513F1E
:10F690002A68133F1F7A4F3FD9F6153F029F4D3F0F
:10F6A000C07F183FF8BB4B3FC6021B3F12D1493FFA
:10F6B000D17F1D3F65DE473FCBF61F3F03E4453F4B
:10F6C0009967223F00E2433F25D2243F70D8413F53
:10F6D0005636273F67C73F3F1594293FF9AE3D3F58
:10F6E0004AEB2B3F3B8F3B3FDE3B2E3F4268393F8F
:10F6F000BB85303F233A373FC9C8323FF304353F1B
:10F70000F304353FC9C8323F233A373FBB85303F0A
:10F710004268393FDE3B2E3F3B8F3B3F4AEB2B3F5E
:10F72000F9AE3D3F1594293F67C73F3F5636273F07
:10F7300070D8413F25D2243F00E2433F9967223FE2
:10F7400003E4453FCBF61F3F65DE473FD17F1D3FBA
:10F7500012D1493FC6021B3FF8BB4B3FC07F183F49
:10F76000029F4D3FD9F6153F1F7A4F3F2A68133F3E
:10F770003D4D513FCDD3103F4918533FDA390E3F2D
:10F7800031DB543F6B9A0B3FE595563F9BF5083FA5
:10F790005348583F824B063F6AF2593F3D9C033F16
:10F7A0001A945B3FE4E7003F532D5D3F275DFC3E2D
:10F7B00005BE5E3FCBE0F63E2146603FEA5AF13E91
:10F7C00098C5613FBBCBEB3E5A3C633F7533E63E89
:10F7D00059AA643F4F92E03E880F663F80E8DA3EC8
:10F7E000D86B673F4136D53E3CBF683FCA7BCF3EB2
:10F7F000A7096A3F53B9C93E0C4B6B3F15EFC33E97
:10F800005E836C3F4A1DBE3E93B26D3F2A44B83EB4
:10F810009ED86E3FEF63B23E73F56F3FD47CAC3E33
:10F820000809713F128FA63E5213723FE59AA03E1F
:10F830004714733F86A09A3EDD0B743F31A0943E7F
:10F840000BFA743F229A8E3EC6DE753F938E883E39
:10F8500007BA763FC07D823EC58B773FCCCF783EDE
:10F86000F853783F7F9A6C3E9812793F135C603E64
:10F870009DC7793F0115543E02737A3FC2C5473E8A
:10F88000BE147B3FCF6E3B3ECDAC7B3FA2102F3EE4
:10F89000283B7C3FB6AB223EC9BF7C3F8340163E2F
:10F8A000AC3A7D3F86CF093ECCAB7D3F73B2FA3D8B
:10F8B00024137E3F2EBCE13DB0707E3F36BDC83D77
:10F8C0006DC47E3F80B6AF3D580E7F3F05A9963D83
:10F8D0006D4E7F3F742B7B3DAB847F3F2FFB483DBC
:10F8E0000FB17F3F2CC3163D98D37F3FB00AC93C70
:10F8F00043EC7F3F900E493C11FB7F3F000000002E
:10F900000000803F900E49BC11FB7F3FB00AC9BC8C
:10F9100043EC7F3F2CC316BD98D37F3F2FFB48BDE0
:10F920000FB17F3F742B7BBDAB847F3F05A996BD94
:10F930006D4E7F3F80B6AFBD580E7F3F36BDC8BD10
:10F940006DC47E3F2EBCE1BDB0707E3F73B2FABD88
:10F9500024137E3F86CF09BECCAB7D3F834016BECD
:10F96000AC3A7D3FB6AB22BEC9BF7C3FA2102FBED2
:10F97000283B7C3FCF6E3BBECDAC7B3FC2C547BE74
:10F98000BE147B3F011554BE02737A3F135C60BE08
:10F990009DC7793F7F9A6CBE9812793FCCCF78BED5
:10F9A000F853783FC07D82BEC58B773F938E88BE6B
:10F9B00007BA763F229A8EBEC6DE753F31A094BE4E
:10F9C0000BFA743F86A09ABEDD0B743FE59AA0BE89
:10F9D0004714733F128FA6BE5213723FD47CACBE45
:10F9E0000809713FEF63B2BE73F56F3F2A44B8BE9A
:10F9F0009ED86E3F4A1DBEBE93B26D3F15EFC3BE8B
:10FA00005E836C3F53B9C9BE0C4B6B3FCA7BCFBE04
:10FA1000A7096A3F4136D5BE3CBF683F80E8DABEE1
:10FA2000D86B673F4F92E0BE880F663F7533E6BEE6
:10FA300059AA643FBBCBEBBE5A3C633FEA5AF1BEC6
:10FA400098C5613FCBE0F6BE2146603F275DFCBE16
:10FA500005BE5E3FE4E700BF532D5D3F3D9C03BF05
:10FA60001A945B3F824B06BF6AF2593F9BF508BF71
:10FA70005348583F6B9A0BBFE595563FDA390EBF96
:10FA800031DB543FCDD310BF4918533F2A6813BF11
:10FA90003D4D513FD9F615BF1F7A4F3FC07F18BF6C
:10FAA000029F4D3FC6021BBFF8BB4B3FD17F1DBF1E
:10FAB00012D1493FCBF61FBF65DE473F996722BF92
:10FAC00003E4453F25D224BF00E2433F563627BF1B
:10FAD00070D8413F159429BF67C73F3F4AEB2BBF02
:10FAE000F9AE3D3FDE3B2EBF3B8F3B3FBB8530BF7A
:10FAF0004268393FC9C832BF233A373FF30435BFA4
:10FB0000F304353F233A37BFC9C8323F426839BF93
:10FB1000BB85303F3B8F3BBFDE3B2E3FF9AE3DBF49
:10FB20004AEB2B3F67C73FBF1594293F70D841BFB1
:10FB30005636273F00E243BF25D2243F03E445BFAA
:10FB40009967223F65DE47BFCBF61F3F12D149BF01
:10FB5000D17F1D3FF8BB4BBFC6021B3F029F4DBF6D
:10FB6000C07F183F1F7A4FBFD9F6153F3D4D51BF9B
:10FB70002A68133F491853BFCDD3103F31DB54BF20
:10FB8000DA390E3FE59556BF6B9A0B3F534858BF85
:10FB90009BF5083F6AF259BF824B063F1A945BBF40
:10FBA0003D9C033F532D5DBFE4E7003F05BE5EBFB4
:10FBB000275DFC3E214660BFCBE0F63E98C561BFA5
:10FBC000EA5AF13E5A3C63BFBBCBEB3E59AA64BF35
:10FBD0007533E63E880F66BF4F92E03ED86B67BF35
:10FBE00080E8DA3E3CBF68BF4136D53EA7096ABF10
:10FBF000CA7BCF3E0C4B6BBF53B9C93E5E836CBF13
:10FC000015EFC33E93B26DBF4A1DBE3E9ED86EBF78
:10FC10002A44B83E73F56FBFEF63B23E080971BF67
:10FC2000D47CAC3E521372BF128FA63E471473BFF2
:10FC3000E59AA03EDD0B74BF86A09A3E0BFA74BF16
:10FC400031A0943EC6DE75BF229A8E3E07BA76BFBB
:10FC5000938E883EC58B77BFC07D823EF85378BFB8
:10FC6000CCCF783E981279BF7F9A6C3E9DC779BF02
:10FC7000135C603E02737ABF0115543EBE147BBF15
:10FC8000C2C5473ECDAC7BBFCF6E3B3E283B7CBF61
:10FC9000A2102F3EC9BF7CBFB6AB223EAC3A7DBF9F
:10FCA0008340163ECCAB7DBF86CF093E24137EBF7A
:10FCB00073B2FA3DB0707EBF2EBCE13D6DC47EBF15
:10FCC00036BDC83D580E7FBF80B6AF3D6D4E7FBF7D
:10FCD00005A9963DAB847FBF742B7B3D0FB17FBFE1
:10FCE0002FFB483D98D37FBF2CC3163D43EC7FBF0D
:10FCF000B00AC93C11FB7FBF900E493C000080BF99
:10FD00000000000011FB7FBF900E49BC43EC7FBF99
:10FD1000B00AC9BC98D37FBF2CC316BD0FB17FBF3B
:10FD20002FFB48BDAB847FBF742B7BBD6D4E7FBF67
:10FD300005A996BD580E7FBF80B6AFBD6DC47EBF0E
:10FD400036BDC8BDB0707EBF2EBCE1BD24137EBFE2
:10FD500073B2FABDCCAB7DBF86CF09BEAC3A7DBFD6
:10FD6000834016BEC9BF7CBFB6AB22BE283B7CBF5A
:10FD7000A2102FBECDAC7BBFCF6E3BBEBE147BBFEF
:10FD8000C2C547BE02737ABF011554BE9DC779BF75
:10FD9000135C60BE981279BF7F9A6CBEF85378BF2F
:10FDA000CCCF78BEC58B77BFC07D82BE07BA76BF89
:10FDB000938E88BEC6DE75BF229A8EBE0BFA74BFC4
:10FDC00031A094BEDD0B74BF86A09ABE471473BFEA
:10FDD000E59AA0BE521372BF128FA6BE080971BF6A
:10FDE000D47CACBE73F56FBFEF63B2BE9ED86EBF5E
:10FDF0002A44B8BE93B26DBF4A1DBEBE5E836CBFBF
:10FE000015EFC3BE0C4B6BBF53B9C9BEA7096ABF80
:10FE1000CA7BCFBE3CBF68BF4136D5BED86B67BF7B
:10FE200080E8DABE880F66BF4F92E0BE59AA64BF71
:10FE30007533E6BE5A3C63BFBBCBEBBE98C561BF12
:10FE4000EA5AF1BE214660BFCBE0F6BE05BE5EBFFA
:10FE5000275DFCBE532D5DBFE4E700BF1A945BBF76
:10FE60003D9C03BF6AF259BF824B06BF534858BF3F
:10FE70009BF508BFE59556BF6B9A0BBF31DB54BFAE
:10FE8000DA390EBF491853BFCDD310BF3D4D51BF16
:10FE90002A6813BF1F7A4FBFD9F615BF029F4DBF07
:10FEA000C07F18BFF8BB4BBFC6021BBF12D149BFF2
:10FEB000D17F1DBF65DE47BFCBF61FBF03E445BF43
:10FEC000996722BF00E243BF25D224BF70D841BF4B
:10FED000563627BF67C73FBF159429BFF9AE3DBF50
:10FEE0004AEB2BBF3B8F3BBFDE3B2EBF426839BF87
:10FEF000BB8530BF233A37BFC9C832BFF30435BF13
:10FF0000F30435BFC9C832BF233A37BFBB8530BF02
:10FF1000426839BFDE3B2EBF3B8F3BBF4AEB2BBF56
:10FF2000F9AE3DBF159429BF67C73FBF563627BFFF
:10FF300070D841BF25D224BF00E243BF996722BFDA
:10FF400003E445BFCBF61FBF65DE47BFD17F1DBFB2
:10FF500012D149BFC6021BBFF8BB4BBFC07F18BF41
:10FF6000029F4DBFD9F615BF1F7A4FBF2A6813BF36
:10FF70003D4D51BFCDD310BF491853BFDA390EBF25
:10FF800031DB54BF6B9A0BBFE59556BF9BF508BF9D
:10FF9000534858BF824B06BF6AF259BF3D9C03BF0E
:10FFA0001A945BBFE4E700BF532D5DBF275DFCBE25
:10FFB00005BE5EBFCBE0F6BE214660BFEA5AF1BE89
:10FFC00098C561BFBBCBEBBE5A3C63BF7533E6BE81
:10FFD00059AA64BF4F92E0BE880F66BF80E8DABEC0
:10FFE000D86B67BF4136D5BE3CBF68BFCA7BCFBEAA
:10FFF000A7096ABF53B9C9BE0C4B6BBF15EFC3BE8F
:020000040803EF
:100000005E836CBF4A1DBEBE93B26DBF2A44B8BEAC
:100010009ED86EBFEF63B2BE73F56FBFD47CACBE2B
:10002000080971BF128FA6BE521372BFE59AA0BE17
:10003000471473BF86A09ABEDD0B74BF31A094BE77
:100040000BFA74BF229A8EBEC6DE75BF938E88BE31
:1000500007BA76BFC07D82BEC58B77BFCCCF78BED6
:10006000F85378BF7F9A6CBE981279BF135C60BE5C
:100070009DC779BF011554BE02737ABFC2C547BE82
:10008000BE147BBFCF6E3BBECDAC7BBFA2102FBEDC
:10009000283B7CBFB6AB22BEC9BF7CBF834016BE27
:1000A000AC3A7DBF86CF09BECCAB7DBF73B2FABD83
:1000B00024137EBF2EBCE1BDB0707EBF36BDC8BD6F
:1000C0006DC47EBF80B6AFBD580E7FBF05A996BD7B
:1000D0006D4E7FBF742B7BBDAB847FBF2FFB48BDB4
:1000E0000FB17FBF2CC316BD98D37FBFB00AC9BC68
:1000F00043EC7FBF900E49BC11FB7FBF0000008026
:10010000000080BF900E493C11FB7FBFB00AC93C84
:1001100043EC7FBF2CC3163D98D37FBF2FFB483DD8
:100120000FB17FBF742B7B3DAB847FBF05A9963D8C
:100130006D4E7FBF80B6AF3D580E7FBF36BDC83D08
:100140006DC47EBF2EBCE13DB0707EBF73B2FA3D80
:1001500024137EBF86CF093ECCAB7DBF8340163EC5
:10016000AC3A7DBFB6AB223EC9BF7CBFA2102F3ECA
:10017000283B7CBFCF6E3B3ECDAC7BBFC2C5473E6C
:10018000BE147BBF0115543E02737ABF135C603E00
:100190009DC779BF7F9A6C3E981279BFCCCF783ECD
:1001A000F85378BFC07D823EC58B77BF938E883E63
:1001B00007BA76BF229A8E3EC6DE75BF31A0943E46
:1001C0000BFA74BF86A09A3EDD0B74BFE59AA03E81
:1001D000471473BF128FA63E521372BFD47CAC3E3D
:1001E000080971BFEF63B23E73F56FBF2A44B83E92
:1001F0009ED86EBF4A1DBE3E93B26DBF15EFC33E83
:100200005E836CBF53B9C93E0C4B6BBFCA7BCF3EFC
:10021000A7096ABF4136D53E3CBF68BF80E8DA3ED9
:10022000D86B67BF4F92E03E880F66BF7533E63EDE
:1002300059AA64BFBBCBEB3E5A3C63BFEA5AF13EBE
:1002400098C561BFCBE0F63E214660BF275DFC3E0E
:1002500005BE5EBFE4E7003F532D5DBF3D9C033FFD
:100260001A945BBF824B063F6AF259BF9BF5083F69
:10027000534858BF6B9A0B3FE59556BFDA390E3F8E
:1002800031DB54BFCDD3103F491853BF2A68133F09
:100290003D4D51BFD9F6153F1F7A4FBFC07F183F64
:1002A000029F4DBFC6021B3FF8BB4BBFD17F1D3F16
:1002B00012D149BFCBF61F3F65DE47BF9967223F8A
:1002C00003E445BF25D2243F00E243BF5636273F13
:1002D00070D841BF1594293F67C73FBF4AEB2B3FFA
:1002E000F9AE3DBFDE3B2E3F3B8F3BBFBB85303F72
:1002F000426839BFC9C8323F233A37BFF304353F9C
:10030000F30435BF233A373FC9C832BF4268393F8B
:10031000BB8530BF3B8F3B3FDE3B2EBFF9AE3D3F41
:100320004AEB2BBF67C73F3F159429BF70D8413FA9
:10033000563627BF00E2433F25D224BF03E4453FA2
:10034000996722BF65DE473FCBF61FBF12D1493FF9
:10035000D17F1DBFF8BB4B3FC6021BBF029F4D3F65
:10036000C07F18BF1F7A4F3FD9F615BF3D4D513F93
:100370002A6813BF4918533FCDD310BF31DB543F18
:10038000DA390EBFE595563F6B9A0BBF5348583F7D
:100390009BF508BF6AF2593F824B06BF1A945B3F38
:1003A0003D9C03BF532D5D3FE4E700BF05BE5E3FAC
:1003B000275DFCBE2146603FCBE0F6BE98C5613F9D
:1003C000EA5AF1BE5A3C633FBBCBEBBE59AA643F2D
:1003D0007533E6BE880F663F4F92E0BED86B673F2D
:1003E00080E8DABE3CBF683F4136D5BEA7096A3F08
:1003F000CA7BCFBE0C4B6B3F53B9C9BE5E836C3F0B
:1004000015EFC3BE93B26D3F4A1DBEBE9ED86E3F70
:100410002A44B8BE73F56F3FEF63B2BE0809713F5F
:10042000D47CACBE5213723F128FA6BE4714733FEA
:10043000E59AA0BEDD0B743F86A09ABE0BFA743F0E
:1004400031A094BEC6DE753F229A8EBE07BA763FB3
:10045000938E88BEC58B773FC07D82BEF853783FB0
:10046000CCCF78BE9812793F7F9A6CBE9DC7793FFA
:10047000135C60BE02737A3F011554BEBE147B3F0D
:10048000C2C547BECDAC7B3FCF6E3BBE283B7C3F59
:10049000A2102FBEC9BF7C3FB6AB22BEAC3A7D3F97
:1004A000834016BECCAB7D3F86CF09BE24137E3F72
:1004B00073B2FABDB0707E3F2EBCE1BD6DC47E3F0D
:1004C00036BDC8BD580E7F3F80B6AFBD6D4E7F3F75
:1004D00005A996BDAB847F3F742B7BBD0FB17F3FD9
:1004E0002FFB48BD98D37F3F2CC316BD43EC7F3F05
:1004F000B00AC9BC11FB7F3F900E49BC0000803F91
:10050000000000006DC47E3F36BDC83DBE147B3F79
:10051000C2C5473E0BFA743F31A0943E5E836C3FE8
:1005200015EFC33E98C5613FEA5AF13E31DB543FB7
:10053000DA390E3F03E4453F9967223FF304353F24
:10054000F304353F9967223F03E4453FDA390E3F14
:1005500031DB543FEA5AF13E98C5613F15EFC33E87
:100560005E836C3F31A0943E0BFA743FC2C5473E98
:10057000BE147B3F36BDC83D6DC47E3F0000000009
:100580000000803F36BDC8BD6DC47E3FC2C547BEBA
:10059000BE147B3F31A094BE0BFA743F15EFC3BE6F
:1005A0005E836C3FEA5AF1BE98C5613FDA390EBFEF
:1005B00031DB543F996722BF03E4453FF30435BF65
:1005C000F304353F03E445BF9967223F31DB54BF55
:1005D000DA390E3F98C561BFEA5AF13E5E836CBFBF
:1005E00015EFC33E0BFA74BF31A0943EBE147BBF1F
:1005F000C2C5473E6DC47EBF36BDC83D000080BF4A
:10060000000000006DC47EBF36BDC8BDBE147BBFF8
:10061000C2C547BE0BFA74BF31A094BE5E836CBFE7
:1006200015EFC3BE98C561BFEA5AF1BE31DB54BFB6
:10063000DA390EBF03E445BF996722BFF30435BF23
:10064000F30435BF996722BF03E445BFDA390EBF13
:1006500031DB54BFEA5AF1BE98C561BF15EFC3BE86
:100660005E836CBF31A094BE0BFA74BFC2C547BE97
:10067000BE147BBF36BDC8BD6DC47EBF0000008008
:10068000000080BF36BDC83D6DC47EBFC2C5473EB9
:10069000BE147BBF31A0943E0BFA74BF15EFC33E6E
:1006A0005E836CBFEA5AF13E98C561BFDA390E3FEE
:1006B00031DB54BF9967223F03E445BFF304353F64
:1006C000F30435BF03E4453F996722BF31DB543F54
:1006D000DA390EBF98C5613FEA5AF1BE5E836C3FBE
:1006E00015EFC3BE0BFA743F31A094BEBE147B3F1E
:1006F000C2C547BE6DC47E3F36BDC8BD6008030895
:100700000000002460400000FC020008F00803081C
:100710006040002428F301003C0300081C00000096
:1007200043000000F8FFFFFF0C0000000E00000077
:100730000F0000002E000000100100004300000028
:10074000F8FFFFFF004040404040404040404141F2
:100750004141414040404040404040404040404096
:100760004040404040050202020202020202020230
:10077000020202020220202020202020202020022D
:1007800002020202020290909090909010101010BD
:100790001010101010101010101010101010101059
:1007A00002020202020288888888888808080808ED
:1007B00008080808080808080808080808080808B9
:1007C00002020202400000000000000000000000E1
:1007D0000000000000000000000000000000000019
:1007E0000000000000000000000000000000000009
:1007F00000000000000000000000000000000000F9
:1008000000000000000000000000000000000000E8
:1008100000000000000000000000000000000000D8
:1008200000000000000000000000000000000000C8
:1008300000000000000000000000000000000000B8
:1008400000000000000000000000000000000000A8
:100850000000000000000000000000000000000098
:10086000D152013A90D0030090D003010102FF1051
:1008700001FF01FF01FF01FF01FF01FF01FF01FF78
:1008800001FF01FF01FF01FF01FF01FF01FF01FF68
:1008900001FF01FF01FF01FF01FF01FF01FF01FF58
:1008A00001FF01FF01FF01FF01FF01FF01FF01FF48
:1008B00001FF01FF01FF01FF01FF01FF01FF01FF38
:1008C00001FF01FF01FF01FF01FF01FF01FF01FF28
:1008D00001FF01FF01FF01FF01FF01FF01FF01FF18
:1008E00001FF01FF01FF01FF01FF01FF01FF01C443
:040000050800029954
:00000001FF
