Analysis & Synthesis report for DAC904_HighSpeedDAC
Fri Jul 31 18:45:39 2026
Quartus II 64-Bit Version 13.1.0 Build 162 10/23/2013 SJ Full Version


---------------------
; Table of Contents ;
---------------------
  1. Legal Notice
  2. Analysis & Synthesis Summary
  3. Analysis & Synthesis Settings
  4. Parallel Compilation
  5. Analysis & Synthesis Source Files Read
  6. Analysis & Synthesis Resource Usage Summary
  7. Analysis & Synthesis Resource Utilization by Entity
  8. Analysis & Synthesis RAM Summary
  9. Analysis & Synthesis DSP Block Usage Summary
 10. State Machine - |DAC904_WriteTEST|AnalyzerSpiSlave:U3_analyzer_spi|request_word_index
 11. State Machine - |DAC904_WriteTEST|Ad9233SpiInit:U1_ad9233_spi_init|state
 12. Registers Removed During Synthesis
 13. Removed Registers Triggering Further Register Optimizations
 14. General Register Statistics
 15. Inverted Register Statistics
 16. Multiplexer Restructuring Statistics (Restructuring Performed)
 17. Source assignments for Ad9233FrameCapture:U2_frame_capture|altsyncram:capture_ram|altsyncram_bl51:auto_generated
 18. Parameter Settings for User Entity Instance: Top-level Entity: |DAC904_WriteTEST
 19. Parameter Settings for User Entity Instance: Ad9233Pll62m5:U0_adc_pll62m5_inst|altpll:altpll_component
 20. Parameter Settings for User Entity Instance: Ad9233SpiInit:U1_ad9233_spi_init
 21. Parameter Settings for User Entity Instance: Ad9233FrameCapture:U2_frame_capture
 22. Parameter Settings for User Entity Instance: Ad9233FrameCapture:U2_frame_capture|Ad9233MultistageDecimator:anti_alias_fir|FirDecimatingStage:stage1
 23. Parameter Settings for User Entity Instance: Ad9233FrameCapture:U2_frame_capture|Ad9233MultistageDecimator:anti_alias_fir|FirDecimatingStage:stage2
 24. Parameter Settings for User Entity Instance: Ad9233FrameCapture:U2_frame_capture|Ad9233MultistageDecimator:anti_alias_fir|FirDecimatingStage:stage3
 25. Parameter Settings for User Entity Instance: Ad9233FrameCapture:U2_frame_capture|altsyncram:capture_ram
 26. Parameter Settings for Inferred Entity Instance: Ad9233FrameCapture:U2_frame_capture|Ad9233MultistageDecimator:anti_alias_fir|FirDecimatingStage:stage3|lpm_mult:Mult0
 27. Parameter Settings for Inferred Entity Instance: Ad9233FrameCapture:U2_frame_capture|Ad9233MultistageDecimator:anti_alias_fir|FirDecimatingStage:stage2|lpm_mult:Mult1
 28. Parameter Settings for Inferred Entity Instance: Ad9233FrameCapture:U2_frame_capture|Ad9233MultistageDecimator:anti_alias_fir|FirDecimatingStage:stage2|lpm_mult:Mult0
 29. Parameter Settings for Inferred Entity Instance: Ad9233FrameCapture:U2_frame_capture|Ad9233MultistageDecimator:anti_alias_fir|FirDecimatingStage:stage1|lpm_mult:Mult3
 30. Parameter Settings for Inferred Entity Instance: Ad9233FrameCapture:U2_frame_capture|Ad9233MultistageDecimator:anti_alias_fir|FirDecimatingStage:stage1|lpm_mult:Mult2
 31. Parameter Settings for Inferred Entity Instance: Ad9233FrameCapture:U2_frame_capture|Ad9233MultistageDecimator:anti_alias_fir|FirDecimatingStage:stage1|lpm_mult:Mult1
 32. Parameter Settings for Inferred Entity Instance: Ad9233FrameCapture:U2_frame_capture|Ad9233MultistageDecimator:anti_alias_fir|FirDecimatingStage:stage1|lpm_mult:Mult0
 33. altpll Parameter Settings by Entity Instance
 34. altsyncram Parameter Settings by Entity Instance
 35. lpm_mult Parameter Settings by Entity Instance
 36. Port Connectivity Checks: "Ad9233FrameCapture:U2_frame_capture|Ad9233MultistageDecimator:anti_alias_fir|FirDecimatingStage:stage1"
 37. Port Connectivity Checks: "Ad9233FrameCapture:U2_frame_capture"
 38. Elapsed Time Per Partition
 39. Analysis & Synthesis Messages
 40. Analysis & Synthesis Suppressed Messages



----------------
; Legal Notice ;
----------------
Copyright (C) 1991-2013 Altera Corporation
Your use of Altera Corporation's design tools, logic functions 
and other software and tools, and its AMPP partner logic 
functions, and any output files from any of the foregoing 
(including device programming or simulation files), and any 
associated documentation or information are expressly subject 
to the terms and conditions of the Altera Program License 
Subscription Agreement, Altera MegaCore Function License 
Agreement, or other applicable license agreement, including, 
without limitation, that your use is for the sole purpose of 
programming logic devices manufactured by Altera and sold by 
Altera or its authorized distributors.  Please refer to the 
applicable agreement for further details.



+----------------------------------------------------------------------------------+
; Analysis & Synthesis Summary                                                     ;
+------------------------------------+---------------------------------------------+
; Analysis & Synthesis Status        ; Successful - Fri Jul 31 18:45:38 2026       ;
; Quartus II 64-Bit Version          ; 13.1.0 Build 162 10/23/2013 SJ Full Version ;
; Revision Name                      ; DAC904_HighSpeedDAC                         ;
; Top-level Entity Name              ; DAC904_WriteTEST                            ;
; Family                             ; Cyclone IV E                                ;
; Total logic elements               ; 6,385                                       ;
;     Total combinational functions  ; 4,072                                       ;
;     Dedicated logic registers      ; 3,845                                       ;
; Total registers                    ; 3845                                        ;
; Total pins                         ; 42                                          ;
; Total virtual pins                 ; 25                                          ;
; Total memory bits                  ; 49,152                                      ;
; Embedded Multiplier 9-bit elements ; 14                                          ;
; Total PLLs                         ; 1                                           ;
+------------------------------------+---------------------------------------------+


+-----------------------------------------------------------------------------------------------------------------------+
; Analysis & Synthesis Settings                                                                                         ;
+----------------------------------------------------------------------------+--------------------+---------------------+
; Option                                                                     ; Setting            ; Default Value       ;
+----------------------------------------------------------------------------+--------------------+---------------------+
; Device                                                                     ; EP4CE10F17C8       ;                     ;
; Top-level entity name                                                      ; DAC904_WriteTEST   ; DAC904_HighSpeedDAC ;
; Family name                                                                ; Cyclone IV E       ; Cyclone IV GX       ;
; Use smart compilation                                                      ; Off                ; Off                 ;
; Enable parallel Assembler and TimeQuest Timing Analyzer during compilation ; On                 ; On                  ;
; Enable compact report table                                                ; Off                ; Off                 ;
; Restructure Multiplexers                                                   ; Auto               ; Auto                ;
; Create Debugging Nodes for IP Cores                                        ; Off                ; Off                 ;
; Preserve fewer node names                                                  ; On                 ; On                  ;
; Disable OpenCore Plus hardware evaluation                                  ; Off                ; Off                 ;
; Verilog Version                                                            ; Verilog_2001       ; Verilog_2001        ;
; VHDL Version                                                               ; VHDL_1993          ; VHDL_1993           ;
; State Machine Processing                                                   ; Auto               ; Auto                ;
; Safe State Machine                                                         ; Off                ; Off                 ;
; Extract Verilog State Machines                                             ; On                 ; On                  ;
; Extract VHDL State Machines                                                ; On                 ; On                  ;
; Ignore Verilog initial constructs                                          ; Off                ; Off                 ;
; Iteration limit for constant Verilog loops                                 ; 5000               ; 5000                ;
; Iteration limit for non-constant Verilog loops                             ; 250                ; 250                 ;
; Add Pass-Through Logic to Inferred RAMs                                    ; On                 ; On                  ;
; Infer RAMs from Raw Logic                                                  ; On                 ; On                  ;
; Parallel Synthesis                                                         ; On                 ; On                  ;
; DSP Block Balancing                                                        ; Auto               ; Auto                ;
; NOT Gate Push-Back                                                         ; On                 ; On                  ;
; Power-Up Don't Care                                                        ; On                 ; On                  ;
; Remove Redundant Logic Cells                                               ; Off                ; Off                 ;
; Remove Duplicate Registers                                                 ; On                 ; On                  ;
; Ignore CARRY Buffers                                                       ; Off                ; Off                 ;
; Ignore CASCADE Buffers                                                     ; Off                ; Off                 ;
; Ignore GLOBAL Buffers                                                      ; Off                ; Off                 ;
; Ignore ROW GLOBAL Buffers                                                  ; Off                ; Off                 ;
; Ignore LCELL Buffers                                                       ; Off                ; Off                 ;
; Ignore SOFT Buffers                                                        ; On                 ; On                  ;
; Limit AHDL Integers to 32 Bits                                             ; Off                ; Off                 ;
; Optimization Technique                                                     ; Balanced           ; Balanced            ;
; Carry Chain Length                                                         ; 70                 ; 70                  ;
; Auto Carry Chains                                                          ; On                 ; On                  ;
; Auto Open-Drain Pins                                                       ; On                 ; On                  ;
; Perform WYSIWYG Primitive Resynthesis                                      ; Off                ; Off                 ;
; Auto ROM Replacement                                                       ; On                 ; On                  ;
; Auto RAM Replacement                                                       ; On                 ; On                  ;
; Auto DSP Block Replacement                                                 ; On                 ; On                  ;
; Auto Shift Register Replacement                                            ; Auto               ; Auto                ;
; Allow Shift Register Merging across Hierarchies                            ; Auto               ; Auto                ;
; Auto Clock Enable Replacement                                              ; On                 ; On                  ;
; Strict RAM Replacement                                                     ; Off                ; Off                 ;
; Allow Synchronous Control Signals                                          ; On                 ; On                  ;
; Force Use of Synchronous Clear Signals                                     ; Off                ; Off                 ;
; Auto RAM Block Balancing                                                   ; On                 ; On                  ;
; Auto RAM to Logic Cell Conversion                                          ; Off                ; Off                 ;
; Auto Resource Sharing                                                      ; Off                ; Off                 ;
; Allow Any RAM Size For Recognition                                         ; Off                ; Off                 ;
; Allow Any ROM Size For Recognition                                         ; Off                ; Off                 ;
; Allow Any Shift Register Size For Recognition                              ; Off                ; Off                 ;
; Use LogicLock Constraints during Resource Balancing                        ; On                 ; On                  ;
; Ignore translate_off and synthesis_off directives                          ; Off                ; Off                 ;
; Timing-Driven Synthesis                                                    ; On                 ; On                  ;
; Report Parameter Settings                                                  ; On                 ; On                  ;
; Report Source Assignments                                                  ; On                 ; On                  ;
; Report Connectivity Checks                                                 ; On                 ; On                  ;
; Ignore Maximum Fan-Out Assignments                                         ; Off                ; Off                 ;
; Synchronization Register Chain Length                                      ; 2                  ; 2                   ;
; PowerPlay Power Optimization                                               ; Normal compilation ; Normal compilation  ;
; HDL message level                                                          ; Level2             ; Level2              ;
; Suppress Register Optimization Related Messages                            ; Off                ; Off                 ;
; Number of Removed Registers Reported in Synthesis Report                   ; 5000               ; 5000                ;
; Number of Swept Nodes Reported in Synthesis Report                         ; 5000               ; 5000                ;
; Number of Inverted Registers Reported in Synthesis Report                  ; 100                ; 100                 ;
; Clock MUX Protection                                                       ; On                 ; On                  ;
; Auto Gated Clock Conversion                                                ; Off                ; Off                 ;
; Block Design Naming                                                        ; Auto               ; Auto                ;
; SDC constraint protection                                                  ; Off                ; Off                 ;
; Synthesis Effort                                                           ; Auto               ; Auto                ;
; Shift Register Replacement - Allow Asynchronous Clear Signal               ; On                 ; On                  ;
; Pre-Mapping Resynthesis Optimization                                       ; Off                ; Off                 ;
; Analysis & Synthesis Message Level                                         ; Medium             ; Medium              ;
; Disable Register Merging Across Hierarchies                                ; Auto               ; Auto                ;
; Resource Aware Inference For Block RAM                                     ; On                 ; On                  ;
; Synthesis Seed                                                             ; 1                  ; 1                   ;
+----------------------------------------------------------------------------+--------------------+---------------------+


+------------------------------------------+
; Parallel Compilation                     ;
+----------------------------+-------------+
; Processors                 ; Number      ;
+----------------------------+-------------+
; Number detected on machine ; 16          ;
; Maximum allowed            ; 10          ;
;                            ;             ;
; Average used               ; 1.00        ;
; Maximum used               ; 5           ;
;                            ;             ;
; Usage by Processor         ; % Time Used ;
;     Processor 1            ; 100.0%      ;
;     Processors 2-5         ; < 0.1%      ;
;     Processors 6-16        ;   0.0%      ;
+----------------------------+-------------+


+-------------------------------------------------------------------------------------------------------------------------------------------------------------------------------+
; Analysis & Synthesis Source Files Read                                                                                                                                        ;
+------------------------------------+-----------------+------------------------------+-------------------------------------------------------------------------------+---------+
; File Name with User-Entered Path   ; Used in Netlist ; File Type                    ; File Name with Absolute Path                                                  ; Library ;
+------------------------------------+-----------------+------------------------------+-------------------------------------------------------------------------------+---------+
; ../rtl/Ad9233Pll62m5.V             ; yes             ; User Verilog HDL File        ; D:/diansai2025/26Diansai_G_62m5/FPGA_sendwave/rtl/Ad9233Pll62m5.V             ;         ;
; ../rtl/Ad9233SpiInit.V             ; yes             ; User Verilog HDL File        ; D:/diansai2025/26Diansai_G_62m5/FPGA_sendwave/rtl/Ad9233SpiInit.V             ;         ;
; ../rtl/FirDecimatingStage.V        ; yes             ; User Verilog HDL File        ; D:/diansai2025/26Diansai_G_62m5/FPGA_sendwave/rtl/FirDecimatingStage.V        ;         ;
; ../rtl/Ad9233MultistageDecimator.V ; yes             ; User Verilog HDL File        ; D:/diansai2025/26Diansai_G_62m5/FPGA_sendwave/rtl/Ad9233MultistageDecimator.V ;         ;
; ../rtl/Ad9233FrameCapture.V        ; yes             ; User Verilog HDL File        ; D:/diansai2025/26Diansai_G_62m5/FPGA_sendwave/rtl/Ad9233FrameCapture.V        ;         ;
; ../rtl/AnalyzerSpiSlave.V          ; yes             ; User Verilog HDL File        ; D:/diansai2025/26Diansai_G_62m5/FPGA_sendwave/rtl/AnalyzerSpiSlave.V          ;         ;
; ../rtl/DAC904_WriteTEST.V          ; yes             ; User Verilog HDL File        ; D:/diansai2025/26Diansai_G_62m5/FPGA_sendwave/rtl/DAC904_WriteTEST.V          ;         ;
; altpll.tdf                         ; yes             ; Megafunction                 ; d:/quartus/quartus/libraries/megafunctions/altpll.tdf                         ;         ;
; aglobal131.inc                     ; yes             ; Megafunction                 ; d:/quartus/quartus/libraries/megafunctions/aglobal131.inc                     ;         ;
; stratix_pll.inc                    ; yes             ; Megafunction                 ; d:/quartus/quartus/libraries/megafunctions/stratix_pll.inc                    ;         ;
; stratixii_pll.inc                  ; yes             ; Megafunction                 ; d:/quartus/quartus/libraries/megafunctions/stratixii_pll.inc                  ;         ;
; cycloneii_pll.inc                  ; yes             ; Megafunction                 ; d:/quartus/quartus/libraries/megafunctions/cycloneii_pll.inc                  ;         ;
; db/ad9233pll62m5_altpll.v          ; yes             ; Auto-Generated Megafunction  ; D:/diansai2025/26Diansai_G_62m5/FPGA_sendwave/prj/db/ad9233pll62m5_altpll.v   ;         ;
; altsyncram.tdf                     ; yes             ; Megafunction                 ; d:/quartus/quartus/libraries/megafunctions/altsyncram.tdf                     ;         ;
; stratix_ram_block.inc              ; yes             ; Megafunction                 ; d:/quartus/quartus/libraries/megafunctions/stratix_ram_block.inc              ;         ;
; lpm_mux.inc                        ; yes             ; Megafunction                 ; d:/quartus/quartus/libraries/megafunctions/lpm_mux.inc                        ;         ;
; lpm_decode.inc                     ; yes             ; Megafunction                 ; d:/quartus/quartus/libraries/megafunctions/lpm_decode.inc                     ;         ;
; a_rdenreg.inc                      ; yes             ; Megafunction                 ; d:/quartus/quartus/libraries/megafunctions/a_rdenreg.inc                      ;         ;
; altrom.inc                         ; yes             ; Megafunction                 ; d:/quartus/quartus/libraries/megafunctions/altrom.inc                         ;         ;
; altram.inc                         ; yes             ; Megafunction                 ; d:/quartus/quartus/libraries/megafunctions/altram.inc                         ;         ;
; altdpram.inc                       ; yes             ; Megafunction                 ; d:/quartus/quartus/libraries/megafunctions/altdpram.inc                       ;         ;
; db/altsyncram_bl51.tdf             ; yes             ; Auto-Generated Megafunction  ; D:/diansai2025/26Diansai_G_62m5/FPGA_sendwave/prj/db/altsyncram_bl51.tdf      ;         ;
; lpm_mult.tdf                       ; yes             ; Megafunction                 ; d:/quartus/quartus/libraries/megafunctions/lpm_mult.tdf                       ;         ;
; lpm_add_sub.inc                    ; yes             ; Megafunction                 ; d:/quartus/quartus/libraries/megafunctions/lpm_add_sub.inc                    ;         ;
; multcore.inc                       ; yes             ; Megafunction                 ; d:/quartus/quartus/libraries/megafunctions/multcore.inc                       ;         ;
; bypassff.inc                       ; yes             ; Megafunction                 ; d:/quartus/quartus/libraries/megafunctions/bypassff.inc                       ;         ;
; altshift.inc                       ; yes             ; Megafunction                 ; d:/quartus/quartus/libraries/megafunctions/altshift.inc                       ;         ;
; db/mult_c6t.tdf                    ; yes             ; Auto-Generated Megafunction  ; D:/diansai2025/26Diansai_G_62m5/FPGA_sendwave/prj/db/mult_c6t.tdf             ;         ;
+------------------------------------+-----------------+------------------------------+-------------------------------------------------------------------------------+---------+


+---------------------------------------------------------------+
; Analysis & Synthesis Resource Usage Summary                   ;
+---------------------------------------------+-----------------+
; Resource                                    ; Usage           ;
+---------------------------------------------+-----------------+
; Estimated Total logic elements              ; 6,385           ;
;                                             ;                 ;
; Total combinational functions               ; 4072            ;
; Logic element usage by number of LUT inputs ;                 ;
;     -- 4 input functions                    ; 1772            ;
;     -- 3 input functions                    ; 1573            ;
;     -- <=2 input functions                  ; 727             ;
;                                             ;                 ;
; Logic elements by mode                      ;                 ;
;     -- normal mode                          ; 3175            ;
;     -- arithmetic mode                      ; 897             ;
;                                             ;                 ;
; Total registers                             ; 3845            ;
;     -- Dedicated logic registers            ; 3845            ;
;     -- I/O registers                        ; 0               ;
;                                             ;                 ;
; Virtual pins                                ; 25              ;
; I/O pins                                    ; 42              ;
; Total memory bits                           ; 49152           ;
; Embedded Multiplier 9-bit elements          ; 14              ;
; Total PLLs                                  ; 1               ;
;     -- PLLs                                 ; 1               ;
;                                             ;                 ;
; Maximum fan-out node                        ; adc_dco_i~input ;
; Maximum fan-out                             ; 3559            ;
; Total fan-out                               ; 26194           ;
; Average fan-out                             ; 3.25            ;
+---------------------------------------------+-----------------+


+-----------------------------------------------------------------------------------------------------------------------------------------------------------------------------------------------------------------------------------------------------------------------------------------------------------------------------------------------+
; Analysis & Synthesis Resource Utilization by Entity                                                                                                                                                                                                                                                                                           ;
+--------------------------------------------------+-------------------+--------------+-------------+--------------+---------+-----------+------+--------------+-----------------------------------------------------------------------------------------------------------------------------------------------------------------+--------------+
; Compilation Hierarchy Node                       ; LC Combinationals ; LC Registers ; Memory Bits ; DSP Elements ; DSP 9x9 ; DSP 18x18 ; Pins ; Virtual Pins ; Full Hierarchy Name                                                                                                                                             ; Library Name ;
+--------------------------------------------------+-------------------+--------------+-------------+--------------+---------+-----------+------+--------------+-----------------------------------------------------------------------------------------------------------------------------------------------------------------+--------------+
; |DAC904_WriteTEST                                ; 4072 (5)          ; 3845 (19)    ; 49152       ; 14           ; 0       ; 7         ; 42   ; 25           ; |DAC904_WriteTEST                                                                                                                                               ; work         ;
;    |Ad9233FrameCapture:U2_frame_capture|         ; 3619 (71)         ; 3541 (77)    ; 49152       ; 14           ; 0       ; 7         ; 0    ; 0            ; |DAC904_WriteTEST|Ad9233FrameCapture:U2_frame_capture                                                                                                           ; work         ;
;       |Ad9233MultistageDecimator:anti_alias_fir| ; 3548 (132)        ; 3464 (13)    ; 0           ; 14           ; 0       ; 7         ; 0    ; 0            ; |DAC904_WriteTEST|Ad9233FrameCapture:U2_frame_capture|Ad9233MultistageDecimator:anti_alias_fir                                                                  ; work         ;
;          |FirDecimatingStage:stage1|             ; 630 (630)         ; 777 (777)    ; 0           ; 8            ; 0       ; 4         ; 0    ; 0            ; |DAC904_WriteTEST|Ad9233FrameCapture:U2_frame_capture|Ad9233MultistageDecimator:anti_alias_fir|FirDecimatingStage:stage1                                        ; work         ;
;             |lpm_mult:Mult0|                     ; 0 (0)             ; 0 (0)        ; 0           ; 2            ; 0       ; 1         ; 0    ; 0            ; |DAC904_WriteTEST|Ad9233FrameCapture:U2_frame_capture|Ad9233MultistageDecimator:anti_alias_fir|FirDecimatingStage:stage1|lpm_mult:Mult0                         ; work         ;
;                |mult_c6t:auto_generated|         ; 0 (0)             ; 0 (0)        ; 0           ; 2            ; 0       ; 1         ; 0    ; 0            ; |DAC904_WriteTEST|Ad9233FrameCapture:U2_frame_capture|Ad9233MultistageDecimator:anti_alias_fir|FirDecimatingStage:stage1|lpm_mult:Mult0|mult_c6t:auto_generated ; work         ;
;             |lpm_mult:Mult1|                     ; 0 (0)             ; 0 (0)        ; 0           ; 2            ; 0       ; 1         ; 0    ; 0            ; |DAC904_WriteTEST|Ad9233FrameCapture:U2_frame_capture|Ad9233MultistageDecimator:anti_alias_fir|FirDecimatingStage:stage1|lpm_mult:Mult1                         ; work         ;
;                |mult_c6t:auto_generated|         ; 0 (0)             ; 0 (0)        ; 0           ; 2            ; 0       ; 1         ; 0    ; 0            ; |DAC904_WriteTEST|Ad9233FrameCapture:U2_frame_capture|Ad9233MultistageDecimator:anti_alias_fir|FirDecimatingStage:stage1|lpm_mult:Mult1|mult_c6t:auto_generated ; work         ;
;             |lpm_mult:Mult2|                     ; 0 (0)             ; 0 (0)        ; 0           ; 2            ; 0       ; 1         ; 0    ; 0            ; |DAC904_WriteTEST|Ad9233FrameCapture:U2_frame_capture|Ad9233MultistageDecimator:anti_alias_fir|FirDecimatingStage:stage1|lpm_mult:Mult2                         ; work         ;
;                |mult_c6t:auto_generated|         ; 0 (0)             ; 0 (0)        ; 0           ; 2            ; 0       ; 1         ; 0    ; 0            ; |DAC904_WriteTEST|Ad9233FrameCapture:U2_frame_capture|Ad9233MultistageDecimator:anti_alias_fir|FirDecimatingStage:stage1|lpm_mult:Mult2|mult_c6t:auto_generated ; work         ;
;             |lpm_mult:Mult3|                     ; 0 (0)             ; 0 (0)        ; 0           ; 2            ; 0       ; 1         ; 0    ; 0            ; |DAC904_WriteTEST|Ad9233FrameCapture:U2_frame_capture|Ad9233MultistageDecimator:anti_alias_fir|FirDecimatingStage:stage1|lpm_mult:Mult3                         ; work         ;
;                |mult_c6t:auto_generated|         ; 0 (0)             ; 0 (0)        ; 0           ; 2            ; 0       ; 1         ; 0    ; 0            ; |DAC904_WriteTEST|Ad9233FrameCapture:U2_frame_capture|Ad9233MultistageDecimator:anti_alias_fir|FirDecimatingStage:stage1|lpm_mult:Mult3|mult_c6t:auto_generated ; work         ;
;          |FirDecimatingStage:stage2|             ; 875 (875)         ; 1135 (1135)  ; 0           ; 4            ; 0       ; 2         ; 0    ; 0            ; |DAC904_WriteTEST|Ad9233FrameCapture:U2_frame_capture|Ad9233MultistageDecimator:anti_alias_fir|FirDecimatingStage:stage2                                        ; work         ;
;             |lpm_mult:Mult0|                     ; 0 (0)             ; 0 (0)        ; 0           ; 2            ; 0       ; 1         ; 0    ; 0            ; |DAC904_WriteTEST|Ad9233FrameCapture:U2_frame_capture|Ad9233MultistageDecimator:anti_alias_fir|FirDecimatingStage:stage2|lpm_mult:Mult0                         ; work         ;
;                |mult_c6t:auto_generated|         ; 0 (0)             ; 0 (0)        ; 0           ; 2            ; 0       ; 1         ; 0    ; 0            ; |DAC904_WriteTEST|Ad9233FrameCapture:U2_frame_capture|Ad9233MultistageDecimator:anti_alias_fir|FirDecimatingStage:stage2|lpm_mult:Mult0|mult_c6t:auto_generated ; work         ;
;             |lpm_mult:Mult1|                     ; 0 (0)             ; 0 (0)        ; 0           ; 2            ; 0       ; 1         ; 0    ; 0            ; |DAC904_WriteTEST|Ad9233FrameCapture:U2_frame_capture|Ad9233MultistageDecimator:anti_alias_fir|FirDecimatingStage:stage2|lpm_mult:Mult1                         ; work         ;
;                |mult_c6t:auto_generated|         ; 0 (0)             ; 0 (0)        ; 0           ; 2            ; 0       ; 1         ; 0    ; 0            ; |DAC904_WriteTEST|Ad9233FrameCapture:U2_frame_capture|Ad9233MultistageDecimator:anti_alias_fir|FirDecimatingStage:stage2|lpm_mult:Mult1|mult_c6t:auto_generated ; work         ;
;          |FirDecimatingStage:stage3|             ; 1911 (1911)       ; 1539 (1539)  ; 0           ; 2            ; 0       ; 1         ; 0    ; 0            ; |DAC904_WriteTEST|Ad9233FrameCapture:U2_frame_capture|Ad9233MultistageDecimator:anti_alias_fir|FirDecimatingStage:stage3                                        ; work         ;
;             |lpm_mult:Mult0|                     ; 0 (0)             ; 0 (0)        ; 0           ; 2            ; 0       ; 1         ; 0    ; 0            ; |DAC904_WriteTEST|Ad9233FrameCapture:U2_frame_capture|Ad9233MultistageDecimator:anti_alias_fir|FirDecimatingStage:stage3|lpm_mult:Mult0                         ; work         ;
;                |mult_c6t:auto_generated|         ; 0 (0)             ; 0 (0)        ; 0           ; 2            ; 0       ; 1         ; 0    ; 0            ; |DAC904_WriteTEST|Ad9233FrameCapture:U2_frame_capture|Ad9233MultistageDecimator:anti_alias_fir|FirDecimatingStage:stage3|lpm_mult:Mult0|mult_c6t:auto_generated ; work         ;
;       |altsyncram:capture_ram|                   ; 0 (0)             ; 0 (0)        ; 49152       ; 0            ; 0       ; 0         ; 0    ; 0            ; |DAC904_WriteTEST|Ad9233FrameCapture:U2_frame_capture|altsyncram:capture_ram                                                                                    ; work         ;
;          |altsyncram_bl51:auto_generated|        ; 0 (0)             ; 0 (0)        ; 49152       ; 0            ; 0       ; 0         ; 0    ; 0            ; |DAC904_WriteTEST|Ad9233FrameCapture:U2_frame_capture|altsyncram:capture_ram|altsyncram_bl51:auto_generated                                                     ; work         ;
;    |Ad9233Pll62m5:U0_adc_pll62m5_inst|           ; 1 (0)             ; 1 (0)        ; 0           ; 0            ; 0       ; 0         ; 0    ; 0            ; |DAC904_WriteTEST|Ad9233Pll62m5:U0_adc_pll62m5_inst                                                                                                             ; work         ;
;       |altpll:altpll_component|                  ; 1 (0)             ; 1 (0)        ; 0           ; 0            ; 0       ; 0         ; 0    ; 0            ; |DAC904_WriteTEST|Ad9233Pll62m5:U0_adc_pll62m5_inst|altpll:altpll_component                                                                                     ; work         ;
;          |Ad9233Pll62m5_altpll:auto_generated|   ; 1 (1)             ; 1 (1)        ; 0           ; 0            ; 0       ; 0         ; 0    ; 0            ; |DAC904_WriteTEST|Ad9233Pll62m5:U0_adc_pll62m5_inst|altpll:altpll_component|Ad9233Pll62m5_altpll:auto_generated                                                 ; work         ;
;    |Ad9233SpiInit:U1_ad9233_spi_init|            ; 108 (108)         ; 73 (73)      ; 0           ; 0            ; 0       ; 0         ; 0    ; 0            ; |DAC904_WriteTEST|Ad9233SpiInit:U1_ad9233_spi_init                                                                                                              ; work         ;
;    |AnalyzerSpiSlave:U3_analyzer_spi|            ; 339 (339)         ; 211 (211)    ; 0           ; 0            ; 0       ; 0         ; 0    ; 0            ; |DAC904_WriteTEST|AnalyzerSpiSlave:U3_analyzer_spi                                                                                                              ; work         ;
+--------------------------------------------------+-------------------+--------------+-------------+--------------+---------+-----------+------+--------------+-----------------------------------------------------------------------------------------------------------------------------------------------------------------+--------------+
Note: For table entries with two numbers listed, the numbers in parentheses indicate the number of resources of the given type used by the specific entity alone. The numbers listed outside of parentheses indicate the total resources of the given type used by the specific entity and all of its sub-entities in the hierarchy.


+-----------------------------------------------------------------------------------------------------------------------------------------------------------------------------------------------------------+
; Analysis & Synthesis RAM Summary                                                                                                                                                                          ;
+------------------------------------------------------------------------------------------------------+------+------------------+--------------+--------------+--------------+--------------+-------+------+
; Name                                                                                                 ; Type ; Mode             ; Port A Depth ; Port A Width ; Port B Depth ; Port B Width ; Size  ; MIF  ;
+------------------------------------------------------------------------------------------------------+------+------------------+--------------+--------------+--------------+--------------+-------+------+
; Ad9233FrameCapture:U2_frame_capture|altsyncram:capture_ram|altsyncram_bl51:auto_generated|ALTSYNCRAM ; M9K  ; Simple Dual Port ; 4096         ; 12           ; 4096         ; 12           ; 49152 ; None ;
+------------------------------------------------------------------------------------------------------+------+------------------+--------------+--------------+--------------+--------------+-------+------+


+-----------------------------------------------------+
; Analysis & Synthesis DSP Block Usage Summary        ;
+---------------------------------------+-------------+
; Statistic                             ; Number Used ;
+---------------------------------------+-------------+
; Simple Multipliers (9-bit)            ; 0           ;
; Simple Multipliers (18-bit)           ; 7           ;
; Embedded Multiplier Blocks            ; --          ;
; Embedded Multiplier 9-bit elements    ; 14          ;
; Signed Embedded Multipliers           ; 7           ;
; Unsigned Embedded Multipliers         ; 0           ;
; Mixed Sign Embedded Multipliers       ; 0           ;
; Variable Sign Embedded Multipliers    ; 0           ;
; Dedicated Input Shift Register Chains ; 0           ;
+---------------------------------------+-------------+
Note: number of Embedded Multiplier Blocks used is only available after a successful fit.


Encoding Type:  One-Hot
+-----------------------------------------------------------------------------------------------------------------------+
; State Machine - |DAC904_WriteTEST|AnalyzerSpiSlave:U3_analyzer_spi|request_word_index                                 ;
+-----------------------+-----------------------+-----------------------+-----------------------+-----------------------+
; Name                  ; request_word_index.11 ; request_word_index.10 ; request_word_index.01 ; request_word_index.00 ;
+-----------------------+-----------------------+-----------------------+-----------------------+-----------------------+
; request_word_index.00 ; 0                     ; 0                     ; 0                     ; 0                     ;
; request_word_index.01 ; 0                     ; 0                     ; 1                     ; 1                     ;
; request_word_index.10 ; 0                     ; 1                     ; 0                     ; 1                     ;
; request_word_index.11 ; 1                     ; 0                     ; 0                     ; 1                     ;
+-----------------------+-----------------------+-----------------------+-----------------------+-----------------------+


Encoding Type:  One-Hot
+----------------------------------------------------------------------------------------------------------------------------------+
; State Machine - |DAC904_WriteTEST|Ad9233SpiInit:U1_ad9233_spi_init|state                                                         ;
+------------------+------------------+-----------------+------------------+-----------------+------------------+------------------+
; Name             ; state.STATE_DONE ; state.STATE_GAP ; state.STATE_HIGH ; state.STATE_LOW ; state.STATE_LOAD ; state.STATE_WAIT ;
+------------------+------------------+-----------------+------------------+-----------------+------------------+------------------+
; state.STATE_WAIT ; 0                ; 0               ; 0                ; 0               ; 0                ; 0                ;
; state.STATE_LOAD ; 0                ; 0               ; 0                ; 0               ; 1                ; 1                ;
; state.STATE_LOW  ; 0                ; 0               ; 0                ; 1               ; 0                ; 1                ;
; state.STATE_HIGH ; 0                ; 0               ; 1                ; 0               ; 0                ; 1                ;
; state.STATE_GAP  ; 0                ; 1               ; 0                ; 0               ; 0                ; 1                ;
; state.STATE_DONE ; 1                ; 0               ; 0                ; 0               ; 0                ; 1                ;
+------------------+------------------+-----------------+------------------+-----------------+------------------+------------------+


+----------------------------------------------------------------------------------------------------------------------------------------------------------------------------+
; Registers Removed During Synthesis                                                                                                                                         ;
+-----------------------------------------------------------------------------------------------------------------------------------+----------------------------------------+
; Register name                                                                                                                     ; Reason for Removal                     ;
+-----------------------------------------------------------------------------------------------------------------------------------+----------------------------------------+
; Ad9233FrameCapture:U2_frame_capture|Ad9233MultistageDecimator:anti_alias_fir|FirDecimatingStage:stage3|operand_sample[1][17]      ; Stuck at GND due to stuck port data_in ;
; Ad9233FrameCapture:U2_frame_capture|Ad9233MultistageDecimator:anti_alias_fir|FirDecimatingStage:stage3|operand_sample[1][16]      ; Stuck at GND due to stuck port data_in ;
; Ad9233FrameCapture:U2_frame_capture|Ad9233MultistageDecimator:anti_alias_fir|FirDecimatingStage:stage3|operand_sample[1][15]      ; Stuck at GND due to stuck port data_in ;
; Ad9233FrameCapture:U2_frame_capture|Ad9233MultistageDecimator:anti_alias_fir|FirDecimatingStage:stage3|operand_sample[1][14]      ; Stuck at GND due to stuck port data_in ;
; Ad9233FrameCapture:U2_frame_capture|Ad9233MultistageDecimator:anti_alias_fir|FirDecimatingStage:stage3|operand_sample[1][13]      ; Stuck at GND due to stuck port data_in ;
; Ad9233FrameCapture:U2_frame_capture|Ad9233MultistageDecimator:anti_alias_fir|FirDecimatingStage:stage3|operand_sample[1][12]      ; Stuck at GND due to stuck port data_in ;
; Ad9233FrameCapture:U2_frame_capture|Ad9233MultistageDecimator:anti_alias_fir|FirDecimatingStage:stage3|operand_sample[1][11]      ; Stuck at GND due to stuck port data_in ;
; Ad9233FrameCapture:U2_frame_capture|Ad9233MultistageDecimator:anti_alias_fir|FirDecimatingStage:stage3|operand_sample[1][10]      ; Stuck at GND due to stuck port data_in ;
; Ad9233FrameCapture:U2_frame_capture|Ad9233MultistageDecimator:anti_alias_fir|FirDecimatingStage:stage3|operand_sample[1][9]       ; Stuck at GND due to stuck port data_in ;
; Ad9233FrameCapture:U2_frame_capture|Ad9233MultistageDecimator:anti_alias_fir|FirDecimatingStage:stage3|operand_sample[1][8]       ; Stuck at GND due to stuck port data_in ;
; Ad9233FrameCapture:U2_frame_capture|Ad9233MultistageDecimator:anti_alias_fir|FirDecimatingStage:stage3|operand_sample[1][7]       ; Stuck at GND due to stuck port data_in ;
; Ad9233FrameCapture:U2_frame_capture|Ad9233MultistageDecimator:anti_alias_fir|FirDecimatingStage:stage3|operand_sample[1][6]       ; Stuck at GND due to stuck port data_in ;
; Ad9233FrameCapture:U2_frame_capture|Ad9233MultistageDecimator:anti_alias_fir|FirDecimatingStage:stage3|operand_sample[1][5]       ; Stuck at GND due to stuck port data_in ;
; Ad9233FrameCapture:U2_frame_capture|Ad9233MultistageDecimator:anti_alias_fir|FirDecimatingStage:stage3|operand_sample[1][4]       ; Stuck at GND due to stuck port data_in ;
; Ad9233FrameCapture:U2_frame_capture|Ad9233MultistageDecimator:anti_alias_fir|FirDecimatingStage:stage3|operand_sample[1][3]       ; Stuck at GND due to stuck port data_in ;
; Ad9233FrameCapture:U2_frame_capture|Ad9233MultistageDecimator:anti_alias_fir|FirDecimatingStage:stage3|operand_sample[1][2]       ; Stuck at GND due to stuck port data_in ;
; Ad9233FrameCapture:U2_frame_capture|Ad9233MultistageDecimator:anti_alias_fir|FirDecimatingStage:stage3|operand_sample[1][1]       ; Stuck at GND due to stuck port data_in ;
; Ad9233FrameCapture:U2_frame_capture|Ad9233MultistageDecimator:anti_alias_fir|FirDecimatingStage:stage3|operand_sample[1][0]       ; Stuck at GND due to stuck port data_in ;
; Ad9233FrameCapture:U2_frame_capture|Ad9233MultistageDecimator:anti_alias_fir|FirDecimatingStage:stage3|operand_sample[2][17]      ; Stuck at GND due to stuck port data_in ;
; Ad9233FrameCapture:U2_frame_capture|Ad9233MultistageDecimator:anti_alias_fir|FirDecimatingStage:stage3|operand_sample[2][16]      ; Stuck at GND due to stuck port data_in ;
; Ad9233FrameCapture:U2_frame_capture|Ad9233MultistageDecimator:anti_alias_fir|FirDecimatingStage:stage3|operand_sample[2][15]      ; Stuck at GND due to stuck port data_in ;
; Ad9233FrameCapture:U2_frame_capture|Ad9233MultistageDecimator:anti_alias_fir|FirDecimatingStage:stage3|operand_sample[2][14]      ; Stuck at GND due to stuck port data_in ;
; Ad9233FrameCapture:U2_frame_capture|Ad9233MultistageDecimator:anti_alias_fir|FirDecimatingStage:stage3|operand_sample[2][13]      ; Stuck at GND due to stuck port data_in ;
; Ad9233FrameCapture:U2_frame_capture|Ad9233MultistageDecimator:anti_alias_fir|FirDecimatingStage:stage3|operand_sample[2][12]      ; Stuck at GND due to stuck port data_in ;
; Ad9233FrameCapture:U2_frame_capture|Ad9233MultistageDecimator:anti_alias_fir|FirDecimatingStage:stage3|operand_sample[2][11]      ; Stuck at GND due to stuck port data_in ;
; Ad9233FrameCapture:U2_frame_capture|Ad9233MultistageDecimator:anti_alias_fir|FirDecimatingStage:stage3|operand_sample[2][10]      ; Stuck at GND due to stuck port data_in ;
; Ad9233FrameCapture:U2_frame_capture|Ad9233MultistageDecimator:anti_alias_fir|FirDecimatingStage:stage3|operand_sample[2][9]       ; Stuck at GND due to stuck port data_in ;
; Ad9233FrameCapture:U2_frame_capture|Ad9233MultistageDecimator:anti_alias_fir|FirDecimatingStage:stage3|operand_sample[2][8]       ; Stuck at GND due to stuck port data_in ;
; Ad9233FrameCapture:U2_frame_capture|Ad9233MultistageDecimator:anti_alias_fir|FirDecimatingStage:stage3|operand_sample[2][7]       ; Stuck at GND due to stuck port data_in ;
; Ad9233FrameCapture:U2_frame_capture|Ad9233MultistageDecimator:anti_alias_fir|FirDecimatingStage:stage3|operand_sample[2][6]       ; Stuck at GND due to stuck port data_in ;
; Ad9233FrameCapture:U2_frame_capture|Ad9233MultistageDecimator:anti_alias_fir|FirDecimatingStage:stage3|operand_sample[2][5]       ; Stuck at GND due to stuck port data_in ;
; Ad9233FrameCapture:U2_frame_capture|Ad9233MultistageDecimator:anti_alias_fir|FirDecimatingStage:stage3|operand_sample[2][4]       ; Stuck at GND due to stuck port data_in ;
; Ad9233FrameCapture:U2_frame_capture|Ad9233MultistageDecimator:anti_alias_fir|FirDecimatingStage:stage3|operand_sample[2][3]       ; Stuck at GND due to stuck port data_in ;
; Ad9233FrameCapture:U2_frame_capture|Ad9233MultistageDecimator:anti_alias_fir|FirDecimatingStage:stage3|operand_sample[2][2]       ; Stuck at GND due to stuck port data_in ;
; Ad9233FrameCapture:U2_frame_capture|Ad9233MultistageDecimator:anti_alias_fir|FirDecimatingStage:stage3|operand_sample[2][1]       ; Stuck at GND due to stuck port data_in ;
; Ad9233FrameCapture:U2_frame_capture|Ad9233MultistageDecimator:anti_alias_fir|FirDecimatingStage:stage3|operand_sample[2][0]       ; Stuck at GND due to stuck port data_in ;
; Ad9233FrameCapture:U2_frame_capture|Ad9233MultistageDecimator:anti_alias_fir|FirDecimatingStage:stage3|operand_sample[3][17]      ; Stuck at GND due to stuck port data_in ;
; Ad9233FrameCapture:U2_frame_capture|Ad9233MultistageDecimator:anti_alias_fir|FirDecimatingStage:stage3|operand_sample[3][16]      ; Stuck at GND due to stuck port data_in ;
; Ad9233FrameCapture:U2_frame_capture|Ad9233MultistageDecimator:anti_alias_fir|FirDecimatingStage:stage3|operand_sample[3][15]      ; Stuck at GND due to stuck port data_in ;
; Ad9233FrameCapture:U2_frame_capture|Ad9233MultistageDecimator:anti_alias_fir|FirDecimatingStage:stage3|operand_sample[3][14]      ; Stuck at GND due to stuck port data_in ;
; Ad9233FrameCapture:U2_frame_capture|Ad9233MultistageDecimator:anti_alias_fir|FirDecimatingStage:stage3|operand_sample[3][13]      ; Stuck at GND due to stuck port data_in ;
; Ad9233FrameCapture:U2_frame_capture|Ad9233MultistageDecimator:anti_alias_fir|FirDecimatingStage:stage3|operand_sample[3][12]      ; Stuck at GND due to stuck port data_in ;
; Ad9233FrameCapture:U2_frame_capture|Ad9233MultistageDecimator:anti_alias_fir|FirDecimatingStage:stage3|operand_sample[3][11]      ; Stuck at GND due to stuck port data_in ;
; Ad9233FrameCapture:U2_frame_capture|Ad9233MultistageDecimator:anti_alias_fir|FirDecimatingStage:stage3|operand_sample[3][10]      ; Stuck at GND due to stuck port data_in ;
; Ad9233FrameCapture:U2_frame_capture|Ad9233MultistageDecimator:anti_alias_fir|FirDecimatingStage:stage3|operand_sample[3][9]       ; Stuck at GND due to stuck port data_in ;
; Ad9233FrameCapture:U2_frame_capture|Ad9233MultistageDecimator:anti_alias_fir|FirDecimatingStage:stage3|operand_sample[3][8]       ; Stuck at GND due to stuck port data_in ;
; Ad9233FrameCapture:U2_frame_capture|Ad9233MultistageDecimator:anti_alias_fir|FirDecimatingStage:stage3|operand_sample[3][7]       ; Stuck at GND due to stuck port data_in ;
; Ad9233FrameCapture:U2_frame_capture|Ad9233MultistageDecimator:anti_alias_fir|FirDecimatingStage:stage3|operand_sample[3][6]       ; Stuck at GND due to stuck port data_in ;
; Ad9233FrameCapture:U2_frame_capture|Ad9233MultistageDecimator:anti_alias_fir|FirDecimatingStage:stage3|operand_sample[3][5]       ; Stuck at GND due to stuck port data_in ;
; Ad9233FrameCapture:U2_frame_capture|Ad9233MultistageDecimator:anti_alias_fir|FirDecimatingStage:stage3|operand_sample[3][4]       ; Stuck at GND due to stuck port data_in ;
; Ad9233FrameCapture:U2_frame_capture|Ad9233MultistageDecimator:anti_alias_fir|FirDecimatingStage:stage3|operand_sample[3][3]       ; Stuck at GND due to stuck port data_in ;
; Ad9233FrameCapture:U2_frame_capture|Ad9233MultistageDecimator:anti_alias_fir|FirDecimatingStage:stage3|operand_sample[3][2]       ; Stuck at GND due to stuck port data_in ;
; Ad9233FrameCapture:U2_frame_capture|Ad9233MultistageDecimator:anti_alias_fir|FirDecimatingStage:stage3|operand_sample[3][1]       ; Stuck at GND due to stuck port data_in ;
; Ad9233FrameCapture:U2_frame_capture|Ad9233MultistageDecimator:anti_alias_fir|FirDecimatingStage:stage3|operand_sample[3][0]       ; Stuck at GND due to stuck port data_in ;
; Ad9233FrameCapture:U2_frame_capture|Ad9233MultistageDecimator:anti_alias_fir|FirDecimatingStage:stage3|operand_coefficient[1][17] ; Stuck at GND due to stuck port data_in ;
; Ad9233FrameCapture:U2_frame_capture|Ad9233MultistageDecimator:anti_alias_fir|FirDecimatingStage:stage3|operand_coefficient[1][16] ; Stuck at GND due to stuck port data_in ;
; Ad9233FrameCapture:U2_frame_capture|Ad9233MultistageDecimator:anti_alias_fir|FirDecimatingStage:stage3|operand_coefficient[1][15] ; Stuck at GND due to stuck port data_in ;
; Ad9233FrameCapture:U2_frame_capture|Ad9233MultistageDecimator:anti_alias_fir|FirDecimatingStage:stage3|operand_coefficient[1][14] ; Stuck at GND due to stuck port data_in ;
; Ad9233FrameCapture:U2_frame_capture|Ad9233MultistageDecimator:anti_alias_fir|FirDecimatingStage:stage3|operand_coefficient[1][13] ; Stuck at GND due to stuck port data_in ;
; Ad9233FrameCapture:U2_frame_capture|Ad9233MultistageDecimator:anti_alias_fir|FirDecimatingStage:stage3|operand_coefficient[1][12] ; Stuck at GND due to stuck port data_in ;
; Ad9233FrameCapture:U2_frame_capture|Ad9233MultistageDecimator:anti_alias_fir|FirDecimatingStage:stage3|operand_coefficient[1][11] ; Stuck at GND due to stuck port data_in ;
; Ad9233FrameCapture:U2_frame_capture|Ad9233MultistageDecimator:anti_alias_fir|FirDecimatingStage:stage3|operand_coefficient[1][10] ; Stuck at GND due to stuck port data_in ;
; Ad9233FrameCapture:U2_frame_capture|Ad9233MultistageDecimator:anti_alias_fir|FirDecimatingStage:stage3|operand_coefficient[1][9]  ; Stuck at GND due to stuck port data_in ;
; Ad9233FrameCapture:U2_frame_capture|Ad9233MultistageDecimator:anti_alias_fir|FirDecimatingStage:stage3|operand_coefficient[1][8]  ; Stuck at GND due to stuck port data_in ;
; Ad9233FrameCapture:U2_frame_capture|Ad9233MultistageDecimator:anti_alias_fir|FirDecimatingStage:stage3|operand_coefficient[1][7]  ; Stuck at GND due to stuck port data_in ;
; Ad9233FrameCapture:U2_frame_capture|Ad9233MultistageDecimator:anti_alias_fir|FirDecimatingStage:stage3|operand_coefficient[1][6]  ; Stuck at GND due to stuck port data_in ;
; Ad9233FrameCapture:U2_frame_capture|Ad9233MultistageDecimator:anti_alias_fir|FirDecimatingStage:stage3|operand_coefficient[1][5]  ; Stuck at GND due to stuck port data_in ;
; Ad9233FrameCapture:U2_frame_capture|Ad9233MultistageDecimator:anti_alias_fir|FirDecimatingStage:stage3|operand_coefficient[1][4]  ; Stuck at GND due to stuck port data_in ;
; Ad9233FrameCapture:U2_frame_capture|Ad9233MultistageDecimator:anti_alias_fir|FirDecimatingStage:stage3|operand_coefficient[1][3]  ; Stuck at GND due to stuck port data_in ;
; Ad9233FrameCapture:U2_frame_capture|Ad9233MultistageDecimator:anti_alias_fir|FirDecimatingStage:stage3|operand_coefficient[1][2]  ; Stuck at GND due to stuck port data_in ;
; Ad9233FrameCapture:U2_frame_capture|Ad9233MultistageDecimator:anti_alias_fir|FirDecimatingStage:stage3|operand_coefficient[1][1]  ; Stuck at GND due to stuck port data_in ;
; Ad9233FrameCapture:U2_frame_capture|Ad9233MultistageDecimator:anti_alias_fir|FirDecimatingStage:stage3|operand_coefficient[1][0]  ; Stuck at GND due to stuck port data_in ;
; Ad9233FrameCapture:U2_frame_capture|Ad9233MultistageDecimator:anti_alias_fir|FirDecimatingStage:stage3|operand_coefficient[2][17] ; Stuck at GND due to stuck port data_in ;
; Ad9233FrameCapture:U2_frame_capture|Ad9233MultistageDecimator:anti_alias_fir|FirDecimatingStage:stage3|operand_coefficient[2][16] ; Stuck at GND due to stuck port data_in ;
; Ad9233FrameCapture:U2_frame_capture|Ad9233MultistageDecimator:anti_alias_fir|FirDecimatingStage:stage3|operand_coefficient[2][15] ; Stuck at GND due to stuck port data_in ;
; Ad9233FrameCapture:U2_frame_capture|Ad9233MultistageDecimator:anti_alias_fir|FirDecimatingStage:stage3|operand_coefficient[2][14] ; Stuck at GND due to stuck port data_in ;
; Ad9233FrameCapture:U2_frame_capture|Ad9233MultistageDecimator:anti_alias_fir|FirDecimatingStage:stage3|operand_coefficient[2][13] ; Stuck at GND due to stuck port data_in ;
; Ad9233FrameCapture:U2_frame_capture|Ad9233MultistageDecimator:anti_alias_fir|FirDecimatingStage:stage3|operand_coefficient[2][12] ; Stuck at GND due to stuck port data_in ;
; Ad9233FrameCapture:U2_frame_capture|Ad9233MultistageDecimator:anti_alias_fir|FirDecimatingStage:stage3|operand_coefficient[2][11] ; Stuck at GND due to stuck port data_in ;
; Ad9233FrameCapture:U2_frame_capture|Ad9233MultistageDecimator:anti_alias_fir|FirDecimatingStage:stage3|operand_coefficient[2][10] ; Stuck at GND due to stuck port data_in ;
; Ad9233FrameCapture:U2_frame_capture|Ad9233MultistageDecimator:anti_alias_fir|FirDecimatingStage:stage3|operand_coefficient[2][9]  ; Stuck at GND due to stuck port data_in ;
; Ad9233FrameCapture:U2_frame_capture|Ad9233MultistageDecimator:anti_alias_fir|FirDecimatingStage:stage3|operand_coefficient[2][8]  ; Stuck at GND due to stuck port data_in ;
; Ad9233FrameCapture:U2_frame_capture|Ad9233MultistageDecimator:anti_alias_fir|FirDecimatingStage:stage3|operand_coefficient[2][7]  ; Stuck at GND due to stuck port data_in ;
; Ad9233FrameCapture:U2_frame_capture|Ad9233MultistageDecimator:anti_alias_fir|FirDecimatingStage:stage3|operand_coefficient[2][6]  ; Stuck at GND due to stuck port data_in ;
; Ad9233FrameCapture:U2_frame_capture|Ad9233MultistageDecimator:anti_alias_fir|FirDecimatingStage:stage3|operand_coefficient[2][5]  ; Stuck at GND due to stuck port data_in ;
; Ad9233FrameCapture:U2_frame_capture|Ad9233MultistageDecimator:anti_alias_fir|FirDecimatingStage:stage3|operand_coefficient[2][4]  ; Stuck at GND due to stuck port data_in ;
; Ad9233FrameCapture:U2_frame_capture|Ad9233MultistageDecimator:anti_alias_fir|FirDecimatingStage:stage3|operand_coefficient[2][3]  ; Stuck at GND due to stuck port data_in ;
; Ad9233FrameCapture:U2_frame_capture|Ad9233MultistageDecimator:anti_alias_fir|FirDecimatingStage:stage3|operand_coefficient[2][2]  ; Stuck at GND due to stuck port data_in ;
; Ad9233FrameCapture:U2_frame_capture|Ad9233MultistageDecimator:anti_alias_fir|FirDecimatingStage:stage3|operand_coefficient[2][1]  ; Stuck at GND due to stuck port data_in ;
; Ad9233FrameCapture:U2_frame_capture|Ad9233MultistageDecimator:anti_alias_fir|FirDecimatingStage:stage3|operand_coefficient[2][0]  ; Stuck at GND due to stuck port data_in ;
; Ad9233FrameCapture:U2_frame_capture|Ad9233MultistageDecimator:anti_alias_fir|FirDecimatingStage:stage3|operand_coefficient[3][17] ; Stuck at GND due to stuck port data_in ;
; Ad9233FrameCapture:U2_frame_capture|Ad9233MultistageDecimator:anti_alias_fir|FirDecimatingStage:stage3|operand_coefficient[3][16] ; Stuck at GND due to stuck port data_in ;
; Ad9233FrameCapture:U2_frame_capture|Ad9233MultistageDecimator:anti_alias_fir|FirDecimatingStage:stage3|operand_coefficient[3][15] ; Stuck at GND due to stuck port data_in ;
; Ad9233FrameCapture:U2_frame_capture|Ad9233MultistageDecimator:anti_alias_fir|FirDecimatingStage:stage3|operand_coefficient[3][14] ; Stuck at GND due to stuck port data_in ;
; Ad9233FrameCapture:U2_frame_capture|Ad9233MultistageDecimator:anti_alias_fir|FirDecimatingStage:stage3|operand_coefficient[3][13] ; Stuck at GND due to stuck port data_in ;
; Ad9233FrameCapture:U2_frame_capture|Ad9233MultistageDecimator:anti_alias_fir|FirDecimatingStage:stage3|operand_coefficient[3][12] ; Stuck at GND due to stuck port data_in ;
; Ad9233FrameCapture:U2_frame_capture|Ad9233MultistageDecimator:anti_alias_fir|FirDecimatingStage:stage3|operand_coefficient[3][11] ; Stuck at GND due to stuck port data_in ;
; Ad9233FrameCapture:U2_frame_capture|Ad9233MultistageDecimator:anti_alias_fir|FirDecimatingStage:stage3|operand_coefficient[3][10] ; Stuck at GND due to stuck port data_in ;
; Ad9233FrameCapture:U2_frame_capture|Ad9233MultistageDecimator:anti_alias_fir|FirDecimatingStage:stage3|operand_coefficient[3][9]  ; Stuck at GND due to stuck port data_in ;
; Ad9233FrameCapture:U2_frame_capture|Ad9233MultistageDecimator:anti_alias_fir|FirDecimatingStage:stage3|operand_coefficient[3][8]  ; Stuck at GND due to stuck port data_in ;
; Ad9233FrameCapture:U2_frame_capture|Ad9233MultistageDecimator:anti_alias_fir|FirDecimatingStage:stage3|operand_coefficient[3][7]  ; Stuck at GND due to stuck port data_in ;
; Ad9233FrameCapture:U2_frame_capture|Ad9233MultistageDecimator:anti_alias_fir|FirDecimatingStage:stage3|operand_coefficient[3][6]  ; Stuck at GND due to stuck port data_in ;
; Ad9233FrameCapture:U2_frame_capture|Ad9233MultistageDecimator:anti_alias_fir|FirDecimatingStage:stage3|operand_coefficient[3][5]  ; Stuck at GND due to stuck port data_in ;
; Ad9233FrameCapture:U2_frame_capture|Ad9233MultistageDecimator:anti_alias_fir|FirDecimatingStage:stage3|operand_coefficient[3][4]  ; Stuck at GND due to stuck port data_in ;
; Ad9233FrameCapture:U2_frame_capture|Ad9233MultistageDecimator:anti_alias_fir|FirDecimatingStage:stage3|operand_coefficient[3][3]  ; Stuck at GND due to stuck port data_in ;
; Ad9233FrameCapture:U2_frame_capture|Ad9233MultistageDecimator:anti_alias_fir|FirDecimatingStage:stage3|operand_coefficient[3][2]  ; Stuck at GND due to stuck port data_in ;
; Ad9233FrameCapture:U2_frame_capture|Ad9233MultistageDecimator:anti_alias_fir|FirDecimatingStage:stage3|operand_coefficient[3][1]  ; Stuck at GND due to stuck port data_in ;
; Ad9233FrameCapture:U2_frame_capture|Ad9233MultistageDecimator:anti_alias_fir|FirDecimatingStage:stage3|operand_coefficient[3][0]  ; Stuck at GND due to stuck port data_in ;
; Ad9233FrameCapture:U2_frame_capture|Ad9233MultistageDecimator:anti_alias_fir|FirDecimatingStage:stage2|operand_sample[2][17]      ; Stuck at GND due to stuck port data_in ;
; Ad9233FrameCapture:U2_frame_capture|Ad9233MultistageDecimator:anti_alias_fir|FirDecimatingStage:stage2|operand_sample[2][16]      ; Stuck at GND due to stuck port data_in ;
; Ad9233FrameCapture:U2_frame_capture|Ad9233MultistageDecimator:anti_alias_fir|FirDecimatingStage:stage2|operand_sample[2][15]      ; Stuck at GND due to stuck port data_in ;
; Ad9233FrameCapture:U2_frame_capture|Ad9233MultistageDecimator:anti_alias_fir|FirDecimatingStage:stage2|operand_sample[2][14]      ; Stuck at GND due to stuck port data_in ;
; Ad9233FrameCapture:U2_frame_capture|Ad9233MultistageDecimator:anti_alias_fir|FirDecimatingStage:stage2|operand_sample[2][13]      ; Stuck at GND due to stuck port data_in ;
; Ad9233FrameCapture:U2_frame_capture|Ad9233MultistageDecimator:anti_alias_fir|FirDecimatingStage:stage2|operand_sample[2][12]      ; Stuck at GND due to stuck port data_in ;
; Ad9233FrameCapture:U2_frame_capture|Ad9233MultistageDecimator:anti_alias_fir|FirDecimatingStage:stage2|operand_sample[2][11]      ; Stuck at GND due to stuck port data_in ;
; Ad9233FrameCapture:U2_frame_capture|Ad9233MultistageDecimator:anti_alias_fir|FirDecimatingStage:stage2|operand_sample[2][10]      ; Stuck at GND due to stuck port data_in ;
; Ad9233FrameCapture:U2_frame_capture|Ad9233MultistageDecimator:anti_alias_fir|FirDecimatingStage:stage2|operand_sample[2][9]       ; Stuck at GND due to stuck port data_in ;
; Ad9233FrameCapture:U2_frame_capture|Ad9233MultistageDecimator:anti_alias_fir|FirDecimatingStage:stage2|operand_sample[2][8]       ; Stuck at GND due to stuck port data_in ;
; Ad9233FrameCapture:U2_frame_capture|Ad9233MultistageDecimator:anti_alias_fir|FirDecimatingStage:stage2|operand_sample[2][7]       ; Stuck at GND due to stuck port data_in ;
; Ad9233FrameCapture:U2_frame_capture|Ad9233MultistageDecimator:anti_alias_fir|FirDecimatingStage:stage2|operand_sample[2][6]       ; Stuck at GND due to stuck port data_in ;
; Ad9233FrameCapture:U2_frame_capture|Ad9233MultistageDecimator:anti_alias_fir|FirDecimatingStage:stage2|operand_sample[2][5]       ; Stuck at GND due to stuck port data_in ;
; Ad9233FrameCapture:U2_frame_capture|Ad9233MultistageDecimator:anti_alias_fir|FirDecimatingStage:stage2|operand_sample[2][4]       ; Stuck at GND due to stuck port data_in ;
; Ad9233FrameCapture:U2_frame_capture|Ad9233MultistageDecimator:anti_alias_fir|FirDecimatingStage:stage2|operand_sample[2][3]       ; Stuck at GND due to stuck port data_in ;
; Ad9233FrameCapture:U2_frame_capture|Ad9233MultistageDecimator:anti_alias_fir|FirDecimatingStage:stage2|operand_sample[2][2]       ; Stuck at GND due to stuck port data_in ;
; Ad9233FrameCapture:U2_frame_capture|Ad9233MultistageDecimator:anti_alias_fir|FirDecimatingStage:stage2|operand_sample[2][1]       ; Stuck at GND due to stuck port data_in ;
; Ad9233FrameCapture:U2_frame_capture|Ad9233MultistageDecimator:anti_alias_fir|FirDecimatingStage:stage2|operand_sample[2][0]       ; Stuck at GND due to stuck port data_in ;
; Ad9233FrameCapture:U2_frame_capture|Ad9233MultistageDecimator:anti_alias_fir|FirDecimatingStage:stage2|operand_sample[3][17]      ; Stuck at GND due to stuck port data_in ;
; Ad9233FrameCapture:U2_frame_capture|Ad9233MultistageDecimator:anti_alias_fir|FirDecimatingStage:stage2|operand_sample[3][16]      ; Stuck at GND due to stuck port data_in ;
; Ad9233FrameCapture:U2_frame_capture|Ad9233MultistageDecimator:anti_alias_fir|FirDecimatingStage:stage2|operand_sample[3][15]      ; Stuck at GND due to stuck port data_in ;
; Ad9233FrameCapture:U2_frame_capture|Ad9233MultistageDecimator:anti_alias_fir|FirDecimatingStage:stage2|operand_sample[3][14]      ; Stuck at GND due to stuck port data_in ;
; Ad9233FrameCapture:U2_frame_capture|Ad9233MultistageDecimator:anti_alias_fir|FirDecimatingStage:stage2|operand_sample[3][13]      ; Stuck at GND due to stuck port data_in ;
; Ad9233FrameCapture:U2_frame_capture|Ad9233MultistageDecimator:anti_alias_fir|FirDecimatingStage:stage2|operand_sample[3][12]      ; Stuck at GND due to stuck port data_in ;
; Ad9233FrameCapture:U2_frame_capture|Ad9233MultistageDecimator:anti_alias_fir|FirDecimatingStage:stage2|operand_sample[3][11]      ; Stuck at GND due to stuck port data_in ;
; Ad9233FrameCapture:U2_frame_capture|Ad9233MultistageDecimator:anti_alias_fir|FirDecimatingStage:stage2|operand_sample[3][10]      ; Stuck at GND due to stuck port data_in ;
; Ad9233FrameCapture:U2_frame_capture|Ad9233MultistageDecimator:anti_alias_fir|FirDecimatingStage:stage2|operand_sample[3][9]       ; Stuck at GND due to stuck port data_in ;
; Ad9233FrameCapture:U2_frame_capture|Ad9233MultistageDecimator:anti_alias_fir|FirDecimatingStage:stage2|operand_sample[3][8]       ; Stuck at GND due to stuck port data_in ;
; Ad9233FrameCapture:U2_frame_capture|Ad9233MultistageDecimator:anti_alias_fir|FirDecimatingStage:stage2|operand_sample[3][7]       ; Stuck at GND due to stuck port data_in ;
; Ad9233FrameCapture:U2_frame_capture|Ad9233MultistageDecimator:anti_alias_fir|FirDecimatingStage:stage2|operand_sample[3][6]       ; Stuck at GND due to stuck port data_in ;
; Ad9233FrameCapture:U2_frame_capture|Ad9233MultistageDecimator:anti_alias_fir|FirDecimatingStage:stage2|operand_sample[3][5]       ; Stuck at GND due to stuck port data_in ;
; Ad9233FrameCapture:U2_frame_capture|Ad9233MultistageDecimator:anti_alias_fir|FirDecimatingStage:stage2|operand_sample[3][4]       ; Stuck at GND due to stuck port data_in ;
; Ad9233FrameCapture:U2_frame_capture|Ad9233MultistageDecimator:anti_alias_fir|FirDecimatingStage:stage2|operand_sample[3][3]       ; Stuck at GND due to stuck port data_in ;
; Ad9233FrameCapture:U2_frame_capture|Ad9233MultistageDecimator:anti_alias_fir|FirDecimatingStage:stage2|operand_sample[3][2]       ; Stuck at GND due to stuck port data_in ;
; Ad9233FrameCapture:U2_frame_capture|Ad9233MultistageDecimator:anti_alias_fir|FirDecimatingStage:stage2|operand_sample[3][1]       ; Stuck at GND due to stuck port data_in ;
; Ad9233FrameCapture:U2_frame_capture|Ad9233MultistageDecimator:anti_alias_fir|FirDecimatingStage:stage2|operand_sample[3][0]       ; Stuck at GND due to stuck port data_in ;
; Ad9233FrameCapture:U2_frame_capture|Ad9233MultistageDecimator:anti_alias_fir|FirDecimatingStage:stage2|operand_coefficient[2][17] ; Stuck at GND due to stuck port data_in ;
; Ad9233FrameCapture:U2_frame_capture|Ad9233MultistageDecimator:anti_alias_fir|FirDecimatingStage:stage2|operand_coefficient[2][16] ; Stuck at GND due to stuck port data_in ;
; Ad9233FrameCapture:U2_frame_capture|Ad9233MultistageDecimator:anti_alias_fir|FirDecimatingStage:stage2|operand_coefficient[2][15] ; Stuck at GND due to stuck port data_in ;
; Ad9233FrameCapture:U2_frame_capture|Ad9233MultistageDecimator:anti_alias_fir|FirDecimatingStage:stage2|operand_coefficient[2][14] ; Stuck at GND due to stuck port data_in ;
; Ad9233FrameCapture:U2_frame_capture|Ad9233MultistageDecimator:anti_alias_fir|FirDecimatingStage:stage2|operand_coefficient[2][13] ; Stuck at GND due to stuck port data_in ;
; Ad9233FrameCapture:U2_frame_capture|Ad9233MultistageDecimator:anti_alias_fir|FirDecimatingStage:stage2|operand_coefficient[2][12] ; Stuck at GND due to stuck port data_in ;
; Ad9233FrameCapture:U2_frame_capture|Ad9233MultistageDecimator:anti_alias_fir|FirDecimatingStage:stage2|operand_coefficient[2][11] ; Stuck at GND due to stuck port data_in ;
; Ad9233FrameCapture:U2_frame_capture|Ad9233MultistageDecimator:anti_alias_fir|FirDecimatingStage:stage2|operand_coefficient[2][10] ; Stuck at GND due to stuck port data_in ;
; Ad9233FrameCapture:U2_frame_capture|Ad9233MultistageDecimator:anti_alias_fir|FirDecimatingStage:stage2|operand_coefficient[2][9]  ; Stuck at GND due to stuck port data_in ;
; Ad9233FrameCapture:U2_frame_capture|Ad9233MultistageDecimator:anti_alias_fir|FirDecimatingStage:stage2|operand_coefficient[2][8]  ; Stuck at GND due to stuck port data_in ;
; Ad9233FrameCapture:U2_frame_capture|Ad9233MultistageDecimator:anti_alias_fir|FirDecimatingStage:stage2|operand_coefficient[2][7]  ; Stuck at GND due to stuck port data_in ;
; Ad9233FrameCapture:U2_frame_capture|Ad9233MultistageDecimator:anti_alias_fir|FirDecimatingStage:stage2|operand_coefficient[2][6]  ; Stuck at GND due to stuck port data_in ;
; Ad9233FrameCapture:U2_frame_capture|Ad9233MultistageDecimator:anti_alias_fir|FirDecimatingStage:stage2|operand_coefficient[2][5]  ; Stuck at GND due to stuck port data_in ;
; Ad9233FrameCapture:U2_frame_capture|Ad9233MultistageDecimator:anti_alias_fir|FirDecimatingStage:stage2|operand_coefficient[2][4]  ; Stuck at GND due to stuck port data_in ;
; Ad9233FrameCapture:U2_frame_capture|Ad9233MultistageDecimator:anti_alias_fir|FirDecimatingStage:stage2|operand_coefficient[2][3]  ; Stuck at GND due to stuck port data_in ;
; Ad9233FrameCapture:U2_frame_capture|Ad9233MultistageDecimator:anti_alias_fir|FirDecimatingStage:stage2|operand_coefficient[2][2]  ; Stuck at GND due to stuck port data_in ;
; Ad9233FrameCapture:U2_frame_capture|Ad9233MultistageDecimator:anti_alias_fir|FirDecimatingStage:stage2|operand_coefficient[2][1]  ; Stuck at GND due to stuck port data_in ;
; Ad9233FrameCapture:U2_frame_capture|Ad9233MultistageDecimator:anti_alias_fir|FirDecimatingStage:stage2|operand_coefficient[2][0]  ; Stuck at GND due to stuck port data_in ;
; Ad9233FrameCapture:U2_frame_capture|Ad9233MultistageDecimator:anti_alias_fir|FirDecimatingStage:stage2|operand_coefficient[3][17] ; Stuck at GND due to stuck port data_in ;
; Ad9233FrameCapture:U2_frame_capture|Ad9233MultistageDecimator:anti_alias_fir|FirDecimatingStage:stage2|operand_coefficient[3][16] ; Stuck at GND due to stuck port data_in ;
; Ad9233FrameCapture:U2_frame_capture|Ad9233MultistageDecimator:anti_alias_fir|FirDecimatingStage:stage2|operand_coefficient[3][15] ; Stuck at GND due to stuck port data_in ;
; Ad9233FrameCapture:U2_frame_capture|Ad9233MultistageDecimator:anti_alias_fir|FirDecimatingStage:stage2|operand_coefficient[3][14] ; Stuck at GND due to stuck port data_in ;
; Ad9233FrameCapture:U2_frame_capture|Ad9233MultistageDecimator:anti_alias_fir|FirDecimatingStage:stage2|operand_coefficient[3][13] ; Stuck at GND due to stuck port data_in ;
; Ad9233FrameCapture:U2_frame_capture|Ad9233MultistageDecimator:anti_alias_fir|FirDecimatingStage:stage2|operand_coefficient[3][12] ; Stuck at GND due to stuck port data_in ;
; Ad9233FrameCapture:U2_frame_capture|Ad9233MultistageDecimator:anti_alias_fir|FirDecimatingStage:stage2|operand_coefficient[3][11] ; Stuck at GND due to stuck port data_in ;
; Ad9233FrameCapture:U2_frame_capture|Ad9233MultistageDecimator:anti_alias_fir|FirDecimatingStage:stage2|operand_coefficient[3][10] ; Stuck at GND due to stuck port data_in ;
; Ad9233FrameCapture:U2_frame_capture|Ad9233MultistageDecimator:anti_alias_fir|FirDecimatingStage:stage2|operand_coefficient[3][9]  ; Stuck at GND due to stuck port data_in ;
; Ad9233FrameCapture:U2_frame_capture|Ad9233MultistageDecimator:anti_alias_fir|FirDecimatingStage:stage2|operand_coefficient[3][8]  ; Stuck at GND due to stuck port data_in ;
; Ad9233FrameCapture:U2_frame_capture|Ad9233MultistageDecimator:anti_alias_fir|FirDecimatingStage:stage2|operand_coefficient[3][7]  ; Stuck at GND due to stuck port data_in ;
; Ad9233FrameCapture:U2_frame_capture|Ad9233MultistageDecimator:anti_alias_fir|FirDecimatingStage:stage2|operand_coefficient[3][6]  ; Stuck at GND due to stuck port data_in ;
; Ad9233FrameCapture:U2_frame_capture|Ad9233MultistageDecimator:anti_alias_fir|FirDecimatingStage:stage2|operand_coefficient[3][5]  ; Stuck at GND due to stuck port data_in ;
; Ad9233FrameCapture:U2_frame_capture|Ad9233MultistageDecimator:anti_alias_fir|FirDecimatingStage:stage2|operand_coefficient[3][4]  ; Stuck at GND due to stuck port data_in ;
; Ad9233FrameCapture:U2_frame_capture|Ad9233MultistageDecimator:anti_alias_fir|FirDecimatingStage:stage2|operand_coefficient[3][3]  ; Stuck at GND due to stuck port data_in ;
; Ad9233FrameCapture:U2_frame_capture|Ad9233MultistageDecimator:anti_alias_fir|FirDecimatingStage:stage2|operand_coefficient[3][2]  ; Stuck at GND due to stuck port data_in ;
; Ad9233FrameCapture:U2_frame_capture|Ad9233MultistageDecimator:anti_alias_fir|FirDecimatingStage:stage2|operand_coefficient[3][1]  ; Stuck at GND due to stuck port data_in ;
; Ad9233FrameCapture:U2_frame_capture|Ad9233MultistageDecimator:anti_alias_fir|FirDecimatingStage:stage2|operand_coefficient[3][0]  ; Stuck at GND due to stuck port data_in ;
; Ad9233FrameCapture:U2_frame_capture|Ad9233MultistageDecimator:anti_alias_fir|FirDecimatingStage:stage1|operand_coefficient[2][11] ; Stuck at GND due to stuck port data_in ;
; Ad9233FrameCapture:U2_frame_capture|Ad9233MultistageDecimator:anti_alias_fir|FirDecimatingStage:stage1|operand_coefficient[2][8]  ; Stuck at GND due to stuck port data_in ;
; Ad9233FrameCapture:U2_frame_capture|Ad9233MultistageDecimator:anti_alias_fir|FirDecimatingStage:stage1|operand_coefficient[2][5]  ; Stuck at GND due to stuck port data_in ;
; Ad9233FrameCapture:U2_frame_capture|Ad9233MultistageDecimator:anti_alias_fir|FirDecimatingStage:stage1|operand_coefficient[2][4]  ; Stuck at GND due to stuck port data_in ;
; Ad9233FrameCapture:U2_frame_capture|Ad9233MultistageDecimator:anti_alias_fir|FirDecimatingStage:stage1|operand_coefficient[2][3]  ; Stuck at GND due to stuck port data_in ;
; Ad9233FrameCapture:U2_frame_capture|Ad9233MultistageDecimator:anti_alias_fir|FirDecimatingStage:stage1|operand_coefficient[3][7]  ; Stuck at GND due to stuck port data_in ;
; AnalyzerSpiSlave:U3_analyzer_spi|flags_latched[7..15]                                                                             ; Stuck at GND due to stuck port data_in ;
; Ad9233FrameCapture:U2_frame_capture|Ad9233MultistageDecimator:anti_alias_fir|FirDecimatingStage:stage1|history[0][3]              ; Stuck at GND due to stuck port data_in ;
; Ad9233FrameCapture:U2_frame_capture|Ad9233MultistageDecimator:anti_alias_fir|FirDecimatingStage:stage1|history[0][2]              ; Stuck at GND due to stuck port data_in ;
; Ad9233FrameCapture:U2_frame_capture|Ad9233MultistageDecimator:anti_alias_fir|FirDecimatingStage:stage1|history[0][1]              ; Stuck at GND due to stuck port data_in ;
; Ad9233FrameCapture:U2_frame_capture|Ad9233MultistageDecimator:anti_alias_fir|FirDecimatingStage:stage1|history[0][0]              ; Stuck at GND due to stuck port data_in ;
; Ad9233FrameCapture:U2_frame_capture|Ad9233MultistageDecimator:anti_alias_fir|FirDecimatingStage:stage1|history[1][3]              ; Stuck at GND due to stuck port data_in ;
; Ad9233FrameCapture:U2_frame_capture|Ad9233MultistageDecimator:anti_alias_fir|FirDecimatingStage:stage1|history[1][2]              ; Stuck at GND due to stuck port data_in ;
; Ad9233FrameCapture:U2_frame_capture|Ad9233MultistageDecimator:anti_alias_fir|FirDecimatingStage:stage1|history[1][1]              ; Stuck at GND due to stuck port data_in ;
; Ad9233FrameCapture:U2_frame_capture|Ad9233MultistageDecimator:anti_alias_fir|FirDecimatingStage:stage1|history[1][0]              ; Stuck at GND due to stuck port data_in ;
; Ad9233FrameCapture:U2_frame_capture|Ad9233MultistageDecimator:anti_alias_fir|FirDecimatingStage:stage1|history[2][3]              ; Stuck at GND due to stuck port data_in ;
; Ad9233FrameCapture:U2_frame_capture|Ad9233MultistageDecimator:anti_alias_fir|FirDecimatingStage:stage1|history[2][2]              ; Stuck at GND due to stuck port data_in ;
; Ad9233FrameCapture:U2_frame_capture|Ad9233MultistageDecimator:anti_alias_fir|FirDecimatingStage:stage1|history[2][1]              ; Stuck at GND due to stuck port data_in ;
; Ad9233FrameCapture:U2_frame_capture|Ad9233MultistageDecimator:anti_alias_fir|FirDecimatingStage:stage1|history[2][0]              ; Stuck at GND due to stuck port data_in ;
; Ad9233FrameCapture:U2_frame_capture|Ad9233MultistageDecimator:anti_alias_fir|FirDecimatingStage:stage1|history[3][3]              ; Stuck at GND due to stuck port data_in ;
; Ad9233FrameCapture:U2_frame_capture|Ad9233MultistageDecimator:anti_alias_fir|FirDecimatingStage:stage1|history[3][2]              ; Stuck at GND due to stuck port data_in ;
; Ad9233FrameCapture:U2_frame_capture|Ad9233MultistageDecimator:anti_alias_fir|FirDecimatingStage:stage1|history[3][1]              ; Stuck at GND due to stuck port data_in ;
; Ad9233FrameCapture:U2_frame_capture|Ad9233MultistageDecimator:anti_alias_fir|FirDecimatingStage:stage1|history[3][0]              ; Stuck at GND due to stuck port data_in ;
; Ad9233FrameCapture:U2_frame_capture|Ad9233MultistageDecimator:anti_alias_fir|FirDecimatingStage:stage1|history[4][3]              ; Stuck at GND due to stuck port data_in ;
; Ad9233FrameCapture:U2_frame_capture|Ad9233MultistageDecimator:anti_alias_fir|FirDecimatingStage:stage1|history[4][2]              ; Stuck at GND due to stuck port data_in ;
; Ad9233FrameCapture:U2_frame_capture|Ad9233MultistageDecimator:anti_alias_fir|FirDecimatingStage:stage1|history[4][1]              ; Stuck at GND due to stuck port data_in ;
; Ad9233FrameCapture:U2_frame_capture|Ad9233MultistageDecimator:anti_alias_fir|FirDecimatingStage:stage1|history[4][0]              ; Stuck at GND due to stuck port data_in ;
; Ad9233FrameCapture:U2_frame_capture|Ad9233MultistageDecimator:anti_alias_fir|FirDecimatingStage:stage1|history[5][3]              ; Stuck at GND due to stuck port data_in ;
; Ad9233FrameCapture:U2_frame_capture|Ad9233MultistageDecimator:anti_alias_fir|FirDecimatingStage:stage1|history[5][2]              ; Stuck at GND due to stuck port data_in ;
; Ad9233FrameCapture:U2_frame_capture|Ad9233MultistageDecimator:anti_alias_fir|FirDecimatingStage:stage1|history[5][1]              ; Stuck at GND due to stuck port data_in ;
; Ad9233FrameCapture:U2_frame_capture|Ad9233MultistageDecimator:anti_alias_fir|FirDecimatingStage:stage1|history[5][0]              ; Stuck at GND due to stuck port data_in ;
; Ad9233FrameCapture:U2_frame_capture|Ad9233MultistageDecimator:anti_alias_fir|FirDecimatingStage:stage1|history[6][3]              ; Stuck at GND due to stuck port data_in ;
; Ad9233FrameCapture:U2_frame_capture|Ad9233MultistageDecimator:anti_alias_fir|FirDecimatingStage:stage1|history[6][2]              ; Stuck at GND due to stuck port data_in ;
; Ad9233FrameCapture:U2_frame_capture|Ad9233MultistageDecimator:anti_alias_fir|FirDecimatingStage:stage1|history[6][1]              ; Stuck at GND due to stuck port data_in ;
; Ad9233FrameCapture:U2_frame_capture|Ad9233MultistageDecimator:anti_alias_fir|FirDecimatingStage:stage1|history[6][0]              ; Stuck at GND due to stuck port data_in ;
; Ad9233FrameCapture:U2_frame_capture|Ad9233MultistageDecimator:anti_alias_fir|FirDecimatingStage:stage1|history[7][3]              ; Stuck at GND due to stuck port data_in ;
; Ad9233FrameCapture:U2_frame_capture|Ad9233MultistageDecimator:anti_alias_fir|FirDecimatingStage:stage1|history[7][2]              ; Stuck at GND due to stuck port data_in ;
; Ad9233FrameCapture:U2_frame_capture|Ad9233MultistageDecimator:anti_alias_fir|FirDecimatingStage:stage1|history[7][1]              ; Stuck at GND due to stuck port data_in ;
; Ad9233FrameCapture:U2_frame_capture|Ad9233MultistageDecimator:anti_alias_fir|FirDecimatingStage:stage1|history[7][0]              ; Stuck at GND due to stuck port data_in ;
; Ad9233FrameCapture:U2_frame_capture|Ad9233MultistageDecimator:anti_alias_fir|FirDecimatingStage:stage1|history[8][3]              ; Stuck at GND due to stuck port data_in ;
; Ad9233FrameCapture:U2_frame_capture|Ad9233MultistageDecimator:anti_alias_fir|FirDecimatingStage:stage1|history[8][2]              ; Stuck at GND due to stuck port data_in ;
; Ad9233FrameCapture:U2_frame_capture|Ad9233MultistageDecimator:anti_alias_fir|FirDecimatingStage:stage1|history[8][1]              ; Stuck at GND due to stuck port data_in ;
; Ad9233FrameCapture:U2_frame_capture|Ad9233MultistageDecimator:anti_alias_fir|FirDecimatingStage:stage1|history[8][0]              ; Stuck at GND due to stuck port data_in ;
; Ad9233FrameCapture:U2_frame_capture|Ad9233MultistageDecimator:anti_alias_fir|FirDecimatingStage:stage1|history[9][3]              ; Stuck at GND due to stuck port data_in ;
; Ad9233FrameCapture:U2_frame_capture|Ad9233MultistageDecimator:anti_alias_fir|FirDecimatingStage:stage1|history[9][2]              ; Stuck at GND due to stuck port data_in ;
; Ad9233FrameCapture:U2_frame_capture|Ad9233MultistageDecimator:anti_alias_fir|FirDecimatingStage:stage1|history[9][1]              ; Stuck at GND due to stuck port data_in ;
; Ad9233FrameCapture:U2_frame_capture|Ad9233MultistageDecimator:anti_alias_fir|FirDecimatingStage:stage1|history[9][0]              ; Stuck at GND due to stuck port data_in ;
; Ad9233FrameCapture:U2_frame_capture|Ad9233MultistageDecimator:anti_alias_fir|FirDecimatingStage:stage1|history[10][3]             ; Stuck at GND due to stuck port data_in ;
; Ad9233FrameCapture:U2_frame_capture|Ad9233MultistageDecimator:anti_alias_fir|FirDecimatingStage:stage1|history[10][2]             ; Stuck at GND due to stuck port data_in ;
; Ad9233FrameCapture:U2_frame_capture|Ad9233MultistageDecimator:anti_alias_fir|FirDecimatingStage:stage1|history[10][1]             ; Stuck at GND due to stuck port data_in ;
; Ad9233FrameCapture:U2_frame_capture|Ad9233MultistageDecimator:anti_alias_fir|FirDecimatingStage:stage1|history[10][0]             ; Stuck at GND due to stuck port data_in ;
; Ad9233FrameCapture:U2_frame_capture|Ad9233MultistageDecimator:anti_alias_fir|FirDecimatingStage:stage1|history[11][3]             ; Stuck at GND due to stuck port data_in ;
; Ad9233FrameCapture:U2_frame_capture|Ad9233MultistageDecimator:anti_alias_fir|FirDecimatingStage:stage1|history[11][2]             ; Stuck at GND due to stuck port data_in ;
; Ad9233FrameCapture:U2_frame_capture|Ad9233MultistageDecimator:anti_alias_fir|FirDecimatingStage:stage1|history[11][1]             ; Stuck at GND due to stuck port data_in ;
; Ad9233FrameCapture:U2_frame_capture|Ad9233MultistageDecimator:anti_alias_fir|FirDecimatingStage:stage1|history[11][0]             ; Stuck at GND due to stuck port data_in ;
; Ad9233FrameCapture:U2_frame_capture|Ad9233MultistageDecimator:anti_alias_fir|FirDecimatingStage:stage1|history[12][3]             ; Stuck at GND due to stuck port data_in ;
; Ad9233FrameCapture:U2_frame_capture|Ad9233MultistageDecimator:anti_alias_fir|FirDecimatingStage:stage1|history[12][2]             ; Stuck at GND due to stuck port data_in ;
; Ad9233FrameCapture:U2_frame_capture|Ad9233MultistageDecimator:anti_alias_fir|FirDecimatingStage:stage1|history[12][1]             ; Stuck at GND due to stuck port data_in ;
; Ad9233FrameCapture:U2_frame_capture|Ad9233MultistageDecimator:anti_alias_fir|FirDecimatingStage:stage1|history[12][0]             ; Stuck at GND due to stuck port data_in ;
; Ad9233FrameCapture:U2_frame_capture|Ad9233MultistageDecimator:anti_alias_fir|FirDecimatingStage:stage1|history[13][3]             ; Stuck at GND due to stuck port data_in ;
; Ad9233FrameCapture:U2_frame_capture|Ad9233MultistageDecimator:anti_alias_fir|FirDecimatingStage:stage1|history[13][2]             ; Stuck at GND due to stuck port data_in ;
; Ad9233FrameCapture:U2_frame_capture|Ad9233MultistageDecimator:anti_alias_fir|FirDecimatingStage:stage1|history[13][1]             ; Stuck at GND due to stuck port data_in ;
; Ad9233FrameCapture:U2_frame_capture|Ad9233MultistageDecimator:anti_alias_fir|FirDecimatingStage:stage1|history[13][0]             ; Stuck at GND due to stuck port data_in ;
; Ad9233FrameCapture:U2_frame_capture|Ad9233MultistageDecimator:anti_alias_fir|FirDecimatingStage:stage1|snapshot[0][3]             ; Stuck at GND due to stuck port data_in ;
; Ad9233FrameCapture:U2_frame_capture|Ad9233MultistageDecimator:anti_alias_fir|FirDecimatingStage:stage1|snapshot[0][2]             ; Stuck at GND due to stuck port data_in ;
; Ad9233FrameCapture:U2_frame_capture|Ad9233MultistageDecimator:anti_alias_fir|FirDecimatingStage:stage1|snapshot[0][1]             ; Stuck at GND due to stuck port data_in ;
; Ad9233FrameCapture:U2_frame_capture|Ad9233MultistageDecimator:anti_alias_fir|FirDecimatingStage:stage1|snapshot[0][0]             ; Stuck at GND due to stuck port data_in ;
; Ad9233FrameCapture:U2_frame_capture|Ad9233MultistageDecimator:anti_alias_fir|FirDecimatingStage:stage1|snapshot[1][3]             ; Stuck at GND due to stuck port data_in ;
; Ad9233FrameCapture:U2_frame_capture|Ad9233MultistageDecimator:anti_alias_fir|FirDecimatingStage:stage1|snapshot[1][2]             ; Stuck at GND due to stuck port data_in ;
; Ad9233FrameCapture:U2_frame_capture|Ad9233MultistageDecimator:anti_alias_fir|FirDecimatingStage:stage1|snapshot[1][1]             ; Stuck at GND due to stuck port data_in ;
; Ad9233FrameCapture:U2_frame_capture|Ad9233MultistageDecimator:anti_alias_fir|FirDecimatingStage:stage1|snapshot[1][0]             ; Stuck at GND due to stuck port data_in ;
; Ad9233FrameCapture:U2_frame_capture|Ad9233MultistageDecimator:anti_alias_fir|FirDecimatingStage:stage1|snapshot[2][3]             ; Stuck at GND due to stuck port data_in ;
; Ad9233FrameCapture:U2_frame_capture|Ad9233MultistageDecimator:anti_alias_fir|FirDecimatingStage:stage1|snapshot[2][2]             ; Stuck at GND due to stuck port data_in ;
; Ad9233FrameCapture:U2_frame_capture|Ad9233MultistageDecimator:anti_alias_fir|FirDecimatingStage:stage1|snapshot[2][1]             ; Stuck at GND due to stuck port data_in ;
; Ad9233FrameCapture:U2_frame_capture|Ad9233MultistageDecimator:anti_alias_fir|FirDecimatingStage:stage1|snapshot[2][0]             ; Stuck at GND due to stuck port data_in ;
; Ad9233FrameCapture:U2_frame_capture|Ad9233MultistageDecimator:anti_alias_fir|FirDecimatingStage:stage1|snapshot[3][3]             ; Stuck at GND due to stuck port data_in ;
; Ad9233FrameCapture:U2_frame_capture|Ad9233MultistageDecimator:anti_alias_fir|FirDecimatingStage:stage1|snapshot[3][2]             ; Stuck at GND due to stuck port data_in ;
; Ad9233FrameCapture:U2_frame_capture|Ad9233MultistageDecimator:anti_alias_fir|FirDecimatingStage:stage1|snapshot[3][1]             ; Stuck at GND due to stuck port data_in ;
; Ad9233FrameCapture:U2_frame_capture|Ad9233MultistageDecimator:anti_alias_fir|FirDecimatingStage:stage1|snapshot[3][0]             ; Stuck at GND due to stuck port data_in ;
; Ad9233FrameCapture:U2_frame_capture|Ad9233MultistageDecimator:anti_alias_fir|FirDecimatingStage:stage1|snapshot[4][3]             ; Stuck at GND due to stuck port data_in ;
; Ad9233FrameCapture:U2_frame_capture|Ad9233MultistageDecimator:anti_alias_fir|FirDecimatingStage:stage1|snapshot[4][2]             ; Stuck at GND due to stuck port data_in ;
; Ad9233FrameCapture:U2_frame_capture|Ad9233MultistageDecimator:anti_alias_fir|FirDecimatingStage:stage1|snapshot[4][1]             ; Stuck at GND due to stuck port data_in ;
; Ad9233FrameCapture:U2_frame_capture|Ad9233MultistageDecimator:anti_alias_fir|FirDecimatingStage:stage1|snapshot[4][0]             ; Stuck at GND due to stuck port data_in ;
; Ad9233FrameCapture:U2_frame_capture|Ad9233MultistageDecimator:anti_alias_fir|FirDecimatingStage:stage1|snapshot[5][3]             ; Stuck at GND due to stuck port data_in ;
; Ad9233FrameCapture:U2_frame_capture|Ad9233MultistageDecimator:anti_alias_fir|FirDecimatingStage:stage1|snapshot[5][2]             ; Stuck at GND due to stuck port data_in ;
; Ad9233FrameCapture:U2_frame_capture|Ad9233MultistageDecimator:anti_alias_fir|FirDecimatingStage:stage1|snapshot[5][1]             ; Stuck at GND due to stuck port data_in ;
; Ad9233FrameCapture:U2_frame_capture|Ad9233MultistageDecimator:anti_alias_fir|FirDecimatingStage:stage1|snapshot[5][0]             ; Stuck at GND due to stuck port data_in ;
; Ad9233FrameCapture:U2_frame_capture|Ad9233MultistageDecimator:anti_alias_fir|FirDecimatingStage:stage1|snapshot[6][3]             ; Stuck at GND due to stuck port data_in ;
; Ad9233FrameCapture:U2_frame_capture|Ad9233MultistageDecimator:anti_alias_fir|FirDecimatingStage:stage1|snapshot[6][2]             ; Stuck at GND due to stuck port data_in ;
; Ad9233FrameCapture:U2_frame_capture|Ad9233MultistageDecimator:anti_alias_fir|FirDecimatingStage:stage1|snapshot[6][1]             ; Stuck at GND due to stuck port data_in ;
; Ad9233FrameCapture:U2_frame_capture|Ad9233MultistageDecimator:anti_alias_fir|FirDecimatingStage:stage1|snapshot[6][0]             ; Stuck at GND due to stuck port data_in ;
; Ad9233FrameCapture:U2_frame_capture|Ad9233MultistageDecimator:anti_alias_fir|FirDecimatingStage:stage1|snapshot[7][3]             ; Stuck at GND due to stuck port data_in ;
; Ad9233FrameCapture:U2_frame_capture|Ad9233MultistageDecimator:anti_alias_fir|FirDecimatingStage:stage1|snapshot[7][2]             ; Stuck at GND due to stuck port data_in ;
; Ad9233FrameCapture:U2_frame_capture|Ad9233MultistageDecimator:anti_alias_fir|FirDecimatingStage:stage1|snapshot[7][1]             ; Stuck at GND due to stuck port data_in ;
; Ad9233FrameCapture:U2_frame_capture|Ad9233MultistageDecimator:anti_alias_fir|FirDecimatingStage:stage1|snapshot[7][0]             ; Stuck at GND due to stuck port data_in ;
; Ad9233FrameCapture:U2_frame_capture|Ad9233MultistageDecimator:anti_alias_fir|FirDecimatingStage:stage1|snapshot[8][3]             ; Stuck at GND due to stuck port data_in ;
; Ad9233FrameCapture:U2_frame_capture|Ad9233MultistageDecimator:anti_alias_fir|FirDecimatingStage:stage1|snapshot[8][2]             ; Stuck at GND due to stuck port data_in ;
; Ad9233FrameCapture:U2_frame_capture|Ad9233MultistageDecimator:anti_alias_fir|FirDecimatingStage:stage1|snapshot[8][1]             ; Stuck at GND due to stuck port data_in ;
; Ad9233FrameCapture:U2_frame_capture|Ad9233MultistageDecimator:anti_alias_fir|FirDecimatingStage:stage1|snapshot[8][0]             ; Stuck at GND due to stuck port data_in ;
; Ad9233FrameCapture:U2_frame_capture|Ad9233MultistageDecimator:anti_alias_fir|FirDecimatingStage:stage1|snapshot[9][3]             ; Stuck at GND due to stuck port data_in ;
; Ad9233FrameCapture:U2_frame_capture|Ad9233MultistageDecimator:anti_alias_fir|FirDecimatingStage:stage1|snapshot[9][2]             ; Stuck at GND due to stuck port data_in ;
; Ad9233FrameCapture:U2_frame_capture|Ad9233MultistageDecimator:anti_alias_fir|FirDecimatingStage:stage1|snapshot[9][1]             ; Stuck at GND due to stuck port data_in ;
; Ad9233FrameCapture:U2_frame_capture|Ad9233MultistageDecimator:anti_alias_fir|FirDecimatingStage:stage1|snapshot[9][0]             ; Stuck at GND due to stuck port data_in ;
; Ad9233FrameCapture:U2_frame_capture|Ad9233MultistageDecimator:anti_alias_fir|FirDecimatingStage:stage1|snapshot[10][3]            ; Stuck at GND due to stuck port data_in ;
; Ad9233FrameCapture:U2_frame_capture|Ad9233MultistageDecimator:anti_alias_fir|FirDecimatingStage:stage1|snapshot[10][2]            ; Stuck at GND due to stuck port data_in ;
; Ad9233FrameCapture:U2_frame_capture|Ad9233MultistageDecimator:anti_alias_fir|FirDecimatingStage:stage1|snapshot[10][1]            ; Stuck at GND due to stuck port data_in ;
; Ad9233FrameCapture:U2_frame_capture|Ad9233MultistageDecimator:anti_alias_fir|FirDecimatingStage:stage1|snapshot[10][0]            ; Stuck at GND due to stuck port data_in ;
; Ad9233FrameCapture:U2_frame_capture|Ad9233MultistageDecimator:anti_alias_fir|FirDecimatingStage:stage1|snapshot[11][3]            ; Stuck at GND due to stuck port data_in ;
; Ad9233FrameCapture:U2_frame_capture|Ad9233MultistageDecimator:anti_alias_fir|FirDecimatingStage:stage1|snapshot[11][2]            ; Stuck at GND due to stuck port data_in ;
; Ad9233FrameCapture:U2_frame_capture|Ad9233MultistageDecimator:anti_alias_fir|FirDecimatingStage:stage1|snapshot[11][1]            ; Stuck at GND due to stuck port data_in ;
; Ad9233FrameCapture:U2_frame_capture|Ad9233MultistageDecimator:anti_alias_fir|FirDecimatingStage:stage1|snapshot[11][0]            ; Stuck at GND due to stuck port data_in ;
; Ad9233FrameCapture:U2_frame_capture|Ad9233MultistageDecimator:anti_alias_fir|FirDecimatingStage:stage1|snapshot[12][3]            ; Stuck at GND due to stuck port data_in ;
; Ad9233FrameCapture:U2_frame_capture|Ad9233MultistageDecimator:anti_alias_fir|FirDecimatingStage:stage1|snapshot[12][2]            ; Stuck at GND due to stuck port data_in ;
; Ad9233FrameCapture:U2_frame_capture|Ad9233MultistageDecimator:anti_alias_fir|FirDecimatingStage:stage1|snapshot[12][1]            ; Stuck at GND due to stuck port data_in ;
; Ad9233FrameCapture:U2_frame_capture|Ad9233MultistageDecimator:anti_alias_fir|FirDecimatingStage:stage1|snapshot[12][0]            ; Stuck at GND due to stuck port data_in ;
; Ad9233FrameCapture:U2_frame_capture|Ad9233MultistageDecimator:anti_alias_fir|FirDecimatingStage:stage1|snapshot[13][3]            ; Stuck at GND due to stuck port data_in ;
; Ad9233FrameCapture:U2_frame_capture|Ad9233MultistageDecimator:anti_alias_fir|FirDecimatingStage:stage1|snapshot[13][2]            ; Stuck at GND due to stuck port data_in ;
; Ad9233FrameCapture:U2_frame_capture|Ad9233MultistageDecimator:anti_alias_fir|FirDecimatingStage:stage1|snapshot[13][1]            ; Stuck at GND due to stuck port data_in ;
; Ad9233FrameCapture:U2_frame_capture|Ad9233MultistageDecimator:anti_alias_fir|FirDecimatingStage:stage1|snapshot[13][0]            ; Stuck at GND due to stuck port data_in ;
; Ad9233FrameCapture:U2_frame_capture|Ad9233MultistageDecimator:anti_alias_fir|FirDecimatingStage:stage1|snapshot[14][3]            ; Stuck at GND due to stuck port data_in ;
; Ad9233FrameCapture:U2_frame_capture|Ad9233MultistageDecimator:anti_alias_fir|FirDecimatingStage:stage1|snapshot[14][2]            ; Stuck at GND due to stuck port data_in ;
; Ad9233FrameCapture:U2_frame_capture|Ad9233MultistageDecimator:anti_alias_fir|FirDecimatingStage:stage1|snapshot[14][1]            ; Stuck at GND due to stuck port data_in ;
; Ad9233FrameCapture:U2_frame_capture|Ad9233MultistageDecimator:anti_alias_fir|FirDecimatingStage:stage1|snapshot[14][0]            ; Stuck at GND due to stuck port data_in ;
; checker_done                                                                                                                      ; Stuck at GND due to stuck port data_in ;
; checker_error_count[0..31]                                                                                                        ; Stuck at GND due to stuck port data_in ;
; Ad9233FrameCapture:U2_frame_capture|Ad9233MultistageDecimator:anti_alias_fir|FirDecimatingStage:stage3|product_pipe[1][35]        ; Stuck at GND due to stuck port data_in ;
; Ad9233FrameCapture:U2_frame_capture|Ad9233MultistageDecimator:anti_alias_fir|FirDecimatingStage:stage3|product_pipe[1][34]        ; Stuck at GND due to stuck port data_in ;
; Ad9233FrameCapture:U2_frame_capture|Ad9233MultistageDecimator:anti_alias_fir|FirDecimatingStage:stage3|product_pipe[1][33]        ; Stuck at GND due to stuck port data_in ;
; Ad9233FrameCapture:U2_frame_capture|Ad9233MultistageDecimator:anti_alias_fir|FirDecimatingStage:stage3|product_pipe[1][32]        ; Stuck at GND due to stuck port data_in ;
; Ad9233FrameCapture:U2_frame_capture|Ad9233MultistageDecimator:anti_alias_fir|FirDecimatingStage:stage3|product_pipe[1][31]        ; Stuck at GND due to stuck port data_in ;
; Ad9233FrameCapture:U2_frame_capture|Ad9233MultistageDecimator:anti_alias_fir|FirDecimatingStage:stage3|product_pipe[1][30]        ; Stuck at GND due to stuck port data_in ;
; Ad9233FrameCapture:U2_frame_capture|Ad9233MultistageDecimator:anti_alias_fir|FirDecimatingStage:stage3|product_pipe[1][29]        ; Stuck at GND due to stuck port data_in ;
; Ad9233FrameCapture:U2_frame_capture|Ad9233MultistageDecimator:anti_alias_fir|FirDecimatingStage:stage3|product_pipe[1][28]        ; Stuck at GND due to stuck port data_in ;
; Ad9233FrameCapture:U2_frame_capture|Ad9233MultistageDecimator:anti_alias_fir|FirDecimatingStage:stage3|product_pipe[1][27]        ; Stuck at GND due to stuck port data_in ;
; Ad9233FrameCapture:U2_frame_capture|Ad9233MultistageDecimator:anti_alias_fir|FirDecimatingStage:stage3|product_pipe[1][26]        ; Stuck at GND due to stuck port data_in ;
; Ad9233FrameCapture:U2_frame_capture|Ad9233MultistageDecimator:anti_alias_fir|FirDecimatingStage:stage3|product_pipe[1][25]        ; Stuck at GND due to stuck port data_in ;
; Ad9233FrameCapture:U2_frame_capture|Ad9233MultistageDecimator:anti_alias_fir|FirDecimatingStage:stage3|product_pipe[1][24]        ; Stuck at GND due to stuck port data_in ;
; Ad9233FrameCapture:U2_frame_capture|Ad9233MultistageDecimator:anti_alias_fir|FirDecimatingStage:stage3|product_pipe[1][23]        ; Stuck at GND due to stuck port data_in ;
; Ad9233FrameCapture:U2_frame_capture|Ad9233MultistageDecimator:anti_alias_fir|FirDecimatingStage:stage3|product_pipe[1][22]        ; Stuck at GND due to stuck port data_in ;
; Ad9233FrameCapture:U2_frame_capture|Ad9233MultistageDecimator:anti_alias_fir|FirDecimatingStage:stage3|product_pipe[1][21]        ; Stuck at GND due to stuck port data_in ;
; Ad9233FrameCapture:U2_frame_capture|Ad9233MultistageDecimator:anti_alias_fir|FirDecimatingStage:stage3|product_pipe[1][20]        ; Stuck at GND due to stuck port data_in ;
; Ad9233FrameCapture:U2_frame_capture|Ad9233MultistageDecimator:anti_alias_fir|FirDecimatingStage:stage3|product_pipe[1][19]        ; Stuck at GND due to stuck port data_in ;
; Ad9233FrameCapture:U2_frame_capture|Ad9233MultistageDecimator:anti_alias_fir|FirDecimatingStage:stage3|product_pipe[1][18]        ; Stuck at GND due to stuck port data_in ;
; Ad9233FrameCapture:U2_frame_capture|Ad9233MultistageDecimator:anti_alias_fir|FirDecimatingStage:stage3|product_pipe[1][17]        ; Stuck at GND due to stuck port data_in ;
; Ad9233FrameCapture:U2_frame_capture|Ad9233MultistageDecimator:anti_alias_fir|FirDecimatingStage:stage3|product_pipe[1][16]        ; Stuck at GND due to stuck port data_in ;
; Ad9233FrameCapture:U2_frame_capture|Ad9233MultistageDecimator:anti_alias_fir|FirDecimatingStage:stage3|product_pipe[1][15]        ; Stuck at GND due to stuck port data_in ;
; Ad9233FrameCapture:U2_frame_capture|Ad9233MultistageDecimator:anti_alias_fir|FirDecimatingStage:stage3|product_pipe[1][14]        ; Stuck at GND due to stuck port data_in ;
; Ad9233FrameCapture:U2_frame_capture|Ad9233MultistageDecimator:anti_alias_fir|FirDecimatingStage:stage3|product_pipe[1][13]        ; Stuck at GND due to stuck port data_in ;
; Ad9233FrameCapture:U2_frame_capture|Ad9233MultistageDecimator:anti_alias_fir|FirDecimatingStage:stage3|product_pipe[1][12]        ; Stuck at GND due to stuck port data_in ;
; Ad9233FrameCapture:U2_frame_capture|Ad9233MultistageDecimator:anti_alias_fir|FirDecimatingStage:stage3|product_pipe[1][11]        ; Stuck at GND due to stuck port data_in ;
; Ad9233FrameCapture:U2_frame_capture|Ad9233MultistageDecimator:anti_alias_fir|FirDecimatingStage:stage3|product_pipe[1][10]        ; Stuck at GND due to stuck port data_in ;
; Ad9233FrameCapture:U2_frame_capture|Ad9233MultistageDecimator:anti_alias_fir|FirDecimatingStage:stage3|product_pipe[1][9]         ; Stuck at GND due to stuck port data_in ;
; Ad9233FrameCapture:U2_frame_capture|Ad9233MultistageDecimator:anti_alias_fir|FirDecimatingStage:stage3|product_pipe[1][8]         ; Stuck at GND due to stuck port data_in ;
; Ad9233FrameCapture:U2_frame_capture|Ad9233MultistageDecimator:anti_alias_fir|FirDecimatingStage:stage3|product_pipe[1][7]         ; Stuck at GND due to stuck port data_in ;
; Ad9233FrameCapture:U2_frame_capture|Ad9233MultistageDecimator:anti_alias_fir|FirDecimatingStage:stage3|product_pipe[1][6]         ; Stuck at GND due to stuck port data_in ;
; Ad9233FrameCapture:U2_frame_capture|Ad9233MultistageDecimator:anti_alias_fir|FirDecimatingStage:stage3|product_pipe[1][5]         ; Stuck at GND due to stuck port data_in ;
; Ad9233FrameCapture:U2_frame_capture|Ad9233MultistageDecimator:anti_alias_fir|FirDecimatingStage:stage3|product_pipe[1][4]         ; Stuck at GND due to stuck port data_in ;
; Ad9233FrameCapture:U2_frame_capture|Ad9233MultistageDecimator:anti_alias_fir|FirDecimatingStage:stage3|product_pipe[1][3]         ; Stuck at GND due to stuck port data_in ;
; Ad9233FrameCapture:U2_frame_capture|Ad9233MultistageDecimator:anti_alias_fir|FirDecimatingStage:stage3|product_pipe[1][2]         ; Stuck at GND due to stuck port data_in ;
; Ad9233FrameCapture:U2_frame_capture|Ad9233MultistageDecimator:anti_alias_fir|FirDecimatingStage:stage3|product_pipe[1][1]         ; Stuck at GND due to stuck port data_in ;
; Ad9233FrameCapture:U2_frame_capture|Ad9233MultistageDecimator:anti_alias_fir|FirDecimatingStage:stage3|product_pipe[1][0]         ; Stuck at GND due to stuck port data_in ;
; Ad9233FrameCapture:U2_frame_capture|Ad9233MultistageDecimator:anti_alias_fir|FirDecimatingStage:stage3|product_pipe[2][35]        ; Stuck at GND due to stuck port data_in ;
; Ad9233FrameCapture:U2_frame_capture|Ad9233MultistageDecimator:anti_alias_fir|FirDecimatingStage:stage3|product_pipe[2][34]        ; Stuck at GND due to stuck port data_in ;
; Ad9233FrameCapture:U2_frame_capture|Ad9233MultistageDecimator:anti_alias_fir|FirDecimatingStage:stage3|product_pipe[2][33]        ; Stuck at GND due to stuck port data_in ;
; Ad9233FrameCapture:U2_frame_capture|Ad9233MultistageDecimator:anti_alias_fir|FirDecimatingStage:stage3|product_pipe[2][32]        ; Stuck at GND due to stuck port data_in ;
; Ad9233FrameCapture:U2_frame_capture|Ad9233MultistageDecimator:anti_alias_fir|FirDecimatingStage:stage3|product_pipe[2][31]        ; Stuck at GND due to stuck port data_in ;
; Ad9233FrameCapture:U2_frame_capture|Ad9233MultistageDecimator:anti_alias_fir|FirDecimatingStage:stage3|product_pipe[2][30]        ; Stuck at GND due to stuck port data_in ;
; Ad9233FrameCapture:U2_frame_capture|Ad9233MultistageDecimator:anti_alias_fir|FirDecimatingStage:stage3|product_pipe[2][29]        ; Stuck at GND due to stuck port data_in ;
; Ad9233FrameCapture:U2_frame_capture|Ad9233MultistageDecimator:anti_alias_fir|FirDecimatingStage:stage3|product_pipe[2][28]        ; Stuck at GND due to stuck port data_in ;
; Ad9233FrameCapture:U2_frame_capture|Ad9233MultistageDecimator:anti_alias_fir|FirDecimatingStage:stage3|product_pipe[2][27]        ; Stuck at GND due to stuck port data_in ;
; Ad9233FrameCapture:U2_frame_capture|Ad9233MultistageDecimator:anti_alias_fir|FirDecimatingStage:stage3|product_pipe[2][26]        ; Stuck at GND due to stuck port data_in ;
; Ad9233FrameCapture:U2_frame_capture|Ad9233MultistageDecimator:anti_alias_fir|FirDecimatingStage:stage3|product_pipe[2][25]        ; Stuck at GND due to stuck port data_in ;
; Ad9233FrameCapture:U2_frame_capture|Ad9233MultistageDecimator:anti_alias_fir|FirDecimatingStage:stage3|product_pipe[2][24]        ; Stuck at GND due to stuck port data_in ;
; Ad9233FrameCapture:U2_frame_capture|Ad9233MultistageDecimator:anti_alias_fir|FirDecimatingStage:stage3|product_pipe[2][23]        ; Stuck at GND due to stuck port data_in ;
; Ad9233FrameCapture:U2_frame_capture|Ad9233MultistageDecimator:anti_alias_fir|FirDecimatingStage:stage3|product_pipe[2][22]        ; Stuck at GND due to stuck port data_in ;
; Ad9233FrameCapture:U2_frame_capture|Ad9233MultistageDecimator:anti_alias_fir|FirDecimatingStage:stage3|product_pipe[2][21]        ; Stuck at GND due to stuck port data_in ;
; Ad9233FrameCapture:U2_frame_capture|Ad9233MultistageDecimator:anti_alias_fir|FirDecimatingStage:stage3|product_pipe[2][20]        ; Stuck at GND due to stuck port data_in ;
; Ad9233FrameCapture:U2_frame_capture|Ad9233MultistageDecimator:anti_alias_fir|FirDecimatingStage:stage3|product_pipe[2][19]        ; Stuck at GND due to stuck port data_in ;
; Ad9233FrameCapture:U2_frame_capture|Ad9233MultistageDecimator:anti_alias_fir|FirDecimatingStage:stage3|product_pipe[2][18]        ; Stuck at GND due to stuck port data_in ;
; Ad9233FrameCapture:U2_frame_capture|Ad9233MultistageDecimator:anti_alias_fir|FirDecimatingStage:stage3|product_pipe[2][17]        ; Stuck at GND due to stuck port data_in ;
; Ad9233FrameCapture:U2_frame_capture|Ad9233MultistageDecimator:anti_alias_fir|FirDecimatingStage:stage3|product_pipe[2][16]        ; Stuck at GND due to stuck port data_in ;
; Ad9233FrameCapture:U2_frame_capture|Ad9233MultistageDecimator:anti_alias_fir|FirDecimatingStage:stage3|product_pipe[2][15]        ; Stuck at GND due to stuck port data_in ;
; Ad9233FrameCapture:U2_frame_capture|Ad9233MultistageDecimator:anti_alias_fir|FirDecimatingStage:stage3|product_pipe[2][14]        ; Stuck at GND due to stuck port data_in ;
; Ad9233FrameCapture:U2_frame_capture|Ad9233MultistageDecimator:anti_alias_fir|FirDecimatingStage:stage3|product_pipe[2][13]        ; Stuck at GND due to stuck port data_in ;
; Ad9233FrameCapture:U2_frame_capture|Ad9233MultistageDecimator:anti_alias_fir|FirDecimatingStage:stage3|product_pipe[2][12]        ; Stuck at GND due to stuck port data_in ;
; Ad9233FrameCapture:U2_frame_capture|Ad9233MultistageDecimator:anti_alias_fir|FirDecimatingStage:stage3|product_pipe[2][11]        ; Stuck at GND due to stuck port data_in ;
; Ad9233FrameCapture:U2_frame_capture|Ad9233MultistageDecimator:anti_alias_fir|FirDecimatingStage:stage3|product_pipe[2][10]        ; Stuck at GND due to stuck port data_in ;
; Ad9233FrameCapture:U2_frame_capture|Ad9233MultistageDecimator:anti_alias_fir|FirDecimatingStage:stage3|product_pipe[2][9]         ; Stuck at GND due to stuck port data_in ;
; Ad9233FrameCapture:U2_frame_capture|Ad9233MultistageDecimator:anti_alias_fir|FirDecimatingStage:stage3|product_pipe[2][8]         ; Stuck at GND due to stuck port data_in ;
; Ad9233FrameCapture:U2_frame_capture|Ad9233MultistageDecimator:anti_alias_fir|FirDecimatingStage:stage3|product_pipe[2][7]         ; Stuck at GND due to stuck port data_in ;
; Ad9233FrameCapture:U2_frame_capture|Ad9233MultistageDecimator:anti_alias_fir|FirDecimatingStage:stage3|product_pipe[2][6]         ; Stuck at GND due to stuck port data_in ;
; Ad9233FrameCapture:U2_frame_capture|Ad9233MultistageDecimator:anti_alias_fir|FirDecimatingStage:stage3|product_pipe[2][5]         ; Stuck at GND due to stuck port data_in ;
; Ad9233FrameCapture:U2_frame_capture|Ad9233MultistageDecimator:anti_alias_fir|FirDecimatingStage:stage3|product_pipe[2][4]         ; Stuck at GND due to stuck port data_in ;
; Ad9233FrameCapture:U2_frame_capture|Ad9233MultistageDecimator:anti_alias_fir|FirDecimatingStage:stage3|product_pipe[2][3]         ; Stuck at GND due to stuck port data_in ;
; Ad9233FrameCapture:U2_frame_capture|Ad9233MultistageDecimator:anti_alias_fir|FirDecimatingStage:stage3|product_pipe[2][2]         ; Stuck at GND due to stuck port data_in ;
; Ad9233FrameCapture:U2_frame_capture|Ad9233MultistageDecimator:anti_alias_fir|FirDecimatingStage:stage3|product_pipe[2][1]         ; Stuck at GND due to stuck port data_in ;
; Ad9233FrameCapture:U2_frame_capture|Ad9233MultistageDecimator:anti_alias_fir|FirDecimatingStage:stage3|product_pipe[2][0]         ; Stuck at GND due to stuck port data_in ;
; Ad9233FrameCapture:U2_frame_capture|Ad9233MultistageDecimator:anti_alias_fir|FirDecimatingStage:stage3|product_pipe[3][35]        ; Stuck at GND due to stuck port data_in ;
; Ad9233FrameCapture:U2_frame_capture|Ad9233MultistageDecimator:anti_alias_fir|FirDecimatingStage:stage3|product_pipe[3][34]        ; Stuck at GND due to stuck port data_in ;
; Ad9233FrameCapture:U2_frame_capture|Ad9233MultistageDecimator:anti_alias_fir|FirDecimatingStage:stage3|product_pipe[3][33]        ; Stuck at GND due to stuck port data_in ;
; Ad9233FrameCapture:U2_frame_capture|Ad9233MultistageDecimator:anti_alias_fir|FirDecimatingStage:stage3|product_pipe[3][32]        ; Stuck at GND due to stuck port data_in ;
; Ad9233FrameCapture:U2_frame_capture|Ad9233MultistageDecimator:anti_alias_fir|FirDecimatingStage:stage3|product_pipe[3][31]        ; Stuck at GND due to stuck port data_in ;
; Ad9233FrameCapture:U2_frame_capture|Ad9233MultistageDecimator:anti_alias_fir|FirDecimatingStage:stage3|product_pipe[3][30]        ; Stuck at GND due to stuck port data_in ;
; Ad9233FrameCapture:U2_frame_capture|Ad9233MultistageDecimator:anti_alias_fir|FirDecimatingStage:stage3|product_pipe[3][29]        ; Stuck at GND due to stuck port data_in ;
; Ad9233FrameCapture:U2_frame_capture|Ad9233MultistageDecimator:anti_alias_fir|FirDecimatingStage:stage3|product_pipe[3][28]        ; Stuck at GND due to stuck port data_in ;
; Ad9233FrameCapture:U2_frame_capture|Ad9233MultistageDecimator:anti_alias_fir|FirDecimatingStage:stage3|product_pipe[3][27]        ; Stuck at GND due to stuck port data_in ;
; Ad9233FrameCapture:U2_frame_capture|Ad9233MultistageDecimator:anti_alias_fir|FirDecimatingStage:stage3|product_pipe[3][26]        ; Stuck at GND due to stuck port data_in ;
; Ad9233FrameCapture:U2_frame_capture|Ad9233MultistageDecimator:anti_alias_fir|FirDecimatingStage:stage3|product_pipe[3][25]        ; Stuck at GND due to stuck port data_in ;
; Ad9233FrameCapture:U2_frame_capture|Ad9233MultistageDecimator:anti_alias_fir|FirDecimatingStage:stage3|product_pipe[3][24]        ; Stuck at GND due to stuck port data_in ;
; Ad9233FrameCapture:U2_frame_capture|Ad9233MultistageDecimator:anti_alias_fir|FirDecimatingStage:stage3|product_pipe[3][23]        ; Stuck at GND due to stuck port data_in ;
; Ad9233FrameCapture:U2_frame_capture|Ad9233MultistageDecimator:anti_alias_fir|FirDecimatingStage:stage3|product_pipe[3][22]        ; Stuck at GND due to stuck port data_in ;
; Ad9233FrameCapture:U2_frame_capture|Ad9233MultistageDecimator:anti_alias_fir|FirDecimatingStage:stage3|product_pipe[3][21]        ; Stuck at GND due to stuck port data_in ;
; Ad9233FrameCapture:U2_frame_capture|Ad9233MultistageDecimator:anti_alias_fir|FirDecimatingStage:stage3|product_pipe[3][20]        ; Stuck at GND due to stuck port data_in ;
; Ad9233FrameCapture:U2_frame_capture|Ad9233MultistageDecimator:anti_alias_fir|FirDecimatingStage:stage3|product_pipe[3][19]        ; Stuck at GND due to stuck port data_in ;
; Ad9233FrameCapture:U2_frame_capture|Ad9233MultistageDecimator:anti_alias_fir|FirDecimatingStage:stage3|product_pipe[3][18]        ; Stuck at GND due to stuck port data_in ;
; Ad9233FrameCapture:U2_frame_capture|Ad9233MultistageDecimator:anti_alias_fir|FirDecimatingStage:stage3|product_pipe[3][17]        ; Stuck at GND due to stuck port data_in ;
; Ad9233FrameCapture:U2_frame_capture|Ad9233MultistageDecimator:anti_alias_fir|FirDecimatingStage:stage3|product_pipe[3][16]        ; Stuck at GND due to stuck port data_in ;
; Ad9233FrameCapture:U2_frame_capture|Ad9233MultistageDecimator:anti_alias_fir|FirDecimatingStage:stage3|product_pipe[3][15]        ; Stuck at GND due to stuck port data_in ;
; Ad9233FrameCapture:U2_frame_capture|Ad9233MultistageDecimator:anti_alias_fir|FirDecimatingStage:stage3|product_pipe[3][14]        ; Stuck at GND due to stuck port data_in ;
; Ad9233FrameCapture:U2_frame_capture|Ad9233MultistageDecimator:anti_alias_fir|FirDecimatingStage:stage3|product_pipe[3][13]        ; Stuck at GND due to stuck port data_in ;
; Ad9233FrameCapture:U2_frame_capture|Ad9233MultistageDecimator:anti_alias_fir|FirDecimatingStage:stage3|product_pipe[3][12]        ; Stuck at GND due to stuck port data_in ;
; Ad9233FrameCapture:U2_frame_capture|Ad9233MultistageDecimator:anti_alias_fir|FirDecimatingStage:stage3|product_pipe[3][11]        ; Stuck at GND due to stuck port data_in ;
; Ad9233FrameCapture:U2_frame_capture|Ad9233MultistageDecimator:anti_alias_fir|FirDecimatingStage:stage3|product_pipe[3][10]        ; Stuck at GND due to stuck port data_in ;
; Ad9233FrameCapture:U2_frame_capture|Ad9233MultistageDecimator:anti_alias_fir|FirDecimatingStage:stage3|product_pipe[3][9]         ; Stuck at GND due to stuck port data_in ;
; Ad9233FrameCapture:U2_frame_capture|Ad9233MultistageDecimator:anti_alias_fir|FirDecimatingStage:stage3|product_pipe[3][8]         ; Stuck at GND due to stuck port data_in ;
; Ad9233FrameCapture:U2_frame_capture|Ad9233MultistageDecimator:anti_alias_fir|FirDecimatingStage:stage3|product_pipe[3][7]         ; Stuck at GND due to stuck port data_in ;
; Ad9233FrameCapture:U2_frame_capture|Ad9233MultistageDecimator:anti_alias_fir|FirDecimatingStage:stage3|product_pipe[3][6]         ; Stuck at GND due to stuck port data_in ;
; Ad9233FrameCapture:U2_frame_capture|Ad9233MultistageDecimator:anti_alias_fir|FirDecimatingStage:stage3|product_pipe[3][5]         ; Stuck at GND due to stuck port data_in ;
; Ad9233FrameCapture:U2_frame_capture|Ad9233MultistageDecimator:anti_alias_fir|FirDecimatingStage:stage3|product_pipe[3][4]         ; Stuck at GND due to stuck port data_in ;
; Ad9233FrameCapture:U2_frame_capture|Ad9233MultistageDecimator:anti_alias_fir|FirDecimatingStage:stage3|product_pipe[3][3]         ; Stuck at GND due to stuck port data_in ;
; Ad9233FrameCapture:U2_frame_capture|Ad9233MultistageDecimator:anti_alias_fir|FirDecimatingStage:stage3|product_pipe[3][2]         ; Stuck at GND due to stuck port data_in ;
; Ad9233FrameCapture:U2_frame_capture|Ad9233MultistageDecimator:anti_alias_fir|FirDecimatingStage:stage3|product_pipe[3][1]         ; Stuck at GND due to stuck port data_in ;
; Ad9233FrameCapture:U2_frame_capture|Ad9233MultistageDecimator:anti_alias_fir|FirDecimatingStage:stage3|product_pipe[3][0]         ; Stuck at GND due to stuck port data_in ;
; Ad9233FrameCapture:U2_frame_capture|Ad9233MultistageDecimator:anti_alias_fir|FirDecimatingStage:stage2|product_pipe[2][35]        ; Stuck at GND due to stuck port data_in ;
; Ad9233FrameCapture:U2_frame_capture|Ad9233MultistageDecimator:anti_alias_fir|FirDecimatingStage:stage2|product_pipe[2][34]        ; Stuck at GND due to stuck port data_in ;
; Ad9233FrameCapture:U2_frame_capture|Ad9233MultistageDecimator:anti_alias_fir|FirDecimatingStage:stage2|product_pipe[2][33]        ; Stuck at GND due to stuck port data_in ;
; Ad9233FrameCapture:U2_frame_capture|Ad9233MultistageDecimator:anti_alias_fir|FirDecimatingStage:stage2|product_pipe[2][32]        ; Stuck at GND due to stuck port data_in ;
; Ad9233FrameCapture:U2_frame_capture|Ad9233MultistageDecimator:anti_alias_fir|FirDecimatingStage:stage2|product_pipe[2][31]        ; Stuck at GND due to stuck port data_in ;
; Ad9233FrameCapture:U2_frame_capture|Ad9233MultistageDecimator:anti_alias_fir|FirDecimatingStage:stage2|product_pipe[2][30]        ; Stuck at GND due to stuck port data_in ;
; Ad9233FrameCapture:U2_frame_capture|Ad9233MultistageDecimator:anti_alias_fir|FirDecimatingStage:stage2|product_pipe[2][29]        ; Stuck at GND due to stuck port data_in ;
; Ad9233FrameCapture:U2_frame_capture|Ad9233MultistageDecimator:anti_alias_fir|FirDecimatingStage:stage2|product_pipe[2][28]        ; Stuck at GND due to stuck port data_in ;
; Ad9233FrameCapture:U2_frame_capture|Ad9233MultistageDecimator:anti_alias_fir|FirDecimatingStage:stage2|product_pipe[2][27]        ; Stuck at GND due to stuck port data_in ;
; Ad9233FrameCapture:U2_frame_capture|Ad9233MultistageDecimator:anti_alias_fir|FirDecimatingStage:stage2|product_pipe[2][26]        ; Stuck at GND due to stuck port data_in ;
; Ad9233FrameCapture:U2_frame_capture|Ad9233MultistageDecimator:anti_alias_fir|FirDecimatingStage:stage2|product_pipe[2][25]        ; Stuck at GND due to stuck port data_in ;
; Ad9233FrameCapture:U2_frame_capture|Ad9233MultistageDecimator:anti_alias_fir|FirDecimatingStage:stage2|product_pipe[2][24]        ; Stuck at GND due to stuck port data_in ;
; Ad9233FrameCapture:U2_frame_capture|Ad9233MultistageDecimator:anti_alias_fir|FirDecimatingStage:stage2|product_pipe[2][23]        ; Stuck at GND due to stuck port data_in ;
; Ad9233FrameCapture:U2_frame_capture|Ad9233MultistageDecimator:anti_alias_fir|FirDecimatingStage:stage2|product_pipe[2][22]        ; Stuck at GND due to stuck port data_in ;
; Ad9233FrameCapture:U2_frame_capture|Ad9233MultistageDecimator:anti_alias_fir|FirDecimatingStage:stage2|product_pipe[2][21]        ; Stuck at GND due to stuck port data_in ;
; Ad9233FrameCapture:U2_frame_capture|Ad9233MultistageDecimator:anti_alias_fir|FirDecimatingStage:stage2|product_pipe[2][20]        ; Stuck at GND due to stuck port data_in ;
; Ad9233FrameCapture:U2_frame_capture|Ad9233MultistageDecimator:anti_alias_fir|FirDecimatingStage:stage2|product_pipe[2][19]        ; Stuck at GND due to stuck port data_in ;
; Ad9233FrameCapture:U2_frame_capture|Ad9233MultistageDecimator:anti_alias_fir|FirDecimatingStage:stage2|product_pipe[2][18]        ; Stuck at GND due to stuck port data_in ;
; Ad9233FrameCapture:U2_frame_capture|Ad9233MultistageDecimator:anti_alias_fir|FirDecimatingStage:stage2|product_pipe[2][17]        ; Stuck at GND due to stuck port data_in ;
; Ad9233FrameCapture:U2_frame_capture|Ad9233MultistageDecimator:anti_alias_fir|FirDecimatingStage:stage2|product_pipe[2][16]        ; Stuck at GND due to stuck port data_in ;
; Ad9233FrameCapture:U2_frame_capture|Ad9233MultistageDecimator:anti_alias_fir|FirDecimatingStage:stage2|product_pipe[2][15]        ; Stuck at GND due to stuck port data_in ;
; Ad9233FrameCapture:U2_frame_capture|Ad9233MultistageDecimator:anti_alias_fir|FirDecimatingStage:stage2|product_pipe[2][14]        ; Stuck at GND due to stuck port data_in ;
; Ad9233FrameCapture:U2_frame_capture|Ad9233MultistageDecimator:anti_alias_fir|FirDecimatingStage:stage2|product_pipe[2][13]        ; Stuck at GND due to stuck port data_in ;
; Ad9233FrameCapture:U2_frame_capture|Ad9233MultistageDecimator:anti_alias_fir|FirDecimatingStage:stage2|product_pipe[2][12]        ; Stuck at GND due to stuck port data_in ;
; Ad9233FrameCapture:U2_frame_capture|Ad9233MultistageDecimator:anti_alias_fir|FirDecimatingStage:stage2|product_pipe[2][11]        ; Stuck at GND due to stuck port data_in ;
; Ad9233FrameCapture:U2_frame_capture|Ad9233MultistageDecimator:anti_alias_fir|FirDecimatingStage:stage2|product_pipe[2][10]        ; Stuck at GND due to stuck port data_in ;
; Ad9233FrameCapture:U2_frame_capture|Ad9233MultistageDecimator:anti_alias_fir|FirDecimatingStage:stage2|product_pipe[2][9]         ; Stuck at GND due to stuck port data_in ;
; Ad9233FrameCapture:U2_frame_capture|Ad9233MultistageDecimator:anti_alias_fir|FirDecimatingStage:stage2|product_pipe[2][8]         ; Stuck at GND due to stuck port data_in ;
; Ad9233FrameCapture:U2_frame_capture|Ad9233MultistageDecimator:anti_alias_fir|FirDecimatingStage:stage2|product_pipe[2][7]         ; Stuck at GND due to stuck port data_in ;
; Ad9233FrameCapture:U2_frame_capture|Ad9233MultistageDecimator:anti_alias_fir|FirDecimatingStage:stage2|product_pipe[2][6]         ; Stuck at GND due to stuck port data_in ;
; Ad9233FrameCapture:U2_frame_capture|Ad9233MultistageDecimator:anti_alias_fir|FirDecimatingStage:stage2|product_pipe[2][5]         ; Stuck at GND due to stuck port data_in ;
; Ad9233FrameCapture:U2_frame_capture|Ad9233MultistageDecimator:anti_alias_fir|FirDecimatingStage:stage2|product_pipe[2][4]         ; Stuck at GND due to stuck port data_in ;
; Ad9233FrameCapture:U2_frame_capture|Ad9233MultistageDecimator:anti_alias_fir|FirDecimatingStage:stage2|product_pipe[2][3]         ; Stuck at GND due to stuck port data_in ;
; Ad9233FrameCapture:U2_frame_capture|Ad9233MultistageDecimator:anti_alias_fir|FirDecimatingStage:stage2|product_pipe[2][2]         ; Stuck at GND due to stuck port data_in ;
; Ad9233FrameCapture:U2_frame_capture|Ad9233MultistageDecimator:anti_alias_fir|FirDecimatingStage:stage2|product_pipe[2][1]         ; Stuck at GND due to stuck port data_in ;
; Ad9233FrameCapture:U2_frame_capture|Ad9233MultistageDecimator:anti_alias_fir|FirDecimatingStage:stage2|product_pipe[2][0]         ; Stuck at GND due to stuck port data_in ;
; Ad9233FrameCapture:U2_frame_capture|Ad9233MultistageDecimator:anti_alias_fir|FirDecimatingStage:stage2|product_pipe[3][35]        ; Stuck at GND due to stuck port data_in ;
; Ad9233FrameCapture:U2_frame_capture|Ad9233MultistageDecimator:anti_alias_fir|FirDecimatingStage:stage2|product_pipe[3][34]        ; Stuck at GND due to stuck port data_in ;
; Ad9233FrameCapture:U2_frame_capture|Ad9233MultistageDecimator:anti_alias_fir|FirDecimatingStage:stage2|product_pipe[3][33]        ; Stuck at GND due to stuck port data_in ;
; Ad9233FrameCapture:U2_frame_capture|Ad9233MultistageDecimator:anti_alias_fir|FirDecimatingStage:stage2|product_pipe[3][32]        ; Stuck at GND due to stuck port data_in ;
; Ad9233FrameCapture:U2_frame_capture|Ad9233MultistageDecimator:anti_alias_fir|FirDecimatingStage:stage2|product_pipe[3][31]        ; Stuck at GND due to stuck port data_in ;
; Ad9233FrameCapture:U2_frame_capture|Ad9233MultistageDecimator:anti_alias_fir|FirDecimatingStage:stage2|product_pipe[3][30]        ; Stuck at GND due to stuck port data_in ;
; Ad9233FrameCapture:U2_frame_capture|Ad9233MultistageDecimator:anti_alias_fir|FirDecimatingStage:stage2|product_pipe[3][29]        ; Stuck at GND due to stuck port data_in ;
; Ad9233FrameCapture:U2_frame_capture|Ad9233MultistageDecimator:anti_alias_fir|FirDecimatingStage:stage2|product_pipe[3][28]        ; Stuck at GND due to stuck port data_in ;
; Ad9233FrameCapture:U2_frame_capture|Ad9233MultistageDecimator:anti_alias_fir|FirDecimatingStage:stage2|product_pipe[3][27]        ; Stuck at GND due to stuck port data_in ;
; Ad9233FrameCapture:U2_frame_capture|Ad9233MultistageDecimator:anti_alias_fir|FirDecimatingStage:stage2|product_pipe[3][26]        ; Stuck at GND due to stuck port data_in ;
; Ad9233FrameCapture:U2_frame_capture|Ad9233MultistageDecimator:anti_alias_fir|FirDecimatingStage:stage2|product_pipe[3][25]        ; Stuck at GND due to stuck port data_in ;
; Ad9233FrameCapture:U2_frame_capture|Ad9233MultistageDecimator:anti_alias_fir|FirDecimatingStage:stage2|product_pipe[3][24]        ; Stuck at GND due to stuck port data_in ;
; Ad9233FrameCapture:U2_frame_capture|Ad9233MultistageDecimator:anti_alias_fir|FirDecimatingStage:stage2|product_pipe[3][23]        ; Stuck at GND due to stuck port data_in ;
; Ad9233FrameCapture:U2_frame_capture|Ad9233MultistageDecimator:anti_alias_fir|FirDecimatingStage:stage2|product_pipe[3][22]        ; Stuck at GND due to stuck port data_in ;
; Ad9233FrameCapture:U2_frame_capture|Ad9233MultistageDecimator:anti_alias_fir|FirDecimatingStage:stage2|product_pipe[3][21]        ; Stuck at GND due to stuck port data_in ;
; Ad9233FrameCapture:U2_frame_capture|Ad9233MultistageDecimator:anti_alias_fir|FirDecimatingStage:stage2|product_pipe[3][20]        ; Stuck at GND due to stuck port data_in ;
; Ad9233FrameCapture:U2_frame_capture|Ad9233MultistageDecimator:anti_alias_fir|FirDecimatingStage:stage2|product_pipe[3][19]        ; Stuck at GND due to stuck port data_in ;
; Ad9233FrameCapture:U2_frame_capture|Ad9233MultistageDecimator:anti_alias_fir|FirDecimatingStage:stage2|product_pipe[3][18]        ; Stuck at GND due to stuck port data_in ;
; Ad9233FrameCapture:U2_frame_capture|Ad9233MultistageDecimator:anti_alias_fir|FirDecimatingStage:stage2|product_pipe[3][17]        ; Stuck at GND due to stuck port data_in ;
; Ad9233FrameCapture:U2_frame_capture|Ad9233MultistageDecimator:anti_alias_fir|FirDecimatingStage:stage2|product_pipe[3][16]        ; Stuck at GND due to stuck port data_in ;
; Ad9233FrameCapture:U2_frame_capture|Ad9233MultistageDecimator:anti_alias_fir|FirDecimatingStage:stage2|product_pipe[3][15]        ; Stuck at GND due to stuck port data_in ;
; Ad9233FrameCapture:U2_frame_capture|Ad9233MultistageDecimator:anti_alias_fir|FirDecimatingStage:stage2|product_pipe[3][14]        ; Stuck at GND due to stuck port data_in ;
; Ad9233FrameCapture:U2_frame_capture|Ad9233MultistageDecimator:anti_alias_fir|FirDecimatingStage:stage2|product_pipe[3][13]        ; Stuck at GND due to stuck port data_in ;
; Ad9233FrameCapture:U2_frame_capture|Ad9233MultistageDecimator:anti_alias_fir|FirDecimatingStage:stage2|product_pipe[3][12]        ; Stuck at GND due to stuck port data_in ;
; Ad9233FrameCapture:U2_frame_capture|Ad9233MultistageDecimator:anti_alias_fir|FirDecimatingStage:stage2|product_pipe[3][11]        ; Stuck at GND due to stuck port data_in ;
; Ad9233FrameCapture:U2_frame_capture|Ad9233MultistageDecimator:anti_alias_fir|FirDecimatingStage:stage2|product_pipe[3][10]        ; Stuck at GND due to stuck port data_in ;
; Ad9233FrameCapture:U2_frame_capture|Ad9233MultistageDecimator:anti_alias_fir|FirDecimatingStage:stage2|product_pipe[3][9]         ; Stuck at GND due to stuck port data_in ;
; Ad9233FrameCapture:U2_frame_capture|Ad9233MultistageDecimator:anti_alias_fir|FirDecimatingStage:stage2|product_pipe[3][8]         ; Stuck at GND due to stuck port data_in ;
; Ad9233FrameCapture:U2_frame_capture|Ad9233MultistageDecimator:anti_alias_fir|FirDecimatingStage:stage2|product_pipe[3][7]         ; Stuck at GND due to stuck port data_in ;
; Ad9233FrameCapture:U2_frame_capture|Ad9233MultistageDecimator:anti_alias_fir|FirDecimatingStage:stage2|product_pipe[3][6]         ; Stuck at GND due to stuck port data_in ;
; Ad9233FrameCapture:U2_frame_capture|Ad9233MultistageDecimator:anti_alias_fir|FirDecimatingStage:stage2|product_pipe[3][5]         ; Stuck at GND due to stuck port data_in ;
; Ad9233FrameCapture:U2_frame_capture|Ad9233MultistageDecimator:anti_alias_fir|FirDecimatingStage:stage2|product_pipe[3][4]         ; Stuck at GND due to stuck port data_in ;
; Ad9233FrameCapture:U2_frame_capture|Ad9233MultistageDecimator:anti_alias_fir|FirDecimatingStage:stage2|product_pipe[3][3]         ; Stuck at GND due to stuck port data_in ;
; Ad9233FrameCapture:U2_frame_capture|Ad9233MultistageDecimator:anti_alias_fir|FirDecimatingStage:stage2|product_pipe[3][2]         ; Stuck at GND due to stuck port data_in ;
; Ad9233FrameCapture:U2_frame_capture|Ad9233MultistageDecimator:anti_alias_fir|FirDecimatingStage:stage2|product_pipe[3][1]         ; Stuck at GND due to stuck port data_in ;
; Ad9233FrameCapture:U2_frame_capture|Ad9233MultistageDecimator:anti_alias_fir|FirDecimatingStage:stage2|product_pipe[3][0]         ; Stuck at GND due to stuck port data_in ;
; Ad9233FrameCapture:U2_frame_capture|Ad9233MultistageDecimator:anti_alias_fir|FirDecimatingStage:stage1|operand_sample[0][0]       ; Stuck at GND due to stuck port data_in ;
; Ad9233FrameCapture:U2_frame_capture|Ad9233MultistageDecimator:anti_alias_fir|FirDecimatingStage:stage1|operand_sample[1][0]       ; Stuck at GND due to stuck port data_in ;
; Ad9233FrameCapture:U2_frame_capture|Ad9233MultistageDecimator:anti_alias_fir|FirDecimatingStage:stage1|operand_sample[2][0]       ; Stuck at GND due to stuck port data_in ;
; Ad9233FrameCapture:U2_frame_capture|Ad9233MultistageDecimator:anti_alias_fir|FirDecimatingStage:stage1|operand_sample[3][0]       ; Stuck at GND due to stuck port data_in ;
; Ad9233FrameCapture:U2_frame_capture|Ad9233MultistageDecimator:anti_alias_fir|FirDecimatingStage:stage1|operand_sample[0][3]       ; Stuck at GND due to stuck port data_in ;
; Ad9233FrameCapture:U2_frame_capture|Ad9233MultistageDecimator:anti_alias_fir|FirDecimatingStage:stage1|operand_sample[0][2]       ; Stuck at GND due to stuck port data_in ;
; Ad9233FrameCapture:U2_frame_capture|Ad9233MultistageDecimator:anti_alias_fir|FirDecimatingStage:stage1|operand_sample[0][1]       ; Stuck at GND due to stuck port data_in ;
; Ad9233FrameCapture:U2_frame_capture|Ad9233MultistageDecimator:anti_alias_fir|FirDecimatingStage:stage1|operand_sample[1][3]       ; Stuck at GND due to stuck port data_in ;
; Ad9233FrameCapture:U2_frame_capture|Ad9233MultistageDecimator:anti_alias_fir|FirDecimatingStage:stage1|operand_sample[1][2]       ; Stuck at GND due to stuck port data_in ;
; Ad9233FrameCapture:U2_frame_capture|Ad9233MultistageDecimator:anti_alias_fir|FirDecimatingStage:stage1|operand_sample[1][1]       ; Stuck at GND due to stuck port data_in ;
; Ad9233FrameCapture:U2_frame_capture|Ad9233MultistageDecimator:anti_alias_fir|FirDecimatingStage:stage1|operand_sample[2][3]       ; Stuck at GND due to stuck port data_in ;
; Ad9233FrameCapture:U2_frame_capture|Ad9233MultistageDecimator:anti_alias_fir|FirDecimatingStage:stage1|operand_sample[2][2]       ; Stuck at GND due to stuck port data_in ;
; Ad9233FrameCapture:U2_frame_capture|Ad9233MultistageDecimator:anti_alias_fir|FirDecimatingStage:stage1|operand_sample[2][1]       ; Stuck at GND due to stuck port data_in ;
; Ad9233FrameCapture:U2_frame_capture|Ad9233MultistageDecimator:anti_alias_fir|FirDecimatingStage:stage1|operand_sample[3][3]       ; Stuck at GND due to stuck port data_in ;
; Ad9233FrameCapture:U2_frame_capture|Ad9233MultistageDecimator:anti_alias_fir|FirDecimatingStage:stage1|operand_sample[3][2]       ; Stuck at GND due to stuck port data_in ;
; Ad9233FrameCapture:U2_frame_capture|Ad9233MultistageDecimator:anti_alias_fir|FirDecimatingStage:stage1|operand_sample[3][1]       ; Stuck at GND due to stuck port data_in ;
; Ad9233FrameCapture:U2_frame_capture|Ad9233MultistageDecimator:anti_alias_fir|FirDecimatingStage:stage1|product_pipe[0][0]         ; Stuck at GND due to stuck port data_in ;
; Ad9233FrameCapture:U2_frame_capture|Ad9233MultistageDecimator:anti_alias_fir|FirDecimatingStage:stage1|product_pipe[1][0]         ; Stuck at GND due to stuck port data_in ;
; Ad9233FrameCapture:U2_frame_capture|Ad9233MultistageDecimator:anti_alias_fir|FirDecimatingStage:stage1|product_pipe[2][0]         ; Stuck at GND due to stuck port data_in ;
; Ad9233FrameCapture:U2_frame_capture|Ad9233MultistageDecimator:anti_alias_fir|FirDecimatingStage:stage1|product_pipe[3][0]         ; Stuck at GND due to stuck port data_in ;
; Ad9233FrameCapture:U2_frame_capture|Ad9233MultistageDecimator:anti_alias_fir|FirDecimatingStage:stage1|product_pipe[0][1]         ; Stuck at GND due to stuck port data_in ;
; Ad9233FrameCapture:U2_frame_capture|Ad9233MultistageDecimator:anti_alias_fir|FirDecimatingStage:stage1|product_pipe[1][1]         ; Stuck at GND due to stuck port data_in ;
; Ad9233FrameCapture:U2_frame_capture|Ad9233MultistageDecimator:anti_alias_fir|FirDecimatingStage:stage1|product_pipe[2][1]         ; Stuck at GND due to stuck port data_in ;
; Ad9233FrameCapture:U2_frame_capture|Ad9233MultistageDecimator:anti_alias_fir|FirDecimatingStage:stage1|product_pipe[3][1]         ; Stuck at GND due to stuck port data_in ;
; Ad9233FrameCapture:U2_frame_capture|Ad9233MultistageDecimator:anti_alias_fir|FirDecimatingStage:stage1|product_pipe[0][2]         ; Stuck at GND due to stuck port data_in ;
; Ad9233FrameCapture:U2_frame_capture|Ad9233MultistageDecimator:anti_alias_fir|FirDecimatingStage:stage1|product_pipe[1][2]         ; Stuck at GND due to stuck port data_in ;
; Ad9233FrameCapture:U2_frame_capture|Ad9233MultistageDecimator:anti_alias_fir|FirDecimatingStage:stage1|product_pipe[2][2]         ; Stuck at GND due to stuck port data_in ;
; Ad9233FrameCapture:U2_frame_capture|Ad9233MultistageDecimator:anti_alias_fir|FirDecimatingStage:stage1|product_pipe[3][2]         ; Stuck at GND due to stuck port data_in ;
; Ad9233FrameCapture:U2_frame_capture|Ad9233MultistageDecimator:anti_alias_fir|FirDecimatingStage:stage1|product_pipe[0][3]         ; Stuck at GND due to stuck port data_in ;
; Ad9233FrameCapture:U2_frame_capture|Ad9233MultistageDecimator:anti_alias_fir|FirDecimatingStage:stage1|product_pipe[1][3]         ; Stuck at GND due to stuck port data_in ;
; Ad9233FrameCapture:U2_frame_capture|Ad9233MultistageDecimator:anti_alias_fir|FirDecimatingStage:stage1|product_pipe[2][3]         ; Stuck at GND due to stuck port data_in ;
; Ad9233FrameCapture:U2_frame_capture|Ad9233MultistageDecimator:anti_alias_fir|FirDecimatingStage:stage1|product_pipe[3][3]         ; Stuck at GND due to stuck port data_in ;
; Ad9233FrameCapture:U2_frame_capture|Ad9233MultistageDecimator:anti_alias_fir|FirDecimatingStage:stage1|accumulator[0..3]          ; Stuck at GND due to stuck port data_in ;
; Ad9233FrameCapture:U2_frame_capture|Ad9233MultistageDecimator:anti_alias_fir|FirDecimatingStage:stage1|result_pipe[0..3]          ; Stuck at GND due to stuck port data_in ;
; AnalyzerSpiSlave:U3_analyzer_spi|request_word_index~4                                                                             ; Lost fanout                            ;
; AnalyzerSpiSlave:U3_analyzer_spi|request_word_index~5                                                                             ; Lost fanout                            ;
; Ad9233SpiInit:U1_ad9233_spi_init|state~10                                                                                         ; Lost fanout                            ;
; Ad9233SpiInit:U1_ad9233_spi_init|state~11                                                                                         ; Lost fanout                            ;
; Ad9233SpiInit:U1_ad9233_spi_init|state~12                                                                                         ; Lost fanout                            ;
; Total Number of Removed Registers = 569                                                                                           ;                                        ;
+-----------------------------------------------------------------------------------------------------------------------------------+----------------------------------------+


+-----------------------------------------------------------------------------------------------------------------------------------------------------------------------------------------------------------------------------------------------------------------------------------------+
; Removed Registers Triggering Further Register Optimizations                                                                                                                                                                                                                             ;
+------------------------------------------------------------------------------------------------------------------------------+---------------------------+------------------------------------------------------------------------------------------------------------------------------+
; Register name                                                                                                                ; Reason for Removal        ; Registers Removed due to This Register                                                                                       ;
+------------------------------------------------------------------------------------------------------------------------------+---------------------------+------------------------------------------------------------------------------------------------------------------------------+
; Ad9233FrameCapture:U2_frame_capture|Ad9233MultistageDecimator:anti_alias_fir|FirDecimatingStage:stage1|history[0][0]         ; Stuck at GND              ; Ad9233FrameCapture:U2_frame_capture|Ad9233MultistageDecimator:anti_alias_fir|FirDecimatingStage:stage1|history[1][0],        ;
;                                                                                                                              ; due to stuck port data_in ; Ad9233FrameCapture:U2_frame_capture|Ad9233MultistageDecimator:anti_alias_fir|FirDecimatingStage:stage1|history[2][0],        ;
;                                                                                                                              ;                           ; Ad9233FrameCapture:U2_frame_capture|Ad9233MultistageDecimator:anti_alias_fir|FirDecimatingStage:stage1|history[3][0],        ;
;                                                                                                                              ;                           ; Ad9233FrameCapture:U2_frame_capture|Ad9233MultistageDecimator:anti_alias_fir|FirDecimatingStage:stage1|history[4][0],        ;
;                                                                                                                              ;                           ; Ad9233FrameCapture:U2_frame_capture|Ad9233MultistageDecimator:anti_alias_fir|FirDecimatingStage:stage1|history[5][0],        ;
;                                                                                                                              ;                           ; Ad9233FrameCapture:U2_frame_capture|Ad9233MultistageDecimator:anti_alias_fir|FirDecimatingStage:stage1|history[6][0],        ;
;                                                                                                                              ;                           ; Ad9233FrameCapture:U2_frame_capture|Ad9233MultistageDecimator:anti_alias_fir|FirDecimatingStage:stage1|history[7][0],        ;
;                                                                                                                              ;                           ; Ad9233FrameCapture:U2_frame_capture|Ad9233MultistageDecimator:anti_alias_fir|FirDecimatingStage:stage1|history[8][0],        ;
;                                                                                                                              ;                           ; Ad9233FrameCapture:U2_frame_capture|Ad9233MultistageDecimator:anti_alias_fir|FirDecimatingStage:stage1|history[9][0],        ;
;                                                                                                                              ;                           ; Ad9233FrameCapture:U2_frame_capture|Ad9233MultistageDecimator:anti_alias_fir|FirDecimatingStage:stage1|history[10][0],       ;
;                                                                                                                              ;                           ; Ad9233FrameCapture:U2_frame_capture|Ad9233MultistageDecimator:anti_alias_fir|FirDecimatingStage:stage1|history[11][0],       ;
;                                                                                                                              ;                           ; Ad9233FrameCapture:U2_frame_capture|Ad9233MultistageDecimator:anti_alias_fir|FirDecimatingStage:stage1|history[12][0],       ;
;                                                                                                                              ;                           ; Ad9233FrameCapture:U2_frame_capture|Ad9233MultistageDecimator:anti_alias_fir|FirDecimatingStage:stage1|history[13][0],       ;
;                                                                                                                              ;                           ; Ad9233FrameCapture:U2_frame_capture|Ad9233MultistageDecimator:anti_alias_fir|FirDecimatingStage:stage1|snapshot[1][0],       ;
;                                                                                                                              ;                           ; Ad9233FrameCapture:U2_frame_capture|Ad9233MultistageDecimator:anti_alias_fir|FirDecimatingStage:stage1|snapshot[2][0],       ;
;                                                                                                                              ;                           ; Ad9233FrameCapture:U2_frame_capture|Ad9233MultistageDecimator:anti_alias_fir|FirDecimatingStage:stage1|snapshot[3][0],       ;
;                                                                                                                              ;                           ; Ad9233FrameCapture:U2_frame_capture|Ad9233MultistageDecimator:anti_alias_fir|FirDecimatingStage:stage1|snapshot[4][0],       ;
;                                                                                                                              ;                           ; Ad9233FrameCapture:U2_frame_capture|Ad9233MultistageDecimator:anti_alias_fir|FirDecimatingStage:stage1|snapshot[5][0],       ;
;                                                                                                                              ;                           ; Ad9233FrameCapture:U2_frame_capture|Ad9233MultistageDecimator:anti_alias_fir|FirDecimatingStage:stage1|snapshot[6][0],       ;
;                                                                                                                              ;                           ; Ad9233FrameCapture:U2_frame_capture|Ad9233MultistageDecimator:anti_alias_fir|FirDecimatingStage:stage1|snapshot[7][0],       ;
;                                                                                                                              ;                           ; Ad9233FrameCapture:U2_frame_capture|Ad9233MultistageDecimator:anti_alias_fir|FirDecimatingStage:stage1|snapshot[8][0],       ;
;                                                                                                                              ;                           ; Ad9233FrameCapture:U2_frame_capture|Ad9233MultistageDecimator:anti_alias_fir|FirDecimatingStage:stage1|snapshot[9][0],       ;
;                                                                                                                              ;                           ; Ad9233FrameCapture:U2_frame_capture|Ad9233MultistageDecimator:anti_alias_fir|FirDecimatingStage:stage1|snapshot[10][0],      ;
;                                                                                                                              ;                           ; Ad9233FrameCapture:U2_frame_capture|Ad9233MultistageDecimator:anti_alias_fir|FirDecimatingStage:stage1|snapshot[11][0],      ;
;                                                                                                                              ;                           ; Ad9233FrameCapture:U2_frame_capture|Ad9233MultistageDecimator:anti_alias_fir|FirDecimatingStage:stage1|snapshot[12][0],      ;
;                                                                                                                              ;                           ; Ad9233FrameCapture:U2_frame_capture|Ad9233MultistageDecimator:anti_alias_fir|FirDecimatingStage:stage1|snapshot[13][0],      ;
;                                                                                                                              ;                           ; Ad9233FrameCapture:U2_frame_capture|Ad9233MultistageDecimator:anti_alias_fir|FirDecimatingStage:stage1|snapshot[14][0],      ;
;                                                                                                                              ;                           ; Ad9233FrameCapture:U2_frame_capture|Ad9233MultistageDecimator:anti_alias_fir|FirDecimatingStage:stage1|operand_sample[3][0], ;
;                                                                                                                              ;                           ; Ad9233FrameCapture:U2_frame_capture|Ad9233MultistageDecimator:anti_alias_fir|FirDecimatingStage:stage1|product_pipe[3][0],   ;
;                                                                                                                              ;                           ; Ad9233FrameCapture:U2_frame_capture|Ad9233MultistageDecimator:anti_alias_fir|FirDecimatingStage:stage1|product_pipe[3][1],   ;
;                                                                                                                              ;                           ; Ad9233FrameCapture:U2_frame_capture|Ad9233MultistageDecimator:anti_alias_fir|FirDecimatingStage:stage1|product_pipe[3][2],   ;
;                                                                                                                              ;                           ; Ad9233FrameCapture:U2_frame_capture|Ad9233MultistageDecimator:anti_alias_fir|FirDecimatingStage:stage1|product_pipe[3][3]    ;
; Ad9233FrameCapture:U2_frame_capture|Ad9233MultistageDecimator:anti_alias_fir|FirDecimatingStage:stage1|history[0][3]         ; Stuck at GND              ; Ad9233FrameCapture:U2_frame_capture|Ad9233MultistageDecimator:anti_alias_fir|FirDecimatingStage:stage1|history[1][3],        ;
;                                                                                                                              ; due to stuck port data_in ; Ad9233FrameCapture:U2_frame_capture|Ad9233MultistageDecimator:anti_alias_fir|FirDecimatingStage:stage1|history[2][3],        ;
;                                                                                                                              ;                           ; Ad9233FrameCapture:U2_frame_capture|Ad9233MultistageDecimator:anti_alias_fir|FirDecimatingStage:stage1|history[3][3],        ;
;                                                                                                                              ;                           ; Ad9233FrameCapture:U2_frame_capture|Ad9233MultistageDecimator:anti_alias_fir|FirDecimatingStage:stage1|history[4][3],        ;
;                                                                                                                              ;                           ; Ad9233FrameCapture:U2_frame_capture|Ad9233MultistageDecimator:anti_alias_fir|FirDecimatingStage:stage1|history[5][3],        ;
;                                                                                                                              ;                           ; Ad9233FrameCapture:U2_frame_capture|Ad9233MultistageDecimator:anti_alias_fir|FirDecimatingStage:stage1|history[6][3],        ;
;                                                                                                                              ;                           ; Ad9233FrameCapture:U2_frame_capture|Ad9233MultistageDecimator:anti_alias_fir|FirDecimatingStage:stage1|history[7][3],        ;
;                                                                                                                              ;                           ; Ad9233FrameCapture:U2_frame_capture|Ad9233MultistageDecimator:anti_alias_fir|FirDecimatingStage:stage1|history[8][3],        ;
;                                                                                                                              ;                           ; Ad9233FrameCapture:U2_frame_capture|Ad9233MultistageDecimator:anti_alias_fir|FirDecimatingStage:stage1|history[9][3],        ;
;                                                                                                                              ;                           ; Ad9233FrameCapture:U2_frame_capture|Ad9233MultistageDecimator:anti_alias_fir|FirDecimatingStage:stage1|history[10][3],       ;
;                                                                                                                              ;                           ; Ad9233FrameCapture:U2_frame_capture|Ad9233MultistageDecimator:anti_alias_fir|FirDecimatingStage:stage1|history[11][3],       ;
;                                                                                                                              ;                           ; Ad9233FrameCapture:U2_frame_capture|Ad9233MultistageDecimator:anti_alias_fir|FirDecimatingStage:stage1|history[12][3],       ;
;                                                                                                                              ;                           ; Ad9233FrameCapture:U2_frame_capture|Ad9233MultistageDecimator:anti_alias_fir|FirDecimatingStage:stage1|history[13][3],       ;
;                                                                                                                              ;                           ; Ad9233FrameCapture:U2_frame_capture|Ad9233MultistageDecimator:anti_alias_fir|FirDecimatingStage:stage1|snapshot[1][3],       ;
;                                                                                                                              ;                           ; Ad9233FrameCapture:U2_frame_capture|Ad9233MultistageDecimator:anti_alias_fir|FirDecimatingStage:stage1|snapshot[2][3],       ;
;                                                                                                                              ;                           ; Ad9233FrameCapture:U2_frame_capture|Ad9233MultistageDecimator:anti_alias_fir|FirDecimatingStage:stage1|snapshot[3][3],       ;
;                                                                                                                              ;                           ; Ad9233FrameCapture:U2_frame_capture|Ad9233MultistageDecimator:anti_alias_fir|FirDecimatingStage:stage1|snapshot[4][3],       ;
;                                                                                                                              ;                           ; Ad9233FrameCapture:U2_frame_capture|Ad9233MultistageDecimator:anti_alias_fir|FirDecimatingStage:stage1|snapshot[5][3],       ;
;                                                                                                                              ;                           ; Ad9233FrameCapture:U2_frame_capture|Ad9233MultistageDecimator:anti_alias_fir|FirDecimatingStage:stage1|snapshot[6][3],       ;
;                                                                                                                              ;                           ; Ad9233FrameCapture:U2_frame_capture|Ad9233MultistageDecimator:anti_alias_fir|FirDecimatingStage:stage1|snapshot[7][3],       ;
;                                                                                                                              ;                           ; Ad9233FrameCapture:U2_frame_capture|Ad9233MultistageDecimator:anti_alias_fir|FirDecimatingStage:stage1|snapshot[8][3],       ;
;                                                                                                                              ;                           ; Ad9233FrameCapture:U2_frame_capture|Ad9233MultistageDecimator:anti_alias_fir|FirDecimatingStage:stage1|snapshot[9][3],       ;
;                                                                                                                              ;                           ; Ad9233FrameCapture:U2_frame_capture|Ad9233MultistageDecimator:anti_alias_fir|FirDecimatingStage:stage1|snapshot[10][3],      ;
;                                                                                                                              ;                           ; Ad9233FrameCapture:U2_frame_capture|Ad9233MultistageDecimator:anti_alias_fir|FirDecimatingStage:stage1|snapshot[11][3],      ;
;                                                                                                                              ;                           ; Ad9233FrameCapture:U2_frame_capture|Ad9233MultistageDecimator:anti_alias_fir|FirDecimatingStage:stage1|snapshot[12][3],      ;
;                                                                                                                              ;                           ; Ad9233FrameCapture:U2_frame_capture|Ad9233MultistageDecimator:anti_alias_fir|FirDecimatingStage:stage1|snapshot[13][3],      ;
;                                                                                                                              ;                           ; Ad9233FrameCapture:U2_frame_capture|Ad9233MultistageDecimator:anti_alias_fir|FirDecimatingStage:stage1|snapshot[14][3],      ;
;                                                                                                                              ;                           ; Ad9233FrameCapture:U2_frame_capture|Ad9233MultistageDecimator:anti_alias_fir|FirDecimatingStage:stage1|operand_sample[3][3]  ;
; Ad9233FrameCapture:U2_frame_capture|Ad9233MultistageDecimator:anti_alias_fir|FirDecimatingStage:stage1|history[0][2]         ; Stuck at GND              ; Ad9233FrameCapture:U2_frame_capture|Ad9233MultistageDecimator:anti_alias_fir|FirDecimatingStage:stage1|history[1][2],        ;
;                                                                                                                              ; due to stuck port data_in ; Ad9233FrameCapture:U2_frame_capture|Ad9233MultistageDecimator:anti_alias_fir|FirDecimatingStage:stage1|history[2][2],        ;
;                                                                                                                              ;                           ; Ad9233FrameCapture:U2_frame_capture|Ad9233MultistageDecimator:anti_alias_fir|FirDecimatingStage:stage1|history[3][2],        ;
;                                                                                                                              ;                           ; Ad9233FrameCapture:U2_frame_capture|Ad9233MultistageDecimator:anti_alias_fir|FirDecimatingStage:stage1|history[4][2],        ;
;                                                                                                                              ;                           ; Ad9233FrameCapture:U2_frame_capture|Ad9233MultistageDecimator:anti_alias_fir|FirDecimatingStage:stage1|history[5][2],        ;
;                                                                                                                              ;                           ; Ad9233FrameCapture:U2_frame_capture|Ad9233MultistageDecimator:anti_alias_fir|FirDecimatingStage:stage1|history[6][2],        ;
;                                                                                                                              ;                           ; Ad9233FrameCapture:U2_frame_capture|Ad9233MultistageDecimator:anti_alias_fir|FirDecimatingStage:stage1|history[7][2],        ;
;                                                                                                                              ;                           ; Ad9233FrameCapture:U2_frame_capture|Ad9233MultistageDecimator:anti_alias_fir|FirDecimatingStage:stage1|history[8][2],        ;
;                                                                                                                              ;                           ; Ad9233FrameCapture:U2_frame_capture|Ad9233MultistageDecimator:anti_alias_fir|FirDecimatingStage:stage1|history[9][2],        ;
;                                                                                                                              ;                           ; Ad9233FrameCapture:U2_frame_capture|Ad9233MultistageDecimator:anti_alias_fir|FirDecimatingStage:stage1|history[10][2],       ;
;                                                                                                                              ;                           ; Ad9233FrameCapture:U2_frame_capture|Ad9233MultistageDecimator:anti_alias_fir|FirDecimatingStage:stage1|history[11][2],       ;
;                                                                                                                              ;                           ; Ad9233FrameCapture:U2_frame_capture|Ad9233MultistageDecimator:anti_alias_fir|FirDecimatingStage:stage1|history[12][2],       ;
;                                                                                                                              ;                           ; Ad9233FrameCapture:U2_frame_capture|Ad9233MultistageDecimator:anti_alias_fir|FirDecimatingStage:stage1|history[13][2],       ;
;                                                                                                                              ;                           ; Ad9233FrameCapture:U2_frame_capture|Ad9233MultistageDecimator:anti_alias_fir|FirDecimatingStage:stage1|snapshot[1][2],       ;
;                                                                                                                              ;                           ; Ad9233FrameCapture:U2_frame_capture|Ad9233MultistageDecimator:anti_alias_fir|FirDecimatingStage:stage1|snapshot[2][2],       ;
;                                                                                                                              ;                           ; Ad9233FrameCapture:U2_frame_capture|Ad9233MultistageDecimator:anti_alias_fir|FirDecimatingStage:stage1|snapshot[3][2],       ;
;                                                                                                                              ;                           ; Ad9233FrameCapture:U2_frame_capture|Ad9233MultistageDecimator:anti_alias_fir|FirDecimatingStage:stage1|snapshot[4][2],       ;
;                                                                                                                              ;                           ; Ad9233FrameCapture:U2_frame_capture|Ad9233MultistageDecimator:anti_alias_fir|FirDecimatingStage:stage1|snapshot[5][2],       ;
;                                                                                                                              ;                           ; Ad9233FrameCapture:U2_frame_capture|Ad9233MultistageDecimator:anti_alias_fir|FirDecimatingStage:stage1|snapshot[6][2],       ;
;                                                                                                                              ;                           ; Ad9233FrameCapture:U2_frame_capture|Ad9233MultistageDecimator:anti_alias_fir|FirDecimatingStage:stage1|snapshot[7][2],       ;
;                                                                                                                              ;                           ; Ad9233FrameCapture:U2_frame_capture|Ad9233MultistageDecimator:anti_alias_fir|FirDecimatingStage:stage1|snapshot[8][2],       ;
;                                                                                                                              ;                           ; Ad9233FrameCapture:U2_frame_capture|Ad9233MultistageDecimator:anti_alias_fir|FirDecimatingStage:stage1|snapshot[9][2],       ;
;                                                                                                                              ;                           ; Ad9233FrameCapture:U2_frame_capture|Ad9233MultistageDecimator:anti_alias_fir|FirDecimatingStage:stage1|snapshot[10][2],      ;
;                                                                                                                              ;                           ; Ad9233FrameCapture:U2_frame_capture|Ad9233MultistageDecimator:anti_alias_fir|FirDecimatingStage:stage1|snapshot[11][2],      ;
;                                                                                                                              ;                           ; Ad9233FrameCapture:U2_frame_capture|Ad9233MultistageDecimator:anti_alias_fir|FirDecimatingStage:stage1|snapshot[12][2],      ;
;                                                                                                                              ;                           ; Ad9233FrameCapture:U2_frame_capture|Ad9233MultistageDecimator:anti_alias_fir|FirDecimatingStage:stage1|snapshot[13][2],      ;
;                                                                                                                              ;                           ; Ad9233FrameCapture:U2_frame_capture|Ad9233MultistageDecimator:anti_alias_fir|FirDecimatingStage:stage1|snapshot[14][2],      ;
;                                                                                                                              ;                           ; Ad9233FrameCapture:U2_frame_capture|Ad9233MultistageDecimator:anti_alias_fir|FirDecimatingStage:stage1|operand_sample[3][2]  ;
; Ad9233FrameCapture:U2_frame_capture|Ad9233MultistageDecimator:anti_alias_fir|FirDecimatingStage:stage1|history[0][1]         ; Stuck at GND              ; Ad9233FrameCapture:U2_frame_capture|Ad9233MultistageDecimator:anti_alias_fir|FirDecimatingStage:stage1|history[1][1],        ;
;                                                                                                                              ; due to stuck port data_in ; Ad9233FrameCapture:U2_frame_capture|Ad9233MultistageDecimator:anti_alias_fir|FirDecimatingStage:stage1|history[2][1],        ;
;                                                                                                                              ;                           ; Ad9233FrameCapture:U2_frame_capture|Ad9233MultistageDecimator:anti_alias_fir|FirDecimatingStage:stage1|history[3][1],        ;
;                                                                                                                              ;                           ; Ad9233FrameCapture:U2_frame_capture|Ad9233MultistageDecimator:anti_alias_fir|FirDecimatingStage:stage1|history[4][1],        ;
;                                                                                                                              ;                           ; Ad9233FrameCapture:U2_frame_capture|Ad9233MultistageDecimator:anti_alias_fir|FirDecimatingStage:stage1|history[5][1],        ;
;                                                                                                                              ;                           ; Ad9233FrameCapture:U2_frame_capture|Ad9233MultistageDecimator:anti_alias_fir|FirDecimatingStage:stage1|history[6][1],        ;
;                                                                                                                              ;                           ; Ad9233FrameCapture:U2_frame_capture|Ad9233MultistageDecimator:anti_alias_fir|FirDecimatingStage:stage1|history[7][1],        ;
;                                                                                                                              ;                           ; Ad9233FrameCapture:U2_frame_capture|Ad9233MultistageDecimator:anti_alias_fir|FirDecimatingStage:stage1|history[8][1],        ;
;                                                                                                                              ;                           ; Ad9233FrameCapture:U2_frame_capture|Ad9233MultistageDecimator:anti_alias_fir|FirDecimatingStage:stage1|history[9][1],        ;
;                                                                                                                              ;                           ; Ad9233FrameCapture:U2_frame_capture|Ad9233MultistageDecimator:anti_alias_fir|FirDecimatingStage:stage1|history[10][1],       ;
;                                                                                                                              ;                           ; Ad9233FrameCapture:U2_frame_capture|Ad9233MultistageDecimator:anti_alias_fir|FirDecimatingStage:stage1|history[11][1],       ;
;                                                                                                                              ;                           ; Ad9233FrameCapture:U2_frame_capture|Ad9233MultistageDecimator:anti_alias_fir|FirDecimatingStage:stage1|history[12][1],       ;
;                                                                                                                              ;                           ; Ad9233FrameCapture:U2_frame_capture|Ad9233MultistageDecimator:anti_alias_fir|FirDecimatingStage:stage1|history[13][1],       ;
;                                                                                                                              ;                           ; Ad9233FrameCapture:U2_frame_capture|Ad9233MultistageDecimator:anti_alias_fir|FirDecimatingStage:stage1|snapshot[1][1],       ;
;                                                                                                                              ;                           ; Ad9233FrameCapture:U2_frame_capture|Ad9233MultistageDecimator:anti_alias_fir|FirDecimatingStage:stage1|snapshot[2][1],       ;
;                                                                                                                              ;                           ; Ad9233FrameCapture:U2_frame_capture|Ad9233MultistageDecimator:anti_alias_fir|FirDecimatingStage:stage1|snapshot[3][1],       ;
;                                                                                                                              ;                           ; Ad9233FrameCapture:U2_frame_capture|Ad9233MultistageDecimator:anti_alias_fir|FirDecimatingStage:stage1|snapshot[4][1],       ;
;                                                                                                                              ;                           ; Ad9233FrameCapture:U2_frame_capture|Ad9233MultistageDecimator:anti_alias_fir|FirDecimatingStage:stage1|snapshot[5][1],       ;
;                                                                                                                              ;                           ; Ad9233FrameCapture:U2_frame_capture|Ad9233MultistageDecimator:anti_alias_fir|FirDecimatingStage:stage1|snapshot[6][1],       ;
;                                                                                                                              ;                           ; Ad9233FrameCapture:U2_frame_capture|Ad9233MultistageDecimator:anti_alias_fir|FirDecimatingStage:stage1|snapshot[7][1],       ;
;                                                                                                                              ;                           ; Ad9233FrameCapture:U2_frame_capture|Ad9233MultistageDecimator:anti_alias_fir|FirDecimatingStage:stage1|snapshot[8][1],       ;
;                                                                                                                              ;                           ; Ad9233FrameCapture:U2_frame_capture|Ad9233MultistageDecimator:anti_alias_fir|FirDecimatingStage:stage1|snapshot[9][1],       ;
;                                                                                                                              ;                           ; Ad9233FrameCapture:U2_frame_capture|Ad9233MultistageDecimator:anti_alias_fir|FirDecimatingStage:stage1|snapshot[10][1],      ;
;                                                                                                                              ;                           ; Ad9233FrameCapture:U2_frame_capture|Ad9233MultistageDecimator:anti_alias_fir|FirDecimatingStage:stage1|snapshot[11][1],      ;
;                                                                                                                              ;                           ; Ad9233FrameCapture:U2_frame_capture|Ad9233MultistageDecimator:anti_alias_fir|FirDecimatingStage:stage1|snapshot[12][1],      ;
;                                                                                                                              ;                           ; Ad9233FrameCapture:U2_frame_capture|Ad9233MultistageDecimator:anti_alias_fir|FirDecimatingStage:stage1|snapshot[13][1],      ;
;                                                                                                                              ;                           ; Ad9233FrameCapture:U2_frame_capture|Ad9233MultistageDecimator:anti_alias_fir|FirDecimatingStage:stage1|snapshot[14][1],      ;
;                                                                                                                              ;                           ; Ad9233FrameCapture:U2_frame_capture|Ad9233MultistageDecimator:anti_alias_fir|FirDecimatingStage:stage1|operand_sample[3][1]  ;
; Ad9233FrameCapture:U2_frame_capture|Ad9233MultistageDecimator:anti_alias_fir|FirDecimatingStage:stage1|operand_sample[0][0]  ; Stuck at GND              ; Ad9233FrameCapture:U2_frame_capture|Ad9233MultistageDecimator:anti_alias_fir|FirDecimatingStage:stage1|product_pipe[0][0],   ;
;                                                                                                                              ; due to stuck port data_in ; Ad9233FrameCapture:U2_frame_capture|Ad9233MultistageDecimator:anti_alias_fir|FirDecimatingStage:stage1|product_pipe[0][1],   ;
;                                                                                                                              ;                           ; Ad9233FrameCapture:U2_frame_capture|Ad9233MultistageDecimator:anti_alias_fir|FirDecimatingStage:stage1|product_pipe[0][2],   ;
;                                                                                                                              ;                           ; Ad9233FrameCapture:U2_frame_capture|Ad9233MultistageDecimator:anti_alias_fir|FirDecimatingStage:stage1|product_pipe[0][3],   ;
;                                                                                                                              ;                           ; Ad9233FrameCapture:U2_frame_capture|Ad9233MultistageDecimator:anti_alias_fir|FirDecimatingStage:stage1|accumulator[3],       ;
;                                                                                                                              ;                           ; Ad9233FrameCapture:U2_frame_capture|Ad9233MultistageDecimator:anti_alias_fir|FirDecimatingStage:stage1|accumulator[2],       ;
;                                                                                                                              ;                           ; Ad9233FrameCapture:U2_frame_capture|Ad9233MultistageDecimator:anti_alias_fir|FirDecimatingStage:stage1|accumulator[1],       ;
;                                                                                                                              ;                           ; Ad9233FrameCapture:U2_frame_capture|Ad9233MultistageDecimator:anti_alias_fir|FirDecimatingStage:stage1|accumulator[0],       ;
;                                                                                                                              ;                           ; Ad9233FrameCapture:U2_frame_capture|Ad9233MultistageDecimator:anti_alias_fir|FirDecimatingStage:stage1|result_pipe[3],       ;
;                                                                                                                              ;                           ; Ad9233FrameCapture:U2_frame_capture|Ad9233MultistageDecimator:anti_alias_fir|FirDecimatingStage:stage1|result_pipe[2],       ;
;                                                                                                                              ;                           ; Ad9233FrameCapture:U2_frame_capture|Ad9233MultistageDecimator:anti_alias_fir|FirDecimatingStage:stage1|result_pipe[1],       ;
;                                                                                                                              ;                           ; Ad9233FrameCapture:U2_frame_capture|Ad9233MultistageDecimator:anti_alias_fir|FirDecimatingStage:stage1|result_pipe[0]        ;
; Ad9233FrameCapture:U2_frame_capture|Ad9233MultistageDecimator:anti_alias_fir|FirDecimatingStage:stage3|operand_sample[1][17] ; Stuck at GND              ; Ad9233FrameCapture:U2_frame_capture|Ad9233MultistageDecimator:anti_alias_fir|FirDecimatingStage:stage3|product_pipe[1][35],  ;
;                                                                                                                              ; due to stuck port data_in ; Ad9233FrameCapture:U2_frame_capture|Ad9233MultistageDecimator:anti_alias_fir|FirDecimatingStage:stage3|product_pipe[1][34],  ;
;                                                                                                                              ;                           ; Ad9233FrameCapture:U2_frame_capture|Ad9233MultistageDecimator:anti_alias_fir|FirDecimatingStage:stage3|product_pipe[1][33],  ;
;                                                                                                                              ;                           ; Ad9233FrameCapture:U2_frame_capture|Ad9233MultistageDecimator:anti_alias_fir|FirDecimatingStage:stage3|product_pipe[1][32],  ;
;                                                                                                                              ;                           ; Ad9233FrameCapture:U2_frame_capture|Ad9233MultistageDecimator:anti_alias_fir|FirDecimatingStage:stage3|product_pipe[1][31],  ;
;                                                                                                                              ;                           ; Ad9233FrameCapture:U2_frame_capture|Ad9233MultistageDecimator:anti_alias_fir|FirDecimatingStage:stage3|product_pipe[1][30],  ;
;                                                                                                                              ;                           ; Ad9233FrameCapture:U2_frame_capture|Ad9233MultistageDecimator:anti_alias_fir|FirDecimatingStage:stage3|product_pipe[1][29],  ;
;                                                                                                                              ;                           ; Ad9233FrameCapture:U2_frame_capture|Ad9233MultistageDecimator:anti_alias_fir|FirDecimatingStage:stage3|product_pipe[1][28],  ;
;                                                                                                                              ;                           ; Ad9233FrameCapture:U2_frame_capture|Ad9233MultistageDecimator:anti_alias_fir|FirDecimatingStage:stage3|product_pipe[1][27]   ;
; Ad9233FrameCapture:U2_frame_capture|Ad9233MultistageDecimator:anti_alias_fir|FirDecimatingStage:stage3|operand_sample[2][17] ; Stuck at GND              ; Ad9233FrameCapture:U2_frame_capture|Ad9233MultistageDecimator:anti_alias_fir|FirDecimatingStage:stage3|product_pipe[2][35],  ;
;                                                                                                                              ; due to stuck port data_in ; Ad9233FrameCapture:U2_frame_capture|Ad9233MultistageDecimator:anti_alias_fir|FirDecimatingStage:stage3|product_pipe[2][34],  ;
;                                                                                                                              ;                           ; Ad9233FrameCapture:U2_frame_capture|Ad9233MultistageDecimator:anti_alias_fir|FirDecimatingStage:stage3|product_pipe[2][33],  ;
;                                                                                                                              ;                           ; Ad9233FrameCapture:U2_frame_capture|Ad9233MultistageDecimator:anti_alias_fir|FirDecimatingStage:stage3|product_pipe[2][32],  ;
;                                                                                                                              ;                           ; Ad9233FrameCapture:U2_frame_capture|Ad9233MultistageDecimator:anti_alias_fir|FirDecimatingStage:stage3|product_pipe[2][31],  ;
;                                                                                                                              ;                           ; Ad9233FrameCapture:U2_frame_capture|Ad9233MultistageDecimator:anti_alias_fir|FirDecimatingStage:stage3|product_pipe[2][30],  ;
;                                                                                                                              ;                           ; Ad9233FrameCapture:U2_frame_capture|Ad9233MultistageDecimator:anti_alias_fir|FirDecimatingStage:stage3|product_pipe[2][29],  ;
;                                                                                                                              ;                           ; Ad9233FrameCapture:U2_frame_capture|Ad9233MultistageDecimator:anti_alias_fir|FirDecimatingStage:stage3|product_pipe[2][28],  ;
;                                                                                                                              ;                           ; Ad9233FrameCapture:U2_frame_capture|Ad9233MultistageDecimator:anti_alias_fir|FirDecimatingStage:stage3|product_pipe[2][27]   ;
; Ad9233FrameCapture:U2_frame_capture|Ad9233MultistageDecimator:anti_alias_fir|FirDecimatingStage:stage3|operand_sample[3][17] ; Stuck at GND              ; Ad9233FrameCapture:U2_frame_capture|Ad9233MultistageDecimator:anti_alias_fir|FirDecimatingStage:stage3|product_pipe[3][35],  ;
;                                                                                                                              ; due to stuck port data_in ; Ad9233FrameCapture:U2_frame_capture|Ad9233MultistageDecimator:anti_alias_fir|FirDecimatingStage:stage3|product_pipe[3][34],  ;
;                                                                                                                              ;                           ; Ad9233FrameCapture:U2_frame_capture|Ad9233MultistageDecimator:anti_alias_fir|FirDecimatingStage:stage3|product_pipe[3][33],  ;
;                                                                                                                              ;                           ; Ad9233FrameCapture:U2_frame_capture|Ad9233MultistageDecimator:anti_alias_fir|FirDecimatingStage:stage3|product_pipe[3][32],  ;
;                                                                                                                              ;                           ; Ad9233FrameCapture:U2_frame_capture|Ad9233MultistageDecimator:anti_alias_fir|FirDecimatingStage:stage3|product_pipe[3][31],  ;
;                                                                                                                              ;                           ; Ad9233FrameCapture:U2_frame_capture|Ad9233MultistageDecimator:anti_alias_fir|FirDecimatingStage:stage3|product_pipe[3][30],  ;
;                                                                                                                              ;                           ; Ad9233FrameCapture:U2_frame_capture|Ad9233MultistageDecimator:anti_alias_fir|FirDecimatingStage:stage3|product_pipe[3][29],  ;
;                                                                                                                              ;                           ; Ad9233FrameCapture:U2_frame_capture|Ad9233MultistageDecimator:anti_alias_fir|FirDecimatingStage:stage3|product_pipe[3][28],  ;
;                                                                                                                              ;                           ; Ad9233FrameCapture:U2_frame_capture|Ad9233MultistageDecimator:anti_alias_fir|FirDecimatingStage:stage3|product_pipe[3][27]   ;
; Ad9233FrameCapture:U2_frame_capture|Ad9233MultistageDecimator:anti_alias_fir|FirDecimatingStage:stage2|operand_sample[2][17] ; Stuck at GND              ; Ad9233FrameCapture:U2_frame_capture|Ad9233MultistageDecimator:anti_alias_fir|FirDecimatingStage:stage2|product_pipe[2][35],  ;
;                                                                                                                              ; due to stuck port data_in ; Ad9233FrameCapture:U2_frame_capture|Ad9233MultistageDecimator:anti_alias_fir|FirDecimatingStage:stage2|product_pipe[2][34],  ;
;                                                                                                                              ;                           ; Ad9233FrameCapture:U2_frame_capture|Ad9233MultistageDecimator:anti_alias_fir|FirDecimatingStage:stage2|product_pipe[2][33],  ;
;                                                                                                                              ;                           ; Ad9233FrameCapture:U2_frame_capture|Ad9233MultistageDecimator:anti_alias_fir|FirDecimatingStage:stage2|product_pipe[2][32],  ;
;                                                                                                                              ;                           ; Ad9233FrameCapture:U2_frame_capture|Ad9233MultistageDecimator:anti_alias_fir|FirDecimatingStage:stage2|product_pipe[2][31],  ;
;                                                                                                                              ;                           ; Ad9233FrameCapture:U2_frame_capture|Ad9233MultistageDecimator:anti_alias_fir|FirDecimatingStage:stage2|product_pipe[2][30],  ;
;                                                                                                                              ;                           ; Ad9233FrameCapture:U2_frame_capture|Ad9233MultistageDecimator:anti_alias_fir|FirDecimatingStage:stage2|product_pipe[2][29],  ;
;                                                                                                                              ;                           ; Ad9233FrameCapture:U2_frame_capture|Ad9233MultistageDecimator:anti_alias_fir|FirDecimatingStage:stage2|product_pipe[2][28],  ;
;                                                                                                                              ;                           ; Ad9233FrameCapture:U2_frame_capture|Ad9233MultistageDecimator:anti_alias_fir|FirDecimatingStage:stage2|product_pipe[2][27]   ;
; Ad9233FrameCapture:U2_frame_capture|Ad9233MultistageDecimator:anti_alias_fir|FirDecimatingStage:stage2|operand_sample[3][17] ; Stuck at GND              ; Ad9233FrameCapture:U2_frame_capture|Ad9233MultistageDecimator:anti_alias_fir|FirDecimatingStage:stage2|product_pipe[3][35],  ;
;                                                                                                                              ; due to stuck port data_in ; Ad9233FrameCapture:U2_frame_capture|Ad9233MultistageDecimator:anti_alias_fir|FirDecimatingStage:stage2|product_pipe[3][34],  ;
;                                                                                                                              ;                           ; Ad9233FrameCapture:U2_frame_capture|Ad9233MultistageDecimator:anti_alias_fir|FirDecimatingStage:stage2|product_pipe[3][33],  ;
;                                                                                                                              ;                           ; Ad9233FrameCapture:U2_frame_capture|Ad9233MultistageDecimator:anti_alias_fir|FirDecimatingStage:stage2|product_pipe[3][32],  ;
;                                                                                                                              ;                           ; Ad9233FrameCapture:U2_frame_capture|Ad9233MultistageDecimator:anti_alias_fir|FirDecimatingStage:stage2|product_pipe[3][31],  ;
;                                                                                                                              ;                           ; Ad9233FrameCapture:U2_frame_capture|Ad9233MultistageDecimator:anti_alias_fir|FirDecimatingStage:stage2|product_pipe[3][30],  ;
;                                                                                                                              ;                           ; Ad9233FrameCapture:U2_frame_capture|Ad9233MultistageDecimator:anti_alias_fir|FirDecimatingStage:stage2|product_pipe[3][29],  ;
;                                                                                                                              ;                           ; Ad9233FrameCapture:U2_frame_capture|Ad9233MultistageDecimator:anti_alias_fir|FirDecimatingStage:stage2|product_pipe[3][28],  ;
;                                                                                                                              ;                           ; Ad9233FrameCapture:U2_frame_capture|Ad9233MultistageDecimator:anti_alias_fir|FirDecimatingStage:stage2|product_pipe[3][27]   ;
; Ad9233FrameCapture:U2_frame_capture|Ad9233MultistageDecimator:anti_alias_fir|FirDecimatingStage:stage1|operand_sample[1][0]  ; Stuck at GND              ; Ad9233FrameCapture:U2_frame_capture|Ad9233MultistageDecimator:anti_alias_fir|FirDecimatingStage:stage1|product_pipe[1][0],   ;
;                                                                                                                              ; due to stuck port data_in ; Ad9233FrameCapture:U2_frame_capture|Ad9233MultistageDecimator:anti_alias_fir|FirDecimatingStage:stage1|product_pipe[1][1],   ;
;                                                                                                                              ;                           ; Ad9233FrameCapture:U2_frame_capture|Ad9233MultistageDecimator:anti_alias_fir|FirDecimatingStage:stage1|product_pipe[1][2],   ;
;                                                                                                                              ;                           ; Ad9233FrameCapture:U2_frame_capture|Ad9233MultistageDecimator:anti_alias_fir|FirDecimatingStage:stage1|product_pipe[1][3]    ;
; Ad9233FrameCapture:U2_frame_capture|Ad9233MultistageDecimator:anti_alias_fir|FirDecimatingStage:stage1|operand_sample[2][0]  ; Stuck at GND              ; Ad9233FrameCapture:U2_frame_capture|Ad9233MultistageDecimator:anti_alias_fir|FirDecimatingStage:stage1|product_pipe[2][0],   ;
;                                                                                                                              ; due to stuck port data_in ; Ad9233FrameCapture:U2_frame_capture|Ad9233MultistageDecimator:anti_alias_fir|FirDecimatingStage:stage1|product_pipe[2][1],   ;
;                                                                                                                              ;                           ; Ad9233FrameCapture:U2_frame_capture|Ad9233MultistageDecimator:anti_alias_fir|FirDecimatingStage:stage1|product_pipe[2][2],   ;
;                                                                                                                              ;                           ; Ad9233FrameCapture:U2_frame_capture|Ad9233MultistageDecimator:anti_alias_fir|FirDecimatingStage:stage1|product_pipe[2][3]    ;
+------------------------------------------------------------------------------------------------------------------------------+---------------------------+------------------------------------------------------------------------------------------------------------------------------+


+------------------------------------------------------+
; General Register Statistics                          ;
+----------------------------------------------+-------+
; Statistic                                    ; Value ;
+----------------------------------------------+-------+
; Total registers                              ; 3845  ;
; Number of registers using Synchronous Clear  ; 114   ;
; Number of registers using Synchronous Load   ; 75    ;
; Number of registers using Asynchronous Clear ; 1326  ;
; Number of registers using Asynchronous Load  ; 0     ;
; Number of registers using Clock Enable       ; 3072  ;
; Number of registers using Preset             ; 0     ;
+----------------------------------------------+-------+


+-----------------------------------------------------------------+
; Inverted Register Statistics                                    ;
+-------------------------------------------------------+---------+
; Inverted Register                                     ; Fan out ;
+-------------------------------------------------------+---------+
; AnalyzerSpiSlave:U3_analyzer_spi|ram_read_address[0]  ; 2       ;
; AnalyzerSpiSlave:U3_analyzer_spi|ram_read_address[1]  ; 2       ;
; AnalyzerSpiSlave:U3_analyzer_spi|ram_read_address[2]  ; 2       ;
; AnalyzerSpiSlave:U3_analyzer_spi|ram_read_address[3]  ; 2       ;
; AnalyzerSpiSlave:U3_analyzer_spi|ram_read_address[4]  ; 2       ;
; AnalyzerSpiSlave:U3_analyzer_spi|ram_read_address[5]  ; 2       ;
; AnalyzerSpiSlave:U3_analyzer_spi|ram_read_address[6]  ; 2       ;
; AnalyzerSpiSlave:U3_analyzer_spi|ram_read_address[7]  ; 2       ;
; AnalyzerSpiSlave:U3_analyzer_spi|ram_read_address[8]  ; 2       ;
; AnalyzerSpiSlave:U3_analyzer_spi|ram_read_address[9]  ; 2       ;
; AnalyzerSpiSlave:U3_analyzer_spi|ram_read_address[10] ; 2       ;
; AnalyzerSpiSlave:U3_analyzer_spi|ram_read_address[11] ; 2       ;
; Ad9233SpiInit:U1_ad9233_spi_init|spi_cs_n             ; 2       ;
; Ad9233SpiInit:U1_ad9233_spi_init|spi_sclk             ; 2       ;
; Ad9233SpiInit:U1_ad9233_spi_init|bit_index[0]         ; 4       ;
; Ad9233SpiInit:U1_ad9233_spi_init|bit_index[4]         ; 2       ;
; Ad9233SpiInit:U1_ad9233_spi_init|bit_index[2]         ; 2       ;
; Ad9233SpiInit:U1_ad9233_spi_init|bit_index[1]         ; 2       ;
; AnalyzerSpiSlave:U3_analyzer_spi|request_crc[0]       ; 2       ;
; AnalyzerSpiSlave:U3_analyzer_spi|request_crc[3]       ; 3       ;
; AnalyzerSpiSlave:U3_analyzer_spi|request_crc[4]       ; 3       ;
; AnalyzerSpiSlave:U3_analyzer_spi|request_crc[5]       ; 3       ;
; AnalyzerSpiSlave:U3_analyzer_spi|request_crc[6]       ; 3       ;
; AnalyzerSpiSlave:U3_analyzer_spi|request_crc[8]       ; 5       ;
; AnalyzerSpiSlave:U3_analyzer_spi|request_crc[9]       ; 5       ;
; AnalyzerSpiSlave:U3_analyzer_spi|request_crc[10]      ; 5       ;
; AnalyzerSpiSlave:U3_analyzer_spi|request_crc[13]      ; 2       ;
; AnalyzerSpiSlave:U3_analyzer_spi|request_crc[12]      ; 4       ;
; AnalyzerSpiSlave:U3_analyzer_spi|request_crc[15]      ; 5       ;
; AnalyzerSpiSlave:U3_analyzer_spi|request_crc[14]      ; 4       ;
; AnalyzerSpiSlave:U3_analyzer_spi|request_crc[1]       ; 3       ;
; AnalyzerSpiSlave:U3_analyzer_spi|request_crc[2]       ; 3       ;
; AnalyzerSpiSlave:U3_analyzer_spi|request_crc[11]      ; 2       ;
; AnalyzerSpiSlave:U3_analyzer_spi|request_crc[7]       ; 4       ;
; AnalyzerSpiSlave:U3_analyzer_spi|response_crc[15]     ; 2       ;
; AnalyzerSpiSlave:U3_analyzer_spi|response_crc[14]     ; 4       ;
; AnalyzerSpiSlave:U3_analyzer_spi|response_crc[7]      ; 4       ;
; AnalyzerSpiSlave:U3_analyzer_spi|response_crc[11]     ; 5       ;
; AnalyzerSpiSlave:U3_analyzer_spi|response_crc[10]     ; 2       ;
; AnalyzerSpiSlave:U3_analyzer_spi|response_crc[3]      ; 2       ;
; AnalyzerSpiSlave:U3_analyzer_spi|response_crc[6]      ; 3       ;
; AnalyzerSpiSlave:U3_analyzer_spi|response_crc[2]      ; 2       ;
; AnalyzerSpiSlave:U3_analyzer_spi|response_crc[9]      ; 4       ;
; AnalyzerSpiSlave:U3_analyzer_spi|response_crc[13]     ; 3       ;
; AnalyzerSpiSlave:U3_analyzer_spi|response_crc[5]      ; 3       ;
; AnalyzerSpiSlave:U3_analyzer_spi|response_crc[12]     ; 3       ;
; AnalyzerSpiSlave:U3_analyzer_spi|response_crc[1]      ; 2       ;
; AnalyzerSpiSlave:U3_analyzer_spi|response_crc[8]      ; 5       ;
; AnalyzerSpiSlave:U3_analyzer_spi|response_crc[4]      ; 2       ;
; AnalyzerSpiSlave:U3_analyzer_spi|response_crc[0]      ; 2       ;
; Total number of inverted registers = 50               ;         ;
+-------------------------------------------------------+---------+


+--------------------------------------------------------------------------------------------------------------------------------------------------------------------------------------------------------------------------------------------------------------+
; Multiplexer Restructuring Statistics (Restructuring Performed)                                                                                                                                                                                               ;
+--------------------+-----------+---------------+----------------------+------------------------+------------+------------------------------------------------------------------------------------------------------------------------------------------------+
; Multiplexer Inputs ; Bus Width ; Baseline Area ; Area if Restructured ; Saving if Restructured ; Registered ; Example Multiplexer Output                                                                                                                     ;
+--------------------+-----------+---------------+----------------------+------------------------+------------+------------------------------------------------------------------------------------------------------------------------------------------------+
; 3:1                ; 32 bits   ; 64 LEs        ; 32 LEs               ; 32 LEs                 ; Yes        ; |DAC904_WriteTEST|Ad9233FrameCapture:U2_frame_capture|otr_count[25]                                                                            ;
; 3:1                ; 24 bits   ; 48 LEs        ; 24 LEs               ; 24 LEs                 ; Yes        ; |DAC904_WriteTEST|Ad9233SpiInit:U1_ad9233_spi_init|startup_count[22]                                                                           ;
; 4:1                ; 4 bits    ; 8 LEs         ; 8 LEs                ; 0 LEs                  ; Yes        ; |DAC904_WriteTEST|AnalyzerSpiSlave:U3_analyzer_spi|tx_bits_remaining[3]                                                                        ;
; 3:1                ; 16 bits   ; 32 LEs        ; 0 LEs                ; 32 LEs                 ; Yes        ; |DAC904_WriteTEST|Ad9233FrameCapture:U2_frame_capture|Ad9233MultistageDecimator:anti_alias_fir|FirDecimatingStage:stage3|saturation_count[0]   ;
; 4:1                ; 16 bits   ; 32 LEs        ; 32 LEs               ; 0 LEs                  ; Yes        ; |DAC904_WriteTEST|Ad9233FrameCapture:U2_frame_capture|Ad9233MultistageDecimator:anti_alias_fir|FirDecimatingStage:stage3|sample_out[10]        ;
; 3:1                ; 16 bits   ; 32 LEs        ; 0 LEs                ; 32 LEs                 ; Yes        ; |DAC904_WriteTEST|Ad9233FrameCapture:U2_frame_capture|Ad9233MultistageDecimator:anti_alias_fir|FirDecimatingStage:stage2|saturation_count[11]  ;
; 4:1                ; 16 bits   ; 32 LEs        ; 32 LEs               ; 0 LEs                  ; Yes        ; |DAC904_WriteTEST|Ad9233FrameCapture:U2_frame_capture|Ad9233MultistageDecimator:anti_alias_fir|FirDecimatingStage:stage2|sample_out[13]        ;
; 3:1                ; 16 bits   ; 32 LEs        ; 0 LEs                ; 32 LEs                 ; Yes        ; |DAC904_WriteTEST|Ad9233FrameCapture:U2_frame_capture|Ad9233MultistageDecimator:anti_alias_fir|FirDecimatingStage:stage1|saturation_count[0]   ;
; 4:1                ; 16 bits   ; 32 LEs        ; 32 LEs               ; 0 LEs                  ; Yes        ; |DAC904_WriteTEST|Ad9233FrameCapture:U2_frame_capture|Ad9233MultistageDecimator:anti_alias_fir|FirDecimatingStage:stage1|sample_out[8]         ;
; 4:1                ; 11 bits   ; 22 LEs        ; 22 LEs               ; 0 LEs                  ; Yes        ; |DAC904_WriteTEST|Ad9233FrameCapture:U2_frame_capture|Ad9233MultistageDecimator:anti_alias_fir|sample_out[8]                                   ;
; 5:1                ; 12 bits   ; 36 LEs        ; 12 LEs               ; 24 LEs                 ; Yes        ; |DAC904_WriteTEST|Ad9233FrameCapture:U2_frame_capture|write_address[10]                                                                        ;
; 5:1                ; 13 bits   ; 39 LEs        ; 13 LEs               ; 26 LEs                 ; Yes        ; |DAC904_WriteTEST|AnalyzerSpiSlave:U3_analyzer_spi|response_word_index[1]                                                                      ;
; 5:1                ; 15 bits   ; 45 LEs        ; 30 LEs               ; 15 LEs                 ; Yes        ; |DAC904_WriteTEST|AnalyzerSpiSlave:U3_analyzer_spi|tx_shift[6]                                                                                 ;
; 4:1                ; 8 bits    ; 16 LEs        ; 8 LEs                ; 8 LEs                  ; Yes        ; |DAC904_WriteTEST|Ad9233SpiInit:U1_ad9233_spi_init|half_count[4]                                                                               ;
; 5:1                ; 5 bits    ; 15 LEs        ; 5 LEs                ; 10 LEs                 ; Yes        ; |DAC904_WriteTEST|Ad9233SpiInit:U1_ad9233_spi_init|shift_data[13]                                                                              ;
; 6:1                ; 6 bits    ; 24 LEs        ; 6 LEs                ; 18 LEs                 ; Yes        ; |DAC904_WriteTEST|Ad9233FrameCapture:U2_frame_capture|Ad9233MultistageDecimator:anti_alias_fir|FirDecimatingStage:stage3|issue_batch[2]        ;
; 6:1                ; 6 bits    ; 24 LEs        ; 6 LEs                ; 18 LEs                 ; Yes        ; |DAC904_WriteTEST|Ad9233FrameCapture:U2_frame_capture|Ad9233MultistageDecimator:anti_alias_fir|FirDecimatingStage:stage2|issue_batch[0]        ;
; 6:1                ; 6 bits    ; 24 LEs        ; 6 LEs                ; 18 LEs                 ; Yes        ; |DAC904_WriteTEST|Ad9233FrameCapture:U2_frame_capture|Ad9233MultistageDecimator:anti_alias_fir|FirDecimatingStage:stage1|issue_batch[3]        ;
; 12:1               ; 5 bits    ; 40 LEs        ; 25 LEs               ; 15 LEs                 ; Yes        ; |DAC904_WriteTEST|Ad9233SpiInit:U1_ad9233_spi_init|shift_data[10]                                                                              ;
; 3:1                ; 18 bits   ; 36 LEs        ; 36 LEs               ; 0 LEs                  ; Yes        ; |DAC904_WriteTEST|Ad9233FrameCapture:U2_frame_capture|Ad9233MultistageDecimator:anti_alias_fir|FirDecimatingStage:stage3|operand_sample[0][16] ;
; 3:1                ; 18 bits   ; 36 LEs        ; 36 LEs               ; 0 LEs                  ; Yes        ; |DAC904_WriteTEST|Ad9233FrameCapture:U2_frame_capture|Ad9233MultistageDecimator:anti_alias_fir|FirDecimatingStage:stage2|operand_sample[0][1]  ;
; 3:1                ; 14 bits   ; 28 LEs        ; 28 LEs               ; 0 LEs                  ; Yes        ; |DAC904_WriteTEST|Ad9233FrameCapture:U2_frame_capture|Ad9233MultistageDecimator:anti_alias_fir|FirDecimatingStage:stage1|operand_sample[3][9]  ;
; 4:1                ; 16 bits   ; 32 LEs        ; 16 LEs               ; 16 LEs                 ; Yes        ; |DAC904_WriteTEST|AnalyzerSpiSlave:U3_analyzer_spi|request_crc[11]                                                                             ;
; 5:1                ; 4 bits    ; 12 LEs        ; 4 LEs                ; 8 LEs                  ; Yes        ; |DAC904_WriteTEST|Ad9233SpiInit:U1_ad9233_spi_init|bit_index[4]                                                                                ;
; 6:1                ; 12 bits   ; 48 LEs        ; 12 LEs               ; 36 LEs                 ; Yes        ; |DAC904_WriteTEST|AnalyzerSpiSlave:U3_analyzer_spi|ram_read_address[5]                                                                         ;
; 6:1                ; 16 bits   ; 64 LEs        ; 16 LEs               ; 48 LEs                 ; Yes        ; |DAC904_WriteTEST|AnalyzerSpiSlave:U3_analyzer_spi|response_crc[3]                                                                             ;
; 3:1                ; 4 bits    ; 8 LEs         ; 4 LEs                ; 4 LEs                  ; No         ; |DAC904_WriteTEST|AnalyzerSpiSlave:U3_analyzer_spi|request_word_index                                                                          ;
; 3:1                ; 14 bits   ; 28 LEs        ; 14 LEs               ; 14 LEs                 ; No         ; |DAC904_WriteTEST|Ad9233SpiInit:U1_ad9233_spi_init|shift_data                                                                                  ;
; 4:1                ; 78 bits   ; 156 LEs       ; 156 LEs              ; 0 LEs                  ; No         ; |DAC904_WriteTEST|Ad9233FrameCapture:U2_frame_capture|Ad9233MultistageDecimator:anti_alias_fir|FirDecimatingStage:stage1|Mux17                 ;
; 7:1                ; 17 bits   ; 68 LEs        ; 68 LEs               ; 0 LEs                  ; No         ; |DAC904_WriteTEST|Ad9233FrameCapture:U2_frame_capture|Ad9233MultistageDecimator:anti_alias_fir|FirDecimatingStage:stage2|Mux4                  ;
; 7:1                ; 17 bits   ; 68 LEs        ; 68 LEs               ; 0 LEs                  ; No         ; |DAC904_WriteTEST|Ad9233FrameCapture:U2_frame_capture|Ad9233MultistageDecimator:anti_alias_fir|FirDecimatingStage:stage2|Mux29                 ;
; 18:1               ; 9 bits    ; 108 LEs       ; 63 LEs               ; 45 LEs                 ; No         ; |DAC904_WriteTEST|AnalyzerSpiSlave:U3_analyzer_spi|next_word                                                                                   ;
; 18:1               ; 7 bits    ; 84 LEs        ; 49 LEs               ; 35 LEs                 ; No         ; |DAC904_WriteTEST|AnalyzerSpiSlave:U3_analyzer_spi|next_word                                                                                   ;
; 39:1               ; 34 bits   ; 884 LEs       ; 884 LEs              ; 0 LEs                  ; No         ; |DAC904_WriteTEST|Ad9233FrameCapture:U2_frame_capture|Ad9233MultistageDecimator:anti_alias_fir|FirDecimatingStage:stage3|Mux27                 ;
; 8:1                ; 17 bits   ; 85 LEs        ; 85 LEs               ; 0 LEs                  ; No         ; |DAC904_WriteTEST|Ad9233FrameCapture:U2_frame_capture|Ad9233MultistageDecimator:anti_alias_fir|FirDecimatingStage:stage2|Mux35                 ;
; 8:1                ; 17 bits   ; 85 LEs        ; 85 LEs               ; 0 LEs                  ; No         ; |DAC904_WriteTEST|Ad9233FrameCapture:U2_frame_capture|Ad9233MultistageDecimator:anti_alias_fir|FirDecimatingStage:stage2|Mux52                 ;
; 8:1                ; 2 bits    ; 10 LEs        ; 6 LEs                ; 4 LEs                  ; No         ; |DAC904_WriteTEST|Ad9233SpiInit:U1_ad9233_spi_init|Selector8                                                                                   ;
+--------------------+-----------+---------------+----------------------+------------------------+------------+------------------------------------------------------------------------------------------------------------------------------------------------+


+------------------------------------------------------------------------------------------------------------------+
; Source assignments for Ad9233FrameCapture:U2_frame_capture|altsyncram:capture_ram|altsyncram_bl51:auto_generated ;
+---------------------------------+--------------------+------+----------------------------------------------------+
; Assignment                      ; Value              ; From ; To                                                 ;
+---------------------------------+--------------------+------+----------------------------------------------------+
; OPTIMIZE_POWER_DURING_SYNTHESIS ; NORMAL_COMPILATION ; -    ; -                                                  ;
+---------------------------------+--------------------+------+----------------------------------------------------+


+----------------------------------------------------------------------------------+
; Parameter Settings for User Entity Instance: Top-level Entity: |DAC904_WriteTEST ;
+----------------+-------+---------------------------------------------------------+
; Parameter Name ; Value ; Type                                                    ;
+----------------+-------+---------------------------------------------------------+
; ADC_TEST_MODE  ; 0     ; Signed Integer                                          ;
+----------------+-------+---------------------------------------------------------+
Note: In order to hide this table in the UI and the text report file, please set the "Show Parameter Settings in Synthesis Report" option in "Analysis and Synthesis Settings -> More Settings" to "Off".


+--------------------------------------------------------------------------------------------------------+
; Parameter Settings for User Entity Instance: Ad9233Pll62m5:U0_adc_pll62m5_inst|altpll:altpll_component ;
+-------------------------------+---------------------------------+--------------------------------------+
; Parameter Name                ; Value                           ; Type                                 ;
+-------------------------------+---------------------------------+--------------------------------------+
; OPERATION_MODE                ; NORMAL                          ; Untyped                              ;
; PLL_TYPE                      ; AUTO                            ; Untyped                              ;
; LPM_HINT                      ; CBX_MODULE_PREFIX=Ad9233Pll62m5 ; Untyped                              ;
; QUALIFY_CONF_DONE             ; OFF                             ; Untyped                              ;
; COMPENSATE_CLOCK              ; CLK0                            ; Untyped                              ;
; SCAN_CHAIN                    ; LONG                            ; Untyped                              ;
; PRIMARY_CLOCK                 ; INCLK0                          ; Untyped                              ;
; INCLK0_INPUT_FREQUENCY        ; 20000                           ; Signed Integer                       ;
; INCLK1_INPUT_FREQUENCY        ; 0                               ; Untyped                              ;
; GATE_LOCK_SIGNAL              ; NO                              ; Untyped                              ;
; GATE_LOCK_COUNTER             ; 0                               ; Untyped                              ;
; LOCK_HIGH                     ; 1                               ; Untyped                              ;
; LOCK_LOW                      ; 1                               ; Untyped                              ;
; VALID_LOCK_MULTIPLIER         ; 1                               ; Untyped                              ;
; INVALID_LOCK_MULTIPLIER       ; 5                               ; Untyped                              ;
; SWITCH_OVER_ON_LOSSCLK        ; OFF                             ; Untyped                              ;
; SWITCH_OVER_ON_GATED_LOCK     ; OFF                             ; Untyped                              ;
; ENABLE_SWITCH_OVER_COUNTER    ; OFF                             ; Untyped                              ;
; SKIP_VCO                      ; OFF                             ; Untyped                              ;
; SWITCH_OVER_COUNTER           ; 0                               ; Untyped                              ;
; SWITCH_OVER_TYPE              ; AUTO                            ; Untyped                              ;
; FEEDBACK_SOURCE               ; EXTCLK0                         ; Untyped                              ;
; BANDWIDTH                     ; 0                               ; Untyped                              ;
; BANDWIDTH_TYPE                ; AUTO                            ; Untyped                              ;
; SPREAD_FREQUENCY              ; 0                               ; Untyped                              ;
; DOWN_SPREAD                   ; 0                               ; Untyped                              ;
; SELF_RESET_ON_GATED_LOSS_LOCK ; OFF                             ; Untyped                              ;
; SELF_RESET_ON_LOSS_LOCK       ; OFF                             ; Untyped                              ;
; CLK9_MULTIPLY_BY              ; 0                               ; Untyped                              ;
; CLK8_MULTIPLY_BY              ; 0                               ; Untyped                              ;
; CLK7_MULTIPLY_BY              ; 0                               ; Untyped                              ;
; CLK6_MULTIPLY_BY              ; 0                               ; Untyped                              ;
; CLK5_MULTIPLY_BY              ; 1                               ; Untyped                              ;
; CLK4_MULTIPLY_BY              ; 1                               ; Untyped                              ;
; CLK3_MULTIPLY_BY              ; 1                               ; Untyped                              ;
; CLK2_MULTIPLY_BY              ; 1                               ; Untyped                              ;
; CLK1_MULTIPLY_BY              ; 1                               ; Untyped                              ;
; CLK0_MULTIPLY_BY              ; 5                               ; Signed Integer                       ;
; CLK9_DIVIDE_BY                ; 0                               ; Untyped                              ;
; CLK8_DIVIDE_BY                ; 0                               ; Untyped                              ;
; CLK7_DIVIDE_BY                ; 0                               ; Untyped                              ;
; CLK6_DIVIDE_BY                ; 0                               ; Untyped                              ;
; CLK5_DIVIDE_BY                ; 1                               ; Untyped                              ;
; CLK4_DIVIDE_BY                ; 1                               ; Untyped                              ;
; CLK3_DIVIDE_BY                ; 1                               ; Untyped                              ;
; CLK2_DIVIDE_BY                ; 1                               ; Untyped                              ;
; CLK1_DIVIDE_BY                ; 1                               ; Untyped                              ;
; CLK0_DIVIDE_BY                ; 4                               ; Signed Integer                       ;
; CLK9_PHASE_SHIFT              ; 0                               ; Untyped                              ;
; CLK8_PHASE_SHIFT              ; 0                               ; Untyped                              ;
; CLK7_PHASE_SHIFT              ; 0                               ; Untyped                              ;
; CLK6_PHASE_SHIFT              ; 0                               ; Untyped                              ;
; CLK5_PHASE_SHIFT              ; 0                               ; Untyped                              ;
; CLK4_PHASE_SHIFT              ; 0                               ; Untyped                              ;
; CLK3_PHASE_SHIFT              ; 0                               ; Untyped                              ;
; CLK2_PHASE_SHIFT              ; 0                               ; Untyped                              ;
; CLK1_PHASE_SHIFT              ; 0                               ; Untyped                              ;
; CLK0_PHASE_SHIFT              ; 0                               ; Untyped                              ;
; CLK5_TIME_DELAY               ; 0                               ; Untyped                              ;
; CLK4_TIME_DELAY               ; 0                               ; Untyped                              ;
; CLK3_TIME_DELAY               ; 0                               ; Untyped                              ;
; CLK2_TIME_DELAY               ; 0                               ; Untyped                              ;
; CLK1_TIME_DELAY               ; 0                               ; Untyped                              ;
; CLK0_TIME_DELAY               ; 0                               ; Untyped                              ;
; CLK9_DUTY_CYCLE               ; 50                              ; Untyped                              ;
; CLK8_DUTY_CYCLE               ; 50                              ; Untyped                              ;
; CLK7_DUTY_CYCLE               ; 50                              ; Untyped                              ;
; CLK6_DUTY_CYCLE               ; 50                              ; Untyped                              ;
; CLK5_DUTY_CYCLE               ; 50                              ; Untyped                              ;
; CLK4_DUTY_CYCLE               ; 50                              ; Untyped                              ;
; CLK3_DUTY_CYCLE               ; 50                              ; Untyped                              ;
; CLK2_DUTY_CYCLE               ; 50                              ; Untyped                              ;
; CLK1_DUTY_CYCLE               ; 50                              ; Untyped                              ;
; CLK0_DUTY_CYCLE               ; 50                              ; Signed Integer                       ;
; CLK9_USE_EVEN_COUNTER_MODE    ; OFF                             ; Untyped                              ;
; CLK8_USE_EVEN_COUNTER_MODE    ; OFF                             ; Untyped                              ;
; CLK7_USE_EVEN_COUNTER_MODE    ; OFF                             ; Untyped                              ;
; CLK6_USE_EVEN_COUNTER_MODE    ; OFF                             ; Untyped                              ;
; CLK5_USE_EVEN_COUNTER_MODE    ; OFF                             ; Untyped                              ;
; CLK4_USE_EVEN_COUNTER_MODE    ; OFF                             ; Untyped                              ;
; CLK3_USE_EVEN_COUNTER_MODE    ; OFF                             ; Untyped                              ;
; CLK2_USE_EVEN_COUNTER_MODE    ; OFF                             ; Untyped                              ;
; CLK1_USE_EVEN_COUNTER_MODE    ; OFF                             ; Untyped                              ;
; CLK0_USE_EVEN_COUNTER_MODE    ; OFF                             ; Untyped                              ;
; CLK9_USE_EVEN_COUNTER_VALUE   ; OFF                             ; Untyped                              ;
; CLK8_USE_EVEN_COUNTER_VALUE   ; OFF                             ; Untyped                              ;
; CLK7_USE_EVEN_COUNTER_VALUE   ; OFF                             ; Untyped                              ;
; CLK6_USE_EVEN_COUNTER_VALUE   ; OFF                             ; Untyped                              ;
; CLK5_USE_EVEN_COUNTER_VALUE   ; OFF                             ; Untyped                              ;
; CLK4_USE_EVEN_COUNTER_VALUE   ; OFF                             ; Untyped                              ;
; CLK3_USE_EVEN_COUNTER_VALUE   ; OFF                             ; Untyped                              ;
; CLK2_USE_EVEN_COUNTER_VALUE   ; OFF                             ; Untyped                              ;
; CLK1_USE_EVEN_COUNTER_VALUE   ; OFF                             ; Untyped                              ;
; CLK0_USE_EVEN_COUNTER_VALUE   ; OFF                             ; Untyped                              ;
; LOCK_WINDOW_UI                ;  0.05                           ; Untyped                              ;
; LOCK_WINDOW_UI_BITS           ; UNUSED                          ; Untyped                              ;
; VCO_RANGE_DETECTOR_LOW_BITS   ; UNUSED                          ; Untyped                              ;
; VCO_RANGE_DETECTOR_HIGH_BITS  ; UNUSED                          ; Untyped                              ;
; DPA_MULTIPLY_BY               ; 0                               ; Untyped                              ;
; DPA_DIVIDE_BY                 ; 1                               ; Untyped                              ;
; DPA_DIVIDER                   ; 0                               ; Untyped                              ;
; EXTCLK3_MULTIPLY_BY           ; 1                               ; Untyped                              ;
; EXTCLK2_MULTIPLY_BY           ; 1                               ; Untyped                              ;
; EXTCLK1_MULTIPLY_BY           ; 1                               ; Untyped                              ;
; EXTCLK0_MULTIPLY_BY           ; 1                               ; Untyped                              ;
; EXTCLK3_DIVIDE_BY             ; 1                               ; Untyped                              ;
; EXTCLK2_DIVIDE_BY             ; 1                               ; Untyped                              ;
; EXTCLK1_DIVIDE_BY             ; 1                               ; Untyped                              ;
; EXTCLK0_DIVIDE_BY             ; 1                               ; Untyped                              ;
; EXTCLK3_PHASE_SHIFT           ; 0                               ; Untyped                              ;
; EXTCLK2_PHASE_SHIFT           ; 0                               ; Untyped                              ;
; EXTCLK1_PHASE_SHIFT           ; 0                               ; Untyped                              ;
; EXTCLK0_PHASE_SHIFT           ; 0                               ; Untyped                              ;
; EXTCLK3_TIME_DELAY            ; 0                               ; Untyped                              ;
; EXTCLK2_TIME_DELAY            ; 0                               ; Untyped                              ;
; EXTCLK1_TIME_DELAY            ; 0                               ; Untyped                              ;
; EXTCLK0_TIME_DELAY            ; 0                               ; Untyped                              ;
; EXTCLK3_DUTY_CYCLE            ; 50                              ; Untyped                              ;
; EXTCLK2_DUTY_CYCLE            ; 50                              ; Untyped                              ;
; EXTCLK1_DUTY_CYCLE            ; 50                              ; Untyped                              ;
; EXTCLK0_DUTY_CYCLE            ; 50                              ; Untyped                              ;
; VCO_MULTIPLY_BY               ; 0                               ; Untyped                              ;
; VCO_DIVIDE_BY                 ; 0                               ; Untyped                              ;
; SCLKOUT0_PHASE_SHIFT          ; 0                               ; Untyped                              ;
; SCLKOUT1_PHASE_SHIFT          ; 0                               ; Untyped                              ;
; VCO_MIN                       ; 0                               ; Untyped                              ;
; VCO_MAX                       ; 0                               ; Untyped                              ;
; VCO_CENTER                    ; 0                               ; Untyped                              ;
; PFD_MIN                       ; 0                               ; Untyped                              ;
; PFD_MAX                       ; 0                               ; Untyped                              ;
; M_INITIAL                     ; 0                               ; Untyped                              ;
; M                             ; 0                               ; Untyped                              ;
; N                             ; 1                               ; Untyped                              ;
; M2                            ; 1                               ; Untyped                              ;
; N2                            ; 1                               ; Untyped                              ;
; SS                            ; 1                               ; Untyped                              ;
; C0_HIGH                       ; 0                               ; Untyped                              ;
; C1_HIGH                       ; 0                               ; Untyped                              ;
; C2_HIGH                       ; 0                               ; Untyped                              ;
; C3_HIGH                       ; 0                               ; Untyped                              ;
; C4_HIGH                       ; 0                               ; Untyped                              ;
; C5_HIGH                       ; 0                               ; Untyped                              ;
; C6_HIGH                       ; 0                               ; Untyped                              ;
; C7_HIGH                       ; 0                               ; Untyped                              ;
; C8_HIGH                       ; 0                               ; Untyped                              ;
; C9_HIGH                       ; 0                               ; Untyped                              ;
; C0_LOW                        ; 0                               ; Untyped                              ;
; C1_LOW                        ; 0                               ; Untyped                              ;
; C2_LOW                        ; 0                               ; Untyped                              ;
; C3_LOW                        ; 0                               ; Untyped                              ;
; C4_LOW                        ; 0                               ; Untyped                              ;
; C5_LOW                        ; 0                               ; Untyped                              ;
; C6_LOW                        ; 0                               ; Untyped                              ;
; C7_LOW                        ; 0                               ; Untyped                              ;
; C8_LOW                        ; 0                               ; Untyped                              ;
; C9_LOW                        ; 0                               ; Untyped                              ;
; C0_INITIAL                    ; 0                               ; Untyped                              ;
; C1_INITIAL                    ; 0                               ; Untyped                              ;
; C2_INITIAL                    ; 0                               ; Untyped                              ;
; C3_INITIAL                    ; 0                               ; Untyped                              ;
; C4_INITIAL                    ; 0                               ; Untyped                              ;
; C5_INITIAL                    ; 0                               ; Untyped                              ;
; C6_INITIAL                    ; 0                               ; Untyped                              ;
; C7_INITIAL                    ; 0                               ; Untyped                              ;
; C8_INITIAL                    ; 0                               ; Untyped                              ;
; C9_INITIAL                    ; 0                               ; Untyped                              ;
; C0_MODE                       ; BYPASS                          ; Untyped                              ;
; C1_MODE                       ; BYPASS                          ; Untyped                              ;
; C2_MODE                       ; BYPASS                          ; Untyped                              ;
; C3_MODE                       ; BYPASS                          ; Untyped                              ;
; C4_MODE                       ; BYPASS                          ; Untyped                              ;
; C5_MODE                       ; BYPASS                          ; Untyped                              ;
; C6_MODE                       ; BYPASS                          ; Untyped                              ;
; C7_MODE                       ; BYPASS                          ; Untyped                              ;
; C8_MODE                       ; BYPASS                          ; Untyped                              ;
; C9_MODE                       ; BYPASS                          ; Untyped                              ;
; C0_PH                         ; 0                               ; Untyped                              ;
; C1_PH                         ; 0                               ; Untyped                              ;
; C2_PH                         ; 0                               ; Untyped                              ;
; C3_PH                         ; 0                               ; Untyped                              ;
; C4_PH                         ; 0                               ; Untyped                              ;
; C5_PH                         ; 0                               ; Untyped                              ;
; C6_PH                         ; 0                               ; Untyped                              ;
; C7_PH                         ; 0                               ; Untyped                              ;
; C8_PH                         ; 0                               ; Untyped                              ;
; C9_PH                         ; 0                               ; Untyped                              ;
; L0_HIGH                       ; 1                               ; Untyped                              ;
; L1_HIGH                       ; 1                               ; Untyped                              ;
; G0_HIGH                       ; 1                               ; Untyped                              ;
; G1_HIGH                       ; 1                               ; Untyped                              ;
; G2_HIGH                       ; 1                               ; Untyped                              ;
; G3_HIGH                       ; 1                               ; Untyped                              ;
; E0_HIGH                       ; 1                               ; Untyped                              ;
; E1_HIGH                       ; 1                               ; Untyped                              ;
; E2_HIGH                       ; 1                               ; Untyped                              ;
; E3_HIGH                       ; 1                               ; Untyped                              ;
; L0_LOW                        ; 1                               ; Untyped                              ;
; L1_LOW                        ; 1                               ; Untyped                              ;
; G0_LOW                        ; 1                               ; Untyped                              ;
; G1_LOW                        ; 1                               ; Untyped                              ;
; G2_LOW                        ; 1                               ; Untyped                              ;
; G3_LOW                        ; 1                               ; Untyped                              ;
; E0_LOW                        ; 1                               ; Untyped                              ;
; E1_LOW                        ; 1                               ; Untyped                              ;
; E2_LOW                        ; 1                               ; Untyped                              ;
; E3_LOW                        ; 1                               ; Untyped                              ;
; L0_INITIAL                    ; 1                               ; Untyped                              ;
; L1_INITIAL                    ; 1                               ; Untyped                              ;
; G0_INITIAL                    ; 1                               ; Untyped                              ;
; G1_INITIAL                    ; 1                               ; Untyped                              ;
; G2_INITIAL                    ; 1                               ; Untyped                              ;
; G3_INITIAL                    ; 1                               ; Untyped                              ;
; E0_INITIAL                    ; 1                               ; Untyped                              ;
; E1_INITIAL                    ; 1                               ; Untyped                              ;
; E2_INITIAL                    ; 1                               ; Untyped                              ;
; E3_INITIAL                    ; 1                               ; Untyped                              ;
; L0_MODE                       ; BYPASS                          ; Untyped                              ;
; L1_MODE                       ; BYPASS                          ; Untyped                              ;
; G0_MODE                       ; BYPASS                          ; Untyped                              ;
; G1_MODE                       ; BYPASS                          ; Untyped                              ;
; G2_MODE                       ; BYPASS                          ; Untyped                              ;
; G3_MODE                       ; BYPASS                          ; Untyped                              ;
; E0_MODE                       ; BYPASS                          ; Untyped                              ;
; E1_MODE                       ; BYPASS                          ; Untyped                              ;
; E2_MODE                       ; BYPASS                          ; Untyped                              ;
; E3_MODE                       ; BYPASS                          ; Untyped                              ;
; L0_PH                         ; 0                               ; Untyped                              ;
; L1_PH                         ; 0                               ; Untyped                              ;
; G0_PH                         ; 0                               ; Untyped                              ;
; G1_PH                         ; 0                               ; Untyped                              ;
; G2_PH                         ; 0                               ; Untyped                              ;
; G3_PH                         ; 0                               ; Untyped                              ;
; E0_PH                         ; 0                               ; Untyped                              ;
; E1_PH                         ; 0                               ; Untyped                              ;
; E2_PH                         ; 0                               ; Untyped                              ;
; E3_PH                         ; 0                               ; Untyped                              ;
; M_PH                          ; 0                               ; Untyped                              ;
; C1_USE_CASC_IN                ; OFF                             ; Untyped                              ;
; C2_USE_CASC_IN                ; OFF                             ; Untyped                              ;
; C3_USE_CASC_IN                ; OFF                             ; Untyped                              ;
; C4_USE_CASC_IN                ; OFF                             ; Untyped                              ;
; C5_USE_CASC_IN                ; OFF                             ; Untyped                              ;
; C6_USE_CASC_IN                ; OFF                             ; Untyped                              ;
; C7_USE_CASC_IN                ; OFF                             ; Untyped                              ;
; C8_USE_CASC_IN                ; OFF                             ; Untyped                              ;
; C9_USE_CASC_IN                ; OFF                             ; Untyped                              ;
; CLK0_COUNTER                  ; G0                              ; Untyped                              ;
; CLK1_COUNTER                  ; G0                              ; Untyped                              ;
; CLK2_COUNTER                  ; G0                              ; Untyped                              ;
; CLK3_COUNTER                  ; G0                              ; Untyped                              ;
; CLK4_COUNTER                  ; G0                              ; Untyped                              ;
; CLK5_COUNTER                  ; G0                              ; Untyped                              ;
; CLK6_COUNTER                  ; E0                              ; Untyped                              ;
; CLK7_COUNTER                  ; E1                              ; Untyped                              ;
; CLK8_COUNTER                  ; E2                              ; Untyped                              ;
; CLK9_COUNTER                  ; E3                              ; Untyped                              ;
; L0_TIME_DELAY                 ; 0                               ; Untyped                              ;
; L1_TIME_DELAY                 ; 0                               ; Untyped                              ;
; G0_TIME_DELAY                 ; 0                               ; Untyped                              ;
; G1_TIME_DELAY                 ; 0                               ; Untyped                              ;
; G2_TIME_DELAY                 ; 0                               ; Untyped                              ;
; G3_TIME_DELAY                 ; 0                               ; Untyped                              ;
; E0_TIME_DELAY                 ; 0                               ; Untyped                              ;
; E1_TIME_DELAY                 ; 0                               ; Untyped                              ;
; E2_TIME_DELAY                 ; 0                               ; Untyped                              ;
; E3_TIME_DELAY                 ; 0                               ; Untyped                              ;
; M_TIME_DELAY                  ; 0                               ; Untyped                              ;
; N_TIME_DELAY                  ; 0                               ; Untyped                              ;
; EXTCLK3_COUNTER               ; E3                              ; Untyped                              ;
; EXTCLK2_COUNTER               ; E2                              ; Untyped                              ;
; EXTCLK1_COUNTER               ; E1                              ; Untyped                              ;
; EXTCLK0_COUNTER               ; E0                              ; Untyped                              ;
; ENABLE0_COUNTER               ; L0                              ; Untyped                              ;
; ENABLE1_COUNTER               ; L0                              ; Untyped                              ;
; CHARGE_PUMP_CURRENT           ; 2                               ; Untyped                              ;
; LOOP_FILTER_R                 ;  1.000000                       ; Untyped                              ;
; LOOP_FILTER_C                 ; 5                               ; Untyped                              ;
; CHARGE_PUMP_CURRENT_BITS      ; 9999                            ; Untyped                              ;
; LOOP_FILTER_R_BITS            ; 9999                            ; Untyped                              ;
; LOOP_FILTER_C_BITS            ; 9999                            ; Untyped                              ;
; VCO_POST_SCALE                ; 0                               ; Untyped                              ;
; CLK2_OUTPUT_FREQUENCY         ; 0                               ; Untyped                              ;
; CLK1_OUTPUT_FREQUENCY         ; 0                               ; Untyped                              ;
; CLK0_OUTPUT_FREQUENCY         ; 0                               ; Untyped                              ;
; INTENDED_DEVICE_FAMILY        ; Cyclone IV E                    ; Untyped                              ;
; PORT_CLKENA0                  ; PORT_CONNECTIVITY               ; Untyped                              ;
; PORT_CLKENA1                  ; PORT_CONNECTIVITY               ; Untyped                              ;
; PORT_CLKENA2                  ; PORT_CONNECTIVITY               ; Untyped                              ;
; PORT_CLKENA3                  ; PORT_CONNECTIVITY               ; Untyped                              ;
; PORT_CLKENA4                  ; PORT_CONNECTIVITY               ; Untyped                              ;
; PORT_CLKENA5                  ; PORT_CONNECTIVITY               ; Untyped                              ;
; PORT_EXTCLKENA0               ; PORT_CONNECTIVITY               ; Untyped                              ;
; PORT_EXTCLKENA1               ; PORT_CONNECTIVITY               ; Untyped                              ;
; PORT_EXTCLKENA2               ; PORT_CONNECTIVITY               ; Untyped                              ;
; PORT_EXTCLKENA3               ; PORT_CONNECTIVITY               ; Untyped                              ;
; PORT_EXTCLK0                  ; PORT_UNUSED                     ; Untyped                              ;
; PORT_EXTCLK1                  ; PORT_UNUSED                     ; Untyped                              ;
; PORT_EXTCLK2                  ; PORT_UNUSED                     ; Untyped                              ;
; PORT_EXTCLK3                  ; PORT_UNUSED                     ; Untyped                              ;
; PORT_CLKBAD0                  ; PORT_CONNECTIVITY               ; Untyped                              ;
; PORT_CLKBAD1                  ; PORT_CONNECTIVITY               ; Untyped                              ;
; PORT_CLK0                     ; PORT_USED                       ; Untyped                              ;
; PORT_CLK1                     ; PORT_UNUSED                     ; Untyped                              ;
; PORT_CLK2                     ; PORT_UNUSED                     ; Untyped                              ;
; PORT_CLK3                     ; PORT_UNUSED                     ; Untyped                              ;
; PORT_CLK4                     ; PORT_UNUSED                     ; Untyped                              ;
; PORT_CLK5                     ; PORT_UNUSED                     ; Untyped                              ;
; PORT_CLK6                     ; PORT_UNUSED                     ; Untyped                              ;
; PORT_CLK7                     ; PORT_UNUSED                     ; Untyped                              ;
; PORT_CLK8                     ; PORT_UNUSED                     ; Untyped                              ;
; PORT_CLK9                     ; PORT_UNUSED                     ; Untyped                              ;
; PORT_SCANDATA                 ; PORT_CONNECTIVITY               ; Untyped                              ;
; PORT_SCANDATAOUT              ; PORT_CONNECTIVITY               ; Untyped                              ;
; PORT_SCANDONE                 ; PORT_CONNECTIVITY               ; Untyped                              ;
; PORT_SCLKOUT1                 ; PORT_CONNECTIVITY               ; Untyped                              ;
; PORT_SCLKOUT0                 ; PORT_CONNECTIVITY               ; Untyped                              ;
; PORT_ACTIVECLOCK              ; PORT_CONNECTIVITY               ; Untyped                              ;
; PORT_CLKLOSS                  ; PORT_CONNECTIVITY               ; Untyped                              ;
; PORT_INCLK1                   ; PORT_UNUSED                     ; Untyped                              ;
; PORT_INCLK0                   ; PORT_USED                       ; Untyped                              ;
; PORT_FBIN                     ; PORT_CONNECTIVITY               ; Untyped                              ;
; PORT_PLLENA                   ; PORT_CONNECTIVITY               ; Untyped                              ;
; PORT_CLKSWITCH                ; PORT_CONNECTIVITY               ; Untyped                              ;
; PORT_ARESET                   ; PORT_USED                       ; Untyped                              ;
; PORT_PFDENA                   ; PORT_CONNECTIVITY               ; Untyped                              ;
; PORT_SCANCLK                  ; PORT_CONNECTIVITY               ; Untyped                              ;
; PORT_SCANACLR                 ; PORT_CONNECTIVITY               ; Untyped                              ;
; PORT_SCANREAD                 ; PORT_CONNECTIVITY               ; Untyped                              ;
; PORT_SCANWRITE                ; PORT_CONNECTIVITY               ; Untyped                              ;
; PORT_ENABLE0                  ; PORT_CONNECTIVITY               ; Untyped                              ;
; PORT_ENABLE1                  ; PORT_CONNECTIVITY               ; Untyped                              ;
; PORT_LOCKED                   ; PORT_USED                       ; Untyped                              ;
; PORT_CONFIGUPDATE             ; PORT_CONNECTIVITY               ; Untyped                              ;
; PORT_FBOUT                    ; PORT_CONNECTIVITY               ; Untyped                              ;
; PORT_PHASEDONE                ; PORT_CONNECTIVITY               ; Untyped                              ;
; PORT_PHASESTEP                ; PORT_CONNECTIVITY               ; Untyped                              ;
; PORT_PHASEUPDOWN              ; PORT_CONNECTIVITY               ; Untyped                              ;
; PORT_SCANCLKENA               ; PORT_CONNECTIVITY               ; Untyped                              ;
; PORT_PHASECOUNTERSELECT       ; PORT_CONNECTIVITY               ; Untyped                              ;
; PORT_VCOOVERRANGE             ; PORT_CONNECTIVITY               ; Untyped                              ;
; PORT_VCOUNDERRANGE            ; PORT_CONNECTIVITY               ; Untyped                              ;
; M_TEST_SOURCE                 ; 5                               ; Untyped                              ;
; C0_TEST_SOURCE                ; 5                               ; Untyped                              ;
; C1_TEST_SOURCE                ; 5                               ; Untyped                              ;
; C2_TEST_SOURCE                ; 5                               ; Untyped                              ;
; C3_TEST_SOURCE                ; 5                               ; Untyped                              ;
; C4_TEST_SOURCE                ; 5                               ; Untyped                              ;
; C5_TEST_SOURCE                ; 5                               ; Untyped                              ;
; C6_TEST_SOURCE                ; 5                               ; Untyped                              ;
; C7_TEST_SOURCE                ; 5                               ; Untyped                              ;
; C8_TEST_SOURCE                ; 5                               ; Untyped                              ;
; C9_TEST_SOURCE                ; 5                               ; Untyped                              ;
; CBXI_PARAMETER                ; Ad9233Pll62m5_altpll            ; Untyped                              ;
; VCO_FREQUENCY_CONTROL         ; AUTO                            ; Untyped                              ;
; VCO_PHASE_SHIFT_STEP          ; 0                               ; Untyped                              ;
; WIDTH_CLOCK                   ; 5                               ; Signed Integer                       ;
; WIDTH_PHASECOUNTERSELECT      ; 4                               ; Untyped                              ;
; USING_FBMIMICBIDIR_PORT       ; OFF                             ; Untyped                              ;
; DEVICE_FAMILY                 ; Cyclone IV E                    ; Untyped                              ;
; SCAN_CHAIN_MIF_FILE           ; UNUSED                          ; Untyped                              ;
; SIM_GATE_LOCK_DEVICE_BEHAVIOR ; OFF                             ; Untyped                              ;
; AUTO_CARRY_CHAINS             ; ON                              ; AUTO_CARRY                           ;
; IGNORE_CARRY_BUFFERS          ; OFF                             ; IGNORE_CARRY                         ;
; AUTO_CASCADE_CHAINS           ; ON                              ; AUTO_CASCADE                         ;
; IGNORE_CASCADE_BUFFERS        ; OFF                             ; IGNORE_CASCADE                       ;
+-------------------------------+---------------------------------+--------------------------------------+
Note: In order to hide this table in the UI and the text report file, please set the "Show Parameter Settings in Synthesis Report" option in "Analysis and Synthesis Settings -> More Settings" to "Off".


+-------------------------------------------------------------------------------+
; Parameter Settings for User Entity Instance: Ad9233SpiInit:U1_ad9233_spi_init ;
+------------------------+---------+--------------------------------------------+
; Parameter Name         ; Value   ; Type                                       ;
+------------------------+---------+--------------------------------------------+
; STARTUP_DELAY_CYCLES   ; 5000000 ; Signed Integer                             ;
; SPI_HALF_PERIOD_CYCLES ; 5       ; Signed Integer                             ;
; TEST_MODE              ; 0       ; Signed Integer                             ;
+------------------------+---------+--------------------------------------------+
Note: In order to hide this table in the UI and the text report file, please set the "Show Parameter Settings in Synthesis Report" option in "Analysis and Synthesis Settings -> More Settings" to "Off".


+----------------------------------------------------------------------------------+
; Parameter Settings for User Entity Instance: Ad9233FrameCapture:U2_frame_capture ;
+----------------+-------+---------------------------------------------------------+
; Parameter Name ; Value ; Type                                                    ;
+----------------+-------+---------------------------------------------------------+
; SAMPLE_COUNT   ; 4096  ; Signed Integer                                          ;
+----------------+-------+---------------------------------------------------------+
Note: In order to hide this table in the UI and the text report file, please set the "Show Parameter Settings in Synthesis Report" option in "Analysis and Synthesis Settings -> More Settings" to "Off".


+-----------------------------------------------------------------------------------------------------------------------------------------------------+
; Parameter Settings for User Entity Instance: Ad9233FrameCapture:U2_frame_capture|Ad9233MultistageDecimator:anti_alias_fir|FirDecimatingStage:stage1 ;
+----------------+-------+----------------------------------------------------------------------------------------------------------------------------+
; Parameter Name ; Value ; Type                                                                                                                       ;
+----------------+-------+----------------------------------------------------------------------------------------------------------------------------+
; STAGE_ID       ; 1     ; Signed Integer                                                                                                             ;
; TAP_COUNT      ; 15    ; Signed Integer                                                                                                             ;
; UNIQUE_TAPS    ; 8     ; Signed Integer                                                                                                             ;
; DECIMATION     ; 4     ; Signed Integer                                                                                                             ;
; LANES          ; 4     ; Signed Integer                                                                                                             ;
; BATCHES        ; 2     ; Signed Integer                                                                                                             ;
+----------------+-------+----------------------------------------------------------------------------------------------------------------------------+
Note: In order to hide this table in the UI and the text report file, please set the "Show Parameter Settings in Synthesis Report" option in "Analysis and Synthesis Settings -> More Settings" to "Off".


+-----------------------------------------------------------------------------------------------------------------------------------------------------+
; Parameter Settings for User Entity Instance: Ad9233FrameCapture:U2_frame_capture|Ad9233MultistageDecimator:anti_alias_fir|FirDecimatingStage:stage2 ;
+----------------+-------+----------------------------------------------------------------------------------------------------------------------------+
; Parameter Name ; Value ; Type                                                                                                                       ;
+----------------+-------+----------------------------------------------------------------------------------------------------------------------------+
; STAGE_ID       ; 2     ; Signed Integer                                                                                                             ;
; TAP_COUNT      ; 25    ; Signed Integer                                                                                                             ;
; UNIQUE_TAPS    ; 13    ; Signed Integer                                                                                                             ;
; DECIMATION     ; 4     ; Signed Integer                                                                                                             ;
; LANES          ; 2     ; Signed Integer                                                                                                             ;
; BATCHES        ; 7     ; Signed Integer                                                                                                             ;
+----------------+-------+----------------------------------------------------------------------------------------------------------------------------+
Note: In order to hide this table in the UI and the text report file, please set the "Show Parameter Settings in Synthesis Report" option in "Analysis and Synthesis Settings -> More Settings" to "Off".


+-----------------------------------------------------------------------------------------------------------------------------------------------------+
; Parameter Settings for User Entity Instance: Ad9233FrameCapture:U2_frame_capture|Ad9233MultistageDecimator:anti_alias_fir|FirDecimatingStage:stage3 ;
+----------------+-------+----------------------------------------------------------------------------------------------------------------------------+
; Parameter Name ; Value ; Type                                                                                                                       ;
+----------------+-------+----------------------------------------------------------------------------------------------------------------------------+
; STAGE_ID       ; 3     ; Signed Integer                                                                                                             ;
; TAP_COUNT      ; 39    ; Signed Integer                                                                                                             ;
; UNIQUE_TAPS    ; 20    ; Signed Integer                                                                                                             ;
; DECIMATION     ; 2     ; Signed Integer                                                                                                             ;
; LANES          ; 1     ; Signed Integer                                                                                                             ;
; BATCHES        ; 20    ; Signed Integer                                                                                                             ;
+----------------+-------+----------------------------------------------------------------------------------------------------------------------------+
Note: In order to hide this table in the UI and the text report file, please set the "Show Parameter Settings in Synthesis Report" option in "Analysis and Synthesis Settings -> More Settings" to "Off".


+---------------------------------------------------------------------------------------------------------+
; Parameter Settings for User Entity Instance: Ad9233FrameCapture:U2_frame_capture|altsyncram:capture_ram ;
+------------------------------------+----------------------+---------------------------------------------+
; Parameter Name                     ; Value                ; Type                                        ;
+------------------------------------+----------------------+---------------------------------------------+
; BYTE_SIZE_BLOCK                    ; 8                    ; Untyped                                     ;
; AUTO_CARRY_CHAINS                  ; ON                   ; AUTO_CARRY                                  ;
; IGNORE_CARRY_BUFFERS               ; OFF                  ; IGNORE_CARRY                                ;
; AUTO_CASCADE_CHAINS                ; ON                   ; AUTO_CASCADE                                ;
; IGNORE_CASCADE_BUFFERS             ; OFF                  ; IGNORE_CASCADE                              ;
; WIDTH_BYTEENA                      ; 1                    ; Untyped                                     ;
; OPERATION_MODE                     ; DUAL_PORT            ; Untyped                                     ;
; WIDTH_A                            ; 12                   ; Signed Integer                              ;
; WIDTHAD_A                          ; 12                   ; Signed Integer                              ;
; NUMWORDS_A                         ; 4096                 ; Signed Integer                              ;
; OUTDATA_REG_A                      ; UNREGISTERED         ; Untyped                                     ;
; ADDRESS_ACLR_A                     ; NONE                 ; Untyped                                     ;
; OUTDATA_ACLR_A                     ; NONE                 ; Untyped                                     ;
; WRCONTROL_ACLR_A                   ; NONE                 ; Untyped                                     ;
; INDATA_ACLR_A                      ; NONE                 ; Untyped                                     ;
; BYTEENA_ACLR_A                     ; NONE                 ; Untyped                                     ;
; WIDTH_B                            ; 12                   ; Signed Integer                              ;
; WIDTHAD_B                          ; 12                   ; Signed Integer                              ;
; NUMWORDS_B                         ; 4096                 ; Signed Integer                              ;
; INDATA_REG_B                       ; CLOCK1               ; Untyped                                     ;
; WRCONTROL_WRADDRESS_REG_B          ; CLOCK1               ; Untyped                                     ;
; RDCONTROL_REG_B                    ; CLOCK1               ; Untyped                                     ;
; ADDRESS_REG_B                      ; CLOCK1               ; Untyped                                     ;
; OUTDATA_REG_B                      ; UNREGISTERED         ; Untyped                                     ;
; BYTEENA_REG_B                      ; CLOCK1               ; Untyped                                     ;
; INDATA_ACLR_B                      ; NONE                 ; Untyped                                     ;
; WRCONTROL_ACLR_B                   ; NONE                 ; Untyped                                     ;
; ADDRESS_ACLR_B                     ; NONE                 ; Untyped                                     ;
; OUTDATA_ACLR_B                     ; NONE                 ; Untyped                                     ;
; RDCONTROL_ACLR_B                   ; NONE                 ; Untyped                                     ;
; BYTEENA_ACLR_B                     ; NONE                 ; Untyped                                     ;
; WIDTH_BYTEENA_A                    ; 1                    ; Untyped                                     ;
; WIDTH_BYTEENA_B                    ; 1                    ; Untyped                                     ;
; RAM_BLOCK_TYPE                     ; M9K                  ; Untyped                                     ;
; BYTE_SIZE                          ; 8                    ; Untyped                                     ;
; READ_DURING_WRITE_MODE_MIXED_PORTS ; DONT_CARE            ; Untyped                                     ;
; READ_DURING_WRITE_MODE_PORT_A      ; NEW_DATA_NO_NBE_READ ; Untyped                                     ;
; READ_DURING_WRITE_MODE_PORT_B      ; NEW_DATA_NO_NBE_READ ; Untyped                                     ;
; INIT_FILE                          ; UNUSED               ; Untyped                                     ;
; INIT_FILE_LAYOUT                   ; PORT_A               ; Untyped                                     ;
; MAXIMUM_DEPTH                      ; 0                    ; Untyped                                     ;
; CLOCK_ENABLE_INPUT_A               ; NORMAL               ; Untyped                                     ;
; CLOCK_ENABLE_INPUT_B               ; NORMAL               ; Untyped                                     ;
; CLOCK_ENABLE_OUTPUT_A              ; NORMAL               ; Untyped                                     ;
; CLOCK_ENABLE_OUTPUT_B              ; NORMAL               ; Untyped                                     ;
; CLOCK_ENABLE_CORE_A                ; USE_INPUT_CLKEN      ; Untyped                                     ;
; CLOCK_ENABLE_CORE_B                ; USE_INPUT_CLKEN      ; Untyped                                     ;
; ENABLE_ECC                         ; FALSE                ; Untyped                                     ;
; ECC_PIPELINE_STAGE_ENABLED         ; FALSE                ; Untyped                                     ;
; WIDTH_ECCSTATUS                    ; 3                    ; Untyped                                     ;
; DEVICE_FAMILY                      ; Cyclone IV E         ; Untyped                                     ;
; CBXI_PARAMETER                     ; altsyncram_bl51      ; Untyped                                     ;
+------------------------------------+----------------------+---------------------------------------------+
Note: In order to hide this table in the UI and the text report file, please set the "Show Parameter Settings in Synthesis Report" option in "Analysis and Synthesis Settings -> More Settings" to "Off".


+------------------------------------------------------------------------------------------------------------------------------------------------------------------------+
; Parameter Settings for Inferred Entity Instance: Ad9233FrameCapture:U2_frame_capture|Ad9233MultistageDecimator:anti_alias_fir|FirDecimatingStage:stage3|lpm_mult:Mult0 ;
+------------------------------------------------+--------------+--------------------------------------------------------------------------------------------------------+
; Parameter Name                                 ; Value        ; Type                                                                                                   ;
+------------------------------------------------+--------------+--------------------------------------------------------------------------------------------------------+
; AUTO_CARRY_CHAINS                              ; ON           ; AUTO_CARRY                                                                                             ;
; IGNORE_CARRY_BUFFERS                           ; OFF          ; IGNORE_CARRY                                                                                           ;
; AUTO_CASCADE_CHAINS                            ; ON           ; AUTO_CASCADE                                                                                           ;
; IGNORE_CASCADE_BUFFERS                         ; OFF          ; IGNORE_CASCADE                                                                                         ;
; LPM_WIDTHA                                     ; 18           ; Untyped                                                                                                ;
; LPM_WIDTHB                                     ; 18           ; Untyped                                                                                                ;
; LPM_WIDTHP                                     ; 36           ; Untyped                                                                                                ;
; LPM_WIDTHR                                     ; 36           ; Untyped                                                                                                ;
; LPM_WIDTHS                                     ; 1            ; Untyped                                                                                                ;
; LPM_REPRESENTATION                             ; SIGNED       ; Untyped                                                                                                ;
; LPM_PIPELINE                                   ; 0            ; Untyped                                                                                                ;
; LATENCY                                        ; 0            ; Untyped                                                                                                ;
; INPUT_A_IS_CONSTANT                            ; NO           ; Untyped                                                                                                ;
; INPUT_B_IS_CONSTANT                            ; NO           ; Untyped                                                                                                ;
; USE_EAB                                        ; OFF          ; Untyped                                                                                                ;
; MAXIMIZE_SPEED                                 ; 6            ; Untyped                                                                                                ;
; DEVICE_FAMILY                                  ; Cyclone IV E ; Untyped                                                                                                ;
; CARRY_CHAIN                                    ; MANUAL       ; Untyped                                                                                                ;
; APEX20K_TECHNOLOGY_MAPPER                      ; LUT          ; TECH_MAPPER_APEX20K                                                                                    ;
; DEDICATED_MULTIPLIER_CIRCUITRY                 ; AUTO         ; Untyped                                                                                                ;
; DEDICATED_MULTIPLIER_MIN_INPUT_WIDTH_FOR_AUTO  ; 0            ; Untyped                                                                                                ;
; DEDICATED_MULTIPLIER_MIN_OUTPUT_WIDTH_FOR_AUTO ; 0            ; Untyped                                                                                                ;
; CBXI_PARAMETER                                 ; mult_c6t     ; Untyped                                                                                                ;
; INPUT_A_FIXED_VALUE                            ; Bx           ; Untyped                                                                                                ;
; INPUT_B_FIXED_VALUE                            ; Bx           ; Untyped                                                                                                ;
; USE_AHDL_IMPLEMENTATION                        ; OFF          ; Untyped                                                                                                ;
+------------------------------------------------+--------------+--------------------------------------------------------------------------------------------------------+
Note: In order to hide this table in the UI and the text report file, please set the "Show Parameter Settings in Synthesis Report" option in "Analysis and Synthesis Settings -> More Settings" to "Off".


+------------------------------------------------------------------------------------------------------------------------------------------------------------------------+
; Parameter Settings for Inferred Entity Instance: Ad9233FrameCapture:U2_frame_capture|Ad9233MultistageDecimator:anti_alias_fir|FirDecimatingStage:stage2|lpm_mult:Mult1 ;
+------------------------------------------------+--------------+--------------------------------------------------------------------------------------------------------+
; Parameter Name                                 ; Value        ; Type                                                                                                   ;
+------------------------------------------------+--------------+--------------------------------------------------------------------------------------------------------+
; AUTO_CARRY_CHAINS                              ; ON           ; AUTO_CARRY                                                                                             ;
; IGNORE_CARRY_BUFFERS                           ; OFF          ; IGNORE_CARRY                                                                                           ;
; AUTO_CASCADE_CHAINS                            ; ON           ; AUTO_CASCADE                                                                                           ;
; IGNORE_CASCADE_BUFFERS                         ; OFF          ; IGNORE_CASCADE                                                                                         ;
; LPM_WIDTHA                                     ; 18           ; Untyped                                                                                                ;
; LPM_WIDTHB                                     ; 18           ; Untyped                                                                                                ;
; LPM_WIDTHP                                     ; 36           ; Untyped                                                                                                ;
; LPM_WIDTHR                                     ; 36           ; Untyped                                                                                                ;
; LPM_WIDTHS                                     ; 1            ; Untyped                                                                                                ;
; LPM_REPRESENTATION                             ; SIGNED       ; Untyped                                                                                                ;
; LPM_PIPELINE                                   ; 0            ; Untyped                                                                                                ;
; LATENCY                                        ; 0            ; Untyped                                                                                                ;
; INPUT_A_IS_CONSTANT                            ; NO           ; Untyped                                                                                                ;
; INPUT_B_IS_CONSTANT                            ; NO           ; Untyped                                                                                                ;
; USE_EAB                                        ; OFF          ; Untyped                                                                                                ;
; MAXIMIZE_SPEED                                 ; 6            ; Untyped                                                                                                ;
; DEVICE_FAMILY                                  ; Cyclone IV E ; Untyped                                                                                                ;
; CARRY_CHAIN                                    ; MANUAL       ; Untyped                                                                                                ;
; APEX20K_TECHNOLOGY_MAPPER                      ; LUT          ; TECH_MAPPER_APEX20K                                                                                    ;
; DEDICATED_MULTIPLIER_CIRCUITRY                 ; AUTO         ; Untyped                                                                                                ;
; DEDICATED_MULTIPLIER_MIN_INPUT_WIDTH_FOR_AUTO  ; 0            ; Untyped                                                                                                ;
; DEDICATED_MULTIPLIER_MIN_OUTPUT_WIDTH_FOR_AUTO ; 0            ; Untyped                                                                                                ;
; CBXI_PARAMETER                                 ; mult_c6t     ; Untyped                                                                                                ;
; INPUT_A_FIXED_VALUE                            ; Bx           ; Untyped                                                                                                ;
; INPUT_B_FIXED_VALUE                            ; Bx           ; Untyped                                                                                                ;
; USE_AHDL_IMPLEMENTATION                        ; OFF          ; Untyped                                                                                                ;
+------------------------------------------------+--------------+--------------------------------------------------------------------------------------------------------+
Note: In order to hide this table in the UI and the text report file, please set the "Show Parameter Settings in Synthesis Report" option in "Analysis and Synthesis Settings -> More Settings" to "Off".


+------------------------------------------------------------------------------------------------------------------------------------------------------------------------+
; Parameter Settings for Inferred Entity Instance: Ad9233FrameCapture:U2_frame_capture|Ad9233MultistageDecimator:anti_alias_fir|FirDecimatingStage:stage2|lpm_mult:Mult0 ;
+------------------------------------------------+--------------+--------------------------------------------------------------------------------------------------------+
; Parameter Name                                 ; Value        ; Type                                                                                                   ;
+------------------------------------------------+--------------+--------------------------------------------------------------------------------------------------------+
; AUTO_CARRY_CHAINS                              ; ON           ; AUTO_CARRY                                                                                             ;
; IGNORE_CARRY_BUFFERS                           ; OFF          ; IGNORE_CARRY                                                                                           ;
; AUTO_CASCADE_CHAINS                            ; ON           ; AUTO_CASCADE                                                                                           ;
; IGNORE_CASCADE_BUFFERS                         ; OFF          ; IGNORE_CASCADE                                                                                         ;
; LPM_WIDTHA                                     ; 18           ; Untyped                                                                                                ;
; LPM_WIDTHB                                     ; 18           ; Untyped                                                                                                ;
; LPM_WIDTHP                                     ; 36           ; Untyped                                                                                                ;
; LPM_WIDTHR                                     ; 36           ; Untyped                                                                                                ;
; LPM_WIDTHS                                     ; 1            ; Untyped                                                                                                ;
; LPM_REPRESENTATION                             ; SIGNED       ; Untyped                                                                                                ;
; LPM_PIPELINE                                   ; 0            ; Untyped                                                                                                ;
; LATENCY                                        ; 0            ; Untyped                                                                                                ;
; INPUT_A_IS_CONSTANT                            ; NO           ; Untyped                                                                                                ;
; INPUT_B_IS_CONSTANT                            ; NO           ; Untyped                                                                                                ;
; USE_EAB                                        ; OFF          ; Untyped                                                                                                ;
; MAXIMIZE_SPEED                                 ; 6            ; Untyped                                                                                                ;
; DEVICE_FAMILY                                  ; Cyclone IV E ; Untyped                                                                                                ;
; CARRY_CHAIN                                    ; MANUAL       ; Untyped                                                                                                ;
; APEX20K_TECHNOLOGY_MAPPER                      ; LUT          ; TECH_MAPPER_APEX20K                                                                                    ;
; DEDICATED_MULTIPLIER_CIRCUITRY                 ; AUTO         ; Untyped                                                                                                ;
; DEDICATED_MULTIPLIER_MIN_INPUT_WIDTH_FOR_AUTO  ; 0            ; Untyped                                                                                                ;
; DEDICATED_MULTIPLIER_MIN_OUTPUT_WIDTH_FOR_AUTO ; 0            ; Untyped                                                                                                ;
; CBXI_PARAMETER                                 ; mult_c6t     ; Untyped                                                                                                ;
; INPUT_A_FIXED_VALUE                            ; Bx           ; Untyped                                                                                                ;
; INPUT_B_FIXED_VALUE                            ; Bx           ; Untyped                                                                                                ;
; USE_AHDL_IMPLEMENTATION                        ; OFF          ; Untyped                                                                                                ;
+------------------------------------------------+--------------+--------------------------------------------------------------------------------------------------------+
Note: In order to hide this table in the UI and the text report file, please set the "Show Parameter Settings in Synthesis Report" option in "Analysis and Synthesis Settings -> More Settings" to "Off".


+------------------------------------------------------------------------------------------------------------------------------------------------------------------------+
; Parameter Settings for Inferred Entity Instance: Ad9233FrameCapture:U2_frame_capture|Ad9233MultistageDecimator:anti_alias_fir|FirDecimatingStage:stage1|lpm_mult:Mult3 ;
+------------------------------------------------+--------------+--------------------------------------------------------------------------------------------------------+
; Parameter Name                                 ; Value        ; Type                                                                                                   ;
+------------------------------------------------+--------------+--------------------------------------------------------------------------------------------------------+
; AUTO_CARRY_CHAINS                              ; ON           ; AUTO_CARRY                                                                                             ;
; IGNORE_CARRY_BUFFERS                           ; OFF          ; IGNORE_CARRY                                                                                           ;
; AUTO_CASCADE_CHAINS                            ; ON           ; AUTO_CASCADE                                                                                           ;
; IGNORE_CASCADE_BUFFERS                         ; OFF          ; IGNORE_CASCADE                                                                                         ;
; LPM_WIDTHA                                     ; 18           ; Untyped                                                                                                ;
; LPM_WIDTHB                                     ; 18           ; Untyped                                                                                                ;
; LPM_WIDTHP                                     ; 36           ; Untyped                                                                                                ;
; LPM_WIDTHR                                     ; 36           ; Untyped                                                                                                ;
; LPM_WIDTHS                                     ; 1            ; Untyped                                                                                                ;
; LPM_REPRESENTATION                             ; SIGNED       ; Untyped                                                                                                ;
; LPM_PIPELINE                                   ; 0            ; Untyped                                                                                                ;
; LATENCY                                        ; 0            ; Untyped                                                                                                ;
; INPUT_A_IS_CONSTANT                            ; NO           ; Untyped                                                                                                ;
; INPUT_B_IS_CONSTANT                            ; NO           ; Untyped                                                                                                ;
; USE_EAB                                        ; OFF          ; Untyped                                                                                                ;
; MAXIMIZE_SPEED                                 ; 6            ; Untyped                                                                                                ;
; DEVICE_FAMILY                                  ; Cyclone IV E ; Untyped                                                                                                ;
; CARRY_CHAIN                                    ; MANUAL       ; Untyped                                                                                                ;
; APEX20K_TECHNOLOGY_MAPPER                      ; LUT          ; TECH_MAPPER_APEX20K                                                                                    ;
; DEDICATED_MULTIPLIER_CIRCUITRY                 ; AUTO         ; Untyped                                                                                                ;
; DEDICATED_MULTIPLIER_MIN_INPUT_WIDTH_FOR_AUTO  ; 0            ; Untyped                                                                                                ;
; DEDICATED_MULTIPLIER_MIN_OUTPUT_WIDTH_FOR_AUTO ; 0            ; Untyped                                                                                                ;
; CBXI_PARAMETER                                 ; mult_c6t     ; Untyped                                                                                                ;
; INPUT_A_FIXED_VALUE                            ; Bx           ; Untyped                                                                                                ;
; INPUT_B_FIXED_VALUE                            ; Bx           ; Untyped                                                                                                ;
; USE_AHDL_IMPLEMENTATION                        ; OFF          ; Untyped                                                                                                ;
+------------------------------------------------+--------------+--------------------------------------------------------------------------------------------------------+
Note: In order to hide this table in the UI and the text report file, please set the "Show Parameter Settings in Synthesis Report" option in "Analysis and Synthesis Settings -> More Settings" to "Off".


+------------------------------------------------------------------------------------------------------------------------------------------------------------------------+
; Parameter Settings for Inferred Entity Instance: Ad9233FrameCapture:U2_frame_capture|Ad9233MultistageDecimator:anti_alias_fir|FirDecimatingStage:stage1|lpm_mult:Mult2 ;
+------------------------------------------------+--------------+--------------------------------------------------------------------------------------------------------+
; Parameter Name                                 ; Value        ; Type                                                                                                   ;
+------------------------------------------------+--------------+--------------------------------------------------------------------------------------------------------+
; AUTO_CARRY_CHAINS                              ; ON           ; AUTO_CARRY                                                                                             ;
; IGNORE_CARRY_BUFFERS                           ; OFF          ; IGNORE_CARRY                                                                                           ;
; AUTO_CASCADE_CHAINS                            ; ON           ; AUTO_CASCADE                                                                                           ;
; IGNORE_CASCADE_BUFFERS                         ; OFF          ; IGNORE_CASCADE                                                                                         ;
; LPM_WIDTHA                                     ; 18           ; Untyped                                                                                                ;
; LPM_WIDTHB                                     ; 18           ; Untyped                                                                                                ;
; LPM_WIDTHP                                     ; 36           ; Untyped                                                                                                ;
; LPM_WIDTHR                                     ; 36           ; Untyped                                                                                                ;
; LPM_WIDTHS                                     ; 1            ; Untyped                                                                                                ;
; LPM_REPRESENTATION                             ; SIGNED       ; Untyped                                                                                                ;
; LPM_PIPELINE                                   ; 0            ; Untyped                                                                                                ;
; LATENCY                                        ; 0            ; Untyped                                                                                                ;
; INPUT_A_IS_CONSTANT                            ; NO           ; Untyped                                                                                                ;
; INPUT_B_IS_CONSTANT                            ; NO           ; Untyped                                                                                                ;
; USE_EAB                                        ; OFF          ; Untyped                                                                                                ;
; MAXIMIZE_SPEED                                 ; 6            ; Untyped                                                                                                ;
; DEVICE_FAMILY                                  ; Cyclone IV E ; Untyped                                                                                                ;
; CARRY_CHAIN                                    ; MANUAL       ; Untyped                                                                                                ;
; APEX20K_TECHNOLOGY_MAPPER                      ; LUT          ; TECH_MAPPER_APEX20K                                                                                    ;
; DEDICATED_MULTIPLIER_CIRCUITRY                 ; AUTO         ; Untyped                                                                                                ;
; DEDICATED_MULTIPLIER_MIN_INPUT_WIDTH_FOR_AUTO  ; 0            ; Untyped                                                                                                ;
; DEDICATED_MULTIPLIER_MIN_OUTPUT_WIDTH_FOR_AUTO ; 0            ; Untyped                                                                                                ;
; CBXI_PARAMETER                                 ; mult_c6t     ; Untyped                                                                                                ;
; INPUT_A_FIXED_VALUE                            ; Bx           ; Untyped                                                                                                ;
; INPUT_B_FIXED_VALUE                            ; Bx           ; Untyped                                                                                                ;
; USE_AHDL_IMPLEMENTATION                        ; OFF          ; Untyped                                                                                                ;
+------------------------------------------------+--------------+--------------------------------------------------------------------------------------------------------+
Note: In order to hide this table in the UI and the text report file, please set the "Show Parameter Settings in Synthesis Report" option in "Analysis and Synthesis Settings -> More Settings" to "Off".


+------------------------------------------------------------------------------------------------------------------------------------------------------------------------+
; Parameter Settings for Inferred Entity Instance: Ad9233FrameCapture:U2_frame_capture|Ad9233MultistageDecimator:anti_alias_fir|FirDecimatingStage:stage1|lpm_mult:Mult1 ;
+------------------------------------------------+--------------+--------------------------------------------------------------------------------------------------------+
; Parameter Name                                 ; Value        ; Type                                                                                                   ;
+------------------------------------------------+--------------+--------------------------------------------------------------------------------------------------------+
; AUTO_CARRY_CHAINS                              ; ON           ; AUTO_CARRY                                                                                             ;
; IGNORE_CARRY_BUFFERS                           ; OFF          ; IGNORE_CARRY                                                                                           ;
; AUTO_CASCADE_CHAINS                            ; ON           ; AUTO_CASCADE                                                                                           ;
; IGNORE_CASCADE_BUFFERS                         ; OFF          ; IGNORE_CASCADE                                                                                         ;
; LPM_WIDTHA                                     ; 18           ; Untyped                                                                                                ;
; LPM_WIDTHB                                     ; 18           ; Untyped                                                                                                ;
; LPM_WIDTHP                                     ; 36           ; Untyped                                                                                                ;
; LPM_WIDTHR                                     ; 36           ; Untyped                                                                                                ;
; LPM_WIDTHS                                     ; 1            ; Untyped                                                                                                ;
; LPM_REPRESENTATION                             ; SIGNED       ; Untyped                                                                                                ;
; LPM_PIPELINE                                   ; 0            ; Untyped                                                                                                ;
; LATENCY                                        ; 0            ; Untyped                                                                                                ;
; INPUT_A_IS_CONSTANT                            ; NO           ; Untyped                                                                                                ;
; INPUT_B_IS_CONSTANT                            ; NO           ; Untyped                                                                                                ;
; USE_EAB                                        ; OFF          ; Untyped                                                                                                ;
; MAXIMIZE_SPEED                                 ; 6            ; Untyped                                                                                                ;
; DEVICE_FAMILY                                  ; Cyclone IV E ; Untyped                                                                                                ;
; CARRY_CHAIN                                    ; MANUAL       ; Untyped                                                                                                ;
; APEX20K_TECHNOLOGY_MAPPER                      ; LUT          ; TECH_MAPPER_APEX20K                                                                                    ;
; DEDICATED_MULTIPLIER_CIRCUITRY                 ; AUTO         ; Untyped                                                                                                ;
; DEDICATED_MULTIPLIER_MIN_INPUT_WIDTH_FOR_AUTO  ; 0            ; Untyped                                                                                                ;
; DEDICATED_MULTIPLIER_MIN_OUTPUT_WIDTH_FOR_AUTO ; 0            ; Untyped                                                                                                ;
; CBXI_PARAMETER                                 ; mult_c6t     ; Untyped                                                                                                ;
; INPUT_A_FIXED_VALUE                            ; Bx           ; Untyped                                                                                                ;
; INPUT_B_FIXED_VALUE                            ; Bx           ; Untyped                                                                                                ;
; USE_AHDL_IMPLEMENTATION                        ; OFF          ; Untyped                                                                                                ;
+------------------------------------------------+--------------+--------------------------------------------------------------------------------------------------------+
Note: In order to hide this table in the UI and the text report file, please set the "Show Parameter Settings in Synthesis Report" option in "Analysis and Synthesis Settings -> More Settings" to "Off".


+------------------------------------------------------------------------------------------------------------------------------------------------------------------------+
; Parameter Settings for Inferred Entity Instance: Ad9233FrameCapture:U2_frame_capture|Ad9233MultistageDecimator:anti_alias_fir|FirDecimatingStage:stage1|lpm_mult:Mult0 ;
+------------------------------------------------+--------------+--------------------------------------------------------------------------------------------------------+
; Parameter Name                                 ; Value        ; Type                                                                                                   ;
+------------------------------------------------+--------------+--------------------------------------------------------------------------------------------------------+
; AUTO_CARRY_CHAINS                              ; ON           ; AUTO_CARRY                                                                                             ;
; IGNORE_CARRY_BUFFERS                           ; OFF          ; IGNORE_CARRY                                                                                           ;
; AUTO_CASCADE_CHAINS                            ; ON           ; AUTO_CASCADE                                                                                           ;
; IGNORE_CASCADE_BUFFERS                         ; OFF          ; IGNORE_CASCADE                                                                                         ;
; LPM_WIDTHA                                     ; 18           ; Untyped                                                                                                ;
; LPM_WIDTHB                                     ; 18           ; Untyped                                                                                                ;
; LPM_WIDTHP                                     ; 36           ; Untyped                                                                                                ;
; LPM_WIDTHR                                     ; 36           ; Untyped                                                                                                ;
; LPM_WIDTHS                                     ; 1            ; Untyped                                                                                                ;
; LPM_REPRESENTATION                             ; SIGNED       ; Untyped                                                                                                ;
; LPM_PIPELINE                                   ; 0            ; Untyped                                                                                                ;
; LATENCY                                        ; 0            ; Untyped                                                                                                ;
; INPUT_A_IS_CONSTANT                            ; NO           ; Untyped                                                                                                ;
; INPUT_B_IS_CONSTANT                            ; NO           ; Untyped                                                                                                ;
; USE_EAB                                        ; OFF          ; Untyped                                                                                                ;
; MAXIMIZE_SPEED                                 ; 6            ; Untyped                                                                                                ;
; DEVICE_FAMILY                                  ; Cyclone IV E ; Untyped                                                                                                ;
; CARRY_CHAIN                                    ; MANUAL       ; Untyped                                                                                                ;
; APEX20K_TECHNOLOGY_MAPPER                      ; LUT          ; TECH_MAPPER_APEX20K                                                                                    ;
; DEDICATED_MULTIPLIER_CIRCUITRY                 ; AUTO         ; Untyped                                                                                                ;
; DEDICATED_MULTIPLIER_MIN_INPUT_WIDTH_FOR_AUTO  ; 0            ; Untyped                                                                                                ;
; DEDICATED_MULTIPLIER_MIN_OUTPUT_WIDTH_FOR_AUTO ; 0            ; Untyped                                                                                                ;
; CBXI_PARAMETER                                 ; mult_c6t     ; Untyped                                                                                                ;
; INPUT_A_FIXED_VALUE                            ; Bx           ; Untyped                                                                                                ;
; INPUT_B_FIXED_VALUE                            ; Bx           ; Untyped                                                                                                ;
; USE_AHDL_IMPLEMENTATION                        ; OFF          ; Untyped                                                                                                ;
+------------------------------------------------+--------------+--------------------------------------------------------------------------------------------------------+
Note: In order to hide this table in the UI and the text report file, please set the "Show Parameter Settings in Synthesis Report" option in "Analysis and Synthesis Settings -> More Settings" to "Off".


+-------------------------------------------------------------------------------------------+
; altpll Parameter Settings by Entity Instance                                              ;
+-------------------------------+-----------------------------------------------------------+
; Name                          ; Value                                                     ;
+-------------------------------+-----------------------------------------------------------+
; Number of entity instances    ; 1                                                         ;
; Entity Instance               ; Ad9233Pll62m5:U0_adc_pll62m5_inst|altpll:altpll_component ;
;     -- OPERATION_MODE         ; NORMAL                                                    ;
;     -- PLL_TYPE               ; AUTO                                                      ;
;     -- PRIMARY_CLOCK          ; INCLK0                                                    ;
;     -- INCLK0_INPUT_FREQUENCY ; 20000                                                     ;
;     -- INCLK1_INPUT_FREQUENCY ; 0                                                         ;
;     -- VCO_MULTIPLY_BY        ; 0                                                         ;
;     -- VCO_DIVIDE_BY          ; 0                                                         ;
+-------------------------------+-----------------------------------------------------------+


+--------------------------------------------------------------------------------------------------------+
; altsyncram Parameter Settings by Entity Instance                                                       ;
+-------------------------------------------+------------------------------------------------------------+
; Name                                      ; Value                                                      ;
+-------------------------------------------+------------------------------------------------------------+
; Number of entity instances                ; 1                                                          ;
; Entity Instance                           ; Ad9233FrameCapture:U2_frame_capture|altsyncram:capture_ram ;
;     -- OPERATION_MODE                     ; DUAL_PORT                                                  ;
;     -- WIDTH_A                            ; 12                                                         ;
;     -- NUMWORDS_A                         ; 4096                                                       ;
;     -- OUTDATA_REG_A                      ; UNREGISTERED                                               ;
;     -- WIDTH_B                            ; 12                                                         ;
;     -- NUMWORDS_B                         ; 4096                                                       ;
;     -- ADDRESS_REG_B                      ; CLOCK1                                                     ;
;     -- OUTDATA_REG_B                      ; UNREGISTERED                                               ;
;     -- RAM_BLOCK_TYPE                     ; M9K                                                        ;
;     -- READ_DURING_WRITE_MODE_MIXED_PORTS ; DONT_CARE                                                  ;
+-------------------------------------------+------------------------------------------------------------+


+---------------------------------------------------------------------------------------------------------------------------------------------------------------+
; lpm_mult Parameter Settings by Entity Instance                                                                                                                ;
+---------------------------------------+-----------------------------------------------------------------------------------------------------------------------+
; Name                                  ; Value                                                                                                                 ;
+---------------------------------------+-----------------------------------------------------------------------------------------------------------------------+
; Number of entity instances            ; 7                                                                                                                     ;
; Entity Instance                       ; Ad9233FrameCapture:U2_frame_capture|Ad9233MultistageDecimator:anti_alias_fir|FirDecimatingStage:stage3|lpm_mult:Mult0 ;
;     -- LPM_WIDTHA                     ; 18                                                                                                                    ;
;     -- LPM_WIDTHB                     ; 18                                                                                                                    ;
;     -- LPM_WIDTHP                     ; 36                                                                                                                    ;
;     -- LPM_REPRESENTATION             ; SIGNED                                                                                                                ;
;     -- INPUT_A_IS_CONSTANT            ; NO                                                                                                                    ;
;     -- INPUT_B_IS_CONSTANT            ; NO                                                                                                                    ;
;     -- USE_EAB                        ; OFF                                                                                                                   ;
;     -- DEDICATED_MULTIPLIER_CIRCUITRY ; AUTO                                                                                                                  ;
;     -- INPUT_A_FIXED_VALUE            ; Bx                                                                                                                    ;
;     -- INPUT_B_FIXED_VALUE            ; Bx                                                                                                                    ;
; Entity Instance                       ; Ad9233FrameCapture:U2_frame_capture|Ad9233MultistageDecimator:anti_alias_fir|FirDecimatingStage:stage2|lpm_mult:Mult1 ;
;     -- LPM_WIDTHA                     ; 18                                                                                                                    ;
;     -- LPM_WIDTHB                     ; 18                                                                                                                    ;
;     -- LPM_WIDTHP                     ; 36                                                                                                                    ;
;     -- LPM_REPRESENTATION             ; SIGNED                                                                                                                ;
;     -- INPUT_A_IS_CONSTANT            ; NO                                                                                                                    ;
;     -- INPUT_B_IS_CONSTANT            ; NO                                                                                                                    ;
;     -- USE_EAB                        ; OFF                                                                                                                   ;
;     -- DEDICATED_MULTIPLIER_CIRCUITRY ; AUTO                                                                                                                  ;
;     -- INPUT_A_FIXED_VALUE            ; Bx                                                                                                                    ;
;     -- INPUT_B_FIXED_VALUE            ; Bx                                                                                                                    ;
; Entity Instance                       ; Ad9233FrameCapture:U2_frame_capture|Ad9233MultistageDecimator:anti_alias_fir|FirDecimatingStage:stage2|lpm_mult:Mult0 ;
;     -- LPM_WIDTHA                     ; 18                                                                                                                    ;
;     -- LPM_WIDTHB                     ; 18                                                                                                                    ;
;     -- LPM_WIDTHP                     ; 36                                                                                                                    ;
;     -- LPM_REPRESENTATION             ; SIGNED                                                                                                                ;
;     -- INPUT_A_IS_CONSTANT            ; NO                                                                                                                    ;
;     -- INPUT_B_IS_CONSTANT            ; NO                                                                                                                    ;
;     -- USE_EAB                        ; OFF                                                                                                                   ;
;     -- DEDICATED_MULTIPLIER_CIRCUITRY ; AUTO                                                                                                                  ;
;     -- INPUT_A_FIXED_VALUE            ; Bx                                                                                                                    ;
;     -- INPUT_B_FIXED_VALUE            ; Bx                                                                                                                    ;
; Entity Instance                       ; Ad9233FrameCapture:U2_frame_capture|Ad9233MultistageDecimator:anti_alias_fir|FirDecimatingStage:stage1|lpm_mult:Mult3 ;
;     -- LPM_WIDTHA                     ; 18                                                                                                                    ;
;     -- LPM_WIDTHB                     ; 18                                                                                                                    ;
;     -- LPM_WIDTHP                     ; 36                                                                                                                    ;
;     -- LPM_REPRESENTATION             ; SIGNED                                                                                                                ;
;     -- INPUT_A_IS_CONSTANT            ; NO                                                                                                                    ;
;     -- INPUT_B_IS_CONSTANT            ; NO                                                                                                                    ;
;     -- USE_EAB                        ; OFF                                                                                                                   ;
;     -- DEDICATED_MULTIPLIER_CIRCUITRY ; AUTO                                                                                                                  ;
;     -- INPUT_A_FIXED_VALUE            ; Bx                                                                                                                    ;
;     -- INPUT_B_FIXED_VALUE            ; Bx                                                                                                                    ;
; Entity Instance                       ; Ad9233FrameCapture:U2_frame_capture|Ad9233MultistageDecimator:anti_alias_fir|FirDecimatingStage:stage1|lpm_mult:Mult2 ;
;     -- LPM_WIDTHA                     ; 18                                                                                                                    ;
;     -- LPM_WIDTHB                     ; 18                                                                                                                    ;
;     -- LPM_WIDTHP                     ; 36                                                                                                                    ;
;     -- LPM_REPRESENTATION             ; SIGNED                                                                                                                ;
;     -- INPUT_A_IS_CONSTANT            ; NO                                                                                                                    ;
;     -- INPUT_B_IS_CONSTANT            ; NO                                                                                                                    ;
;     -- USE_EAB                        ; OFF                                                                                                                   ;
;     -- DEDICATED_MULTIPLIER_CIRCUITRY ; AUTO                                                                                                                  ;
;     -- INPUT_A_FIXED_VALUE            ; Bx                                                                                                                    ;
;     -- INPUT_B_FIXED_VALUE            ; Bx                                                                                                                    ;
; Entity Instance                       ; Ad9233FrameCapture:U2_frame_capture|Ad9233MultistageDecimator:anti_alias_fir|FirDecimatingStage:stage1|lpm_mult:Mult1 ;
;     -- LPM_WIDTHA                     ; 18                                                                                                                    ;
;     -- LPM_WIDTHB                     ; 18                                                                                                                    ;
;     -- LPM_WIDTHP                     ; 36                                                                                                                    ;
;     -- LPM_REPRESENTATION             ; SIGNED                                                                                                                ;
;     -- INPUT_A_IS_CONSTANT            ; NO                                                                                                                    ;
;     -- INPUT_B_IS_CONSTANT            ; NO                                                                                                                    ;
;     -- USE_EAB                        ; OFF                                                                                                                   ;
;     -- DEDICATED_MULTIPLIER_CIRCUITRY ; AUTO                                                                                                                  ;
;     -- INPUT_A_FIXED_VALUE            ; Bx                                                                                                                    ;
;     -- INPUT_B_FIXED_VALUE            ; Bx                                                                                                                    ;
; Entity Instance                       ; Ad9233FrameCapture:U2_frame_capture|Ad9233MultistageDecimator:anti_alias_fir|FirDecimatingStage:stage1|lpm_mult:Mult0 ;
;     -- LPM_WIDTHA                     ; 18                                                                                                                    ;
;     -- LPM_WIDTHB                     ; 18                                                                                                                    ;
;     -- LPM_WIDTHP                     ; 36                                                                                                                    ;
;     -- LPM_REPRESENTATION             ; SIGNED                                                                                                                ;
;     -- INPUT_A_IS_CONSTANT            ; NO                                                                                                                    ;
;     -- INPUT_B_IS_CONSTANT            ; NO                                                                                                                    ;
;     -- USE_EAB                        ; OFF                                                                                                                   ;
;     -- DEDICATED_MULTIPLIER_CIRCUITRY ; AUTO                                                                                                                  ;
;     -- INPUT_A_FIXED_VALUE            ; Bx                                                                                                                    ;
;     -- INPUT_B_FIXED_VALUE            ; Bx                                                                                                                    ;
+---------------------------------------+-----------------------------------------------------------------------------------------------------------------------+


+------------------------------------------------------------------------------------------------------------------------------------+
; Port Connectivity Checks: "Ad9233FrameCapture:U2_frame_capture|Ad9233MultistageDecimator:anti_alias_fir|FirDecimatingStage:stage1" ;
+-----------------+-------+----------+-----------------------------------------------------------------------------------------------+
; Port            ; Type  ; Severity ; Details                                                                                       ;
+-----------------+-------+----------+-----------------------------------------------------------------------------------------------+
; sample_in[3..0] ; Input ; Info     ; Stuck at GND                                                                                  ;
+-----------------+-------+----------+-----------------------------------------------------------------------------------------------+


+-----------------------------------------------------------------------------------------------------------------------------------+
; Port Connectivity Checks: "Ad9233FrameCapture:U2_frame_capture"                                                                   ;
+-------------------------+--------+----------+-------------------------------------------------------------------------------------+
; Port                    ; Type   ; Severity ; Details                                                                             ;
+-------------------------+--------+----------+-------------------------------------------------------------------------------------+
; filter_overrun_count    ; Output ; Info     ; Connected to dangling logic. Logic that only feeds a dangling port will be removed. ;
; filter_saturation_count ; Output ; Info     ; Connected to dangling logic. Logic that only feeds a dangling port will be removed. ;
+-------------------------+--------+----------+-------------------------------------------------------------------------------------+


+-------------------------------+
; Elapsed Time Per Partition    ;
+----------------+--------------+
; Partition Name ; Elapsed Time ;
+----------------+--------------+
; Top            ; 00:00:15     ;
+----------------+--------------+


+-------------------------------+
; Analysis & Synthesis Messages ;
+-------------------------------+
Info: *******************************************************************
Info: Running Quartus II 64-Bit Analysis & Synthesis
    Info: Version 13.1.0 Build 162 10/23/2013 SJ Full Version
    Info: Processing started: Fri Jul 31 18:45:17 2026
Info: Command: quartus_map --read_settings_files=on --write_settings_files=off DAC904_HighSpeedDAC -c DAC904_HighSpeedDAC
Info (11104): Parallel Compilation has detected 16 hyper-threaded processors. However, the extra hyper-threaded processors will not be used by default. Parallel Compilation will use 10 of the 10 physical processors detected instead.
Info (12021): Found 1 design units, including 1 entities, in source file /diansai2025/26diansai_g_62m5/fpga_sendwave/rtl/ad9233pll62m5.v
    Info (12023): Found entity 1: Ad9233Pll62m5
Info (12021): Found 1 design units, including 1 entities, in source file /diansai2025/26diansai_g_62m5/fpga_sendwave/rtl/ad9233spiinit.v
    Info (12023): Found entity 1: Ad9233SpiInit
Info (12021): Found 1 design units, including 1 entities, in source file /diansai2025/26diansai_g_62m5/fpga_sendwave/rtl/firdecimatingstage.v
    Info (12023): Found entity 1: FirDecimatingStage
Info (12021): Found 1 design units, including 1 entities, in source file /diansai2025/26diansai_g_62m5/fpga_sendwave/rtl/ad9233multistagedecimator.v
    Info (12023): Found entity 1: Ad9233MultistageDecimator
Info (12021): Found 1 design units, including 1 entities, in source file /diansai2025/26diansai_g_62m5/fpga_sendwave/rtl/ad9233framecapture.v
    Info (12023): Found entity 1: Ad9233FrameCapture
Info (12021): Found 1 design units, including 1 entities, in source file /diansai2025/26diansai_g_62m5/fpga_sendwave/rtl/analyzerspislave.v
    Info (12023): Found entity 1: AnalyzerSpiSlave
Info (12021): Found 1 design units, including 1 entities, in source file /diansai2025/26diansai_g_62m5/fpga_sendwave/rtl/dac904_writetest.v
    Info (12023): Found entity 1: DAC904_WriteTEST
Info (12127): Elaborating entity "DAC904_WriteTEST" for the top level hierarchy
Info (12128): Elaborating entity "Ad9233Pll62m5" for hierarchy "Ad9233Pll62m5:U0_adc_pll62m5_inst"
Info (12128): Elaborating entity "altpll" for hierarchy "Ad9233Pll62m5:U0_adc_pll62m5_inst|altpll:altpll_component"
Info (12130): Elaborated megafunction instantiation "Ad9233Pll62m5:U0_adc_pll62m5_inst|altpll:altpll_component"
Info (12133): Instantiated megafunction "Ad9233Pll62m5:U0_adc_pll62m5_inst|altpll:altpll_component" with the following parameter:
    Info (12134): Parameter "bandwidth_type" = "AUTO"
    Info (12134): Parameter "clk0_divide_by" = "4"
    Info (12134): Parameter "clk0_duty_cycle" = "50"
    Info (12134): Parameter "clk0_multiply_by" = "5"
    Info (12134): Parameter "clk0_phase_shift" = "0"
    Info (12134): Parameter "compensate_clock" = "CLK0"
    Info (12134): Parameter "inclk0_input_frequency" = "20000"
    Info (12134): Parameter "intended_device_family" = "Cyclone IV E"
    Info (12134): Parameter "lpm_hint" = "CBX_MODULE_PREFIX=Ad9233Pll62m5"
    Info (12134): Parameter "lpm_type" = "altpll"
    Info (12134): Parameter "operation_mode" = "NORMAL"
    Info (12134): Parameter "pll_type" = "AUTO"
    Info (12134): Parameter "port_areset" = "PORT_USED"
    Info (12134): Parameter "port_inclk0" = "PORT_USED"
    Info (12134): Parameter "port_inclk1" = "PORT_UNUSED"
    Info (12134): Parameter "port_locked" = "PORT_USED"
    Info (12134): Parameter "port_clk0" = "PORT_USED"
    Info (12134): Parameter "port_clk1" = "PORT_UNUSED"
    Info (12134): Parameter "port_clk2" = "PORT_UNUSED"
    Info (12134): Parameter "port_clk3" = "PORT_UNUSED"
    Info (12134): Parameter "port_clk4" = "PORT_UNUSED"
    Info (12134): Parameter "port_clk5" = "PORT_UNUSED"
    Info (12134): Parameter "port_extclk0" = "PORT_UNUSED"
    Info (12134): Parameter "port_extclk1" = "PORT_UNUSED"
    Info (12134): Parameter "port_extclk2" = "PORT_UNUSED"
    Info (12134): Parameter "port_extclk3" = "PORT_UNUSED"
    Info (12134): Parameter "width_clock" = "5"
Info (12021): Found 1 design units, including 1 entities, in source file db/ad9233pll62m5_altpll.v
    Info (12023): Found entity 1: Ad9233Pll62m5_altpll
Info (12128): Elaborating entity "Ad9233Pll62m5_altpll" for hierarchy "Ad9233Pll62m5:U0_adc_pll62m5_inst|altpll:altpll_component|Ad9233Pll62m5_altpll:auto_generated"
Info (12128): Elaborating entity "Ad9233SpiInit" for hierarchy "Ad9233SpiInit:U1_ad9233_spi_init"
Info (12128): Elaborating entity "Ad9233FrameCapture" for hierarchy "Ad9233FrameCapture:U2_frame_capture"
Info (12128): Elaborating entity "Ad9233MultistageDecimator" for hierarchy "Ad9233FrameCapture:U2_frame_capture|Ad9233MultistageDecimator:anti_alias_fir"
Info (12128): Elaborating entity "FirDecimatingStage" for hierarchy "Ad9233FrameCapture:U2_frame_capture|Ad9233MultistageDecimator:anti_alias_fir|FirDecimatingStage:stage1"
Info (12128): Elaborating entity "FirDecimatingStage" for hierarchy "Ad9233FrameCapture:U2_frame_capture|Ad9233MultistageDecimator:anti_alias_fir|FirDecimatingStage:stage2"
Info (12128): Elaborating entity "FirDecimatingStage" for hierarchy "Ad9233FrameCapture:U2_frame_capture|Ad9233MultistageDecimator:anti_alias_fir|FirDecimatingStage:stage3"
Info (12128): Elaborating entity "altsyncram" for hierarchy "Ad9233FrameCapture:U2_frame_capture|altsyncram:capture_ram"
Info (12130): Elaborated megafunction instantiation "Ad9233FrameCapture:U2_frame_capture|altsyncram:capture_ram"
Info (12133): Instantiated megafunction "Ad9233FrameCapture:U2_frame_capture|altsyncram:capture_ram" with the following parameter:
    Info (12134): Parameter "operation_mode" = "DUAL_PORT"
    Info (12134): Parameter "width_a" = "12"
    Info (12134): Parameter "widthad_a" = "12"
    Info (12134): Parameter "numwords_a" = "4096"
    Info (12134): Parameter "width_b" = "12"
    Info (12134): Parameter "widthad_b" = "12"
    Info (12134): Parameter "numwords_b" = "4096"
    Info (12134): Parameter "outdata_reg_b" = "UNREGISTERED"
    Info (12134): Parameter "address_reg_b" = "CLOCK1"
    Info (12134): Parameter "intended_device_family" = "Cyclone IV E"
    Info (12134): Parameter "ram_block_type" = "M9K"
    Info (12134): Parameter "lpm_type" = "altsyncram"
Info (12021): Found 1 design units, including 1 entities, in source file db/altsyncram_bl51.tdf
    Info (12023): Found entity 1: altsyncram_bl51
Info (12128): Elaborating entity "altsyncram_bl51" for hierarchy "Ad9233FrameCapture:U2_frame_capture|altsyncram:capture_ram|altsyncram_bl51:auto_generated"
Warning (287013): Variable or input pin "data_b" is defined but never used.
Info (12128): Elaborating entity "AnalyzerSpiSlave" for hierarchy "AnalyzerSpiSlave:U3_analyzer_spi"
Info (278001): Inferred 7 megafunctions from design logic
    Info (278003): Inferred multiplier megafunction ("lpm_mult") from the following logic: "Ad9233FrameCapture:U2_frame_capture|Ad9233MultistageDecimator:anti_alias_fir|FirDecimatingStage:stage3|Mult0"
    Info (278003): Inferred multiplier megafunction ("lpm_mult") from the following logic: "Ad9233FrameCapture:U2_frame_capture|Ad9233MultistageDecimator:anti_alias_fir|FirDecimatingStage:stage2|Mult1"
    Info (278003): Inferred multiplier megafunction ("lpm_mult") from the following logic: "Ad9233FrameCapture:U2_frame_capture|Ad9233MultistageDecimator:anti_alias_fir|FirDecimatingStage:stage2|Mult0"
    Info (278003): Inferred multiplier megafunction ("lpm_mult") from the following logic: "Ad9233FrameCapture:U2_frame_capture|Ad9233MultistageDecimator:anti_alias_fir|FirDecimatingStage:stage1|Mult3"
    Info (278003): Inferred multiplier megafunction ("lpm_mult") from the following logic: "Ad9233FrameCapture:U2_frame_capture|Ad9233MultistageDecimator:anti_alias_fir|FirDecimatingStage:stage1|Mult2"
    Info (278003): Inferred multiplier megafunction ("lpm_mult") from the following logic: "Ad9233FrameCapture:U2_frame_capture|Ad9233MultistageDecimator:anti_alias_fir|FirDecimatingStage:stage1|Mult1"
    Info (278003): Inferred multiplier megafunction ("lpm_mult") from the following logic: "Ad9233FrameCapture:U2_frame_capture|Ad9233MultistageDecimator:anti_alias_fir|FirDecimatingStage:stage1|Mult0"
Info (12130): Elaborated megafunction instantiation "Ad9233FrameCapture:U2_frame_capture|Ad9233MultistageDecimator:anti_alias_fir|FirDecimatingStage:stage3|lpm_mult:Mult0"
Info (12133): Instantiated megafunction "Ad9233FrameCapture:U2_frame_capture|Ad9233MultistageDecimator:anti_alias_fir|FirDecimatingStage:stage3|lpm_mult:Mult0" with the following parameter:
    Info (12134): Parameter "LPM_WIDTHA" = "18"
    Info (12134): Parameter "LPM_WIDTHB" = "18"
    Info (12134): Parameter "LPM_WIDTHP" = "36"
    Info (12134): Parameter "LPM_WIDTHR" = "36"
    Info (12134): Parameter "LPM_WIDTHS" = "1"
    Info (12134): Parameter "LPM_REPRESENTATION" = "SIGNED"
    Info (12134): Parameter "INPUT_A_IS_CONSTANT" = "NO"
    Info (12134): Parameter "INPUT_B_IS_CONSTANT" = "NO"
    Info (12134): Parameter "MAXIMIZE_SPEED" = "6"
Info (12021): Found 1 design units, including 1 entities, in source file db/mult_c6t.tdf
    Info (12023): Found entity 1: mult_c6t
Info (12130): Elaborated megafunction instantiation "Ad9233FrameCapture:U2_frame_capture|Ad9233MultistageDecimator:anti_alias_fir|FirDecimatingStage:stage1|lpm_mult:Mult3"
Info (12133): Instantiated megafunction "Ad9233FrameCapture:U2_frame_capture|Ad9233MultistageDecimator:anti_alias_fir|FirDecimatingStage:stage1|lpm_mult:Mult3" with the following parameter:
    Info (12134): Parameter "LPM_WIDTHA" = "18"
    Info (12134): Parameter "LPM_WIDTHB" = "18"
    Info (12134): Parameter "LPM_WIDTHP" = "36"
    Info (12134): Parameter "LPM_WIDTHR" = "36"
    Info (12134): Parameter "LPM_WIDTHS" = "1"
    Info (12134): Parameter "LPM_REPRESENTATION" = "SIGNED"
    Info (12134): Parameter "INPUT_A_IS_CONSTANT" = "NO"
    Info (12134): Parameter "INPUT_B_IS_CONSTANT" = "NO"
    Info (12134): Parameter "MAXIMIZE_SPEED" = "6"
Info (12130): Elaborated megafunction instantiation "Ad9233FrameCapture:U2_frame_capture|Ad9233MultistageDecimator:anti_alias_fir|FirDecimatingStage:stage1|lpm_mult:Mult2"
Info (12133): Instantiated megafunction "Ad9233FrameCapture:U2_frame_capture|Ad9233MultistageDecimator:anti_alias_fir|FirDecimatingStage:stage1|lpm_mult:Mult2" with the following parameter:
    Info (12134): Parameter "LPM_WIDTHA" = "18"
    Info (12134): Parameter "LPM_WIDTHB" = "18"
    Info (12134): Parameter "LPM_WIDTHP" = "36"
    Info (12134): Parameter "LPM_WIDTHR" = "36"
    Info (12134): Parameter "LPM_WIDTHS" = "1"
    Info (12134): Parameter "LPM_REPRESENTATION" = "SIGNED"
    Info (12134): Parameter "INPUT_A_IS_CONSTANT" = "NO"
    Info (12134): Parameter "INPUT_B_IS_CONSTANT" = "NO"
    Info (12134): Parameter "MAXIMIZE_SPEED" = "6"
Info (12130): Elaborated megafunction instantiation "Ad9233FrameCapture:U2_frame_capture|Ad9233MultistageDecimator:anti_alias_fir|FirDecimatingStage:stage1|lpm_mult:Mult1"
Info (12133): Instantiated megafunction "Ad9233FrameCapture:U2_frame_capture|Ad9233MultistageDecimator:anti_alias_fir|FirDecimatingStage:stage1|lpm_mult:Mult1" with the following parameter:
    Info (12134): Parameter "LPM_WIDTHA" = "18"
    Info (12134): Parameter "LPM_WIDTHB" = "18"
    Info (12134): Parameter "LPM_WIDTHP" = "36"
    Info (12134): Parameter "LPM_WIDTHR" = "36"
    Info (12134): Parameter "LPM_WIDTHS" = "1"
    Info (12134): Parameter "LPM_REPRESENTATION" = "SIGNED"
    Info (12134): Parameter "INPUT_A_IS_CONSTANT" = "NO"
    Info (12134): Parameter "INPUT_B_IS_CONSTANT" = "NO"
    Info (12134): Parameter "MAXIMIZE_SPEED" = "6"
Info (13000): Registers with preset signals will power-up high
Info (13003): DEV_CLRn pin will set, and not reset, register with preset signal due to NOT Gate Push-Back
Warning (13024): Output pins are stuck at VCC or GND
    Warning (13410): Pin "clk_driver" is stuck at GND
    Warning (13410): Pin "IO_data[0]" is stuck at GND
    Warning (13410): Pin "IO_data[1]" is stuck at GND
    Warning (13410): Pin "IO_data[2]" is stuck at GND
    Warning (13410): Pin "IO_data[3]" is stuck at GND
    Warning (13410): Pin "IO_data[4]" is stuck at GND
    Warning (13410): Pin "IO_data[5]" is stuck at GND
    Warning (13410): Pin "IO_data[6]" is stuck at GND
    Warning (13410): Pin "IO_data[7]" is stuck at GND
    Warning (13410): Pin "IO_data[8]" is stuck at GND
    Warning (13410): Pin "IO_data[9]" is stuck at GND
    Warning (13410): Pin "IO_data[10]" is stuck at GND
    Warning (13410): Pin "IO_data[11]" is stuck at GND
    Warning (13410): Pin "IO_data[12]" is stuck at GND
    Warning (13410): Pin "IO_data[13]" is stuck at VCC
    Warning (13410): Pin "dac_gnd" is stuck at GND
    Warning (13410): Pin "adc_pwdn_o" is stuck at GND
    Warning (13410): Pin "adc_debug_status_o[0]" is stuck at VCC
    Warning (13410): Pin "adc_debug_status_o[4]" is stuck at GND
    Warning (13410): Pin "adc_debug_status_o[5]" is stuck at GND
    Warning (13410): Pin "adc_debug_status_o[10]" is stuck at GND
    Warning (13410): Pin "adc_debug_status_o[11]" is stuck at GND
Info (286030): Timing-Driven Synthesis is running
Info (17049): 5 registers lost all their fanouts during netlist optimizations.
Info (144001): Generated suppressed messages file D:/diansai2025/26Diansai_G_62m5/FPGA_sendwave/prj/DAC904_HighSpeedDAC.map.smsg
Info (16010): Generating hard_block partition "hard_block:auto_generated_inst"
    Info (16011): Adding 1 node(s), including 0 DDIO, 1 PLL, 0 transceiver and 0 LCELL
Info (15717): Design contains 25 virtual pins; timing numbers associated with paths containing virtual pins are estimates
    Info (15719): Pin "adc_debug_clk_o" is virtual output pin
    Info (15719): Pin "adc_debug_sample_o[0]" is virtual output pin
    Info (15719): Pin "adc_debug_sample_o[1]" is virtual output pin
    Info (15719): Pin "adc_debug_sample_o[2]" is virtual output pin
    Info (15719): Pin "adc_debug_sample_o[3]" is virtual output pin
    Info (15719): Pin "adc_debug_sample_o[4]" is virtual output pin
    Info (15719): Pin "adc_debug_sample_o[5]" is virtual output pin
    Info (15719): Pin "adc_debug_sample_o[6]" is virtual output pin
    Info (15719): Pin "adc_debug_sample_o[7]" is virtual output pin
    Info (15719): Pin "adc_debug_sample_o[8]" is virtual output pin
    Info (15719): Pin "adc_debug_sample_o[9]" is virtual output pin
    Info (15719): Pin "adc_debug_sample_o[10]" is virtual output pin
    Info (15719): Pin "adc_debug_sample_o[11]" is virtual output pin
    Info (15719): Pin "adc_debug_status_o[0]" is virtual output pin
    Info (15719): Pin "adc_debug_status_o[1]" is virtual output pin
    Info (15719): Pin "adc_debug_status_o[2]" is virtual output pin
    Info (15719): Pin "adc_debug_status_o[3]" is virtual output pin
    Info (15719): Pin "adc_debug_status_o[4]" is virtual output pin
    Info (15719): Pin "adc_debug_status_o[5]" is virtual output pin
    Info (15719): Pin "adc_debug_status_o[6]" is virtual output pin
    Info (15719): Pin "adc_debug_status_o[7]" is virtual output pin
    Info (15719): Pin "adc_debug_status_o[8]" is virtual output pin
    Info (15719): Pin "adc_debug_status_o[9]" is virtual output pin
    Info (15719): Pin "adc_debug_status_o[10]" is virtual output pin
    Info (15719): Pin "adc_debug_status_o[11]" is virtual output pin
Info (21057): Implemented 6630 device resources after synthesis - the final resource count might be different
    Info (21058): Implemented 19 input pins
    Info (21059): Implemented 23 output pins
    Info (21061): Implemented 6561 logic cells
    Info (21064): Implemented 12 RAM segments
    Info (21065): Implemented 1 PLLs
    Info (21062): Implemented 14 DSP elements
Info: Quartus II 64-Bit Analysis & Synthesis was successful. 0 errors, 24 warnings
    Info: Peak virtual memory: 4748 megabytes
    Info: Processing ended: Fri Jul 31 18:45:39 2026
    Info: Elapsed time: 00:00:22
    Info: Total CPU time (on all processors): 00:00:19


+------------------------------------------+
; Analysis & Synthesis Suppressed Messages ;
+------------------------------------------+
The suppressed messages can be found in D:/diansai2025/26Diansai_G_62m5/FPGA_sendwave/prj/DAC904_HighSpeedDAC.map.smsg.


