TimeQuest Timing Analyzer report for DAC904_HighSpeedDAC
Fri Jul 31 18:46:43 2026
Quartus II 64-Bit Version 13.1.0 Build 162 10/23/2013 SJ Full Version


---------------------
; Table of Contents ;
---------------------
  1. Legal Notice
  2. TimeQuest Timing Analyzer Summary
  3. Parallel Compilation
  4. SDC File List
  5. Clocks
  6. Slow 1200mV 85C Model Fmax Summary
  7. Timing Closure Recommendations
  8. Slow 1200mV 85C Model Setup Summary
  9. Slow 1200mV 85C Model Hold Summary
 10. Slow 1200mV 85C Model Recovery Summary
 11. Slow 1200mV 85C Model Removal Summary
 12. Slow 1200mV 85C Model Minimum Pulse Width Summary
 13. Slow 1200mV 85C Model Setup: 'adc_dco'
 14. Slow 1200mV 85C Model Setup: 'clk_50m'
 15. Slow 1200mV 85C Model Setup: 'mcu_spi_sck'
 16. Slow 1200mV 85C Model Hold: 'adc_dco'
 17. Slow 1200mV 85C Model Hold: 'clk_50m'
 18. Slow 1200mV 85C Model Hold: 'mcu_spi_sck'
 19. Slow 1200mV 85C Model Minimum Pulse Width: 'adc_dco'
 20. Slow 1200mV 85C Model Minimum Pulse Width: 'clk_50m'
 21. Slow 1200mV 85C Model Minimum Pulse Width: 'mcu_spi_sck'
 22. Setup Times
 23. Hold Times
 24. Clock to Output Times
 25. Minimum Clock to Output Times
 26. Slow 1200mV 85C Model Metastability Report
 27. Slow 1200mV 0C Model Fmax Summary
 28. Slow 1200mV 0C Model Setup Summary
 29. Slow 1200mV 0C Model Hold Summary
 30. Slow 1200mV 0C Model Recovery Summary
 31. Slow 1200mV 0C Model Removal Summary
 32. Slow 1200mV 0C Model Minimum Pulse Width Summary
 33. Slow 1200mV 0C Model Setup: 'adc_dco'
 34. Slow 1200mV 0C Model Setup: 'clk_50m'
 35. Slow 1200mV 0C Model Setup: 'mcu_spi_sck'
 36. Slow 1200mV 0C Model Hold: 'adc_dco'
 37. Slow 1200mV 0C Model Hold: 'clk_50m'
 38. Slow 1200mV 0C Model Hold: 'mcu_spi_sck'
 39. Slow 1200mV 0C Model Minimum Pulse Width: 'adc_dco'
 40. Slow 1200mV 0C Model Minimum Pulse Width: 'clk_50m'
 41. Slow 1200mV 0C Model Minimum Pulse Width: 'mcu_spi_sck'
 42. Setup Times
 43. Hold Times
 44. Clock to Output Times
 45. Minimum Clock to Output Times
 46. Slow 1200mV 0C Model Metastability Report
 47. Fast 1200mV 0C Model Setup Summary
 48. Fast 1200mV 0C Model Hold Summary
 49. Fast 1200mV 0C Model Recovery Summary
 50. Fast 1200mV 0C Model Removal Summary
 51. Fast 1200mV 0C Model Minimum Pulse Width Summary
 52. Fast 1200mV 0C Model Setup: 'adc_dco'
 53. Fast 1200mV 0C Model Setup: 'clk_50m'
 54. Fast 1200mV 0C Model Setup: 'mcu_spi_sck'
 55. Fast 1200mV 0C Model Hold: 'adc_dco'
 56. Fast 1200mV 0C Model Hold: 'clk_50m'
 57. Fast 1200mV 0C Model Hold: 'mcu_spi_sck'
 58. Fast 1200mV 0C Model Minimum Pulse Width: 'adc_dco'
 59. Fast 1200mV 0C Model Minimum Pulse Width: 'clk_50m'
 60. Fast 1200mV 0C Model Minimum Pulse Width: 'mcu_spi_sck'
 61. Setup Times
 62. Hold Times
 63. Clock to Output Times
 64. Minimum Clock to Output Times
 65. Fast 1200mV 0C Model Metastability Report
 66. Multicorner Timing Analysis Summary
 67. Setup Times
 68. Hold Times
 69. Clock to Output Times
 70. Minimum Clock to Output Times
 71. Board Trace Model Assignments
 72. Input Transition Times
 73. Signal Integrity Metrics (Slow 1200mv 0c Model)
 74. Signal Integrity Metrics (Slow 1200mv 85c Model)
 75. Signal Integrity Metrics (Fast 1200mv 0c Model)
 76. Setup Transfers
 77. Hold Transfers
 78. Report TCCS
 79. Report RSKM
 80. Unconstrained Paths
 81. TimeQuest Timing Analyzer Messages



----------------
; Legal Notice ;
----------------
Copyright (C) 1991-2013 Altera Corporation
Your use of Altera Corporation's design tools, logic functions 
and other software and tools, and its AMPP partner logic 
functions, and any output files from any of the foregoing 
(including device programming or simulation files), and any 
associated documentation or information are expressly subject 
to the terms and conditions of the Altera Program License 
Subscription Agreement, Altera MegaCore Function License 
Agreement, or other applicable license agreement, including, 
without limitation, that your use is for the sole purpose of 
programming logic devices manufactured by Altera and sold by 
Altera or its authorized distributors.  Please refer to the 
applicable agreement for further details.



+--------------------------------------------------------------------------+
; TimeQuest Timing Analyzer Summary                                        ;
+--------------------+-----------------------------------------------------+
; Quartus II Version ; Version 13.1.0 Build 162 10/23/2013 SJ Full Version ;
; Revision Name      ; DAC904_HighSpeedDAC                                 ;
; Device Family      ; Cyclone IV E                                        ;
; Device Name        ; EP4CE10F17C8                                        ;
; Timing Models      ; Final                                               ;
; Delay Model        ; Combined                                            ;
; Rise/Fall Delays   ; Enabled                                             ;
+--------------------+-----------------------------------------------------+


+------------------------------------------+
; Parallel Compilation                     ;
+----------------------------+-------------+
; Processors                 ; Number      ;
+----------------------------+-------------+
; Number detected on machine ; 16          ;
; Maximum allowed            ; 10          ;
;                            ;             ;
; Average used               ; 1.40        ;
; Maximum used               ; 10          ;
;                            ;             ;
; Usage by Processor         ; % Time Used ;
;     Processor 1            ; 100.0%      ;
;     Processors 2-3         ;  20.0%      ;
;     Processors 4-10        ; < 0.1%      ;
;     Processors 11-16       ;   0.0%      ;
+----------------------------+-------------+


+-------------------------------------------------------------+
; SDC File List                                               ;
+-------------------------+--------+--------------------------+
; SDC File Path           ; Status ; Read at                  ;
+-------------------------+--------+--------------------------+
; DAC904_HighSpeedDAC.sdc ; OK     ; Fri Jul 31 18:46:38 2026 ;
+-------------------------+--------+--------------------------+


+-------------------------------------------------------------------------------------------------------------------------------------------------------------------------------------------------------------------------------------------------------------------------------------------------------------------------------------------------------------------+
; Clocks                                                                                                                                                                                                                                                                                                                                                            ;
+-----------------------------------------------------------------+-----------+--------+-----------+-------+--------+------------+-----------+-------------+-------+--------+-----------+------------+----------+---------+-------------------------------------------------------------------+---------------------------------------------------------------------+
; Clock Name                                                      ; Type      ; Period ; Frequency ; Rise  ; Fall   ; Duty Cycle ; Divide by ; Multiply by ; Phase ; Offset ; Edge List ; Edge Shift ; Inverted ; Master  ; Source                                                            ; Targets                                                             ;
+-----------------------------------------------------------------+-----------+--------+-----------+-------+--------+------------+-----------+-------------+-------+--------+-----------+------------+----------+---------+-------------------------------------------------------------------+---------------------------------------------------------------------+
; adc_dco                                                         ; Base      ; 16.000 ; 62.5 MHz  ; 0.000 ; 8.000  ;            ;           ;             ;       ;        ;           ;            ;          ;         ;                                                                   ; { adc_dco_i }                                                       ;
; clk_50m                                                         ; Base      ; 20.000 ; 50.0 MHz  ; 0.000 ; 10.000 ;            ;           ;             ;       ;        ;           ;            ;          ;         ;                                                                   ; { clk }                                                             ;
; mcu_spi_sck                                                     ; Base      ; 83.333 ; 12.0 MHz  ; 0.000 ; 41.666 ;            ;           ;             ;       ;        ;           ;            ;          ;         ;                                                                   ; { mcu_spi_sck }                                                     ;
; U0_adc_pll62m5_inst|altpll_component|auto_generated|pll1|clk[0] ; Generated ; 16.000 ; 62.5 MHz  ; 0.000 ; 8.000  ; 50.00      ; 4         ; 5           ;       ;        ;           ;            ; false    ; clk_50m ; U0_adc_pll62m5_inst|altpll_component|auto_generated|pll1|inclk[0] ; { U0_adc_pll62m5_inst|altpll_component|auto_generated|pll1|clk[0] } ;
+-----------------------------------------------------------------+-----------+--------+-----------+-------+--------+------------+-----------+-------------+-------+--------+-----------+------------+----------+---------+-------------------------------------------------------------------+---------------------------------------------------------------------+


+---------------------------------------------------+
; Slow 1200mV 85C Model Fmax Summary                ;
+------------+-----------------+-------------+------+
; Fmax       ; Restricted Fmax ; Clock Name  ; Note ;
+------------+-----------------+-------------+------+
; 25.35 MHz  ; 25.35 MHz       ; mcu_spi_sck ;      ;
; 88.35 MHz  ; 88.35 MHz       ; adc_dco     ;      ;
; 182.65 MHz ; 182.65 MHz      ; clk_50m     ;      ;
+------------+-----------------+-------------+------+
This panel reports FMAX for every clock in the design, regardless of the user-specified clock periods.  FMAX is only computed for paths where the source and destination registers or ports are driven by the same clock.  Paths of different clocks, including generated clocks, are ignored.  For paths between a clock and its inversion, FMAX is computed as if the rising and falling edges are scaled along with FMAX, such that the duty cycle (in terms of a percentage) is maintained. Altera recommends that you always use clock constraints and other slack reports for sign-off analysis.


----------------------------------
; Timing Closure Recommendations ;
----------------------------------
HTML report is unavailable in plain text report export.


+--------------------------------------+
; Slow 1200mV 85C Model Setup Summary  ;
+-------------+--------+---------------+
; Clock       ; Slack  ; End Point TNS ;
+-------------+--------+---------------+
; adc_dco     ; 4.681  ; 0.000         ;
; clk_50m     ; 14.525 ; 0.000         ;
; mcu_spi_sck ; 21.939 ; 0.000         ;
+-------------+--------+---------------+


+-------------------------------------+
; Slow 1200mV 85C Model Hold Summary  ;
+-------------+-------+---------------+
; Clock       ; Slack ; End Point TNS ;
+-------------+-------+---------------+
; adc_dco     ; 0.451 ; 0.000         ;
; clk_50m     ; 0.452 ; 0.000         ;
; mcu_spi_sck ; 0.485 ; 0.000         ;
+-------------+-------+---------------+


------------------------------------------
; Slow 1200mV 85C Model Recovery Summary ;
------------------------------------------
No paths to report.


-----------------------------------------
; Slow 1200mV 85C Model Removal Summary ;
-----------------------------------------
No paths to report.


+---------------------------------------------------+
; Slow 1200mV 85C Model Minimum Pulse Width Summary ;
+-------------+--------+----------------------------+
; Clock       ; Slack  ; End Point TNS              ;
+-------------+--------+----------------------------+
; adc_dco     ; 7.397  ; 0.000                      ;
; clk_50m     ; 9.784  ; 0.000                      ;
; mcu_spi_sck ; 41.285 ; 0.000                      ;
+-------------+--------+----------------------------+


+-------------------------------------------------------------------------------------------------------------------------------------------------------------------------------------------------------------------------------------------------------------------------------------------------------------------------------------+
; Slow 1200mV 85C Model Setup: 'adc_dco'                                                                                                                                                                                                                                                                                              ;
+-------+------------------------------------------------------------------------------------------------------------------------+------------------------------------------------------------------------------------------------------------------------------+--------------+-------------+--------------+------------+------------+
; Slack ; From Node                                                                                                              ; To Node                                                                                                                      ; Launch Clock ; Latch Clock ; Relationship ; Clock Skew ; Data Delay ;
+-------+------------------------------------------------------------------------------------------------------------------------+------------------------------------------------------------------------------------------------------------------------------+--------------+-------------+--------------+------------+------------+
; 4.681 ; Ad9233FrameCapture:U2_frame_capture|Ad9233MultistageDecimator:anti_alias_fir|FirDecimatingStage:stage3|issue_batch[2]  ; Ad9233FrameCapture:U2_frame_capture|Ad9233MultistageDecimator:anti_alias_fir|FirDecimatingStage:stage3|operand_sample[0][17] ; adc_dco      ; adc_dco     ; 16.000       ; -0.101     ; 11.219     ;
; 4.687 ; Ad9233FrameCapture:U2_frame_capture|Ad9233MultistageDecimator:anti_alias_fir|FirDecimatingStage:stage3|issue_batch[0]  ; Ad9233FrameCapture:U2_frame_capture|Ad9233MultistageDecimator:anti_alias_fir|FirDecimatingStage:stage3|operand_sample[0][17] ; adc_dco      ; adc_dco     ; 16.000       ; -0.101     ; 11.213     ;
; 4.796 ; adc_data_i[7]                                                                                                          ; adc_raw_sample[7]                                                                                                            ; adc_dco      ; adc_dco     ; 8.000        ; 2.381      ; 1.846      ;
; 4.800 ; adc_data_i[11]                                                                                                         ; adc_raw_sample[11]                                                                                                           ; adc_dco      ; adc_dco     ; 8.000        ; 2.385      ; 1.846      ;
; 4.806 ; adc_data_i[4]                                                                                                          ; adc_raw_sample[4]                                                                                                            ; adc_dco      ; adc_dco     ; 8.000        ; 2.381      ; 1.836      ;
; 4.809 ; adc_data_i[2]                                                                                                          ; adc_raw_sample[2]                                                                                                            ; adc_dco      ; adc_dco     ; 8.000        ; 2.384      ; 1.836      ;
; 4.809 ; adc_data_i[5]                                                                                                          ; adc_raw_sample[5]                                                                                                            ; adc_dco      ; adc_dco     ; 8.000        ; 2.384      ; 1.836      ;
; 4.810 ; adc_data_i[8]                                                                                                          ; adc_raw_sample[8]                                                                                                            ; adc_dco      ; adc_dco     ; 8.000        ; 2.385      ; 1.836      ;
; 4.810 ; adc_data_i[6]                                                                                                          ; adc_raw_sample[6]                                                                                                            ; adc_dco      ; adc_dco     ; 8.000        ; 2.385      ; 1.836      ;
; 4.810 ; adc_data_i[9]                                                                                                          ; adc_raw_sample[9]                                                                                                            ; adc_dco      ; adc_dco     ; 8.000        ; 2.385      ; 1.836      ;
; 4.811 ; adc_data_i[3]                                                                                                          ; adc_raw_sample[3]                                                                                                            ; adc_dco      ; adc_dco     ; 8.000        ; 2.386      ; 1.836      ;
; 4.811 ; adc_data_i[0]                                                                                                          ; adc_raw_sample[0]                                                                                                            ; adc_dco      ; adc_dco     ; 8.000        ; 2.386      ; 1.836      ;
; 4.811 ; adc_data_i[10]                                                                                                         ; adc_raw_sample[10]                                                                                                           ; adc_dco      ; adc_dco     ; 8.000        ; 2.386      ; 1.836      ;
; 4.812 ; adc_data_i[1]                                                                                                          ; adc_raw_sample[1]                                                                                                            ; adc_dco      ; adc_dco     ; 8.000        ; 2.387      ; 1.836      ;
; 4.812 ; adc_otr_i                                                                                                              ; adc_raw_otr                                                                                                                  ; adc_dco      ; adc_dco     ; 8.000        ; 2.387      ; 1.836      ;
; 4.827 ; Ad9233FrameCapture:U2_frame_capture|Ad9233MultistageDecimator:anti_alias_fir|FirDecimatingStage:stage3|issue_batch[2]  ; Ad9233FrameCapture:U2_frame_capture|Ad9233MultistageDecimator:anti_alias_fir|FirDecimatingStage:stage3|operand_sample[0][15] ; adc_dco      ; adc_dco     ; 16.000       ; -0.101     ; 11.073     ;
; 4.833 ; Ad9233FrameCapture:U2_frame_capture|Ad9233MultistageDecimator:anti_alias_fir|FirDecimatingStage:stage3|issue_batch[0]  ; Ad9233FrameCapture:U2_frame_capture|Ad9233MultistageDecimator:anti_alias_fir|FirDecimatingStage:stage3|operand_sample[0][15] ; adc_dco      ; adc_dco     ; 16.000       ; -0.101     ; 11.067     ;
; 4.850 ; Ad9233FrameCapture:U2_frame_capture|Ad9233MultistageDecimator:anti_alias_fir|FirDecimatingStage:stage3|issue_batch[3]  ; Ad9233FrameCapture:U2_frame_capture|Ad9233MultistageDecimator:anti_alias_fir|FirDecimatingStage:stage3|operand_sample[0][17] ; adc_dco      ; adc_dco     ; 16.000       ; -0.101     ; 11.050     ;
; 4.857 ; Ad9233FrameCapture:U2_frame_capture|Ad9233MultistageDecimator:anti_alias_fir|FirDecimatingStage:stage3|issue_batch[2]  ; Ad9233FrameCapture:U2_frame_capture|Ad9233MultistageDecimator:anti_alias_fir|FirDecimatingStage:stage3|operand_sample[0][16] ; adc_dco      ; adc_dco     ; 16.000       ; -0.101     ; 11.043     ;
; 4.863 ; Ad9233FrameCapture:U2_frame_capture|Ad9233MultistageDecimator:anti_alias_fir|FirDecimatingStage:stage3|issue_batch[0]  ; Ad9233FrameCapture:U2_frame_capture|Ad9233MultistageDecimator:anti_alias_fir|FirDecimatingStage:stage3|operand_sample[0][16] ; adc_dco      ; adc_dco     ; 16.000       ; -0.101     ; 11.037     ;
; 4.886 ; Ad9233FrameCapture:U2_frame_capture|Ad9233MultistageDecimator:anti_alias_fir|FirDecimatingStage:stage2|issue_batch[2]  ; Ad9233FrameCapture:U2_frame_capture|Ad9233MultistageDecimator:anti_alias_fir|FirDecimatingStage:stage2|operand_sample[1][7]  ; adc_dco      ; adc_dco     ; 16.000       ; -0.274     ; 10.592     ;
; 4.891 ; Ad9233FrameCapture:U2_frame_capture|Ad9233MultistageDecimator:anti_alias_fir|FirDecimatingStage:stage2|result_pipe[6]  ; Ad9233FrameCapture:U2_frame_capture|Ad9233MultistageDecimator:anti_alias_fir|FirDecimatingStage:stage2|saturation_count[0]   ; adc_dco      ; adc_dco     ; 16.000       ; -0.072     ; 11.038     ;
; 4.891 ; Ad9233FrameCapture:U2_frame_capture|Ad9233MultistageDecimator:anti_alias_fir|FirDecimatingStage:stage2|result_pipe[6]  ; Ad9233FrameCapture:U2_frame_capture|Ad9233MultistageDecimator:anti_alias_fir|FirDecimatingStage:stage2|saturation_count[10]  ; adc_dco      ; adc_dco     ; 16.000       ; -0.072     ; 11.038     ;
; 4.891 ; Ad9233FrameCapture:U2_frame_capture|Ad9233MultistageDecimator:anti_alias_fir|FirDecimatingStage:stage2|result_pipe[6]  ; Ad9233FrameCapture:U2_frame_capture|Ad9233MultistageDecimator:anti_alias_fir|FirDecimatingStage:stage2|saturation_count[1]   ; adc_dco      ; adc_dco     ; 16.000       ; -0.072     ; 11.038     ;
; 4.891 ; Ad9233FrameCapture:U2_frame_capture|Ad9233MultistageDecimator:anti_alias_fir|FirDecimatingStage:stage2|result_pipe[6]  ; Ad9233FrameCapture:U2_frame_capture|Ad9233MultistageDecimator:anti_alias_fir|FirDecimatingStage:stage2|saturation_count[2]   ; adc_dco      ; adc_dco     ; 16.000       ; -0.072     ; 11.038     ;
; 4.891 ; Ad9233FrameCapture:U2_frame_capture|Ad9233MultistageDecimator:anti_alias_fir|FirDecimatingStage:stage2|result_pipe[6]  ; Ad9233FrameCapture:U2_frame_capture|Ad9233MultistageDecimator:anti_alias_fir|FirDecimatingStage:stage2|saturation_count[3]   ; adc_dco      ; adc_dco     ; 16.000       ; -0.072     ; 11.038     ;
; 4.891 ; Ad9233FrameCapture:U2_frame_capture|Ad9233MultistageDecimator:anti_alias_fir|FirDecimatingStage:stage2|result_pipe[6]  ; Ad9233FrameCapture:U2_frame_capture|Ad9233MultistageDecimator:anti_alias_fir|FirDecimatingStage:stage2|saturation_count[4]   ; adc_dco      ; adc_dco     ; 16.000       ; -0.072     ; 11.038     ;
; 4.891 ; Ad9233FrameCapture:U2_frame_capture|Ad9233MultistageDecimator:anti_alias_fir|FirDecimatingStage:stage2|result_pipe[6]  ; Ad9233FrameCapture:U2_frame_capture|Ad9233MultistageDecimator:anti_alias_fir|FirDecimatingStage:stage2|saturation_count[5]   ; adc_dco      ; adc_dco     ; 16.000       ; -0.072     ; 11.038     ;
; 4.891 ; Ad9233FrameCapture:U2_frame_capture|Ad9233MultistageDecimator:anti_alias_fir|FirDecimatingStage:stage2|result_pipe[6]  ; Ad9233FrameCapture:U2_frame_capture|Ad9233MultistageDecimator:anti_alias_fir|FirDecimatingStage:stage2|saturation_count[6]   ; adc_dco      ; adc_dco     ; 16.000       ; -0.072     ; 11.038     ;
; 4.891 ; Ad9233FrameCapture:U2_frame_capture|Ad9233MultistageDecimator:anti_alias_fir|FirDecimatingStage:stage2|result_pipe[6]  ; Ad9233FrameCapture:U2_frame_capture|Ad9233MultistageDecimator:anti_alias_fir|FirDecimatingStage:stage2|saturation_count[7]   ; adc_dco      ; adc_dco     ; 16.000       ; -0.072     ; 11.038     ;
; 4.891 ; Ad9233FrameCapture:U2_frame_capture|Ad9233MultistageDecimator:anti_alias_fir|FirDecimatingStage:stage2|result_pipe[6]  ; Ad9233FrameCapture:U2_frame_capture|Ad9233MultistageDecimator:anti_alias_fir|FirDecimatingStage:stage2|saturation_count[8]   ; adc_dco      ; adc_dco     ; 16.000       ; -0.072     ; 11.038     ;
; 4.891 ; Ad9233FrameCapture:U2_frame_capture|Ad9233MultistageDecimator:anti_alias_fir|FirDecimatingStage:stage2|result_pipe[6]  ; Ad9233FrameCapture:U2_frame_capture|Ad9233MultistageDecimator:anti_alias_fir|FirDecimatingStage:stage2|saturation_count[9]   ; adc_dco      ; adc_dco     ; 16.000       ; -0.072     ; 11.038     ;
; 4.891 ; Ad9233FrameCapture:U2_frame_capture|Ad9233MultistageDecimator:anti_alias_fir|FirDecimatingStage:stage2|result_pipe[6]  ; Ad9233FrameCapture:U2_frame_capture|Ad9233MultistageDecimator:anti_alias_fir|FirDecimatingStage:stage2|saturation_count[11]  ; adc_dco      ; adc_dco     ; 16.000       ; -0.072     ; 11.038     ;
; 4.891 ; Ad9233FrameCapture:U2_frame_capture|Ad9233MultistageDecimator:anti_alias_fir|FirDecimatingStage:stage2|result_pipe[6]  ; Ad9233FrameCapture:U2_frame_capture|Ad9233MultistageDecimator:anti_alias_fir|FirDecimatingStage:stage2|saturation_count[12]  ; adc_dco      ; adc_dco     ; 16.000       ; -0.072     ; 11.038     ;
; 4.891 ; Ad9233FrameCapture:U2_frame_capture|Ad9233MultistageDecimator:anti_alias_fir|FirDecimatingStage:stage2|result_pipe[6]  ; Ad9233FrameCapture:U2_frame_capture|Ad9233MultistageDecimator:anti_alias_fir|FirDecimatingStage:stage2|saturation_count[13]  ; adc_dco      ; adc_dco     ; 16.000       ; -0.072     ; 11.038     ;
; 4.891 ; Ad9233FrameCapture:U2_frame_capture|Ad9233MultistageDecimator:anti_alias_fir|FirDecimatingStage:stage2|result_pipe[6]  ; Ad9233FrameCapture:U2_frame_capture|Ad9233MultistageDecimator:anti_alias_fir|FirDecimatingStage:stage2|saturation_count[14]  ; adc_dco      ; adc_dco     ; 16.000       ; -0.072     ; 11.038     ;
; 4.891 ; Ad9233FrameCapture:U2_frame_capture|Ad9233MultistageDecimator:anti_alias_fir|FirDecimatingStage:stage2|result_pipe[6]  ; Ad9233FrameCapture:U2_frame_capture|Ad9233MultistageDecimator:anti_alias_fir|FirDecimatingStage:stage2|saturation_count[15]  ; adc_dco      ; adc_dco     ; 16.000       ; -0.072     ; 11.038     ;
; 4.922 ; Ad9233FrameCapture:U2_frame_capture|Ad9233MultistageDecimator:anti_alias_fir|FirDecimatingStage:stage2|result_pipe[16] ; Ad9233FrameCapture:U2_frame_capture|Ad9233MultistageDecimator:anti_alias_fir|FirDecimatingStage:stage2|saturation_count[0]   ; adc_dco      ; adc_dco     ; 16.000       ; -0.073     ; 11.006     ;
; 4.922 ; Ad9233FrameCapture:U2_frame_capture|Ad9233MultistageDecimator:anti_alias_fir|FirDecimatingStage:stage2|result_pipe[16] ; Ad9233FrameCapture:U2_frame_capture|Ad9233MultistageDecimator:anti_alias_fir|FirDecimatingStage:stage2|saturation_count[10]  ; adc_dco      ; adc_dco     ; 16.000       ; -0.073     ; 11.006     ;
; 4.922 ; Ad9233FrameCapture:U2_frame_capture|Ad9233MultistageDecimator:anti_alias_fir|FirDecimatingStage:stage2|result_pipe[16] ; Ad9233FrameCapture:U2_frame_capture|Ad9233MultistageDecimator:anti_alias_fir|FirDecimatingStage:stage2|saturation_count[1]   ; adc_dco      ; adc_dco     ; 16.000       ; -0.073     ; 11.006     ;
; 4.922 ; Ad9233FrameCapture:U2_frame_capture|Ad9233MultistageDecimator:anti_alias_fir|FirDecimatingStage:stage2|result_pipe[16] ; Ad9233FrameCapture:U2_frame_capture|Ad9233MultistageDecimator:anti_alias_fir|FirDecimatingStage:stage2|saturation_count[2]   ; adc_dco      ; adc_dco     ; 16.000       ; -0.073     ; 11.006     ;
; 4.922 ; Ad9233FrameCapture:U2_frame_capture|Ad9233MultistageDecimator:anti_alias_fir|FirDecimatingStage:stage2|result_pipe[16] ; Ad9233FrameCapture:U2_frame_capture|Ad9233MultistageDecimator:anti_alias_fir|FirDecimatingStage:stage2|saturation_count[3]   ; adc_dco      ; adc_dco     ; 16.000       ; -0.073     ; 11.006     ;
; 4.922 ; Ad9233FrameCapture:U2_frame_capture|Ad9233MultistageDecimator:anti_alias_fir|FirDecimatingStage:stage2|result_pipe[16] ; Ad9233FrameCapture:U2_frame_capture|Ad9233MultistageDecimator:anti_alias_fir|FirDecimatingStage:stage2|saturation_count[4]   ; adc_dco      ; adc_dco     ; 16.000       ; -0.073     ; 11.006     ;
; 4.922 ; Ad9233FrameCapture:U2_frame_capture|Ad9233MultistageDecimator:anti_alias_fir|FirDecimatingStage:stage2|result_pipe[16] ; Ad9233FrameCapture:U2_frame_capture|Ad9233MultistageDecimator:anti_alias_fir|FirDecimatingStage:stage2|saturation_count[5]   ; adc_dco      ; adc_dco     ; 16.000       ; -0.073     ; 11.006     ;
; 4.922 ; Ad9233FrameCapture:U2_frame_capture|Ad9233MultistageDecimator:anti_alias_fir|FirDecimatingStage:stage2|result_pipe[16] ; Ad9233FrameCapture:U2_frame_capture|Ad9233MultistageDecimator:anti_alias_fir|FirDecimatingStage:stage2|saturation_count[6]   ; adc_dco      ; adc_dco     ; 16.000       ; -0.073     ; 11.006     ;
; 4.922 ; Ad9233FrameCapture:U2_frame_capture|Ad9233MultistageDecimator:anti_alias_fir|FirDecimatingStage:stage2|result_pipe[16] ; Ad9233FrameCapture:U2_frame_capture|Ad9233MultistageDecimator:anti_alias_fir|FirDecimatingStage:stage2|saturation_count[7]   ; adc_dco      ; adc_dco     ; 16.000       ; -0.073     ; 11.006     ;
; 4.922 ; Ad9233FrameCapture:U2_frame_capture|Ad9233MultistageDecimator:anti_alias_fir|FirDecimatingStage:stage2|result_pipe[16] ; Ad9233FrameCapture:U2_frame_capture|Ad9233MultistageDecimator:anti_alias_fir|FirDecimatingStage:stage2|saturation_count[8]   ; adc_dco      ; adc_dco     ; 16.000       ; -0.073     ; 11.006     ;
; 4.922 ; Ad9233FrameCapture:U2_frame_capture|Ad9233MultistageDecimator:anti_alias_fir|FirDecimatingStage:stage2|result_pipe[16] ; Ad9233FrameCapture:U2_frame_capture|Ad9233MultistageDecimator:anti_alias_fir|FirDecimatingStage:stage2|saturation_count[9]   ; adc_dco      ; adc_dco     ; 16.000       ; -0.073     ; 11.006     ;
; 4.922 ; Ad9233FrameCapture:U2_frame_capture|Ad9233MultistageDecimator:anti_alias_fir|FirDecimatingStage:stage2|result_pipe[16] ; Ad9233FrameCapture:U2_frame_capture|Ad9233MultistageDecimator:anti_alias_fir|FirDecimatingStage:stage2|saturation_count[11]  ; adc_dco      ; adc_dco     ; 16.000       ; -0.073     ; 11.006     ;
; 4.922 ; Ad9233FrameCapture:U2_frame_capture|Ad9233MultistageDecimator:anti_alias_fir|FirDecimatingStage:stage2|result_pipe[16] ; Ad9233FrameCapture:U2_frame_capture|Ad9233MultistageDecimator:anti_alias_fir|FirDecimatingStage:stage2|saturation_count[12]  ; adc_dco      ; adc_dco     ; 16.000       ; -0.073     ; 11.006     ;
; 4.922 ; Ad9233FrameCapture:U2_frame_capture|Ad9233MultistageDecimator:anti_alias_fir|FirDecimatingStage:stage2|result_pipe[16] ; Ad9233FrameCapture:U2_frame_capture|Ad9233MultistageDecimator:anti_alias_fir|FirDecimatingStage:stage2|saturation_count[13]  ; adc_dco      ; adc_dco     ; 16.000       ; -0.073     ; 11.006     ;
; 4.922 ; Ad9233FrameCapture:U2_frame_capture|Ad9233MultistageDecimator:anti_alias_fir|FirDecimatingStage:stage2|result_pipe[16] ; Ad9233FrameCapture:U2_frame_capture|Ad9233MultistageDecimator:anti_alias_fir|FirDecimatingStage:stage2|saturation_count[14]  ; adc_dco      ; adc_dco     ; 16.000       ; -0.073     ; 11.006     ;
; 4.922 ; Ad9233FrameCapture:U2_frame_capture|Ad9233MultistageDecimator:anti_alias_fir|FirDecimatingStage:stage2|result_pipe[16] ; Ad9233FrameCapture:U2_frame_capture|Ad9233MultistageDecimator:anti_alias_fir|FirDecimatingStage:stage2|saturation_count[15]  ; adc_dco      ; adc_dco     ; 16.000       ; -0.073     ; 11.006     ;
; 4.925 ; Ad9233FrameCapture:U2_frame_capture|Ad9233MultistageDecimator:anti_alias_fir|FirDecimatingStage:stage2|result_pipe[17] ; Ad9233FrameCapture:U2_frame_capture|Ad9233MultistageDecimator:anti_alias_fir|FirDecimatingStage:stage2|saturation_count[0]   ; adc_dco      ; adc_dco     ; 16.000       ; -0.073     ; 11.003     ;
; 4.925 ; Ad9233FrameCapture:U2_frame_capture|Ad9233MultistageDecimator:anti_alias_fir|FirDecimatingStage:stage2|result_pipe[17] ; Ad9233FrameCapture:U2_frame_capture|Ad9233MultistageDecimator:anti_alias_fir|FirDecimatingStage:stage2|saturation_count[10]  ; adc_dco      ; adc_dco     ; 16.000       ; -0.073     ; 11.003     ;
; 4.925 ; Ad9233FrameCapture:U2_frame_capture|Ad9233MultistageDecimator:anti_alias_fir|FirDecimatingStage:stage2|result_pipe[17] ; Ad9233FrameCapture:U2_frame_capture|Ad9233MultistageDecimator:anti_alias_fir|FirDecimatingStage:stage2|saturation_count[1]   ; adc_dco      ; adc_dco     ; 16.000       ; -0.073     ; 11.003     ;
; 4.925 ; Ad9233FrameCapture:U2_frame_capture|Ad9233MultistageDecimator:anti_alias_fir|FirDecimatingStage:stage2|result_pipe[17] ; Ad9233FrameCapture:U2_frame_capture|Ad9233MultistageDecimator:anti_alias_fir|FirDecimatingStage:stage2|saturation_count[2]   ; adc_dco      ; adc_dco     ; 16.000       ; -0.073     ; 11.003     ;
; 4.925 ; Ad9233FrameCapture:U2_frame_capture|Ad9233MultistageDecimator:anti_alias_fir|FirDecimatingStage:stage2|result_pipe[17] ; Ad9233FrameCapture:U2_frame_capture|Ad9233MultistageDecimator:anti_alias_fir|FirDecimatingStage:stage2|saturation_count[3]   ; adc_dco      ; adc_dco     ; 16.000       ; -0.073     ; 11.003     ;
; 4.925 ; Ad9233FrameCapture:U2_frame_capture|Ad9233MultistageDecimator:anti_alias_fir|FirDecimatingStage:stage2|result_pipe[17] ; Ad9233FrameCapture:U2_frame_capture|Ad9233MultistageDecimator:anti_alias_fir|FirDecimatingStage:stage2|saturation_count[4]   ; adc_dco      ; adc_dco     ; 16.000       ; -0.073     ; 11.003     ;
; 4.925 ; Ad9233FrameCapture:U2_frame_capture|Ad9233MultistageDecimator:anti_alias_fir|FirDecimatingStage:stage2|result_pipe[17] ; Ad9233FrameCapture:U2_frame_capture|Ad9233MultistageDecimator:anti_alias_fir|FirDecimatingStage:stage2|saturation_count[5]   ; adc_dco      ; adc_dco     ; 16.000       ; -0.073     ; 11.003     ;
; 4.925 ; Ad9233FrameCapture:U2_frame_capture|Ad9233MultistageDecimator:anti_alias_fir|FirDecimatingStage:stage2|result_pipe[17] ; Ad9233FrameCapture:U2_frame_capture|Ad9233MultistageDecimator:anti_alias_fir|FirDecimatingStage:stage2|saturation_count[6]   ; adc_dco      ; adc_dco     ; 16.000       ; -0.073     ; 11.003     ;
; 4.925 ; Ad9233FrameCapture:U2_frame_capture|Ad9233MultistageDecimator:anti_alias_fir|FirDecimatingStage:stage2|result_pipe[17] ; Ad9233FrameCapture:U2_frame_capture|Ad9233MultistageDecimator:anti_alias_fir|FirDecimatingStage:stage2|saturation_count[7]   ; adc_dco      ; adc_dco     ; 16.000       ; -0.073     ; 11.003     ;
; 4.925 ; Ad9233FrameCapture:U2_frame_capture|Ad9233MultistageDecimator:anti_alias_fir|FirDecimatingStage:stage2|result_pipe[17] ; Ad9233FrameCapture:U2_frame_capture|Ad9233MultistageDecimator:anti_alias_fir|FirDecimatingStage:stage2|saturation_count[8]   ; adc_dco      ; adc_dco     ; 16.000       ; -0.073     ; 11.003     ;
; 4.925 ; Ad9233FrameCapture:U2_frame_capture|Ad9233MultistageDecimator:anti_alias_fir|FirDecimatingStage:stage2|result_pipe[17] ; Ad9233FrameCapture:U2_frame_capture|Ad9233MultistageDecimator:anti_alias_fir|FirDecimatingStage:stage2|saturation_count[9]   ; adc_dco      ; adc_dco     ; 16.000       ; -0.073     ; 11.003     ;
; 4.925 ; Ad9233FrameCapture:U2_frame_capture|Ad9233MultistageDecimator:anti_alias_fir|FirDecimatingStage:stage2|result_pipe[17] ; Ad9233FrameCapture:U2_frame_capture|Ad9233MultistageDecimator:anti_alias_fir|FirDecimatingStage:stage2|saturation_count[11]  ; adc_dco      ; adc_dco     ; 16.000       ; -0.073     ; 11.003     ;
; 4.925 ; Ad9233FrameCapture:U2_frame_capture|Ad9233MultistageDecimator:anti_alias_fir|FirDecimatingStage:stage2|result_pipe[17] ; Ad9233FrameCapture:U2_frame_capture|Ad9233MultistageDecimator:anti_alias_fir|FirDecimatingStage:stage2|saturation_count[12]  ; adc_dco      ; adc_dco     ; 16.000       ; -0.073     ; 11.003     ;
; 4.925 ; Ad9233FrameCapture:U2_frame_capture|Ad9233MultistageDecimator:anti_alias_fir|FirDecimatingStage:stage2|result_pipe[17] ; Ad9233FrameCapture:U2_frame_capture|Ad9233MultistageDecimator:anti_alias_fir|FirDecimatingStage:stage2|saturation_count[13]  ; adc_dco      ; adc_dco     ; 16.000       ; -0.073     ; 11.003     ;
; 4.925 ; Ad9233FrameCapture:U2_frame_capture|Ad9233MultistageDecimator:anti_alias_fir|FirDecimatingStage:stage2|result_pipe[17] ; Ad9233FrameCapture:U2_frame_capture|Ad9233MultistageDecimator:anti_alias_fir|FirDecimatingStage:stage2|saturation_count[14]  ; adc_dco      ; adc_dco     ; 16.000       ; -0.073     ; 11.003     ;
; 4.925 ; Ad9233FrameCapture:U2_frame_capture|Ad9233MultistageDecimator:anti_alias_fir|FirDecimatingStage:stage2|result_pipe[17] ; Ad9233FrameCapture:U2_frame_capture|Ad9233MultistageDecimator:anti_alias_fir|FirDecimatingStage:stage2|saturation_count[15]  ; adc_dco      ; adc_dco     ; 16.000       ; -0.073     ; 11.003     ;
; 4.973 ; Ad9233FrameCapture:U2_frame_capture|Ad9233MultistageDecimator:anti_alias_fir|FirDecimatingStage:stage3|issue_batch[2]  ; Ad9233FrameCapture:U2_frame_capture|Ad9233MultistageDecimator:anti_alias_fir|FirDecimatingStage:stage3|operand_sample[0][13] ; adc_dco      ; adc_dco     ; 16.000       ; -0.101     ; 10.927     ;
; 4.979 ; Ad9233FrameCapture:U2_frame_capture|Ad9233MultistageDecimator:anti_alias_fir|FirDecimatingStage:stage2|result_pipe[7]  ; Ad9233FrameCapture:U2_frame_capture|Ad9233MultistageDecimator:anti_alias_fir|FirDecimatingStage:stage2|saturation_count[0]   ; adc_dco      ; adc_dco     ; 16.000       ; -0.072     ; 10.950     ;
; 4.979 ; Ad9233FrameCapture:U2_frame_capture|Ad9233MultistageDecimator:anti_alias_fir|FirDecimatingStage:stage2|result_pipe[7]  ; Ad9233FrameCapture:U2_frame_capture|Ad9233MultistageDecimator:anti_alias_fir|FirDecimatingStage:stage2|saturation_count[10]  ; adc_dco      ; adc_dco     ; 16.000       ; -0.072     ; 10.950     ;
; 4.979 ; Ad9233FrameCapture:U2_frame_capture|Ad9233MultistageDecimator:anti_alias_fir|FirDecimatingStage:stage2|result_pipe[7]  ; Ad9233FrameCapture:U2_frame_capture|Ad9233MultistageDecimator:anti_alias_fir|FirDecimatingStage:stage2|saturation_count[1]   ; adc_dco      ; adc_dco     ; 16.000       ; -0.072     ; 10.950     ;
; 4.979 ; Ad9233FrameCapture:U2_frame_capture|Ad9233MultistageDecimator:anti_alias_fir|FirDecimatingStage:stage2|result_pipe[7]  ; Ad9233FrameCapture:U2_frame_capture|Ad9233MultistageDecimator:anti_alias_fir|FirDecimatingStage:stage2|saturation_count[2]   ; adc_dco      ; adc_dco     ; 16.000       ; -0.072     ; 10.950     ;
; 4.979 ; Ad9233FrameCapture:U2_frame_capture|Ad9233MultistageDecimator:anti_alias_fir|FirDecimatingStage:stage2|result_pipe[7]  ; Ad9233FrameCapture:U2_frame_capture|Ad9233MultistageDecimator:anti_alias_fir|FirDecimatingStage:stage2|saturation_count[3]   ; adc_dco      ; adc_dco     ; 16.000       ; -0.072     ; 10.950     ;
; 4.979 ; Ad9233FrameCapture:U2_frame_capture|Ad9233MultistageDecimator:anti_alias_fir|FirDecimatingStage:stage2|result_pipe[7]  ; Ad9233FrameCapture:U2_frame_capture|Ad9233MultistageDecimator:anti_alias_fir|FirDecimatingStage:stage2|saturation_count[4]   ; adc_dco      ; adc_dco     ; 16.000       ; -0.072     ; 10.950     ;
; 4.979 ; Ad9233FrameCapture:U2_frame_capture|Ad9233MultistageDecimator:anti_alias_fir|FirDecimatingStage:stage2|result_pipe[7]  ; Ad9233FrameCapture:U2_frame_capture|Ad9233MultistageDecimator:anti_alias_fir|FirDecimatingStage:stage2|saturation_count[5]   ; adc_dco      ; adc_dco     ; 16.000       ; -0.072     ; 10.950     ;
; 4.979 ; Ad9233FrameCapture:U2_frame_capture|Ad9233MultistageDecimator:anti_alias_fir|FirDecimatingStage:stage2|result_pipe[7]  ; Ad9233FrameCapture:U2_frame_capture|Ad9233MultistageDecimator:anti_alias_fir|FirDecimatingStage:stage2|saturation_count[6]   ; adc_dco      ; adc_dco     ; 16.000       ; -0.072     ; 10.950     ;
; 4.979 ; Ad9233FrameCapture:U2_frame_capture|Ad9233MultistageDecimator:anti_alias_fir|FirDecimatingStage:stage2|result_pipe[7]  ; Ad9233FrameCapture:U2_frame_capture|Ad9233MultistageDecimator:anti_alias_fir|FirDecimatingStage:stage2|saturation_count[7]   ; adc_dco      ; adc_dco     ; 16.000       ; -0.072     ; 10.950     ;
; 4.979 ; Ad9233FrameCapture:U2_frame_capture|Ad9233MultistageDecimator:anti_alias_fir|FirDecimatingStage:stage2|result_pipe[7]  ; Ad9233FrameCapture:U2_frame_capture|Ad9233MultistageDecimator:anti_alias_fir|FirDecimatingStage:stage2|saturation_count[8]   ; adc_dco      ; adc_dco     ; 16.000       ; -0.072     ; 10.950     ;
; 4.979 ; Ad9233FrameCapture:U2_frame_capture|Ad9233MultistageDecimator:anti_alias_fir|FirDecimatingStage:stage2|result_pipe[7]  ; Ad9233FrameCapture:U2_frame_capture|Ad9233MultistageDecimator:anti_alias_fir|FirDecimatingStage:stage2|saturation_count[9]   ; adc_dco      ; adc_dco     ; 16.000       ; -0.072     ; 10.950     ;
; 4.979 ; Ad9233FrameCapture:U2_frame_capture|Ad9233MultistageDecimator:anti_alias_fir|FirDecimatingStage:stage2|result_pipe[7]  ; Ad9233FrameCapture:U2_frame_capture|Ad9233MultistageDecimator:anti_alias_fir|FirDecimatingStage:stage2|saturation_count[11]  ; adc_dco      ; adc_dco     ; 16.000       ; -0.072     ; 10.950     ;
; 4.979 ; Ad9233FrameCapture:U2_frame_capture|Ad9233MultistageDecimator:anti_alias_fir|FirDecimatingStage:stage2|result_pipe[7]  ; Ad9233FrameCapture:U2_frame_capture|Ad9233MultistageDecimator:anti_alias_fir|FirDecimatingStage:stage2|saturation_count[12]  ; adc_dco      ; adc_dco     ; 16.000       ; -0.072     ; 10.950     ;
; 4.979 ; Ad9233FrameCapture:U2_frame_capture|Ad9233MultistageDecimator:anti_alias_fir|FirDecimatingStage:stage2|result_pipe[7]  ; Ad9233FrameCapture:U2_frame_capture|Ad9233MultistageDecimator:anti_alias_fir|FirDecimatingStage:stage2|saturation_count[13]  ; adc_dco      ; adc_dco     ; 16.000       ; -0.072     ; 10.950     ;
; 4.979 ; Ad9233FrameCapture:U2_frame_capture|Ad9233MultistageDecimator:anti_alias_fir|FirDecimatingStage:stage2|result_pipe[7]  ; Ad9233FrameCapture:U2_frame_capture|Ad9233MultistageDecimator:anti_alias_fir|FirDecimatingStage:stage2|saturation_count[14]  ; adc_dco      ; adc_dco     ; 16.000       ; -0.072     ; 10.950     ;
; 4.979 ; Ad9233FrameCapture:U2_frame_capture|Ad9233MultistageDecimator:anti_alias_fir|FirDecimatingStage:stage2|result_pipe[7]  ; Ad9233FrameCapture:U2_frame_capture|Ad9233MultistageDecimator:anti_alias_fir|FirDecimatingStage:stage2|saturation_count[15]  ; adc_dco      ; adc_dco     ; 16.000       ; -0.072     ; 10.950     ;
; 4.979 ; Ad9233FrameCapture:U2_frame_capture|Ad9233MultistageDecimator:anti_alias_fir|FirDecimatingStage:stage3|issue_batch[0]  ; Ad9233FrameCapture:U2_frame_capture|Ad9233MultistageDecimator:anti_alias_fir|FirDecimatingStage:stage3|operand_sample[0][13] ; adc_dco      ; adc_dco     ; 16.000       ; -0.101     ; 10.921     ;
; 5.003 ; Ad9233FrameCapture:U2_frame_capture|Ad9233MultistageDecimator:anti_alias_fir|FirDecimatingStage:stage3|issue_batch[2]  ; Ad9233FrameCapture:U2_frame_capture|Ad9233MultistageDecimator:anti_alias_fir|FirDecimatingStage:stage3|operand_sample[0][14] ; adc_dco      ; adc_dco     ; 16.000       ; -0.101     ; 10.897     ;
; 5.009 ; Ad9233FrameCapture:U2_frame_capture|Ad9233MultistageDecimator:anti_alias_fir|FirDecimatingStage:stage3|issue_batch[0]  ; Ad9233FrameCapture:U2_frame_capture|Ad9233MultistageDecimator:anti_alias_fir|FirDecimatingStage:stage3|operand_sample[0][14] ; adc_dco      ; adc_dco     ; 16.000       ; -0.101     ; 10.891     ;
; 5.053 ; Ad9233FrameCapture:U2_frame_capture|Ad9233MultistageDecimator:anti_alias_fir|FirDecimatingStage:stage2|result_pipe[19] ; Ad9233FrameCapture:U2_frame_capture|Ad9233MultistageDecimator:anti_alias_fir|FirDecimatingStage:stage2|saturation_count[0]   ; adc_dco      ; adc_dco     ; 16.000       ; -0.073     ; 10.875     ;
; 5.053 ; Ad9233FrameCapture:U2_frame_capture|Ad9233MultistageDecimator:anti_alias_fir|FirDecimatingStage:stage2|result_pipe[19] ; Ad9233FrameCapture:U2_frame_capture|Ad9233MultistageDecimator:anti_alias_fir|FirDecimatingStage:stage2|saturation_count[10]  ; adc_dco      ; adc_dco     ; 16.000       ; -0.073     ; 10.875     ;
; 5.053 ; Ad9233FrameCapture:U2_frame_capture|Ad9233MultistageDecimator:anti_alias_fir|FirDecimatingStage:stage2|result_pipe[19] ; Ad9233FrameCapture:U2_frame_capture|Ad9233MultistageDecimator:anti_alias_fir|FirDecimatingStage:stage2|saturation_count[1]   ; adc_dco      ; adc_dco     ; 16.000       ; -0.073     ; 10.875     ;
; 5.053 ; Ad9233FrameCapture:U2_frame_capture|Ad9233MultistageDecimator:anti_alias_fir|FirDecimatingStage:stage2|result_pipe[19] ; Ad9233FrameCapture:U2_frame_capture|Ad9233MultistageDecimator:anti_alias_fir|FirDecimatingStage:stage2|saturation_count[2]   ; adc_dco      ; adc_dco     ; 16.000       ; -0.073     ; 10.875     ;
; 5.053 ; Ad9233FrameCapture:U2_frame_capture|Ad9233MultistageDecimator:anti_alias_fir|FirDecimatingStage:stage2|result_pipe[19] ; Ad9233FrameCapture:U2_frame_capture|Ad9233MultistageDecimator:anti_alias_fir|FirDecimatingStage:stage2|saturation_count[3]   ; adc_dco      ; adc_dco     ; 16.000       ; -0.073     ; 10.875     ;
; 5.053 ; Ad9233FrameCapture:U2_frame_capture|Ad9233MultistageDecimator:anti_alias_fir|FirDecimatingStage:stage2|result_pipe[19] ; Ad9233FrameCapture:U2_frame_capture|Ad9233MultistageDecimator:anti_alias_fir|FirDecimatingStage:stage2|saturation_count[4]   ; adc_dco      ; adc_dco     ; 16.000       ; -0.073     ; 10.875     ;
; 5.053 ; Ad9233FrameCapture:U2_frame_capture|Ad9233MultistageDecimator:anti_alias_fir|FirDecimatingStage:stage2|result_pipe[19] ; Ad9233FrameCapture:U2_frame_capture|Ad9233MultistageDecimator:anti_alias_fir|FirDecimatingStage:stage2|saturation_count[5]   ; adc_dco      ; adc_dco     ; 16.000       ; -0.073     ; 10.875     ;
; 5.053 ; Ad9233FrameCapture:U2_frame_capture|Ad9233MultistageDecimator:anti_alias_fir|FirDecimatingStage:stage2|result_pipe[19] ; Ad9233FrameCapture:U2_frame_capture|Ad9233MultistageDecimator:anti_alias_fir|FirDecimatingStage:stage2|saturation_count[6]   ; adc_dco      ; adc_dco     ; 16.000       ; -0.073     ; 10.875     ;
; 5.053 ; Ad9233FrameCapture:U2_frame_capture|Ad9233MultistageDecimator:anti_alias_fir|FirDecimatingStage:stage2|result_pipe[19] ; Ad9233FrameCapture:U2_frame_capture|Ad9233MultistageDecimator:anti_alias_fir|FirDecimatingStage:stage2|saturation_count[7]   ; adc_dco      ; adc_dco     ; 16.000       ; -0.073     ; 10.875     ;
; 5.053 ; Ad9233FrameCapture:U2_frame_capture|Ad9233MultistageDecimator:anti_alias_fir|FirDecimatingStage:stage2|result_pipe[19] ; Ad9233FrameCapture:U2_frame_capture|Ad9233MultistageDecimator:anti_alias_fir|FirDecimatingStage:stage2|saturation_count[8]   ; adc_dco      ; adc_dco     ; 16.000       ; -0.073     ; 10.875     ;
; 5.053 ; Ad9233FrameCapture:U2_frame_capture|Ad9233MultistageDecimator:anti_alias_fir|FirDecimatingStage:stage2|result_pipe[19] ; Ad9233FrameCapture:U2_frame_capture|Ad9233MultistageDecimator:anti_alias_fir|FirDecimatingStage:stage2|saturation_count[9]   ; adc_dco      ; adc_dco     ; 16.000       ; -0.073     ; 10.875     ;
+-------+------------------------------------------------------------------------------------------------------------------------+------------------------------------------------------------------------------------------------------------------------------+--------------+-------------+--------------+------------+------------+


+----------------------------------------------------------------------------------------------------------------------------------------------------------------------------------------+
; Slow 1200mV 85C Model Setup: 'clk_50m'                                                                                                                                                 ;
+--------+----------------------------------------------------+----------------------------------------------------+--------------+-------------+--------------+------------+------------+
; Slack  ; From Node                                          ; To Node                                            ; Launch Clock ; Latch Clock ; Relationship ; Clock Skew ; Data Delay ;
+--------+----------------------------------------------------+----------------------------------------------------+--------------+-------------+--------------+------------+------------+
; 14.525 ; Ad9233SpiInit:U1_ad9233_spi_init|startup_count[15] ; Ad9233SpiInit:U1_ad9233_spi_init|startup_count[11] ; clk_50m      ; clk_50m     ; 20.000       ; -0.082     ; 5.394      ;
; 14.525 ; Ad9233SpiInit:U1_ad9233_spi_init|startup_count[15] ; Ad9233SpiInit:U1_ad9233_spi_init|startup_count[10] ; clk_50m      ; clk_50m     ; 20.000       ; -0.082     ; 5.394      ;
; 14.525 ; Ad9233SpiInit:U1_ad9233_spi_init|startup_count[15] ; Ad9233SpiInit:U1_ad9233_spi_init|startup_count[9]  ; clk_50m      ; clk_50m     ; 20.000       ; -0.082     ; 5.394      ;
; 14.525 ; Ad9233SpiInit:U1_ad9233_spi_init|startup_count[15] ; Ad9233SpiInit:U1_ad9233_spi_init|startup_count[8]  ; clk_50m      ; clk_50m     ; 20.000       ; -0.082     ; 5.394      ;
; 14.525 ; Ad9233SpiInit:U1_ad9233_spi_init|startup_count[15] ; Ad9233SpiInit:U1_ad9233_spi_init|startup_count[7]  ; clk_50m      ; clk_50m     ; 20.000       ; -0.082     ; 5.394      ;
; 14.525 ; Ad9233SpiInit:U1_ad9233_spi_init|startup_count[15] ; Ad9233SpiInit:U1_ad9233_spi_init|startup_count[6]  ; clk_50m      ; clk_50m     ; 20.000       ; -0.082     ; 5.394      ;
; 14.525 ; Ad9233SpiInit:U1_ad9233_spi_init|startup_count[15] ; Ad9233SpiInit:U1_ad9233_spi_init|startup_count[5]  ; clk_50m      ; clk_50m     ; 20.000       ; -0.082     ; 5.394      ;
; 14.525 ; Ad9233SpiInit:U1_ad9233_spi_init|startup_count[15] ; Ad9233SpiInit:U1_ad9233_spi_init|startup_count[4]  ; clk_50m      ; clk_50m     ; 20.000       ; -0.082     ; 5.394      ;
; 14.525 ; Ad9233SpiInit:U1_ad9233_spi_init|startup_count[15] ; Ad9233SpiInit:U1_ad9233_spi_init|startup_count[3]  ; clk_50m      ; clk_50m     ; 20.000       ; -0.082     ; 5.394      ;
; 14.525 ; Ad9233SpiInit:U1_ad9233_spi_init|startup_count[15] ; Ad9233SpiInit:U1_ad9233_spi_init|startup_count[1]  ; clk_50m      ; clk_50m     ; 20.000       ; -0.082     ; 5.394      ;
; 14.525 ; Ad9233SpiInit:U1_ad9233_spi_init|startup_count[15] ; Ad9233SpiInit:U1_ad9233_spi_init|startup_count[0]  ; clk_50m      ; clk_50m     ; 20.000       ; -0.082     ; 5.394      ;
; 14.525 ; Ad9233SpiInit:U1_ad9233_spi_init|startup_count[15] ; Ad9233SpiInit:U1_ad9233_spi_init|startup_count[2]  ; clk_50m      ; clk_50m     ; 20.000       ; -0.082     ; 5.394      ;
; 14.525 ; Ad9233SpiInit:U1_ad9233_spi_init|startup_count[12] ; Ad9233SpiInit:U1_ad9233_spi_init|startup_count[11] ; clk_50m      ; clk_50m     ; 20.000       ; -0.082     ; 5.394      ;
; 14.525 ; Ad9233SpiInit:U1_ad9233_spi_init|startup_count[12] ; Ad9233SpiInit:U1_ad9233_spi_init|startup_count[10] ; clk_50m      ; clk_50m     ; 20.000       ; -0.082     ; 5.394      ;
; 14.525 ; Ad9233SpiInit:U1_ad9233_spi_init|startup_count[12] ; Ad9233SpiInit:U1_ad9233_spi_init|startup_count[9]  ; clk_50m      ; clk_50m     ; 20.000       ; -0.082     ; 5.394      ;
; 14.525 ; Ad9233SpiInit:U1_ad9233_spi_init|startup_count[12] ; Ad9233SpiInit:U1_ad9233_spi_init|startup_count[8]  ; clk_50m      ; clk_50m     ; 20.000       ; -0.082     ; 5.394      ;
; 14.525 ; Ad9233SpiInit:U1_ad9233_spi_init|startup_count[12] ; Ad9233SpiInit:U1_ad9233_spi_init|startup_count[7]  ; clk_50m      ; clk_50m     ; 20.000       ; -0.082     ; 5.394      ;
; 14.525 ; Ad9233SpiInit:U1_ad9233_spi_init|startup_count[12] ; Ad9233SpiInit:U1_ad9233_spi_init|startup_count[6]  ; clk_50m      ; clk_50m     ; 20.000       ; -0.082     ; 5.394      ;
; 14.525 ; Ad9233SpiInit:U1_ad9233_spi_init|startup_count[12] ; Ad9233SpiInit:U1_ad9233_spi_init|startup_count[5]  ; clk_50m      ; clk_50m     ; 20.000       ; -0.082     ; 5.394      ;
; 14.525 ; Ad9233SpiInit:U1_ad9233_spi_init|startup_count[12] ; Ad9233SpiInit:U1_ad9233_spi_init|startup_count[4]  ; clk_50m      ; clk_50m     ; 20.000       ; -0.082     ; 5.394      ;
; 14.525 ; Ad9233SpiInit:U1_ad9233_spi_init|startup_count[12] ; Ad9233SpiInit:U1_ad9233_spi_init|startup_count[3]  ; clk_50m      ; clk_50m     ; 20.000       ; -0.082     ; 5.394      ;
; 14.525 ; Ad9233SpiInit:U1_ad9233_spi_init|startup_count[12] ; Ad9233SpiInit:U1_ad9233_spi_init|startup_count[1]  ; clk_50m      ; clk_50m     ; 20.000       ; -0.082     ; 5.394      ;
; 14.525 ; Ad9233SpiInit:U1_ad9233_spi_init|startup_count[12] ; Ad9233SpiInit:U1_ad9233_spi_init|startup_count[0]  ; clk_50m      ; clk_50m     ; 20.000       ; -0.082     ; 5.394      ;
; 14.525 ; Ad9233SpiInit:U1_ad9233_spi_init|startup_count[12] ; Ad9233SpiInit:U1_ad9233_spi_init|startup_count[2]  ; clk_50m      ; clk_50m     ; 20.000       ; -0.082     ; 5.394      ;
; 14.643 ; Ad9233SpiInit:U1_ad9233_spi_init|startup_count[14] ; Ad9233SpiInit:U1_ad9233_spi_init|startup_count[11] ; clk_50m      ; clk_50m     ; 20.000       ; -0.082     ; 5.276      ;
; 14.643 ; Ad9233SpiInit:U1_ad9233_spi_init|startup_count[14] ; Ad9233SpiInit:U1_ad9233_spi_init|startup_count[10] ; clk_50m      ; clk_50m     ; 20.000       ; -0.082     ; 5.276      ;
; 14.643 ; Ad9233SpiInit:U1_ad9233_spi_init|startup_count[14] ; Ad9233SpiInit:U1_ad9233_spi_init|startup_count[9]  ; clk_50m      ; clk_50m     ; 20.000       ; -0.082     ; 5.276      ;
; 14.643 ; Ad9233SpiInit:U1_ad9233_spi_init|startup_count[14] ; Ad9233SpiInit:U1_ad9233_spi_init|startup_count[8]  ; clk_50m      ; clk_50m     ; 20.000       ; -0.082     ; 5.276      ;
; 14.643 ; Ad9233SpiInit:U1_ad9233_spi_init|startup_count[14] ; Ad9233SpiInit:U1_ad9233_spi_init|startup_count[7]  ; clk_50m      ; clk_50m     ; 20.000       ; -0.082     ; 5.276      ;
; 14.643 ; Ad9233SpiInit:U1_ad9233_spi_init|startup_count[14] ; Ad9233SpiInit:U1_ad9233_spi_init|startup_count[6]  ; clk_50m      ; clk_50m     ; 20.000       ; -0.082     ; 5.276      ;
; 14.643 ; Ad9233SpiInit:U1_ad9233_spi_init|startup_count[14] ; Ad9233SpiInit:U1_ad9233_spi_init|startup_count[5]  ; clk_50m      ; clk_50m     ; 20.000       ; -0.082     ; 5.276      ;
; 14.643 ; Ad9233SpiInit:U1_ad9233_spi_init|startup_count[14] ; Ad9233SpiInit:U1_ad9233_spi_init|startup_count[4]  ; clk_50m      ; clk_50m     ; 20.000       ; -0.082     ; 5.276      ;
; 14.643 ; Ad9233SpiInit:U1_ad9233_spi_init|startup_count[14] ; Ad9233SpiInit:U1_ad9233_spi_init|startup_count[3]  ; clk_50m      ; clk_50m     ; 20.000       ; -0.082     ; 5.276      ;
; 14.643 ; Ad9233SpiInit:U1_ad9233_spi_init|startup_count[14] ; Ad9233SpiInit:U1_ad9233_spi_init|startup_count[1]  ; clk_50m      ; clk_50m     ; 20.000       ; -0.082     ; 5.276      ;
; 14.643 ; Ad9233SpiInit:U1_ad9233_spi_init|startup_count[14] ; Ad9233SpiInit:U1_ad9233_spi_init|startup_count[0]  ; clk_50m      ; clk_50m     ; 20.000       ; -0.082     ; 5.276      ;
; 14.643 ; Ad9233SpiInit:U1_ad9233_spi_init|startup_count[14] ; Ad9233SpiInit:U1_ad9233_spi_init|startup_count[2]  ; clk_50m      ; clk_50m     ; 20.000       ; -0.082     ; 5.276      ;
; 14.843 ; Ad9233SpiInit:U1_ad9233_spi_init|startup_count[13] ; Ad9233SpiInit:U1_ad9233_spi_init|startup_count[11] ; clk_50m      ; clk_50m     ; 20.000       ; -0.082     ; 5.076      ;
; 14.843 ; Ad9233SpiInit:U1_ad9233_spi_init|startup_count[13] ; Ad9233SpiInit:U1_ad9233_spi_init|startup_count[10] ; clk_50m      ; clk_50m     ; 20.000       ; -0.082     ; 5.076      ;
; 14.843 ; Ad9233SpiInit:U1_ad9233_spi_init|startup_count[13] ; Ad9233SpiInit:U1_ad9233_spi_init|startup_count[9]  ; clk_50m      ; clk_50m     ; 20.000       ; -0.082     ; 5.076      ;
; 14.843 ; Ad9233SpiInit:U1_ad9233_spi_init|startup_count[13] ; Ad9233SpiInit:U1_ad9233_spi_init|startup_count[8]  ; clk_50m      ; clk_50m     ; 20.000       ; -0.082     ; 5.076      ;
; 14.843 ; Ad9233SpiInit:U1_ad9233_spi_init|startup_count[13] ; Ad9233SpiInit:U1_ad9233_spi_init|startup_count[7]  ; clk_50m      ; clk_50m     ; 20.000       ; -0.082     ; 5.076      ;
; 14.843 ; Ad9233SpiInit:U1_ad9233_spi_init|startup_count[13] ; Ad9233SpiInit:U1_ad9233_spi_init|startup_count[6]  ; clk_50m      ; clk_50m     ; 20.000       ; -0.082     ; 5.076      ;
; 14.843 ; Ad9233SpiInit:U1_ad9233_spi_init|startup_count[13] ; Ad9233SpiInit:U1_ad9233_spi_init|startup_count[5]  ; clk_50m      ; clk_50m     ; 20.000       ; -0.082     ; 5.076      ;
; 14.843 ; Ad9233SpiInit:U1_ad9233_spi_init|startup_count[13] ; Ad9233SpiInit:U1_ad9233_spi_init|startup_count[4]  ; clk_50m      ; clk_50m     ; 20.000       ; -0.082     ; 5.076      ;
; 14.843 ; Ad9233SpiInit:U1_ad9233_spi_init|startup_count[13] ; Ad9233SpiInit:U1_ad9233_spi_init|startup_count[3]  ; clk_50m      ; clk_50m     ; 20.000       ; -0.082     ; 5.076      ;
; 14.843 ; Ad9233SpiInit:U1_ad9233_spi_init|startup_count[13] ; Ad9233SpiInit:U1_ad9233_spi_init|startup_count[1]  ; clk_50m      ; clk_50m     ; 20.000       ; -0.082     ; 5.076      ;
; 14.843 ; Ad9233SpiInit:U1_ad9233_spi_init|startup_count[13] ; Ad9233SpiInit:U1_ad9233_spi_init|startup_count[0]  ; clk_50m      ; clk_50m     ; 20.000       ; -0.082     ; 5.076      ;
; 14.843 ; Ad9233SpiInit:U1_ad9233_spi_init|startup_count[13] ; Ad9233SpiInit:U1_ad9233_spi_init|startup_count[2]  ; clk_50m      ; clk_50m     ; 20.000       ; -0.082     ; 5.076      ;
; 14.969 ; Ad9233SpiInit:U1_ad9233_spi_init|startup_count[5]  ; Ad9233SpiInit:U1_ad9233_spi_init|startup_count[11] ; clk_50m      ; clk_50m     ; 20.000       ; -0.081     ; 4.951      ;
; 14.969 ; Ad9233SpiInit:U1_ad9233_spi_init|startup_count[5]  ; Ad9233SpiInit:U1_ad9233_spi_init|startup_count[10] ; clk_50m      ; clk_50m     ; 20.000       ; -0.081     ; 4.951      ;
; 14.969 ; Ad9233SpiInit:U1_ad9233_spi_init|startup_count[5]  ; Ad9233SpiInit:U1_ad9233_spi_init|startup_count[9]  ; clk_50m      ; clk_50m     ; 20.000       ; -0.081     ; 4.951      ;
; 14.969 ; Ad9233SpiInit:U1_ad9233_spi_init|startup_count[5]  ; Ad9233SpiInit:U1_ad9233_spi_init|startup_count[8]  ; clk_50m      ; clk_50m     ; 20.000       ; -0.081     ; 4.951      ;
; 14.969 ; Ad9233SpiInit:U1_ad9233_spi_init|startup_count[5]  ; Ad9233SpiInit:U1_ad9233_spi_init|startup_count[7]  ; clk_50m      ; clk_50m     ; 20.000       ; -0.081     ; 4.951      ;
; 14.969 ; Ad9233SpiInit:U1_ad9233_spi_init|startup_count[5]  ; Ad9233SpiInit:U1_ad9233_spi_init|startup_count[6]  ; clk_50m      ; clk_50m     ; 20.000       ; -0.081     ; 4.951      ;
; 14.969 ; Ad9233SpiInit:U1_ad9233_spi_init|startup_count[5]  ; Ad9233SpiInit:U1_ad9233_spi_init|startup_count[5]  ; clk_50m      ; clk_50m     ; 20.000       ; -0.081     ; 4.951      ;
; 14.969 ; Ad9233SpiInit:U1_ad9233_spi_init|startup_count[5]  ; Ad9233SpiInit:U1_ad9233_spi_init|startup_count[4]  ; clk_50m      ; clk_50m     ; 20.000       ; -0.081     ; 4.951      ;
; 14.969 ; Ad9233SpiInit:U1_ad9233_spi_init|startup_count[5]  ; Ad9233SpiInit:U1_ad9233_spi_init|startup_count[3]  ; clk_50m      ; clk_50m     ; 20.000       ; -0.081     ; 4.951      ;
; 14.969 ; Ad9233SpiInit:U1_ad9233_spi_init|startup_count[5]  ; Ad9233SpiInit:U1_ad9233_spi_init|startup_count[1]  ; clk_50m      ; clk_50m     ; 20.000       ; -0.081     ; 4.951      ;
; 14.969 ; Ad9233SpiInit:U1_ad9233_spi_init|startup_count[5]  ; Ad9233SpiInit:U1_ad9233_spi_init|startup_count[0]  ; clk_50m      ; clk_50m     ; 20.000       ; -0.081     ; 4.951      ;
; 14.969 ; Ad9233SpiInit:U1_ad9233_spi_init|startup_count[5]  ; Ad9233SpiInit:U1_ad9233_spi_init|startup_count[2]  ; clk_50m      ; clk_50m     ; 20.000       ; -0.081     ; 4.951      ;
; 15.103 ; Ad9233SpiInit:U1_ad9233_spi_init|startup_count[15] ; Ad9233SpiInit:U1_ad9233_spi_init|startup_count[22] ; clk_50m      ; clk_50m     ; 20.000       ; -0.082     ; 4.816      ;
; 15.103 ; Ad9233SpiInit:U1_ad9233_spi_init|startup_count[15] ; Ad9233SpiInit:U1_ad9233_spi_init|startup_count[21] ; clk_50m      ; clk_50m     ; 20.000       ; -0.082     ; 4.816      ;
; 15.103 ; Ad9233SpiInit:U1_ad9233_spi_init|startup_count[15] ; Ad9233SpiInit:U1_ad9233_spi_init|startup_count[23] ; clk_50m      ; clk_50m     ; 20.000       ; -0.082     ; 4.816      ;
; 15.103 ; Ad9233SpiInit:U1_ad9233_spi_init|startup_count[15] ; Ad9233SpiInit:U1_ad9233_spi_init|startup_count[20] ; clk_50m      ; clk_50m     ; 20.000       ; -0.082     ; 4.816      ;
; 15.103 ; Ad9233SpiInit:U1_ad9233_spi_init|startup_count[15] ; Ad9233SpiInit:U1_ad9233_spi_init|startup_count[18] ; clk_50m      ; clk_50m     ; 20.000       ; -0.082     ; 4.816      ;
; 15.103 ; Ad9233SpiInit:U1_ad9233_spi_init|startup_count[15] ; Ad9233SpiInit:U1_ad9233_spi_init|startup_count[19] ; clk_50m      ; clk_50m     ; 20.000       ; -0.082     ; 4.816      ;
; 15.103 ; Ad9233SpiInit:U1_ad9233_spi_init|startup_count[15] ; Ad9233SpiInit:U1_ad9233_spi_init|startup_count[16] ; clk_50m      ; clk_50m     ; 20.000       ; -0.082     ; 4.816      ;
; 15.103 ; Ad9233SpiInit:U1_ad9233_spi_init|startup_count[15] ; Ad9233SpiInit:U1_ad9233_spi_init|startup_count[15] ; clk_50m      ; clk_50m     ; 20.000       ; -0.082     ; 4.816      ;
; 15.103 ; Ad9233SpiInit:U1_ad9233_spi_init|startup_count[15] ; Ad9233SpiInit:U1_ad9233_spi_init|startup_count[14] ; clk_50m      ; clk_50m     ; 20.000       ; -0.082     ; 4.816      ;
; 15.103 ; Ad9233SpiInit:U1_ad9233_spi_init|startup_count[15] ; Ad9233SpiInit:U1_ad9233_spi_init|startup_count[13] ; clk_50m      ; clk_50m     ; 20.000       ; -0.082     ; 4.816      ;
; 15.103 ; Ad9233SpiInit:U1_ad9233_spi_init|startup_count[15] ; Ad9233SpiInit:U1_ad9233_spi_init|startup_count[12] ; clk_50m      ; clk_50m     ; 20.000       ; -0.082     ; 4.816      ;
; 15.103 ; Ad9233SpiInit:U1_ad9233_spi_init|startup_count[15] ; Ad9233SpiInit:U1_ad9233_spi_init|startup_count[17] ; clk_50m      ; clk_50m     ; 20.000       ; -0.082     ; 4.816      ;
; 15.103 ; Ad9233SpiInit:U1_ad9233_spi_init|startup_count[12] ; Ad9233SpiInit:U1_ad9233_spi_init|startup_count[22] ; clk_50m      ; clk_50m     ; 20.000       ; -0.082     ; 4.816      ;
; 15.103 ; Ad9233SpiInit:U1_ad9233_spi_init|startup_count[12] ; Ad9233SpiInit:U1_ad9233_spi_init|startup_count[21] ; clk_50m      ; clk_50m     ; 20.000       ; -0.082     ; 4.816      ;
; 15.103 ; Ad9233SpiInit:U1_ad9233_spi_init|startup_count[12] ; Ad9233SpiInit:U1_ad9233_spi_init|startup_count[23] ; clk_50m      ; clk_50m     ; 20.000       ; -0.082     ; 4.816      ;
; 15.103 ; Ad9233SpiInit:U1_ad9233_spi_init|startup_count[12] ; Ad9233SpiInit:U1_ad9233_spi_init|startup_count[20] ; clk_50m      ; clk_50m     ; 20.000       ; -0.082     ; 4.816      ;
; 15.103 ; Ad9233SpiInit:U1_ad9233_spi_init|startup_count[12] ; Ad9233SpiInit:U1_ad9233_spi_init|startup_count[18] ; clk_50m      ; clk_50m     ; 20.000       ; -0.082     ; 4.816      ;
; 15.103 ; Ad9233SpiInit:U1_ad9233_spi_init|startup_count[12] ; Ad9233SpiInit:U1_ad9233_spi_init|startup_count[19] ; clk_50m      ; clk_50m     ; 20.000       ; -0.082     ; 4.816      ;
; 15.103 ; Ad9233SpiInit:U1_ad9233_spi_init|startup_count[12] ; Ad9233SpiInit:U1_ad9233_spi_init|startup_count[16] ; clk_50m      ; clk_50m     ; 20.000       ; -0.082     ; 4.816      ;
; 15.103 ; Ad9233SpiInit:U1_ad9233_spi_init|startup_count[12] ; Ad9233SpiInit:U1_ad9233_spi_init|startup_count[15] ; clk_50m      ; clk_50m     ; 20.000       ; -0.082     ; 4.816      ;
; 15.103 ; Ad9233SpiInit:U1_ad9233_spi_init|startup_count[12] ; Ad9233SpiInit:U1_ad9233_spi_init|startup_count[14] ; clk_50m      ; clk_50m     ; 20.000       ; -0.082     ; 4.816      ;
; 15.103 ; Ad9233SpiInit:U1_ad9233_spi_init|startup_count[12] ; Ad9233SpiInit:U1_ad9233_spi_init|startup_count[13] ; clk_50m      ; clk_50m     ; 20.000       ; -0.082     ; 4.816      ;
; 15.103 ; Ad9233SpiInit:U1_ad9233_spi_init|startup_count[12] ; Ad9233SpiInit:U1_ad9233_spi_init|startup_count[12] ; clk_50m      ; clk_50m     ; 20.000       ; -0.082     ; 4.816      ;
; 15.103 ; Ad9233SpiInit:U1_ad9233_spi_init|startup_count[12] ; Ad9233SpiInit:U1_ad9233_spi_init|startup_count[17] ; clk_50m      ; clk_50m     ; 20.000       ; -0.082     ; 4.816      ;
; 15.128 ; Ad9233SpiInit:U1_ad9233_spi_init|startup_count[6]  ; Ad9233SpiInit:U1_ad9233_spi_init|startup_count[11] ; clk_50m      ; clk_50m     ; 20.000       ; -0.081     ; 4.792      ;
; 15.128 ; Ad9233SpiInit:U1_ad9233_spi_init|startup_count[6]  ; Ad9233SpiInit:U1_ad9233_spi_init|startup_count[10] ; clk_50m      ; clk_50m     ; 20.000       ; -0.081     ; 4.792      ;
; 15.128 ; Ad9233SpiInit:U1_ad9233_spi_init|startup_count[6]  ; Ad9233SpiInit:U1_ad9233_spi_init|startup_count[9]  ; clk_50m      ; clk_50m     ; 20.000       ; -0.081     ; 4.792      ;
; 15.128 ; Ad9233SpiInit:U1_ad9233_spi_init|startup_count[6]  ; Ad9233SpiInit:U1_ad9233_spi_init|startup_count[8]  ; clk_50m      ; clk_50m     ; 20.000       ; -0.081     ; 4.792      ;
; 15.128 ; Ad9233SpiInit:U1_ad9233_spi_init|startup_count[6]  ; Ad9233SpiInit:U1_ad9233_spi_init|startup_count[7]  ; clk_50m      ; clk_50m     ; 20.000       ; -0.081     ; 4.792      ;
; 15.128 ; Ad9233SpiInit:U1_ad9233_spi_init|startup_count[6]  ; Ad9233SpiInit:U1_ad9233_spi_init|startup_count[6]  ; clk_50m      ; clk_50m     ; 20.000       ; -0.081     ; 4.792      ;
; 15.128 ; Ad9233SpiInit:U1_ad9233_spi_init|startup_count[6]  ; Ad9233SpiInit:U1_ad9233_spi_init|startup_count[5]  ; clk_50m      ; clk_50m     ; 20.000       ; -0.081     ; 4.792      ;
; 15.128 ; Ad9233SpiInit:U1_ad9233_spi_init|startup_count[6]  ; Ad9233SpiInit:U1_ad9233_spi_init|startup_count[4]  ; clk_50m      ; clk_50m     ; 20.000       ; -0.081     ; 4.792      ;
; 15.128 ; Ad9233SpiInit:U1_ad9233_spi_init|startup_count[6]  ; Ad9233SpiInit:U1_ad9233_spi_init|startup_count[3]  ; clk_50m      ; clk_50m     ; 20.000       ; -0.081     ; 4.792      ;
; 15.128 ; Ad9233SpiInit:U1_ad9233_spi_init|startup_count[6]  ; Ad9233SpiInit:U1_ad9233_spi_init|startup_count[1]  ; clk_50m      ; clk_50m     ; 20.000       ; -0.081     ; 4.792      ;
; 15.128 ; Ad9233SpiInit:U1_ad9233_spi_init|startup_count[6]  ; Ad9233SpiInit:U1_ad9233_spi_init|startup_count[0]  ; clk_50m      ; clk_50m     ; 20.000       ; -0.081     ; 4.792      ;
; 15.128 ; Ad9233SpiInit:U1_ad9233_spi_init|startup_count[6]  ; Ad9233SpiInit:U1_ad9233_spi_init|startup_count[2]  ; clk_50m      ; clk_50m     ; 20.000       ; -0.081     ; 4.792      ;
; 15.221 ; Ad9233SpiInit:U1_ad9233_spi_init|startup_count[14] ; Ad9233SpiInit:U1_ad9233_spi_init|startup_count[22] ; clk_50m      ; clk_50m     ; 20.000       ; -0.082     ; 4.698      ;
; 15.221 ; Ad9233SpiInit:U1_ad9233_spi_init|startup_count[14] ; Ad9233SpiInit:U1_ad9233_spi_init|startup_count[21] ; clk_50m      ; clk_50m     ; 20.000       ; -0.082     ; 4.698      ;
; 15.221 ; Ad9233SpiInit:U1_ad9233_spi_init|startup_count[14] ; Ad9233SpiInit:U1_ad9233_spi_init|startup_count[23] ; clk_50m      ; clk_50m     ; 20.000       ; -0.082     ; 4.698      ;
; 15.221 ; Ad9233SpiInit:U1_ad9233_spi_init|startup_count[14] ; Ad9233SpiInit:U1_ad9233_spi_init|startup_count[20] ; clk_50m      ; clk_50m     ; 20.000       ; -0.082     ; 4.698      ;
+--------+----------------------------------------------------+----------------------------------------------------+--------------+-------------+--------------+------------+------------+


+-------------------------------------------------------------------------------------------------------------------------------------------------------------------------------------------+
; Slow 1200mV 85C Model Setup: 'mcu_spi_sck'                                                                                                                                                ;
+--------+--------------------------------------------------------+---------------------------------------------------+--------------+-------------+--------------+------------+------------+
; Slack  ; From Node                                              ; To Node                                           ; Launch Clock ; Latch Clock ; Relationship ; Clock Skew ; Data Delay ;
+--------+--------------------------------------------------------+---------------------------------------------------+--------------+-------------+--------------+------------+------------+
; 21.939 ; AnalyzerSpiSlave:U3_analyzer_spi|spi_miso              ; mcu_spi_miso                                      ; mcu_spi_sck  ; mcu_spi_sck ; 41.666       ; -2.752     ; 4.975      ;
; 33.311 ; AnalyzerSpiSlave:U3_analyzer_spi|frame_id_latched[11]  ; AnalyzerSpiSlave:U3_analyzer_spi|response_crc[3]  ; mcu_spi_sck  ; mcu_spi_sck ; 41.667       ; 0.137      ; 8.514      ;
; 33.312 ; AnalyzerSpiSlave:U3_analyzer_spi|frame_id_latched[11]  ; AnalyzerSpiSlave:U3_analyzer_spi|response_crc[8]  ; mcu_spi_sck  ; mcu_spi_sck ; 41.667       ; 0.137      ; 8.513      ;
; 33.318 ; AnalyzerSpiSlave:U3_analyzer_spi|flags_latched[4]      ; AnalyzerSpiSlave:U3_analyzer_spi|response_crc[5]  ; mcu_spi_sck  ; mcu_spi_sck ; 41.667       ; -0.186     ; 8.184      ;
; 33.518 ; AnalyzerSpiSlave:U3_analyzer_spi|flags_latched[4]      ; AnalyzerSpiSlave:U3_analyzer_spi|response_crc[0]  ; mcu_spi_sck  ; mcu_spi_sck ; 41.667       ; -0.186     ; 7.984      ;
; 33.525 ; AnalyzerSpiSlave:U3_analyzer_spi|flags_latched[4]      ; AnalyzerSpiSlave:U3_analyzer_spi|response_crc[12] ; mcu_spi_sck  ; mcu_spi_sck ; 41.667       ; -0.186     ; 7.977      ;
; 33.555 ; AnalyzerSpiSlave:U3_analyzer_spi|frame_id_latched[10]  ; AnalyzerSpiSlave:U3_analyzer_spi|response_crc[10] ; mcu_spi_sck  ; mcu_spi_sck ; 41.667       ; -0.184     ; 7.949      ;
; 33.649 ; AnalyzerSpiSlave:U3_analyzer_spi|frame_id_latched[10]  ; AnalyzerSpiSlave:U3_analyzer_spi|response_crc[7]  ; mcu_spi_sck  ; mcu_spi_sck ; 41.667       ; 0.100      ; 8.139      ;
; 33.675 ; AnalyzerSpiSlave:U3_analyzer_spi|frame_id_latched[4]   ; AnalyzerSpiSlave:U3_analyzer_spi|response_crc[5]  ; mcu_spi_sck  ; mcu_spi_sck ; 41.667       ; -0.431     ; 7.582      ;
; 33.684 ; AnalyzerSpiSlave:U3_analyzer_spi|frame_id_latched[14]  ; AnalyzerSpiSlave:U3_analyzer_spi|response_crc[10] ; mcu_spi_sck  ; mcu_spi_sck ; 41.667       ; -0.450     ; 7.554      ;
; 33.808 ; AnalyzerSpiSlave:U3_analyzer_spi|frame_id_latched[14]  ; AnalyzerSpiSlave:U3_analyzer_spi|response_crc[7]  ; mcu_spi_sck  ; mcu_spi_sck ; 41.667       ; -0.155     ; 7.725      ;
; 33.829 ; AnalyzerSpiSlave:U3_analyzer_spi|frame_id_latched[8]   ; AnalyzerSpiSlave:U3_analyzer_spi|response_crc[5]  ; mcu_spi_sck  ; mcu_spi_sck ; 41.667       ; -0.184     ; 7.675      ;
; 33.875 ; AnalyzerSpiSlave:U3_analyzer_spi|frame_id_latched[4]   ; AnalyzerSpiSlave:U3_analyzer_spi|response_crc[0]  ; mcu_spi_sck  ; mcu_spi_sck ; 41.667       ; -0.431     ; 7.382      ;
; 33.882 ; AnalyzerSpiSlave:U3_analyzer_spi|frame_id_latched[4]   ; AnalyzerSpiSlave:U3_analyzer_spi|response_crc[12] ; mcu_spi_sck  ; mcu_spi_sck ; 41.667       ; -0.431     ; 7.375      ;
; 33.932 ; AnalyzerSpiSlave:U3_analyzer_spi|otr_count_latched[20] ; AnalyzerSpiSlave:U3_analyzer_spi|response_crc[5]  ; mcu_spi_sck  ; mcu_spi_sck ; 41.667       ; -0.431     ; 7.325      ;
; 33.946 ; AnalyzerSpiSlave:U3_analyzer_spi|frame_id_latched[13]  ; AnalyzerSpiSlave:U3_analyzer_spi|response_crc[5]  ; mcu_spi_sck  ; mcu_spi_sck ; 41.667       ; -0.184     ; 7.558      ;
; 34.029 ; AnalyzerSpiSlave:U3_analyzer_spi|frame_id_latched[8]   ; AnalyzerSpiSlave:U3_analyzer_spi|response_crc[0]  ; mcu_spi_sck  ; mcu_spi_sck ; 41.667       ; -0.184     ; 7.475      ;
; 34.036 ; AnalyzerSpiSlave:U3_analyzer_spi|frame_id_latched[8]   ; AnalyzerSpiSlave:U3_analyzer_spi|response_crc[12] ; mcu_spi_sck  ; mcu_spi_sck ; 41.667       ; -0.184     ; 7.468      ;
; 34.082 ; AnalyzerSpiSlave:U3_analyzer_spi|flags_latched[5]      ; AnalyzerSpiSlave:U3_analyzer_spi|response_crc[5]  ; mcu_spi_sck  ; mcu_spi_sck ; 41.667       ; -0.184     ; 7.422      ;
; 34.119 ; AnalyzerSpiSlave:U3_analyzer_spi|otr_count_latched[27] ; AnalyzerSpiSlave:U3_analyzer_spi|response_crc[3]  ; mcu_spi_sck  ; mcu_spi_sck ; 41.667       ; 0.137      ; 7.706      ;
; 34.120 ; AnalyzerSpiSlave:U3_analyzer_spi|otr_count_latched[27] ; AnalyzerSpiSlave:U3_analyzer_spi|response_crc[8]  ; mcu_spi_sck  ; mcu_spi_sck ; 41.667       ; 0.137      ; 7.705      ;
; 34.132 ; AnalyzerSpiSlave:U3_analyzer_spi|otr_count_latched[20] ; AnalyzerSpiSlave:U3_analyzer_spi|response_crc[0]  ; mcu_spi_sck  ; mcu_spi_sck ; 41.667       ; -0.431     ; 7.125      ;
; 34.139 ; AnalyzerSpiSlave:U3_analyzer_spi|otr_count_latched[20] ; AnalyzerSpiSlave:U3_analyzer_spi|response_crc[12] ; mcu_spi_sck  ; mcu_spi_sck ; 41.667       ; -0.431     ; 7.118      ;
; 34.143 ; AnalyzerSpiSlave:U3_analyzer_spi|flags_latched[4]      ; AnalyzerSpiSlave:U3_analyzer_spi|response_crc[9]  ; mcu_spi_sck  ; mcu_spi_sck ; 41.667       ; 0.137      ; 7.682      ;
; 34.248 ; AnalyzerSpiSlave:U3_analyzer_spi|flags_latched[2]      ; AnalyzerSpiSlave:U3_analyzer_spi|response_crc[7]  ; mcu_spi_sck  ; mcu_spi_sck ; 41.667       ; 0.100      ; 7.540      ;
; 34.273 ; AnalyzerSpiSlave:U3_analyzer_spi|flags_latched[5]      ; AnalyzerSpiSlave:U3_analyzer_spi|response_crc[13] ; mcu_spi_sck  ; mcu_spi_sck ; 41.667       ; 0.139      ; 7.554      ;
; 34.275 ; AnalyzerSpiSlave:U3_analyzer_spi|frame_id_latched[2]   ; AnalyzerSpiSlave:U3_analyzer_spi|response_crc[7]  ; mcu_spi_sck  ; mcu_spi_sck ; 41.667       ; 0.100      ; 7.513      ;
; 34.338 ; AnalyzerSpiSlave:U3_analyzer_spi|frame_id_latched[13]  ; AnalyzerSpiSlave:U3_analyzer_spi|response_crc[10] ; mcu_spi_sck  ; mcu_spi_sck ; 41.667       ; -0.184     ; 7.166      ;
; 34.364 ; AnalyzerSpiSlave:U3_analyzer_spi|frame_id_latched[5]   ; AnalyzerSpiSlave:U3_analyzer_spi|response_crc[5]  ; mcu_spi_sck  ; mcu_spi_sck ; 41.667       ; -0.184     ; 7.140      ;
; 34.379 ; AnalyzerSpiSlave:U3_analyzer_spi|frame_id_latched[10]  ; AnalyzerSpiSlave:U3_analyzer_spi|response_crc[6]  ; mcu_spi_sck  ; mcu_spi_sck ; 41.667       ; 0.100      ; 7.409      ;
; 34.380 ; AnalyzerSpiSlave:U3_analyzer_spi|frame_id_latched[10]  ; AnalyzerSpiSlave:U3_analyzer_spi|response_crc[11] ; mcu_spi_sck  ; mcu_spi_sck ; 41.667       ; 0.100      ; 7.408      ;
; 34.406 ; AnalyzerSpiSlave:U3_analyzer_spi|otr_count_latched[26] ; AnalyzerSpiSlave:U3_analyzer_spi|response_crc[10] ; mcu_spi_sck  ; mcu_spi_sck ; 41.667       ; -0.192     ; 7.090      ;
; 34.424 ; AnalyzerSpiSlave:U3_analyzer_spi|otr_count_latched[4]  ; AnalyzerSpiSlave:U3_analyzer_spi|response_crc[5]  ; mcu_spi_sck  ; mcu_spi_sck ; 41.667       ; -0.431     ; 6.833      ;
; 34.474 ; AnalyzerSpiSlave:U3_analyzer_spi|flags_latched[5]      ; AnalyzerSpiSlave:U3_analyzer_spi|response_crc[10] ; mcu_spi_sck  ; mcu_spi_sck ; 41.667       ; -0.184     ; 7.030      ;
; 34.479 ; AnalyzerSpiSlave:U3_analyzer_spi|frame_id_latched[13]  ; AnalyzerSpiSlave:U3_analyzer_spi|response_crc[6]  ; mcu_spi_sck  ; mcu_spi_sck ; 41.667       ; 0.100      ; 7.309      ;
; 34.496 ; AnalyzerSpiSlave:U3_analyzer_spi|otr_count_latched[26] ; AnalyzerSpiSlave:U3_analyzer_spi|response_crc[7]  ; mcu_spi_sck  ; mcu_spi_sck ; 41.667       ; 0.088      ; 7.280      ;
; 34.500 ; AnalyzerSpiSlave:U3_analyzer_spi|frame_id_latched[4]   ; AnalyzerSpiSlave:U3_analyzer_spi|response_crc[9]  ; mcu_spi_sck  ; mcu_spi_sck ; 41.667       ; -0.108     ; 7.080      ;
; 34.536 ; AnalyzerSpiSlave:U3_analyzer_spi|otr_count_latched[11] ; AnalyzerSpiSlave:U3_analyzer_spi|response_crc[3]  ; mcu_spi_sck  ; mcu_spi_sck ; 41.667       ; 0.137      ; 7.289      ;
; 34.537 ; AnalyzerSpiSlave:U3_analyzer_spi|otr_count_latched[11] ; AnalyzerSpiSlave:U3_analyzer_spi|response_crc[8]  ; mcu_spi_sck  ; mcu_spi_sck ; 41.667       ; 0.137      ; 7.288      ;
; 34.538 ; AnalyzerSpiSlave:U3_analyzer_spi|frame_id_latched[14]  ; AnalyzerSpiSlave:U3_analyzer_spi|response_crc[6]  ; mcu_spi_sck  ; mcu_spi_sck ; 41.667       ; -0.155     ; 6.995      ;
; 34.539 ; AnalyzerSpiSlave:U3_analyzer_spi|frame_id_latched[14]  ; AnalyzerSpiSlave:U3_analyzer_spi|response_crc[11] ; mcu_spi_sck  ; mcu_spi_sck ; 41.667       ; -0.155     ; 6.994      ;
; 34.555 ; AnalyzerSpiSlave:U3_analyzer_spi|frame_id_latched[5]   ; AnalyzerSpiSlave:U3_analyzer_spi|response_crc[13] ; mcu_spi_sck  ; mcu_spi_sck ; 41.667       ; 0.139      ; 7.272      ;
; 34.612 ; AnalyzerSpiSlave:U3_analyzer_spi|frame_id_latched[8]   ; AnalyzerSpiSlave:U3_analyzer_spi|response_crc[9]  ; mcu_spi_sck  ; mcu_spi_sck ; 41.667       ; 0.139      ; 7.215      ;
; 34.612 ; AnalyzerSpiSlave:U3_analyzer_spi|flags_latched[5]      ; AnalyzerSpiSlave:U3_analyzer_spi|response_crc[6]  ; mcu_spi_sck  ; mcu_spi_sck ; 41.667       ; 0.100      ; 7.176      ;
; 34.624 ; AnalyzerSpiSlave:U3_analyzer_spi|otr_count_latched[4]  ; AnalyzerSpiSlave:U3_analyzer_spi|response_crc[0]  ; mcu_spi_sck  ; mcu_spi_sck ; 41.667       ; -0.431     ; 6.633      ;
; 34.631 ; AnalyzerSpiSlave:U3_analyzer_spi|otr_count_latched[4]  ; AnalyzerSpiSlave:U3_analyzer_spi|response_crc[12] ; mcu_spi_sck  ; mcu_spi_sck ; 41.667       ; -0.431     ; 6.626      ;
; 34.657 ; AnalyzerSpiSlave:U3_analyzer_spi|frame_id_latched[10]  ; AnalyzerSpiSlave:U3_analyzer_spi|response_crc[2]  ; mcu_spi_sck  ; mcu_spi_sck ; 41.667       ; 0.139      ; 7.170      ;
; 34.670 ; AnalyzerSpiSlave:U3_analyzer_spi|flags_latched[1]      ; AnalyzerSpiSlave:U3_analyzer_spi|response_crc[13] ; mcu_spi_sck  ; mcu_spi_sck ; 41.667       ; -0.116     ; 6.902      ;
; 34.741 ; AnalyzerSpiSlave:U3_analyzer_spi|frame_id_latched[9]   ; AnalyzerSpiSlave:U3_analyzer_spi|response_crc[5]  ; mcu_spi_sck  ; mcu_spi_sck ; 41.667       ; -0.186     ; 6.761      ;
; 34.756 ; AnalyzerSpiSlave:U3_analyzer_spi|frame_id_latched[5]   ; AnalyzerSpiSlave:U3_analyzer_spi|response_crc[10] ; mcu_spi_sck  ; mcu_spi_sck ; 41.667       ; -0.184     ; 6.748      ;
; 34.757 ; AnalyzerSpiSlave:U3_analyzer_spi|otr_count_latched[20] ; AnalyzerSpiSlave:U3_analyzer_spi|response_crc[9]  ; mcu_spi_sck  ; mcu_spi_sck ; 41.667       ; -0.108     ; 6.823      ;
; 34.792 ; AnalyzerSpiSlave:U3_analyzer_spi|frame_id_latched[14]  ; AnalyzerSpiSlave:U3_analyzer_spi|response_crc[2]  ; mcu_spi_sck  ; mcu_spi_sck ; 41.667       ; -0.116     ; 6.780      ;
; 34.796 ; AnalyzerSpiSlave:U3_analyzer_spi|otr_count_latched[31] ; AnalyzerSpiSlave:U3_analyzer_spi|response_crc[3]  ; mcu_spi_sck  ; mcu_spi_sck ; 41.667       ; -0.116     ; 6.776      ;
; 34.797 ; AnalyzerSpiSlave:U3_analyzer_spi|otr_count_latched[31] ; AnalyzerSpiSlave:U3_analyzer_spi|response_crc[8]  ; mcu_spi_sck  ; mcu_spi_sck ; 41.667       ; -0.116     ; 6.775      ;
; 34.823 ; AnalyzerSpiSlave:U3_analyzer_spi|otr_count_latched[10] ; AnalyzerSpiSlave:U3_analyzer_spi|response_crc[10] ; mcu_spi_sck  ; mcu_spi_sck ; 41.667       ; -0.192     ; 6.673      ;
; 34.836 ; AnalyzerSpiSlave:U3_analyzer_spi|otr_count_latched[29] ; AnalyzerSpiSlave:U3_analyzer_spi|response_crc[5]  ; mcu_spi_sck  ; mcu_spi_sck ; 41.667       ; -0.431     ; 6.421      ;
; 34.873 ; AnalyzerSpiSlave:U3_analyzer_spi|flags_latched[6]      ; AnalyzerSpiSlave:U3_analyzer_spi|response_crc[7]  ; mcu_spi_sck  ; mcu_spi_sck ; 41.667       ; -0.147     ; 6.668      ;
; 34.894 ; AnalyzerSpiSlave:U3_analyzer_spi|frame_id_latched[5]   ; AnalyzerSpiSlave:U3_analyzer_spi|response_crc[6]  ; mcu_spi_sck  ; mcu_spi_sck ; 41.667       ; 0.100      ; 6.894      ;
; 34.913 ; AnalyzerSpiSlave:U3_analyzer_spi|otr_count_latched[10] ; AnalyzerSpiSlave:U3_analyzer_spi|response_crc[7]  ; mcu_spi_sck  ; mcu_spi_sck ; 41.667       ; 0.088      ; 6.863      ;
; 34.938 ; AnalyzerSpiSlave:U3_analyzer_spi|frame_id_latched[9]   ; AnalyzerSpiSlave:U3_analyzer_spi|response_crc[13] ; mcu_spi_sck  ; mcu_spi_sck ; 41.667       ; 0.137      ; 6.887      ;
; 34.985 ; AnalyzerSpiSlave:U3_analyzer_spi|frame_id_latched[14]  ; AnalyzerSpiSlave:U3_analyzer_spi|response_crc[3]  ; mcu_spi_sck  ; mcu_spi_sck ; 41.667       ; -0.116     ; 6.587      ;
; 34.986 ; AnalyzerSpiSlave:U3_analyzer_spi|frame_id_latched[14]  ; AnalyzerSpiSlave:U3_analyzer_spi|response_crc[8]  ; mcu_spi_sck  ; mcu_spi_sck ; 41.667       ; -0.116     ; 6.586      ;
; 35.016 ; AnalyzerSpiSlave:U3_analyzer_spi|otr_count_latched[18] ; AnalyzerSpiSlave:U3_analyzer_spi|response_crc[7]  ; mcu_spi_sck  ; mcu_spi_sck ; 41.667       ; 0.100      ; 6.772      ;
; 35.025 ; AnalyzerSpiSlave:U3_analyzer_spi|otr_count_latched[2]  ; AnalyzerSpiSlave:U3_analyzer_spi|response_crc[7]  ; mcu_spi_sck  ; mcu_spi_sck ; 41.667       ; 0.100      ; 6.763      ;
; 35.053 ; AnalyzerSpiSlave:U3_analyzer_spi|frame_id_latched[13]  ; AnalyzerSpiSlave:U3_analyzer_spi|response_crc[1]  ; mcu_spi_sck  ; mcu_spi_sck ; 41.667       ; 0.100      ; 6.735      ;
; 35.129 ; AnalyzerSpiSlave:U3_analyzer_spi|frame_id_latched[15]  ; AnalyzerSpiSlave:U3_analyzer_spi|response_crc[3]  ; mcu_spi_sck  ; mcu_spi_sck ; 41.667       ; -0.116     ; 6.443      ;
; 35.130 ; AnalyzerSpiSlave:U3_analyzer_spi|flags_latched[4]      ; AnalyzerSpiSlave:U3_analyzer_spi|response_crc[4]  ; mcu_spi_sck  ; mcu_spi_sck ; 41.667       ; 0.137      ; 6.695      ;
; 35.130 ; AnalyzerSpiSlave:U3_analyzer_spi|frame_id_latched[15]  ; AnalyzerSpiSlave:U3_analyzer_spi|response_crc[8]  ; mcu_spi_sck  ; mcu_spi_sck ; 41.667       ; -0.116     ; 6.442      ;
; 35.133 ; AnalyzerSpiSlave:U3_analyzer_spi|frame_id_latched[9]   ; AnalyzerSpiSlave:U3_analyzer_spi|response_crc[10] ; mcu_spi_sck  ; mcu_spi_sck ; 41.667       ; -0.186     ; 6.369      ;
; 35.161 ; AnalyzerSpiSlave:U3_analyzer_spi|otr_count_latched[13] ; AnalyzerSpiSlave:U3_analyzer_spi|response_crc[5]  ; mcu_spi_sck  ; mcu_spi_sck ; 41.667       ; -0.431     ; 6.096      ;
; 35.172 ; AnalyzerSpiSlave:U3_analyzer_spi|otr_count_latched[30] ; AnalyzerSpiSlave:U3_analyzer_spi|response_crc[10] ; mcu_spi_sck  ; mcu_spi_sck ; 41.667       ; -0.450     ; 6.066      ;
; 35.179 ; AnalyzerSpiSlave:U3_analyzer_spi|flags_latched[5]      ; AnalyzerSpiSlave:U3_analyzer_spi|response_crc[1]  ; mcu_spi_sck  ; mcu_spi_sck ; 41.667       ; 0.100      ; 6.609      ;
; 35.181 ; AnalyzerSpiSlave:U3_analyzer_spi|otr_count_latched[14] ; AnalyzerSpiSlave:U3_analyzer_spi|response_crc[10] ; mcu_spi_sck  ; mcu_spi_sck ; 41.667       ; -0.450     ; 6.057      ;
; 35.226 ; AnalyzerSpiSlave:U3_analyzer_spi|otr_count_latched[26] ; AnalyzerSpiSlave:U3_analyzer_spi|response_crc[6]  ; mcu_spi_sck  ; mcu_spi_sck ; 41.667       ; 0.088      ; 6.550      ;
; 35.227 ; AnalyzerSpiSlave:U3_analyzer_spi|otr_count_latched[26] ; AnalyzerSpiSlave:U3_analyzer_spi|response_crc[11] ; mcu_spi_sck  ; mcu_spi_sck ; 41.667       ; 0.088      ; 6.549      ;
; 35.228 ; AnalyzerSpiSlave:U3_analyzer_spi|otr_count_latched[29] ; AnalyzerSpiSlave:U3_analyzer_spi|response_crc[10] ; mcu_spi_sck  ; mcu_spi_sck ; 41.667       ; -0.431     ; 6.029      ;
; 35.229 ; AnalyzerSpiSlave:U3_analyzer_spi|frame_id_latched[13]  ; AnalyzerSpiSlave:U3_analyzer_spi|response_crc[7]  ; mcu_spi_sck  ; mcu_spi_sck ; 41.667       ; 0.100      ; 6.559      ;
; 35.230 ; AnalyzerSpiSlave:U3_analyzer_spi|frame_id_latched[11]  ; AnalyzerSpiSlave:U3_analyzer_spi|response_crc[15] ; mcu_spi_sck  ; mcu_spi_sck ; 41.667       ; 0.234      ; 6.692      ;
; 35.239 ; AnalyzerSpiSlave:U3_analyzer_spi|frame_id_latched[8]   ; AnalyzerSpiSlave:U3_analyzer_spi|tx_shift[8]      ; mcu_spi_sck  ; mcu_spi_sck ; 41.667       ; 0.212      ; 6.661      ;
; 35.242 ; AnalyzerSpiSlave:U3_analyzer_spi|flags_latched[2]      ; AnalyzerSpiSlave:U3_analyzer_spi|response_crc[2]  ; mcu_spi_sck  ; mcu_spi_sck ; 41.667       ; 0.139      ; 6.585      ;
; 35.243 ; AnalyzerSpiSlave:U3_analyzer_spi|flags_latched[1]      ; AnalyzerSpiSlave:U3_analyzer_spi|response_crc[6]  ; mcu_spi_sck  ; mcu_spi_sck ; 41.667       ; -0.155     ; 6.290      ;
; 35.249 ; AnalyzerSpiSlave:U3_analyzer_spi|otr_count_latched[4]  ; AnalyzerSpiSlave:U3_analyzer_spi|response_crc[9]  ; mcu_spi_sck  ; mcu_spi_sck ; 41.667       ; -0.108     ; 6.331      ;
; 35.269 ; AnalyzerSpiSlave:U3_analyzer_spi|frame_id_latched[2]   ; AnalyzerSpiSlave:U3_analyzer_spi|response_crc[2]  ; mcu_spi_sck  ; mcu_spi_sck ; 41.667       ; 0.139      ; 6.558      ;
; 35.270 ; AnalyzerSpiSlave:U3_analyzer_spi|frame_id_latched[9]   ; AnalyzerSpiSlave:U3_analyzer_spi|response_crc[6]  ; mcu_spi_sck  ; mcu_spi_sck ; 41.667       ; 0.098      ; 6.516      ;
; 35.271 ; AnalyzerSpiSlave:U3_analyzer_spi|otr_count_latched[23] ; AnalyzerSpiSlave:U3_analyzer_spi|response_crc[3]  ; mcu_spi_sck  ; mcu_spi_sck ; 41.667       ; 0.137      ; 6.554      ;
; 35.272 ; AnalyzerSpiSlave:U3_analyzer_spi|otr_count_latched[23] ; AnalyzerSpiSlave:U3_analyzer_spi|response_crc[8]  ; mcu_spi_sck  ; mcu_spi_sck ; 41.667       ; 0.137      ; 6.553      ;
; 35.274 ; AnalyzerSpiSlave:U3_analyzer_spi|frame_id_latched[6]   ; AnalyzerSpiSlave:U3_analyzer_spi|response_crc[7]  ; mcu_spi_sck  ; mcu_spi_sck ; 41.667       ; -0.147     ; 6.267      ;
; 35.290 ; AnalyzerSpiSlave:U3_analyzer_spi|flags_latched[1]      ; AnalyzerSpiSlave:U3_analyzer_spi|tx_shift[1]      ; mcu_spi_sck  ; mcu_spi_sck ; 41.667       ; -0.115     ; 6.283      ;
; 35.296 ; AnalyzerSpiSlave:U3_analyzer_spi|otr_count_latched[30] ; AnalyzerSpiSlave:U3_analyzer_spi|response_crc[7]  ; mcu_spi_sck  ; mcu_spi_sck ; 41.667       ; -0.155     ; 6.237      ;
; 35.297 ; AnalyzerSpiSlave:U3_analyzer_spi|flags_latched[0]      ; AnalyzerSpiSlave:U3_analyzer_spi|response_crc[5]  ; mcu_spi_sck  ; mcu_spi_sck ; 41.667       ; -0.431     ; 5.960      ;
; 35.302 ; AnalyzerSpiSlave:U3_analyzer_spi|otr_count_latched[21] ; AnalyzerSpiSlave:U3_analyzer_spi|response_crc[5]  ; mcu_spi_sck  ; mcu_spi_sck ; 41.667       ; -0.184     ; 6.202      ;
; 35.305 ; AnalyzerSpiSlave:U3_analyzer_spi|frame_id_latched[0]   ; AnalyzerSpiSlave:U3_analyzer_spi|response_crc[5]  ; mcu_spi_sck  ; mcu_spi_sck ; 41.667       ; -0.431     ; 5.952      ;
; 35.305 ; AnalyzerSpiSlave:U3_analyzer_spi|otr_count_latched[14] ; AnalyzerSpiSlave:U3_analyzer_spi|response_crc[7]  ; mcu_spi_sck  ; mcu_spi_sck ; 41.667       ; -0.155     ; 6.228      ;
; 35.311 ; AnalyzerSpiSlave:U3_analyzer_spi|otr_count_latched[5]  ; AnalyzerSpiSlave:U3_analyzer_spi|response_crc[5]  ; mcu_spi_sck  ; mcu_spi_sck ; 41.667       ; -0.184     ; 6.193      ;
; 35.336 ; AnalyzerSpiSlave:U3_analyzer_spi|frame_id_latched[7]   ; AnalyzerSpiSlave:U3_analyzer_spi|response_crc[3]  ; mcu_spi_sck  ; mcu_spi_sck ; 41.667       ; 0.137      ; 6.489      ;
; 35.337 ; AnalyzerSpiSlave:U3_analyzer_spi|frame_id_latched[7]   ; AnalyzerSpiSlave:U3_analyzer_spi|response_crc[8]  ; mcu_spi_sck  ; mcu_spi_sck ; 41.667       ; 0.137      ; 6.488      ;
; 35.369 ; AnalyzerSpiSlave:U3_analyzer_spi|otr_count_latched[29] ; AnalyzerSpiSlave:U3_analyzer_spi|response_crc[6]  ; mcu_spi_sck  ; mcu_spi_sck ; 41.667       ; -0.147     ; 6.172      ;
; 35.394 ; AnalyzerSpiSlave:U3_analyzer_spi|otr_count_latched[28] ; AnalyzerSpiSlave:U3_analyzer_spi|response_crc[9]  ; mcu_spi_sck  ; mcu_spi_sck ; 41.667       ; 0.137      ; 6.431      ;
; 35.461 ; AnalyzerSpiSlave:U3_analyzer_spi|frame_id_latched[5]   ; AnalyzerSpiSlave:U3_analyzer_spi|response_crc[1]  ; mcu_spi_sck  ; mcu_spi_sck ; 41.667       ; 0.100      ; 6.327      ;
; 35.487 ; AnalyzerSpiSlave:U3_analyzer_spi|frame_id_latched[4]   ; AnalyzerSpiSlave:U3_analyzer_spi|response_crc[4]  ; mcu_spi_sck  ; mcu_spi_sck ; 41.667       ; -0.108     ; 6.093      ;
+--------+--------------------------------------------------------+---------------------------------------------------+--------------+-------------+--------------+------------+------------+


+---------------------------------------------------------------------------------------------------------------------------------------------------------------------------------------------------------------------------------------------------------------------------------------------------------------------------------------+
; Slow 1200mV 85C Model Hold: 'adc_dco'                                                                                                                                                                                                                                                                                                 ;
+-------+----------------------------------------------------------------------------------------------------------------------------+----------------------------------------------------------------------------------------------------------------------------+--------------+-------------+--------------+------------+------------+
; Slack ; From Node                                                                                                                  ; To Node                                                                                                                    ; Launch Clock ; Latch Clock ; Relationship ; Clock Skew ; Data Delay ;
+-------+----------------------------------------------------------------------------------------------------------------------------+----------------------------------------------------------------------------------------------------------------------------+--------------+-------------+--------------+------------+------------+
; 0.451 ; Ad9233FrameCapture:U2_frame_capture|Ad9233MultistageDecimator:anti_alias_fir|FirDecimatingStage:stage3|overrun_count[0]    ; Ad9233FrameCapture:U2_frame_capture|Ad9233MultistageDecimator:anti_alias_fir|FirDecimatingStage:stage3|overrun_count[0]    ; adc_dco      ; adc_dco     ; 0.000        ; 0.083      ; 0.746      ;
; 0.451 ; Ad9233FrameCapture:U2_frame_capture|Ad9233MultistageDecimator:anti_alias_fir|FirDecimatingStage:stage1|warmup_count[0]     ; Ad9233FrameCapture:U2_frame_capture|Ad9233MultistageDecimator:anti_alias_fir|FirDecimatingStage:stage1|warmup_count[0]     ; adc_dco      ; adc_dco     ; 0.000        ; 0.083      ; 0.746      ;
; 0.452 ; Ad9233FrameCapture:U2_frame_capture|Ad9233MultistageDecimator:anti_alias_fir|FirDecimatingStage:stage2|warmup_count[0]     ; Ad9233FrameCapture:U2_frame_capture|Ad9233MultistageDecimator:anti_alias_fir|FirDecimatingStage:stage2|warmup_count[0]     ; adc_dco      ; adc_dco     ; 0.000        ; 0.082      ; 0.746      ;
; 0.452 ; Ad9233FrameCapture:U2_frame_capture|frame_id[0]                                                                            ; Ad9233FrameCapture:U2_frame_capture|frame_id[0]                                                                            ; adc_dco      ; adc_dco     ; 0.000        ; 0.082      ; 0.746      ;
; 0.452 ; Ad9233FrameCapture:U2_frame_capture|frame_ready                                                                            ; Ad9233FrameCapture:U2_frame_capture|frame_ready                                                                            ; adc_dco      ; adc_dco     ; 0.000        ; 0.082      ; 0.746      ;
; 0.452 ; Ad9233FrameCapture:U2_frame_capture|capture_busy                                                                           ; Ad9233FrameCapture:U2_frame_capture|capture_busy                                                                           ; adc_dco      ; adc_dco     ; 0.000        ; 0.082      ; 0.746      ;
; 0.452 ; Ad9233FrameCapture:U2_frame_capture|Ad9233MultistageDecimator:anti_alias_fir|FirDecimatingStage:stage3|mac_busy            ; Ad9233FrameCapture:U2_frame_capture|Ad9233MultistageDecimator:anti_alias_fir|FirDecimatingStage:stage3|mac_busy            ; adc_dco      ; adc_dco     ; 0.000        ; 0.082      ; 0.746      ;
; 0.452 ; Ad9233FrameCapture:U2_frame_capture|Ad9233MultistageDecimator:anti_alias_fir|FirDecimatingStage:stage3|decimation_count[1] ; Ad9233FrameCapture:U2_frame_capture|Ad9233MultistageDecimator:anti_alias_fir|FirDecimatingStage:stage3|decimation_count[1] ; adc_dco      ; adc_dco     ; 0.000        ; 0.082      ; 0.746      ;
; 0.452 ; Ad9233FrameCapture:U2_frame_capture|Ad9233MultistageDecimator:anti_alias_fir|FirDecimatingStage:stage3|warmup_count[0]     ; Ad9233FrameCapture:U2_frame_capture|Ad9233MultistageDecimator:anti_alias_fir|FirDecimatingStage:stage3|warmup_count[0]     ; adc_dco      ; adc_dco     ; 0.000        ; 0.082      ; 0.746      ;
; 0.452 ; Ad9233FrameCapture:U2_frame_capture|Ad9233MultistageDecimator:anti_alias_fir|FirDecimatingStage:stage1|overrun_count[0]    ; Ad9233FrameCapture:U2_frame_capture|Ad9233MultistageDecimator:anti_alias_fir|FirDecimatingStage:stage1|overrun_count[0]    ; adc_dco      ; adc_dco     ; 0.000        ; 0.082      ; 0.746      ;
; 0.452 ; Ad9233FrameCapture:U2_frame_capture|Ad9233MultistageDecimator:anti_alias_fir|FirDecimatingStage:stage2|overrun_count[0]    ; Ad9233FrameCapture:U2_frame_capture|Ad9233MultistageDecimator:anti_alias_fir|FirDecimatingStage:stage2|overrun_count[0]    ; adc_dco      ; adc_dco     ; 0.000        ; 0.082      ; 0.746      ;
; 0.452 ; Ad9233FrameCapture:U2_frame_capture|Ad9233MultistageDecimator:anti_alias_fir|FirDecimatingStage:stage2|mac_busy            ; Ad9233FrameCapture:U2_frame_capture|Ad9233MultistageDecimator:anti_alias_fir|FirDecimatingStage:stage2|mac_busy            ; adc_dco      ; adc_dco     ; 0.000        ; 0.082      ; 0.746      ;
; 0.452 ; Ad9233FrameCapture:U2_frame_capture|Ad9233MultistageDecimator:anti_alias_fir|FirDecimatingStage:stage1|mac_busy            ; Ad9233FrameCapture:U2_frame_capture|Ad9233MultistageDecimator:anti_alias_fir|FirDecimatingStage:stage1|mac_busy            ; adc_dco      ; adc_dco     ; 0.000        ; 0.082      ; 0.746      ;
; 0.452 ; Ad9233FrameCapture:U2_frame_capture|Ad9233MultistageDecimator:anti_alias_fir|FirDecimatingStage:stage1|issue_batch[0]      ; Ad9233FrameCapture:U2_frame_capture|Ad9233MultistageDecimator:anti_alias_fir|FirDecimatingStage:stage1|issue_batch[0]      ; adc_dco      ; adc_dco     ; 0.000        ; 0.082      ; 0.746      ;
; 0.452 ; Ad9233FrameCapture:U2_frame_capture|Ad9233MultistageDecimator:anti_alias_fir|FirDecimatingStage:stage1|issue_batch[1]      ; Ad9233FrameCapture:U2_frame_capture|Ad9233MultistageDecimator:anti_alias_fir|FirDecimatingStage:stage1|issue_batch[1]      ; adc_dco      ; adc_dco     ; 0.000        ; 0.082      ; 0.746      ;
; 0.452 ; Ad9233FrameCapture:U2_frame_capture|Ad9233MultistageDecimator:anti_alias_fir|FirDecimatingStage:stage1|issue_batch[2]      ; Ad9233FrameCapture:U2_frame_capture|Ad9233MultistageDecimator:anti_alias_fir|FirDecimatingStage:stage1|issue_batch[2]      ; adc_dco      ; adc_dco     ; 0.000        ; 0.082      ; 0.746      ;
; 0.452 ; Ad9233FrameCapture:U2_frame_capture|Ad9233MultistageDecimator:anti_alias_fir|FirDecimatingStage:stage1|issue_batch[3]      ; Ad9233FrameCapture:U2_frame_capture|Ad9233MultistageDecimator:anti_alias_fir|FirDecimatingStage:stage1|issue_batch[3]      ; adc_dco      ; adc_dco     ; 0.000        ; 0.082      ; 0.746      ;
; 0.452 ; Ad9233FrameCapture:U2_frame_capture|Ad9233MultistageDecimator:anti_alias_fir|FirDecimatingStage:stage1|issue_batch[4]      ; Ad9233FrameCapture:U2_frame_capture|Ad9233MultistageDecimator:anti_alias_fir|FirDecimatingStage:stage1|issue_batch[4]      ; adc_dco      ; adc_dco     ; 0.000        ; 0.082      ; 0.746      ;
; 0.452 ; Ad9233FrameCapture:U2_frame_capture|Ad9233MultistageDecimator:anti_alias_fir|FirDecimatingStage:stage3|snapshot[29][14]    ; Ad9233FrameCapture:U2_frame_capture|Ad9233MultistageDecimator:anti_alias_fir|FirDecimatingStage:stage3|snapshot[29][14]    ; adc_dco      ; adc_dco     ; 0.000        ; 0.082      ; 0.746      ;
; 0.452 ; Ad9233FrameCapture:U2_frame_capture|Ad9233MultistageDecimator:anti_alias_fir|FirDecimatingStage:stage3|snapshot[27][10]    ; Ad9233FrameCapture:U2_frame_capture|Ad9233MultistageDecimator:anti_alias_fir|FirDecimatingStage:stage3|snapshot[27][10]    ; adc_dco      ; adc_dco     ; 0.000        ; 0.082      ; 0.746      ;
; 0.452 ; Ad9233FrameCapture:U2_frame_capture|Ad9233MultistageDecimator:anti_alias_fir|FirDecimatingStage:stage3|snapshot[31][10]    ; Ad9233FrameCapture:U2_frame_capture|Ad9233MultistageDecimator:anti_alias_fir|FirDecimatingStage:stage3|snapshot[31][10]    ; adc_dco      ; adc_dco     ; 0.000        ; 0.082      ; 0.746      ;
; 0.452 ; Ad9233FrameCapture:U2_frame_capture|Ad9233MultistageDecimator:anti_alias_fir|FirDecimatingStage:stage3|snapshot[29][10]    ; Ad9233FrameCapture:U2_frame_capture|Ad9233MultistageDecimator:anti_alias_fir|FirDecimatingStage:stage3|snapshot[29][10]    ; adc_dco      ; adc_dco     ; 0.000        ; 0.082      ; 0.746      ;
; 0.452 ; Ad9233FrameCapture:U2_frame_capture|Ad9233MultistageDecimator:anti_alias_fir|FirDecimatingStage:stage3|snapshot[26][10]    ; Ad9233FrameCapture:U2_frame_capture|Ad9233MultistageDecimator:anti_alias_fir|FirDecimatingStage:stage3|snapshot[26][10]    ; adc_dco      ; adc_dco     ; 0.000        ; 0.082      ; 0.746      ;
; 0.452 ; Ad9233FrameCapture:U2_frame_capture|Ad9233MultistageDecimator:anti_alias_fir|FirDecimatingStage:stage3|snapshot[30][10]    ; Ad9233FrameCapture:U2_frame_capture|Ad9233MultistageDecimator:anti_alias_fir|FirDecimatingStage:stage3|snapshot[30][10]    ; adc_dco      ; adc_dco     ; 0.000        ; 0.082      ; 0.746      ;
; 0.452 ; Ad9233FrameCapture:U2_frame_capture|Ad9233MultistageDecimator:anti_alias_fir|FirDecimatingStage:stage3|snapshot[29][3]     ; Ad9233FrameCapture:U2_frame_capture|Ad9233MultistageDecimator:anti_alias_fir|FirDecimatingStage:stage3|snapshot[29][3]     ; adc_dco      ; adc_dco     ; 0.000        ; 0.082      ; 0.746      ;
; 0.452 ; Ad9233FrameCapture:U2_frame_capture|Ad9233MultistageDecimator:anti_alias_fir|FirDecimatingStage:stage3|snapshot[20][3]     ; Ad9233FrameCapture:U2_frame_capture|Ad9233MultistageDecimator:anti_alias_fir|FirDecimatingStage:stage3|snapshot[20][3]     ; adc_dco      ; adc_dco     ; 0.000        ; 0.082      ; 0.746      ;
; 0.452 ; Ad9233FrameCapture:U2_frame_capture|Ad9233MultistageDecimator:anti_alias_fir|FirDecimatingStage:stage3|snapshot[22][3]     ; Ad9233FrameCapture:U2_frame_capture|Ad9233MultistageDecimator:anti_alias_fir|FirDecimatingStage:stage3|snapshot[22][3]     ; adc_dco      ; adc_dco     ; 0.000        ; 0.082      ; 0.746      ;
; 0.452 ; Ad9233FrameCapture:U2_frame_capture|Ad9233MultistageDecimator:anti_alias_fir|FirDecimatingStage:stage3|snapshot[30][3]     ; Ad9233FrameCapture:U2_frame_capture|Ad9233MultistageDecimator:anti_alias_fir|FirDecimatingStage:stage3|snapshot[30][3]     ; adc_dco      ; adc_dco     ; 0.000        ; 0.082      ; 0.746      ;
; 0.452 ; Ad9233FrameCapture:U2_frame_capture|Ad9233MultistageDecimator:anti_alias_fir|FirDecimatingStage:stage3|snapshot[28][3]     ; Ad9233FrameCapture:U2_frame_capture|Ad9233MultistageDecimator:anti_alias_fir|FirDecimatingStage:stage3|snapshot[28][3]     ; adc_dco      ; adc_dco     ; 0.000        ; 0.082      ; 0.746      ;
; 0.452 ; Ad9233FrameCapture:U2_frame_capture|Ad9233MultistageDecimator:anti_alias_fir|FirDecimatingStage:stage3|snapshot[27][3]     ; Ad9233FrameCapture:U2_frame_capture|Ad9233MultistageDecimator:anti_alias_fir|FirDecimatingStage:stage3|snapshot[27][3]     ; adc_dco      ; adc_dco     ; 0.000        ; 0.082      ; 0.746      ;
; 0.452 ; Ad9233FrameCapture:U2_frame_capture|Ad9233MultistageDecimator:anti_alias_fir|FirDecimatingStage:stage3|snapshot[17][3]     ; Ad9233FrameCapture:U2_frame_capture|Ad9233MultistageDecimator:anti_alias_fir|FirDecimatingStage:stage3|snapshot[17][3]     ; adc_dco      ; adc_dco     ; 0.000        ; 0.082      ; 0.746      ;
; 0.452 ; Ad9233FrameCapture:U2_frame_capture|Ad9233MultistageDecimator:anti_alias_fir|FirDecimatingStage:stage3|snapshot[25][3]     ; Ad9233FrameCapture:U2_frame_capture|Ad9233MultistageDecimator:anti_alias_fir|FirDecimatingStage:stage3|snapshot[25][3]     ; adc_dco      ; adc_dco     ; 0.000        ; 0.082      ; 0.746      ;
; 0.452 ; Ad9233FrameCapture:U2_frame_capture|Ad9233MultistageDecimator:anti_alias_fir|FirDecimatingStage:stage3|snapshot[26][3]     ; Ad9233FrameCapture:U2_frame_capture|Ad9233MultistageDecimator:anti_alias_fir|FirDecimatingStage:stage3|snapshot[26][3]     ; adc_dco      ; adc_dco     ; 0.000        ; 0.082      ; 0.746      ;
; 0.452 ; Ad9233FrameCapture:U2_frame_capture|Ad9233MultistageDecimator:anti_alias_fir|FirDecimatingStage:stage3|snapshot[16][3]     ; Ad9233FrameCapture:U2_frame_capture|Ad9233MultistageDecimator:anti_alias_fir|FirDecimatingStage:stage3|snapshot[16][3]     ; adc_dco      ; adc_dco     ; 0.000        ; 0.082      ; 0.746      ;
; 0.452 ; Ad9233FrameCapture:U2_frame_capture|Ad9233MultistageDecimator:anti_alias_fir|FirDecimatingStage:stage3|snapshot[18][3]     ; Ad9233FrameCapture:U2_frame_capture|Ad9233MultistageDecimator:anti_alias_fir|FirDecimatingStage:stage3|snapshot[18][3]     ; adc_dco      ; adc_dco     ; 0.000        ; 0.082      ; 0.746      ;
; 0.452 ; Ad9233FrameCapture:U2_frame_capture|Ad9233MultistageDecimator:anti_alias_fir|FirDecimatingStage:stage3|snapshot[11][3]     ; Ad9233FrameCapture:U2_frame_capture|Ad9233MultistageDecimator:anti_alias_fir|FirDecimatingStage:stage3|snapshot[11][3]     ; adc_dco      ; adc_dco     ; 0.000        ; 0.082      ; 0.746      ;
; 0.452 ; Ad9233FrameCapture:U2_frame_capture|Ad9233MultistageDecimator:anti_alias_fir|FirDecimatingStage:stage3|snapshot[15][3]     ; Ad9233FrameCapture:U2_frame_capture|Ad9233MultistageDecimator:anti_alias_fir|FirDecimatingStage:stage3|snapshot[15][3]     ; adc_dco      ; adc_dco     ; 0.000        ; 0.082      ; 0.746      ;
; 0.452 ; Ad9233FrameCapture:U2_frame_capture|Ad9233MultistageDecimator:anti_alias_fir|FirDecimatingStage:stage3|snapshot[14][3]     ; Ad9233FrameCapture:U2_frame_capture|Ad9233MultistageDecimator:anti_alias_fir|FirDecimatingStage:stage3|snapshot[14][3]     ; adc_dco      ; adc_dco     ; 0.000        ; 0.082      ; 0.746      ;
; 0.452 ; Ad9233FrameCapture:U2_frame_capture|Ad9233MultistageDecimator:anti_alias_fir|FirDecimatingStage:stage3|snapshot[10][3]     ; Ad9233FrameCapture:U2_frame_capture|Ad9233MultistageDecimator:anti_alias_fir|FirDecimatingStage:stage3|snapshot[10][3]     ; adc_dco      ; adc_dco     ; 0.000        ; 0.082      ; 0.746      ;
; 0.452 ; Ad9233FrameCapture:U2_frame_capture|Ad9233MultistageDecimator:anti_alias_fir|FirDecimatingStage:stage3|snapshot[13][3]     ; Ad9233FrameCapture:U2_frame_capture|Ad9233MultistageDecimator:anti_alias_fir|FirDecimatingStage:stage3|snapshot[13][3]     ; adc_dco      ; adc_dco     ; 0.000        ; 0.082      ; 0.746      ;
; 0.452 ; Ad9233FrameCapture:U2_frame_capture|Ad9233MultistageDecimator:anti_alias_fir|FirDecimatingStage:stage3|snapshot[8][3]      ; Ad9233FrameCapture:U2_frame_capture|Ad9233MultistageDecimator:anti_alias_fir|FirDecimatingStage:stage3|snapshot[8][3]      ; adc_dco      ; adc_dco     ; 0.000        ; 0.082      ; 0.746      ;
; 0.452 ; Ad9233FrameCapture:U2_frame_capture|Ad9233MultistageDecimator:anti_alias_fir|FirDecimatingStage:stage3|snapshot[12][3]     ; Ad9233FrameCapture:U2_frame_capture|Ad9233MultistageDecimator:anti_alias_fir|FirDecimatingStage:stage3|snapshot[12][3]     ; adc_dco      ; adc_dco     ; 0.000        ; 0.082      ; 0.746      ;
; 0.452 ; Ad9233FrameCapture:U2_frame_capture|Ad9233MultistageDecimator:anti_alias_fir|FirDecimatingStage:stage3|snapshot[1][3]      ; Ad9233FrameCapture:U2_frame_capture|Ad9233MultistageDecimator:anti_alias_fir|FirDecimatingStage:stage3|snapshot[1][3]      ; adc_dco      ; adc_dco     ; 0.000        ; 0.082      ; 0.746      ;
; 0.452 ; Ad9233FrameCapture:U2_frame_capture|Ad9233MultistageDecimator:anti_alias_fir|FirDecimatingStage:stage3|snapshot[37][3]     ; Ad9233FrameCapture:U2_frame_capture|Ad9233MultistageDecimator:anti_alias_fir|FirDecimatingStage:stage3|snapshot[37][3]     ; adc_dco      ; adc_dco     ; 0.000        ; 0.082      ; 0.746      ;
; 0.452 ; Ad9233FrameCapture:U2_frame_capture|Ad9233MultistageDecimator:anti_alias_fir|FirDecimatingStage:stage3|snapshot[38][3]     ; Ad9233FrameCapture:U2_frame_capture|Ad9233MultistageDecimator:anti_alias_fir|FirDecimatingStage:stage3|snapshot[38][3]     ; adc_dco      ; adc_dco     ; 0.000        ; 0.082      ; 0.746      ;
; 0.452 ; Ad9233FrameCapture:U2_frame_capture|Ad9233MultistageDecimator:anti_alias_fir|FirDecimatingStage:stage3|snapshot[35][3]     ; Ad9233FrameCapture:U2_frame_capture|Ad9233MultistageDecimator:anti_alias_fir|FirDecimatingStage:stage3|snapshot[35][3]     ; adc_dco      ; adc_dco     ; 0.000        ; 0.082      ; 0.746      ;
; 0.452 ; Ad9233FrameCapture:U2_frame_capture|Ad9233MultistageDecimator:anti_alias_fir|FirDecimatingStage:stage3|snapshot[33][3]     ; Ad9233FrameCapture:U2_frame_capture|Ad9233MultistageDecimator:anti_alias_fir|FirDecimatingStage:stage3|snapshot[33][3]     ; adc_dco      ; adc_dco     ; 0.000        ; 0.082      ; 0.746      ;
; 0.452 ; Ad9233FrameCapture:U2_frame_capture|Ad9233MultistageDecimator:anti_alias_fir|FirDecimatingStage:stage3|snapshot[34][3]     ; Ad9233FrameCapture:U2_frame_capture|Ad9233MultistageDecimator:anti_alias_fir|FirDecimatingStage:stage3|snapshot[34][3]     ; adc_dco      ; adc_dco     ; 0.000        ; 0.082      ; 0.746      ;
; 0.452 ; Ad9233FrameCapture:U2_frame_capture|Ad9233MultistageDecimator:anti_alias_fir|FirDecimatingStage:stage3|snapshot[0][1]      ; Ad9233FrameCapture:U2_frame_capture|Ad9233MultistageDecimator:anti_alias_fir|FirDecimatingStage:stage3|snapshot[0][1]      ; adc_dco      ; adc_dco     ; 0.000        ; 0.082      ; 0.746      ;
; 0.452 ; Ad9233FrameCapture:U2_frame_capture|Ad9233MultistageDecimator:anti_alias_fir|FirDecimatingStage:stage3|snapshot[32][16]    ; Ad9233FrameCapture:U2_frame_capture|Ad9233MultistageDecimator:anti_alias_fir|FirDecimatingStage:stage3|snapshot[32][16]    ; adc_dco      ; adc_dco     ; 0.000        ; 0.082      ; 0.746      ;
; 0.452 ; Ad9233FrameCapture:U2_frame_capture|Ad9233MultistageDecimator:anti_alias_fir|FirDecimatingStage:stage3|snapshot[30][16]    ; Ad9233FrameCapture:U2_frame_capture|Ad9233MultistageDecimator:anti_alias_fir|FirDecimatingStage:stage3|snapshot[30][16]    ; adc_dco      ; adc_dco     ; 0.000        ; 0.082      ; 0.746      ;
; 0.452 ; Ad9233FrameCapture:U2_frame_capture|Ad9233MultistageDecimator:anti_alias_fir|FirDecimatingStage:stage3|snapshot[22][16]    ; Ad9233FrameCapture:U2_frame_capture|Ad9233MultistageDecimator:anti_alias_fir|FirDecimatingStage:stage3|snapshot[22][16]    ; adc_dco      ; adc_dco     ; 0.000        ; 0.082      ; 0.746      ;
; 0.452 ; Ad9233FrameCapture:U2_frame_capture|Ad9233MultistageDecimator:anti_alias_fir|FirDecimatingStage:stage3|snapshot[18][16]    ; Ad9233FrameCapture:U2_frame_capture|Ad9233MultistageDecimator:anti_alias_fir|FirDecimatingStage:stage3|snapshot[18][16]    ; adc_dco      ; adc_dco     ; 0.000        ; 0.082      ; 0.746      ;
; 0.452 ; Ad9233FrameCapture:U2_frame_capture|Ad9233MultistageDecimator:anti_alias_fir|FirDecimatingStage:stage3|snapshot[26][16]    ; Ad9233FrameCapture:U2_frame_capture|Ad9233MultistageDecimator:anti_alias_fir|FirDecimatingStage:stage3|snapshot[26][16]    ; adc_dco      ; adc_dco     ; 0.000        ; 0.082      ; 0.746      ;
; 0.452 ; Ad9233FrameCapture:U2_frame_capture|Ad9233MultistageDecimator:anti_alias_fir|FirDecimatingStage:stage3|snapshot[29][16]    ; Ad9233FrameCapture:U2_frame_capture|Ad9233MultistageDecimator:anti_alias_fir|FirDecimatingStage:stage3|snapshot[29][16]    ; adc_dco      ; adc_dco     ; 0.000        ; 0.082      ; 0.746      ;
; 0.452 ; Ad9233FrameCapture:U2_frame_capture|Ad9233MultistageDecimator:anti_alias_fir|FirDecimatingStage:stage3|snapshot[21][16]    ; Ad9233FrameCapture:U2_frame_capture|Ad9233MultistageDecimator:anti_alias_fir|FirDecimatingStage:stage3|snapshot[21][16]    ; adc_dco      ; adc_dco     ; 0.000        ; 0.082      ; 0.746      ;
; 0.452 ; Ad9233FrameCapture:U2_frame_capture|Ad9233MultistageDecimator:anti_alias_fir|FirDecimatingStage:stage3|snapshot[17][16]    ; Ad9233FrameCapture:U2_frame_capture|Ad9233MultistageDecimator:anti_alias_fir|FirDecimatingStage:stage3|snapshot[17][16]    ; adc_dco      ; adc_dco     ; 0.000        ; 0.082      ; 0.746      ;
; 0.452 ; Ad9233FrameCapture:U2_frame_capture|Ad9233MultistageDecimator:anti_alias_fir|FirDecimatingStage:stage3|snapshot[25][16]    ; Ad9233FrameCapture:U2_frame_capture|Ad9233MultistageDecimator:anti_alias_fir|FirDecimatingStage:stage3|snapshot[25][16]    ; adc_dco      ; adc_dco     ; 0.000        ; 0.082      ; 0.746      ;
; 0.452 ; Ad9233FrameCapture:U2_frame_capture|Ad9233MultistageDecimator:anti_alias_fir|FirDecimatingStage:stage3|snapshot[20][16]    ; Ad9233FrameCapture:U2_frame_capture|Ad9233MultistageDecimator:anti_alias_fir|FirDecimatingStage:stage3|snapshot[20][16]    ; adc_dco      ; adc_dco     ; 0.000        ; 0.082      ; 0.746      ;
; 0.452 ; Ad9233FrameCapture:U2_frame_capture|Ad9233MultistageDecimator:anti_alias_fir|FirDecimatingStage:stage3|snapshot[16][16]    ; Ad9233FrameCapture:U2_frame_capture|Ad9233MultistageDecimator:anti_alias_fir|FirDecimatingStage:stage3|snapshot[16][16]    ; adc_dco      ; adc_dco     ; 0.000        ; 0.082      ; 0.746      ;
; 0.452 ; Ad9233FrameCapture:U2_frame_capture|Ad9233MultistageDecimator:anti_alias_fir|FirDecimatingStage:stage3|snapshot[24][16]    ; Ad9233FrameCapture:U2_frame_capture|Ad9233MultistageDecimator:anti_alias_fir|FirDecimatingStage:stage3|snapshot[24][16]    ; adc_dco      ; adc_dco     ; 0.000        ; 0.082      ; 0.746      ;
; 0.452 ; Ad9233FrameCapture:U2_frame_capture|Ad9233MultistageDecimator:anti_alias_fir|FirDecimatingStage:stage3|snapshot[19][16]    ; Ad9233FrameCapture:U2_frame_capture|Ad9233MultistageDecimator:anti_alias_fir|FirDecimatingStage:stage3|snapshot[19][16]    ; adc_dco      ; adc_dco     ; 0.000        ; 0.082      ; 0.746      ;
; 0.452 ; Ad9233FrameCapture:U2_frame_capture|Ad9233MultistageDecimator:anti_alias_fir|FirDecimatingStage:stage3|snapshot[31][16]    ; Ad9233FrameCapture:U2_frame_capture|Ad9233MultistageDecimator:anti_alias_fir|FirDecimatingStage:stage3|snapshot[31][16]    ; adc_dco      ; adc_dco     ; 0.000        ; 0.082      ; 0.746      ;
; 0.452 ; Ad9233FrameCapture:U2_frame_capture|Ad9233MultistageDecimator:anti_alias_fir|FirDecimatingStage:stage3|snapshot[5][16]     ; Ad9233FrameCapture:U2_frame_capture|Ad9233MultistageDecimator:anti_alias_fir|FirDecimatingStage:stage3|snapshot[5][16]     ; adc_dco      ; adc_dco     ; 0.000        ; 0.082      ; 0.746      ;
; 0.452 ; Ad9233FrameCapture:U2_frame_capture|Ad9233MultistageDecimator:anti_alias_fir|FirDecimatingStage:stage3|snapshot[9][16]     ; Ad9233FrameCapture:U2_frame_capture|Ad9233MultistageDecimator:anti_alias_fir|FirDecimatingStage:stage3|snapshot[9][16]     ; adc_dco      ; adc_dco     ; 0.000        ; 0.082      ; 0.746      ;
; 0.452 ; Ad9233FrameCapture:U2_frame_capture|Ad9233MultistageDecimator:anti_alias_fir|FirDecimatingStage:stage3|snapshot[4][16]     ; Ad9233FrameCapture:U2_frame_capture|Ad9233MultistageDecimator:anti_alias_fir|FirDecimatingStage:stage3|snapshot[4][16]     ; adc_dco      ; adc_dco     ; 0.000        ; 0.082      ; 0.746      ;
; 0.452 ; Ad9233FrameCapture:U2_frame_capture|Ad9233MultistageDecimator:anti_alias_fir|FirDecimatingStage:stage3|snapshot[8][16]     ; Ad9233FrameCapture:U2_frame_capture|Ad9233MultistageDecimator:anti_alias_fir|FirDecimatingStage:stage3|snapshot[8][16]     ; adc_dco      ; adc_dco     ; 0.000        ; 0.082      ; 0.746      ;
; 0.452 ; Ad9233FrameCapture:U2_frame_capture|Ad9233MultistageDecimator:anti_alias_fir|FirDecimatingStage:stage3|snapshot[0][16]     ; Ad9233FrameCapture:U2_frame_capture|Ad9233MultistageDecimator:anti_alias_fir|FirDecimatingStage:stage3|snapshot[0][16]     ; adc_dco      ; adc_dco     ; 0.000        ; 0.082      ; 0.746      ;
; 0.452 ; Ad9233FrameCapture:U2_frame_capture|Ad9233MultistageDecimator:anti_alias_fir|FirDecimatingStage:stage3|snapshot[10][16]    ; Ad9233FrameCapture:U2_frame_capture|Ad9233MultistageDecimator:anti_alias_fir|FirDecimatingStage:stage3|snapshot[10][16]    ; adc_dco      ; adc_dco     ; 0.000        ; 0.082      ; 0.746      ;
; 0.452 ; Ad9233FrameCapture:U2_frame_capture|Ad9233MultistageDecimator:anti_alias_fir|FirDecimatingStage:stage3|snapshot[6][16]     ; Ad9233FrameCapture:U2_frame_capture|Ad9233MultistageDecimator:anti_alias_fir|FirDecimatingStage:stage3|snapshot[6][16]     ; adc_dco      ; adc_dco     ; 0.000        ; 0.082      ; 0.746      ;
; 0.452 ; Ad9233FrameCapture:U2_frame_capture|Ad9233MultistageDecimator:anti_alias_fir|FirDecimatingStage:stage3|snapshot[11][16]    ; Ad9233FrameCapture:U2_frame_capture|Ad9233MultistageDecimator:anti_alias_fir|FirDecimatingStage:stage3|snapshot[11][16]    ; adc_dco      ; adc_dco     ; 0.000        ; 0.082      ; 0.746      ;
; 0.452 ; Ad9233FrameCapture:U2_frame_capture|Ad9233MultistageDecimator:anti_alias_fir|FirDecimatingStage:stage3|snapshot[3][16]     ; Ad9233FrameCapture:U2_frame_capture|Ad9233MultistageDecimator:anti_alias_fir|FirDecimatingStage:stage3|snapshot[3][16]     ; adc_dco      ; adc_dco     ; 0.000        ; 0.082      ; 0.746      ;
; 0.452 ; Ad9233FrameCapture:U2_frame_capture|Ad9233MultistageDecimator:anti_alias_fir|FirDecimatingStage:stage3|snapshot[7][16]     ; Ad9233FrameCapture:U2_frame_capture|Ad9233MultistageDecimator:anti_alias_fir|FirDecimatingStage:stage3|snapshot[7][16]     ; adc_dco      ; adc_dco     ; 0.000        ; 0.082      ; 0.746      ;
; 0.452 ; Ad9233FrameCapture:U2_frame_capture|Ad9233MultistageDecimator:anti_alias_fir|FirDecimatingStage:stage3|snapshot[15][16]    ; Ad9233FrameCapture:U2_frame_capture|Ad9233MultistageDecimator:anti_alias_fir|FirDecimatingStage:stage3|snapshot[15][16]    ; adc_dco      ; adc_dco     ; 0.000        ; 0.082      ; 0.746      ;
; 0.452 ; Ad9233FrameCapture:U2_frame_capture|Ad9233MultistageDecimator:anti_alias_fir|FirDecimatingStage:stage3|snapshot[2][15]     ; Ad9233FrameCapture:U2_frame_capture|Ad9233MultistageDecimator:anti_alias_fir|FirDecimatingStage:stage3|snapshot[2][15]     ; adc_dco      ; adc_dco     ; 0.000        ; 0.082      ; 0.746      ;
; 0.452 ; Ad9233FrameCapture:U2_frame_capture|Ad9233MultistageDecimator:anti_alias_fir|FirDecimatingStage:stage3|snapshot[4][15]     ; Ad9233FrameCapture:U2_frame_capture|Ad9233MultistageDecimator:anti_alias_fir|FirDecimatingStage:stage3|snapshot[4][15]     ; adc_dco      ; adc_dco     ; 0.000        ; 0.082      ; 0.746      ;
; 0.452 ; Ad9233FrameCapture:U2_frame_capture|Ad9233MultistageDecimator:anti_alias_fir|FirDecimatingStage:stage3|snapshot[6][15]     ; Ad9233FrameCapture:U2_frame_capture|Ad9233MultistageDecimator:anti_alias_fir|FirDecimatingStage:stage3|snapshot[6][15]     ; adc_dco      ; adc_dco     ; 0.000        ; 0.082      ; 0.746      ;
; 0.452 ; Ad9233FrameCapture:U2_frame_capture|Ad9233MultistageDecimator:anti_alias_fir|FirDecimatingStage:stage3|snapshot[3][15]     ; Ad9233FrameCapture:U2_frame_capture|Ad9233MultistageDecimator:anti_alias_fir|FirDecimatingStage:stage3|snapshot[3][15]     ; adc_dco      ; adc_dco     ; 0.000        ; 0.082      ; 0.746      ;
; 0.452 ; Ad9233FrameCapture:U2_frame_capture|Ad9233MultistageDecimator:anti_alias_fir|FirDecimatingStage:stage3|snapshot[5][15]     ; Ad9233FrameCapture:U2_frame_capture|Ad9233MultistageDecimator:anti_alias_fir|FirDecimatingStage:stage3|snapshot[5][15]     ; adc_dco      ; adc_dco     ; 0.000        ; 0.082      ; 0.746      ;
; 0.452 ; Ad9233FrameCapture:U2_frame_capture|Ad9233MultistageDecimator:anti_alias_fir|FirDecimatingStage:stage3|snapshot[0][15]     ; Ad9233FrameCapture:U2_frame_capture|Ad9233MultistageDecimator:anti_alias_fir|FirDecimatingStage:stage3|snapshot[0][15]     ; adc_dco      ; adc_dco     ; 0.000        ; 0.082      ; 0.746      ;
; 0.452 ; Ad9233FrameCapture:U2_frame_capture|Ad9233MultistageDecimator:anti_alias_fir|FirDecimatingStage:stage3|snapshot[1][15]     ; Ad9233FrameCapture:U2_frame_capture|Ad9233MultistageDecimator:anti_alias_fir|FirDecimatingStage:stage3|snapshot[1][15]     ; adc_dco      ; adc_dco     ; 0.000        ; 0.082      ; 0.746      ;
; 0.452 ; Ad9233FrameCapture:U2_frame_capture|Ad9233MultistageDecimator:anti_alias_fir|FirDecimatingStage:stage3|snapshot[26][15]    ; Ad9233FrameCapture:U2_frame_capture|Ad9233MultistageDecimator:anti_alias_fir|FirDecimatingStage:stage3|snapshot[26][15]    ; adc_dco      ; adc_dco     ; 0.000        ; 0.082      ; 0.746      ;
; 0.452 ; Ad9233FrameCapture:U2_frame_capture|Ad9233MultistageDecimator:anti_alias_fir|FirDecimatingStage:stage3|snapshot[25][15]    ; Ad9233FrameCapture:U2_frame_capture|Ad9233MultistageDecimator:anti_alias_fir|FirDecimatingStage:stage3|snapshot[25][15]    ; adc_dco      ; adc_dco     ; 0.000        ; 0.082      ; 0.746      ;
; 0.452 ; Ad9233FrameCapture:U2_frame_capture|Ad9233MultistageDecimator:anti_alias_fir|FirDecimatingStage:stage3|snapshot[29][15]    ; Ad9233FrameCapture:U2_frame_capture|Ad9233MultistageDecimator:anti_alias_fir|FirDecimatingStage:stage3|snapshot[29][15]    ; adc_dco      ; adc_dco     ; 0.000        ; 0.082      ; 0.746      ;
; 0.452 ; Ad9233FrameCapture:U2_frame_capture|Ad9233MultistageDecimator:anti_alias_fir|FirDecimatingStage:stage3|snapshot[30][15]    ; Ad9233FrameCapture:U2_frame_capture|Ad9233MultistageDecimator:anti_alias_fir|FirDecimatingStage:stage3|snapshot[30][15]    ; adc_dco      ; adc_dco     ; 0.000        ; 0.082      ; 0.746      ;
; 0.452 ; Ad9233FrameCapture:U2_frame_capture|Ad9233MultistageDecimator:anti_alias_fir|FirDecimatingStage:stage3|snapshot[23][15]    ; Ad9233FrameCapture:U2_frame_capture|Ad9233MultistageDecimator:anti_alias_fir|FirDecimatingStage:stage3|snapshot[23][15]    ; adc_dco      ; adc_dco     ; 0.000        ; 0.082      ; 0.746      ;
; 0.452 ; Ad9233FrameCapture:U2_frame_capture|Ad9233MultistageDecimator:anti_alias_fir|FirDecimatingStage:stage3|snapshot[24][15]    ; Ad9233FrameCapture:U2_frame_capture|Ad9233MultistageDecimator:anti_alias_fir|FirDecimatingStage:stage3|snapshot[24][15]    ; adc_dco      ; adc_dco     ; 0.000        ; 0.082      ; 0.746      ;
; 0.452 ; Ad9233FrameCapture:U2_frame_capture|Ad9233MultistageDecimator:anti_alias_fir|FirDecimatingStage:stage3|snapshot[28][15]    ; Ad9233FrameCapture:U2_frame_capture|Ad9233MultistageDecimator:anti_alias_fir|FirDecimatingStage:stage3|snapshot[28][15]    ; adc_dco      ; adc_dco     ; 0.000        ; 0.082      ; 0.746      ;
; 0.452 ; Ad9233FrameCapture:U2_frame_capture|Ad9233MultistageDecimator:anti_alias_fir|FirDecimatingStage:stage3|snapshot[27][15]    ; Ad9233FrameCapture:U2_frame_capture|Ad9233MultistageDecimator:anti_alias_fir|FirDecimatingStage:stage3|snapshot[27][15]    ; adc_dco      ; adc_dco     ; 0.000        ; 0.082      ; 0.746      ;
; 0.452 ; Ad9233FrameCapture:U2_frame_capture|Ad9233MultistageDecimator:anti_alias_fir|FirDecimatingStage:stage3|snapshot[14][15]    ; Ad9233FrameCapture:U2_frame_capture|Ad9233MultistageDecimator:anti_alias_fir|FirDecimatingStage:stage3|snapshot[14][15]    ; adc_dco      ; adc_dco     ; 0.000        ; 0.082      ; 0.746      ;
; 0.452 ; Ad9233FrameCapture:U2_frame_capture|Ad9233MultistageDecimator:anti_alias_fir|FirDecimatingStage:stage3|snapshot[20][15]    ; Ad9233FrameCapture:U2_frame_capture|Ad9233MultistageDecimator:anti_alias_fir|FirDecimatingStage:stage3|snapshot[20][15]    ; adc_dco      ; adc_dco     ; 0.000        ; 0.082      ; 0.746      ;
; 0.452 ; Ad9233FrameCapture:U2_frame_capture|Ad9233MultistageDecimator:anti_alias_fir|FirDecimatingStage:stage3|snapshot[12][15]    ; Ad9233FrameCapture:U2_frame_capture|Ad9233MultistageDecimator:anti_alias_fir|FirDecimatingStage:stage3|snapshot[12][15]    ; adc_dco      ; adc_dco     ; 0.000        ; 0.082      ; 0.746      ;
; 0.452 ; Ad9233FrameCapture:U2_frame_capture|Ad9233MultistageDecimator:anti_alias_fir|FirDecimatingStage:stage3|snapshot[8][15]     ; Ad9233FrameCapture:U2_frame_capture|Ad9233MultistageDecimator:anti_alias_fir|FirDecimatingStage:stage3|snapshot[8][15]     ; adc_dco      ; adc_dco     ; 0.000        ; 0.082      ; 0.746      ;
; 0.452 ; Ad9233FrameCapture:U2_frame_capture|Ad9233MultistageDecimator:anti_alias_fir|FirDecimatingStage:stage3|snapshot[16][15]    ; Ad9233FrameCapture:U2_frame_capture|Ad9233MultistageDecimator:anti_alias_fir|FirDecimatingStage:stage3|snapshot[16][15]    ; adc_dco      ; adc_dco     ; 0.000        ; 0.082      ; 0.746      ;
; 0.452 ; Ad9233FrameCapture:U2_frame_capture|Ad9233MultistageDecimator:anti_alias_fir|FirDecimatingStage:stage3|snapshot[18][15]    ; Ad9233FrameCapture:U2_frame_capture|Ad9233MultistageDecimator:anti_alias_fir|FirDecimatingStage:stage3|snapshot[18][15]    ; adc_dco      ; adc_dco     ; 0.000        ; 0.082      ; 0.746      ;
; 0.452 ; Ad9233FrameCapture:U2_frame_capture|Ad9233MultistageDecimator:anti_alias_fir|FirDecimatingStage:stage3|snapshot[10][15]    ; Ad9233FrameCapture:U2_frame_capture|Ad9233MultistageDecimator:anti_alias_fir|FirDecimatingStage:stage3|snapshot[10][15]    ; adc_dco      ; adc_dco     ; 0.000        ; 0.082      ; 0.746      ;
; 0.452 ; Ad9233FrameCapture:U2_frame_capture|Ad9233MultistageDecimator:anti_alias_fir|FirDecimatingStage:stage3|snapshot[7][15]     ; Ad9233FrameCapture:U2_frame_capture|Ad9233MultistageDecimator:anti_alias_fir|FirDecimatingStage:stage3|snapshot[7][15]     ; adc_dco      ; adc_dco     ; 0.000        ; 0.082      ; 0.746      ;
; 0.452 ; Ad9233FrameCapture:U2_frame_capture|Ad9233MultistageDecimator:anti_alias_fir|FirDecimatingStage:stage3|snapshot[17][15]    ; Ad9233FrameCapture:U2_frame_capture|Ad9233MultistageDecimator:anti_alias_fir|FirDecimatingStage:stage3|snapshot[17][15]    ; adc_dco      ; adc_dco     ; 0.000        ; 0.082      ; 0.746      ;
; 0.452 ; Ad9233FrameCapture:U2_frame_capture|Ad9233MultistageDecimator:anti_alias_fir|FirDecimatingStage:stage3|snapshot[15][15]    ; Ad9233FrameCapture:U2_frame_capture|Ad9233MultistageDecimator:anti_alias_fir|FirDecimatingStage:stage3|snapshot[15][15]    ; adc_dco      ; adc_dco     ; 0.000        ; 0.082      ; 0.746      ;
; 0.452 ; Ad9233FrameCapture:U2_frame_capture|Ad9233MultistageDecimator:anti_alias_fir|FirDecimatingStage:stage3|snapshot[9][15]     ; Ad9233FrameCapture:U2_frame_capture|Ad9233MultistageDecimator:anti_alias_fir|FirDecimatingStage:stage3|snapshot[9][15]     ; adc_dco      ; adc_dco     ; 0.000        ; 0.082      ; 0.746      ;
+-------+----------------------------------------------------------------------------------------------------------------------------+----------------------------------------------------------------------------------------------------------------------------+--------------+-------------+--------------+------------+------------+


+---------------------------------------------------------------------------------------------------------------------------------------------------------------------------------------+
; Slow 1200mV 85C Model Hold: 'clk_50m'                                                                                                                                                 ;
+-------+----------------------------------------------------+----------------------------------------------------+--------------+-------------+--------------+------------+------------+
; Slack ; From Node                                          ; To Node                                            ; Launch Clock ; Latch Clock ; Relationship ; Clock Skew ; Data Delay ;
+-------+----------------------------------------------------+----------------------------------------------------+--------------+-------------+--------------+------------+------------+
; 0.452 ; Ad9233SpiInit:U1_ad9233_spi_init|cfg_done          ; Ad9233SpiInit:U1_ad9233_spi_init|cfg_done          ; clk_50m      ; clk_50m     ; 0.000        ; 0.082      ; 0.746      ;
; 0.452 ; Ad9233SpiInit:U1_ad9233_spi_init|state.STATE_DONE  ; Ad9233SpiInit:U1_ad9233_spi_init|state.STATE_DONE  ; clk_50m      ; clk_50m     ; 0.000        ; 0.082      ; 0.746      ;
; 0.452 ; Ad9233SpiInit:U1_ad9233_spi_init|frame_index[0]    ; Ad9233SpiInit:U1_ad9233_spi_init|frame_index[0]    ; clk_50m      ; clk_50m     ; 0.000        ; 0.082      ; 0.746      ;
; 0.452 ; Ad9233SpiInit:U1_ad9233_spi_init|frame_index[2]    ; Ad9233SpiInit:U1_ad9233_spi_init|frame_index[2]    ; clk_50m      ; clk_50m     ; 0.000        ; 0.082      ; 0.746      ;
; 0.452 ; Ad9233SpiInit:U1_ad9233_spi_init|frame_index[1]    ; Ad9233SpiInit:U1_ad9233_spi_init|frame_index[1]    ; clk_50m      ; clk_50m     ; 0.000        ; 0.082      ; 0.746      ;
; 0.452 ; Ad9233SpiInit:U1_ad9233_spi_init|state.STATE_HIGH  ; Ad9233SpiInit:U1_ad9233_spi_init|state.STATE_HIGH  ; clk_50m      ; clk_50m     ; 0.000        ; 0.082      ; 0.746      ;
; 0.452 ; Ad9233SpiInit:U1_ad9233_spi_init|state.STATE_WAIT  ; Ad9233SpiInit:U1_ad9233_spi_init|state.STATE_WAIT  ; clk_50m      ; clk_50m     ; 0.000        ; 0.082      ; 0.746      ;
; 0.453 ; Ad9233SpiInit:U1_ad9233_spi_init|spi_sdio          ; Ad9233SpiInit:U1_ad9233_spi_init|spi_sdio          ; clk_50m      ; clk_50m     ; 0.000        ; 0.081      ; 0.746      ;
; 0.453 ; Ad9233SpiInit:U1_ad9233_spi_init|shift_data[0]     ; Ad9233SpiInit:U1_ad9233_spi_init|shift_data[0]     ; clk_50m      ; clk_50m     ; 0.000        ; 0.081      ; 0.746      ;
; 0.453 ; Ad9233SpiInit:U1_ad9233_spi_init|state.STATE_LOW   ; Ad9233SpiInit:U1_ad9233_spi_init|state.STATE_LOW   ; clk_50m      ; clk_50m     ; 0.000        ; 0.081      ; 0.746      ;
; 0.501 ; Ad9233SpiInit:U1_ad9233_spi_init|shift_data[22]    ; Ad9233SpiInit:U1_ad9233_spi_init|spi_sdio          ; clk_50m      ; clk_50m     ; 0.000        ; 0.081      ; 0.794      ;
; 0.502 ; Ad9233SpiInit:U1_ad9233_spi_init|shift_data[6]     ; Ad9233SpiInit:U1_ad9233_spi_init|shift_data[7]     ; clk_50m      ; clk_50m     ; 0.000        ; 0.081      ; 0.795      ;
; 0.502 ; Ad9233SpiInit:U1_ad9233_spi_init|shift_data[5]     ; Ad9233SpiInit:U1_ad9233_spi_init|shift_data[6]     ; clk_50m      ; clk_50m     ; 0.000        ; 0.081      ; 0.795      ;
; 0.570 ; Ad9233SpiInit:U1_ad9233_spi_init|state.STATE_WAIT  ; Ad9233SpiInit:U1_ad9233_spi_init|cfg_done          ; clk_50m      ; clk_50m     ; 0.000        ; 0.082      ; 0.864      ;
; 0.570 ; Ad9233SpiInit:U1_ad9233_spi_init|state.STATE_WAIT  ; Ad9233SpiInit:U1_ad9233_spi_init|frame_index[0]    ; clk_50m      ; clk_50m     ; 0.000        ; 0.082      ; 0.864      ;
; 0.641 ; Ad9233SpiInit:U1_ad9233_spi_init|shift_data[3]     ; Ad9233SpiInit:U1_ad9233_spi_init|shift_data[4]     ; clk_50m      ; clk_50m     ; 0.000        ; 0.081      ; 0.934      ;
; 0.642 ; Ad9233SpiInit:U1_ad9233_spi_init|shift_data[21]    ; Ad9233SpiInit:U1_ad9233_spi_init|shift_data[22]    ; clk_50m      ; clk_50m     ; 0.000        ; 0.081      ; 0.935      ;
; 0.661 ; Ad9233SpiInit:U1_ad9233_spi_init|bit_index[0]      ; Ad9233SpiInit:U1_ad9233_spi_init|state.STATE_GAP   ; clk_50m      ; clk_50m     ; 0.000        ; 0.082      ; 0.955      ;
; 0.698 ; Ad9233SpiInit:U1_ad9233_spi_init|shift_data[10]    ; Ad9233SpiInit:U1_ad9233_spi_init|shift_data[11]    ; clk_50m      ; clk_50m     ; 0.000        ; 0.081      ; 0.991      ;
; 0.698 ; Ad9233SpiInit:U1_ad9233_spi_init|shift_data[7]     ; Ad9233SpiInit:U1_ad9233_spi_init|shift_data[8]     ; clk_50m      ; clk_50m     ; 0.000        ; 0.081      ; 0.991      ;
; 0.698 ; adc_pll_lock_sync[0]                               ; adc_pll_lock_sync[1]                               ; clk_50m      ; clk_50m     ; 0.000        ; 0.081      ; 0.991      ;
; 0.699 ; Ad9233SpiInit:U1_ad9233_spi_init|shift_data[9]     ; Ad9233SpiInit:U1_ad9233_spi_init|shift_data[10]    ; clk_50m      ; clk_50m     ; 0.000        ; 0.081      ; 0.992      ;
; 0.699 ; Ad9233SpiInit:U1_ad9233_spi_init|shift_data[8]     ; Ad9233SpiInit:U1_ad9233_spi_init|shift_data[9]     ; clk_50m      ; clk_50m     ; 0.000        ; 0.081      ; 0.992      ;
; 0.701 ; Ad9233SpiInit:U1_ad9233_spi_init|shift_data[11]    ; Ad9233SpiInit:U1_ad9233_spi_init|shift_data[12]    ; clk_50m      ; clk_50m     ; 0.000        ; 0.081      ; 0.994      ;
; 0.712 ; Ad9233SpiInit:U1_ad9233_spi_init|shift_data[4]     ; Ad9233SpiInit:U1_ad9233_spi_init|shift_data[5]     ; clk_50m      ; clk_50m     ; 0.000        ; 0.081      ; 1.005      ;
; 0.740 ; Ad9233SpiInit:U1_ad9233_spi_init|shift_data[13]    ; Ad9233SpiInit:U1_ad9233_spi_init|shift_data[14]    ; clk_50m      ; clk_50m     ; 0.000        ; 0.081      ; 1.033      ;
; 0.741 ; Ad9233SpiInit:U1_ad9233_spi_init|shift_data[17]    ; Ad9233SpiInit:U1_ad9233_spi_init|shift_data[18]    ; clk_50m      ; clk_50m     ; 0.000        ; 0.081      ; 1.034      ;
; 0.741 ; Ad9233SpiInit:U1_ad9233_spi_init|shift_data[15]    ; Ad9233SpiInit:U1_ad9233_spi_init|shift_data[16]    ; clk_50m      ; clk_50m     ; 0.000        ; 0.081      ; 1.034      ;
; 0.741 ; Ad9233SpiInit:U1_ad9233_spi_init|shift_data[14]    ; Ad9233SpiInit:U1_ad9233_spi_init|shift_data[15]    ; clk_50m      ; clk_50m     ; 0.000        ; 0.081      ; 1.034      ;
; 0.741 ; Ad9233SpiInit:U1_ad9233_spi_init|shift_data[12]    ; Ad9233SpiInit:U1_ad9233_spi_init|shift_data[13]    ; clk_50m      ; clk_50m     ; 0.000        ; 0.081      ; 1.034      ;
; 0.741 ; Ad9233SpiInit:U1_ad9233_spi_init|shift_data[2]     ; Ad9233SpiInit:U1_ad9233_spi_init|shift_data[3]     ; clk_50m      ; clk_50m     ; 0.000        ; 0.081      ; 1.034      ;
; 0.741 ; Ad9233SpiInit:U1_ad9233_spi_init|shift_data[1]     ; Ad9233SpiInit:U1_ad9233_spi_init|shift_data[2]     ; clk_50m      ; clk_50m     ; 0.000        ; 0.081      ; 1.034      ;
; 0.742 ; Ad9233SpiInit:U1_ad9233_spi_init|shift_data[20]    ; Ad9233SpiInit:U1_ad9233_spi_init|shift_data[21]    ; clk_50m      ; clk_50m     ; 0.000        ; 0.081      ; 1.035      ;
; 0.742 ; Ad9233SpiInit:U1_ad9233_spi_init|shift_data[19]    ; Ad9233SpiInit:U1_ad9233_spi_init|shift_data[20]    ; clk_50m      ; clk_50m     ; 0.000        ; 0.081      ; 1.035      ;
; 0.742 ; Ad9233SpiInit:U1_ad9233_spi_init|shift_data[0]     ; Ad9233SpiInit:U1_ad9233_spi_init|shift_data[1]     ; clk_50m      ; clk_50m     ; 0.000        ; 0.081      ; 1.035      ;
; 0.742 ; Ad9233SpiInit:U1_ad9233_spi_init|startup_count[15] ; Ad9233SpiInit:U1_ad9233_spi_init|startup_count[15] ; clk_50m      ; clk_50m     ; 0.000        ; 0.082      ; 1.036      ;
; 0.742 ; Ad9233SpiInit:U1_ad9233_spi_init|startup_count[11] ; Ad9233SpiInit:U1_ad9233_spi_init|startup_count[11] ; clk_50m      ; clk_50m     ; 0.000        ; 0.081      ; 1.035      ;
; 0.742 ; Ad9233SpiInit:U1_ad9233_spi_init|startup_count[9]  ; Ad9233SpiInit:U1_ad9233_spi_init|startup_count[9]  ; clk_50m      ; clk_50m     ; 0.000        ; 0.081      ; 1.035      ;
; 0.743 ; Ad9233SpiInit:U1_ad9233_spi_init|half_count[5]     ; Ad9233SpiInit:U1_ad9233_spi_init|half_count[5]     ; clk_50m      ; clk_50m     ; 0.000        ; 0.082      ; 1.037      ;
; 0.743 ; Ad9233SpiInit:U1_ad9233_spi_init|startup_count[13] ; Ad9233SpiInit:U1_ad9233_spi_init|startup_count[13] ; clk_50m      ; clk_50m     ; 0.000        ; 0.082      ; 1.037      ;
; 0.743 ; Ad9233SpiInit:U1_ad9233_spi_init|startup_count[7]  ; Ad9233SpiInit:U1_ad9233_spi_init|startup_count[7]  ; clk_50m      ; clk_50m     ; 0.000        ; 0.081      ; 1.036      ;
; 0.744 ; Ad9233SpiInit:U1_ad9233_spi_init|shift_data[16]    ; Ad9233SpiInit:U1_ad9233_spi_init|shift_data[17]    ; clk_50m      ; clk_50m     ; 0.000        ; 0.081      ; 1.037      ;
; 0.744 ; Ad9233SpiInit:U1_ad9233_spi_init|half_count[7]     ; Ad9233SpiInit:U1_ad9233_spi_init|half_count[7]     ; clk_50m      ; clk_50m     ; 0.000        ; 0.082      ; 1.038      ;
; 0.744 ; Ad9233SpiInit:U1_ad9233_spi_init|startup_count[12] ; Ad9233SpiInit:U1_ad9233_spi_init|startup_count[12] ; clk_50m      ; clk_50m     ; 0.000        ; 0.082      ; 1.038      ;
; 0.744 ; Ad9233SpiInit:U1_ad9233_spi_init|startup_count[1]  ; Ad9233SpiInit:U1_ad9233_spi_init|startup_count[1]  ; clk_50m      ; clk_50m     ; 0.000        ; 0.081      ; 1.037      ;
; 0.744 ; Ad9233SpiInit:U1_ad9233_spi_init|startup_count[17] ; Ad9233SpiInit:U1_ad9233_spi_init|startup_count[17] ; clk_50m      ; clk_50m     ; 0.000        ; 0.082      ; 1.038      ;
; 0.745 ; Ad9233SpiInit:U1_ad9233_spi_init|startup_count[14] ; Ad9233SpiInit:U1_ad9233_spi_init|startup_count[14] ; clk_50m      ; clk_50m     ; 0.000        ; 0.082      ; 1.039      ;
; 0.745 ; Ad9233SpiInit:U1_ad9233_spi_init|startup_count[10] ; Ad9233SpiInit:U1_ad9233_spi_init|startup_count[10] ; clk_50m      ; clk_50m     ; 0.000        ; 0.081      ; 1.038      ;
; 0.746 ; Ad9233SpiInit:U1_ad9233_spi_init|half_count[3]     ; Ad9233SpiInit:U1_ad9233_spi_init|half_count[3]     ; clk_50m      ; clk_50m     ; 0.000        ; 0.082      ; 1.040      ;
; 0.746 ; Ad9233SpiInit:U1_ad9233_spi_init|half_count[1]     ; Ad9233SpiInit:U1_ad9233_spi_init|half_count[1]     ; clk_50m      ; clk_50m     ; 0.000        ; 0.082      ; 1.040      ;
; 0.746 ; Ad9233SpiInit:U1_ad9233_spi_init|startup_count[21] ; Ad9233SpiInit:U1_ad9233_spi_init|startup_count[21] ; clk_50m      ; clk_50m     ; 0.000        ; 0.082      ; 1.040      ;
; 0.746 ; Ad9233SpiInit:U1_ad9233_spi_init|startup_count[23] ; Ad9233SpiInit:U1_ad9233_spi_init|startup_count[23] ; clk_50m      ; clk_50m     ; 0.000        ; 0.082      ; 1.040      ;
; 0.746 ; Ad9233SpiInit:U1_ad9233_spi_init|startup_count[18] ; Ad9233SpiInit:U1_ad9233_spi_init|startup_count[18] ; clk_50m      ; clk_50m     ; 0.000        ; 0.082      ; 1.040      ;
; 0.746 ; Ad9233SpiInit:U1_ad9233_spi_init|startup_count[19] ; Ad9233SpiInit:U1_ad9233_spi_init|startup_count[19] ; clk_50m      ; clk_50m     ; 0.000        ; 0.082      ; 1.040      ;
; 0.746 ; Ad9233SpiInit:U1_ad9233_spi_init|startup_count[16] ; Ad9233SpiInit:U1_ad9233_spi_init|startup_count[16] ; clk_50m      ; clk_50m     ; 0.000        ; 0.082      ; 1.040      ;
; 0.746 ; Ad9233SpiInit:U1_ad9233_spi_init|startup_count[8]  ; Ad9233SpiInit:U1_ad9233_spi_init|startup_count[8]  ; clk_50m      ; clk_50m     ; 0.000        ; 0.081      ; 1.039      ;
; 0.746 ; Ad9233SpiInit:U1_ad9233_spi_init|startup_count[3]  ; Ad9233SpiInit:U1_ad9233_spi_init|startup_count[3]  ; clk_50m      ; clk_50m     ; 0.000        ; 0.081      ; 1.039      ;
; 0.747 ; Ad9233SpiInit:U1_ad9233_spi_init|half_count[6]     ; Ad9233SpiInit:U1_ad9233_spi_init|half_count[6]     ; clk_50m      ; clk_50m     ; 0.000        ; 0.082      ; 1.041      ;
; 0.747 ; Ad9233SpiInit:U1_ad9233_spi_init|half_count[4]     ; Ad9233SpiInit:U1_ad9233_spi_init|half_count[4]     ; clk_50m      ; clk_50m     ; 0.000        ; 0.082      ; 1.041      ;
; 0.747 ; Ad9233SpiInit:U1_ad9233_spi_init|startup_count[6]  ; Ad9233SpiInit:U1_ad9233_spi_init|startup_count[6]  ; clk_50m      ; clk_50m     ; 0.000        ; 0.081      ; 1.040      ;
; 0.747 ; Ad9233SpiInit:U1_ad9233_spi_init|startup_count[2]  ; Ad9233SpiInit:U1_ad9233_spi_init|startup_count[2]  ; clk_50m      ; clk_50m     ; 0.000        ; 0.081      ; 1.040      ;
; 0.747 ; Ad9233SpiInit:U1_ad9233_spi_init|state.STATE_DONE  ; Ad9233SpiInit:U1_ad9233_spi_init|cfg_done          ; clk_50m      ; clk_50m     ; 0.000        ; 0.082      ; 1.041      ;
; 0.748 ; Ad9233SpiInit:U1_ad9233_spi_init|half_count[2]     ; Ad9233SpiInit:U1_ad9233_spi_init|half_count[2]     ; clk_50m      ; clk_50m     ; 0.000        ; 0.082      ; 1.042      ;
; 0.748 ; Ad9233SpiInit:U1_ad9233_spi_init|startup_count[20] ; Ad9233SpiInit:U1_ad9233_spi_init|startup_count[20] ; clk_50m      ; clk_50m     ; 0.000        ; 0.082      ; 1.042      ;
; 0.748 ; Ad9233SpiInit:U1_ad9233_spi_init|startup_count[4]  ; Ad9233SpiInit:U1_ad9233_spi_init|startup_count[4]  ; clk_50m      ; clk_50m     ; 0.000        ; 0.081      ; 1.041      ;
; 0.763 ; Ad9233SpiInit:U1_ad9233_spi_init|half_count[0]     ; Ad9233SpiInit:U1_ad9233_spi_init|half_count[0]     ; clk_50m      ; clk_50m     ; 0.000        ; 0.082      ; 1.057      ;
; 0.763 ; Ad9233SpiInit:U1_ad9233_spi_init|startup_count[5]  ; Ad9233SpiInit:U1_ad9233_spi_init|startup_count[5]  ; clk_50m      ; clk_50m     ; 0.000        ; 0.081      ; 1.056      ;
; 0.765 ; Ad9233SpiInit:U1_ad9233_spi_init|startup_count[22] ; Ad9233SpiInit:U1_ad9233_spi_init|startup_count[22] ; clk_50m      ; clk_50m     ; 0.000        ; 0.082      ; 1.059      ;
; 0.770 ; Ad9233SpiInit:U1_ad9233_spi_init|startup_count[0]  ; Ad9233SpiInit:U1_ad9233_spi_init|startup_count[0]  ; clk_50m      ; clk_50m     ; 0.000        ; 0.081      ; 1.063      ;
; 0.781 ; Ad9233SpiInit:U1_ad9233_spi_init|frame_index[1]    ; Ad9233SpiInit:U1_ad9233_spi_init|frame_index[2]    ; clk_50m      ; clk_50m     ; 0.000        ; 0.082      ; 1.075      ;
; 0.788 ; Ad9233SpiInit:U1_ad9233_spi_init|frame_index[0]    ; Ad9233SpiInit:U1_ad9233_spi_init|frame_index[1]    ; clk_50m      ; clk_50m     ; 0.000        ; 0.082      ; 1.082      ;
; 0.854 ; Ad9233SpiInit:U1_ad9233_spi_init|state.STATE_WAIT  ; Ad9233SpiInit:U1_ad9233_spi_init|frame_index[1]    ; clk_50m      ; clk_50m     ; 0.000        ; 0.082      ; 1.148      ;
; 0.921 ; Ad9233SpiInit:U1_ad9233_spi_init|shift_data[18]    ; Ad9233SpiInit:U1_ad9233_spi_init|shift_data[19]    ; clk_50m      ; clk_50m     ; 0.000        ; 0.081      ; 1.214      ;
; 0.921 ; Ad9233SpiInit:U1_ad9233_spi_init|bit_index[1]      ; Ad9233SpiInit:U1_ad9233_spi_init|state.STATE_GAP   ; clk_50m      ; clk_50m     ; 0.000        ; 0.082      ; 1.215      ;
; 0.950 ; Ad9233SpiInit:U1_ad9233_spi_init|state.STATE_LOW   ; Ad9233SpiInit:U1_ad9233_spi_init|state.STATE_HIGH  ; clk_50m      ; clk_50m     ; 0.000        ; 0.082      ; 1.244      ;
; 1.005 ; adc_pll_lock_sync[1]                               ; Ad9233SpiInit:U1_ad9233_spi_init|state.STATE_WAIT  ; clk_50m      ; clk_50m     ; 0.000        ; 0.081      ; 1.298      ;
; 1.044 ; Ad9233SpiInit:U1_ad9233_spi_init|bit_index[0]      ; Ad9233SpiInit:U1_ad9233_spi_init|spi_sclk          ; clk_50m      ; clk_50m     ; 0.000        ; 0.082      ; 1.338      ;
; 1.058 ; Ad9233SpiInit:U1_ad9233_spi_init|bit_index[4]      ; Ad9233SpiInit:U1_ad9233_spi_init|state.STATE_GAP   ; clk_50m      ; clk_50m     ; 0.000        ; 0.082      ; 1.352      ;
; 1.095 ; Ad9233SpiInit:U1_ad9233_spi_init|frame_index[1]    ; Ad9233SpiInit:U1_ad9233_spi_init|state.STATE_LOAD  ; clk_50m      ; clk_50m     ; 0.000        ; 0.082      ; 1.389      ;
; 1.096 ; Ad9233SpiInit:U1_ad9233_spi_init|startup_count[11] ; Ad9233SpiInit:U1_ad9233_spi_init|startup_count[12] ; clk_50m      ; clk_50m     ; 0.000        ; 0.082      ; 1.390      ;
; 1.097 ; Ad9233SpiInit:U1_ad9233_spi_init|startup_count[13] ; Ad9233SpiInit:U1_ad9233_spi_init|startup_count[14] ; clk_50m      ; clk_50m     ; 0.000        ; 0.082      ; 1.391      ;
; 1.097 ; Ad9233SpiInit:U1_ad9233_spi_init|startup_count[9]  ; Ad9233SpiInit:U1_ad9233_spi_init|startup_count[10] ; clk_50m      ; clk_50m     ; 0.000        ; 0.081      ; 1.390      ;
; 1.097 ; Ad9233SpiInit:U1_ad9233_spi_init|startup_count[15] ; Ad9233SpiInit:U1_ad9233_spi_init|startup_count[16] ; clk_50m      ; clk_50m     ; 0.000        ; 0.082      ; 1.391      ;
; 1.098 ; Ad9233SpiInit:U1_ad9233_spi_init|startup_count[7]  ; Ad9233SpiInit:U1_ad9233_spi_init|startup_count[8]  ; clk_50m      ; clk_50m     ; 0.000        ; 0.081      ; 1.391      ;
; 1.098 ; Ad9233SpiInit:U1_ad9233_spi_init|half_count[5]     ; Ad9233SpiInit:U1_ad9233_spi_init|half_count[6]     ; clk_50m      ; clk_50m     ; 0.000        ; 0.082      ; 1.392      ;
; 1.099 ; Ad9233SpiInit:U1_ad9233_spi_init|startup_count[17] ; Ad9233SpiInit:U1_ad9233_spi_init|startup_count[18] ; clk_50m      ; clk_50m     ; 0.000        ; 0.082      ; 1.393      ;
; 1.099 ; Ad9233SpiInit:U1_ad9233_spi_init|startup_count[1]  ; Ad9233SpiInit:U1_ad9233_spi_init|startup_count[2]  ; clk_50m      ; clk_50m     ; 0.000        ; 0.081      ; 1.392      ;
; 1.100 ; Ad9233SpiInit:U1_ad9233_spi_init|half_count[3]     ; Ad9233SpiInit:U1_ad9233_spi_init|half_count[4]     ; clk_50m      ; clk_50m     ; 0.000        ; 0.082      ; 1.394      ;
; 1.100 ; Ad9233SpiInit:U1_ad9233_spi_init|half_count[1]     ; Ad9233SpiInit:U1_ad9233_spi_init|half_count[2]     ; clk_50m      ; clk_50m     ; 0.000        ; 0.082      ; 1.394      ;
; 1.100 ; Ad9233SpiInit:U1_ad9233_spi_init|startup_count[19] ; Ad9233SpiInit:U1_ad9233_spi_init|startup_count[20] ; clk_50m      ; clk_50m     ; 0.000        ; 0.082      ; 1.394      ;
; 1.100 ; Ad9233SpiInit:U1_ad9233_spi_init|startup_count[3]  ; Ad9233SpiInit:U1_ad9233_spi_init|startup_count[4]  ; clk_50m      ; clk_50m     ; 0.000        ; 0.081      ; 1.393      ;
; 1.100 ; Ad9233SpiInit:U1_ad9233_spi_init|startup_count[21] ; Ad9233SpiInit:U1_ad9233_spi_init|startup_count[22] ; clk_50m      ; clk_50m     ; 0.000        ; 0.082      ; 1.394      ;
; 1.104 ; Ad9233SpiInit:U1_ad9233_spi_init|state.STATE_HIGH  ; Ad9233SpiInit:U1_ad9233_spi_init|shift_data[13]    ; clk_50m      ; clk_50m     ; 0.000        ; 0.081      ; 1.397      ;
; 1.105 ; Ad9233SpiInit:U1_ad9233_spi_init|startup_count[12] ; Ad9233SpiInit:U1_ad9233_spi_init|startup_count[13] ; clk_50m      ; clk_50m     ; 0.000        ; 0.082      ; 1.399      ;
; 1.105 ; Ad9233SpiInit:U1_ad9233_spi_init|state.STATE_HIGH  ; Ad9233SpiInit:U1_ad9233_spi_init|shift_data[14]    ; clk_50m      ; clk_50m     ; 0.000        ; 0.081      ; 1.398      ;
; 1.106 ; Ad9233SpiInit:U1_ad9233_spi_init|startup_count[14] ; Ad9233SpiInit:U1_ad9233_spi_init|startup_count[15] ; clk_50m      ; clk_50m     ; 0.000        ; 0.082      ; 1.400      ;
; 1.106 ; Ad9233SpiInit:U1_ad9233_spi_init|startup_count[10] ; Ad9233SpiInit:U1_ad9233_spi_init|startup_count[11] ; clk_50m      ; clk_50m     ; 0.000        ; 0.081      ; 1.399      ;
; 1.107 ; Ad9233SpiInit:U1_ad9233_spi_init|startup_count[8]  ; Ad9233SpiInit:U1_ad9233_spi_init|startup_count[9]  ; clk_50m      ; clk_50m     ; 0.000        ; 0.081      ; 1.400      ;
; 1.107 ; Ad9233SpiInit:U1_ad9233_spi_init|startup_count[16] ; Ad9233SpiInit:U1_ad9233_spi_init|startup_count[17] ; clk_50m      ; clk_50m     ; 0.000        ; 0.082      ; 1.401      ;
; 1.107 ; Ad9233SpiInit:U1_ad9233_spi_init|half_count[0]     ; Ad9233SpiInit:U1_ad9233_spi_init|half_count[1]     ; clk_50m      ; clk_50m     ; 0.000        ; 0.082      ; 1.401      ;
+-------+----------------------------------------------------+----------------------------------------------------+--------------+-------------+--------------+------------+------------+


+---------------------------------------------------------------------------------------------------------------------------------------------------------------------------------------------------+
; Slow 1200mV 85C Model Hold: 'mcu_spi_sck'                                                                                                                                                         ;
+-------+----------------------------------------------------------+----------------------------------------------------------+--------------+-------------+--------------+------------+------------+
; Slack ; From Node                                                ; To Node                                                  ; Launch Clock ; Latch Clock ; Relationship ; Clock Skew ; Data Delay ;
+-------+----------------------------------------------------------+----------------------------------------------------------+--------------+-------------+--------------+------------+------------+
; 0.485 ; AnalyzerSpiSlave:U3_analyzer_spi|tx_bits_remaining[4]    ; AnalyzerSpiSlave:U3_analyzer_spi|tx_bits_remaining[4]    ; mcu_spi_sck  ; mcu_spi_sck ; 0.000        ; 0.049      ; 0.746      ;
; 0.485 ; AnalyzerSpiSlave:U3_analyzer_spi|tx_active               ; AnalyzerSpiSlave:U3_analyzer_spi|tx_active               ; mcu_spi_sck  ; mcu_spi_sck ; 0.000        ; 0.049      ; 0.746      ;
; 0.485 ; AnalyzerSpiSlave:U3_analyzer_spi|tx_shift[0]             ; AnalyzerSpiSlave:U3_analyzer_spi|tx_shift[0]             ; mcu_spi_sck  ; mcu_spi_sck ; 0.000        ; 0.049      ; 0.746      ;
; 0.485 ; AnalyzerSpiSlave:U3_analyzer_spi|rx_bit_count[2]         ; AnalyzerSpiSlave:U3_analyzer_spi|rx_bit_count[2]         ; mcu_spi_sck  ; mcu_spi_sck ; 0.000        ; 0.049      ; 0.746      ;
; 0.485 ; AnalyzerSpiSlave:U3_analyzer_spi|rx_bit_count[1]         ; AnalyzerSpiSlave:U3_analyzer_spi|rx_bit_count[1]         ; mcu_spi_sck  ; mcu_spi_sck ; 0.000        ; 0.049      ; 0.746      ;
; 0.485 ; AnalyzerSpiSlave:U3_analyzer_spi|rx_ignore               ; AnalyzerSpiSlave:U3_analyzer_spi|rx_ignore               ; mcu_spi_sck  ; mcu_spi_sck ; 0.000        ; 0.049      ; 0.746      ;
; 0.485 ; AnalyzerSpiSlave:U3_analyzer_spi|rx_bit_count[3]         ; AnalyzerSpiSlave:U3_analyzer_spi|rx_bit_count[3]         ; mcu_spi_sck  ; mcu_spi_sck ; 0.000        ; 0.049      ; 0.746      ;
; 0.485 ; AnalyzerSpiSlave:U3_analyzer_spi|request_sync_valid      ; AnalyzerSpiSlave:U3_analyzer_spi|request_sync_valid      ; mcu_spi_sck  ; mcu_spi_sck ; 0.000        ; 0.049      ; 0.746      ;
; 0.485 ; AnalyzerSpiSlave:U3_analyzer_spi|crc_error_count[0]      ; AnalyzerSpiSlave:U3_analyzer_spi|crc_error_count[0]      ; mcu_spi_sck  ; mcu_spi_sck ; 0.000        ; 0.049      ; 0.746      ;
; 0.485 ; AnalyzerSpiSlave:U3_analyzer_spi|arm_toggle              ; AnalyzerSpiSlave:U3_analyzer_spi|arm_toggle              ; mcu_spi_sck  ; mcu_spi_sck ; 0.000        ; 0.049      ; 0.746      ;
; 0.497 ; AnalyzerSpiSlave:U3_analyzer_spi|rx_bit_count[0]         ; AnalyzerSpiSlave:U3_analyzer_spi|rx_bit_count[0]         ; mcu_spi_sck  ; mcu_spi_sck ; 0.000        ; 0.049      ; 0.758      ;
; 0.497 ; AnalyzerSpiSlave:U3_analyzer_spi|response_toggle         ; AnalyzerSpiSlave:U3_analyzer_spi|response_toggle         ; mcu_spi_sck  ; mcu_spi_sck ; 0.000        ; 0.049      ; 0.758      ;
; 0.523 ; AnalyzerSpiSlave:U3_analyzer_spi|status_sync_1[0]        ; AnalyzerSpiSlave:U3_analyzer_spi|status_sync_2[0]        ; mcu_spi_sck  ; mcu_spi_sck ; 0.000        ; 0.059      ; 0.794      ;
; 0.524 ; AnalyzerSpiSlave:U3_analyzer_spi|status_sync_0[0]        ; AnalyzerSpiSlave:U3_analyzer_spi|status_sync_1[0]        ; mcu_spi_sck  ; mcu_spi_sck ; 0.000        ; 0.059      ; 0.795      ;
; 0.524 ; AnalyzerSpiSlave:U3_analyzer_spi|status_sync_1[3]        ; AnalyzerSpiSlave:U3_analyzer_spi|status_sync_2[3]        ; mcu_spi_sck  ; mcu_spi_sck ; 0.000        ; 0.059      ; 0.795      ;
; 0.529 ; AnalyzerSpiSlave:U3_analyzer_spi|ready_sync[0]           ; AnalyzerSpiSlave:U3_analyzer_spi|ready_sync[1]           ; mcu_spi_sck  ; mcu_spi_sck ; 0.000        ; 0.056      ; 0.797      ;
; 0.550 ; AnalyzerSpiSlave:U3_analyzer_spi|request_word_index.01   ; AnalyzerSpiSlave:U3_analyzer_spi|request_word_index.10   ; mcu_spi_sck  ; mcu_spi_sck ; 0.000        ; 0.057      ; 0.819      ;
; 0.633 ; AnalyzerSpiSlave:U3_analyzer_spi|request_command[0]      ; AnalyzerSpiSlave:U3_analyzer_spi|response_read_latched   ; mcu_spi_sck  ; mcu_spi_sck ; 0.000        ; 0.116      ; 0.961      ;
; 0.671 ; AnalyzerSpiSlave:U3_analyzer_spi|tx_shift[5]             ; AnalyzerSpiSlave:U3_analyzer_spi|tx_shift[6]             ; mcu_spi_sck  ; mcu_spi_sck ; 0.000        ; 0.052      ; 0.935      ;
; 0.671 ; AnalyzerSpiSlave:U3_analyzer_spi|tx_shift[2]             ; AnalyzerSpiSlave:U3_analyzer_spi|tx_shift[3]             ; mcu_spi_sck  ; mcu_spi_sck ; 0.000        ; 0.052      ; 0.935      ;
; 0.673 ; AnalyzerSpiSlave:U3_analyzer_spi|tx_shift[12]            ; AnalyzerSpiSlave:U3_analyzer_spi|tx_shift[13]            ; mcu_spi_sck  ; mcu_spi_sck ; 0.000        ; 0.052      ; 0.937      ;
; 0.674 ; AnalyzerSpiSlave:U3_analyzer_spi|tx_shift[7]             ; AnalyzerSpiSlave:U3_analyzer_spi|tx_shift[8]             ; mcu_spi_sck  ; mcu_spi_sck ; 0.000        ; 0.052      ; 0.938      ;
; 0.675 ; AnalyzerSpiSlave:U3_analyzer_spi|request_word_index.11   ; AnalyzerSpiSlave:U3_analyzer_spi|request_word_index.00   ; mcu_spi_sck  ; mcu_spi_sck ; 0.000        ; 0.057      ; 0.944      ;
; 0.685 ; AnalyzerSpiSlave:U3_analyzer_spi|request_word_index.00   ; AnalyzerSpiSlave:U3_analyzer_spi|request_word_index.01   ; mcu_spi_sck  ; mcu_spi_sck ; 0.000        ; 0.057      ; 0.954      ;
; 0.698 ; AnalyzerSpiSlave:U3_analyzer_spi|tx_active               ; AnalyzerSpiSlave:U3_analyzer_spi|spi_miso                ; mcu_spi_sck  ; mcu_spi_sck ; 0.000        ; 0.056      ; 0.966      ;
; 0.721 ; AnalyzerSpiSlave:U3_analyzer_spi|status_sync_0[3]        ; AnalyzerSpiSlave:U3_analyzer_spi|status_sync_1[3]        ; mcu_spi_sck  ; mcu_spi_sck ; 0.000        ; 0.059      ; 0.992      ;
; 0.722 ; AnalyzerSpiSlave:U3_analyzer_spi|crc_error_count[15]     ; AnalyzerSpiSlave:U3_analyzer_spi|crc_error_count[15]     ; mcu_spi_sck  ; mcu_spi_sck ; 0.000        ; 0.049      ; 0.983      ;
; 0.722 ; AnalyzerSpiSlave:U3_analyzer_spi|request_word_index.10   ; AnalyzerSpiSlave:U3_analyzer_spi|request_word_index.11   ; mcu_spi_sck  ; mcu_spi_sck ; 0.000        ; 0.057      ; 0.991      ;
; 0.723 ; AnalyzerSpiSlave:U3_analyzer_spi|status_sync_1[2]        ; AnalyzerSpiSlave:U3_analyzer_spi|status_sync_2[2]        ; mcu_spi_sck  ; mcu_spi_sck ; 0.000        ; 0.056      ; 0.991      ;
; 0.728 ; AnalyzerSpiSlave:U3_analyzer_spi|tx_shift[4]             ; AnalyzerSpiSlave:U3_analyzer_spi|tx_shift[5]             ; mcu_spi_sck  ; mcu_spi_sck ; 0.000        ; 0.052      ; 0.992      ;
; 0.728 ; AnalyzerSpiSlave:U3_analyzer_spi|tx_shift[10]            ; AnalyzerSpiSlave:U3_analyzer_spi|tx_shift[11]            ; mcu_spi_sck  ; mcu_spi_sck ; 0.000        ; 0.052      ; 0.992      ;
; 0.729 ; AnalyzerSpiSlave:U3_analyzer_spi|tx_shift[3]             ; AnalyzerSpiSlave:U3_analyzer_spi|tx_shift[4]             ; mcu_spi_sck  ; mcu_spi_sck ; 0.000        ; 0.052      ; 0.993      ;
; 0.729 ; AnalyzerSpiSlave:U3_analyzer_spi|tx_shift[1]             ; AnalyzerSpiSlave:U3_analyzer_spi|tx_shift[2]             ; mcu_spi_sck  ; mcu_spi_sck ; 0.000        ; 0.052      ; 0.993      ;
; 0.729 ; AnalyzerSpiSlave:U3_analyzer_spi|tx_shift[13]            ; AnalyzerSpiSlave:U3_analyzer_spi|tx_shift[14]            ; mcu_spi_sck  ; mcu_spi_sck ; 0.000        ; 0.052      ; 0.993      ;
; 0.731 ; AnalyzerSpiSlave:U3_analyzer_spi|tx_shift[8]             ; AnalyzerSpiSlave:U3_analyzer_spi|tx_shift[9]             ; mcu_spi_sck  ; mcu_spi_sck ; 0.000        ; 0.052      ; 0.995      ;
; 0.734 ; AnalyzerSpiSlave:U3_analyzer_spi|request_command[1]      ; AnalyzerSpiSlave:U3_analyzer_spi|response_read_latched   ; mcu_spi_sck  ; mcu_spi_sck ; 0.000        ; 0.116      ; 1.062      ;
; 0.757 ; AnalyzerSpiSlave:U3_analyzer_spi|rx_shift[2]             ; AnalyzerSpiSlave:U3_analyzer_spi|rx_shift[3]             ; mcu_spi_sck  ; mcu_spi_sck ; 0.000        ; 0.055      ; 1.024      ;
; 0.776 ; AnalyzerSpiSlave:U3_analyzer_spi|response_word_index[11] ; AnalyzerSpiSlave:U3_analyzer_spi|response_word_index[11] ; mcu_spi_sck  ; mcu_spi_sck ; 0.000        ; 0.049      ; 1.037      ;
; 0.777 ; AnalyzerSpiSlave:U3_analyzer_spi|response_word_index[9]  ; AnalyzerSpiSlave:U3_analyzer_spi|response_word_index[9]  ; mcu_spi_sck  ; mcu_spi_sck ; 0.000        ; 0.049      ; 1.038      ;
; 0.777 ; AnalyzerSpiSlave:U3_analyzer_spi|response_word_index[10] ; AnalyzerSpiSlave:U3_analyzer_spi|response_word_index[10] ; mcu_spi_sck  ; mcu_spi_sck ; 0.000        ; 0.049      ; 1.038      ;
; 0.777 ; AnalyzerSpiSlave:U3_analyzer_spi|ram_read_address[1]     ; AnalyzerSpiSlave:U3_analyzer_spi|ram_read_address[1]     ; mcu_spi_sck  ; mcu_spi_sck ; 0.000        ; 0.049      ; 1.038      ;
; 0.777 ; AnalyzerSpiSlave:U3_analyzer_spi|crc_error_count[14]     ; AnalyzerSpiSlave:U3_analyzer_spi|crc_error_count[14]     ; mcu_spi_sck  ; mcu_spi_sck ; 0.000        ; 0.049      ; 1.038      ;
; 0.778 ; AnalyzerSpiSlave:U3_analyzer_spi|response_word_index[7]  ; AnalyzerSpiSlave:U3_analyzer_spi|response_word_index[7]  ; mcu_spi_sck  ; mcu_spi_sck ; 0.000        ; 0.049      ; 1.039      ;
; 0.778 ; AnalyzerSpiSlave:U3_analyzer_spi|response_word_index[8]  ; AnalyzerSpiSlave:U3_analyzer_spi|response_word_index[8]  ; mcu_spi_sck  ; mcu_spi_sck ; 0.000        ; 0.049      ; 1.039      ;
; 0.778 ; AnalyzerSpiSlave:U3_analyzer_spi|crc_error_count[12]     ; AnalyzerSpiSlave:U3_analyzer_spi|crc_error_count[12]     ; mcu_spi_sck  ; mcu_spi_sck ; 0.000        ; 0.049      ; 1.039      ;
; 0.779 ; AnalyzerSpiSlave:U3_analyzer_spi|response_word_index[5]  ; AnalyzerSpiSlave:U3_analyzer_spi|response_word_index[5]  ; mcu_spi_sck  ; mcu_spi_sck ; 0.000        ; 0.049      ; 1.040      ;
; 0.779 ; AnalyzerSpiSlave:U3_analyzer_spi|ram_read_address[5]     ; AnalyzerSpiSlave:U3_analyzer_spi|ram_read_address[5]     ; mcu_spi_sck  ; mcu_spi_sck ; 0.000        ; 0.049      ; 1.040      ;
; 0.781 ; AnalyzerSpiSlave:U3_analyzer_spi|response_word_index[4]  ; AnalyzerSpiSlave:U3_analyzer_spi|response_word_index[4]  ; mcu_spi_sck  ; mcu_spi_sck ; 0.000        ; 0.049      ; 1.042      ;
; 0.781 ; AnalyzerSpiSlave:U3_analyzer_spi|crc_error_count[13]     ; AnalyzerSpiSlave:U3_analyzer_spi|crc_error_count[13]     ; mcu_spi_sck  ; mcu_spi_sck ; 0.000        ; 0.049      ; 1.042      ;
; 0.783 ; AnalyzerSpiSlave:U3_analyzer_spi|rx_ignore               ; AnalyzerSpiSlave:U3_analyzer_spi|rx_bit_count[3]         ; mcu_spi_sck  ; mcu_spi_sck ; 0.000        ; 0.057      ; 1.052      ;
; 0.785 ; AnalyzerSpiSlave:U3_analyzer_spi|rx_bit_count[3]         ; AnalyzerSpiSlave:U3_analyzer_spi|rx_ignore               ; mcu_spi_sck  ; mcu_spi_sck ; 0.000        ; 0.057      ; 1.054      ;
; 0.787 ; AnalyzerSpiSlave:U3_analyzer_spi|rx_ignore               ; AnalyzerSpiSlave:U3_analyzer_spi|rx_bit_count[1]         ; mcu_spi_sck  ; mcu_spi_sck ; 0.000        ; 0.057      ; 1.056      ;
; 0.789 ; AnalyzerSpiSlave:U3_analyzer_spi|rx_ignore               ; AnalyzerSpiSlave:U3_analyzer_spi|rx_bit_count[2]         ; mcu_spi_sck  ; mcu_spi_sck ; 0.000        ; 0.057      ; 1.058      ;
; 0.793 ; AnalyzerSpiSlave:U3_analyzer_spi|crc_error_count[4]      ; AnalyzerSpiSlave:U3_analyzer_spi|crc_error_count[4]      ; mcu_spi_sck  ; mcu_spi_sck ; 0.000        ; 0.049      ; 1.054      ;
; 0.794 ; AnalyzerSpiSlave:U3_analyzer_spi|response_word_index[3]  ; AnalyzerSpiSlave:U3_analyzer_spi|response_word_index[3]  ; mcu_spi_sck  ; mcu_spi_sck ; 0.000        ; 0.049      ; 1.055      ;
; 0.794 ; AnalyzerSpiSlave:U3_analyzer_spi|ram_read_address[7]     ; AnalyzerSpiSlave:U3_analyzer_spi|ram_read_address[7]     ; mcu_spi_sck  ; mcu_spi_sck ; 0.000        ; 0.049      ; 1.055      ;
; 0.794 ; AnalyzerSpiSlave:U3_analyzer_spi|ram_read_address[9]     ; AnalyzerSpiSlave:U3_analyzer_spi|ram_read_address[9]     ; mcu_spi_sck  ; mcu_spi_sck ; 0.000        ; 0.049      ; 1.055      ;
; 0.794 ; AnalyzerSpiSlave:U3_analyzer_spi|crc_error_count[2]      ; AnalyzerSpiSlave:U3_analyzer_spi|crc_error_count[2]      ; mcu_spi_sck  ; mcu_spi_sck ; 0.000        ; 0.049      ; 1.055      ;
; 0.794 ; AnalyzerSpiSlave:U3_analyzer_spi|crc_error_count[6]      ; AnalyzerSpiSlave:U3_analyzer_spi|crc_error_count[6]      ; mcu_spi_sck  ; mcu_spi_sck ; 0.000        ; 0.049      ; 1.055      ;
; 0.795 ; AnalyzerSpiSlave:U3_analyzer_spi|response_word_index[1]  ; AnalyzerSpiSlave:U3_analyzer_spi|response_word_index[1]  ; mcu_spi_sck  ; mcu_spi_sck ; 0.000        ; 0.049      ; 1.056      ;
; 0.795 ; AnalyzerSpiSlave:U3_analyzer_spi|ram_read_address[11]    ; AnalyzerSpiSlave:U3_analyzer_spi|ram_read_address[11]    ; mcu_spi_sck  ; mcu_spi_sck ; 0.000        ; 0.049      ; 1.056      ;
; 0.796 ; AnalyzerSpiSlave:U3_analyzer_spi|response_word_index[2]  ; AnalyzerSpiSlave:U3_analyzer_spi|response_word_index[2]  ; mcu_spi_sck  ; mcu_spi_sck ; 0.000        ; 0.049      ; 1.057      ;
; 0.796 ; AnalyzerSpiSlave:U3_analyzer_spi|ram_read_address[2]     ; AnalyzerSpiSlave:U3_analyzer_spi|ram_read_address[2]     ; mcu_spi_sck  ; mcu_spi_sck ; 0.000        ; 0.049      ; 1.057      ;
; 0.796 ; AnalyzerSpiSlave:U3_analyzer_spi|ram_read_address[3]     ; AnalyzerSpiSlave:U3_analyzer_spi|ram_read_address[3]     ; mcu_spi_sck  ; mcu_spi_sck ; 0.000        ; 0.049      ; 1.057      ;
; 0.796 ; AnalyzerSpiSlave:U3_analyzer_spi|crc_error_count[3]      ; AnalyzerSpiSlave:U3_analyzer_spi|crc_error_count[3]      ; mcu_spi_sck  ; mcu_spi_sck ; 0.000        ; 0.049      ; 1.057      ;
; 0.796 ; AnalyzerSpiSlave:U3_analyzer_spi|crc_error_count[7]      ; AnalyzerSpiSlave:U3_analyzer_spi|crc_error_count[7]      ; mcu_spi_sck  ; mcu_spi_sck ; 0.000        ; 0.049      ; 1.057      ;
; 0.796 ; AnalyzerSpiSlave:U3_analyzer_spi|crc_error_count[8]      ; AnalyzerSpiSlave:U3_analyzer_spi|crc_error_count[8]      ; mcu_spi_sck  ; mcu_spi_sck ; 0.000        ; 0.049      ; 1.057      ;
; 0.796 ; AnalyzerSpiSlave:U3_analyzer_spi|crc_error_count[10]     ; AnalyzerSpiSlave:U3_analyzer_spi|crc_error_count[10]     ; mcu_spi_sck  ; mcu_spi_sck ; 0.000        ; 0.049      ; 1.057      ;
; 0.797 ; AnalyzerSpiSlave:U3_analyzer_spi|response_word_index[12] ; AnalyzerSpiSlave:U3_analyzer_spi|response_word_index[12] ; mcu_spi_sck  ; mcu_spi_sck ; 0.000        ; 0.049      ; 1.058      ;
; 0.797 ; AnalyzerSpiSlave:U3_analyzer_spi|ram_read_address[10]    ; AnalyzerSpiSlave:U3_analyzer_spi|ram_read_address[10]    ; mcu_spi_sck  ; mcu_spi_sck ; 0.000        ; 0.049      ; 1.058      ;
; 0.797 ; AnalyzerSpiSlave:U3_analyzer_spi|crc_error_count[5]      ; AnalyzerSpiSlave:U3_analyzer_spi|crc_error_count[5]      ; mcu_spi_sck  ; mcu_spi_sck ; 0.000        ; 0.049      ; 1.058      ;
; 0.797 ; AnalyzerSpiSlave:U3_analyzer_spi|rx_shift[9]             ; AnalyzerSpiSlave:U3_analyzer_spi|rx_shift[10]            ; mcu_spi_sck  ; mcu_spi_sck ; 0.000        ; 0.057      ; 1.066      ;
; 0.798 ; AnalyzerSpiSlave:U3_analyzer_spi|response_word_index[6]  ; AnalyzerSpiSlave:U3_analyzer_spi|response_word_index[6]  ; mcu_spi_sck  ; mcu_spi_sck ; 0.000        ; 0.049      ; 1.059      ;
; 0.798 ; AnalyzerSpiSlave:U3_analyzer_spi|ram_read_address[4]     ; AnalyzerSpiSlave:U3_analyzer_spi|ram_read_address[4]     ; mcu_spi_sck  ; mcu_spi_sck ; 0.000        ; 0.049      ; 1.059      ;
; 0.798 ; AnalyzerSpiSlave:U3_analyzer_spi|ram_read_address[6]     ; AnalyzerSpiSlave:U3_analyzer_spi|ram_read_address[6]     ; mcu_spi_sck  ; mcu_spi_sck ; 0.000        ; 0.049      ; 1.059      ;
; 0.798 ; AnalyzerSpiSlave:U3_analyzer_spi|ram_read_address[8]     ; AnalyzerSpiSlave:U3_analyzer_spi|ram_read_address[8]     ; mcu_spi_sck  ; mcu_spi_sck ; 0.000        ; 0.049      ; 1.059      ;
; 0.798 ; AnalyzerSpiSlave:U3_analyzer_spi|crc_error_count[9]      ; AnalyzerSpiSlave:U3_analyzer_spi|crc_error_count[9]      ; mcu_spi_sck  ; mcu_spi_sck ; 0.000        ; 0.049      ; 1.059      ;
; 0.798 ; AnalyzerSpiSlave:U3_analyzer_spi|crc_error_count[11]     ; AnalyzerSpiSlave:U3_analyzer_spi|crc_error_count[11]     ; mcu_spi_sck  ; mcu_spi_sck ; 0.000        ; 0.049      ; 1.059      ;
; 0.803 ; AnalyzerSpiSlave:U3_analyzer_spi|ram_read_address[0]     ; AnalyzerSpiSlave:U3_analyzer_spi|ram_read_address[0]     ; mcu_spi_sck  ; mcu_spi_sck ; 0.000        ; 0.049      ; 1.064      ;
; 0.812 ; AnalyzerSpiSlave:U3_analyzer_spi|response_word_index[0]  ; AnalyzerSpiSlave:U3_analyzer_spi|response_word_index[0]  ; mcu_spi_sck  ; mcu_spi_sck ; 0.000        ; 0.049      ; 1.073      ;
; 0.814 ; AnalyzerSpiSlave:U3_analyzer_spi|crc_error_count[1]      ; AnalyzerSpiSlave:U3_analyzer_spi|crc_error_count[1]      ; mcu_spi_sck  ; mcu_spi_sck ; 0.000        ; 0.049      ; 1.075      ;
; 0.819 ; AnalyzerSpiSlave:U3_analyzer_spi|tx_shift[14]            ; AnalyzerSpiSlave:U3_analyzer_spi|tx_shift[15]            ; mcu_spi_sck  ; mcu_spi_sck ; 0.000        ; 0.052      ; 1.083      ;
; 0.833 ; AnalyzerSpiSlave:U3_analyzer_spi|rx_bit_count[1]         ; AnalyzerSpiSlave:U3_analyzer_spi|rx_bit_count[2]         ; mcu_spi_sck  ; mcu_spi_sck ; 0.000        ; 0.057      ; 1.102      ;
; 0.839 ; AnalyzerSpiSlave:U3_analyzer_spi|tx_shift[9]             ; AnalyzerSpiSlave:U3_analyzer_spi|tx_shift[10]            ; mcu_spi_sck  ; mcu_spi_sck ; 0.000        ; 0.052      ; 1.103      ;
; 0.888 ; AnalyzerSpiSlave:U3_analyzer_spi|rx_shift[2]             ; AnalyzerSpiSlave:U3_analyzer_spi|request_command[3]      ; mcu_spi_sck  ; mcu_spi_sck ; 0.000        ; 0.163      ; 1.263      ;
; 0.902 ; AnalyzerSpiSlave:U3_analyzer_spi|rx_shift[11]            ; AnalyzerSpiSlave:U3_analyzer_spi|request_command[12]     ; mcu_spi_sck  ; mcu_spi_sck ; 0.000        ; 0.163      ; 1.277      ;
; 0.915 ; AnalyzerSpiSlave:U3_analyzer_spi|request_crc[12]         ; AnalyzerSpiSlave:U3_analyzer_spi|request_crc[8]          ; mcu_spi_sck  ; mcu_spi_sck ; 0.000        ; 0.056      ; 1.183      ;
; 0.960 ; AnalyzerSpiSlave:U3_analyzer_spi|request_crc[11]         ; AnalyzerSpiSlave:U3_analyzer_spi|request_crc[15]         ; mcu_spi_sck  ; mcu_spi_sck ; 0.000        ; 0.382      ; 1.554      ;
; 1.020 ; AnalyzerSpiSlave:U3_analyzer_spi|tx_shift[15]            ; AnalyzerSpiSlave:U3_analyzer_spi|spi_miso                ; mcu_spi_sck  ; mcu_spi_sck ; 0.000        ; 0.008      ; 1.240      ;
; 1.025 ; AnalyzerSpiSlave:U3_analyzer_spi|tx_active               ; AnalyzerSpiSlave:U3_analyzer_spi|tx_bits_remaining[4]    ; mcu_spi_sck  ; mcu_spi_sck ; 0.000        ; 0.056      ; 1.293      ;
; 1.039 ; AnalyzerSpiSlave:U3_analyzer_spi|status_sync_0[1]        ; AnalyzerSpiSlave:U3_analyzer_spi|status_sync_1[1]        ; mcu_spi_sck  ; mcu_spi_sck ; 0.000        ; 0.275      ; 1.526      ;
; 1.055 ; AnalyzerSpiSlave:U3_analyzer_spi|request_crc[8]          ; AnalyzerSpiSlave:U3_analyzer_spi|request_crc[9]          ; mcu_spi_sck  ; mcu_spi_sck ; 0.000        ; 0.108      ; 1.375      ;
; 1.058 ; AnalyzerSpiSlave:U3_analyzer_spi|rx_shift[9]             ; AnalyzerSpiSlave:U3_analyzer_spi|request_command[10]     ; mcu_spi_sck  ; mcu_spi_sck ; 0.000        ; 0.045      ; 1.315      ;
; 1.073 ; AnalyzerSpiSlave:U3_analyzer_spi|rx_shift[1]             ; AnalyzerSpiSlave:U3_analyzer_spi|request_crc[2]          ; mcu_spi_sck  ; mcu_spi_sck ; 0.000        ; -0.082     ; 1.203      ;
; 1.074 ; AnalyzerSpiSlave:U3_analyzer_spi|rx_bit_count[3]         ; AnalyzerSpiSlave:U3_analyzer_spi|request_sync_valid      ; mcu_spi_sck  ; mcu_spi_sck ; 0.000        ; 0.057      ; 1.343      ;
; 1.077 ; AnalyzerSpiSlave:U3_analyzer_spi|rx_shift[5]             ; AnalyzerSpiSlave:U3_analyzer_spi|rx_shift[6]             ; mcu_spi_sck  ; mcu_spi_sck ; 0.000        ; -0.055     ; 1.234      ;
; 1.078 ; AnalyzerSpiSlave:U3_analyzer_spi|response_crc[0]         ; AnalyzerSpiSlave:U3_analyzer_spi|response_crc[12]        ; mcu_spi_sck  ; mcu_spi_sck ; 0.000        ; 0.052      ; 1.342      ;
; 1.081 ; AnalyzerSpiSlave:U3_analyzer_spi|request_crc[8]          ; AnalyzerSpiSlave:U3_analyzer_spi|request_crc[4]          ; mcu_spi_sck  ; mcu_spi_sck ; 0.000        ; 0.108      ; 1.401      ;
; 1.084 ; AnalyzerSpiSlave:U3_analyzer_spi|response_crc[0]         ; AnalyzerSpiSlave:U3_analyzer_spi|response_crc[0]         ; mcu_spi_sck  ; mcu_spi_sck ; 0.000        ; 0.052      ; 1.348      ;
; 1.085 ; AnalyzerSpiSlave:U3_analyzer_spi|response_crc[13]        ; AnalyzerSpiSlave:U3_analyzer_spi|response_crc[9]         ; mcu_spi_sck  ; mcu_spi_sck ; 0.000        ; 0.055      ; 1.352      ;
+-------+----------------------------------------------------------+----------------------------------------------------------+--------------+-------------+--------------+------------+------------+


+--------------------------------------------------------------------------------------------------------------------------------------------------------------------------------------------------------------------+
; Slow 1200mV 85C Model Minimum Pulse Width: 'adc_dco'                                                                                                                                                               ;
+-------+--------------+----------------+-----------------+---------+------------+-----------------------------------------------------------------------------------------------------------------------------------+
; Slack ; Actual Width ; Required Width ; Type            ; Clock   ; Clock Edge ; Target                                                                                                                            ;
+-------+--------------+----------------+-----------------+---------+------------+-----------------------------------------------------------------------------------------------------------------------------------+
; 7.397 ; 7.798        ; 0.401          ; Low Pulse Width ; adc_dco ; Rise       ; Ad9233FrameCapture:U2_frame_capture|Ad9233MultistageDecimator:anti_alias_fir|FirDecimatingStage:stage1|operand_coefficient[0][0]  ;
; 7.397 ; 7.798        ; 0.401          ; Low Pulse Width ; adc_dco ; Rise       ; Ad9233FrameCapture:U2_frame_capture|Ad9233MultistageDecimator:anti_alias_fir|FirDecimatingStage:stage1|operand_coefficient[0][10] ;
; 7.397 ; 7.798        ; 0.401          ; Low Pulse Width ; adc_dco ; Rise       ; Ad9233FrameCapture:U2_frame_capture|Ad9233MultistageDecimator:anti_alias_fir|FirDecimatingStage:stage1|operand_coefficient[0][11] ;
; 7.397 ; 7.798        ; 0.401          ; Low Pulse Width ; adc_dco ; Rise       ; Ad9233FrameCapture:U2_frame_capture|Ad9233MultistageDecimator:anti_alias_fir|FirDecimatingStage:stage1|operand_coefficient[0][12] ;
; 7.397 ; 7.798        ; 0.401          ; Low Pulse Width ; adc_dco ; Rise       ; Ad9233FrameCapture:U2_frame_capture|Ad9233MultistageDecimator:anti_alias_fir|FirDecimatingStage:stage1|operand_coefficient[0][13] ;
; 7.397 ; 7.798        ; 0.401          ; Low Pulse Width ; adc_dco ; Rise       ; Ad9233FrameCapture:U2_frame_capture|Ad9233MultistageDecimator:anti_alias_fir|FirDecimatingStage:stage1|operand_coefficient[0][14] ;
; 7.397 ; 7.798        ; 0.401          ; Low Pulse Width ; adc_dco ; Rise       ; Ad9233FrameCapture:U2_frame_capture|Ad9233MultistageDecimator:anti_alias_fir|FirDecimatingStage:stage1|operand_coefficient[0][15] ;
; 7.397 ; 7.798        ; 0.401          ; Low Pulse Width ; adc_dco ; Rise       ; Ad9233FrameCapture:U2_frame_capture|Ad9233MultistageDecimator:anti_alias_fir|FirDecimatingStage:stage1|operand_coefficient[0][16] ;
; 7.397 ; 7.798        ; 0.401          ; Low Pulse Width ; adc_dco ; Rise       ; Ad9233FrameCapture:U2_frame_capture|Ad9233MultistageDecimator:anti_alias_fir|FirDecimatingStage:stage1|operand_coefficient[0][17] ;
; 7.397 ; 7.798        ; 0.401          ; Low Pulse Width ; adc_dco ; Rise       ; Ad9233FrameCapture:U2_frame_capture|Ad9233MultistageDecimator:anti_alias_fir|FirDecimatingStage:stage1|operand_coefficient[0][1]  ;
; 7.397 ; 7.798        ; 0.401          ; Low Pulse Width ; adc_dco ; Rise       ; Ad9233FrameCapture:U2_frame_capture|Ad9233MultistageDecimator:anti_alias_fir|FirDecimatingStage:stage1|operand_coefficient[0][2]  ;
; 7.397 ; 7.798        ; 0.401          ; Low Pulse Width ; adc_dco ; Rise       ; Ad9233FrameCapture:U2_frame_capture|Ad9233MultistageDecimator:anti_alias_fir|FirDecimatingStage:stage1|operand_coefficient[0][3]  ;
; 7.397 ; 7.798        ; 0.401          ; Low Pulse Width ; adc_dco ; Rise       ; Ad9233FrameCapture:U2_frame_capture|Ad9233MultistageDecimator:anti_alias_fir|FirDecimatingStage:stage1|operand_coefficient[0][4]  ;
; 7.397 ; 7.798        ; 0.401          ; Low Pulse Width ; adc_dco ; Rise       ; Ad9233FrameCapture:U2_frame_capture|Ad9233MultistageDecimator:anti_alias_fir|FirDecimatingStage:stage1|operand_coefficient[0][5]  ;
; 7.397 ; 7.798        ; 0.401          ; Low Pulse Width ; adc_dco ; Rise       ; Ad9233FrameCapture:U2_frame_capture|Ad9233MultistageDecimator:anti_alias_fir|FirDecimatingStage:stage1|operand_coefficient[0][6]  ;
; 7.397 ; 7.798        ; 0.401          ; Low Pulse Width ; adc_dco ; Rise       ; Ad9233FrameCapture:U2_frame_capture|Ad9233MultistageDecimator:anti_alias_fir|FirDecimatingStage:stage1|operand_coefficient[0][7]  ;
; 7.397 ; 7.798        ; 0.401          ; Low Pulse Width ; adc_dco ; Rise       ; Ad9233FrameCapture:U2_frame_capture|Ad9233MultistageDecimator:anti_alias_fir|FirDecimatingStage:stage1|operand_coefficient[0][8]  ;
; 7.397 ; 7.798        ; 0.401          ; Low Pulse Width ; adc_dco ; Rise       ; Ad9233FrameCapture:U2_frame_capture|Ad9233MultistageDecimator:anti_alias_fir|FirDecimatingStage:stage1|operand_coefficient[0][9]  ;
; 7.397 ; 7.798        ; 0.401          ; Low Pulse Width ; adc_dco ; Rise       ; Ad9233FrameCapture:U2_frame_capture|Ad9233MultistageDecimator:anti_alias_fir|FirDecimatingStage:stage1|operand_sample[0][10]      ;
; 7.397 ; 7.798        ; 0.401          ; Low Pulse Width ; adc_dco ; Rise       ; Ad9233FrameCapture:U2_frame_capture|Ad9233MultistageDecimator:anti_alias_fir|FirDecimatingStage:stage1|operand_sample[0][11]      ;
; 7.397 ; 7.798        ; 0.401          ; Low Pulse Width ; adc_dco ; Rise       ; Ad9233FrameCapture:U2_frame_capture|Ad9233MultistageDecimator:anti_alias_fir|FirDecimatingStage:stage1|operand_sample[0][12]      ;
; 7.397 ; 7.798        ; 0.401          ; Low Pulse Width ; adc_dco ; Rise       ; Ad9233FrameCapture:U2_frame_capture|Ad9233MultistageDecimator:anti_alias_fir|FirDecimatingStage:stage1|operand_sample[0][13]      ;
; 7.397 ; 7.798        ; 0.401          ; Low Pulse Width ; adc_dco ; Rise       ; Ad9233FrameCapture:U2_frame_capture|Ad9233MultistageDecimator:anti_alias_fir|FirDecimatingStage:stage1|operand_sample[0][14]      ;
; 7.397 ; 7.798        ; 0.401          ; Low Pulse Width ; adc_dco ; Rise       ; Ad9233FrameCapture:U2_frame_capture|Ad9233MultistageDecimator:anti_alias_fir|FirDecimatingStage:stage1|operand_sample[0][15]      ;
; 7.397 ; 7.798        ; 0.401          ; Low Pulse Width ; adc_dco ; Rise       ; Ad9233FrameCapture:U2_frame_capture|Ad9233MultistageDecimator:anti_alias_fir|FirDecimatingStage:stage1|operand_sample[0][16]      ;
; 7.397 ; 7.798        ; 0.401          ; Low Pulse Width ; adc_dco ; Rise       ; Ad9233FrameCapture:U2_frame_capture|Ad9233MultistageDecimator:anti_alias_fir|FirDecimatingStage:stage1|operand_sample[0][17]      ;
; 7.397 ; 7.798        ; 0.401          ; Low Pulse Width ; adc_dco ; Rise       ; Ad9233FrameCapture:U2_frame_capture|Ad9233MultistageDecimator:anti_alias_fir|FirDecimatingStage:stage1|operand_sample[0][4]       ;
; 7.397 ; 7.798        ; 0.401          ; Low Pulse Width ; adc_dco ; Rise       ; Ad9233FrameCapture:U2_frame_capture|Ad9233MultistageDecimator:anti_alias_fir|FirDecimatingStage:stage1|operand_sample[0][5]       ;
; 7.397 ; 7.798        ; 0.401          ; Low Pulse Width ; adc_dco ; Rise       ; Ad9233FrameCapture:U2_frame_capture|Ad9233MultistageDecimator:anti_alias_fir|FirDecimatingStage:stage1|operand_sample[0][6]       ;
; 7.397 ; 7.798        ; 0.401          ; Low Pulse Width ; adc_dco ; Rise       ; Ad9233FrameCapture:U2_frame_capture|Ad9233MultistageDecimator:anti_alias_fir|FirDecimatingStage:stage1|operand_sample[0][7]       ;
; 7.397 ; 7.798        ; 0.401          ; Low Pulse Width ; adc_dco ; Rise       ; Ad9233FrameCapture:U2_frame_capture|Ad9233MultistageDecimator:anti_alias_fir|FirDecimatingStage:stage1|operand_sample[0][8]       ;
; 7.397 ; 7.798        ; 0.401          ; Low Pulse Width ; adc_dco ; Rise       ; Ad9233FrameCapture:U2_frame_capture|Ad9233MultistageDecimator:anti_alias_fir|FirDecimatingStage:stage1|operand_sample[0][9]       ;
; 7.398 ; 7.799        ; 0.401          ; Low Pulse Width ; adc_dco ; Rise       ; Ad9233FrameCapture:U2_frame_capture|Ad9233MultistageDecimator:anti_alias_fir|FirDecimatingStage:stage1|operand_coefficient[1][0]  ;
; 7.398 ; 7.799        ; 0.401          ; Low Pulse Width ; adc_dco ; Rise       ; Ad9233FrameCapture:U2_frame_capture|Ad9233MultistageDecimator:anti_alias_fir|FirDecimatingStage:stage1|operand_coefficient[1][10] ;
; 7.398 ; 7.799        ; 0.401          ; Low Pulse Width ; adc_dco ; Rise       ; Ad9233FrameCapture:U2_frame_capture|Ad9233MultistageDecimator:anti_alias_fir|FirDecimatingStage:stage1|operand_coefficient[1][11] ;
; 7.398 ; 7.799        ; 0.401          ; Low Pulse Width ; adc_dco ; Rise       ; Ad9233FrameCapture:U2_frame_capture|Ad9233MultistageDecimator:anti_alias_fir|FirDecimatingStage:stage1|operand_coefficient[1][12] ;
; 7.398 ; 7.799        ; 0.401          ; Low Pulse Width ; adc_dco ; Rise       ; Ad9233FrameCapture:U2_frame_capture|Ad9233MultistageDecimator:anti_alias_fir|FirDecimatingStage:stage1|operand_coefficient[1][13] ;
; 7.398 ; 7.799        ; 0.401          ; Low Pulse Width ; adc_dco ; Rise       ; Ad9233FrameCapture:U2_frame_capture|Ad9233MultistageDecimator:anti_alias_fir|FirDecimatingStage:stage1|operand_coefficient[1][14] ;
; 7.398 ; 7.799        ; 0.401          ; Low Pulse Width ; adc_dco ; Rise       ; Ad9233FrameCapture:U2_frame_capture|Ad9233MultistageDecimator:anti_alias_fir|FirDecimatingStage:stage1|operand_coefficient[1][15] ;
; 7.398 ; 7.799        ; 0.401          ; Low Pulse Width ; adc_dco ; Rise       ; Ad9233FrameCapture:U2_frame_capture|Ad9233MultistageDecimator:anti_alias_fir|FirDecimatingStage:stage1|operand_coefficient[1][16] ;
; 7.398 ; 7.799        ; 0.401          ; Low Pulse Width ; adc_dco ; Rise       ; Ad9233FrameCapture:U2_frame_capture|Ad9233MultistageDecimator:anti_alias_fir|FirDecimatingStage:stage1|operand_coefficient[1][17] ;
; 7.398 ; 7.799        ; 0.401          ; Low Pulse Width ; adc_dco ; Rise       ; Ad9233FrameCapture:U2_frame_capture|Ad9233MultistageDecimator:anti_alias_fir|FirDecimatingStage:stage1|operand_coefficient[1][1]  ;
; 7.398 ; 7.799        ; 0.401          ; Low Pulse Width ; adc_dco ; Rise       ; Ad9233FrameCapture:U2_frame_capture|Ad9233MultistageDecimator:anti_alias_fir|FirDecimatingStage:stage1|operand_coefficient[1][2]  ;
; 7.398 ; 7.799        ; 0.401          ; Low Pulse Width ; adc_dco ; Rise       ; Ad9233FrameCapture:U2_frame_capture|Ad9233MultistageDecimator:anti_alias_fir|FirDecimatingStage:stage1|operand_coefficient[1][3]  ;
; 7.398 ; 7.799        ; 0.401          ; Low Pulse Width ; adc_dco ; Rise       ; Ad9233FrameCapture:U2_frame_capture|Ad9233MultistageDecimator:anti_alias_fir|FirDecimatingStage:stage1|operand_coefficient[1][4]  ;
; 7.398 ; 7.799        ; 0.401          ; Low Pulse Width ; adc_dco ; Rise       ; Ad9233FrameCapture:U2_frame_capture|Ad9233MultistageDecimator:anti_alias_fir|FirDecimatingStage:stage1|operand_coefficient[1][5]  ;
; 7.398 ; 7.799        ; 0.401          ; Low Pulse Width ; adc_dco ; Rise       ; Ad9233FrameCapture:U2_frame_capture|Ad9233MultistageDecimator:anti_alias_fir|FirDecimatingStage:stage1|operand_coefficient[1][6]  ;
; 7.398 ; 7.799        ; 0.401          ; Low Pulse Width ; adc_dco ; Rise       ; Ad9233FrameCapture:U2_frame_capture|Ad9233MultistageDecimator:anti_alias_fir|FirDecimatingStage:stage1|operand_coefficient[1][7]  ;
; 7.398 ; 7.799        ; 0.401          ; Low Pulse Width ; adc_dco ; Rise       ; Ad9233FrameCapture:U2_frame_capture|Ad9233MultistageDecimator:anti_alias_fir|FirDecimatingStage:stage1|operand_coefficient[1][8]  ;
; 7.398 ; 7.799        ; 0.401          ; Low Pulse Width ; adc_dco ; Rise       ; Ad9233FrameCapture:U2_frame_capture|Ad9233MultistageDecimator:anti_alias_fir|FirDecimatingStage:stage1|operand_coefficient[1][9]  ;
; 7.398 ; 7.799        ; 0.401          ; Low Pulse Width ; adc_dco ; Rise       ; Ad9233FrameCapture:U2_frame_capture|Ad9233MultistageDecimator:anti_alias_fir|FirDecimatingStage:stage1|operand_coefficient[2][0]  ;
; 7.398 ; 7.799        ; 0.401          ; Low Pulse Width ; adc_dco ; Rise       ; Ad9233FrameCapture:U2_frame_capture|Ad9233MultistageDecimator:anti_alias_fir|FirDecimatingStage:stage1|operand_coefficient[2][10] ;
; 7.398 ; 7.799        ; 0.401          ; Low Pulse Width ; adc_dco ; Rise       ; Ad9233FrameCapture:U2_frame_capture|Ad9233MultistageDecimator:anti_alias_fir|FirDecimatingStage:stage1|operand_coefficient[2][12] ;
; 7.398 ; 7.799        ; 0.401          ; Low Pulse Width ; adc_dco ; Rise       ; Ad9233FrameCapture:U2_frame_capture|Ad9233MultistageDecimator:anti_alias_fir|FirDecimatingStage:stage1|operand_coefficient[2][13] ;
; 7.398 ; 7.799        ; 0.401          ; Low Pulse Width ; adc_dco ; Rise       ; Ad9233FrameCapture:U2_frame_capture|Ad9233MultistageDecimator:anti_alias_fir|FirDecimatingStage:stage1|operand_coefficient[2][14] ;
; 7.398 ; 7.799        ; 0.401          ; Low Pulse Width ; adc_dco ; Rise       ; Ad9233FrameCapture:U2_frame_capture|Ad9233MultistageDecimator:anti_alias_fir|FirDecimatingStage:stage1|operand_coefficient[2][15] ;
; 7.398 ; 7.799        ; 0.401          ; Low Pulse Width ; adc_dco ; Rise       ; Ad9233FrameCapture:U2_frame_capture|Ad9233MultistageDecimator:anti_alias_fir|FirDecimatingStage:stage1|operand_coefficient[2][16] ;
; 7.398 ; 7.799        ; 0.401          ; Low Pulse Width ; adc_dco ; Rise       ; Ad9233FrameCapture:U2_frame_capture|Ad9233MultistageDecimator:anti_alias_fir|FirDecimatingStage:stage1|operand_coefficient[2][17] ;
; 7.398 ; 7.799        ; 0.401          ; Low Pulse Width ; adc_dco ; Rise       ; Ad9233FrameCapture:U2_frame_capture|Ad9233MultistageDecimator:anti_alias_fir|FirDecimatingStage:stage1|operand_coefficient[2][1]  ;
; 7.398 ; 7.799        ; 0.401          ; Low Pulse Width ; adc_dco ; Rise       ; Ad9233FrameCapture:U2_frame_capture|Ad9233MultistageDecimator:anti_alias_fir|FirDecimatingStage:stage1|operand_coefficient[2][2]  ;
; 7.398 ; 7.799        ; 0.401          ; Low Pulse Width ; adc_dco ; Rise       ; Ad9233FrameCapture:U2_frame_capture|Ad9233MultistageDecimator:anti_alias_fir|FirDecimatingStage:stage1|operand_coefficient[2][6]  ;
; 7.398 ; 7.799        ; 0.401          ; Low Pulse Width ; adc_dco ; Rise       ; Ad9233FrameCapture:U2_frame_capture|Ad9233MultistageDecimator:anti_alias_fir|FirDecimatingStage:stage1|operand_coefficient[2][7]  ;
; 7.398 ; 7.799        ; 0.401          ; Low Pulse Width ; adc_dco ; Rise       ; Ad9233FrameCapture:U2_frame_capture|Ad9233MultistageDecimator:anti_alias_fir|FirDecimatingStage:stage1|operand_coefficient[2][9]  ;
; 7.398 ; 7.799        ; 0.401          ; Low Pulse Width ; adc_dco ; Rise       ; Ad9233FrameCapture:U2_frame_capture|Ad9233MultistageDecimator:anti_alias_fir|FirDecimatingStage:stage1|operand_sample[1][10]      ;
; 7.398 ; 7.799        ; 0.401          ; Low Pulse Width ; adc_dco ; Rise       ; Ad9233FrameCapture:U2_frame_capture|Ad9233MultistageDecimator:anti_alias_fir|FirDecimatingStage:stage1|operand_sample[1][11]      ;
; 7.398 ; 7.799        ; 0.401          ; Low Pulse Width ; adc_dco ; Rise       ; Ad9233FrameCapture:U2_frame_capture|Ad9233MultistageDecimator:anti_alias_fir|FirDecimatingStage:stage1|operand_sample[1][12]      ;
; 7.398 ; 7.799        ; 0.401          ; Low Pulse Width ; adc_dco ; Rise       ; Ad9233FrameCapture:U2_frame_capture|Ad9233MultistageDecimator:anti_alias_fir|FirDecimatingStage:stage1|operand_sample[1][13]      ;
; 7.398 ; 7.799        ; 0.401          ; Low Pulse Width ; adc_dco ; Rise       ; Ad9233FrameCapture:U2_frame_capture|Ad9233MultistageDecimator:anti_alias_fir|FirDecimatingStage:stage1|operand_sample[1][14]      ;
; 7.398 ; 7.799        ; 0.401          ; Low Pulse Width ; adc_dco ; Rise       ; Ad9233FrameCapture:U2_frame_capture|Ad9233MultistageDecimator:anti_alias_fir|FirDecimatingStage:stage1|operand_sample[1][15]      ;
; 7.398 ; 7.799        ; 0.401          ; Low Pulse Width ; adc_dco ; Rise       ; Ad9233FrameCapture:U2_frame_capture|Ad9233MultistageDecimator:anti_alias_fir|FirDecimatingStage:stage1|operand_sample[1][16]      ;
; 7.398 ; 7.799        ; 0.401          ; Low Pulse Width ; adc_dco ; Rise       ; Ad9233FrameCapture:U2_frame_capture|Ad9233MultistageDecimator:anti_alias_fir|FirDecimatingStage:stage1|operand_sample[1][17]      ;
; 7.398 ; 7.799        ; 0.401          ; Low Pulse Width ; adc_dco ; Rise       ; Ad9233FrameCapture:U2_frame_capture|Ad9233MultistageDecimator:anti_alias_fir|FirDecimatingStage:stage1|operand_sample[1][4]       ;
; 7.398 ; 7.799        ; 0.401          ; Low Pulse Width ; adc_dco ; Rise       ; Ad9233FrameCapture:U2_frame_capture|Ad9233MultistageDecimator:anti_alias_fir|FirDecimatingStage:stage1|operand_sample[1][5]       ;
; 7.398 ; 7.799        ; 0.401          ; Low Pulse Width ; adc_dco ; Rise       ; Ad9233FrameCapture:U2_frame_capture|Ad9233MultistageDecimator:anti_alias_fir|FirDecimatingStage:stage1|operand_sample[1][6]       ;
; 7.398 ; 7.799        ; 0.401          ; Low Pulse Width ; adc_dco ; Rise       ; Ad9233FrameCapture:U2_frame_capture|Ad9233MultistageDecimator:anti_alias_fir|FirDecimatingStage:stage1|operand_sample[1][7]       ;
; 7.398 ; 7.799        ; 0.401          ; Low Pulse Width ; adc_dco ; Rise       ; Ad9233FrameCapture:U2_frame_capture|Ad9233MultistageDecimator:anti_alias_fir|FirDecimatingStage:stage1|operand_sample[1][8]       ;
; 7.398 ; 7.799        ; 0.401          ; Low Pulse Width ; adc_dco ; Rise       ; Ad9233FrameCapture:U2_frame_capture|Ad9233MultistageDecimator:anti_alias_fir|FirDecimatingStage:stage1|operand_sample[1][9]       ;
; 7.398 ; 7.799        ; 0.401          ; Low Pulse Width ; adc_dco ; Rise       ; Ad9233FrameCapture:U2_frame_capture|Ad9233MultistageDecimator:anti_alias_fir|FirDecimatingStage:stage1|operand_sample[2][10]      ;
; 7.398 ; 7.799        ; 0.401          ; Low Pulse Width ; adc_dco ; Rise       ; Ad9233FrameCapture:U2_frame_capture|Ad9233MultistageDecimator:anti_alias_fir|FirDecimatingStage:stage1|operand_sample[2][11]      ;
; 7.398 ; 7.799        ; 0.401          ; Low Pulse Width ; adc_dco ; Rise       ; Ad9233FrameCapture:U2_frame_capture|Ad9233MultistageDecimator:anti_alias_fir|FirDecimatingStage:stage1|operand_sample[2][12]      ;
; 7.398 ; 7.799        ; 0.401          ; Low Pulse Width ; adc_dco ; Rise       ; Ad9233FrameCapture:U2_frame_capture|Ad9233MultistageDecimator:anti_alias_fir|FirDecimatingStage:stage1|operand_sample[2][13]      ;
; 7.398 ; 7.799        ; 0.401          ; Low Pulse Width ; adc_dco ; Rise       ; Ad9233FrameCapture:U2_frame_capture|Ad9233MultistageDecimator:anti_alias_fir|FirDecimatingStage:stage1|operand_sample[2][14]      ;
; 7.398 ; 7.799        ; 0.401          ; Low Pulse Width ; adc_dco ; Rise       ; Ad9233FrameCapture:U2_frame_capture|Ad9233MultistageDecimator:anti_alias_fir|FirDecimatingStage:stage1|operand_sample[2][15]      ;
; 7.398 ; 7.799        ; 0.401          ; Low Pulse Width ; adc_dco ; Rise       ; Ad9233FrameCapture:U2_frame_capture|Ad9233MultistageDecimator:anti_alias_fir|FirDecimatingStage:stage1|operand_sample[2][16]      ;
; 7.398 ; 7.799        ; 0.401          ; Low Pulse Width ; adc_dco ; Rise       ; Ad9233FrameCapture:U2_frame_capture|Ad9233MultistageDecimator:anti_alias_fir|FirDecimatingStage:stage1|operand_sample[2][17]      ;
; 7.398 ; 7.799        ; 0.401          ; Low Pulse Width ; adc_dco ; Rise       ; Ad9233FrameCapture:U2_frame_capture|Ad9233MultistageDecimator:anti_alias_fir|FirDecimatingStage:stage1|operand_sample[2][4]       ;
; 7.398 ; 7.799        ; 0.401          ; Low Pulse Width ; adc_dco ; Rise       ; Ad9233FrameCapture:U2_frame_capture|Ad9233MultistageDecimator:anti_alias_fir|FirDecimatingStage:stage1|operand_sample[2][5]       ;
; 7.398 ; 7.799        ; 0.401          ; Low Pulse Width ; adc_dco ; Rise       ; Ad9233FrameCapture:U2_frame_capture|Ad9233MultistageDecimator:anti_alias_fir|FirDecimatingStage:stage1|operand_sample[2][6]       ;
; 7.398 ; 7.799        ; 0.401          ; Low Pulse Width ; adc_dco ; Rise       ; Ad9233FrameCapture:U2_frame_capture|Ad9233MultistageDecimator:anti_alias_fir|FirDecimatingStage:stage1|operand_sample[2][7]       ;
; 7.398 ; 7.799        ; 0.401          ; Low Pulse Width ; adc_dco ; Rise       ; Ad9233FrameCapture:U2_frame_capture|Ad9233MultistageDecimator:anti_alias_fir|FirDecimatingStage:stage1|operand_sample[2][8]       ;
; 7.398 ; 7.799        ; 0.401          ; Low Pulse Width ; adc_dco ; Rise       ; Ad9233FrameCapture:U2_frame_capture|Ad9233MultistageDecimator:anti_alias_fir|FirDecimatingStage:stage1|operand_sample[2][9]       ;
; 7.398 ; 7.799        ; 0.401          ; Low Pulse Width ; adc_dco ; Rise       ; Ad9233FrameCapture:U2_frame_capture|Ad9233MultistageDecimator:anti_alias_fir|FirDecimatingStage:stage1|product_pipe[3][10]        ;
; 7.398 ; 7.799        ; 0.401          ; Low Pulse Width ; adc_dco ; Rise       ; Ad9233FrameCapture:U2_frame_capture|Ad9233MultistageDecimator:anti_alias_fir|FirDecimatingStage:stage1|product_pipe[3][11]        ;
; 7.398 ; 7.799        ; 0.401          ; Low Pulse Width ; adc_dco ; Rise       ; Ad9233FrameCapture:U2_frame_capture|Ad9233MultistageDecimator:anti_alias_fir|FirDecimatingStage:stage1|product_pipe[3][12]        ;
; 7.398 ; 7.799        ; 0.401          ; Low Pulse Width ; adc_dco ; Rise       ; Ad9233FrameCapture:U2_frame_capture|Ad9233MultistageDecimator:anti_alias_fir|FirDecimatingStage:stage1|product_pipe[3][13]        ;
; 7.398 ; 7.799        ; 0.401          ; Low Pulse Width ; adc_dco ; Rise       ; Ad9233FrameCapture:U2_frame_capture|Ad9233MultistageDecimator:anti_alias_fir|FirDecimatingStage:stage1|product_pipe[3][14]        ;
; 7.398 ; 7.799        ; 0.401          ; Low Pulse Width ; adc_dco ; Rise       ; Ad9233FrameCapture:U2_frame_capture|Ad9233MultistageDecimator:anti_alias_fir|FirDecimatingStage:stage1|product_pipe[3][15]        ;
; 7.398 ; 7.799        ; 0.401          ; Low Pulse Width ; adc_dco ; Rise       ; Ad9233FrameCapture:U2_frame_capture|Ad9233MultistageDecimator:anti_alias_fir|FirDecimatingStage:stage1|product_pipe[3][16]        ;
; 7.398 ; 7.799        ; 0.401          ; Low Pulse Width ; adc_dco ; Rise       ; Ad9233FrameCapture:U2_frame_capture|Ad9233MultistageDecimator:anti_alias_fir|FirDecimatingStage:stage1|product_pipe[3][17]        ;
; 7.398 ; 7.799        ; 0.401          ; Low Pulse Width ; adc_dco ; Rise       ; Ad9233FrameCapture:U2_frame_capture|Ad9233MultistageDecimator:anti_alias_fir|FirDecimatingStage:stage1|product_pipe[3][18]        ;
+-------+--------------+----------------+-----------------+---------+------------+-----------------------------------------------------------------------------------------------------------------------------------+


+--------------------------------------------------------------------------------------------------------------------------------------+
; Slow 1200mV 85C Model Minimum Pulse Width: 'clk_50m'                                                                                 ;
+-------+--------------+----------------+------------------+---------+------------+----------------------------------------------------+
; Slack ; Actual Width ; Required Width ; Type             ; Clock   ; Clock Edge ; Target                                             ;
+-------+--------------+----------------+------------------+---------+------------+----------------------------------------------------+
; 9.784 ; 10.004       ; 0.220          ; High Pulse Width ; clk_50m ; Rise       ; Ad9233SpiInit:U1_ad9233_spi_init|bit_index[0]      ;
; 9.784 ; 10.004       ; 0.220          ; High Pulse Width ; clk_50m ; Rise       ; Ad9233SpiInit:U1_ad9233_spi_init|bit_index[1]      ;
; 9.784 ; 10.004       ; 0.220          ; High Pulse Width ; clk_50m ; Rise       ; Ad9233SpiInit:U1_ad9233_spi_init|bit_index[2]      ;
; 9.784 ; 10.004       ; 0.220          ; High Pulse Width ; clk_50m ; Rise       ; Ad9233SpiInit:U1_ad9233_spi_init|bit_index[3]      ;
; 9.784 ; 10.004       ; 0.220          ; High Pulse Width ; clk_50m ; Rise       ; Ad9233SpiInit:U1_ad9233_spi_init|bit_index[4]      ;
; 9.784 ; 10.004       ; 0.220          ; High Pulse Width ; clk_50m ; Rise       ; Ad9233SpiInit:U1_ad9233_spi_init|cfg_done          ;
; 9.784 ; 10.004       ; 0.220          ; High Pulse Width ; clk_50m ; Rise       ; Ad9233SpiInit:U1_ad9233_spi_init|frame_index[0]    ;
; 9.784 ; 10.004       ; 0.220          ; High Pulse Width ; clk_50m ; Rise       ; Ad9233SpiInit:U1_ad9233_spi_init|frame_index[1]    ;
; 9.784 ; 10.004       ; 0.220          ; High Pulse Width ; clk_50m ; Rise       ; Ad9233SpiInit:U1_ad9233_spi_init|frame_index[2]    ;
; 9.784 ; 10.004       ; 0.220          ; High Pulse Width ; clk_50m ; Rise       ; Ad9233SpiInit:U1_ad9233_spi_init|half_count[0]     ;
; 9.784 ; 10.004       ; 0.220          ; High Pulse Width ; clk_50m ; Rise       ; Ad9233SpiInit:U1_ad9233_spi_init|half_count[1]     ;
; 9.784 ; 10.004       ; 0.220          ; High Pulse Width ; clk_50m ; Rise       ; Ad9233SpiInit:U1_ad9233_spi_init|half_count[2]     ;
; 9.784 ; 10.004       ; 0.220          ; High Pulse Width ; clk_50m ; Rise       ; Ad9233SpiInit:U1_ad9233_spi_init|half_count[3]     ;
; 9.784 ; 10.004       ; 0.220          ; High Pulse Width ; clk_50m ; Rise       ; Ad9233SpiInit:U1_ad9233_spi_init|half_count[4]     ;
; 9.784 ; 10.004       ; 0.220          ; High Pulse Width ; clk_50m ; Rise       ; Ad9233SpiInit:U1_ad9233_spi_init|half_count[5]     ;
; 9.784 ; 10.004       ; 0.220          ; High Pulse Width ; clk_50m ; Rise       ; Ad9233SpiInit:U1_ad9233_spi_init|half_count[6]     ;
; 9.784 ; 10.004       ; 0.220          ; High Pulse Width ; clk_50m ; Rise       ; Ad9233SpiInit:U1_ad9233_spi_init|half_count[7]     ;
; 9.784 ; 10.004       ; 0.220          ; High Pulse Width ; clk_50m ; Rise       ; Ad9233SpiInit:U1_ad9233_spi_init|shift_data[10]    ;
; 9.784 ; 10.004       ; 0.220          ; High Pulse Width ; clk_50m ; Rise       ; Ad9233SpiInit:U1_ad9233_spi_init|shift_data[11]    ;
; 9.784 ; 10.004       ; 0.220          ; High Pulse Width ; clk_50m ; Rise       ; Ad9233SpiInit:U1_ad9233_spi_init|shift_data[12]    ;
; 9.784 ; 10.004       ; 0.220          ; High Pulse Width ; clk_50m ; Rise       ; Ad9233SpiInit:U1_ad9233_spi_init|shift_data[13]    ;
; 9.784 ; 10.004       ; 0.220          ; High Pulse Width ; clk_50m ; Rise       ; Ad9233SpiInit:U1_ad9233_spi_init|shift_data[14]    ;
; 9.784 ; 10.004       ; 0.220          ; High Pulse Width ; clk_50m ; Rise       ; Ad9233SpiInit:U1_ad9233_spi_init|shift_data[15]    ;
; 9.784 ; 10.004       ; 0.220          ; High Pulse Width ; clk_50m ; Rise       ; Ad9233SpiInit:U1_ad9233_spi_init|shift_data[16]    ;
; 9.784 ; 10.004       ; 0.220          ; High Pulse Width ; clk_50m ; Rise       ; Ad9233SpiInit:U1_ad9233_spi_init|shift_data[17]    ;
; 9.784 ; 10.004       ; 0.220          ; High Pulse Width ; clk_50m ; Rise       ; Ad9233SpiInit:U1_ad9233_spi_init|shift_data[18]    ;
; 9.784 ; 10.004       ; 0.220          ; High Pulse Width ; clk_50m ; Rise       ; Ad9233SpiInit:U1_ad9233_spi_init|shift_data[5]     ;
; 9.784 ; 10.004       ; 0.220          ; High Pulse Width ; clk_50m ; Rise       ; Ad9233SpiInit:U1_ad9233_spi_init|shift_data[6]     ;
; 9.784 ; 10.004       ; 0.220          ; High Pulse Width ; clk_50m ; Rise       ; Ad9233SpiInit:U1_ad9233_spi_init|shift_data[7]     ;
; 9.784 ; 10.004       ; 0.220          ; High Pulse Width ; clk_50m ; Rise       ; Ad9233SpiInit:U1_ad9233_spi_init|shift_data[8]     ;
; 9.784 ; 10.004       ; 0.220          ; High Pulse Width ; clk_50m ; Rise       ; Ad9233SpiInit:U1_ad9233_spi_init|shift_data[9]     ;
; 9.784 ; 10.004       ; 0.220          ; High Pulse Width ; clk_50m ; Rise       ; Ad9233SpiInit:U1_ad9233_spi_init|spi_cs_n          ;
; 9.784 ; 10.004       ; 0.220          ; High Pulse Width ; clk_50m ; Rise       ; Ad9233SpiInit:U1_ad9233_spi_init|spi_sclk          ;
; 9.784 ; 10.004       ; 0.220          ; High Pulse Width ; clk_50m ; Rise       ; Ad9233SpiInit:U1_ad9233_spi_init|startup_count[0]  ;
; 9.784 ; 10.004       ; 0.220          ; High Pulse Width ; clk_50m ; Rise       ; Ad9233SpiInit:U1_ad9233_spi_init|startup_count[10] ;
; 9.784 ; 10.004       ; 0.220          ; High Pulse Width ; clk_50m ; Rise       ; Ad9233SpiInit:U1_ad9233_spi_init|startup_count[11] ;
; 9.784 ; 10.004       ; 0.220          ; High Pulse Width ; clk_50m ; Rise       ; Ad9233SpiInit:U1_ad9233_spi_init|startup_count[12] ;
; 9.784 ; 10.004       ; 0.220          ; High Pulse Width ; clk_50m ; Rise       ; Ad9233SpiInit:U1_ad9233_spi_init|startup_count[13] ;
; 9.784 ; 10.004       ; 0.220          ; High Pulse Width ; clk_50m ; Rise       ; Ad9233SpiInit:U1_ad9233_spi_init|startup_count[14] ;
; 9.784 ; 10.004       ; 0.220          ; High Pulse Width ; clk_50m ; Rise       ; Ad9233SpiInit:U1_ad9233_spi_init|startup_count[15] ;
; 9.784 ; 10.004       ; 0.220          ; High Pulse Width ; clk_50m ; Rise       ; Ad9233SpiInit:U1_ad9233_spi_init|startup_count[16] ;
; 9.784 ; 10.004       ; 0.220          ; High Pulse Width ; clk_50m ; Rise       ; Ad9233SpiInit:U1_ad9233_spi_init|startup_count[17] ;
; 9.784 ; 10.004       ; 0.220          ; High Pulse Width ; clk_50m ; Rise       ; Ad9233SpiInit:U1_ad9233_spi_init|startup_count[18] ;
; 9.784 ; 10.004       ; 0.220          ; High Pulse Width ; clk_50m ; Rise       ; Ad9233SpiInit:U1_ad9233_spi_init|startup_count[19] ;
; 9.784 ; 10.004       ; 0.220          ; High Pulse Width ; clk_50m ; Rise       ; Ad9233SpiInit:U1_ad9233_spi_init|startup_count[1]  ;
; 9.784 ; 10.004       ; 0.220          ; High Pulse Width ; clk_50m ; Rise       ; Ad9233SpiInit:U1_ad9233_spi_init|startup_count[20] ;
; 9.784 ; 10.004       ; 0.220          ; High Pulse Width ; clk_50m ; Rise       ; Ad9233SpiInit:U1_ad9233_spi_init|startup_count[21] ;
; 9.784 ; 10.004       ; 0.220          ; High Pulse Width ; clk_50m ; Rise       ; Ad9233SpiInit:U1_ad9233_spi_init|startup_count[22] ;
; 9.784 ; 10.004       ; 0.220          ; High Pulse Width ; clk_50m ; Rise       ; Ad9233SpiInit:U1_ad9233_spi_init|startup_count[23] ;
; 9.784 ; 10.004       ; 0.220          ; High Pulse Width ; clk_50m ; Rise       ; Ad9233SpiInit:U1_ad9233_spi_init|startup_count[2]  ;
; 9.784 ; 10.004       ; 0.220          ; High Pulse Width ; clk_50m ; Rise       ; Ad9233SpiInit:U1_ad9233_spi_init|startup_count[3]  ;
; 9.784 ; 10.004       ; 0.220          ; High Pulse Width ; clk_50m ; Rise       ; Ad9233SpiInit:U1_ad9233_spi_init|startup_count[4]  ;
; 9.784 ; 10.004       ; 0.220          ; High Pulse Width ; clk_50m ; Rise       ; Ad9233SpiInit:U1_ad9233_spi_init|startup_count[5]  ;
; 9.784 ; 10.004       ; 0.220          ; High Pulse Width ; clk_50m ; Rise       ; Ad9233SpiInit:U1_ad9233_spi_init|startup_count[6]  ;
; 9.784 ; 10.004       ; 0.220          ; High Pulse Width ; clk_50m ; Rise       ; Ad9233SpiInit:U1_ad9233_spi_init|startup_count[7]  ;
; 9.784 ; 10.004       ; 0.220          ; High Pulse Width ; clk_50m ; Rise       ; Ad9233SpiInit:U1_ad9233_spi_init|startup_count[8]  ;
; 9.784 ; 10.004       ; 0.220          ; High Pulse Width ; clk_50m ; Rise       ; Ad9233SpiInit:U1_ad9233_spi_init|startup_count[9]  ;
; 9.784 ; 10.004       ; 0.220          ; High Pulse Width ; clk_50m ; Rise       ; Ad9233SpiInit:U1_ad9233_spi_init|state.STATE_DONE  ;
; 9.784 ; 10.004       ; 0.220          ; High Pulse Width ; clk_50m ; Rise       ; Ad9233SpiInit:U1_ad9233_spi_init|state.STATE_GAP   ;
; 9.784 ; 10.004       ; 0.220          ; High Pulse Width ; clk_50m ; Rise       ; Ad9233SpiInit:U1_ad9233_spi_init|state.STATE_HIGH  ;
; 9.784 ; 10.004       ; 0.220          ; High Pulse Width ; clk_50m ; Rise       ; Ad9233SpiInit:U1_ad9233_spi_init|state.STATE_LOAD  ;
; 9.784 ; 10.004       ; 0.220          ; High Pulse Width ; clk_50m ; Rise       ; Ad9233SpiInit:U1_ad9233_spi_init|state.STATE_WAIT  ;
; 9.784 ; 10.004       ; 0.220          ; High Pulse Width ; clk_50m ; Rise       ; adc_pll_lock_sync[0]                               ;
; 9.784 ; 10.004       ; 0.220          ; High Pulse Width ; clk_50m ; Rise       ; adc_pll_lock_sync[1]                               ;
; 9.785 ; 10.005       ; 0.220          ; High Pulse Width ; clk_50m ; Rise       ; Ad9233SpiInit:U1_ad9233_spi_init|shift_data[0]     ;
; 9.785 ; 10.005       ; 0.220          ; High Pulse Width ; clk_50m ; Rise       ; Ad9233SpiInit:U1_ad9233_spi_init|shift_data[19]    ;
; 9.785 ; 10.005       ; 0.220          ; High Pulse Width ; clk_50m ; Rise       ; Ad9233SpiInit:U1_ad9233_spi_init|shift_data[1]     ;
; 9.785 ; 10.005       ; 0.220          ; High Pulse Width ; clk_50m ; Rise       ; Ad9233SpiInit:U1_ad9233_spi_init|shift_data[20]    ;
; 9.785 ; 10.005       ; 0.220          ; High Pulse Width ; clk_50m ; Rise       ; Ad9233SpiInit:U1_ad9233_spi_init|shift_data[21]    ;
; 9.785 ; 10.005       ; 0.220          ; High Pulse Width ; clk_50m ; Rise       ; Ad9233SpiInit:U1_ad9233_spi_init|shift_data[22]    ;
; 9.785 ; 10.005       ; 0.220          ; High Pulse Width ; clk_50m ; Rise       ; Ad9233SpiInit:U1_ad9233_spi_init|shift_data[2]     ;
; 9.785 ; 10.005       ; 0.220          ; High Pulse Width ; clk_50m ; Rise       ; Ad9233SpiInit:U1_ad9233_spi_init|shift_data[3]     ;
; 9.785 ; 10.005       ; 0.220          ; High Pulse Width ; clk_50m ; Rise       ; Ad9233SpiInit:U1_ad9233_spi_init|shift_data[4]     ;
; 9.785 ; 10.005       ; 0.220          ; High Pulse Width ; clk_50m ; Rise       ; Ad9233SpiInit:U1_ad9233_spi_init|spi_sdio          ;
; 9.785 ; 10.005       ; 0.220          ; High Pulse Width ; clk_50m ; Rise       ; Ad9233SpiInit:U1_ad9233_spi_init|state.STATE_LOW   ;
; 9.806 ; 9.994        ; 0.188          ; Low Pulse Width  ; clk_50m ; Rise       ; Ad9233SpiInit:U1_ad9233_spi_init|bit_index[0]      ;
; 9.806 ; 9.994        ; 0.188          ; Low Pulse Width  ; clk_50m ; Rise       ; Ad9233SpiInit:U1_ad9233_spi_init|bit_index[1]      ;
; 9.806 ; 9.994        ; 0.188          ; Low Pulse Width  ; clk_50m ; Rise       ; Ad9233SpiInit:U1_ad9233_spi_init|bit_index[2]      ;
; 9.806 ; 9.994        ; 0.188          ; Low Pulse Width  ; clk_50m ; Rise       ; Ad9233SpiInit:U1_ad9233_spi_init|bit_index[4]      ;
; 9.806 ; 9.994        ; 0.188          ; Low Pulse Width  ; clk_50m ; Rise       ; Ad9233SpiInit:U1_ad9233_spi_init|cfg_done          ;
; 9.806 ; 9.994        ; 0.188          ; Low Pulse Width  ; clk_50m ; Rise       ; Ad9233SpiInit:U1_ad9233_spi_init|frame_index[0]    ;
; 9.806 ; 9.994        ; 0.188          ; Low Pulse Width  ; clk_50m ; Rise       ; Ad9233SpiInit:U1_ad9233_spi_init|frame_index[1]    ;
; 9.806 ; 9.994        ; 0.188          ; Low Pulse Width  ; clk_50m ; Rise       ; Ad9233SpiInit:U1_ad9233_spi_init|frame_index[2]    ;
; 9.806 ; 9.994        ; 0.188          ; Low Pulse Width  ; clk_50m ; Rise       ; Ad9233SpiInit:U1_ad9233_spi_init|half_count[0]     ;
; 9.806 ; 9.994        ; 0.188          ; Low Pulse Width  ; clk_50m ; Rise       ; Ad9233SpiInit:U1_ad9233_spi_init|half_count[1]     ;
; 9.806 ; 9.994        ; 0.188          ; Low Pulse Width  ; clk_50m ; Rise       ; Ad9233SpiInit:U1_ad9233_spi_init|half_count[2]     ;
; 9.806 ; 9.994        ; 0.188          ; Low Pulse Width  ; clk_50m ; Rise       ; Ad9233SpiInit:U1_ad9233_spi_init|half_count[3]     ;
; 9.806 ; 9.994        ; 0.188          ; Low Pulse Width  ; clk_50m ; Rise       ; Ad9233SpiInit:U1_ad9233_spi_init|half_count[4]     ;
; 9.806 ; 9.994        ; 0.188          ; Low Pulse Width  ; clk_50m ; Rise       ; Ad9233SpiInit:U1_ad9233_spi_init|half_count[5]     ;
; 9.806 ; 9.994        ; 0.188          ; Low Pulse Width  ; clk_50m ; Rise       ; Ad9233SpiInit:U1_ad9233_spi_init|half_count[6]     ;
; 9.806 ; 9.994        ; 0.188          ; Low Pulse Width  ; clk_50m ; Rise       ; Ad9233SpiInit:U1_ad9233_spi_init|half_count[7]     ;
; 9.806 ; 9.994        ; 0.188          ; Low Pulse Width  ; clk_50m ; Rise       ; Ad9233SpiInit:U1_ad9233_spi_init|spi_cs_n          ;
; 9.806 ; 9.994        ; 0.188          ; Low Pulse Width  ; clk_50m ; Rise       ; Ad9233SpiInit:U1_ad9233_spi_init|spi_sclk          ;
; 9.806 ; 9.994        ; 0.188          ; Low Pulse Width  ; clk_50m ; Rise       ; Ad9233SpiInit:U1_ad9233_spi_init|state.STATE_DONE  ;
; 9.806 ; 9.994        ; 0.188          ; Low Pulse Width  ; clk_50m ; Rise       ; Ad9233SpiInit:U1_ad9233_spi_init|state.STATE_GAP   ;
; 9.806 ; 9.994        ; 0.188          ; Low Pulse Width  ; clk_50m ; Rise       ; Ad9233SpiInit:U1_ad9233_spi_init|state.STATE_HIGH  ;
; 9.806 ; 9.994        ; 0.188          ; Low Pulse Width  ; clk_50m ; Rise       ; Ad9233SpiInit:U1_ad9233_spi_init|state.STATE_LOAD  ;
; 9.806 ; 9.994        ; 0.188          ; Low Pulse Width  ; clk_50m ; Rise       ; Ad9233SpiInit:U1_ad9233_spi_init|state.STATE_WAIT  ;
; 9.807 ; 9.995        ; 0.188          ; Low Pulse Width  ; clk_50m ; Rise       ; Ad9233SpiInit:U1_ad9233_spi_init|bit_index[3]      ;
; 9.807 ; 9.995        ; 0.188          ; Low Pulse Width  ; clk_50m ; Rise       ; Ad9233SpiInit:U1_ad9233_spi_init|shift_data[0]     ;
+-------+--------------+----------------+------------------+---------+------------+----------------------------------------------------+


+-------------------------------------------------------------------------------------------------------------------------------------------------------------------------------------------------------------------+
; Slow 1200mV 85C Model Minimum Pulse Width: 'mcu_spi_sck'                                                                                                                                                          ;
+--------+--------------+----------------+------------------+-------------+------------+----------------------------------------------------------------------------------------------------------------------------+
; Slack  ; Actual Width ; Required Width ; Type             ; Clock       ; Clock Edge ; Target                                                                                                                     ;
+--------+--------------+----------------+------------------+-------------+------------+----------------------------------------------------------------------------------------------------------------------------+
; 41.285 ; 41.505       ; 0.220          ; High Pulse Width ; mcu_spi_sck ; Rise       ; AnalyzerSpiSlave:U3_analyzer_spi|response_word_index[0]                                                                    ;
; 41.285 ; 41.505       ; 0.220          ; High Pulse Width ; mcu_spi_sck ; Rise       ; AnalyzerSpiSlave:U3_analyzer_spi|response_word_index[10]                                                                   ;
; 41.285 ; 41.505       ; 0.220          ; High Pulse Width ; mcu_spi_sck ; Rise       ; AnalyzerSpiSlave:U3_analyzer_spi|response_word_index[11]                                                                   ;
; 41.285 ; 41.505       ; 0.220          ; High Pulse Width ; mcu_spi_sck ; Rise       ; AnalyzerSpiSlave:U3_analyzer_spi|response_word_index[12]                                                                   ;
; 41.285 ; 41.505       ; 0.220          ; High Pulse Width ; mcu_spi_sck ; Rise       ; AnalyzerSpiSlave:U3_analyzer_spi|response_word_index[1]                                                                    ;
; 41.285 ; 41.505       ; 0.220          ; High Pulse Width ; mcu_spi_sck ; Rise       ; AnalyzerSpiSlave:U3_analyzer_spi|response_word_index[2]                                                                    ;
; 41.285 ; 41.505       ; 0.220          ; High Pulse Width ; mcu_spi_sck ; Rise       ; AnalyzerSpiSlave:U3_analyzer_spi|response_word_index[3]                                                                    ;
; 41.285 ; 41.505       ; 0.220          ; High Pulse Width ; mcu_spi_sck ; Rise       ; AnalyzerSpiSlave:U3_analyzer_spi|response_word_index[4]                                                                    ;
; 41.285 ; 41.505       ; 0.220          ; High Pulse Width ; mcu_spi_sck ; Rise       ; AnalyzerSpiSlave:U3_analyzer_spi|response_word_index[5]                                                                    ;
; 41.285 ; 41.505       ; 0.220          ; High Pulse Width ; mcu_spi_sck ; Rise       ; AnalyzerSpiSlave:U3_analyzer_spi|response_word_index[6]                                                                    ;
; 41.285 ; 41.505       ; 0.220          ; High Pulse Width ; mcu_spi_sck ; Rise       ; AnalyzerSpiSlave:U3_analyzer_spi|response_word_index[7]                                                                    ;
; 41.285 ; 41.505       ; 0.220          ; High Pulse Width ; mcu_spi_sck ; Rise       ; AnalyzerSpiSlave:U3_analyzer_spi|response_word_index[8]                                                                    ;
; 41.285 ; 41.505       ; 0.220          ; High Pulse Width ; mcu_spi_sck ; Rise       ; AnalyzerSpiSlave:U3_analyzer_spi|response_word_index[9]                                                                    ;
; 41.303 ; 41.523       ; 0.220          ; High Pulse Width ; mcu_spi_sck ; Rise       ; AnalyzerSpiSlave:U3_analyzer_spi|ram_read_address[0]                                                                       ;
; 41.303 ; 41.523       ; 0.220          ; High Pulse Width ; mcu_spi_sck ; Rise       ; AnalyzerSpiSlave:U3_analyzer_spi|ram_read_address[10]                                                                      ;
; 41.303 ; 41.523       ; 0.220          ; High Pulse Width ; mcu_spi_sck ; Rise       ; AnalyzerSpiSlave:U3_analyzer_spi|ram_read_address[11]                                                                      ;
; 41.303 ; 41.523       ; 0.220          ; High Pulse Width ; mcu_spi_sck ; Rise       ; AnalyzerSpiSlave:U3_analyzer_spi|ram_read_address[1]                                                                       ;
; 41.303 ; 41.523       ; 0.220          ; High Pulse Width ; mcu_spi_sck ; Rise       ; AnalyzerSpiSlave:U3_analyzer_spi|ram_read_address[2]                                                                       ;
; 41.303 ; 41.523       ; 0.220          ; High Pulse Width ; mcu_spi_sck ; Rise       ; AnalyzerSpiSlave:U3_analyzer_spi|ram_read_address[3]                                                                       ;
; 41.303 ; 41.523       ; 0.220          ; High Pulse Width ; mcu_spi_sck ; Rise       ; AnalyzerSpiSlave:U3_analyzer_spi|ram_read_address[4]                                                                       ;
; 41.303 ; 41.523       ; 0.220          ; High Pulse Width ; mcu_spi_sck ; Rise       ; AnalyzerSpiSlave:U3_analyzer_spi|ram_read_address[5]                                                                       ;
; 41.303 ; 41.523       ; 0.220          ; High Pulse Width ; mcu_spi_sck ; Rise       ; AnalyzerSpiSlave:U3_analyzer_spi|ram_read_address[6]                                                                       ;
; 41.303 ; 41.523       ; 0.220          ; High Pulse Width ; mcu_spi_sck ; Rise       ; AnalyzerSpiSlave:U3_analyzer_spi|ram_read_address[7]                                                                       ;
; 41.303 ; 41.523       ; 0.220          ; High Pulse Width ; mcu_spi_sck ; Rise       ; AnalyzerSpiSlave:U3_analyzer_spi|ram_read_address[8]                                                                       ;
; 41.303 ; 41.523       ; 0.220          ; High Pulse Width ; mcu_spi_sck ; Rise       ; AnalyzerSpiSlave:U3_analyzer_spi|ram_read_address[9]                                                                       ;
; 41.322 ; 41.542       ; 0.220          ; High Pulse Width ; mcu_spi_sck ; Rise       ; AnalyzerSpiSlave:U3_analyzer_spi|response_seen                                                                             ;
; 41.322 ; 41.542       ; 0.220          ; High Pulse Width ; mcu_spi_sck ; Rise       ; AnalyzerSpiSlave:U3_analyzer_spi|tx_read                                                                                   ;
; 41.349 ; 41.584       ; 0.235          ; High Pulse Width ; mcu_spi_sck ; Rise       ; Ad9233FrameCapture:U2_frame_capture|altsyncram:capture_ram|altsyncram_bl51:auto_generated|ram_block1a0~portb_address_reg0  ;
; 41.349 ; 41.584       ; 0.235          ; High Pulse Width ; mcu_spi_sck ; Rise       ; Ad9233FrameCapture:U2_frame_capture|altsyncram:capture_ram|altsyncram_bl51:auto_generated|ram_block1a1~portb_address_reg0  ;
; 41.350 ; 41.585       ; 0.235          ; High Pulse Width ; mcu_spi_sck ; Rise       ; Ad9233FrameCapture:U2_frame_capture|read_data[0]                                                                           ;
; 41.350 ; 41.585       ; 0.235          ; High Pulse Width ; mcu_spi_sck ; Rise       ; Ad9233FrameCapture:U2_frame_capture|read_data[1]                                                                           ;
; 41.350 ; 41.585       ; 0.235          ; High Pulse Width ; mcu_spi_sck ; Rise       ; Ad9233FrameCapture:U2_frame_capture|read_data[4]                                                                           ;
; 41.350 ; 41.585       ; 0.235          ; High Pulse Width ; mcu_spi_sck ; Rise       ; Ad9233FrameCapture:U2_frame_capture|read_data[8]                                                                           ;
; 41.350 ; 41.570       ; 0.220          ; High Pulse Width ; mcu_spi_sck ; Rise       ; AnalyzerSpiSlave:U3_analyzer_spi|tx_shift[0]                                                                               ;
; 41.363 ; 41.598       ; 0.235          ; High Pulse Width ; mcu_spi_sck ; Rise       ; Ad9233FrameCapture:U2_frame_capture|altsyncram:capture_ram|altsyncram_bl51:auto_generated|ram_block1a3~portb_address_reg0  ;
; 41.364 ; 41.599       ; 0.235          ; High Pulse Width ; mcu_spi_sck ; Rise       ; Ad9233FrameCapture:U2_frame_capture|altsyncram:capture_ram|altsyncram_bl51:auto_generated|ram_block1a2~portb_address_reg0  ;
; 41.364 ; 41.599       ; 0.235          ; High Pulse Width ; mcu_spi_sck ; Rise       ; Ad9233FrameCapture:U2_frame_capture|read_data[3]                                                                           ;
; 41.364 ; 41.599       ; 0.235          ; High Pulse Width ; mcu_spi_sck ; Rise       ; Ad9233FrameCapture:U2_frame_capture|read_data[7]                                                                           ;
; 41.365 ; 41.600       ; 0.235          ; High Pulse Width ; mcu_spi_sck ; Rise       ; Ad9233FrameCapture:U2_frame_capture|read_data[2]                                                                           ;
; 41.365 ; 41.600       ; 0.235          ; High Pulse Width ; mcu_spi_sck ; Rise       ; Ad9233FrameCapture:U2_frame_capture|read_data[6]                                                                           ;
; 41.380 ; 41.615       ; 0.235          ; High Pulse Width ; mcu_spi_sck ; Rise       ; Ad9233FrameCapture:U2_frame_capture|altsyncram:capture_ram|altsyncram_bl51:auto_generated|ram_block1a10~portb_address_reg0 ;
; 41.380 ; 41.568       ; 0.188          ; Low Pulse Width  ; mcu_spi_sck ; Fall       ; AnalyzerSpiSlave:U3_analyzer_spi|status_sync_0[0]                                                                          ;
; 41.380 ; 41.568       ; 0.188          ; Low Pulse Width  ; mcu_spi_sck ; Fall       ; AnalyzerSpiSlave:U3_analyzer_spi|status_sync_0[3]                                                                          ;
; 41.380 ; 41.568       ; 0.188          ; Low Pulse Width  ; mcu_spi_sck ; Fall       ; AnalyzerSpiSlave:U3_analyzer_spi|status_sync_1[0]                                                                          ;
; 41.380 ; 41.568       ; 0.188          ; Low Pulse Width  ; mcu_spi_sck ; Fall       ; AnalyzerSpiSlave:U3_analyzer_spi|status_sync_1[3]                                                                          ;
; 41.380 ; 41.568       ; 0.188          ; Low Pulse Width  ; mcu_spi_sck ; Fall       ; AnalyzerSpiSlave:U3_analyzer_spi|status_sync_2[0]                                                                          ;
; 41.380 ; 41.568       ; 0.188          ; Low Pulse Width  ; mcu_spi_sck ; Fall       ; AnalyzerSpiSlave:U3_analyzer_spi|status_sync_2[3]                                                                          ;
; 41.381 ; 41.616       ; 0.235          ; High Pulse Width ; mcu_spi_sck ; Rise       ; Ad9233FrameCapture:U2_frame_capture|read_data[10]                                                                          ;
; 41.381 ; 41.616       ; 0.235          ; High Pulse Width ; mcu_spi_sck ; Rise       ; Ad9233FrameCapture:U2_frame_capture|read_data[11]                                                                          ;
; 41.389 ; 41.577       ; 0.188          ; Low Pulse Width  ; mcu_spi_sck ; Fall       ; AnalyzerSpiSlave:U3_analyzer_spi|rx_shift[14]                                                                              ;
; 41.397 ; 41.617       ; 0.220          ; High Pulse Width ; mcu_spi_sck ; Rise       ; AnalyzerSpiSlave:U3_analyzer_spi|response_crc[14]                                                                          ;
; 41.397 ; 41.617       ; 0.220          ; High Pulse Width ; mcu_spi_sck ; Rise       ; AnalyzerSpiSlave:U3_analyzer_spi|response_crc[15]                                                                          ;
; 41.397 ; 41.617       ; 0.220          ; High Pulse Width ; mcu_spi_sck ; Rise       ; AnalyzerSpiSlave:U3_analyzer_spi|tx_shift[10]                                                                              ;
; 41.397 ; 41.617       ; 0.220          ; High Pulse Width ; mcu_spi_sck ; Rise       ; AnalyzerSpiSlave:U3_analyzer_spi|tx_shift[11]                                                                              ;
; 41.397 ; 41.617       ; 0.220          ; High Pulse Width ; mcu_spi_sck ; Rise       ; AnalyzerSpiSlave:U3_analyzer_spi|tx_shift[12]                                                                              ;
; 41.397 ; 41.617       ; 0.220          ; High Pulse Width ; mcu_spi_sck ; Rise       ; AnalyzerSpiSlave:U3_analyzer_spi|tx_shift[13]                                                                              ;
; 41.397 ; 41.617       ; 0.220          ; High Pulse Width ; mcu_spi_sck ; Rise       ; AnalyzerSpiSlave:U3_analyzer_spi|tx_shift[14]                                                                              ;
; 41.397 ; 41.617       ; 0.220          ; High Pulse Width ; mcu_spi_sck ; Rise       ; AnalyzerSpiSlave:U3_analyzer_spi|tx_shift[15]                                                                              ;
; 41.397 ; 41.617       ; 0.220          ; High Pulse Width ; mcu_spi_sck ; Rise       ; AnalyzerSpiSlave:U3_analyzer_spi|tx_shift[7]                                                                               ;
; 41.397 ; 41.617       ; 0.220          ; High Pulse Width ; mcu_spi_sck ; Rise       ; AnalyzerSpiSlave:U3_analyzer_spi|tx_shift[8]                                                                               ;
; 41.397 ; 41.617       ; 0.220          ; High Pulse Width ; mcu_spi_sck ; Rise       ; AnalyzerSpiSlave:U3_analyzer_spi|tx_shift[9]                                                                               ;
; 41.400 ; 41.620       ; 0.220          ; High Pulse Width ; mcu_spi_sck ; Rise       ; AnalyzerSpiSlave:U3_analyzer_spi|response_crc[13]                                                                          ;
; 41.400 ; 41.620       ; 0.220          ; High Pulse Width ; mcu_spi_sck ; Rise       ; AnalyzerSpiSlave:U3_analyzer_spi|response_crc[2]                                                                           ;
; 41.400 ; 41.620       ; 0.220          ; High Pulse Width ; mcu_spi_sck ; Rise       ; AnalyzerSpiSlave:U3_analyzer_spi|response_crc[3]                                                                           ;
; 41.400 ; 41.620       ; 0.220          ; High Pulse Width ; mcu_spi_sck ; Rise       ; AnalyzerSpiSlave:U3_analyzer_spi|response_crc[4]                                                                           ;
; 41.400 ; 41.620       ; 0.220          ; High Pulse Width ; mcu_spi_sck ; Rise       ; AnalyzerSpiSlave:U3_analyzer_spi|response_crc[8]                                                                           ;
; 41.400 ; 41.620       ; 0.220          ; High Pulse Width ; mcu_spi_sck ; Rise       ; AnalyzerSpiSlave:U3_analyzer_spi|response_crc[9]                                                                           ;
; 41.400 ; 41.620       ; 0.220          ; High Pulse Width ; mcu_spi_sck ; Rise       ; AnalyzerSpiSlave:U3_analyzer_spi|tx_shift[1]                                                                               ;
; 41.400 ; 41.620       ; 0.220          ; High Pulse Width ; mcu_spi_sck ; Rise       ; AnalyzerSpiSlave:U3_analyzer_spi|tx_shift[2]                                                                               ;
; 41.400 ; 41.620       ; 0.220          ; High Pulse Width ; mcu_spi_sck ; Rise       ; AnalyzerSpiSlave:U3_analyzer_spi|tx_shift[3]                                                                               ;
; 41.400 ; 41.620       ; 0.220          ; High Pulse Width ; mcu_spi_sck ; Rise       ; AnalyzerSpiSlave:U3_analyzer_spi|tx_shift[4]                                                                               ;
; 41.400 ; 41.620       ; 0.220          ; High Pulse Width ; mcu_spi_sck ; Rise       ; AnalyzerSpiSlave:U3_analyzer_spi|tx_shift[5]                                                                               ;
; 41.400 ; 41.620       ; 0.220          ; High Pulse Width ; mcu_spi_sck ; Rise       ; AnalyzerSpiSlave:U3_analyzer_spi|tx_shift[6]                                                                               ;
; 41.401 ; 41.621       ; 0.220          ; High Pulse Width ; mcu_spi_sck ; Rise       ; AnalyzerSpiSlave:U3_analyzer_spi|response_crc[11]                                                                          ;
; 41.401 ; 41.621       ; 0.220          ; High Pulse Width ; mcu_spi_sck ; Rise       ; AnalyzerSpiSlave:U3_analyzer_spi|response_crc[1]                                                                           ;
; 41.401 ; 41.621       ; 0.220          ; High Pulse Width ; mcu_spi_sck ; Rise       ; AnalyzerSpiSlave:U3_analyzer_spi|response_crc[6]                                                                           ;
; 41.401 ; 41.621       ; 0.220          ; High Pulse Width ; mcu_spi_sck ; Rise       ; AnalyzerSpiSlave:U3_analyzer_spi|response_crc[7]                                                                           ;
; 41.402 ; 41.637       ; 0.235          ; Low Pulse Width  ; mcu_spi_sck ; Rise       ; Ad9233FrameCapture:U2_frame_capture|read_data[5]                                                                           ;
; 41.402 ; 41.637       ; 0.235          ; Low Pulse Width  ; mcu_spi_sck ; Rise       ; Ad9233FrameCapture:U2_frame_capture|read_data[9]                                                                           ;
; 41.404 ; 41.639       ; 0.235          ; Low Pulse Width  ; mcu_spi_sck ; Rise       ; Ad9233FrameCapture:U2_frame_capture|altsyncram:capture_ram|altsyncram_bl51:auto_generated|ram_block1a5~portb_address_reg0  ;
; 41.411 ; 41.631       ; 0.220          ; High Pulse Width ; mcu_spi_sck ; Rise       ; AnalyzerSpiSlave:U3_analyzer_spi|spi_miso                                                                                  ;
; 41.411 ; 41.631       ; 0.220          ; High Pulse Width ; mcu_spi_sck ; Rise       ; AnalyzerSpiSlave:U3_analyzer_spi|tx_active                                                                                 ;
; 41.411 ; 41.631       ; 0.220          ; High Pulse Width ; mcu_spi_sck ; Rise       ; AnalyzerSpiSlave:U3_analyzer_spi|tx_bits_remaining[0]                                                                      ;
; 41.411 ; 41.631       ; 0.220          ; High Pulse Width ; mcu_spi_sck ; Rise       ; AnalyzerSpiSlave:U3_analyzer_spi|tx_bits_remaining[1]                                                                      ;
; 41.411 ; 41.631       ; 0.220          ; High Pulse Width ; mcu_spi_sck ; Rise       ; AnalyzerSpiSlave:U3_analyzer_spi|tx_bits_remaining[2]                                                                      ;
; 41.411 ; 41.631       ; 0.220          ; High Pulse Width ; mcu_spi_sck ; Rise       ; AnalyzerSpiSlave:U3_analyzer_spi|tx_bits_remaining[3]                                                                      ;
; 41.411 ; 41.631       ; 0.220          ; High Pulse Width ; mcu_spi_sck ; Rise       ; AnalyzerSpiSlave:U3_analyzer_spi|tx_bits_remaining[4]                                                                      ;
; 41.425 ; 41.645       ; 0.220          ; High Pulse Width ; mcu_spi_sck ; Fall       ; AnalyzerSpiSlave:U3_analyzer_spi|request_crc[12]                                                                           ;
; 41.425 ; 41.645       ; 0.220          ; High Pulse Width ; mcu_spi_sck ; Fall       ; AnalyzerSpiSlave:U3_analyzer_spi|request_crc[3]                                                                            ;
; 41.425 ; 41.645       ; 0.220          ; High Pulse Width ; mcu_spi_sck ; Fall       ; AnalyzerSpiSlave:U3_analyzer_spi|request_crc[8]                                                                            ;
; 41.427 ; 41.647       ; 0.220          ; High Pulse Width ; mcu_spi_sck ; Fall       ; AnalyzerSpiSlave:U3_analyzer_spi|flags_latched[3]                                                                          ;
; 41.427 ; 41.647       ; 0.220          ; High Pulse Width ; mcu_spi_sck ; Fall       ; AnalyzerSpiSlave:U3_analyzer_spi|frame_id_latched[3]                                                                       ;
; 41.427 ; 41.647       ; 0.220          ; High Pulse Width ; mcu_spi_sck ; Fall       ; AnalyzerSpiSlave:U3_analyzer_spi|otr_count_latched[10]                                                                     ;
; 41.427 ; 41.647       ; 0.220          ; High Pulse Width ; mcu_spi_sck ; Fall       ; AnalyzerSpiSlave:U3_analyzer_spi|otr_count_latched[19]                                                                     ;
; 41.427 ; 41.647       ; 0.220          ; High Pulse Width ; mcu_spi_sck ; Fall       ; AnalyzerSpiSlave:U3_analyzer_spi|otr_count_latched[26]                                                                     ;
; 41.427 ; 41.647       ; 0.220          ; High Pulse Width ; mcu_spi_sck ; Fall       ; AnalyzerSpiSlave:U3_analyzer_spi|otr_count_latched[3]                                                                      ;
; 41.427 ; 41.615       ; 0.188          ; Low Pulse Width  ; mcu_spi_sck ; Fall       ; AnalyzerSpiSlave:U3_analyzer_spi|request_word_index.00                                                                     ;
; 41.427 ; 41.615       ; 0.188          ; Low Pulse Width  ; mcu_spi_sck ; Fall       ; AnalyzerSpiSlave:U3_analyzer_spi|request_word_index.01                                                                     ;
; 41.427 ; 41.615       ; 0.188          ; Low Pulse Width  ; mcu_spi_sck ; Fall       ; AnalyzerSpiSlave:U3_analyzer_spi|request_word_index.10                                                                     ;
; 41.427 ; 41.615       ; 0.188          ; Low Pulse Width  ; mcu_spi_sck ; Fall       ; AnalyzerSpiSlave:U3_analyzer_spi|request_word_index.11                                                                     ;
+--------+--------------+----------------+------------------+-------------+------------+----------------------------------------------------------------------------------------------------------------------------+


+--------------------------------------------------------------------------------+
; Setup Times                                                                    ;
+-----------------+-------------+--------+--------+------------+-----------------+
; Data Port       ; Clock Port  ; Rise   ; Fall   ; Clock Edge ; Clock Reference ;
+-----------------+-------------+--------+--------+------------+-----------------+
; adc_data_i[*]   ; adc_dco     ; -0.639 ; -0.416 ; Rise       ; adc_dco         ;
;  adc_data_i[0]  ; adc_dco     ; -0.654 ; -0.431 ; Rise       ; adc_dco         ;
;  adc_data_i[1]  ; adc_dco     ; -0.655 ; -0.432 ; Rise       ; adc_dco         ;
;  adc_data_i[2]  ; adc_dco     ; -0.652 ; -0.429 ; Rise       ; adc_dco         ;
;  adc_data_i[3]  ; adc_dco     ; -0.654 ; -0.431 ; Rise       ; adc_dco         ;
;  adc_data_i[4]  ; adc_dco     ; -0.649 ; -0.426 ; Rise       ; adc_dco         ;
;  adc_data_i[5]  ; adc_dco     ; -0.652 ; -0.429 ; Rise       ; adc_dco         ;
;  adc_data_i[6]  ; adc_dco     ; -0.653 ; -0.430 ; Rise       ; adc_dco         ;
;  adc_data_i[7]  ; adc_dco     ; -0.639 ; -0.416 ; Rise       ; adc_dco         ;
;  adc_data_i[8]  ; adc_dco     ; -0.653 ; -0.430 ; Rise       ; adc_dco         ;
;  adc_data_i[9]  ; adc_dco     ; -0.653 ; -0.430 ; Rise       ; adc_dco         ;
;  adc_data_i[10] ; adc_dco     ; -0.654 ; -0.431 ; Rise       ; adc_dco         ;
;  adc_data_i[11] ; adc_dco     ; -0.643 ; -0.420 ; Rise       ; adc_dco         ;
; adc_otr_i       ; adc_dco     ; -0.655 ; -0.432 ; Rise       ; adc_dco         ;
; mcu_spi_mosi    ; mcu_spi_sck ; 8.631  ; 8.878  ; Fall       ; mcu_spi_sck     ;
+-----------------+-------------+--------+--------+------------+-----------------+


+--------------------------------------------------------------------------------+
; Hold Times                                                                     ;
+-----------------+-------------+--------+--------+------------+-----------------+
; Data Port       ; Clock Port  ; Rise   ; Fall   ; Clock Edge ; Clock Reference ;
+-----------------+-------------+--------+--------+------------+-----------------+
; adc_data_i[*]   ; adc_dco     ; 0.937  ; 0.719  ; Rise       ; adc_dco         ;
;  adc_data_i[0]  ; adc_dco     ; 0.936  ; 0.718  ; Rise       ; adc_dco         ;
;  adc_data_i[1]  ; adc_dco     ; 0.937  ; 0.719  ; Rise       ; adc_dco         ;
;  adc_data_i[2]  ; adc_dco     ; 0.934  ; 0.716  ; Rise       ; adc_dco         ;
;  adc_data_i[3]  ; adc_dco     ; 0.936  ; 0.718  ; Rise       ; adc_dco         ;
;  adc_data_i[4]  ; adc_dco     ; 0.931  ; 0.713  ; Rise       ; adc_dco         ;
;  adc_data_i[5]  ; adc_dco     ; 0.934  ; 0.716  ; Rise       ; adc_dco         ;
;  adc_data_i[6]  ; adc_dco     ; 0.936  ; 0.718  ; Rise       ; adc_dco         ;
;  adc_data_i[7]  ; adc_dco     ; 0.921  ; 0.703  ; Rise       ; adc_dco         ;
;  adc_data_i[8]  ; adc_dco     ; 0.936  ; 0.718  ; Rise       ; adc_dco         ;
;  adc_data_i[9]  ; adc_dco     ; 0.935  ; 0.717  ; Rise       ; adc_dco         ;
;  adc_data_i[10] ; adc_dco     ; 0.936  ; 0.718  ; Rise       ; adc_dco         ;
;  adc_data_i[11] ; adc_dco     ; 0.926  ; 0.708  ; Rise       ; adc_dco         ;
; adc_otr_i       ; adc_dco     ; 0.937  ; 0.719  ; Rise       ; adc_dco         ;
; mcu_spi_mosi    ; mcu_spi_sck ; -2.262 ; -2.408 ; Fall       ; mcu_spi_sck     ;
+-----------------+-------------+--------+--------+------------+-----------------+


+----------------------------------------------------------------------------------------------------------------------------------------+
; Clock to Output Times                                                                                                                  ;
+-------------------------+-------------+--------+--------+------------+-----------------------------------------------------------------+
; Data Port               ; Clock Port  ; Rise   ; Fall   ; Clock Edge ; Clock Reference                                                 ;
+-------------------------+-------------+--------+--------+------------+-----------------------------------------------------------------+
; adc_clk_o               ; clk_50m     ; 3.282  ;        ; Rise       ; U0_adc_pll62m5_inst|altpll_component|auto_generated|pll1|clk[0] ;
; adc_clk_o               ; clk_50m     ;        ; 3.178  ; Fall       ; U0_adc_pll62m5_inst|altpll_component|auto_generated|pll1|clk[0] ;
; adc_debug_clk_o         ; adc_dco     ; 2.382  ; 2.483  ; Rise       ; adc_dco                                                         ;
; adc_debug_sample_o[*]   ; adc_dco     ; 5.482  ; 5.278  ; Rise       ; adc_dco                                                         ;
;  adc_debug_sample_o[0]  ; adc_dco     ; 4.693  ; 4.548  ; Rise       ; adc_dco                                                         ;
;  adc_debug_sample_o[1]  ; adc_dco     ; 4.280  ; 4.091  ; Rise       ; adc_dco                                                         ;
;  adc_debug_sample_o[2]  ; adc_dco     ; 4.299  ; 4.190  ; Rise       ; adc_dco                                                         ;
;  adc_debug_sample_o[3]  ; adc_dco     ; 5.482  ; 5.278  ; Rise       ; adc_dco                                                         ;
;  adc_debug_sample_o[4]  ; adc_dco     ; 4.389  ; 4.203  ; Rise       ; adc_dco                                                         ;
;  adc_debug_sample_o[5]  ; adc_dco     ; 4.457  ; 4.350  ; Rise       ; adc_dco                                                         ;
;  adc_debug_sample_o[6]  ; adc_dco     ; 4.682  ; 4.445  ; Rise       ; adc_dco                                                         ;
;  adc_debug_sample_o[7]  ; adc_dco     ; 5.128  ; 4.945  ; Rise       ; adc_dco                                                         ;
;  adc_debug_sample_o[8]  ; adc_dco     ; 4.766  ; 4.608  ; Rise       ; adc_dco                                                         ;
;  adc_debug_sample_o[9]  ; adc_dco     ; 4.535  ; 4.407  ; Rise       ; adc_dco                                                         ;
;  adc_debug_sample_o[10] ; adc_dco     ; 4.769  ; 4.606  ; Rise       ; adc_dco                                                         ;
;  adc_debug_sample_o[11] ; adc_dco     ; 4.337  ; 4.156  ; Rise       ; adc_dco                                                         ;
; adc_debug_status_o[*]   ; adc_dco     ; 13.354 ; 13.106 ; Rise       ; adc_dco                                                         ;
;  adc_debug_status_o[1]  ; adc_dco     ; 5.088  ; 4.930  ; Rise       ; adc_dco                                                         ;
;  adc_debug_status_o[2]  ; adc_dco     ; 4.139  ; 4.081  ; Rise       ; adc_dco                                                         ;
;  adc_debug_status_o[3]  ; adc_dco     ; 4.116  ; 4.036  ; Rise       ; adc_dco                                                         ;
;  adc_debug_status_o[7]  ; adc_dco     ; 3.816  ; 3.804  ; Rise       ; adc_dco                                                         ;
;  adc_debug_status_o[8]  ; adc_dco     ; 3.824  ; 3.814  ; Rise       ; adc_dco                                                         ;
;  adc_debug_status_o[9]  ; adc_dco     ; 13.354 ; 13.106 ; Rise       ; adc_dco                                                         ;
; adc_debug_clk_o         ; adc_dco     ; 2.382  ; 2.483  ; Fall       ; adc_dco                                                         ;
; adc_oeb_o               ; clk_50m     ; 8.099  ; 8.421  ; Rise       ; clk_50m                                                         ;
; adc_spi_cs_n_o          ; clk_50m     ; 6.846  ; 6.909  ; Rise       ; clk_50m                                                         ;
; adc_spi_sclk_o          ; clk_50m     ; 7.018  ; 7.127  ; Rise       ; clk_50m                                                         ;
; adc_spi_sdio_o          ; clk_50m     ; 7.115  ; 7.014  ; Rise       ; clk_50m                                                         ;
; mcu_spi_miso            ; mcu_spi_sck ; 7.727  ; 7.549  ; Rise       ; mcu_spi_sck                                                     ;
; adc_debug_status_o[*]   ; mcu_spi_sck ; 6.341  ; 6.115  ; Fall       ; mcu_spi_sck                                                     ;
;  adc_debug_status_o[6]  ; mcu_spi_sck ; 6.341  ; 6.115  ; Fall       ; mcu_spi_sck                                                     ;
+-------------------------+-------------+--------+--------+------------+-----------------------------------------------------------------+


+--------------------------------------------------------------------------------------------------------------------------------------+
; Minimum Clock to Output Times                                                                                                        ;
+-------------------------+-------------+-------+-------+------------+-----------------------------------------------------------------+
; Data Port               ; Clock Port  ; Rise  ; Fall  ; Clock Edge ; Clock Reference                                                 ;
+-------------------------+-------------+-------+-------+------------+-----------------------------------------------------------------+
; adc_clk_o               ; clk_50m     ; 2.784 ;       ; Rise       ; U0_adc_pll62m5_inst|altpll_component|auto_generated|pll1|clk[0] ;
; adc_clk_o               ; clk_50m     ;       ; 2.684 ; Fall       ; U0_adc_pll62m5_inst|altpll_component|auto_generated|pll1|clk[0] ;
; adc_debug_clk_o         ; adc_dco     ; 2.315 ; 2.417 ; Rise       ; adc_dco                                                         ;
; adc_debug_sample_o[*]   ; adc_dco     ; 4.141 ; 3.959 ; Rise       ; adc_dco                                                         ;
;  adc_debug_sample_o[0]  ; adc_dco     ; 4.537 ; 4.397 ; Rise       ; adc_dco                                                         ;
;  adc_debug_sample_o[1]  ; adc_dco     ; 4.141 ; 3.959 ; Rise       ; adc_dco                                                         ;
;  adc_debug_sample_o[2]  ; adc_dco     ; 4.158 ; 4.054 ; Rise       ; adc_dco                                                         ;
;  adc_debug_sample_o[3]  ; adc_dco     ; 5.295 ; 5.098 ; Rise       ; adc_dco                                                         ;
;  adc_debug_sample_o[4]  ; adc_dco     ; 4.245 ; 4.066 ; Rise       ; adc_dco                                                         ;
;  adc_debug_sample_o[5]  ; adc_dco     ; 4.310 ; 4.207 ; Rise       ; adc_dco                                                         ;
;  adc_debug_sample_o[6]  ; adc_dco     ; 4.525 ; 4.298 ; Rise       ; adc_dco                                                         ;
;  adc_debug_sample_o[7]  ; adc_dco     ; 4.954 ; 4.779 ; Rise       ; adc_dco                                                         ;
;  adc_debug_sample_o[8]  ; adc_dco     ; 4.606 ; 4.454 ; Rise       ; adc_dco                                                         ;
;  adc_debug_sample_o[9]  ; adc_dco     ; 4.386 ; 4.262 ; Rise       ; adc_dco                                                         ;
;  adc_debug_sample_o[10] ; adc_dco     ; 4.610 ; 4.454 ; Rise       ; adc_dco                                                         ;
;  adc_debug_sample_o[11] ; adc_dco     ; 4.194 ; 4.021 ; Rise       ; adc_dco                                                         ;
; adc_debug_status_o[*]   ; adc_dco     ; 3.681 ; 3.669 ; Rise       ; adc_dco                                                         ;
;  adc_debug_status_o[1]  ; adc_dco     ; 4.917 ; 4.765 ; Rise       ; adc_dco                                                         ;
;  adc_debug_status_o[2]  ; adc_dco     ; 3.990 ; 3.934 ; Rise       ; adc_dco                                                         ;
;  adc_debug_status_o[3]  ; adc_dco     ; 3.969 ; 3.892 ; Rise       ; adc_dco                                                         ;
;  adc_debug_status_o[7]  ; adc_dco     ; 3.681 ; 3.669 ; Rise       ; adc_dco                                                         ;
;  adc_debug_status_o[8]  ; adc_dco     ; 3.688 ; 3.679 ; Rise       ; adc_dco                                                         ;
;  adc_debug_status_o[9]  ; adc_dco     ; 5.556 ; 5.433 ; Rise       ; adc_dco                                                         ;
; adc_debug_clk_o         ; adc_dco     ; 2.315 ; 2.417 ; Fall       ; adc_dco                                                         ;
; adc_oeb_o               ; clk_50m     ; 7.812 ; 8.123 ; Rise       ; clk_50m                                                         ;
; adc_spi_cs_n_o          ; clk_50m     ; 6.610 ; 6.672 ; Rise       ; clk_50m                                                         ;
; adc_spi_sclk_o          ; clk_50m     ; 6.775 ; 6.881 ; Rise       ; clk_50m                                                         ;
; adc_spi_sdio_o          ; clk_50m     ; 6.871 ; 6.772 ; Rise       ; clk_50m                                                         ;
; mcu_spi_miso            ; mcu_spi_sck ; 7.444 ; 7.268 ; Rise       ; mcu_spi_sck                                                     ;
; adc_debug_status_o[*]   ; mcu_spi_sck ; 4.945 ; 4.794 ; Fall       ; mcu_spi_sck                                                     ;
;  adc_debug_status_o[6]  ; mcu_spi_sck ; 4.945 ; 4.794 ; Fall       ; mcu_spi_sck                                                     ;
+-------------------------+-------------+-------+-------+------------+-----------------------------------------------------------------+


----------------------------------------------
; Slow 1200mV 85C Model Metastability Report ;
----------------------------------------------
No synchronizer chains to report.


+--------------------------------------------------+
; Slow 1200mV 0C Model Fmax Summary                ;
+-----------+-----------------+-------------+------+
; Fmax      ; Restricted Fmax ; Clock Name  ; Note ;
+-----------+-----------------+-------------+------+
; 26.05 MHz ; 26.05 MHz       ; mcu_spi_sck ;      ;
; 92.46 MHz ; 92.46 MHz       ; adc_dco     ;      ;
; 194.4 MHz ; 194.4 MHz       ; clk_50m     ;      ;
+-----------+-----------------+-------------+------+
This panel reports FMAX for every clock in the design, regardless of the user-specified clock periods.  FMAX is only computed for paths where the source and destination registers or ports are driven by the same clock.  Paths of different clocks, including generated clocks, are ignored.  For paths between a clock and its inversion, FMAX is computed as if the rising and falling edges are scaled along with FMAX, such that the duty cycle (in terms of a percentage) is maintained. Altera recommends that you always use clock constraints and other slack reports for sign-off analysis.


+--------------------------------------+
; Slow 1200mV 0C Model Setup Summary   ;
+-------------+--------+---------------+
; Clock       ; Slack  ; End Point TNS ;
+-------------+--------+---------------+
; adc_dco     ; 4.753  ; 0.000         ;
; clk_50m     ; 14.856 ; 0.000         ;
; mcu_spi_sck ; 22.469 ; 0.000         ;
+-------------+--------+---------------+


+-------------------------------------+
; Slow 1200mV 0C Model Hold Summary   ;
+-------------+-------+---------------+
; Clock       ; Slack ; End Point TNS ;
+-------------+-------+---------------+
; adc_dco     ; 0.400 ; 0.000         ;
; clk_50m     ; 0.400 ; 0.000         ;
; mcu_spi_sck ; 0.430 ; 0.000         ;
+-------------+-------+---------------+


-----------------------------------------
; Slow 1200mV 0C Model Recovery Summary ;
-----------------------------------------
No paths to report.


----------------------------------------
; Slow 1200mV 0C Model Removal Summary ;
----------------------------------------
No paths to report.


+--------------------------------------------------+
; Slow 1200mV 0C Model Minimum Pulse Width Summary ;
+-------------+--------+---------------------------+
; Clock       ; Slack  ; End Point TNS             ;
+-------------+--------+---------------------------+
; adc_dco     ; 7.423  ; 0.000                     ;
; clk_50m     ; 9.772  ; 0.000                     ;
; mcu_spi_sck ; 41.149 ; 0.000                     ;
+-------------+--------+---------------------------+


+-------------------------------------------------------------------------------------------------------------------------------------------------------------------------------------------------------------------------------------------------------------------------------------------------------------------------------------+
; Slow 1200mV 0C Model Setup: 'adc_dco'                                                                                                                                                                                                                                                                                               ;
+-------+------------------------------------------------------------------------------------------------------------------------+------------------------------------------------------------------------------------------------------------------------------+--------------+-------------+--------------+------------+------------+
; Slack ; From Node                                                                                                              ; To Node                                                                                                                      ; Launch Clock ; Latch Clock ; Relationship ; Clock Skew ; Data Delay ;
+-------+------------------------------------------------------------------------------------------------------------------------+------------------------------------------------------------------------------------------------------------------------------+--------------+-------------+--------------+------------+------------+
; 4.753 ; adc_data_i[7]                                                                                                          ; adc_raw_sample[7]                                                                                                            ; adc_dco      ; adc_dco     ; 8.000        ; 2.178      ; 1.692      ;
; 4.758 ; adc_data_i[11]                                                                                                         ; adc_raw_sample[11]                                                                                                           ; adc_dco      ; adc_dco     ; 8.000        ; 2.183      ; 1.692      ;
; 4.763 ; adc_data_i[4]                                                                                                          ; adc_raw_sample[4]                                                                                                            ; adc_dco      ; adc_dco     ; 8.000        ; 2.178      ; 1.682      ;
; 4.767 ; adc_data_i[2]                                                                                                          ; adc_raw_sample[2]                                                                                                            ; adc_dco      ; adc_dco     ; 8.000        ; 2.182      ; 1.682      ;
; 4.767 ; adc_data_i[5]                                                                                                          ; adc_raw_sample[5]                                                                                                            ; adc_dco      ; adc_dco     ; 8.000        ; 2.182      ; 1.682      ;
; 4.767 ; adc_data_i[9]                                                                                                          ; adc_raw_sample[9]                                                                                                            ; adc_dco      ; adc_dco     ; 8.000        ; 2.182      ; 1.682      ;
; 4.768 ; adc_data_i[8]                                                                                                          ; adc_raw_sample[8]                                                                                                            ; adc_dco      ; adc_dco     ; 8.000        ; 2.183      ; 1.682      ;
; 4.768 ; adc_data_i[6]                                                                                                          ; adc_raw_sample[6]                                                                                                            ; adc_dco      ; adc_dco     ; 8.000        ; 2.183      ; 1.682      ;
; 4.769 ; adc_data_i[3]                                                                                                          ; adc_raw_sample[3]                                                                                                            ; adc_dco      ; adc_dco     ; 8.000        ; 2.184      ; 1.682      ;
; 4.769 ; adc_data_i[0]                                                                                                          ; adc_raw_sample[0]                                                                                                            ; adc_dco      ; adc_dco     ; 8.000        ; 2.184      ; 1.682      ;
; 4.769 ; adc_otr_i                                                                                                              ; adc_raw_otr                                                                                                                  ; adc_dco      ; adc_dco     ; 8.000        ; 2.184      ; 1.682      ;
; 4.769 ; adc_data_i[10]                                                                                                         ; adc_raw_sample[10]                                                                                                           ; adc_dco      ; adc_dco     ; 8.000        ; 2.184      ; 1.682      ;
; 4.770 ; adc_data_i[1]                                                                                                          ; adc_raw_sample[1]                                                                                                            ; adc_dco      ; adc_dco     ; 8.000        ; 2.185      ; 1.682      ;
; 5.184 ; Ad9233FrameCapture:U2_frame_capture|Ad9233MultistageDecimator:anti_alias_fir|FirDecimatingStage:stage3|issue_batch[2]  ; Ad9233FrameCapture:U2_frame_capture|Ad9233MultistageDecimator:anti_alias_fir|FirDecimatingStage:stage3|operand_sample[0][17] ; adc_dco      ; adc_dco     ; 16.000       ; -0.088     ; 10.730     ;
; 5.193 ; Ad9233FrameCapture:U2_frame_capture|Ad9233MultistageDecimator:anti_alias_fir|FirDecimatingStage:stage3|issue_batch[0]  ; Ad9233FrameCapture:U2_frame_capture|Ad9233MultistageDecimator:anti_alias_fir|FirDecimatingStage:stage3|operand_sample[0][17] ; adc_dco      ; adc_dco     ; 16.000       ; -0.088     ; 10.721     ;
; 5.310 ; Ad9233FrameCapture:U2_frame_capture|Ad9233MultistageDecimator:anti_alias_fir|FirDecimatingStage:stage3|issue_batch[2]  ; Ad9233FrameCapture:U2_frame_capture|Ad9233MultistageDecimator:anti_alias_fir|FirDecimatingStage:stage3|operand_sample[0][15] ; adc_dco      ; adc_dco     ; 16.000       ; -0.088     ; 10.604     ;
; 5.319 ; Ad9233FrameCapture:U2_frame_capture|Ad9233MultistageDecimator:anti_alias_fir|FirDecimatingStage:stage3|issue_batch[0]  ; Ad9233FrameCapture:U2_frame_capture|Ad9233MultistageDecimator:anti_alias_fir|FirDecimatingStage:stage3|operand_sample[0][15] ; adc_dco      ; adc_dco     ; 16.000       ; -0.088     ; 10.595     ;
; 5.349 ; Ad9233FrameCapture:U2_frame_capture|Ad9233MultistageDecimator:anti_alias_fir|FirDecimatingStage:stage3|issue_batch[2]  ; Ad9233FrameCapture:U2_frame_capture|Ad9233MultistageDecimator:anti_alias_fir|FirDecimatingStage:stage3|operand_sample[0][16] ; adc_dco      ; adc_dco     ; 16.000       ; -0.088     ; 10.565     ;
; 5.358 ; Ad9233FrameCapture:U2_frame_capture|Ad9233MultistageDecimator:anti_alias_fir|FirDecimatingStage:stage3|issue_batch[0]  ; Ad9233FrameCapture:U2_frame_capture|Ad9233MultistageDecimator:anti_alias_fir|FirDecimatingStage:stage3|operand_sample[0][16] ; adc_dco      ; adc_dco     ; 16.000       ; -0.088     ; 10.556     ;
; 5.374 ; Ad9233FrameCapture:U2_frame_capture|Ad9233MultistageDecimator:anti_alias_fir|FirDecimatingStage:stage3|issue_batch[3]  ; Ad9233FrameCapture:U2_frame_capture|Ad9233MultistageDecimator:anti_alias_fir|FirDecimatingStage:stage3|operand_sample[0][17] ; adc_dco      ; adc_dco     ; 16.000       ; -0.088     ; 10.540     ;
; 5.436 ; Ad9233FrameCapture:U2_frame_capture|Ad9233MultistageDecimator:anti_alias_fir|FirDecimatingStage:stage3|issue_batch[2]  ; Ad9233FrameCapture:U2_frame_capture|Ad9233MultistageDecimator:anti_alias_fir|FirDecimatingStage:stage3|operand_sample[0][13] ; adc_dco      ; adc_dco     ; 16.000       ; -0.088     ; 10.478     ;
; 5.445 ; Ad9233FrameCapture:U2_frame_capture|Ad9233MultistageDecimator:anti_alias_fir|FirDecimatingStage:stage3|issue_batch[0]  ; Ad9233FrameCapture:U2_frame_capture|Ad9233MultistageDecimator:anti_alias_fir|FirDecimatingStage:stage3|operand_sample[0][13] ; adc_dco      ; adc_dco     ; 16.000       ; -0.088     ; 10.469     ;
; 5.475 ; Ad9233FrameCapture:U2_frame_capture|Ad9233MultistageDecimator:anti_alias_fir|FirDecimatingStage:stage3|issue_batch[2]  ; Ad9233FrameCapture:U2_frame_capture|Ad9233MultistageDecimator:anti_alias_fir|FirDecimatingStage:stage3|operand_sample[0][14] ; adc_dco      ; adc_dco     ; 16.000       ; -0.088     ; 10.439     ;
; 5.484 ; Ad9233FrameCapture:U2_frame_capture|Ad9233MultistageDecimator:anti_alias_fir|FirDecimatingStage:stage3|issue_batch[0]  ; Ad9233FrameCapture:U2_frame_capture|Ad9233MultistageDecimator:anti_alias_fir|FirDecimatingStage:stage3|operand_sample[0][14] ; adc_dco      ; adc_dco     ; 16.000       ; -0.088     ; 10.430     ;
; 5.496 ; Ad9233FrameCapture:U2_frame_capture|Ad9233MultistageDecimator:anti_alias_fir|FirDecimatingStage:stage2|issue_batch[2]  ; Ad9233FrameCapture:U2_frame_capture|Ad9233MultistageDecimator:anti_alias_fir|FirDecimatingStage:stage2|operand_sample[1][7]  ; adc_dco      ; adc_dco     ; 16.000       ; -0.264     ; 10.009     ;
; 5.736 ; Ad9233FrameCapture:U2_frame_capture|Ad9233MultistageDecimator:anti_alias_fir|FirDecimatingStage:stage3|issue_batch[1]  ; Ad9233FrameCapture:U2_frame_capture|Ad9233MultistageDecimator:anti_alias_fir|FirDecimatingStage:stage3|operand_sample[0][17] ; adc_dco      ; adc_dco     ; 16.000       ; -0.088     ; 10.178     ;
; 5.750 ; Ad9233FrameCapture:U2_frame_capture|Ad9233MultistageDecimator:anti_alias_fir|FirDecimatingStage:stage2|issue_batch[2]  ; Ad9233FrameCapture:U2_frame_capture|Ad9233MultistageDecimator:anti_alias_fir|FirDecimatingStage:stage2|operand_sample[1][17] ; adc_dco      ; adc_dco     ; 16.000       ; -0.264     ; 9.755      ;
; 5.770 ; Ad9233FrameCapture:U2_frame_capture|Ad9233MultistageDecimator:anti_alias_fir|FirDecimatingStage:stage2|result_pipe[17] ; Ad9233FrameCapture:U2_frame_capture|Ad9233MultistageDecimator:anti_alias_fir|FirDecimatingStage:stage2|saturation_count[0]   ; adc_dco      ; adc_dco     ; 16.000       ; -0.064     ; 10.168     ;
; 5.770 ; Ad9233FrameCapture:U2_frame_capture|Ad9233MultistageDecimator:anti_alias_fir|FirDecimatingStage:stage2|result_pipe[17] ; Ad9233FrameCapture:U2_frame_capture|Ad9233MultistageDecimator:anti_alias_fir|FirDecimatingStage:stage2|saturation_count[10]  ; adc_dco      ; adc_dco     ; 16.000       ; -0.064     ; 10.168     ;
; 5.770 ; Ad9233FrameCapture:U2_frame_capture|Ad9233MultistageDecimator:anti_alias_fir|FirDecimatingStage:stage2|result_pipe[17] ; Ad9233FrameCapture:U2_frame_capture|Ad9233MultistageDecimator:anti_alias_fir|FirDecimatingStage:stage2|saturation_count[1]   ; adc_dco      ; adc_dco     ; 16.000       ; -0.064     ; 10.168     ;
; 5.770 ; Ad9233FrameCapture:U2_frame_capture|Ad9233MultistageDecimator:anti_alias_fir|FirDecimatingStage:stage2|result_pipe[17] ; Ad9233FrameCapture:U2_frame_capture|Ad9233MultistageDecimator:anti_alias_fir|FirDecimatingStage:stage2|saturation_count[2]   ; adc_dco      ; adc_dco     ; 16.000       ; -0.064     ; 10.168     ;
; 5.770 ; Ad9233FrameCapture:U2_frame_capture|Ad9233MultistageDecimator:anti_alias_fir|FirDecimatingStage:stage2|result_pipe[17] ; Ad9233FrameCapture:U2_frame_capture|Ad9233MultistageDecimator:anti_alias_fir|FirDecimatingStage:stage2|saturation_count[3]   ; adc_dco      ; adc_dco     ; 16.000       ; -0.064     ; 10.168     ;
; 5.770 ; Ad9233FrameCapture:U2_frame_capture|Ad9233MultistageDecimator:anti_alias_fir|FirDecimatingStage:stage2|result_pipe[17] ; Ad9233FrameCapture:U2_frame_capture|Ad9233MultistageDecimator:anti_alias_fir|FirDecimatingStage:stage2|saturation_count[4]   ; adc_dco      ; adc_dco     ; 16.000       ; -0.064     ; 10.168     ;
; 5.770 ; Ad9233FrameCapture:U2_frame_capture|Ad9233MultistageDecimator:anti_alias_fir|FirDecimatingStage:stage2|result_pipe[17] ; Ad9233FrameCapture:U2_frame_capture|Ad9233MultistageDecimator:anti_alias_fir|FirDecimatingStage:stage2|saturation_count[5]   ; adc_dco      ; adc_dco     ; 16.000       ; -0.064     ; 10.168     ;
; 5.770 ; Ad9233FrameCapture:U2_frame_capture|Ad9233MultistageDecimator:anti_alias_fir|FirDecimatingStage:stage2|result_pipe[17] ; Ad9233FrameCapture:U2_frame_capture|Ad9233MultistageDecimator:anti_alias_fir|FirDecimatingStage:stage2|saturation_count[6]   ; adc_dco      ; adc_dco     ; 16.000       ; -0.064     ; 10.168     ;
; 5.770 ; Ad9233FrameCapture:U2_frame_capture|Ad9233MultistageDecimator:anti_alias_fir|FirDecimatingStage:stage2|result_pipe[17] ; Ad9233FrameCapture:U2_frame_capture|Ad9233MultistageDecimator:anti_alias_fir|FirDecimatingStage:stage2|saturation_count[7]   ; adc_dco      ; adc_dco     ; 16.000       ; -0.064     ; 10.168     ;
; 5.770 ; Ad9233FrameCapture:U2_frame_capture|Ad9233MultistageDecimator:anti_alias_fir|FirDecimatingStage:stage2|result_pipe[17] ; Ad9233FrameCapture:U2_frame_capture|Ad9233MultistageDecimator:anti_alias_fir|FirDecimatingStage:stage2|saturation_count[8]   ; adc_dco      ; adc_dco     ; 16.000       ; -0.064     ; 10.168     ;
; 5.770 ; Ad9233FrameCapture:U2_frame_capture|Ad9233MultistageDecimator:anti_alias_fir|FirDecimatingStage:stage2|result_pipe[17] ; Ad9233FrameCapture:U2_frame_capture|Ad9233MultistageDecimator:anti_alias_fir|FirDecimatingStage:stage2|saturation_count[9]   ; adc_dco      ; adc_dco     ; 16.000       ; -0.064     ; 10.168     ;
; 5.770 ; Ad9233FrameCapture:U2_frame_capture|Ad9233MultistageDecimator:anti_alias_fir|FirDecimatingStage:stage2|result_pipe[17] ; Ad9233FrameCapture:U2_frame_capture|Ad9233MultistageDecimator:anti_alias_fir|FirDecimatingStage:stage2|saturation_count[11]  ; adc_dco      ; adc_dco     ; 16.000       ; -0.064     ; 10.168     ;
; 5.770 ; Ad9233FrameCapture:U2_frame_capture|Ad9233MultistageDecimator:anti_alias_fir|FirDecimatingStage:stage2|result_pipe[17] ; Ad9233FrameCapture:U2_frame_capture|Ad9233MultistageDecimator:anti_alias_fir|FirDecimatingStage:stage2|saturation_count[12]  ; adc_dco      ; adc_dco     ; 16.000       ; -0.064     ; 10.168     ;
; 5.770 ; Ad9233FrameCapture:U2_frame_capture|Ad9233MultistageDecimator:anti_alias_fir|FirDecimatingStage:stage2|result_pipe[17] ; Ad9233FrameCapture:U2_frame_capture|Ad9233MultistageDecimator:anti_alias_fir|FirDecimatingStage:stage2|saturation_count[13]  ; adc_dco      ; adc_dco     ; 16.000       ; -0.064     ; 10.168     ;
; 5.770 ; Ad9233FrameCapture:U2_frame_capture|Ad9233MultistageDecimator:anti_alias_fir|FirDecimatingStage:stage2|result_pipe[17] ; Ad9233FrameCapture:U2_frame_capture|Ad9233MultistageDecimator:anti_alias_fir|FirDecimatingStage:stage2|saturation_count[14]  ; adc_dco      ; adc_dco     ; 16.000       ; -0.064     ; 10.168     ;
; 5.770 ; Ad9233FrameCapture:U2_frame_capture|Ad9233MultistageDecimator:anti_alias_fir|FirDecimatingStage:stage2|result_pipe[17] ; Ad9233FrameCapture:U2_frame_capture|Ad9233MultistageDecimator:anti_alias_fir|FirDecimatingStage:stage2|saturation_count[15]  ; adc_dco      ; adc_dco     ; 16.000       ; -0.064     ; 10.168     ;
; 5.770 ; Ad9233FrameCapture:U2_frame_capture|Ad9233MultistageDecimator:anti_alias_fir|FirDecimatingStage:stage2|result_pipe[16] ; Ad9233FrameCapture:U2_frame_capture|Ad9233MultistageDecimator:anti_alias_fir|FirDecimatingStage:stage2|saturation_count[0]   ; adc_dco      ; adc_dco     ; 16.000       ; -0.064     ; 10.168     ;
; 5.770 ; Ad9233FrameCapture:U2_frame_capture|Ad9233MultistageDecimator:anti_alias_fir|FirDecimatingStage:stage2|result_pipe[16] ; Ad9233FrameCapture:U2_frame_capture|Ad9233MultistageDecimator:anti_alias_fir|FirDecimatingStage:stage2|saturation_count[10]  ; adc_dco      ; adc_dco     ; 16.000       ; -0.064     ; 10.168     ;
; 5.770 ; Ad9233FrameCapture:U2_frame_capture|Ad9233MultistageDecimator:anti_alias_fir|FirDecimatingStage:stage2|result_pipe[16] ; Ad9233FrameCapture:U2_frame_capture|Ad9233MultistageDecimator:anti_alias_fir|FirDecimatingStage:stage2|saturation_count[1]   ; adc_dco      ; adc_dco     ; 16.000       ; -0.064     ; 10.168     ;
; 5.770 ; Ad9233FrameCapture:U2_frame_capture|Ad9233MultistageDecimator:anti_alias_fir|FirDecimatingStage:stage2|result_pipe[16] ; Ad9233FrameCapture:U2_frame_capture|Ad9233MultistageDecimator:anti_alias_fir|FirDecimatingStage:stage2|saturation_count[2]   ; adc_dco      ; adc_dco     ; 16.000       ; -0.064     ; 10.168     ;
; 5.770 ; Ad9233FrameCapture:U2_frame_capture|Ad9233MultistageDecimator:anti_alias_fir|FirDecimatingStage:stage2|result_pipe[16] ; Ad9233FrameCapture:U2_frame_capture|Ad9233MultistageDecimator:anti_alias_fir|FirDecimatingStage:stage2|saturation_count[3]   ; adc_dco      ; adc_dco     ; 16.000       ; -0.064     ; 10.168     ;
; 5.770 ; Ad9233FrameCapture:U2_frame_capture|Ad9233MultistageDecimator:anti_alias_fir|FirDecimatingStage:stage2|result_pipe[16] ; Ad9233FrameCapture:U2_frame_capture|Ad9233MultistageDecimator:anti_alias_fir|FirDecimatingStage:stage2|saturation_count[4]   ; adc_dco      ; adc_dco     ; 16.000       ; -0.064     ; 10.168     ;
; 5.770 ; Ad9233FrameCapture:U2_frame_capture|Ad9233MultistageDecimator:anti_alias_fir|FirDecimatingStage:stage2|result_pipe[16] ; Ad9233FrameCapture:U2_frame_capture|Ad9233MultistageDecimator:anti_alias_fir|FirDecimatingStage:stage2|saturation_count[5]   ; adc_dco      ; adc_dco     ; 16.000       ; -0.064     ; 10.168     ;
; 5.770 ; Ad9233FrameCapture:U2_frame_capture|Ad9233MultistageDecimator:anti_alias_fir|FirDecimatingStage:stage2|result_pipe[16] ; Ad9233FrameCapture:U2_frame_capture|Ad9233MultistageDecimator:anti_alias_fir|FirDecimatingStage:stage2|saturation_count[6]   ; adc_dco      ; adc_dco     ; 16.000       ; -0.064     ; 10.168     ;
; 5.770 ; Ad9233FrameCapture:U2_frame_capture|Ad9233MultistageDecimator:anti_alias_fir|FirDecimatingStage:stage2|result_pipe[16] ; Ad9233FrameCapture:U2_frame_capture|Ad9233MultistageDecimator:anti_alias_fir|FirDecimatingStage:stage2|saturation_count[7]   ; adc_dco      ; adc_dco     ; 16.000       ; -0.064     ; 10.168     ;
; 5.770 ; Ad9233FrameCapture:U2_frame_capture|Ad9233MultistageDecimator:anti_alias_fir|FirDecimatingStage:stage2|result_pipe[16] ; Ad9233FrameCapture:U2_frame_capture|Ad9233MultistageDecimator:anti_alias_fir|FirDecimatingStage:stage2|saturation_count[8]   ; adc_dco      ; adc_dco     ; 16.000       ; -0.064     ; 10.168     ;
; 5.770 ; Ad9233FrameCapture:U2_frame_capture|Ad9233MultistageDecimator:anti_alias_fir|FirDecimatingStage:stage2|result_pipe[16] ; Ad9233FrameCapture:U2_frame_capture|Ad9233MultistageDecimator:anti_alias_fir|FirDecimatingStage:stage2|saturation_count[9]   ; adc_dco      ; adc_dco     ; 16.000       ; -0.064     ; 10.168     ;
; 5.770 ; Ad9233FrameCapture:U2_frame_capture|Ad9233MultistageDecimator:anti_alias_fir|FirDecimatingStage:stage2|result_pipe[16] ; Ad9233FrameCapture:U2_frame_capture|Ad9233MultistageDecimator:anti_alias_fir|FirDecimatingStage:stage2|saturation_count[11]  ; adc_dco      ; adc_dco     ; 16.000       ; -0.064     ; 10.168     ;
; 5.770 ; Ad9233FrameCapture:U2_frame_capture|Ad9233MultistageDecimator:anti_alias_fir|FirDecimatingStage:stage2|result_pipe[16] ; Ad9233FrameCapture:U2_frame_capture|Ad9233MultistageDecimator:anti_alias_fir|FirDecimatingStage:stage2|saturation_count[12]  ; adc_dco      ; adc_dco     ; 16.000       ; -0.064     ; 10.168     ;
; 5.770 ; Ad9233FrameCapture:U2_frame_capture|Ad9233MultistageDecimator:anti_alias_fir|FirDecimatingStage:stage2|result_pipe[16] ; Ad9233FrameCapture:U2_frame_capture|Ad9233MultistageDecimator:anti_alias_fir|FirDecimatingStage:stage2|saturation_count[13]  ; adc_dco      ; adc_dco     ; 16.000       ; -0.064     ; 10.168     ;
; 5.770 ; Ad9233FrameCapture:U2_frame_capture|Ad9233MultistageDecimator:anti_alias_fir|FirDecimatingStage:stage2|result_pipe[16] ; Ad9233FrameCapture:U2_frame_capture|Ad9233MultistageDecimator:anti_alias_fir|FirDecimatingStage:stage2|saturation_count[14]  ; adc_dco      ; adc_dco     ; 16.000       ; -0.064     ; 10.168     ;
; 5.770 ; Ad9233FrameCapture:U2_frame_capture|Ad9233MultistageDecimator:anti_alias_fir|FirDecimatingStage:stage2|result_pipe[16] ; Ad9233FrameCapture:U2_frame_capture|Ad9233MultistageDecimator:anti_alias_fir|FirDecimatingStage:stage2|saturation_count[15]  ; adc_dco      ; adc_dco     ; 16.000       ; -0.064     ; 10.168     ;
; 5.779 ; Ad9233FrameCapture:U2_frame_capture|Ad9233MultistageDecimator:anti_alias_fir|FirDecimatingStage:stage2|issue_batch[1]  ; Ad9233FrameCapture:U2_frame_capture|Ad9233MultistageDecimator:anti_alias_fir|FirDecimatingStage:stage2|operand_sample[1][17] ; adc_dco      ; adc_dco     ; 16.000       ; -0.264     ; 9.726      ;
; 5.788 ; Ad9233FrameCapture:U2_frame_capture|Ad9233MultistageDecimator:anti_alias_fir|FirDecimatingStage:stage2|issue_batch[2]  ; Ad9233FrameCapture:U2_frame_capture|Ad9233MultistageDecimator:anti_alias_fir|FirDecimatingStage:stage2|operand_sample[1][11] ; adc_dco      ; adc_dco     ; 16.000       ; -0.264     ; 9.717      ;
; 5.806 ; Ad9233FrameCapture:U2_frame_capture|Ad9233MultistageDecimator:anti_alias_fir|FirDecimatingStage:stage2|issue_batch[2]  ; Ad9233FrameCapture:U2_frame_capture|Ad9233MultistageDecimator:anti_alias_fir|FirDecimatingStage:stage2|operand_sample[1][16] ; adc_dco      ; adc_dco     ; 16.000       ; -0.264     ; 9.699      ;
; 5.835 ; Ad9233FrameCapture:U2_frame_capture|Ad9233MultistageDecimator:anti_alias_fir|FirDecimatingStage:stage2|issue_batch[1]  ; Ad9233FrameCapture:U2_frame_capture|Ad9233MultistageDecimator:anti_alias_fir|FirDecimatingStage:stage2|operand_sample[1][16] ; adc_dco      ; adc_dco     ; 16.000       ; -0.264     ; 9.670      ;
; 5.850 ; Ad9233FrameCapture:U2_frame_capture|Ad9233MultistageDecimator:anti_alias_fir|FirDecimatingStage:stage3|issue_batch[3]  ; Ad9233FrameCapture:U2_frame_capture|Ad9233MultistageDecimator:anti_alias_fir|FirDecimatingStage:stage3|operand_sample[0][15] ; adc_dco      ; adc_dco     ; 16.000       ; -0.088     ; 10.064     ;
; 5.857 ; Ad9233FrameCapture:U2_frame_capture|Ad9233MultistageDecimator:anti_alias_fir|FirDecimatingStage:stage2|result_pipe[6]  ; Ad9233FrameCapture:U2_frame_capture|Ad9233MultistageDecimator:anti_alias_fir|FirDecimatingStage:stage2|saturation_count[0]   ; adc_dco      ; adc_dco     ; 16.000       ; -0.062     ; 10.083     ;
; 5.857 ; Ad9233FrameCapture:U2_frame_capture|Ad9233MultistageDecimator:anti_alias_fir|FirDecimatingStage:stage2|result_pipe[6]  ; Ad9233FrameCapture:U2_frame_capture|Ad9233MultistageDecimator:anti_alias_fir|FirDecimatingStage:stage2|saturation_count[10]  ; adc_dco      ; adc_dco     ; 16.000       ; -0.062     ; 10.083     ;
; 5.857 ; Ad9233FrameCapture:U2_frame_capture|Ad9233MultistageDecimator:anti_alias_fir|FirDecimatingStage:stage2|result_pipe[6]  ; Ad9233FrameCapture:U2_frame_capture|Ad9233MultistageDecimator:anti_alias_fir|FirDecimatingStage:stage2|saturation_count[1]   ; adc_dco      ; adc_dco     ; 16.000       ; -0.062     ; 10.083     ;
; 5.857 ; Ad9233FrameCapture:U2_frame_capture|Ad9233MultistageDecimator:anti_alias_fir|FirDecimatingStage:stage2|result_pipe[6]  ; Ad9233FrameCapture:U2_frame_capture|Ad9233MultistageDecimator:anti_alias_fir|FirDecimatingStage:stage2|saturation_count[2]   ; adc_dco      ; adc_dco     ; 16.000       ; -0.062     ; 10.083     ;
; 5.857 ; Ad9233FrameCapture:U2_frame_capture|Ad9233MultistageDecimator:anti_alias_fir|FirDecimatingStage:stage2|result_pipe[6]  ; Ad9233FrameCapture:U2_frame_capture|Ad9233MultistageDecimator:anti_alias_fir|FirDecimatingStage:stage2|saturation_count[3]   ; adc_dco      ; adc_dco     ; 16.000       ; -0.062     ; 10.083     ;
; 5.857 ; Ad9233FrameCapture:U2_frame_capture|Ad9233MultistageDecimator:anti_alias_fir|FirDecimatingStage:stage2|result_pipe[6]  ; Ad9233FrameCapture:U2_frame_capture|Ad9233MultistageDecimator:anti_alias_fir|FirDecimatingStage:stage2|saturation_count[4]   ; adc_dco      ; adc_dco     ; 16.000       ; -0.062     ; 10.083     ;
; 5.857 ; Ad9233FrameCapture:U2_frame_capture|Ad9233MultistageDecimator:anti_alias_fir|FirDecimatingStage:stage2|result_pipe[6]  ; Ad9233FrameCapture:U2_frame_capture|Ad9233MultistageDecimator:anti_alias_fir|FirDecimatingStage:stage2|saturation_count[5]   ; adc_dco      ; adc_dco     ; 16.000       ; -0.062     ; 10.083     ;
; 5.857 ; Ad9233FrameCapture:U2_frame_capture|Ad9233MultistageDecimator:anti_alias_fir|FirDecimatingStage:stage2|result_pipe[6]  ; Ad9233FrameCapture:U2_frame_capture|Ad9233MultistageDecimator:anti_alias_fir|FirDecimatingStage:stage2|saturation_count[6]   ; adc_dco      ; adc_dco     ; 16.000       ; -0.062     ; 10.083     ;
; 5.857 ; Ad9233FrameCapture:U2_frame_capture|Ad9233MultistageDecimator:anti_alias_fir|FirDecimatingStage:stage2|result_pipe[6]  ; Ad9233FrameCapture:U2_frame_capture|Ad9233MultistageDecimator:anti_alias_fir|FirDecimatingStage:stage2|saturation_count[7]   ; adc_dco      ; adc_dco     ; 16.000       ; -0.062     ; 10.083     ;
; 5.857 ; Ad9233FrameCapture:U2_frame_capture|Ad9233MultistageDecimator:anti_alias_fir|FirDecimatingStage:stage2|result_pipe[6]  ; Ad9233FrameCapture:U2_frame_capture|Ad9233MultistageDecimator:anti_alias_fir|FirDecimatingStage:stage2|saturation_count[8]   ; adc_dco      ; adc_dco     ; 16.000       ; -0.062     ; 10.083     ;
; 5.857 ; Ad9233FrameCapture:U2_frame_capture|Ad9233MultistageDecimator:anti_alias_fir|FirDecimatingStage:stage2|result_pipe[6]  ; Ad9233FrameCapture:U2_frame_capture|Ad9233MultistageDecimator:anti_alias_fir|FirDecimatingStage:stage2|saturation_count[9]   ; adc_dco      ; adc_dco     ; 16.000       ; -0.062     ; 10.083     ;
; 5.857 ; Ad9233FrameCapture:U2_frame_capture|Ad9233MultistageDecimator:anti_alias_fir|FirDecimatingStage:stage2|result_pipe[6]  ; Ad9233FrameCapture:U2_frame_capture|Ad9233MultistageDecimator:anti_alias_fir|FirDecimatingStage:stage2|saturation_count[11]  ; adc_dco      ; adc_dco     ; 16.000       ; -0.062     ; 10.083     ;
; 5.857 ; Ad9233FrameCapture:U2_frame_capture|Ad9233MultistageDecimator:anti_alias_fir|FirDecimatingStage:stage2|result_pipe[6]  ; Ad9233FrameCapture:U2_frame_capture|Ad9233MultistageDecimator:anti_alias_fir|FirDecimatingStage:stage2|saturation_count[12]  ; adc_dco      ; adc_dco     ; 16.000       ; -0.062     ; 10.083     ;
; 5.857 ; Ad9233FrameCapture:U2_frame_capture|Ad9233MultistageDecimator:anti_alias_fir|FirDecimatingStage:stage2|result_pipe[6]  ; Ad9233FrameCapture:U2_frame_capture|Ad9233MultistageDecimator:anti_alias_fir|FirDecimatingStage:stage2|saturation_count[13]  ; adc_dco      ; adc_dco     ; 16.000       ; -0.062     ; 10.083     ;
; 5.857 ; Ad9233FrameCapture:U2_frame_capture|Ad9233MultistageDecimator:anti_alias_fir|FirDecimatingStage:stage2|result_pipe[6]  ; Ad9233FrameCapture:U2_frame_capture|Ad9233MultistageDecimator:anti_alias_fir|FirDecimatingStage:stage2|saturation_count[14]  ; adc_dco      ; adc_dco     ; 16.000       ; -0.062     ; 10.083     ;
; 5.857 ; Ad9233FrameCapture:U2_frame_capture|Ad9233MultistageDecimator:anti_alias_fir|FirDecimatingStage:stage2|result_pipe[6]  ; Ad9233FrameCapture:U2_frame_capture|Ad9233MultistageDecimator:anti_alias_fir|FirDecimatingStage:stage2|saturation_count[15]  ; adc_dco      ; adc_dco     ; 16.000       ; -0.062     ; 10.083     ;
; 5.859 ; Ad9233FrameCapture:U2_frame_capture|Ad9233MultistageDecimator:anti_alias_fir|FirDecimatingStage:stage2|issue_batch[2]  ; Ad9233FrameCapture:U2_frame_capture|Ad9233MultistageDecimator:anti_alias_fir|FirDecimatingStage:stage2|operand_sample[1][13] ; adc_dco      ; adc_dco     ; 16.000       ; -0.264     ; 9.646      ;
; 5.862 ; Ad9233FrameCapture:U2_frame_capture|Ad9233MultistageDecimator:anti_alias_fir|FirDecimatingStage:stage3|issue_batch[1]  ; Ad9233FrameCapture:U2_frame_capture|Ad9233MultistageDecimator:anti_alias_fir|FirDecimatingStage:stage3|operand_sample[0][15] ; adc_dco      ; adc_dco     ; 16.000       ; -0.088     ; 10.052     ;
; 5.870 ; Ad9233FrameCapture:U2_frame_capture|Ad9233MultistageDecimator:anti_alias_fir|FirDecimatingStage:stage2|issue_batch[2]  ; Ad9233FrameCapture:U2_frame_capture|Ad9233MultistageDecimator:anti_alias_fir|FirDecimatingStage:stage2|operand_sample[1][15] ; adc_dco      ; adc_dco     ; 16.000       ; -0.264     ; 9.635      ;
; 5.881 ; Ad9233FrameCapture:U2_frame_capture|Ad9233MultistageDecimator:anti_alias_fir|FirDecimatingStage:stage2|result_pipe[19] ; Ad9233FrameCapture:U2_frame_capture|Ad9233MultistageDecimator:anti_alias_fir|FirDecimatingStage:stage2|saturation_count[0]   ; adc_dco      ; adc_dco     ; 16.000       ; -0.064     ; 10.057     ;
; 5.881 ; Ad9233FrameCapture:U2_frame_capture|Ad9233MultistageDecimator:anti_alias_fir|FirDecimatingStage:stage2|result_pipe[19] ; Ad9233FrameCapture:U2_frame_capture|Ad9233MultistageDecimator:anti_alias_fir|FirDecimatingStage:stage2|saturation_count[10]  ; adc_dco      ; adc_dco     ; 16.000       ; -0.064     ; 10.057     ;
; 5.881 ; Ad9233FrameCapture:U2_frame_capture|Ad9233MultistageDecimator:anti_alias_fir|FirDecimatingStage:stage2|result_pipe[19] ; Ad9233FrameCapture:U2_frame_capture|Ad9233MultistageDecimator:anti_alias_fir|FirDecimatingStage:stage2|saturation_count[1]   ; adc_dco      ; adc_dco     ; 16.000       ; -0.064     ; 10.057     ;
; 5.881 ; Ad9233FrameCapture:U2_frame_capture|Ad9233MultistageDecimator:anti_alias_fir|FirDecimatingStage:stage2|result_pipe[19] ; Ad9233FrameCapture:U2_frame_capture|Ad9233MultistageDecimator:anti_alias_fir|FirDecimatingStage:stage2|saturation_count[2]   ; adc_dco      ; adc_dco     ; 16.000       ; -0.064     ; 10.057     ;
; 5.881 ; Ad9233FrameCapture:U2_frame_capture|Ad9233MultistageDecimator:anti_alias_fir|FirDecimatingStage:stage2|result_pipe[19] ; Ad9233FrameCapture:U2_frame_capture|Ad9233MultistageDecimator:anti_alias_fir|FirDecimatingStage:stage2|saturation_count[3]   ; adc_dco      ; adc_dco     ; 16.000       ; -0.064     ; 10.057     ;
; 5.881 ; Ad9233FrameCapture:U2_frame_capture|Ad9233MultistageDecimator:anti_alias_fir|FirDecimatingStage:stage2|result_pipe[19] ; Ad9233FrameCapture:U2_frame_capture|Ad9233MultistageDecimator:anti_alias_fir|FirDecimatingStage:stage2|saturation_count[4]   ; adc_dco      ; adc_dco     ; 16.000       ; -0.064     ; 10.057     ;
; 5.881 ; Ad9233FrameCapture:U2_frame_capture|Ad9233MultistageDecimator:anti_alias_fir|FirDecimatingStage:stage2|result_pipe[19] ; Ad9233FrameCapture:U2_frame_capture|Ad9233MultistageDecimator:anti_alias_fir|FirDecimatingStage:stage2|saturation_count[5]   ; adc_dco      ; adc_dco     ; 16.000       ; -0.064     ; 10.057     ;
; 5.881 ; Ad9233FrameCapture:U2_frame_capture|Ad9233MultistageDecimator:anti_alias_fir|FirDecimatingStage:stage2|result_pipe[19] ; Ad9233FrameCapture:U2_frame_capture|Ad9233MultistageDecimator:anti_alias_fir|FirDecimatingStage:stage2|saturation_count[6]   ; adc_dco      ; adc_dco     ; 16.000       ; -0.064     ; 10.057     ;
; 5.881 ; Ad9233FrameCapture:U2_frame_capture|Ad9233MultistageDecimator:anti_alias_fir|FirDecimatingStage:stage2|result_pipe[19] ; Ad9233FrameCapture:U2_frame_capture|Ad9233MultistageDecimator:anti_alias_fir|FirDecimatingStage:stage2|saturation_count[7]   ; adc_dco      ; adc_dco     ; 16.000       ; -0.064     ; 10.057     ;
; 5.881 ; Ad9233FrameCapture:U2_frame_capture|Ad9233MultistageDecimator:anti_alias_fir|FirDecimatingStage:stage2|result_pipe[19] ; Ad9233FrameCapture:U2_frame_capture|Ad9233MultistageDecimator:anti_alias_fir|FirDecimatingStage:stage2|saturation_count[8]   ; adc_dco      ; adc_dco     ; 16.000       ; -0.064     ; 10.057     ;
; 5.881 ; Ad9233FrameCapture:U2_frame_capture|Ad9233MultistageDecimator:anti_alias_fir|FirDecimatingStage:stage2|result_pipe[19] ; Ad9233FrameCapture:U2_frame_capture|Ad9233MultistageDecimator:anti_alias_fir|FirDecimatingStage:stage2|saturation_count[9]   ; adc_dco      ; adc_dco     ; 16.000       ; -0.064     ; 10.057     ;
; 5.881 ; Ad9233FrameCapture:U2_frame_capture|Ad9233MultistageDecimator:anti_alias_fir|FirDecimatingStage:stage2|result_pipe[19] ; Ad9233FrameCapture:U2_frame_capture|Ad9233MultistageDecimator:anti_alias_fir|FirDecimatingStage:stage2|saturation_count[11]  ; adc_dco      ; adc_dco     ; 16.000       ; -0.064     ; 10.057     ;
; 5.881 ; Ad9233FrameCapture:U2_frame_capture|Ad9233MultistageDecimator:anti_alias_fir|FirDecimatingStage:stage2|result_pipe[19] ; Ad9233FrameCapture:U2_frame_capture|Ad9233MultistageDecimator:anti_alias_fir|FirDecimatingStage:stage2|saturation_count[12]  ; adc_dco      ; adc_dco     ; 16.000       ; -0.064     ; 10.057     ;
; 5.881 ; Ad9233FrameCapture:U2_frame_capture|Ad9233MultistageDecimator:anti_alias_fir|FirDecimatingStage:stage2|result_pipe[19] ; Ad9233FrameCapture:U2_frame_capture|Ad9233MultistageDecimator:anti_alias_fir|FirDecimatingStage:stage2|saturation_count[13]  ; adc_dco      ; adc_dco     ; 16.000       ; -0.064     ; 10.057     ;
; 5.881 ; Ad9233FrameCapture:U2_frame_capture|Ad9233MultistageDecimator:anti_alias_fir|FirDecimatingStage:stage2|result_pipe[19] ; Ad9233FrameCapture:U2_frame_capture|Ad9233MultistageDecimator:anti_alias_fir|FirDecimatingStage:stage2|saturation_count[14]  ; adc_dco      ; adc_dco     ; 16.000       ; -0.064     ; 10.057     ;
; 5.881 ; Ad9233FrameCapture:U2_frame_capture|Ad9233MultistageDecimator:anti_alias_fir|FirDecimatingStage:stage2|result_pipe[19] ; Ad9233FrameCapture:U2_frame_capture|Ad9233MultistageDecimator:anti_alias_fir|FirDecimatingStage:stage2|saturation_count[15]  ; adc_dco      ; adc_dco     ; 16.000       ; -0.064     ; 10.057     ;
; 5.888 ; Ad9233FrameCapture:U2_frame_capture|Ad9233MultistageDecimator:anti_alias_fir|FirDecimatingStage:stage2|issue_batch[1]  ; Ad9233FrameCapture:U2_frame_capture|Ad9233MultistageDecimator:anti_alias_fir|FirDecimatingStage:stage2|operand_sample[1][13] ; adc_dco      ; adc_dco     ; 16.000       ; -0.264     ; 9.617      ;
+-------+------------------------------------------------------------------------------------------------------------------------+------------------------------------------------------------------------------------------------------------------------------+--------------+-------------+--------------+------------+------------+


+----------------------------------------------------------------------------------------------------------------------------------------------------------------------------------------+
; Slow 1200mV 0C Model Setup: 'clk_50m'                                                                                                                                                  ;
+--------+----------------------------------------------------+----------------------------------------------------+--------------+-------------+--------------+------------+------------+
; Slack  ; From Node                                          ; To Node                                            ; Launch Clock ; Latch Clock ; Relationship ; Clock Skew ; Data Delay ;
+--------+----------------------------------------------------+----------------------------------------------------+--------------+-------------+--------------+------------+------------+
; 14.856 ; Ad9233SpiInit:U1_ad9233_spi_init|startup_count[12] ; Ad9233SpiInit:U1_ad9233_spi_init|startup_count[11] ; clk_50m      ; clk_50m     ; 20.000       ; -0.073     ; 5.073      ;
; 14.856 ; Ad9233SpiInit:U1_ad9233_spi_init|startup_count[12] ; Ad9233SpiInit:U1_ad9233_spi_init|startup_count[10] ; clk_50m      ; clk_50m     ; 20.000       ; -0.073     ; 5.073      ;
; 14.856 ; Ad9233SpiInit:U1_ad9233_spi_init|startup_count[12] ; Ad9233SpiInit:U1_ad9233_spi_init|startup_count[9]  ; clk_50m      ; clk_50m     ; 20.000       ; -0.073     ; 5.073      ;
; 14.856 ; Ad9233SpiInit:U1_ad9233_spi_init|startup_count[12] ; Ad9233SpiInit:U1_ad9233_spi_init|startup_count[8]  ; clk_50m      ; clk_50m     ; 20.000       ; -0.073     ; 5.073      ;
; 14.856 ; Ad9233SpiInit:U1_ad9233_spi_init|startup_count[12] ; Ad9233SpiInit:U1_ad9233_spi_init|startup_count[7]  ; clk_50m      ; clk_50m     ; 20.000       ; -0.073     ; 5.073      ;
; 14.856 ; Ad9233SpiInit:U1_ad9233_spi_init|startup_count[12] ; Ad9233SpiInit:U1_ad9233_spi_init|startup_count[6]  ; clk_50m      ; clk_50m     ; 20.000       ; -0.073     ; 5.073      ;
; 14.856 ; Ad9233SpiInit:U1_ad9233_spi_init|startup_count[12] ; Ad9233SpiInit:U1_ad9233_spi_init|startup_count[5]  ; clk_50m      ; clk_50m     ; 20.000       ; -0.073     ; 5.073      ;
; 14.856 ; Ad9233SpiInit:U1_ad9233_spi_init|startup_count[12] ; Ad9233SpiInit:U1_ad9233_spi_init|startup_count[4]  ; clk_50m      ; clk_50m     ; 20.000       ; -0.073     ; 5.073      ;
; 14.856 ; Ad9233SpiInit:U1_ad9233_spi_init|startup_count[12] ; Ad9233SpiInit:U1_ad9233_spi_init|startup_count[3]  ; clk_50m      ; clk_50m     ; 20.000       ; -0.073     ; 5.073      ;
; 14.856 ; Ad9233SpiInit:U1_ad9233_spi_init|startup_count[12] ; Ad9233SpiInit:U1_ad9233_spi_init|startup_count[1]  ; clk_50m      ; clk_50m     ; 20.000       ; -0.073     ; 5.073      ;
; 14.856 ; Ad9233SpiInit:U1_ad9233_spi_init|startup_count[12] ; Ad9233SpiInit:U1_ad9233_spi_init|startup_count[0]  ; clk_50m      ; clk_50m     ; 20.000       ; -0.073     ; 5.073      ;
; 14.856 ; Ad9233SpiInit:U1_ad9233_spi_init|startup_count[12] ; Ad9233SpiInit:U1_ad9233_spi_init|startup_count[2]  ; clk_50m      ; clk_50m     ; 20.000       ; -0.073     ; 5.073      ;
; 14.857 ; Ad9233SpiInit:U1_ad9233_spi_init|startup_count[15] ; Ad9233SpiInit:U1_ad9233_spi_init|startup_count[11] ; clk_50m      ; clk_50m     ; 20.000       ; -0.073     ; 5.072      ;
; 14.857 ; Ad9233SpiInit:U1_ad9233_spi_init|startup_count[15] ; Ad9233SpiInit:U1_ad9233_spi_init|startup_count[10] ; clk_50m      ; clk_50m     ; 20.000       ; -0.073     ; 5.072      ;
; 14.857 ; Ad9233SpiInit:U1_ad9233_spi_init|startup_count[15] ; Ad9233SpiInit:U1_ad9233_spi_init|startup_count[9]  ; clk_50m      ; clk_50m     ; 20.000       ; -0.073     ; 5.072      ;
; 14.857 ; Ad9233SpiInit:U1_ad9233_spi_init|startup_count[15] ; Ad9233SpiInit:U1_ad9233_spi_init|startup_count[8]  ; clk_50m      ; clk_50m     ; 20.000       ; -0.073     ; 5.072      ;
; 14.857 ; Ad9233SpiInit:U1_ad9233_spi_init|startup_count[15] ; Ad9233SpiInit:U1_ad9233_spi_init|startup_count[7]  ; clk_50m      ; clk_50m     ; 20.000       ; -0.073     ; 5.072      ;
; 14.857 ; Ad9233SpiInit:U1_ad9233_spi_init|startup_count[15] ; Ad9233SpiInit:U1_ad9233_spi_init|startup_count[6]  ; clk_50m      ; clk_50m     ; 20.000       ; -0.073     ; 5.072      ;
; 14.857 ; Ad9233SpiInit:U1_ad9233_spi_init|startup_count[15] ; Ad9233SpiInit:U1_ad9233_spi_init|startup_count[5]  ; clk_50m      ; clk_50m     ; 20.000       ; -0.073     ; 5.072      ;
; 14.857 ; Ad9233SpiInit:U1_ad9233_spi_init|startup_count[15] ; Ad9233SpiInit:U1_ad9233_spi_init|startup_count[4]  ; clk_50m      ; clk_50m     ; 20.000       ; -0.073     ; 5.072      ;
; 14.857 ; Ad9233SpiInit:U1_ad9233_spi_init|startup_count[15] ; Ad9233SpiInit:U1_ad9233_spi_init|startup_count[3]  ; clk_50m      ; clk_50m     ; 20.000       ; -0.073     ; 5.072      ;
; 14.857 ; Ad9233SpiInit:U1_ad9233_spi_init|startup_count[15] ; Ad9233SpiInit:U1_ad9233_spi_init|startup_count[1]  ; clk_50m      ; clk_50m     ; 20.000       ; -0.073     ; 5.072      ;
; 14.857 ; Ad9233SpiInit:U1_ad9233_spi_init|startup_count[15] ; Ad9233SpiInit:U1_ad9233_spi_init|startup_count[0]  ; clk_50m      ; clk_50m     ; 20.000       ; -0.073     ; 5.072      ;
; 14.857 ; Ad9233SpiInit:U1_ad9233_spi_init|startup_count[15] ; Ad9233SpiInit:U1_ad9233_spi_init|startup_count[2]  ; clk_50m      ; clk_50m     ; 20.000       ; -0.073     ; 5.072      ;
; 14.987 ; Ad9233SpiInit:U1_ad9233_spi_init|startup_count[14] ; Ad9233SpiInit:U1_ad9233_spi_init|startup_count[11] ; clk_50m      ; clk_50m     ; 20.000       ; -0.073     ; 4.942      ;
; 14.987 ; Ad9233SpiInit:U1_ad9233_spi_init|startup_count[14] ; Ad9233SpiInit:U1_ad9233_spi_init|startup_count[10] ; clk_50m      ; clk_50m     ; 20.000       ; -0.073     ; 4.942      ;
; 14.987 ; Ad9233SpiInit:U1_ad9233_spi_init|startup_count[14] ; Ad9233SpiInit:U1_ad9233_spi_init|startup_count[9]  ; clk_50m      ; clk_50m     ; 20.000       ; -0.073     ; 4.942      ;
; 14.987 ; Ad9233SpiInit:U1_ad9233_spi_init|startup_count[14] ; Ad9233SpiInit:U1_ad9233_spi_init|startup_count[8]  ; clk_50m      ; clk_50m     ; 20.000       ; -0.073     ; 4.942      ;
; 14.987 ; Ad9233SpiInit:U1_ad9233_spi_init|startup_count[14] ; Ad9233SpiInit:U1_ad9233_spi_init|startup_count[7]  ; clk_50m      ; clk_50m     ; 20.000       ; -0.073     ; 4.942      ;
; 14.987 ; Ad9233SpiInit:U1_ad9233_spi_init|startup_count[14] ; Ad9233SpiInit:U1_ad9233_spi_init|startup_count[6]  ; clk_50m      ; clk_50m     ; 20.000       ; -0.073     ; 4.942      ;
; 14.987 ; Ad9233SpiInit:U1_ad9233_spi_init|startup_count[14] ; Ad9233SpiInit:U1_ad9233_spi_init|startup_count[5]  ; clk_50m      ; clk_50m     ; 20.000       ; -0.073     ; 4.942      ;
; 14.987 ; Ad9233SpiInit:U1_ad9233_spi_init|startup_count[14] ; Ad9233SpiInit:U1_ad9233_spi_init|startup_count[4]  ; clk_50m      ; clk_50m     ; 20.000       ; -0.073     ; 4.942      ;
; 14.987 ; Ad9233SpiInit:U1_ad9233_spi_init|startup_count[14] ; Ad9233SpiInit:U1_ad9233_spi_init|startup_count[3]  ; clk_50m      ; clk_50m     ; 20.000       ; -0.073     ; 4.942      ;
; 14.987 ; Ad9233SpiInit:U1_ad9233_spi_init|startup_count[14] ; Ad9233SpiInit:U1_ad9233_spi_init|startup_count[1]  ; clk_50m      ; clk_50m     ; 20.000       ; -0.073     ; 4.942      ;
; 14.987 ; Ad9233SpiInit:U1_ad9233_spi_init|startup_count[14] ; Ad9233SpiInit:U1_ad9233_spi_init|startup_count[0]  ; clk_50m      ; clk_50m     ; 20.000       ; -0.073     ; 4.942      ;
; 14.987 ; Ad9233SpiInit:U1_ad9233_spi_init|startup_count[14] ; Ad9233SpiInit:U1_ad9233_spi_init|startup_count[2]  ; clk_50m      ; clk_50m     ; 20.000       ; -0.073     ; 4.942      ;
; 15.153 ; Ad9233SpiInit:U1_ad9233_spi_init|startup_count[13] ; Ad9233SpiInit:U1_ad9233_spi_init|startup_count[11] ; clk_50m      ; clk_50m     ; 20.000       ; -0.073     ; 4.776      ;
; 15.153 ; Ad9233SpiInit:U1_ad9233_spi_init|startup_count[13] ; Ad9233SpiInit:U1_ad9233_spi_init|startup_count[10] ; clk_50m      ; clk_50m     ; 20.000       ; -0.073     ; 4.776      ;
; 15.153 ; Ad9233SpiInit:U1_ad9233_spi_init|startup_count[13] ; Ad9233SpiInit:U1_ad9233_spi_init|startup_count[9]  ; clk_50m      ; clk_50m     ; 20.000       ; -0.073     ; 4.776      ;
; 15.153 ; Ad9233SpiInit:U1_ad9233_spi_init|startup_count[13] ; Ad9233SpiInit:U1_ad9233_spi_init|startup_count[8]  ; clk_50m      ; clk_50m     ; 20.000       ; -0.073     ; 4.776      ;
; 15.153 ; Ad9233SpiInit:U1_ad9233_spi_init|startup_count[13] ; Ad9233SpiInit:U1_ad9233_spi_init|startup_count[7]  ; clk_50m      ; clk_50m     ; 20.000       ; -0.073     ; 4.776      ;
; 15.153 ; Ad9233SpiInit:U1_ad9233_spi_init|startup_count[13] ; Ad9233SpiInit:U1_ad9233_spi_init|startup_count[6]  ; clk_50m      ; clk_50m     ; 20.000       ; -0.073     ; 4.776      ;
; 15.153 ; Ad9233SpiInit:U1_ad9233_spi_init|startup_count[13] ; Ad9233SpiInit:U1_ad9233_spi_init|startup_count[5]  ; clk_50m      ; clk_50m     ; 20.000       ; -0.073     ; 4.776      ;
; 15.153 ; Ad9233SpiInit:U1_ad9233_spi_init|startup_count[13] ; Ad9233SpiInit:U1_ad9233_spi_init|startup_count[4]  ; clk_50m      ; clk_50m     ; 20.000       ; -0.073     ; 4.776      ;
; 15.153 ; Ad9233SpiInit:U1_ad9233_spi_init|startup_count[13] ; Ad9233SpiInit:U1_ad9233_spi_init|startup_count[3]  ; clk_50m      ; clk_50m     ; 20.000       ; -0.073     ; 4.776      ;
; 15.153 ; Ad9233SpiInit:U1_ad9233_spi_init|startup_count[13] ; Ad9233SpiInit:U1_ad9233_spi_init|startup_count[1]  ; clk_50m      ; clk_50m     ; 20.000       ; -0.073     ; 4.776      ;
; 15.153 ; Ad9233SpiInit:U1_ad9233_spi_init|startup_count[13] ; Ad9233SpiInit:U1_ad9233_spi_init|startup_count[0]  ; clk_50m      ; clk_50m     ; 20.000       ; -0.073     ; 4.776      ;
; 15.153 ; Ad9233SpiInit:U1_ad9233_spi_init|startup_count[13] ; Ad9233SpiInit:U1_ad9233_spi_init|startup_count[2]  ; clk_50m      ; clk_50m     ; 20.000       ; -0.073     ; 4.776      ;
; 15.312 ; Ad9233SpiInit:U1_ad9233_spi_init|startup_count[5]  ; Ad9233SpiInit:U1_ad9233_spi_init|startup_count[11] ; clk_50m      ; clk_50m     ; 20.000       ; -0.073     ; 4.617      ;
; 15.312 ; Ad9233SpiInit:U1_ad9233_spi_init|startup_count[5]  ; Ad9233SpiInit:U1_ad9233_spi_init|startup_count[10] ; clk_50m      ; clk_50m     ; 20.000       ; -0.073     ; 4.617      ;
; 15.312 ; Ad9233SpiInit:U1_ad9233_spi_init|startup_count[5]  ; Ad9233SpiInit:U1_ad9233_spi_init|startup_count[9]  ; clk_50m      ; clk_50m     ; 20.000       ; -0.073     ; 4.617      ;
; 15.312 ; Ad9233SpiInit:U1_ad9233_spi_init|startup_count[5]  ; Ad9233SpiInit:U1_ad9233_spi_init|startup_count[8]  ; clk_50m      ; clk_50m     ; 20.000       ; -0.073     ; 4.617      ;
; 15.312 ; Ad9233SpiInit:U1_ad9233_spi_init|startup_count[5]  ; Ad9233SpiInit:U1_ad9233_spi_init|startup_count[7]  ; clk_50m      ; clk_50m     ; 20.000       ; -0.073     ; 4.617      ;
; 15.312 ; Ad9233SpiInit:U1_ad9233_spi_init|startup_count[5]  ; Ad9233SpiInit:U1_ad9233_spi_init|startup_count[6]  ; clk_50m      ; clk_50m     ; 20.000       ; -0.073     ; 4.617      ;
; 15.312 ; Ad9233SpiInit:U1_ad9233_spi_init|startup_count[5]  ; Ad9233SpiInit:U1_ad9233_spi_init|startup_count[5]  ; clk_50m      ; clk_50m     ; 20.000       ; -0.073     ; 4.617      ;
; 15.312 ; Ad9233SpiInit:U1_ad9233_spi_init|startup_count[5]  ; Ad9233SpiInit:U1_ad9233_spi_init|startup_count[4]  ; clk_50m      ; clk_50m     ; 20.000       ; -0.073     ; 4.617      ;
; 15.312 ; Ad9233SpiInit:U1_ad9233_spi_init|startup_count[5]  ; Ad9233SpiInit:U1_ad9233_spi_init|startup_count[3]  ; clk_50m      ; clk_50m     ; 20.000       ; -0.073     ; 4.617      ;
; 15.312 ; Ad9233SpiInit:U1_ad9233_spi_init|startup_count[5]  ; Ad9233SpiInit:U1_ad9233_spi_init|startup_count[1]  ; clk_50m      ; clk_50m     ; 20.000       ; -0.073     ; 4.617      ;
; 15.312 ; Ad9233SpiInit:U1_ad9233_spi_init|startup_count[5]  ; Ad9233SpiInit:U1_ad9233_spi_init|startup_count[0]  ; clk_50m      ; clk_50m     ; 20.000       ; -0.073     ; 4.617      ;
; 15.312 ; Ad9233SpiInit:U1_ad9233_spi_init|startup_count[5]  ; Ad9233SpiInit:U1_ad9233_spi_init|startup_count[2]  ; clk_50m      ; clk_50m     ; 20.000       ; -0.073     ; 4.617      ;
; 15.368 ; Ad9233SpiInit:U1_ad9233_spi_init|startup_count[12] ; Ad9233SpiInit:U1_ad9233_spi_init|startup_count[22] ; clk_50m      ; clk_50m     ; 20.000       ; -0.073     ; 4.561      ;
; 15.368 ; Ad9233SpiInit:U1_ad9233_spi_init|startup_count[12] ; Ad9233SpiInit:U1_ad9233_spi_init|startup_count[21] ; clk_50m      ; clk_50m     ; 20.000       ; -0.073     ; 4.561      ;
; 15.368 ; Ad9233SpiInit:U1_ad9233_spi_init|startup_count[12] ; Ad9233SpiInit:U1_ad9233_spi_init|startup_count[23] ; clk_50m      ; clk_50m     ; 20.000       ; -0.073     ; 4.561      ;
; 15.368 ; Ad9233SpiInit:U1_ad9233_spi_init|startup_count[12] ; Ad9233SpiInit:U1_ad9233_spi_init|startup_count[20] ; clk_50m      ; clk_50m     ; 20.000       ; -0.073     ; 4.561      ;
; 15.368 ; Ad9233SpiInit:U1_ad9233_spi_init|startup_count[12] ; Ad9233SpiInit:U1_ad9233_spi_init|startup_count[18] ; clk_50m      ; clk_50m     ; 20.000       ; -0.073     ; 4.561      ;
; 15.368 ; Ad9233SpiInit:U1_ad9233_spi_init|startup_count[12] ; Ad9233SpiInit:U1_ad9233_spi_init|startup_count[19] ; clk_50m      ; clk_50m     ; 20.000       ; -0.073     ; 4.561      ;
; 15.368 ; Ad9233SpiInit:U1_ad9233_spi_init|startup_count[12] ; Ad9233SpiInit:U1_ad9233_spi_init|startup_count[16] ; clk_50m      ; clk_50m     ; 20.000       ; -0.073     ; 4.561      ;
; 15.368 ; Ad9233SpiInit:U1_ad9233_spi_init|startup_count[12] ; Ad9233SpiInit:U1_ad9233_spi_init|startup_count[15] ; clk_50m      ; clk_50m     ; 20.000       ; -0.073     ; 4.561      ;
; 15.368 ; Ad9233SpiInit:U1_ad9233_spi_init|startup_count[12] ; Ad9233SpiInit:U1_ad9233_spi_init|startup_count[14] ; clk_50m      ; clk_50m     ; 20.000       ; -0.073     ; 4.561      ;
; 15.368 ; Ad9233SpiInit:U1_ad9233_spi_init|startup_count[12] ; Ad9233SpiInit:U1_ad9233_spi_init|startup_count[13] ; clk_50m      ; clk_50m     ; 20.000       ; -0.073     ; 4.561      ;
; 15.368 ; Ad9233SpiInit:U1_ad9233_spi_init|startup_count[12] ; Ad9233SpiInit:U1_ad9233_spi_init|startup_count[12] ; clk_50m      ; clk_50m     ; 20.000       ; -0.073     ; 4.561      ;
; 15.368 ; Ad9233SpiInit:U1_ad9233_spi_init|startup_count[12] ; Ad9233SpiInit:U1_ad9233_spi_init|startup_count[17] ; clk_50m      ; clk_50m     ; 20.000       ; -0.073     ; 4.561      ;
; 15.369 ; Ad9233SpiInit:U1_ad9233_spi_init|startup_count[15] ; Ad9233SpiInit:U1_ad9233_spi_init|startup_count[22] ; clk_50m      ; clk_50m     ; 20.000       ; -0.073     ; 4.560      ;
; 15.369 ; Ad9233SpiInit:U1_ad9233_spi_init|startup_count[15] ; Ad9233SpiInit:U1_ad9233_spi_init|startup_count[21] ; clk_50m      ; clk_50m     ; 20.000       ; -0.073     ; 4.560      ;
; 15.369 ; Ad9233SpiInit:U1_ad9233_spi_init|startup_count[15] ; Ad9233SpiInit:U1_ad9233_spi_init|startup_count[23] ; clk_50m      ; clk_50m     ; 20.000       ; -0.073     ; 4.560      ;
; 15.369 ; Ad9233SpiInit:U1_ad9233_spi_init|startup_count[15] ; Ad9233SpiInit:U1_ad9233_spi_init|startup_count[20] ; clk_50m      ; clk_50m     ; 20.000       ; -0.073     ; 4.560      ;
; 15.369 ; Ad9233SpiInit:U1_ad9233_spi_init|startup_count[15] ; Ad9233SpiInit:U1_ad9233_spi_init|startup_count[18] ; clk_50m      ; clk_50m     ; 20.000       ; -0.073     ; 4.560      ;
; 15.369 ; Ad9233SpiInit:U1_ad9233_spi_init|startup_count[15] ; Ad9233SpiInit:U1_ad9233_spi_init|startup_count[19] ; clk_50m      ; clk_50m     ; 20.000       ; -0.073     ; 4.560      ;
; 15.369 ; Ad9233SpiInit:U1_ad9233_spi_init|startup_count[15] ; Ad9233SpiInit:U1_ad9233_spi_init|startup_count[16] ; clk_50m      ; clk_50m     ; 20.000       ; -0.073     ; 4.560      ;
; 15.369 ; Ad9233SpiInit:U1_ad9233_spi_init|startup_count[15] ; Ad9233SpiInit:U1_ad9233_spi_init|startup_count[15] ; clk_50m      ; clk_50m     ; 20.000       ; -0.073     ; 4.560      ;
; 15.369 ; Ad9233SpiInit:U1_ad9233_spi_init|startup_count[15] ; Ad9233SpiInit:U1_ad9233_spi_init|startup_count[14] ; clk_50m      ; clk_50m     ; 20.000       ; -0.073     ; 4.560      ;
; 15.369 ; Ad9233SpiInit:U1_ad9233_spi_init|startup_count[15] ; Ad9233SpiInit:U1_ad9233_spi_init|startup_count[13] ; clk_50m      ; clk_50m     ; 20.000       ; -0.073     ; 4.560      ;
; 15.369 ; Ad9233SpiInit:U1_ad9233_spi_init|startup_count[15] ; Ad9233SpiInit:U1_ad9233_spi_init|startup_count[12] ; clk_50m      ; clk_50m     ; 20.000       ; -0.073     ; 4.560      ;
; 15.369 ; Ad9233SpiInit:U1_ad9233_spi_init|startup_count[15] ; Ad9233SpiInit:U1_ad9233_spi_init|startup_count[17] ; clk_50m      ; clk_50m     ; 20.000       ; -0.073     ; 4.560      ;
; 15.499 ; Ad9233SpiInit:U1_ad9233_spi_init|startup_count[14] ; Ad9233SpiInit:U1_ad9233_spi_init|startup_count[22] ; clk_50m      ; clk_50m     ; 20.000       ; -0.073     ; 4.430      ;
; 15.499 ; Ad9233SpiInit:U1_ad9233_spi_init|startup_count[14] ; Ad9233SpiInit:U1_ad9233_spi_init|startup_count[21] ; clk_50m      ; clk_50m     ; 20.000       ; -0.073     ; 4.430      ;
; 15.499 ; Ad9233SpiInit:U1_ad9233_spi_init|startup_count[14] ; Ad9233SpiInit:U1_ad9233_spi_init|startup_count[23] ; clk_50m      ; clk_50m     ; 20.000       ; -0.073     ; 4.430      ;
; 15.499 ; Ad9233SpiInit:U1_ad9233_spi_init|startup_count[14] ; Ad9233SpiInit:U1_ad9233_spi_init|startup_count[20] ; clk_50m      ; clk_50m     ; 20.000       ; -0.073     ; 4.430      ;
; 15.499 ; Ad9233SpiInit:U1_ad9233_spi_init|startup_count[14] ; Ad9233SpiInit:U1_ad9233_spi_init|startup_count[18] ; clk_50m      ; clk_50m     ; 20.000       ; -0.073     ; 4.430      ;
; 15.499 ; Ad9233SpiInit:U1_ad9233_spi_init|startup_count[14] ; Ad9233SpiInit:U1_ad9233_spi_init|startup_count[19] ; clk_50m      ; clk_50m     ; 20.000       ; -0.073     ; 4.430      ;
; 15.499 ; Ad9233SpiInit:U1_ad9233_spi_init|startup_count[14] ; Ad9233SpiInit:U1_ad9233_spi_init|startup_count[16] ; clk_50m      ; clk_50m     ; 20.000       ; -0.073     ; 4.430      ;
; 15.499 ; Ad9233SpiInit:U1_ad9233_spi_init|startup_count[14] ; Ad9233SpiInit:U1_ad9233_spi_init|startup_count[15] ; clk_50m      ; clk_50m     ; 20.000       ; -0.073     ; 4.430      ;
; 15.499 ; Ad9233SpiInit:U1_ad9233_spi_init|startup_count[14] ; Ad9233SpiInit:U1_ad9233_spi_init|startup_count[14] ; clk_50m      ; clk_50m     ; 20.000       ; -0.073     ; 4.430      ;
; 15.499 ; Ad9233SpiInit:U1_ad9233_spi_init|startup_count[14] ; Ad9233SpiInit:U1_ad9233_spi_init|startup_count[13] ; clk_50m      ; clk_50m     ; 20.000       ; -0.073     ; 4.430      ;
; 15.499 ; Ad9233SpiInit:U1_ad9233_spi_init|startup_count[14] ; Ad9233SpiInit:U1_ad9233_spi_init|startup_count[12] ; clk_50m      ; clk_50m     ; 20.000       ; -0.073     ; 4.430      ;
; 15.499 ; Ad9233SpiInit:U1_ad9233_spi_init|startup_count[14] ; Ad9233SpiInit:U1_ad9233_spi_init|startup_count[17] ; clk_50m      ; clk_50m     ; 20.000       ; -0.073     ; 4.430      ;
; 15.506 ; Ad9233SpiInit:U1_ad9233_spi_init|startup_count[6]  ; Ad9233SpiInit:U1_ad9233_spi_init|startup_count[11] ; clk_50m      ; clk_50m     ; 20.000       ; -0.073     ; 4.423      ;
; 15.506 ; Ad9233SpiInit:U1_ad9233_spi_init|startup_count[6]  ; Ad9233SpiInit:U1_ad9233_spi_init|startup_count[10] ; clk_50m      ; clk_50m     ; 20.000       ; -0.073     ; 4.423      ;
; 15.506 ; Ad9233SpiInit:U1_ad9233_spi_init|startup_count[6]  ; Ad9233SpiInit:U1_ad9233_spi_init|startup_count[9]  ; clk_50m      ; clk_50m     ; 20.000       ; -0.073     ; 4.423      ;
; 15.506 ; Ad9233SpiInit:U1_ad9233_spi_init|startup_count[6]  ; Ad9233SpiInit:U1_ad9233_spi_init|startup_count[8]  ; clk_50m      ; clk_50m     ; 20.000       ; -0.073     ; 4.423      ;
+--------+----------------------------------------------------+----------------------------------------------------+--------------+-------------+--------------+------------+------------+


+-------------------------------------------------------------------------------------------------------------------------------------------------------------------------------------------+
; Slow 1200mV 0C Model Setup: 'mcu_spi_sck'                                                                                                                                                 ;
+--------+--------------------------------------------------------+---------------------------------------------------+--------------+-------------+--------------+------------+------------+
; Slack  ; From Node                                              ; To Node                                           ; Launch Clock ; Latch Clock ; Relationship ; Clock Skew ; Data Delay ;
+--------+--------------------------------------------------------+---------------------------------------------------+--------------+-------------+--------------+------------+------------+
; 22.469 ; AnalyzerSpiSlave:U3_analyzer_spi|spi_miso              ; mcu_spi_miso                                      ; mcu_spi_sck  ; mcu_spi_sck ; 41.666       ; -2.608     ; 4.589      ;
; 33.777 ; AnalyzerSpiSlave:U3_analyzer_spi|flags_latched[4]      ; AnalyzerSpiSlave:U3_analyzer_spi|response_crc[5]  ; mcu_spi_sck  ; mcu_spi_sck ; 41.667       ; -0.103     ; 7.809      ;
; 33.783 ; AnalyzerSpiSlave:U3_analyzer_spi|frame_id_latched[11]  ; AnalyzerSpiSlave:U3_analyzer_spi|response_crc[8]  ; mcu_spi_sck  ; mcu_spi_sck ; 41.667       ; 0.224      ; 8.130      ;
; 33.783 ; AnalyzerSpiSlave:U3_analyzer_spi|frame_id_latched[11]  ; AnalyzerSpiSlave:U3_analyzer_spi|response_crc[3]  ; mcu_spi_sck  ; mcu_spi_sck ; 41.667       ; 0.224      ; 8.130      ;
; 33.972 ; AnalyzerSpiSlave:U3_analyzer_spi|flags_latched[4]      ; AnalyzerSpiSlave:U3_analyzer_spi|response_crc[0]  ; mcu_spi_sck  ; mcu_spi_sck ; 41.667       ; -0.103     ; 7.614      ;
; 33.974 ; AnalyzerSpiSlave:U3_analyzer_spi|frame_id_latched[10]  ; AnalyzerSpiSlave:U3_analyzer_spi|response_crc[10] ; mcu_spi_sck  ; mcu_spi_sck ; 41.667       ; -0.101     ; 7.614      ;
; 33.979 ; AnalyzerSpiSlave:U3_analyzer_spi|flags_latched[4]      ; AnalyzerSpiSlave:U3_analyzer_spi|response_crc[12] ; mcu_spi_sck  ; mcu_spi_sck ; 41.667       ; -0.103     ; 7.607      ;
; 34.077 ; AnalyzerSpiSlave:U3_analyzer_spi|frame_id_latched[10]  ; AnalyzerSpiSlave:U3_analyzer_spi|response_crc[7]  ; mcu_spi_sck  ; mcu_spi_sck ; 41.667       ; 0.185      ; 7.797      ;
; 34.149 ; AnalyzerSpiSlave:U3_analyzer_spi|frame_id_latched[4]   ; AnalyzerSpiSlave:U3_analyzer_spi|response_crc[5]  ; mcu_spi_sck  ; mcu_spi_sck ; 41.667       ; -0.318     ; 7.222      ;
; 34.195 ; AnalyzerSpiSlave:U3_analyzer_spi|frame_id_latched[14]  ; AnalyzerSpiSlave:U3_analyzer_spi|response_crc[10] ; mcu_spi_sck  ; mcu_spi_sck ; 41.667       ; -0.331     ; 7.163      ;
; 34.265 ; AnalyzerSpiSlave:U3_analyzer_spi|frame_id_latched[8]   ; AnalyzerSpiSlave:U3_analyzer_spi|response_crc[5]  ; mcu_spi_sck  ; mcu_spi_sck ; 41.667       ; -0.101     ; 7.323      ;
; 34.322 ; AnalyzerSpiSlave:U3_analyzer_spi|frame_id_latched[14]  ; AnalyzerSpiSlave:U3_analyzer_spi|response_crc[7]  ; mcu_spi_sck  ; mcu_spi_sck ; 41.667       ; -0.036     ; 7.331      ;
; 34.344 ; AnalyzerSpiSlave:U3_analyzer_spi|frame_id_latched[4]   ; AnalyzerSpiSlave:U3_analyzer_spi|response_crc[0]  ; mcu_spi_sck  ; mcu_spi_sck ; 41.667       ; -0.318     ; 7.027      ;
; 34.351 ; AnalyzerSpiSlave:U3_analyzer_spi|frame_id_latched[4]   ; AnalyzerSpiSlave:U3_analyzer_spi|response_crc[12] ; mcu_spi_sck  ; mcu_spi_sck ; 41.667       ; -0.318     ; 7.020      ;
; 34.356 ; AnalyzerSpiSlave:U3_analyzer_spi|otr_count_latched[20] ; AnalyzerSpiSlave:U3_analyzer_spi|response_crc[5]  ; mcu_spi_sck  ; mcu_spi_sck ; 41.667       ; -0.318     ; 7.015      ;
; 34.404 ; AnalyzerSpiSlave:U3_analyzer_spi|frame_id_latched[13]  ; AnalyzerSpiSlave:U3_analyzer_spi|response_crc[5]  ; mcu_spi_sck  ; mcu_spi_sck ; 41.667       ; -0.101     ; 7.184      ;
; 34.460 ; AnalyzerSpiSlave:U3_analyzer_spi|frame_id_latched[8]   ; AnalyzerSpiSlave:U3_analyzer_spi|response_crc[0]  ; mcu_spi_sck  ; mcu_spi_sck ; 41.667       ; -0.101     ; 7.128      ;
; 34.460 ; AnalyzerSpiSlave:U3_analyzer_spi|flags_latched[5]      ; AnalyzerSpiSlave:U3_analyzer_spi|response_crc[5]  ; mcu_spi_sck  ; mcu_spi_sck ; 41.667       ; -0.101     ; 7.128      ;
; 34.467 ; AnalyzerSpiSlave:U3_analyzer_spi|frame_id_latched[8]   ; AnalyzerSpiSlave:U3_analyzer_spi|response_crc[12] ; mcu_spi_sck  ; mcu_spi_sck ; 41.667       ; -0.101     ; 7.121      ;
; 34.551 ; AnalyzerSpiSlave:U3_analyzer_spi|otr_count_latched[20] ; AnalyzerSpiSlave:U3_analyzer_spi|response_crc[0]  ; mcu_spi_sck  ; mcu_spi_sck ; 41.667       ; -0.318     ; 6.820      ;
; 34.558 ; AnalyzerSpiSlave:U3_analyzer_spi|otr_count_latched[20] ; AnalyzerSpiSlave:U3_analyzer_spi|response_crc[12] ; mcu_spi_sck  ; mcu_spi_sck ; 41.667       ; -0.318     ; 6.813      ;
; 34.566 ; AnalyzerSpiSlave:U3_analyzer_spi|otr_count_latched[27] ; AnalyzerSpiSlave:U3_analyzer_spi|response_crc[8]  ; mcu_spi_sck  ; mcu_spi_sck ; 41.667       ; 0.224      ; 7.347      ;
; 34.566 ; AnalyzerSpiSlave:U3_analyzer_spi|otr_count_latched[27] ; AnalyzerSpiSlave:U3_analyzer_spi|response_crc[3]  ; mcu_spi_sck  ; mcu_spi_sck ; 41.667       ; 0.224      ; 7.347      ;
; 34.621 ; AnalyzerSpiSlave:U3_analyzer_spi|flags_latched[4]      ; AnalyzerSpiSlave:U3_analyzer_spi|response_crc[9]  ; mcu_spi_sck  ; mcu_spi_sck ; 41.667       ; 0.224      ; 7.292      ;
; 34.721 ; AnalyzerSpiSlave:U3_analyzer_spi|flags_latched[2]      ; AnalyzerSpiSlave:U3_analyzer_spi|response_crc[7]  ; mcu_spi_sck  ; mcu_spi_sck ; 41.667       ; 0.185      ; 7.153      ;
; 34.725 ; AnalyzerSpiSlave:U3_analyzer_spi|flags_latched[5]      ; AnalyzerSpiSlave:U3_analyzer_spi|response_crc[13] ; mcu_spi_sck  ; mcu_spi_sck ; 41.667       ; 0.226      ; 7.190      ;
; 34.743 ; AnalyzerSpiSlave:U3_analyzer_spi|frame_id_latched[5]   ; AnalyzerSpiSlave:U3_analyzer_spi|response_crc[5]  ; mcu_spi_sck  ; mcu_spi_sck ; 41.667       ; -0.101     ; 6.845      ;
; 34.747 ; AnalyzerSpiSlave:U3_analyzer_spi|frame_id_latched[2]   ; AnalyzerSpiSlave:U3_analyzer_spi|response_crc[7]  ; mcu_spi_sck  ; mcu_spi_sck ; 41.667       ; 0.185      ; 7.127      ;
; 34.762 ; AnalyzerSpiSlave:U3_analyzer_spi|frame_id_latched[13]  ; AnalyzerSpiSlave:U3_analyzer_spi|response_crc[10] ; mcu_spi_sck  ; mcu_spi_sck ; 41.667       ; -0.101     ; 6.826      ;
; 34.772 ; AnalyzerSpiSlave:U3_analyzer_spi|frame_id_latched[10]  ; AnalyzerSpiSlave:U3_analyzer_spi|response_crc[6]  ; mcu_spi_sck  ; mcu_spi_sck ; 41.667       ; 0.185      ; 7.102      ;
; 34.772 ; AnalyzerSpiSlave:U3_analyzer_spi|frame_id_latched[10]  ; AnalyzerSpiSlave:U3_analyzer_spi|response_crc[11] ; mcu_spi_sck  ; mcu_spi_sck ; 41.667       ; 0.185      ; 7.102      ;
; 34.795 ; AnalyzerSpiSlave:U3_analyzer_spi|otr_count_latched[26] ; AnalyzerSpiSlave:U3_analyzer_spi|response_crc[10] ; mcu_spi_sck  ; mcu_spi_sck ; 41.667       ; -0.107     ; 6.787      ;
; 34.818 ; AnalyzerSpiSlave:U3_analyzer_spi|flags_latched[5]      ; AnalyzerSpiSlave:U3_analyzer_spi|response_crc[10] ; mcu_spi_sck  ; mcu_spi_sck ; 41.667       ; -0.101     ; 6.770      ;
; 34.853 ; AnalyzerSpiSlave:U3_analyzer_spi|otr_count_latched[4]  ; AnalyzerSpiSlave:U3_analyzer_spi|response_crc[5]  ; mcu_spi_sck  ; mcu_spi_sck ; 41.667       ; -0.318     ; 6.518      ;
; 34.895 ; AnalyzerSpiSlave:U3_analyzer_spi|otr_count_latched[26] ; AnalyzerSpiSlave:U3_analyzer_spi|response_crc[7]  ; mcu_spi_sck  ; mcu_spi_sck ; 41.667       ; 0.176      ; 6.970      ;
; 34.933 ; AnalyzerSpiSlave:U3_analyzer_spi|frame_id_latched[13]  ; AnalyzerSpiSlave:U3_analyzer_spi|response_crc[6]  ; mcu_spi_sck  ; mcu_spi_sck ; 41.667       ; 0.185      ; 6.941      ;
; 34.962 ; AnalyzerSpiSlave:U3_analyzer_spi|otr_count_latched[11] ; AnalyzerSpiSlave:U3_analyzer_spi|response_crc[8]  ; mcu_spi_sck  ; mcu_spi_sck ; 41.667       ; 0.224      ; 6.951      ;
; 34.962 ; AnalyzerSpiSlave:U3_analyzer_spi|otr_count_latched[11] ; AnalyzerSpiSlave:U3_analyzer_spi|response_crc[3]  ; mcu_spi_sck  ; mcu_spi_sck ; 41.667       ; 0.224      ; 6.951      ;
; 34.989 ; AnalyzerSpiSlave:U3_analyzer_spi|flags_latched[5]      ; AnalyzerSpiSlave:U3_analyzer_spi|response_crc[6]  ; mcu_spi_sck  ; mcu_spi_sck ; 41.667       ; 0.185      ; 6.885      ;
; 34.993 ; AnalyzerSpiSlave:U3_analyzer_spi|frame_id_latched[4]   ; AnalyzerSpiSlave:U3_analyzer_spi|response_crc[9]  ; mcu_spi_sck  ; mcu_spi_sck ; 41.667       ; 0.009      ; 6.705      ;
; 35.008 ; AnalyzerSpiSlave:U3_analyzer_spi|frame_id_latched[5]   ; AnalyzerSpiSlave:U3_analyzer_spi|response_crc[13] ; mcu_spi_sck  ; mcu_spi_sck ; 41.667       ; 0.226      ; 6.907      ;
; 35.017 ; AnalyzerSpiSlave:U3_analyzer_spi|frame_id_latched[14]  ; AnalyzerSpiSlave:U3_analyzer_spi|response_crc[11] ; mcu_spi_sck  ; mcu_spi_sck ; 41.667       ; -0.036     ; 6.636      ;
; 35.017 ; AnalyzerSpiSlave:U3_analyzer_spi|frame_id_latched[14]  ; AnalyzerSpiSlave:U3_analyzer_spi|response_crc[6]  ; mcu_spi_sck  ; mcu_spi_sck ; 41.667       ; -0.036     ; 6.636      ;
; 35.048 ; AnalyzerSpiSlave:U3_analyzer_spi|otr_count_latched[4]  ; AnalyzerSpiSlave:U3_analyzer_spi|response_crc[0]  ; mcu_spi_sck  ; mcu_spi_sck ; 41.667       ; -0.318     ; 6.323      ;
; 35.055 ; AnalyzerSpiSlave:U3_analyzer_spi|otr_count_latched[4]  ; AnalyzerSpiSlave:U3_analyzer_spi|response_crc[12] ; mcu_spi_sck  ; mcu_spi_sck ; 41.667       ; -0.318     ; 6.316      ;
; 35.055 ; AnalyzerSpiSlave:U3_analyzer_spi|frame_id_latched[10]  ; AnalyzerSpiSlave:U3_analyzer_spi|response_crc[2]  ; mcu_spi_sck  ; mcu_spi_sck ; 41.667       ; 0.226      ; 6.860      ;
; 35.084 ; AnalyzerSpiSlave:U3_analyzer_spi|frame_id_latched[8]   ; AnalyzerSpiSlave:U3_analyzer_spi|response_crc[9]  ; mcu_spi_sck  ; mcu_spi_sck ; 41.667       ; 0.226      ; 6.831      ;
; 35.101 ; AnalyzerSpiSlave:U3_analyzer_spi|frame_id_latched[5]   ; AnalyzerSpiSlave:U3_analyzer_spi|response_crc[10] ; mcu_spi_sck  ; mcu_spi_sck ; 41.667       ; -0.101     ; 6.487      ;
; 35.114 ; AnalyzerSpiSlave:U3_analyzer_spi|flags_latched[1]      ; AnalyzerSpiSlave:U3_analyzer_spi|response_crc[13] ; mcu_spi_sck  ; mcu_spi_sck ; 41.667       ; 0.005      ; 6.580      ;
; 35.155 ; AnalyzerSpiSlave:U3_analyzer_spi|frame_id_latched[9]   ; AnalyzerSpiSlave:U3_analyzer_spi|response_crc[5]  ; mcu_spi_sck  ; mcu_spi_sck ; 41.667       ; -0.103     ; 6.431      ;
; 35.191 ; AnalyzerSpiSlave:U3_analyzer_spi|otr_count_latched[10] ; AnalyzerSpiSlave:U3_analyzer_spi|response_crc[10] ; mcu_spi_sck  ; mcu_spi_sck ; 41.667       ; -0.107     ; 6.391      ;
; 35.200 ; AnalyzerSpiSlave:U3_analyzer_spi|otr_count_latched[20] ; AnalyzerSpiSlave:U3_analyzer_spi|response_crc[9]  ; mcu_spi_sck  ; mcu_spi_sck ; 41.667       ; 0.009      ; 6.498      ;
; 35.263 ; AnalyzerSpiSlave:U3_analyzer_spi|otr_count_latched[31] ; AnalyzerSpiSlave:U3_analyzer_spi|response_crc[8]  ; mcu_spi_sck  ; mcu_spi_sck ; 41.667       ; 0.005      ; 6.431      ;
; 35.263 ; AnalyzerSpiSlave:U3_analyzer_spi|otr_count_latched[31] ; AnalyzerSpiSlave:U3_analyzer_spi|response_crc[3]  ; mcu_spi_sck  ; mcu_spi_sck ; 41.667       ; 0.005      ; 6.431      ;
; 35.272 ; AnalyzerSpiSlave:U3_analyzer_spi|frame_id_latched[5]   ; AnalyzerSpiSlave:U3_analyzer_spi|response_crc[6]  ; mcu_spi_sck  ; mcu_spi_sck ; 41.667       ; 0.185      ; 6.602      ;
; 35.284 ; AnalyzerSpiSlave:U3_analyzer_spi|otr_count_latched[29] ; AnalyzerSpiSlave:U3_analyzer_spi|response_crc[5]  ; mcu_spi_sck  ; mcu_spi_sck ; 41.667       ; -0.318     ; 6.087      ;
; 35.291 ; AnalyzerSpiSlave:U3_analyzer_spi|otr_count_latched[10] ; AnalyzerSpiSlave:U3_analyzer_spi|response_crc[7]  ; mcu_spi_sck  ; mcu_spi_sck ; 41.667       ; 0.176      ; 6.574      ;
; 35.300 ; AnalyzerSpiSlave:U3_analyzer_spi|frame_id_latched[14]  ; AnalyzerSpiSlave:U3_analyzer_spi|response_crc[2]  ; mcu_spi_sck  ; mcu_spi_sck ; 41.667       ; 0.005      ; 6.394      ;
; 35.383 ; AnalyzerSpiSlave:U3_analyzer_spi|flags_latched[6]      ; AnalyzerSpiSlave:U3_analyzer_spi|response_crc[7]  ; mcu_spi_sck  ; mcu_spi_sck ; 41.667       ; -0.032     ; 6.274      ;
; 35.425 ; AnalyzerSpiSlave:U3_analyzer_spi|otr_count_latched[18] ; AnalyzerSpiSlave:U3_analyzer_spi|response_crc[7]  ; mcu_spi_sck  ; mcu_spi_sck ; 41.667       ; 0.185      ; 6.449      ;
; 35.427 ; AnalyzerSpiSlave:U3_analyzer_spi|frame_id_latched[9]   ; AnalyzerSpiSlave:U3_analyzer_spi|response_crc[13] ; mcu_spi_sck  ; mcu_spi_sck ; 41.667       ; 0.224      ; 6.486      ;
; 35.453 ; AnalyzerSpiSlave:U3_analyzer_spi|otr_count_latched[2]  ; AnalyzerSpiSlave:U3_analyzer_spi|response_crc[7]  ; mcu_spi_sck  ; mcu_spi_sck ; 41.667       ; 0.185      ; 6.421      ;
; 35.461 ; AnalyzerSpiSlave:U3_analyzer_spi|frame_id_latched[14]  ; AnalyzerSpiSlave:U3_analyzer_spi|response_crc[8]  ; mcu_spi_sck  ; mcu_spi_sck ; 41.667       ; 0.005      ; 6.233      ;
; 35.461 ; AnalyzerSpiSlave:U3_analyzer_spi|frame_id_latched[14]  ; AnalyzerSpiSlave:U3_analyzer_spi|response_crc[3]  ; mcu_spi_sck  ; mcu_spi_sck ; 41.667       ; 0.005      ; 6.233      ;
; 35.465 ; AnalyzerSpiSlave:U3_analyzer_spi|frame_id_latched[13]  ; AnalyzerSpiSlave:U3_analyzer_spi|response_crc[1]  ; mcu_spi_sck  ; mcu_spi_sck ; 41.667       ; 0.185      ; 6.409      ;
; 35.513 ; AnalyzerSpiSlave:U3_analyzer_spi|frame_id_latched[9]   ; AnalyzerSpiSlave:U3_analyzer_spi|response_crc[10] ; mcu_spi_sck  ; mcu_spi_sck ; 41.667       ; -0.103     ; 6.073      ;
; 35.521 ; AnalyzerSpiSlave:U3_analyzer_spi|flags_latched[5]      ; AnalyzerSpiSlave:U3_analyzer_spi|response_crc[1]  ; mcu_spi_sck  ; mcu_spi_sck ; 41.667       ; 0.185      ; 6.353      ;
; 35.542 ; AnalyzerSpiSlave:U3_analyzer_spi|flags_latched[4]      ; AnalyzerSpiSlave:U3_analyzer_spi|response_crc[4]  ; mcu_spi_sck  ; mcu_spi_sck ; 41.667       ; 0.224      ; 6.371      ;
; 35.547 ; AnalyzerSpiSlave:U3_analyzer_spi|otr_count_latched[30] ; AnalyzerSpiSlave:U3_analyzer_spi|response_crc[10] ; mcu_spi_sck  ; mcu_spi_sck ; 41.667       ; -0.331     ; 5.811      ;
; 35.572 ; AnalyzerSpiSlave:U3_analyzer_spi|frame_id_latched[15]  ; AnalyzerSpiSlave:U3_analyzer_spi|response_crc[8]  ; mcu_spi_sck  ; mcu_spi_sck ; 41.667       ; 0.005      ; 6.122      ;
; 35.572 ; AnalyzerSpiSlave:U3_analyzer_spi|frame_id_latched[15]  ; AnalyzerSpiSlave:U3_analyzer_spi|response_crc[3]  ; mcu_spi_sck  ; mcu_spi_sck ; 41.667       ; 0.005      ; 6.122      ;
; 35.575 ; AnalyzerSpiSlave:U3_analyzer_spi|otr_count_latched[14] ; AnalyzerSpiSlave:U3_analyzer_spi|response_crc[10] ; mcu_spi_sck  ; mcu_spi_sck ; 41.667       ; -0.331     ; 5.783      ;
; 35.590 ; AnalyzerSpiSlave:U3_analyzer_spi|otr_count_latched[26] ; AnalyzerSpiSlave:U3_analyzer_spi|response_crc[6]  ; mcu_spi_sck  ; mcu_spi_sck ; 41.667       ; 0.176      ; 6.275      ;
; 35.590 ; AnalyzerSpiSlave:U3_analyzer_spi|otr_count_latched[26] ; AnalyzerSpiSlave:U3_analyzer_spi|response_crc[11] ; mcu_spi_sck  ; mcu_spi_sck ; 41.667       ; 0.176      ; 6.275      ;
; 35.601 ; AnalyzerSpiSlave:U3_analyzer_spi|otr_count_latched[13] ; AnalyzerSpiSlave:U3_analyzer_spi|response_crc[5]  ; mcu_spi_sck  ; mcu_spi_sck ; 41.667       ; -0.318     ; 5.770      ;
; 35.604 ; AnalyzerSpiSlave:U3_analyzer_spi|frame_id_latched[8]   ; AnalyzerSpiSlave:U3_analyzer_spi|tx_shift[8]      ; mcu_spi_sck  ; mcu_spi_sck ; 41.667       ; 0.278      ; 6.363      ;
; 35.609 ; AnalyzerSpiSlave:U3_analyzer_spi|frame_id_latched[11]  ; AnalyzerSpiSlave:U3_analyzer_spi|response_crc[15] ; mcu_spi_sck  ; mcu_spi_sck ; 41.667       ; 0.299      ; 6.379      ;
; 35.616 ; AnalyzerSpiSlave:U3_analyzer_spi|frame_id_latched[13]  ; AnalyzerSpiSlave:U3_analyzer_spi|response_crc[7]  ; mcu_spi_sck  ; mcu_spi_sck ; 41.667       ; 0.185      ; 6.258      ;
; 35.624 ; AnalyzerSpiSlave:U3_analyzer_spi|otr_count_latched[21] ; AnalyzerSpiSlave:U3_analyzer_spi|response_crc[5]  ; mcu_spi_sck  ; mcu_spi_sck ; 41.667       ; -0.101     ; 5.964      ;
; 35.642 ; AnalyzerSpiSlave:U3_analyzer_spi|otr_count_latched[29] ; AnalyzerSpiSlave:U3_analyzer_spi|response_crc[10] ; mcu_spi_sck  ; mcu_spi_sck ; 41.667       ; -0.318     ; 5.729      ;
; 35.653 ; AnalyzerSpiSlave:U3_analyzer_spi|otr_count_latched[5]  ; AnalyzerSpiSlave:U3_analyzer_spi|response_crc[5]  ; mcu_spi_sck  ; mcu_spi_sck ; 41.667       ; -0.101     ; 5.935      ;
; 35.657 ; AnalyzerSpiSlave:U3_analyzer_spi|flags_latched[1]      ; AnalyzerSpiSlave:U3_analyzer_spi|response_crc[6]  ; mcu_spi_sck  ; mcu_spi_sck ; 41.667       ; -0.036     ; 5.996      ;
; 35.672 ; AnalyzerSpiSlave:U3_analyzer_spi|otr_count_latched[23] ; AnalyzerSpiSlave:U3_analyzer_spi|response_crc[8]  ; mcu_spi_sck  ; mcu_spi_sck ; 41.667       ; 0.224      ; 6.241      ;
; 35.672 ; AnalyzerSpiSlave:U3_analyzer_spi|otr_count_latched[23] ; AnalyzerSpiSlave:U3_analyzer_spi|response_crc[3]  ; mcu_spi_sck  ; mcu_spi_sck ; 41.667       ; 0.224      ; 6.241      ;
; 35.674 ; AnalyzerSpiSlave:U3_analyzer_spi|flags_latched[1]      ; AnalyzerSpiSlave:U3_analyzer_spi|tx_shift[1]      ; mcu_spi_sck  ; mcu_spi_sck ; 41.667       ; -0.008     ; 6.007      ;
; 35.674 ; AnalyzerSpiSlave:U3_analyzer_spi|otr_count_latched[30] ; AnalyzerSpiSlave:U3_analyzer_spi|response_crc[7]  ; mcu_spi_sck  ; mcu_spi_sck ; 41.667       ; -0.036     ; 5.979      ;
; 35.680 ; AnalyzerSpiSlave:U3_analyzer_spi|flags_latched[2]      ; AnalyzerSpiSlave:U3_analyzer_spi|response_crc[2]  ; mcu_spi_sck  ; mcu_spi_sck ; 41.667       ; 0.226      ; 6.235      ;
; 35.684 ; AnalyzerSpiSlave:U3_analyzer_spi|frame_id_latched[9]   ; AnalyzerSpiSlave:U3_analyzer_spi|response_crc[6]  ; mcu_spi_sck  ; mcu_spi_sck ; 41.667       ; 0.183      ; 6.188      ;
; 35.697 ; AnalyzerSpiSlave:U3_analyzer_spi|otr_count_latched[4]  ; AnalyzerSpiSlave:U3_analyzer_spi|response_crc[9]  ; mcu_spi_sck  ; mcu_spi_sck ; 41.667       ; 0.009      ; 6.001      ;
; 35.702 ; AnalyzerSpiSlave:U3_analyzer_spi|otr_count_latched[14] ; AnalyzerSpiSlave:U3_analyzer_spi|response_crc[7]  ; mcu_spi_sck  ; mcu_spi_sck ; 41.667       ; -0.036     ; 5.951      ;
; 35.706 ; AnalyzerSpiSlave:U3_analyzer_spi|frame_id_latched[2]   ; AnalyzerSpiSlave:U3_analyzer_spi|response_crc[2]  ; mcu_spi_sck  ; mcu_spi_sck ; 41.667       ; 0.226      ; 6.209      ;
; 35.713 ; AnalyzerSpiSlave:U3_analyzer_spi|frame_id_latched[6]   ; AnalyzerSpiSlave:U3_analyzer_spi|response_crc[7]  ; mcu_spi_sck  ; mcu_spi_sck ; 41.667       ; -0.032     ; 5.944      ;
; 35.730 ; AnalyzerSpiSlave:U3_analyzer_spi|frame_id_latched[7]   ; AnalyzerSpiSlave:U3_analyzer_spi|response_crc[8]  ; mcu_spi_sck  ; mcu_spi_sck ; 41.667       ; 0.224      ; 6.183      ;
; 35.730 ; AnalyzerSpiSlave:U3_analyzer_spi|frame_id_latched[7]   ; AnalyzerSpiSlave:U3_analyzer_spi|response_crc[3]  ; mcu_spi_sck  ; mcu_spi_sck ; 41.667       ; 0.224      ; 6.183      ;
; 35.744 ; AnalyzerSpiSlave:U3_analyzer_spi|flags_latched[0]      ; AnalyzerSpiSlave:U3_analyzer_spi|response_crc[5]  ; mcu_spi_sck  ; mcu_spi_sck ; 41.667       ; -0.318     ; 5.627      ;
; 35.771 ; AnalyzerSpiSlave:U3_analyzer_spi|frame_id_latched[0]   ; AnalyzerSpiSlave:U3_analyzer_spi|response_crc[5]  ; mcu_spi_sck  ; mcu_spi_sck ; 41.667       ; -0.318     ; 5.600      ;
; 35.791 ; AnalyzerSpiSlave:U3_analyzer_spi|otr_count_latched[28] ; AnalyzerSpiSlave:U3_analyzer_spi|response_crc[9]  ; mcu_spi_sck  ; mcu_spi_sck ; 41.667       ; 0.224      ; 6.122      ;
; 35.804 ; AnalyzerSpiSlave:U3_analyzer_spi|frame_id_latched[5]   ; AnalyzerSpiSlave:U3_analyzer_spi|response_crc[1]  ; mcu_spi_sck  ; mcu_spi_sck ; 41.667       ; 0.185      ; 6.070      ;
; 35.813 ; AnalyzerSpiSlave:U3_analyzer_spi|otr_count_latched[29] ; AnalyzerSpiSlave:U3_analyzer_spi|response_crc[6]  ; mcu_spi_sck  ; mcu_spi_sck ; 41.667       ; -0.032     ; 5.844      ;
; 35.869 ; AnalyzerSpiSlave:U3_analyzer_spi|otr_count_latched[28] ; AnalyzerSpiSlave:U3_analyzer_spi|response_crc[0]  ; mcu_spi_sck  ; mcu_spi_sck ; 41.667       ; -0.103     ; 5.717      ;
+--------+--------------------------------------------------------+---------------------------------------------------+--------------+-------------+--------------+------------+------------+


+---------------------------------------------------------------------------------------------------------------------------------------------------------------------------------------------------------------------------------------------------------------------------------------------------------------------------------------+
; Slow 1200mV 0C Model Hold: 'adc_dco'                                                                                                                                                                                                                                                                                                  ;
+-------+----------------------------------------------------------------------------------------------------------------------------+----------------------------------------------------------------------------------------------------------------------------+--------------+-------------+--------------+------------+------------+
; Slack ; From Node                                                                                                                  ; To Node                                                                                                                    ; Launch Clock ; Latch Clock ; Relationship ; Clock Skew ; Data Delay ;
+-------+----------------------------------------------------------------------------------------------------------------------------+----------------------------------------------------------------------------------------------------------------------------+--------------+-------------+--------------+------------+------------+
; 0.400 ; Ad9233FrameCapture:U2_frame_capture|frame_id[0]                                                                            ; Ad9233FrameCapture:U2_frame_capture|frame_id[0]                                                                            ; adc_dco      ; adc_dco     ; 0.000        ; 0.074      ; 0.669      ;
; 0.400 ; Ad9233FrameCapture:U2_frame_capture|frame_ready                                                                            ; Ad9233FrameCapture:U2_frame_capture|frame_ready                                                                            ; adc_dco      ; adc_dco     ; 0.000        ; 0.074      ; 0.669      ;
; 0.400 ; Ad9233FrameCapture:U2_frame_capture|capture_busy                                                                           ; Ad9233FrameCapture:U2_frame_capture|capture_busy                                                                           ; adc_dco      ; adc_dco     ; 0.000        ; 0.074      ; 0.669      ;
; 0.400 ; Ad9233FrameCapture:U2_frame_capture|Ad9233MultistageDecimator:anti_alias_fir|FirDecimatingStage:stage3|overrun_count[0]    ; Ad9233FrameCapture:U2_frame_capture|Ad9233MultistageDecimator:anti_alias_fir|FirDecimatingStage:stage3|overrun_count[0]    ; adc_dco      ; adc_dco     ; 0.000        ; 0.074      ; 0.669      ;
; 0.400 ; Ad9233FrameCapture:U2_frame_capture|Ad9233MultistageDecimator:anti_alias_fir|FirDecimatingStage:stage3|mac_busy            ; Ad9233FrameCapture:U2_frame_capture|Ad9233MultistageDecimator:anti_alias_fir|FirDecimatingStage:stage3|mac_busy            ; adc_dco      ; adc_dco     ; 0.000        ; 0.074      ; 0.669      ;
; 0.400 ; Ad9233FrameCapture:U2_frame_capture|Ad9233MultistageDecimator:anti_alias_fir|FirDecimatingStage:stage3|decimation_count[1] ; Ad9233FrameCapture:U2_frame_capture|Ad9233MultistageDecimator:anti_alias_fir|FirDecimatingStage:stage3|decimation_count[1] ; adc_dco      ; adc_dco     ; 0.000        ; 0.074      ; 0.669      ;
; 0.400 ; Ad9233FrameCapture:U2_frame_capture|Ad9233MultistageDecimator:anti_alias_fir|FirDecimatingStage:stage2|overrun_count[0]    ; Ad9233FrameCapture:U2_frame_capture|Ad9233MultistageDecimator:anti_alias_fir|FirDecimatingStage:stage2|overrun_count[0]    ; adc_dco      ; adc_dco     ; 0.000        ; 0.074      ; 0.669      ;
; 0.400 ; Ad9233FrameCapture:U2_frame_capture|Ad9233MultistageDecimator:anti_alias_fir|FirDecimatingStage:stage2|mac_busy            ; Ad9233FrameCapture:U2_frame_capture|Ad9233MultistageDecimator:anti_alias_fir|FirDecimatingStage:stage2|mac_busy            ; adc_dco      ; adc_dco     ; 0.000        ; 0.074      ; 0.669      ;
; 0.400 ; Ad9233FrameCapture:U2_frame_capture|Ad9233MultistageDecimator:anti_alias_fir|FirDecimatingStage:stage1|issue_batch[0]      ; Ad9233FrameCapture:U2_frame_capture|Ad9233MultistageDecimator:anti_alias_fir|FirDecimatingStage:stage1|issue_batch[0]      ; adc_dco      ; adc_dco     ; 0.000        ; 0.074      ; 0.669      ;
; 0.400 ; Ad9233FrameCapture:U2_frame_capture|Ad9233MultistageDecimator:anti_alias_fir|FirDecimatingStage:stage1|issue_batch[1]      ; Ad9233FrameCapture:U2_frame_capture|Ad9233MultistageDecimator:anti_alias_fir|FirDecimatingStage:stage1|issue_batch[1]      ; adc_dco      ; adc_dco     ; 0.000        ; 0.074      ; 0.669      ;
; 0.400 ; Ad9233FrameCapture:U2_frame_capture|Ad9233MultistageDecimator:anti_alias_fir|FirDecimatingStage:stage1|issue_batch[2]      ; Ad9233FrameCapture:U2_frame_capture|Ad9233MultistageDecimator:anti_alias_fir|FirDecimatingStage:stage1|issue_batch[2]      ; adc_dco      ; adc_dco     ; 0.000        ; 0.074      ; 0.669      ;
; 0.400 ; Ad9233FrameCapture:U2_frame_capture|Ad9233MultistageDecimator:anti_alias_fir|FirDecimatingStage:stage1|issue_batch[3]      ; Ad9233FrameCapture:U2_frame_capture|Ad9233MultistageDecimator:anti_alias_fir|FirDecimatingStage:stage1|issue_batch[3]      ; adc_dco      ; adc_dco     ; 0.000        ; 0.074      ; 0.669      ;
; 0.400 ; Ad9233FrameCapture:U2_frame_capture|Ad9233MultistageDecimator:anti_alias_fir|FirDecimatingStage:stage1|issue_batch[4]      ; Ad9233FrameCapture:U2_frame_capture|Ad9233MultistageDecimator:anti_alias_fir|FirDecimatingStage:stage1|issue_batch[4]      ; adc_dco      ; adc_dco     ; 0.000        ; 0.074      ; 0.669      ;
; 0.400 ; Ad9233FrameCapture:U2_frame_capture|Ad9233MultistageDecimator:anti_alias_fir|FirDecimatingStage:stage1|warmup_count[0]     ; Ad9233FrameCapture:U2_frame_capture|Ad9233MultistageDecimator:anti_alias_fir|FirDecimatingStage:stage1|warmup_count[0]     ; adc_dco      ; adc_dco     ; 0.000        ; 0.074      ; 0.669      ;
; 0.400 ; Ad9233FrameCapture:U2_frame_capture|Ad9233MultistageDecimator:anti_alias_fir|FirDecimatingStage:stage3|snapshot[29][14]    ; Ad9233FrameCapture:U2_frame_capture|Ad9233MultistageDecimator:anti_alias_fir|FirDecimatingStage:stage3|snapshot[29][14]    ; adc_dco      ; adc_dco     ; 0.000        ; 0.074      ; 0.669      ;
; 0.400 ; Ad9233FrameCapture:U2_frame_capture|Ad9233MultistageDecimator:anti_alias_fir|FirDecimatingStage:stage3|snapshot[23][3]     ; Ad9233FrameCapture:U2_frame_capture|Ad9233MultistageDecimator:anti_alias_fir|FirDecimatingStage:stage3|snapshot[23][3]     ; adc_dco      ; adc_dco     ; 0.000        ; 0.074      ; 0.669      ;
; 0.400 ; Ad9233FrameCapture:U2_frame_capture|Ad9233MultistageDecimator:anti_alias_fir|FirDecimatingStage:stage3|snapshot[21][3]     ; Ad9233FrameCapture:U2_frame_capture|Ad9233MultistageDecimator:anti_alias_fir|FirDecimatingStage:stage3|snapshot[21][3]     ; adc_dco      ; adc_dco     ; 0.000        ; 0.074      ; 0.669      ;
; 0.400 ; Ad9233FrameCapture:U2_frame_capture|Ad9233MultistageDecimator:anti_alias_fir|FirDecimatingStage:stage3|snapshot[20][3]     ; Ad9233FrameCapture:U2_frame_capture|Ad9233MultistageDecimator:anti_alias_fir|FirDecimatingStage:stage3|snapshot[20][3]     ; adc_dco      ; adc_dco     ; 0.000        ; 0.074      ; 0.669      ;
; 0.400 ; Ad9233FrameCapture:U2_frame_capture|Ad9233MultistageDecimator:anti_alias_fir|FirDecimatingStage:stage3|snapshot[22][3]     ; Ad9233FrameCapture:U2_frame_capture|Ad9233MultistageDecimator:anti_alias_fir|FirDecimatingStage:stage3|snapshot[22][3]     ; adc_dco      ; adc_dco     ; 0.000        ; 0.074      ; 0.669      ;
; 0.400 ; Ad9233FrameCapture:U2_frame_capture|Ad9233MultistageDecimator:anti_alias_fir|FirDecimatingStage:stage3|snapshot[19][3]     ; Ad9233FrameCapture:U2_frame_capture|Ad9233MultistageDecimator:anti_alias_fir|FirDecimatingStage:stage3|snapshot[19][3]     ; adc_dco      ; adc_dco     ; 0.000        ; 0.074      ; 0.669      ;
; 0.400 ; Ad9233FrameCapture:U2_frame_capture|Ad9233MultistageDecimator:anti_alias_fir|FirDecimatingStage:stage3|snapshot[24][3]     ; Ad9233FrameCapture:U2_frame_capture|Ad9233MultistageDecimator:anti_alias_fir|FirDecimatingStage:stage3|snapshot[24][3]     ; adc_dco      ; adc_dco     ; 0.000        ; 0.074      ; 0.669      ;
; 0.400 ; Ad9233FrameCapture:U2_frame_capture|Ad9233MultistageDecimator:anti_alias_fir|FirDecimatingStage:stage3|snapshot[11][3]     ; Ad9233FrameCapture:U2_frame_capture|Ad9233MultistageDecimator:anti_alias_fir|FirDecimatingStage:stage3|snapshot[11][3]     ; adc_dco      ; adc_dco     ; 0.000        ; 0.074      ; 0.669      ;
; 0.400 ; Ad9233FrameCapture:U2_frame_capture|Ad9233MultistageDecimator:anti_alias_fir|FirDecimatingStage:stage3|snapshot[15][3]     ; Ad9233FrameCapture:U2_frame_capture|Ad9233MultistageDecimator:anti_alias_fir|FirDecimatingStage:stage3|snapshot[15][3]     ; adc_dco      ; adc_dco     ; 0.000        ; 0.074      ; 0.669      ;
; 0.400 ; Ad9233FrameCapture:U2_frame_capture|Ad9233MultistageDecimator:anti_alias_fir|FirDecimatingStage:stage3|snapshot[14][3]     ; Ad9233FrameCapture:U2_frame_capture|Ad9233MultistageDecimator:anti_alias_fir|FirDecimatingStage:stage3|snapshot[14][3]     ; adc_dco      ; adc_dco     ; 0.000        ; 0.074      ; 0.669      ;
; 0.400 ; Ad9233FrameCapture:U2_frame_capture|Ad9233MultistageDecimator:anti_alias_fir|FirDecimatingStage:stage3|snapshot[3][3]      ; Ad9233FrameCapture:U2_frame_capture|Ad9233MultistageDecimator:anti_alias_fir|FirDecimatingStage:stage3|snapshot[3][3]      ; adc_dco      ; adc_dco     ; 0.000        ; 0.074      ; 0.669      ;
; 0.400 ; Ad9233FrameCapture:U2_frame_capture|Ad9233MultistageDecimator:anti_alias_fir|FirDecimatingStage:stage3|snapshot[2][3]      ; Ad9233FrameCapture:U2_frame_capture|Ad9233MultistageDecimator:anti_alias_fir|FirDecimatingStage:stage3|snapshot[2][3]      ; adc_dco      ; adc_dco     ; 0.000        ; 0.074      ; 0.669      ;
; 0.400 ; Ad9233FrameCapture:U2_frame_capture|Ad9233MultistageDecimator:anti_alias_fir|FirDecimatingStage:stage3|snapshot[6][3]      ; Ad9233FrameCapture:U2_frame_capture|Ad9233MultistageDecimator:anti_alias_fir|FirDecimatingStage:stage3|snapshot[6][3]      ; adc_dco      ; adc_dco     ; 0.000        ; 0.074      ; 0.669      ;
; 0.400 ; Ad9233FrameCapture:U2_frame_capture|Ad9233MultistageDecimator:anti_alias_fir|FirDecimatingStage:stage3|snapshot[12][3]     ; Ad9233FrameCapture:U2_frame_capture|Ad9233MultistageDecimator:anti_alias_fir|FirDecimatingStage:stage3|snapshot[12][3]     ; adc_dco      ; adc_dco     ; 0.000        ; 0.074      ; 0.669      ;
; 0.400 ; Ad9233FrameCapture:U2_frame_capture|Ad9233MultistageDecimator:anti_alias_fir|FirDecimatingStage:stage3|snapshot[5][3]      ; Ad9233FrameCapture:U2_frame_capture|Ad9233MultistageDecimator:anti_alias_fir|FirDecimatingStage:stage3|snapshot[5][3]      ; adc_dco      ; adc_dco     ; 0.000        ; 0.074      ; 0.669      ;
; 0.400 ; Ad9233FrameCapture:U2_frame_capture|Ad9233MultistageDecimator:anti_alias_fir|FirDecimatingStage:stage3|snapshot[4][3]      ; Ad9233FrameCapture:U2_frame_capture|Ad9233MultistageDecimator:anti_alias_fir|FirDecimatingStage:stage3|snapshot[4][3]      ; adc_dco      ; adc_dco     ; 0.000        ; 0.074      ; 0.669      ;
; 0.400 ; Ad9233FrameCapture:U2_frame_capture|Ad9233MultistageDecimator:anti_alias_fir|FirDecimatingStage:stage3|snapshot[32][16]    ; Ad9233FrameCapture:U2_frame_capture|Ad9233MultistageDecimator:anti_alias_fir|FirDecimatingStage:stage3|snapshot[32][16]    ; adc_dco      ; adc_dco     ; 0.000        ; 0.074      ; 0.669      ;
; 0.400 ; Ad9233FrameCapture:U2_frame_capture|Ad9233MultistageDecimator:anti_alias_fir|FirDecimatingStage:stage3|snapshot[30][16]    ; Ad9233FrameCapture:U2_frame_capture|Ad9233MultistageDecimator:anti_alias_fir|FirDecimatingStage:stage3|snapshot[30][16]    ; adc_dco      ; adc_dco     ; 0.000        ; 0.074      ; 0.669      ;
; 0.400 ; Ad9233FrameCapture:U2_frame_capture|Ad9233MultistageDecimator:anti_alias_fir|FirDecimatingStage:stage3|snapshot[18][16]    ; Ad9233FrameCapture:U2_frame_capture|Ad9233MultistageDecimator:anti_alias_fir|FirDecimatingStage:stage3|snapshot[18][16]    ; adc_dco      ; adc_dco     ; 0.000        ; 0.074      ; 0.669      ;
; 0.400 ; Ad9233FrameCapture:U2_frame_capture|Ad9233MultistageDecimator:anti_alias_fir|FirDecimatingStage:stage3|snapshot[26][16]    ; Ad9233FrameCapture:U2_frame_capture|Ad9233MultistageDecimator:anti_alias_fir|FirDecimatingStage:stage3|snapshot[26][16]    ; adc_dco      ; adc_dco     ; 0.000        ; 0.074      ; 0.669      ;
; 0.400 ; Ad9233FrameCapture:U2_frame_capture|Ad9233MultistageDecimator:anti_alias_fir|FirDecimatingStage:stage3|snapshot[29][16]    ; Ad9233FrameCapture:U2_frame_capture|Ad9233MultistageDecimator:anti_alias_fir|FirDecimatingStage:stage3|snapshot[29][16]    ; adc_dco      ; adc_dco     ; 0.000        ; 0.074      ; 0.669      ;
; 0.400 ; Ad9233FrameCapture:U2_frame_capture|Ad9233MultistageDecimator:anti_alias_fir|FirDecimatingStage:stage3|snapshot[21][16]    ; Ad9233FrameCapture:U2_frame_capture|Ad9233MultistageDecimator:anti_alias_fir|FirDecimatingStage:stage3|snapshot[21][16]    ; adc_dco      ; adc_dco     ; 0.000        ; 0.074      ; 0.669      ;
; 0.400 ; Ad9233FrameCapture:U2_frame_capture|Ad9233MultistageDecimator:anti_alias_fir|FirDecimatingStage:stage3|snapshot[17][16]    ; Ad9233FrameCapture:U2_frame_capture|Ad9233MultistageDecimator:anti_alias_fir|FirDecimatingStage:stage3|snapshot[17][16]    ; adc_dco      ; adc_dco     ; 0.000        ; 0.074      ; 0.669      ;
; 0.400 ; Ad9233FrameCapture:U2_frame_capture|Ad9233MultistageDecimator:anti_alias_fir|FirDecimatingStage:stage3|snapshot[25][16]    ; Ad9233FrameCapture:U2_frame_capture|Ad9233MultistageDecimator:anti_alias_fir|FirDecimatingStage:stage3|snapshot[25][16]    ; adc_dco      ; adc_dco     ; 0.000        ; 0.074      ; 0.669      ;
; 0.400 ; Ad9233FrameCapture:U2_frame_capture|Ad9233MultistageDecimator:anti_alias_fir|FirDecimatingStage:stage3|snapshot[16][16]    ; Ad9233FrameCapture:U2_frame_capture|Ad9233MultistageDecimator:anti_alias_fir|FirDecimatingStage:stage3|snapshot[16][16]    ; adc_dco      ; adc_dco     ; 0.000        ; 0.074      ; 0.669      ;
; 0.400 ; Ad9233FrameCapture:U2_frame_capture|Ad9233MultistageDecimator:anti_alias_fir|FirDecimatingStage:stage3|snapshot[24][16]    ; Ad9233FrameCapture:U2_frame_capture|Ad9233MultistageDecimator:anti_alias_fir|FirDecimatingStage:stage3|snapshot[24][16]    ; adc_dco      ; adc_dco     ; 0.000        ; 0.074      ; 0.669      ;
; 0.400 ; Ad9233FrameCapture:U2_frame_capture|Ad9233MultistageDecimator:anti_alias_fir|FirDecimatingStage:stage3|snapshot[31][16]    ; Ad9233FrameCapture:U2_frame_capture|Ad9233MultistageDecimator:anti_alias_fir|FirDecimatingStage:stage3|snapshot[31][16]    ; adc_dco      ; adc_dco     ; 0.000        ; 0.074      ; 0.669      ;
; 0.400 ; Ad9233FrameCapture:U2_frame_capture|Ad9233MultistageDecimator:anti_alias_fir|FirDecimatingStage:stage3|snapshot[11][16]    ; Ad9233FrameCapture:U2_frame_capture|Ad9233MultistageDecimator:anti_alias_fir|FirDecimatingStage:stage3|snapshot[11][16]    ; adc_dco      ; adc_dco     ; 0.000        ; 0.074      ; 0.669      ;
; 0.400 ; Ad9233FrameCapture:U2_frame_capture|Ad9233MultistageDecimator:anti_alias_fir|FirDecimatingStage:stage3|snapshot[15][16]    ; Ad9233FrameCapture:U2_frame_capture|Ad9233MultistageDecimator:anti_alias_fir|FirDecimatingStage:stage3|snapshot[15][16]    ; adc_dco      ; adc_dco     ; 0.000        ; 0.074      ; 0.669      ;
; 0.400 ; Ad9233FrameCapture:U2_frame_capture|Ad9233MultistageDecimator:anti_alias_fir|FirDecimatingStage:stage3|snapshot[4][15]     ; Ad9233FrameCapture:U2_frame_capture|Ad9233MultistageDecimator:anti_alias_fir|FirDecimatingStage:stage3|snapshot[4][15]     ; adc_dco      ; adc_dco     ; 0.000        ; 0.074      ; 0.669      ;
; 0.400 ; Ad9233FrameCapture:U2_frame_capture|Ad9233MultistageDecimator:anti_alias_fir|FirDecimatingStage:stage3|snapshot[6][15]     ; Ad9233FrameCapture:U2_frame_capture|Ad9233MultistageDecimator:anti_alias_fir|FirDecimatingStage:stage3|snapshot[6][15]     ; adc_dco      ; adc_dco     ; 0.000        ; 0.074      ; 0.669      ;
; 0.400 ; Ad9233FrameCapture:U2_frame_capture|Ad9233MultistageDecimator:anti_alias_fir|FirDecimatingStage:stage3|snapshot[23][15]    ; Ad9233FrameCapture:U2_frame_capture|Ad9233MultistageDecimator:anti_alias_fir|FirDecimatingStage:stage3|snapshot[23][15]    ; adc_dco      ; adc_dco     ; 0.000        ; 0.074      ; 0.669      ;
; 0.400 ; Ad9233FrameCapture:U2_frame_capture|Ad9233MultistageDecimator:anti_alias_fir|FirDecimatingStage:stage3|snapshot[24][15]    ; Ad9233FrameCapture:U2_frame_capture|Ad9233MultistageDecimator:anti_alias_fir|FirDecimatingStage:stage3|snapshot[24][15]    ; adc_dco      ; adc_dco     ; 0.000        ; 0.074      ; 0.669      ;
; 0.400 ; Ad9233FrameCapture:U2_frame_capture|Ad9233MultistageDecimator:anti_alias_fir|FirDecimatingStage:stage3|snapshot[28][15]    ; Ad9233FrameCapture:U2_frame_capture|Ad9233MultistageDecimator:anti_alias_fir|FirDecimatingStage:stage3|snapshot[28][15]    ; adc_dco      ; adc_dco     ; 0.000        ; 0.074      ; 0.669      ;
; 0.400 ; Ad9233FrameCapture:U2_frame_capture|Ad9233MultistageDecimator:anti_alias_fir|FirDecimatingStage:stage3|snapshot[27][15]    ; Ad9233FrameCapture:U2_frame_capture|Ad9233MultistageDecimator:anti_alias_fir|FirDecimatingStage:stage3|snapshot[27][15]    ; adc_dco      ; adc_dco     ; 0.000        ; 0.074      ; 0.669      ;
; 0.400 ; Ad9233FrameCapture:U2_frame_capture|Ad9233MultistageDecimator:anti_alias_fir|FirDecimatingStage:stage3|snapshot[14][15]    ; Ad9233FrameCapture:U2_frame_capture|Ad9233MultistageDecimator:anti_alias_fir|FirDecimatingStage:stage3|snapshot[14][15]    ; adc_dco      ; adc_dco     ; 0.000        ; 0.074      ; 0.669      ;
; 0.400 ; Ad9233FrameCapture:U2_frame_capture|Ad9233MultistageDecimator:anti_alias_fir|FirDecimatingStage:stage3|snapshot[12][15]    ; Ad9233FrameCapture:U2_frame_capture|Ad9233MultistageDecimator:anti_alias_fir|FirDecimatingStage:stage3|snapshot[12][15]    ; adc_dco      ; adc_dco     ; 0.000        ; 0.074      ; 0.669      ;
; 0.400 ; Ad9233FrameCapture:U2_frame_capture|Ad9233MultistageDecimator:anti_alias_fir|FirDecimatingStage:stage3|snapshot[16][15]    ; Ad9233FrameCapture:U2_frame_capture|Ad9233MultistageDecimator:anti_alias_fir|FirDecimatingStage:stage3|snapshot[16][15]    ; adc_dco      ; adc_dco     ; 0.000        ; 0.074      ; 0.669      ;
; 0.400 ; Ad9233FrameCapture:U2_frame_capture|Ad9233MultistageDecimator:anti_alias_fir|FirDecimatingStage:stage3|snapshot[13][15]    ; Ad9233FrameCapture:U2_frame_capture|Ad9233MultistageDecimator:anti_alias_fir|FirDecimatingStage:stage3|snapshot[13][15]    ; adc_dco      ; adc_dco     ; 0.000        ; 0.074      ; 0.669      ;
; 0.400 ; Ad9233FrameCapture:U2_frame_capture|Ad9233MultistageDecimator:anti_alias_fir|FirDecimatingStage:stage3|snapshot[37][12]    ; Ad9233FrameCapture:U2_frame_capture|Ad9233MultistageDecimator:anti_alias_fir|FirDecimatingStage:stage3|snapshot[37][12]    ; adc_dco      ; adc_dco     ; 0.000        ; 0.074      ; 0.669      ;
; 0.400 ; Ad9233FrameCapture:U2_frame_capture|Ad9233MultistageDecimator:anti_alias_fir|FirDecimatingStage:stage3|snapshot[38][12]    ; Ad9233FrameCapture:U2_frame_capture|Ad9233MultistageDecimator:anti_alias_fir|FirDecimatingStage:stage3|snapshot[38][12]    ; adc_dco      ; adc_dco     ; 0.000        ; 0.074      ; 0.669      ;
; 0.400 ; Ad9233FrameCapture:U2_frame_capture|Ad9233MultistageDecimator:anti_alias_fir|FirDecimatingStage:stage3|snapshot[32][12]    ; Ad9233FrameCapture:U2_frame_capture|Ad9233MultistageDecimator:anti_alias_fir|FirDecimatingStage:stage3|snapshot[32][12]    ; adc_dco      ; adc_dco     ; 0.000        ; 0.074      ; 0.669      ;
; 0.400 ; Ad9233FrameCapture:U2_frame_capture|Ad9233MultistageDecimator:anti_alias_fir|FirDecimatingStage:stage3|snapshot[31][12]    ; Ad9233FrameCapture:U2_frame_capture|Ad9233MultistageDecimator:anti_alias_fir|FirDecimatingStage:stage3|snapshot[31][12]    ; adc_dco      ; adc_dco     ; 0.000        ; 0.074      ; 0.669      ;
; 0.400 ; Ad9233FrameCapture:U2_frame_capture|Ad9233MultistageDecimator:anti_alias_fir|FirDecimatingStage:stage3|snapshot[27][12]    ; Ad9233FrameCapture:U2_frame_capture|Ad9233MultistageDecimator:anti_alias_fir|FirDecimatingStage:stage3|snapshot[27][12]    ; adc_dco      ; adc_dco     ; 0.000        ; 0.074      ; 0.669      ;
; 0.400 ; Ad9233FrameCapture:U2_frame_capture|Ad9233MultistageDecimator:anti_alias_fir|FirDecimatingStage:stage3|snapshot[29][12]    ; Ad9233FrameCapture:U2_frame_capture|Ad9233MultistageDecimator:anti_alias_fir|FirDecimatingStage:stage3|snapshot[29][12]    ; adc_dco      ; adc_dco     ; 0.000        ; 0.074      ; 0.669      ;
; 0.400 ; Ad9233FrameCapture:U2_frame_capture|Ad9233MultistageDecimator:anti_alias_fir|FirDecimatingStage:stage3|snapshot[25][12]    ; Ad9233FrameCapture:U2_frame_capture|Ad9233MultistageDecimator:anti_alias_fir|FirDecimatingStage:stage3|snapshot[25][12]    ; adc_dco      ; adc_dco     ; 0.000        ; 0.074      ; 0.669      ;
; 0.400 ; Ad9233FrameCapture:U2_frame_capture|Ad9233MultistageDecimator:anti_alias_fir|FirDecimatingStage:stage3|snapshot[30][12]    ; Ad9233FrameCapture:U2_frame_capture|Ad9233MultistageDecimator:anti_alias_fir|FirDecimatingStage:stage3|snapshot[30][12]    ; adc_dco      ; adc_dco     ; 0.000        ; 0.074      ; 0.669      ;
; 0.400 ; Ad9233FrameCapture:U2_frame_capture|Ad9233MultistageDecimator:anti_alias_fir|FirDecimatingStage:stage3|snapshot[37][16]    ; Ad9233FrameCapture:U2_frame_capture|Ad9233MultistageDecimator:anti_alias_fir|FirDecimatingStage:stage3|snapshot[37][16]    ; adc_dco      ; adc_dco     ; 0.000        ; 0.074      ; 0.669      ;
; 0.400 ; Ad9233FrameCapture:U2_frame_capture|Ad9233MultistageDecimator:anti_alias_fir|FirDecimatingStage:stage3|snapshot[38][16]    ; Ad9233FrameCapture:U2_frame_capture|Ad9233MultistageDecimator:anti_alias_fir|FirDecimatingStage:stage3|snapshot[38][16]    ; adc_dco      ; adc_dco     ; 0.000        ; 0.074      ; 0.669      ;
; 0.400 ; Ad9233FrameCapture:U2_frame_capture|Ad9233MultistageDecimator:anti_alias_fir|FirDecimatingStage:stage3|snapshot[36][16]    ; Ad9233FrameCapture:U2_frame_capture|Ad9233MultistageDecimator:anti_alias_fir|FirDecimatingStage:stage3|snapshot[36][16]    ; adc_dco      ; adc_dco     ; 0.000        ; 0.074      ; 0.669      ;
; 0.400 ; Ad9233FrameCapture:U2_frame_capture|Ad9233MultistageDecimator:anti_alias_fir|FirDecimatingStage:stage3|snapshot[35][16]    ; Ad9233FrameCapture:U2_frame_capture|Ad9233MultistageDecimator:anti_alias_fir|FirDecimatingStage:stage3|snapshot[35][16]    ; adc_dco      ; adc_dco     ; 0.000        ; 0.074      ; 0.669      ;
; 0.400 ; Ad9233FrameCapture:U2_frame_capture|Ad9233MultistageDecimator:anti_alias_fir|FirDecimatingStage:stage3|snapshot[34][16]    ; Ad9233FrameCapture:U2_frame_capture|Ad9233MultistageDecimator:anti_alias_fir|FirDecimatingStage:stage3|snapshot[34][16]    ; adc_dco      ; adc_dco     ; 0.000        ; 0.074      ; 0.669      ;
; 0.400 ; Ad9233FrameCapture:U2_frame_capture|Ad9233MultistageDecimator:anti_alias_fir|FirDecimatingStage:stage3|snapshot[33][16]    ; Ad9233FrameCapture:U2_frame_capture|Ad9233MultistageDecimator:anti_alias_fir|FirDecimatingStage:stage3|snapshot[33][16]    ; adc_dco      ; adc_dco     ; 0.000        ; 0.074      ; 0.669      ;
; 0.401 ; Ad9233FrameCapture:U2_frame_capture|Ad9233MultistageDecimator:anti_alias_fir|FirDecimatingStage:stage2|issue_batch[3]      ; Ad9233FrameCapture:U2_frame_capture|Ad9233MultistageDecimator:anti_alias_fir|FirDecimatingStage:stage2|issue_batch[3]      ; adc_dco      ; adc_dco     ; 0.000        ; 0.073      ; 0.669      ;
; 0.401 ; Ad9233FrameCapture:U2_frame_capture|Ad9233MultistageDecimator:anti_alias_fir|FirDecimatingStage:stage2|issue_batch[4]      ; Ad9233FrameCapture:U2_frame_capture|Ad9233MultistageDecimator:anti_alias_fir|FirDecimatingStage:stage2|issue_batch[4]      ; adc_dco      ; adc_dco     ; 0.000        ; 0.073      ; 0.669      ;
; 0.401 ; Ad9233FrameCapture:U2_frame_capture|Ad9233MultistageDecimator:anti_alias_fir|FirDecimatingStage:stage2|warmup_count[0]     ; Ad9233FrameCapture:U2_frame_capture|Ad9233MultistageDecimator:anti_alias_fir|FirDecimatingStage:stage2|warmup_count[0]     ; adc_dco      ; adc_dco     ; 0.000        ; 0.073      ; 0.669      ;
; 0.401 ; Ad9233FrameCapture:U2_frame_capture|Ad9233MultistageDecimator:anti_alias_fir|FirDecimatingStage:stage3|issue_batch[4]      ; Ad9233FrameCapture:U2_frame_capture|Ad9233MultistageDecimator:anti_alias_fir|FirDecimatingStage:stage3|issue_batch[4]      ; adc_dco      ; adc_dco     ; 0.000        ; 0.073      ; 0.669      ;
; 0.401 ; Ad9233FrameCapture:U2_frame_capture|Ad9233MultistageDecimator:anti_alias_fir|FirDecimatingStage:stage3|warmup_count[0]     ; Ad9233FrameCapture:U2_frame_capture|Ad9233MultistageDecimator:anti_alias_fir|FirDecimatingStage:stage3|warmup_count[0]     ; adc_dco      ; adc_dco     ; 0.000        ; 0.073      ; 0.669      ;
; 0.401 ; Ad9233FrameCapture:U2_frame_capture|Ad9233MultistageDecimator:anti_alias_fir|FirDecimatingStage:stage1|overrun_count[0]    ; Ad9233FrameCapture:U2_frame_capture|Ad9233MultistageDecimator:anti_alias_fir|FirDecimatingStage:stage1|overrun_count[0]    ; adc_dco      ; adc_dco     ; 0.000        ; 0.073      ; 0.669      ;
; 0.401 ; Ad9233FrameCapture:U2_frame_capture|Ad9233MultistageDecimator:anti_alias_fir|FirDecimatingStage:stage1|mac_busy            ; Ad9233FrameCapture:U2_frame_capture|Ad9233MultistageDecimator:anti_alias_fir|FirDecimatingStage:stage1|mac_busy            ; adc_dco      ; adc_dco     ; 0.000        ; 0.073      ; 0.669      ;
; 0.401 ; Ad9233FrameCapture:U2_frame_capture|Ad9233MultistageDecimator:anti_alias_fir|FirDecimatingStage:stage3|snapshot[25][14]    ; Ad9233FrameCapture:U2_frame_capture|Ad9233MultistageDecimator:anti_alias_fir|FirDecimatingStage:stage3|snapshot[25][14]    ; adc_dco      ; adc_dco     ; 0.000        ; 0.073      ; 0.669      ;
; 0.401 ; Ad9233FrameCapture:U2_frame_capture|Ad9233MultistageDecimator:anti_alias_fir|FirDecimatingStage:stage3|snapshot[17][14]    ; Ad9233FrameCapture:U2_frame_capture|Ad9233MultistageDecimator:anti_alias_fir|FirDecimatingStage:stage3|snapshot[17][14]    ; adc_dco      ; adc_dco     ; 0.000        ; 0.073      ; 0.669      ;
; 0.401 ; Ad9233FrameCapture:U2_frame_capture|Ad9233MultistageDecimator:anti_alias_fir|FirDecimatingStage:stage3|snapshot[21][14]    ; Ad9233FrameCapture:U2_frame_capture|Ad9233MultistageDecimator:anti_alias_fir|FirDecimatingStage:stage3|snapshot[21][14]    ; adc_dco      ; adc_dco     ; 0.000        ; 0.073      ; 0.669      ;
; 0.401 ; Ad9233FrameCapture:U2_frame_capture|Ad9233MultistageDecimator:anti_alias_fir|FirDecimatingStage:stage3|snapshot[31][14]    ; Ad9233FrameCapture:U2_frame_capture|Ad9233MultistageDecimator:anti_alias_fir|FirDecimatingStage:stage3|snapshot[31][14]    ; adc_dco      ; adc_dco     ; 0.000        ; 0.073      ; 0.669      ;
; 0.401 ; Ad9233FrameCapture:U2_frame_capture|Ad9233MultistageDecimator:anti_alias_fir|FirDecimatingStage:stage3|snapshot[19][14]    ; Ad9233FrameCapture:U2_frame_capture|Ad9233MultistageDecimator:anti_alias_fir|FirDecimatingStage:stage3|snapshot[19][14]    ; adc_dco      ; adc_dco     ; 0.000        ; 0.073      ; 0.669      ;
; 0.401 ; Ad9233FrameCapture:U2_frame_capture|Ad9233MultistageDecimator:anti_alias_fir|FirDecimatingStage:stage3|snapshot[23][14]    ; Ad9233FrameCapture:U2_frame_capture|Ad9233MultistageDecimator:anti_alias_fir|FirDecimatingStage:stage3|snapshot[23][14]    ; adc_dco      ; adc_dco     ; 0.000        ; 0.073      ; 0.669      ;
; 0.401 ; Ad9233FrameCapture:U2_frame_capture|Ad9233MultistageDecimator:anti_alias_fir|FirDecimatingStage:stage3|snapshot[27][14]    ; Ad9233FrameCapture:U2_frame_capture|Ad9233MultistageDecimator:anti_alias_fir|FirDecimatingStage:stage3|snapshot[27][14]    ; adc_dco      ; adc_dco     ; 0.000        ; 0.073      ; 0.669      ;
; 0.401 ; Ad9233FrameCapture:U2_frame_capture|Ad9233MultistageDecimator:anti_alias_fir|FirDecimatingStage:stage3|snapshot[30][14]    ; Ad9233FrameCapture:U2_frame_capture|Ad9233MultistageDecimator:anti_alias_fir|FirDecimatingStage:stage3|snapshot[30][14]    ; adc_dco      ; adc_dco     ; 0.000        ; 0.073      ; 0.669      ;
; 0.401 ; Ad9233FrameCapture:U2_frame_capture|Ad9233MultistageDecimator:anti_alias_fir|FirDecimatingStage:stage3|snapshot[18][14]    ; Ad9233FrameCapture:U2_frame_capture|Ad9233MultistageDecimator:anti_alias_fir|FirDecimatingStage:stage3|snapshot[18][14]    ; adc_dco      ; adc_dco     ; 0.000        ; 0.073      ; 0.669      ;
; 0.401 ; Ad9233FrameCapture:U2_frame_capture|Ad9233MultistageDecimator:anti_alias_fir|FirDecimatingStage:stage3|snapshot[26][14]    ; Ad9233FrameCapture:U2_frame_capture|Ad9233MultistageDecimator:anti_alias_fir|FirDecimatingStage:stage3|snapshot[26][14]    ; adc_dco      ; adc_dco     ; 0.000        ; 0.073      ; 0.669      ;
; 0.401 ; Ad9233FrameCapture:U2_frame_capture|Ad9233MultistageDecimator:anti_alias_fir|FirDecimatingStage:stage3|snapshot[13][14]    ; Ad9233FrameCapture:U2_frame_capture|Ad9233MultistageDecimator:anti_alias_fir|FirDecimatingStage:stage3|snapshot[13][14]    ; adc_dco      ; adc_dco     ; 0.000        ; 0.073      ; 0.669      ;
; 0.401 ; Ad9233FrameCapture:U2_frame_capture|Ad9233MultistageDecimator:anti_alias_fir|FirDecimatingStage:stage3|snapshot[15][14]    ; Ad9233FrameCapture:U2_frame_capture|Ad9233MultistageDecimator:anti_alias_fir|FirDecimatingStage:stage3|snapshot[15][14]    ; adc_dco      ; adc_dco     ; 0.000        ; 0.073      ; 0.669      ;
; 0.401 ; Ad9233FrameCapture:U2_frame_capture|Ad9233MultistageDecimator:anti_alias_fir|FirDecimatingStage:stage3|snapshot[7][14]     ; Ad9233FrameCapture:U2_frame_capture|Ad9233MultistageDecimator:anti_alias_fir|FirDecimatingStage:stage3|snapshot[7][14]     ; adc_dco      ; adc_dco     ; 0.000        ; 0.073      ; 0.669      ;
; 0.401 ; Ad9233FrameCapture:U2_frame_capture|Ad9233MultistageDecimator:anti_alias_fir|FirDecimatingStage:stage3|snapshot[11][14]    ; Ad9233FrameCapture:U2_frame_capture|Ad9233MultistageDecimator:anti_alias_fir|FirDecimatingStage:stage3|snapshot[11][14]    ; adc_dco      ; adc_dco     ; 0.000        ; 0.073      ; 0.669      ;
; 0.401 ; Ad9233FrameCapture:U2_frame_capture|Ad9233MultistageDecimator:anti_alias_fir|FirDecimatingStage:stage3|snapshot[14][14]    ; Ad9233FrameCapture:U2_frame_capture|Ad9233MultistageDecimator:anti_alias_fir|FirDecimatingStage:stage3|snapshot[14][14]    ; adc_dco      ; adc_dco     ; 0.000        ; 0.073      ; 0.669      ;
; 0.401 ; Ad9233FrameCapture:U2_frame_capture|Ad9233MultistageDecimator:anti_alias_fir|FirDecimatingStage:stage3|snapshot[36][14]    ; Ad9233FrameCapture:U2_frame_capture|Ad9233MultistageDecimator:anti_alias_fir|FirDecimatingStage:stage3|snapshot[36][14]    ; adc_dco      ; adc_dco     ; 0.000        ; 0.073      ; 0.669      ;
; 0.401 ; Ad9233FrameCapture:U2_frame_capture|Ad9233MultistageDecimator:anti_alias_fir|FirDecimatingStage:stage3|snapshot[35][14]    ; Ad9233FrameCapture:U2_frame_capture|Ad9233MultistageDecimator:anti_alias_fir|FirDecimatingStage:stage3|snapshot[35][14]    ; adc_dco      ; adc_dco     ; 0.000        ; 0.073      ; 0.669      ;
; 0.401 ; Ad9233FrameCapture:U2_frame_capture|Ad9233MultistageDecimator:anti_alias_fir|FirDecimatingStage:stage3|snapshot[8][13]     ; Ad9233FrameCapture:U2_frame_capture|Ad9233MultistageDecimator:anti_alias_fir|FirDecimatingStage:stage3|snapshot[8][13]     ; adc_dco      ; adc_dco     ; 0.000        ; 0.073      ; 0.669      ;
; 0.401 ; Ad9233FrameCapture:U2_frame_capture|Ad9233MultistageDecimator:anti_alias_fir|FirDecimatingStage:stage3|snapshot[11][13]    ; Ad9233FrameCapture:U2_frame_capture|Ad9233MultistageDecimator:anti_alias_fir|FirDecimatingStage:stage3|snapshot[11][13]    ; adc_dco      ; adc_dco     ; 0.000        ; 0.073      ; 0.669      ;
; 0.401 ; Ad9233FrameCapture:U2_frame_capture|Ad9233MultistageDecimator:anti_alias_fir|FirDecimatingStage:stage3|snapshot[7][13]     ; Ad9233FrameCapture:U2_frame_capture|Ad9233MultistageDecimator:anti_alias_fir|FirDecimatingStage:stage3|snapshot[7][13]     ; adc_dco      ; adc_dco     ; 0.000        ; 0.073      ; 0.669      ;
; 0.401 ; Ad9233FrameCapture:U2_frame_capture|Ad9233MultistageDecimator:anti_alias_fir|FirDecimatingStage:stage3|snapshot[9][13]     ; Ad9233FrameCapture:U2_frame_capture|Ad9233MultistageDecimator:anti_alias_fir|FirDecimatingStage:stage3|snapshot[9][13]     ; adc_dco      ; adc_dco     ; 0.000        ; 0.073      ; 0.669      ;
; 0.401 ; Ad9233FrameCapture:U2_frame_capture|Ad9233MultistageDecimator:anti_alias_fir|FirDecimatingStage:stage3|snapshot[3][12]     ; Ad9233FrameCapture:U2_frame_capture|Ad9233MultistageDecimator:anti_alias_fir|FirDecimatingStage:stage3|snapshot[3][12]     ; adc_dco      ; adc_dco     ; 0.000        ; 0.073      ; 0.669      ;
; 0.401 ; Ad9233FrameCapture:U2_frame_capture|Ad9233MultistageDecimator:anti_alias_fir|FirDecimatingStage:stage3|snapshot[10][12]    ; Ad9233FrameCapture:U2_frame_capture|Ad9233MultistageDecimator:anti_alias_fir|FirDecimatingStage:stage3|snapshot[10][12]    ; adc_dco      ; adc_dco     ; 0.000        ; 0.073      ; 0.669      ;
; 0.401 ; Ad9233FrameCapture:U2_frame_capture|Ad9233MultistageDecimator:anti_alias_fir|FirDecimatingStage:stage3|snapshot[6][12]     ; Ad9233FrameCapture:U2_frame_capture|Ad9233MultistageDecimator:anti_alias_fir|FirDecimatingStage:stage3|snapshot[6][12]     ; adc_dco      ; adc_dco     ; 0.000        ; 0.073      ; 0.669      ;
; 0.401 ; Ad9233FrameCapture:U2_frame_capture|Ad9233MultistageDecimator:anti_alias_fir|FirDecimatingStage:stage3|snapshot[8][12]     ; Ad9233FrameCapture:U2_frame_capture|Ad9233MultistageDecimator:anti_alias_fir|FirDecimatingStage:stage3|snapshot[8][12]     ; adc_dco      ; adc_dco     ; 0.000        ; 0.073      ; 0.669      ;
; 0.401 ; Ad9233FrameCapture:U2_frame_capture|Ad9233MultistageDecimator:anti_alias_fir|FirDecimatingStage:stage3|snapshot[1][12]     ; Ad9233FrameCapture:U2_frame_capture|Ad9233MultistageDecimator:anti_alias_fir|FirDecimatingStage:stage3|snapshot[1][12]     ; adc_dco      ; adc_dco     ; 0.000        ; 0.073      ; 0.669      ;
+-------+----------------------------------------------------------------------------------------------------------------------------+----------------------------------------------------------------------------------------------------------------------------+--------------+-------------+--------------+------------+------------+


+---------------------------------------------------------------------------------------------------------------------------------------------------------------------------------------+
; Slow 1200mV 0C Model Hold: 'clk_50m'                                                                                                                                                  ;
+-------+----------------------------------------------------+----------------------------------------------------+--------------+-------------+--------------+------------+------------+
; Slack ; From Node                                          ; To Node                                            ; Launch Clock ; Latch Clock ; Relationship ; Clock Skew ; Data Delay ;
+-------+----------------------------------------------------+----------------------------------------------------+--------------+-------------+--------------+------------+------------+
; 0.400 ; Ad9233SpiInit:U1_ad9233_spi_init|spi_sdio          ; Ad9233SpiInit:U1_ad9233_spi_init|spi_sdio          ; clk_50m      ; clk_50m     ; 0.000        ; 0.074      ; 0.669      ;
; 0.400 ; Ad9233SpiInit:U1_ad9233_spi_init|shift_data[0]     ; Ad9233SpiInit:U1_ad9233_spi_init|shift_data[0]     ; clk_50m      ; clk_50m     ; 0.000        ; 0.074      ; 0.669      ;
; 0.400 ; Ad9233SpiInit:U1_ad9233_spi_init|state.STATE_LOW   ; Ad9233SpiInit:U1_ad9233_spi_init|state.STATE_LOW   ; clk_50m      ; clk_50m     ; 0.000        ; 0.074      ; 0.669      ;
; 0.401 ; Ad9233SpiInit:U1_ad9233_spi_init|cfg_done          ; Ad9233SpiInit:U1_ad9233_spi_init|cfg_done          ; clk_50m      ; clk_50m     ; 0.000        ; 0.073      ; 0.669      ;
; 0.401 ; Ad9233SpiInit:U1_ad9233_spi_init|state.STATE_DONE  ; Ad9233SpiInit:U1_ad9233_spi_init|state.STATE_DONE  ; clk_50m      ; clk_50m     ; 0.000        ; 0.073      ; 0.669      ;
; 0.401 ; Ad9233SpiInit:U1_ad9233_spi_init|frame_index[0]    ; Ad9233SpiInit:U1_ad9233_spi_init|frame_index[0]    ; clk_50m      ; clk_50m     ; 0.000        ; 0.073      ; 0.669      ;
; 0.401 ; Ad9233SpiInit:U1_ad9233_spi_init|frame_index[2]    ; Ad9233SpiInit:U1_ad9233_spi_init|frame_index[2]    ; clk_50m      ; clk_50m     ; 0.000        ; 0.073      ; 0.669      ;
; 0.401 ; Ad9233SpiInit:U1_ad9233_spi_init|frame_index[1]    ; Ad9233SpiInit:U1_ad9233_spi_init|frame_index[1]    ; clk_50m      ; clk_50m     ; 0.000        ; 0.073      ; 0.669      ;
; 0.401 ; Ad9233SpiInit:U1_ad9233_spi_init|state.STATE_HIGH  ; Ad9233SpiInit:U1_ad9233_spi_init|state.STATE_HIGH  ; clk_50m      ; clk_50m     ; 0.000        ; 0.073      ; 0.669      ;
; 0.401 ; Ad9233SpiInit:U1_ad9233_spi_init|state.STATE_WAIT  ; Ad9233SpiInit:U1_ad9233_spi_init|state.STATE_WAIT  ; clk_50m      ; clk_50m     ; 0.000        ; 0.073      ; 0.669      ;
; 0.469 ; Ad9233SpiInit:U1_ad9233_spi_init|shift_data[22]    ; Ad9233SpiInit:U1_ad9233_spi_init|spi_sdio          ; clk_50m      ; clk_50m     ; 0.000        ; 0.074      ; 0.738      ;
; 0.470 ; Ad9233SpiInit:U1_ad9233_spi_init|shift_data[6]     ; Ad9233SpiInit:U1_ad9233_spi_init|shift_data[7]     ; clk_50m      ; clk_50m     ; 0.000        ; 0.073      ; 0.738      ;
; 0.471 ; Ad9233SpiInit:U1_ad9233_spi_init|shift_data[5]     ; Ad9233SpiInit:U1_ad9233_spi_init|shift_data[6]     ; clk_50m      ; clk_50m     ; 0.000        ; 0.073      ; 0.739      ;
; 0.533 ; Ad9233SpiInit:U1_ad9233_spi_init|state.STATE_WAIT  ; Ad9233SpiInit:U1_ad9233_spi_init|cfg_done          ; clk_50m      ; clk_50m     ; 0.000        ; 0.073      ; 0.801      ;
; 0.533 ; Ad9233SpiInit:U1_ad9233_spi_init|state.STATE_WAIT  ; Ad9233SpiInit:U1_ad9233_spi_init|frame_index[0]    ; clk_50m      ; clk_50m     ; 0.000        ; 0.073      ; 0.801      ;
; 0.597 ; Ad9233SpiInit:U1_ad9233_spi_init|shift_data[21]    ; Ad9233SpiInit:U1_ad9233_spi_init|shift_data[22]    ; clk_50m      ; clk_50m     ; 0.000        ; 0.074      ; 0.866      ;
; 0.597 ; Ad9233SpiInit:U1_ad9233_spi_init|shift_data[3]     ; Ad9233SpiInit:U1_ad9233_spi_init|shift_data[4]     ; clk_50m      ; clk_50m     ; 0.000        ; 0.074      ; 0.866      ;
; 0.620 ; Ad9233SpiInit:U1_ad9233_spi_init|bit_index[0]      ; Ad9233SpiInit:U1_ad9233_spi_init|state.STATE_GAP   ; clk_50m      ; clk_50m     ; 0.000        ; 0.073      ; 0.888      ;
; 0.629 ; Ad9233SpiInit:U1_ad9233_spi_init|shift_data[4]     ; Ad9233SpiInit:U1_ad9233_spi_init|shift_data[5]     ; clk_50m      ; clk_50m     ; 0.000        ; 0.073      ; 0.897      ;
; 0.644 ; adc_pll_lock_sync[0]                               ; adc_pll_lock_sync[1]                               ; clk_50m      ; clk_50m     ; 0.000        ; 0.073      ; 0.912      ;
; 0.645 ; Ad9233SpiInit:U1_ad9233_spi_init|shift_data[10]    ; Ad9233SpiInit:U1_ad9233_spi_init|shift_data[11]    ; clk_50m      ; clk_50m     ; 0.000        ; 0.073      ; 0.913      ;
; 0.645 ; Ad9233SpiInit:U1_ad9233_spi_init|shift_data[9]     ; Ad9233SpiInit:U1_ad9233_spi_init|shift_data[10]    ; clk_50m      ; clk_50m     ; 0.000        ; 0.073      ; 0.913      ;
; 0.645 ; Ad9233SpiInit:U1_ad9233_spi_init|shift_data[7]     ; Ad9233SpiInit:U1_ad9233_spi_init|shift_data[8]     ; clk_50m      ; clk_50m     ; 0.000        ; 0.073      ; 0.913      ;
; 0.646 ; Ad9233SpiInit:U1_ad9233_spi_init|shift_data[8]     ; Ad9233SpiInit:U1_ad9233_spi_init|shift_data[9]     ; clk_50m      ; clk_50m     ; 0.000        ; 0.073      ; 0.914      ;
; 0.647 ; Ad9233SpiInit:U1_ad9233_spi_init|shift_data[11]    ; Ad9233SpiInit:U1_ad9233_spi_init|shift_data[12]    ; clk_50m      ; clk_50m     ; 0.000        ; 0.073      ; 0.915      ;
; 0.687 ; Ad9233SpiInit:U1_ad9233_spi_init|shift_data[13]    ; Ad9233SpiInit:U1_ad9233_spi_init|shift_data[14]    ; clk_50m      ; clk_50m     ; 0.000        ; 0.073      ; 0.955      ;
; 0.687 ; Ad9233SpiInit:U1_ad9233_spi_init|shift_data[1]     ; Ad9233SpiInit:U1_ad9233_spi_init|shift_data[2]     ; clk_50m      ; clk_50m     ; 0.000        ; 0.074      ; 0.956      ;
; 0.688 ; Ad9233SpiInit:U1_ad9233_spi_init|shift_data[14]    ; Ad9233SpiInit:U1_ad9233_spi_init|shift_data[15]    ; clk_50m      ; clk_50m     ; 0.000        ; 0.073      ; 0.956      ;
; 0.688 ; Ad9233SpiInit:U1_ad9233_spi_init|shift_data[12]    ; Ad9233SpiInit:U1_ad9233_spi_init|shift_data[13]    ; clk_50m      ; clk_50m     ; 0.000        ; 0.073      ; 0.956      ;
; 0.688 ; Ad9233SpiInit:U1_ad9233_spi_init|shift_data[2]     ; Ad9233SpiInit:U1_ad9233_spi_init|shift_data[3]     ; clk_50m      ; clk_50m     ; 0.000        ; 0.074      ; 0.957      ;
; 0.689 ; Ad9233SpiInit:U1_ad9233_spi_init|shift_data[20]    ; Ad9233SpiInit:U1_ad9233_spi_init|shift_data[21]    ; clk_50m      ; clk_50m     ; 0.000        ; 0.074      ; 0.958      ;
; 0.689 ; Ad9233SpiInit:U1_ad9233_spi_init|shift_data[19]    ; Ad9233SpiInit:U1_ad9233_spi_init|shift_data[20]    ; clk_50m      ; clk_50m     ; 0.000        ; 0.074      ; 0.958      ;
; 0.689 ; Ad9233SpiInit:U1_ad9233_spi_init|shift_data[17]    ; Ad9233SpiInit:U1_ad9233_spi_init|shift_data[18]    ; clk_50m      ; clk_50m     ; 0.000        ; 0.073      ; 0.957      ;
; 0.689 ; Ad9233SpiInit:U1_ad9233_spi_init|shift_data[15]    ; Ad9233SpiInit:U1_ad9233_spi_init|shift_data[16]    ; clk_50m      ; clk_50m     ; 0.000        ; 0.073      ; 0.957      ;
; 0.690 ; Ad9233SpiInit:U1_ad9233_spi_init|shift_data[0]     ; Ad9233SpiInit:U1_ad9233_spi_init|shift_data[1]     ; clk_50m      ; clk_50m     ; 0.000        ; 0.074      ; 0.959      ;
; 0.690 ; Ad9233SpiInit:U1_ad9233_spi_init|startup_count[11] ; Ad9233SpiInit:U1_ad9233_spi_init|startup_count[11] ; clk_50m      ; clk_50m     ; 0.000        ; 0.073      ; 0.958      ;
; 0.690 ; Ad9233SpiInit:U1_ad9233_spi_init|startup_count[9]  ; Ad9233SpiInit:U1_ad9233_spi_init|startup_count[9]  ; clk_50m      ; clk_50m     ; 0.000        ; 0.073      ; 0.958      ;
; 0.690 ; Ad9233SpiInit:U1_ad9233_spi_init|startup_count[7]  ; Ad9233SpiInit:U1_ad9233_spi_init|startup_count[7]  ; clk_50m      ; clk_50m     ; 0.000        ; 0.073      ; 0.958      ;
; 0.691 ; Ad9233SpiInit:U1_ad9233_spi_init|half_count[5]     ; Ad9233SpiInit:U1_ad9233_spi_init|half_count[5]     ; clk_50m      ; clk_50m     ; 0.000        ; 0.073      ; 0.959      ;
; 0.691 ; Ad9233SpiInit:U1_ad9233_spi_init|startup_count[15] ; Ad9233SpiInit:U1_ad9233_spi_init|startup_count[15] ; clk_50m      ; clk_50m     ; 0.000        ; 0.073      ; 0.959      ;
; 0.691 ; Ad9233SpiInit:U1_ad9233_spi_init|startup_count[13] ; Ad9233SpiInit:U1_ad9233_spi_init|startup_count[13] ; clk_50m      ; clk_50m     ; 0.000        ; 0.073      ; 0.959      ;
; 0.691 ; Ad9233SpiInit:U1_ad9233_spi_init|startup_count[17] ; Ad9233SpiInit:U1_ad9233_spi_init|startup_count[17] ; clk_50m      ; clk_50m     ; 0.000        ; 0.073      ; 0.959      ;
; 0.692 ; Ad9233SpiInit:U1_ad9233_spi_init|shift_data[16]    ; Ad9233SpiInit:U1_ad9233_spi_init|shift_data[17]    ; clk_50m      ; clk_50m     ; 0.000        ; 0.073      ; 0.960      ;
; 0.693 ; Ad9233SpiInit:U1_ad9233_spi_init|half_count[7]     ; Ad9233SpiInit:U1_ad9233_spi_init|half_count[7]     ; clk_50m      ; clk_50m     ; 0.000        ; 0.073      ; 0.961      ;
; 0.693 ; Ad9233SpiInit:U1_ad9233_spi_init|startup_count[1]  ; Ad9233SpiInit:U1_ad9233_spi_init|startup_count[1]  ; clk_50m      ; clk_50m     ; 0.000        ; 0.073      ; 0.961      ;
; 0.693 ; Ad9233SpiInit:U1_ad9233_spi_init|startup_count[2]  ; Ad9233SpiInit:U1_ad9233_spi_init|startup_count[2]  ; clk_50m      ; clk_50m     ; 0.000        ; 0.073      ; 0.961      ;
; 0.694 ; Ad9233SpiInit:U1_ad9233_spi_init|half_count[3]     ; Ad9233SpiInit:U1_ad9233_spi_init|half_count[3]     ; clk_50m      ; clk_50m     ; 0.000        ; 0.073      ; 0.962      ;
; 0.695 ; Ad9233SpiInit:U1_ad9233_spi_init|half_count[1]     ; Ad9233SpiInit:U1_ad9233_spi_init|half_count[1]     ; clk_50m      ; clk_50m     ; 0.000        ; 0.073      ; 0.963      ;
; 0.695 ; Ad9233SpiInit:U1_ad9233_spi_init|startup_count[23] ; Ad9233SpiInit:U1_ad9233_spi_init|startup_count[23] ; clk_50m      ; clk_50m     ; 0.000        ; 0.073      ; 0.963      ;
; 0.695 ; Ad9233SpiInit:U1_ad9233_spi_init|startup_count[18] ; Ad9233SpiInit:U1_ad9233_spi_init|startup_count[18] ; clk_50m      ; clk_50m     ; 0.000        ; 0.073      ; 0.963      ;
; 0.695 ; Ad9233SpiInit:U1_ad9233_spi_init|startup_count[19] ; Ad9233SpiInit:U1_ad9233_spi_init|startup_count[19] ; clk_50m      ; clk_50m     ; 0.000        ; 0.073      ; 0.963      ;
; 0.695 ; Ad9233SpiInit:U1_ad9233_spi_init|startup_count[12] ; Ad9233SpiInit:U1_ad9233_spi_init|startup_count[12] ; clk_50m      ; clk_50m     ; 0.000        ; 0.073      ; 0.963      ;
; 0.695 ; Ad9233SpiInit:U1_ad9233_spi_init|startup_count[10] ; Ad9233SpiInit:U1_ad9233_spi_init|startup_count[10] ; clk_50m      ; clk_50m     ; 0.000        ; 0.073      ; 0.963      ;
; 0.695 ; Ad9233SpiInit:U1_ad9233_spi_init|startup_count[8]  ; Ad9233SpiInit:U1_ad9233_spi_init|startup_count[8]  ; clk_50m      ; clk_50m     ; 0.000        ; 0.073      ; 0.963      ;
; 0.695 ; Ad9233SpiInit:U1_ad9233_spi_init|startup_count[3]  ; Ad9233SpiInit:U1_ad9233_spi_init|startup_count[3]  ; clk_50m      ; clk_50m     ; 0.000        ; 0.073      ; 0.963      ;
; 0.696 ; Ad9233SpiInit:U1_ad9233_spi_init|half_count[6]     ; Ad9233SpiInit:U1_ad9233_spi_init|half_count[6]     ; clk_50m      ; clk_50m     ; 0.000        ; 0.073      ; 0.964      ;
; 0.696 ; Ad9233SpiInit:U1_ad9233_spi_init|startup_count[21] ; Ad9233SpiInit:U1_ad9233_spi_init|startup_count[21] ; clk_50m      ; clk_50m     ; 0.000        ; 0.073      ; 0.964      ;
; 0.696 ; Ad9233SpiInit:U1_ad9233_spi_init|startup_count[14] ; Ad9233SpiInit:U1_ad9233_spi_init|startup_count[14] ; clk_50m      ; clk_50m     ; 0.000        ; 0.073      ; 0.964      ;
; 0.696 ; Ad9233SpiInit:U1_ad9233_spi_init|startup_count[4]  ; Ad9233SpiInit:U1_ad9233_spi_init|startup_count[4]  ; clk_50m      ; clk_50m     ; 0.000        ; 0.073      ; 0.964      ;
; 0.696 ; Ad9233SpiInit:U1_ad9233_spi_init|state.STATE_DONE  ; Ad9233SpiInit:U1_ad9233_spi_init|cfg_done          ; clk_50m      ; clk_50m     ; 0.000        ; 0.073      ; 0.964      ;
; 0.697 ; Ad9233SpiInit:U1_ad9233_spi_init|startup_count[16] ; Ad9233SpiInit:U1_ad9233_spi_init|startup_count[16] ; clk_50m      ; clk_50m     ; 0.000        ; 0.073      ; 0.965      ;
; 0.697 ; Ad9233SpiInit:U1_ad9233_spi_init|startup_count[6]  ; Ad9233SpiInit:U1_ad9233_spi_init|startup_count[6]  ; clk_50m      ; clk_50m     ; 0.000        ; 0.073      ; 0.965      ;
; 0.698 ; Ad9233SpiInit:U1_ad9233_spi_init|half_count[4]     ; Ad9233SpiInit:U1_ad9233_spi_init|half_count[4]     ; clk_50m      ; clk_50m     ; 0.000        ; 0.073      ; 0.966      ;
; 0.698 ; Ad9233SpiInit:U1_ad9233_spi_init|startup_count[20] ; Ad9233SpiInit:U1_ad9233_spi_init|startup_count[20] ; clk_50m      ; clk_50m     ; 0.000        ; 0.073      ; 0.966      ;
; 0.699 ; Ad9233SpiInit:U1_ad9233_spi_init|half_count[2]     ; Ad9233SpiInit:U1_ad9233_spi_init|half_count[2]     ; clk_50m      ; clk_50m     ; 0.000        ; 0.073      ; 0.967      ;
; 0.708 ; Ad9233SpiInit:U1_ad9233_spi_init|startup_count[5]  ; Ad9233SpiInit:U1_ad9233_spi_init|startup_count[5]  ; clk_50m      ; clk_50m     ; 0.000        ; 0.073      ; 0.976      ;
; 0.712 ; Ad9233SpiInit:U1_ad9233_spi_init|startup_count[22] ; Ad9233SpiInit:U1_ad9233_spi_init|startup_count[22] ; clk_50m      ; clk_50m     ; 0.000        ; 0.073      ; 0.980      ;
; 0.716 ; Ad9233SpiInit:U1_ad9233_spi_init|half_count[0]     ; Ad9233SpiInit:U1_ad9233_spi_init|half_count[0]     ; clk_50m      ; clk_50m     ; 0.000        ; 0.073      ; 0.984      ;
; 0.722 ; Ad9233SpiInit:U1_ad9233_spi_init|startup_count[0]  ; Ad9233SpiInit:U1_ad9233_spi_init|startup_count[0]  ; clk_50m      ; clk_50m     ; 0.000        ; 0.073      ; 0.990      ;
; 0.726 ; Ad9233SpiInit:U1_ad9233_spi_init|frame_index[1]    ; Ad9233SpiInit:U1_ad9233_spi_init|frame_index[2]    ; clk_50m      ; clk_50m     ; 0.000        ; 0.073      ; 0.994      ;
; 0.734 ; Ad9233SpiInit:U1_ad9233_spi_init|frame_index[0]    ; Ad9233SpiInit:U1_ad9233_spi_init|frame_index[1]    ; clk_50m      ; clk_50m     ; 0.000        ; 0.073      ; 1.002      ;
; 0.791 ; Ad9233SpiInit:U1_ad9233_spi_init|state.STATE_WAIT  ; Ad9233SpiInit:U1_ad9233_spi_init|frame_index[1]    ; clk_50m      ; clk_50m     ; 0.000        ; 0.073      ; 1.059      ;
; 0.812 ; Ad9233SpiInit:U1_ad9233_spi_init|shift_data[18]    ; Ad9233SpiInit:U1_ad9233_spi_init|shift_data[19]    ; clk_50m      ; clk_50m     ; 0.000        ; 0.074      ; 1.081      ;
; 0.839 ; Ad9233SpiInit:U1_ad9233_spi_init|state.STATE_LOW   ; Ad9233SpiInit:U1_ad9233_spi_init|state.STATE_HIGH  ; clk_50m      ; clk_50m     ; 0.000        ; 0.074      ; 1.108      ;
; 0.851 ; Ad9233SpiInit:U1_ad9233_spi_init|bit_index[1]      ; Ad9233SpiInit:U1_ad9233_spi_init|state.STATE_GAP   ; clk_50m      ; clk_50m     ; 0.000        ; 0.073      ; 1.119      ;
; 0.889 ; adc_pll_lock_sync[1]                               ; Ad9233SpiInit:U1_ad9233_spi_init|state.STATE_WAIT  ; clk_50m      ; clk_50m     ; 0.000        ; 0.073      ; 1.157      ;
; 0.978 ; Ad9233SpiInit:U1_ad9233_spi_init|bit_index[0]      ; Ad9233SpiInit:U1_ad9233_spi_init|spi_sclk          ; clk_50m      ; clk_50m     ; 0.000        ; 0.073      ; 1.246      ;
; 0.987 ; Ad9233SpiInit:U1_ad9233_spi_init|state.STATE_HIGH  ; Ad9233SpiInit:U1_ad9233_spi_init|shift_data[17]    ; clk_50m      ; clk_50m     ; 0.000        ; 0.072      ; 1.254      ;
; 0.989 ; Ad9233SpiInit:U1_ad9233_spi_init|state.STATE_HIGH  ; Ad9233SpiInit:U1_ad9233_spi_init|shift_data[18]    ; clk_50m      ; clk_50m     ; 0.000        ; 0.072      ; 1.256      ;
; 0.991 ; Ad9233SpiInit:U1_ad9233_spi_init|state.STATE_HIGH  ; Ad9233SpiInit:U1_ad9233_spi_init|shift_data[13]    ; clk_50m      ; clk_50m     ; 0.000        ; 0.072      ; 1.258      ;
; 0.992 ; Ad9233SpiInit:U1_ad9233_spi_init|state.STATE_HIGH  ; Ad9233SpiInit:U1_ad9233_spi_init|shift_data[14]    ; clk_50m      ; clk_50m     ; 0.000        ; 0.072      ; 1.259      ;
; 0.995 ; Ad9233SpiInit:U1_ad9233_spi_init|bit_index[4]      ; Ad9233SpiInit:U1_ad9233_spi_init|state.STATE_GAP   ; clk_50m      ; clk_50m     ; 0.000        ; 0.073      ; 1.263      ;
; 0.997 ; Ad9233SpiInit:U1_ad9233_spi_init|state.STATE_HIGH  ; Ad9233SpiInit:U1_ad9233_spi_init|shift_data[1]     ; clk_50m      ; clk_50m     ; 0.000        ; 0.073      ; 1.265      ;
; 0.998 ; Ad9233SpiInit:U1_ad9233_spi_init|state.STATE_HIGH  ; Ad9233SpiInit:U1_ad9233_spi_init|shift_data[22]    ; clk_50m      ; clk_50m     ; 0.000        ; 0.073      ; 1.266      ;
; 0.998 ; Ad9233SpiInit:U1_ad9233_spi_init|state.STATE_HIGH  ; Ad9233SpiInit:U1_ad9233_spi_init|shift_data[21]    ; clk_50m      ; clk_50m     ; 0.000        ; 0.073      ; 1.266      ;
; 0.998 ; Ad9233SpiInit:U1_ad9233_spi_init|state.STATE_HIGH  ; Ad9233SpiInit:U1_ad9233_spi_init|shift_data[15]    ; clk_50m      ; clk_50m     ; 0.000        ; 0.072      ; 1.265      ;
; 0.999 ; Ad9233SpiInit:U1_ad9233_spi_init|state.STATE_HIGH  ; Ad9233SpiInit:U1_ad9233_spi_init|shift_data[16]    ; clk_50m      ; clk_50m     ; 0.000        ; 0.072      ; 1.266      ;
; 1.000 ; Ad9233SpiInit:U1_ad9233_spi_init|state.STATE_HIGH  ; Ad9233SpiInit:U1_ad9233_spi_init|shift_data[20]    ; clk_50m      ; clk_50m     ; 0.000        ; 0.073      ; 1.268      ;
; 1.002 ; Ad9233SpiInit:U1_ad9233_spi_init|state.STATE_HIGH  ; Ad9233SpiInit:U1_ad9233_spi_init|shift_data[4]     ; clk_50m      ; clk_50m     ; 0.000        ; 0.073      ; 1.270      ;
; 1.003 ; Ad9233SpiInit:U1_ad9233_spi_init|state.STATE_HIGH  ; Ad9233SpiInit:U1_ad9233_spi_init|shift_data[2]     ; clk_50m      ; clk_50m     ; 0.000        ; 0.073      ; 1.271      ;
; 1.006 ; Ad9233SpiInit:U1_ad9233_spi_init|state.STATE_HIGH  ; Ad9233SpiInit:U1_ad9233_spi_init|shift_data[3]     ; clk_50m      ; clk_50m     ; 0.000        ; 0.073      ; 1.274      ;
; 1.008 ; Ad9233SpiInit:U1_ad9233_spi_init|frame_index[1]    ; Ad9233SpiInit:U1_ad9233_spi_init|state.STATE_LOAD  ; clk_50m      ; clk_50m     ; 0.000        ; 0.073      ; 1.276      ;
; 1.012 ; Ad9233SpiInit:U1_ad9233_spi_init|startup_count[11] ; Ad9233SpiInit:U1_ad9233_spi_init|startup_count[12] ; clk_50m      ; clk_50m     ; 0.000        ; 0.073      ; 1.280      ;
; 1.012 ; Ad9233SpiInit:U1_ad9233_spi_init|startup_count[9]  ; Ad9233SpiInit:U1_ad9233_spi_init|startup_count[10] ; clk_50m      ; clk_50m     ; 0.000        ; 0.073      ; 1.280      ;
; 1.012 ; Ad9233SpiInit:U1_ad9233_spi_init|startup_count[7]  ; Ad9233SpiInit:U1_ad9233_spi_init|startup_count[8]  ; clk_50m      ; clk_50m     ; 0.000        ; 0.073      ; 1.280      ;
; 1.012 ; Ad9233SpiInit:U1_ad9233_spi_init|startup_count[2]  ; Ad9233SpiInit:U1_ad9233_spi_init|startup_count[3]  ; clk_50m      ; clk_50m     ; 0.000        ; 0.073      ; 1.280      ;
; 1.013 ; Ad9233SpiInit:U1_ad9233_spi_init|startup_count[17] ; Ad9233SpiInit:U1_ad9233_spi_init|startup_count[18] ; clk_50m      ; clk_50m     ; 0.000        ; 0.073      ; 1.281      ;
; 1.013 ; Ad9233SpiInit:U1_ad9233_spi_init|half_count[5]     ; Ad9233SpiInit:U1_ad9233_spi_init|half_count[6]     ; clk_50m      ; clk_50m     ; 0.000        ; 0.073      ; 1.281      ;
; 1.013 ; Ad9233SpiInit:U1_ad9233_spi_init|startup_count[15] ; Ad9233SpiInit:U1_ad9233_spi_init|startup_count[16] ; clk_50m      ; clk_50m     ; 0.000        ; 0.073      ; 1.281      ;
; 1.014 ; Ad9233SpiInit:U1_ad9233_spi_init|startup_count[8]  ; Ad9233SpiInit:U1_ad9233_spi_init|startup_count[9]  ; clk_50m      ; clk_50m     ; 0.000        ; 0.073      ; 1.282      ;
+-------+----------------------------------------------------+----------------------------------------------------+--------------+-------------+--------------+------------+------------+


+---------------------------------------------------------------------------------------------------------------------------------------------------------------------------------------------------+
; Slow 1200mV 0C Model Hold: 'mcu_spi_sck'                                                                                                                                                          ;
+-------+----------------------------------------------------------+----------------------------------------------------------+--------------+-------------+--------------+------------+------------+
; Slack ; From Node                                                ; To Node                                                  ; Launch Clock ; Latch Clock ; Relationship ; Clock Skew ; Data Delay ;
+-------+----------------------------------------------------------+----------------------------------------------------------+--------------+-------------+--------------+------------+------------+
; 0.430 ; AnalyzerSpiSlave:U3_analyzer_spi|tx_active               ; AnalyzerSpiSlave:U3_analyzer_spi|tx_active               ; mcu_spi_sck  ; mcu_spi_sck ; 0.000        ; 0.044      ; 0.669      ;
; 0.430 ; AnalyzerSpiSlave:U3_analyzer_spi|tx_bits_remaining[4]    ; AnalyzerSpiSlave:U3_analyzer_spi|tx_bits_remaining[4]    ; mcu_spi_sck  ; mcu_spi_sck ; 0.000        ; 0.044      ; 0.669      ;
; 0.430 ; AnalyzerSpiSlave:U3_analyzer_spi|tx_shift[0]             ; AnalyzerSpiSlave:U3_analyzer_spi|tx_shift[0]             ; mcu_spi_sck  ; mcu_spi_sck ; 0.000        ; 0.044      ; 0.669      ;
; 0.432 ; AnalyzerSpiSlave:U3_analyzer_spi|rx_bit_count[2]         ; AnalyzerSpiSlave:U3_analyzer_spi|rx_bit_count[2]         ; mcu_spi_sck  ; mcu_spi_sck ; 0.000        ; 0.042      ; 0.669      ;
; 0.432 ; AnalyzerSpiSlave:U3_analyzer_spi|rx_ignore               ; AnalyzerSpiSlave:U3_analyzer_spi|rx_ignore               ; mcu_spi_sck  ; mcu_spi_sck ; 0.000        ; 0.042      ; 0.669      ;
; 0.432 ; AnalyzerSpiSlave:U3_analyzer_spi|rx_bit_count[1]         ; AnalyzerSpiSlave:U3_analyzer_spi|rx_bit_count[1]         ; mcu_spi_sck  ; mcu_spi_sck ; 0.000        ; 0.042      ; 0.669      ;
; 0.432 ; AnalyzerSpiSlave:U3_analyzer_spi|rx_bit_count[3]         ; AnalyzerSpiSlave:U3_analyzer_spi|rx_bit_count[3]         ; mcu_spi_sck  ; mcu_spi_sck ; 0.000        ; 0.042      ; 0.669      ;
; 0.432 ; AnalyzerSpiSlave:U3_analyzer_spi|request_sync_valid      ; AnalyzerSpiSlave:U3_analyzer_spi|request_sync_valid      ; mcu_spi_sck  ; mcu_spi_sck ; 0.000        ; 0.042      ; 0.669      ;
; 0.432 ; AnalyzerSpiSlave:U3_analyzer_spi|crc_error_count[0]      ; AnalyzerSpiSlave:U3_analyzer_spi|crc_error_count[0]      ; mcu_spi_sck  ; mcu_spi_sck ; 0.000        ; 0.042      ; 0.669      ;
; 0.432 ; AnalyzerSpiSlave:U3_analyzer_spi|arm_toggle              ; AnalyzerSpiSlave:U3_analyzer_spi|arm_toggle              ; mcu_spi_sck  ; mcu_spi_sck ; 0.000        ; 0.042      ; 0.669      ;
; 0.447 ; AnalyzerSpiSlave:U3_analyzer_spi|rx_bit_count[0]         ; AnalyzerSpiSlave:U3_analyzer_spi|rx_bit_count[0]         ; mcu_spi_sck  ; mcu_spi_sck ; 0.000        ; 0.042      ; 0.684      ;
; 0.447 ; AnalyzerSpiSlave:U3_analyzer_spi|response_toggle         ; AnalyzerSpiSlave:U3_analyzer_spi|response_toggle         ; mcu_spi_sck  ; mcu_spi_sck ; 0.000        ; 0.042      ; 0.684      ;
; 0.494 ; AnalyzerSpiSlave:U3_analyzer_spi|status_sync_1[0]        ; AnalyzerSpiSlave:U3_analyzer_spi|status_sync_2[0]        ; mcu_spi_sck  ; mcu_spi_sck ; 0.000        ; 0.049      ; 0.738      ;
; 0.494 ; AnalyzerSpiSlave:U3_analyzer_spi|status_sync_0[0]        ; AnalyzerSpiSlave:U3_analyzer_spi|status_sync_1[0]        ; mcu_spi_sck  ; mcu_spi_sck ; 0.000        ; 0.049      ; 0.738      ;
; 0.495 ; AnalyzerSpiSlave:U3_analyzer_spi|status_sync_1[3]        ; AnalyzerSpiSlave:U3_analyzer_spi|status_sync_2[3]        ; mcu_spi_sck  ; mcu_spi_sck ; 0.000        ; 0.049      ; 0.739      ;
; 0.498 ; AnalyzerSpiSlave:U3_analyzer_spi|ready_sync[0]           ; AnalyzerSpiSlave:U3_analyzer_spi|ready_sync[1]           ; mcu_spi_sck  ; mcu_spi_sck ; 0.000        ; 0.047      ; 0.740      ;
; 0.515 ; AnalyzerSpiSlave:U3_analyzer_spi|request_word_index.01   ; AnalyzerSpiSlave:U3_analyzer_spi|request_word_index.10   ; mcu_spi_sck  ; mcu_spi_sck ; 0.000        ; 0.049      ; 0.759      ;
; 0.592 ; AnalyzerSpiSlave:U3_analyzer_spi|request_command[0]      ; AnalyzerSpiSlave:U3_analyzer_spi|response_read_latched   ; mcu_spi_sck  ; mcu_spi_sck ; 0.000        ; 0.102      ; 0.889      ;
; 0.624 ; AnalyzerSpiSlave:U3_analyzer_spi|tx_shift[2]             ; AnalyzerSpiSlave:U3_analyzer_spi|tx_shift[3]             ; mcu_spi_sck  ; mcu_spi_sck ; 0.000        ; 0.047      ; 0.866      ;
; 0.625 ; AnalyzerSpiSlave:U3_analyzer_spi|tx_shift[5]             ; AnalyzerSpiSlave:U3_analyzer_spi|tx_shift[6]             ; mcu_spi_sck  ; mcu_spi_sck ; 0.000        ; 0.047      ; 0.867      ;
; 0.625 ; AnalyzerSpiSlave:U3_analyzer_spi|tx_shift[12]            ; AnalyzerSpiSlave:U3_analyzer_spi|tx_shift[13]            ; mcu_spi_sck  ; mcu_spi_sck ; 0.000        ; 0.048      ; 0.868      ;
; 0.625 ; AnalyzerSpiSlave:U3_analyzer_spi|tx_shift[7]             ; AnalyzerSpiSlave:U3_analyzer_spi|tx_shift[8]             ; mcu_spi_sck  ; mcu_spi_sck ; 0.000        ; 0.048      ; 0.868      ;
; 0.630 ; AnalyzerSpiSlave:U3_analyzer_spi|request_word_index.11   ; AnalyzerSpiSlave:U3_analyzer_spi|request_word_index.00   ; mcu_spi_sck  ; mcu_spi_sck ; 0.000        ; 0.049      ; 0.874      ;
; 0.635 ; AnalyzerSpiSlave:U3_analyzer_spi|request_word_index.00   ; AnalyzerSpiSlave:U3_analyzer_spi|request_word_index.01   ; mcu_spi_sck  ; mcu_spi_sck ; 0.000        ; 0.049      ; 0.879      ;
; 0.648 ; AnalyzerSpiSlave:U3_analyzer_spi|tx_active               ; AnalyzerSpiSlave:U3_analyzer_spi|spi_miso                ; mcu_spi_sck  ; mcu_spi_sck ; 0.000        ; 0.051      ; 0.894      ;
; 0.655 ; AnalyzerSpiSlave:U3_analyzer_spi|crc_error_count[15]     ; AnalyzerSpiSlave:U3_analyzer_spi|crc_error_count[15]     ; mcu_spi_sck  ; mcu_spi_sck ; 0.000        ; 0.042      ; 0.892      ;
; 0.669 ; AnalyzerSpiSlave:U3_analyzer_spi|status_sync_0[3]        ; AnalyzerSpiSlave:U3_analyzer_spi|status_sync_1[3]        ; mcu_spi_sck  ; mcu_spi_sck ; 0.000        ; 0.049      ; 0.913      ;
; 0.669 ; AnalyzerSpiSlave:U3_analyzer_spi|request_word_index.10   ; AnalyzerSpiSlave:U3_analyzer_spi|request_word_index.11   ; mcu_spi_sck  ; mcu_spi_sck ; 0.000        ; 0.049      ; 0.913      ;
; 0.670 ; AnalyzerSpiSlave:U3_analyzer_spi|tx_shift[10]            ; AnalyzerSpiSlave:U3_analyzer_spi|tx_shift[11]            ; mcu_spi_sck  ; mcu_spi_sck ; 0.000        ; 0.048      ; 0.913      ;
; 0.671 ; AnalyzerSpiSlave:U3_analyzer_spi|tx_shift[4]             ; AnalyzerSpiSlave:U3_analyzer_spi|tx_shift[5]             ; mcu_spi_sck  ; mcu_spi_sck ; 0.000        ; 0.047      ; 0.913      ;
; 0.671 ; AnalyzerSpiSlave:U3_analyzer_spi|tx_shift[13]            ; AnalyzerSpiSlave:U3_analyzer_spi|tx_shift[14]            ; mcu_spi_sck  ; mcu_spi_sck ; 0.000        ; 0.048      ; 0.914      ;
; 0.671 ; AnalyzerSpiSlave:U3_analyzer_spi|status_sync_1[2]        ; AnalyzerSpiSlave:U3_analyzer_spi|status_sync_2[2]        ; mcu_spi_sck  ; mcu_spi_sck ; 0.000        ; 0.047      ; 0.913      ;
; 0.673 ; AnalyzerSpiSlave:U3_analyzer_spi|tx_shift[3]             ; AnalyzerSpiSlave:U3_analyzer_spi|tx_shift[4]             ; mcu_spi_sck  ; mcu_spi_sck ; 0.000        ; 0.047      ; 0.915      ;
; 0.673 ; AnalyzerSpiSlave:U3_analyzer_spi|tx_shift[1]             ; AnalyzerSpiSlave:U3_analyzer_spi|tx_shift[2]             ; mcu_spi_sck  ; mcu_spi_sck ; 0.000        ; 0.047      ; 0.915      ;
; 0.673 ; AnalyzerSpiSlave:U3_analyzer_spi|tx_shift[8]             ; AnalyzerSpiSlave:U3_analyzer_spi|tx_shift[9]             ; mcu_spi_sck  ; mcu_spi_sck ; 0.000        ; 0.048      ; 0.916      ;
; 0.685 ; AnalyzerSpiSlave:U3_analyzer_spi|request_command[1]      ; AnalyzerSpiSlave:U3_analyzer_spi|response_read_latched   ; mcu_spi_sck  ; mcu_spi_sck ; 0.000        ; 0.102      ; 0.982      ;
; 0.700 ; AnalyzerSpiSlave:U3_analyzer_spi|rx_shift[2]             ; AnalyzerSpiSlave:U3_analyzer_spi|rx_shift[3]             ; mcu_spi_sck  ; mcu_spi_sck ; 0.000        ; 0.047      ; 0.942      ;
; 0.716 ; AnalyzerSpiSlave:U3_analyzer_spi|rx_ignore               ; AnalyzerSpiSlave:U3_analyzer_spi|rx_bit_count[3]         ; mcu_spi_sck  ; mcu_spi_sck ; 0.000        ; 0.049      ; 0.960      ;
; 0.720 ; AnalyzerSpiSlave:U3_analyzer_spi|ram_read_address[1]     ; AnalyzerSpiSlave:U3_analyzer_spi|ram_read_address[1]     ; mcu_spi_sck  ; mcu_spi_sck ; 0.000        ; 0.044      ; 0.959      ;
; 0.721 ; AnalyzerSpiSlave:U3_analyzer_spi|response_word_index[10] ; AnalyzerSpiSlave:U3_analyzer_spi|response_word_index[10] ; mcu_spi_sck  ; mcu_spi_sck ; 0.000        ; 0.044      ; 0.960      ;
; 0.721 ; AnalyzerSpiSlave:U3_analyzer_spi|rx_ignore               ; AnalyzerSpiSlave:U3_analyzer_spi|rx_bit_count[1]         ; mcu_spi_sck  ; mcu_spi_sck ; 0.000        ; 0.049      ; 0.965      ;
; 0.722 ; AnalyzerSpiSlave:U3_analyzer_spi|response_word_index[9]  ; AnalyzerSpiSlave:U3_analyzer_spi|response_word_index[9]  ; mcu_spi_sck  ; mcu_spi_sck ; 0.000        ; 0.044      ; 0.961      ;
; 0.722 ; AnalyzerSpiSlave:U3_analyzer_spi|response_word_index[11] ; AnalyzerSpiSlave:U3_analyzer_spi|response_word_index[11] ; mcu_spi_sck  ; mcu_spi_sck ; 0.000        ; 0.044      ; 0.961      ;
; 0.723 ; AnalyzerSpiSlave:U3_analyzer_spi|response_word_index[5]  ; AnalyzerSpiSlave:U3_analyzer_spi|response_word_index[5]  ; mcu_spi_sck  ; mcu_spi_sck ; 0.000        ; 0.044      ; 0.962      ;
; 0.723 ; AnalyzerSpiSlave:U3_analyzer_spi|response_word_index[8]  ; AnalyzerSpiSlave:U3_analyzer_spi|response_word_index[8]  ; mcu_spi_sck  ; mcu_spi_sck ; 0.000        ; 0.044      ; 0.962      ;
; 0.723 ; AnalyzerSpiSlave:U3_analyzer_spi|ram_read_address[5]     ; AnalyzerSpiSlave:U3_analyzer_spi|ram_read_address[5]     ; mcu_spi_sck  ; mcu_spi_sck ; 0.000        ; 0.044      ; 0.962      ;
; 0.723 ; AnalyzerSpiSlave:U3_analyzer_spi|rx_ignore               ; AnalyzerSpiSlave:U3_analyzer_spi|rx_bit_count[2]         ; mcu_spi_sck  ; mcu_spi_sck ; 0.000        ; 0.049      ; 0.967      ;
; 0.724 ; AnalyzerSpiSlave:U3_analyzer_spi|response_word_index[7]  ; AnalyzerSpiSlave:U3_analyzer_spi|response_word_index[7]  ; mcu_spi_sck  ; mcu_spi_sck ; 0.000        ; 0.044      ; 0.963      ;
; 0.724 ; AnalyzerSpiSlave:U3_analyzer_spi|crc_error_count[12]     ; AnalyzerSpiSlave:U3_analyzer_spi|crc_error_count[12]     ; mcu_spi_sck  ; mcu_spi_sck ; 0.000        ; 0.042      ; 0.961      ;
; 0.724 ; AnalyzerSpiSlave:U3_analyzer_spi|crc_error_count[14]     ; AnalyzerSpiSlave:U3_analyzer_spi|crc_error_count[14]     ; mcu_spi_sck  ; mcu_spi_sck ; 0.000        ; 0.042      ; 0.961      ;
; 0.727 ; AnalyzerSpiSlave:U3_analyzer_spi|response_word_index[4]  ; AnalyzerSpiSlave:U3_analyzer_spi|response_word_index[4]  ; mcu_spi_sck  ; mcu_spi_sck ; 0.000        ; 0.044      ; 0.966      ;
; 0.728 ; AnalyzerSpiSlave:U3_analyzer_spi|crc_error_count[13]     ; AnalyzerSpiSlave:U3_analyzer_spi|crc_error_count[13]     ; mcu_spi_sck  ; mcu_spi_sck ; 0.000        ; 0.042      ; 0.965      ;
; 0.734 ; AnalyzerSpiSlave:U3_analyzer_spi|response_word_index[3]  ; AnalyzerSpiSlave:U3_analyzer_spi|response_word_index[3]  ; mcu_spi_sck  ; mcu_spi_sck ; 0.000        ; 0.044      ; 0.973      ;
; 0.734 ; AnalyzerSpiSlave:U3_analyzer_spi|ram_read_address[9]     ; AnalyzerSpiSlave:U3_analyzer_spi|ram_read_address[9]     ; mcu_spi_sck  ; mcu_spi_sck ; 0.000        ; 0.044      ; 0.973      ;
; 0.734 ; AnalyzerSpiSlave:U3_analyzer_spi|rx_bit_count[3]         ; AnalyzerSpiSlave:U3_analyzer_spi|rx_ignore               ; mcu_spi_sck  ; mcu_spi_sck ; 0.000        ; 0.049      ; 0.978      ;
; 0.735 ; AnalyzerSpiSlave:U3_analyzer_spi|ram_read_address[7]     ; AnalyzerSpiSlave:U3_analyzer_spi|ram_read_address[7]     ; mcu_spi_sck  ; mcu_spi_sck ; 0.000        ; 0.044      ; 0.974      ;
; 0.736 ; AnalyzerSpiSlave:U3_analyzer_spi|response_word_index[2]  ; AnalyzerSpiSlave:U3_analyzer_spi|response_word_index[2]  ; mcu_spi_sck  ; mcu_spi_sck ; 0.000        ; 0.044      ; 0.975      ;
; 0.736 ; AnalyzerSpiSlave:U3_analyzer_spi|ram_read_address[2]     ; AnalyzerSpiSlave:U3_analyzer_spi|ram_read_address[2]     ; mcu_spi_sck  ; mcu_spi_sck ; 0.000        ; 0.044      ; 0.975      ;
; 0.736 ; AnalyzerSpiSlave:U3_analyzer_spi|ram_read_address[11]    ; AnalyzerSpiSlave:U3_analyzer_spi|ram_read_address[11]    ; mcu_spi_sck  ; mcu_spi_sck ; 0.000        ; 0.044      ; 0.975      ;
; 0.736 ; AnalyzerSpiSlave:U3_analyzer_spi|crc_error_count[4]      ; AnalyzerSpiSlave:U3_analyzer_spi|crc_error_count[4]      ; mcu_spi_sck  ; mcu_spi_sck ; 0.000        ; 0.042      ; 0.973      ;
; 0.736 ; AnalyzerSpiSlave:U3_analyzer_spi|crc_error_count[6]      ; AnalyzerSpiSlave:U3_analyzer_spi|crc_error_count[6]      ; mcu_spi_sck  ; mcu_spi_sck ; 0.000        ; 0.042      ; 0.973      ;
; 0.737 ; AnalyzerSpiSlave:U3_analyzer_spi|response_word_index[1]  ; AnalyzerSpiSlave:U3_analyzer_spi|response_word_index[1]  ; mcu_spi_sck  ; mcu_spi_sck ; 0.000        ; 0.044      ; 0.976      ;
; 0.737 ; AnalyzerSpiSlave:U3_analyzer_spi|ram_read_address[3]     ; AnalyzerSpiSlave:U3_analyzer_spi|ram_read_address[3]     ; mcu_spi_sck  ; mcu_spi_sck ; 0.000        ; 0.044      ; 0.976      ;
; 0.738 ; AnalyzerSpiSlave:U3_analyzer_spi|response_word_index[12] ; AnalyzerSpiSlave:U3_analyzer_spi|response_word_index[12] ; mcu_spi_sck  ; mcu_spi_sck ; 0.000        ; 0.044      ; 0.977      ;
; 0.738 ; AnalyzerSpiSlave:U3_analyzer_spi|crc_error_count[2]      ; AnalyzerSpiSlave:U3_analyzer_spi|crc_error_count[2]      ; mcu_spi_sck  ; mcu_spi_sck ; 0.000        ; 0.042      ; 0.975      ;
; 0.739 ; AnalyzerSpiSlave:U3_analyzer_spi|crc_error_count[7]      ; AnalyzerSpiSlave:U3_analyzer_spi|crc_error_count[7]      ; mcu_spi_sck  ; mcu_spi_sck ; 0.000        ; 0.042      ; 0.976      ;
; 0.740 ; AnalyzerSpiSlave:U3_analyzer_spi|response_word_index[6]  ; AnalyzerSpiSlave:U3_analyzer_spi|response_word_index[6]  ; mcu_spi_sck  ; mcu_spi_sck ; 0.000        ; 0.044      ; 0.979      ;
; 0.740 ; AnalyzerSpiSlave:U3_analyzer_spi|ram_read_address[6]     ; AnalyzerSpiSlave:U3_analyzer_spi|ram_read_address[6]     ; mcu_spi_sck  ; mcu_spi_sck ; 0.000        ; 0.044      ; 0.979      ;
; 0.740 ; AnalyzerSpiSlave:U3_analyzer_spi|ram_read_address[8]     ; AnalyzerSpiSlave:U3_analyzer_spi|ram_read_address[8]     ; mcu_spi_sck  ; mcu_spi_sck ; 0.000        ; 0.044      ; 0.979      ;
; 0.740 ; AnalyzerSpiSlave:U3_analyzer_spi|ram_read_address[10]    ; AnalyzerSpiSlave:U3_analyzer_spi|ram_read_address[10]    ; mcu_spi_sck  ; mcu_spi_sck ; 0.000        ; 0.044      ; 0.979      ;
; 0.740 ; AnalyzerSpiSlave:U3_analyzer_spi|crc_error_count[8]      ; AnalyzerSpiSlave:U3_analyzer_spi|crc_error_count[8]      ; mcu_spi_sck  ; mcu_spi_sck ; 0.000        ; 0.042      ; 0.977      ;
; 0.740 ; AnalyzerSpiSlave:U3_analyzer_spi|crc_error_count[10]     ; AnalyzerSpiSlave:U3_analyzer_spi|crc_error_count[10]     ; mcu_spi_sck  ; mcu_spi_sck ; 0.000        ; 0.042      ; 0.977      ;
; 0.741 ; AnalyzerSpiSlave:U3_analyzer_spi|ram_read_address[4]     ; AnalyzerSpiSlave:U3_analyzer_spi|ram_read_address[4]     ; mcu_spi_sck  ; mcu_spi_sck ; 0.000        ; 0.044      ; 0.980      ;
; 0.741 ; AnalyzerSpiSlave:U3_analyzer_spi|crc_error_count[3]      ; AnalyzerSpiSlave:U3_analyzer_spi|crc_error_count[3]      ; mcu_spi_sck  ; mcu_spi_sck ; 0.000        ; 0.042      ; 0.978      ;
; 0.742 ; AnalyzerSpiSlave:U3_analyzer_spi|crc_error_count[5]      ; AnalyzerSpiSlave:U3_analyzer_spi|crc_error_count[5]      ; mcu_spi_sck  ; mcu_spi_sck ; 0.000        ; 0.042      ; 0.979      ;
; 0.743 ; AnalyzerSpiSlave:U3_analyzer_spi|crc_error_count[9]      ; AnalyzerSpiSlave:U3_analyzer_spi|crc_error_count[9]      ; mcu_spi_sck  ; mcu_spi_sck ; 0.000        ; 0.042      ; 0.980      ;
; 0.743 ; AnalyzerSpiSlave:U3_analyzer_spi|crc_error_count[11]     ; AnalyzerSpiSlave:U3_analyzer_spi|crc_error_count[11]     ; mcu_spi_sck  ; mcu_spi_sck ; 0.000        ; 0.042      ; 0.980      ;
; 0.743 ; AnalyzerSpiSlave:U3_analyzer_spi|rx_shift[9]             ; AnalyzerSpiSlave:U3_analyzer_spi|rx_shift[10]            ; mcu_spi_sck  ; mcu_spi_sck ; 0.000        ; 0.048      ; 0.986      ;
; 0.751 ; AnalyzerSpiSlave:U3_analyzer_spi|ram_read_address[0]     ; AnalyzerSpiSlave:U3_analyzer_spi|ram_read_address[0]     ; mcu_spi_sck  ; mcu_spi_sck ; 0.000        ; 0.044      ; 0.990      ;
; 0.757 ; AnalyzerSpiSlave:U3_analyzer_spi|response_word_index[0]  ; AnalyzerSpiSlave:U3_analyzer_spi|response_word_index[0]  ; mcu_spi_sck  ; mcu_spi_sck ; 0.000        ; 0.044      ; 0.996      ;
; 0.759 ; AnalyzerSpiSlave:U3_analyzer_spi|crc_error_count[1]      ; AnalyzerSpiSlave:U3_analyzer_spi|crc_error_count[1]      ; mcu_spi_sck  ; mcu_spi_sck ; 0.000        ; 0.042      ; 0.996      ;
; 0.760 ; AnalyzerSpiSlave:U3_analyzer_spi|tx_shift[14]            ; AnalyzerSpiSlave:U3_analyzer_spi|tx_shift[15]            ; mcu_spi_sck  ; mcu_spi_sck ; 0.000        ; 0.048      ; 1.003      ;
; 0.774 ; AnalyzerSpiSlave:U3_analyzer_spi|rx_bit_count[1]         ; AnalyzerSpiSlave:U3_analyzer_spi|rx_bit_count[2]         ; mcu_spi_sck  ; mcu_spi_sck ; 0.000        ; 0.049      ; 1.018      ;
; 0.776 ; AnalyzerSpiSlave:U3_analyzer_spi|tx_shift[9]             ; AnalyzerSpiSlave:U3_analyzer_spi|tx_shift[10]            ; mcu_spi_sck  ; mcu_spi_sck ; 0.000        ; 0.048      ; 1.019      ;
; 0.791 ; AnalyzerSpiSlave:U3_analyzer_spi|rx_shift[2]             ; AnalyzerSpiSlave:U3_analyzer_spi|request_command[3]      ; mcu_spi_sck  ; mcu_spi_sck ; 0.000        ; 0.141      ; 1.127      ;
; 0.802 ; AnalyzerSpiSlave:U3_analyzer_spi|rx_shift[11]            ; AnalyzerSpiSlave:U3_analyzer_spi|request_command[12]     ; mcu_spi_sck  ; mcu_spi_sck ; 0.000        ; 0.141      ; 1.138      ;
; 0.842 ; AnalyzerSpiSlave:U3_analyzer_spi|request_crc[12]         ; AnalyzerSpiSlave:U3_analyzer_spi|request_crc[8]          ; mcu_spi_sck  ; mcu_spi_sck ; 0.000        ; 0.047      ; 1.084      ;
; 0.882 ; AnalyzerSpiSlave:U3_analyzer_spi|request_crc[11]         ; AnalyzerSpiSlave:U3_analyzer_spi|request_crc[15]         ; mcu_spi_sck  ; mcu_spi_sck ; 0.000        ; 0.335      ; 1.412      ;
; 0.897 ; AnalyzerSpiSlave:U3_analyzer_spi|tx_shift[15]            ; AnalyzerSpiSlave:U3_analyzer_spi|spi_miso                ; mcu_spi_sck  ; mcu_spi_sck ; 0.000        ; 0.013      ; 1.105      ;
; 0.907 ; AnalyzerSpiSlave:U3_analyzer_spi|tx_active               ; AnalyzerSpiSlave:U3_analyzer_spi|tx_bits_remaining[4]    ; mcu_spi_sck  ; mcu_spi_sck ; 0.000        ; 0.051      ; 1.153      ;
; 0.930 ; AnalyzerSpiSlave:U3_analyzer_spi|status_sync_0[1]        ; AnalyzerSpiSlave:U3_analyzer_spi|status_sync_1[1]        ; mcu_spi_sck  ; mcu_spi_sck ; 0.000        ; 0.239      ; 1.364      ;
; 0.943 ; AnalyzerSpiSlave:U3_analyzer_spi|rx_shift[9]             ; AnalyzerSpiSlave:U3_analyzer_spi|request_command[10]     ; mcu_spi_sck  ; mcu_spi_sck ; 0.000        ; 0.040      ; 1.178      ;
; 0.955 ; AnalyzerSpiSlave:U3_analyzer_spi|request_crc[8]          ; AnalyzerSpiSlave:U3_analyzer_spi|request_crc[9]          ; mcu_spi_sck  ; mcu_spi_sck ; 0.000        ; 0.091      ; 1.241      ;
; 0.975 ; AnalyzerSpiSlave:U3_analyzer_spi|rx_shift[1]             ; AnalyzerSpiSlave:U3_analyzer_spi|request_crc[2]          ; mcu_spi_sck  ; mcu_spi_sck ; 0.000        ; -0.073     ; 1.097      ;
; 0.980 ; AnalyzerSpiSlave:U3_analyzer_spi|rx_shift[13]            ; AnalyzerSpiSlave:U3_analyzer_spi|request_command[14]     ; mcu_spi_sck  ; mcu_spi_sck ; 0.000        ; 0.040      ; 1.215      ;
; 0.983 ; AnalyzerSpiSlave:U3_analyzer_spi|request_crc[8]          ; AnalyzerSpiSlave:U3_analyzer_spi|request_crc[4]          ; mcu_spi_sck  ; mcu_spi_sck ; 0.000        ; 0.091      ; 1.269      ;
; 0.988 ; AnalyzerSpiSlave:U3_analyzer_spi|rx_shift[4]             ; AnalyzerSpiSlave:U3_analyzer_spi|request_command[5]      ; mcu_spi_sck  ; mcu_spi_sck ; 0.000        ; 0.141      ; 1.324      ;
; 0.989 ; AnalyzerSpiSlave:U3_analyzer_spi|ready_sync[1]           ; AnalyzerSpiSlave:U3_analyzer_spi|flags_latched[3]        ; mcu_spi_sck  ; mcu_spi_sck ; 0.000        ; 0.141      ; 1.325      ;
; 0.991 ; AnalyzerSpiSlave:U3_analyzer_spi|response_crc[0]         ; AnalyzerSpiSlave:U3_analyzer_spi|response_crc[12]        ; mcu_spi_sck  ; mcu_spi_sck ; 0.000        ; 0.048      ; 1.234      ;
; 0.995 ; AnalyzerSpiSlave:U3_analyzer_spi|rx_shift[5]             ; AnalyzerSpiSlave:U3_analyzer_spi|rx_shift[6]             ; mcu_spi_sck  ; mcu_spi_sck ; 0.000        ; -0.051     ; 1.139      ;
+-------+----------------------------------------------------------+----------------------------------------------------------+--------------+-------------+--------------+------------+------------+


+--------------------------------------------------------------------------------------------------------------------------------------------------------------------------------------------------------------------+
; Slow 1200mV 0C Model Minimum Pulse Width: 'adc_dco'                                                                                                                                                                ;
+-------+--------------+----------------+-----------------+---------+------------+-----------------------------------------------------------------------------------------------------------------------------------+
; Slack ; Actual Width ; Required Width ; Type            ; Clock   ; Clock Edge ; Target                                                                                                                            ;
+-------+--------------+----------------+-----------------+---------+------------+-----------------------------------------------------------------------------------------------------------------------------------+
; 7.423 ; 7.805        ; 0.382          ; Low Pulse Width ; adc_dco ; Rise       ; Ad9233FrameCapture:U2_frame_capture|Ad9233MultistageDecimator:anti_alias_fir|FirDecimatingStage:stage1|operand_coefficient[2][0]  ;
; 7.423 ; 7.805        ; 0.382          ; Low Pulse Width ; adc_dco ; Rise       ; Ad9233FrameCapture:U2_frame_capture|Ad9233MultistageDecimator:anti_alias_fir|FirDecimatingStage:stage1|operand_coefficient[2][10] ;
; 7.423 ; 7.805        ; 0.382          ; Low Pulse Width ; adc_dco ; Rise       ; Ad9233FrameCapture:U2_frame_capture|Ad9233MultistageDecimator:anti_alias_fir|FirDecimatingStage:stage1|operand_coefficient[2][12] ;
; 7.423 ; 7.805        ; 0.382          ; Low Pulse Width ; adc_dco ; Rise       ; Ad9233FrameCapture:U2_frame_capture|Ad9233MultistageDecimator:anti_alias_fir|FirDecimatingStage:stage1|operand_coefficient[2][13] ;
; 7.423 ; 7.805        ; 0.382          ; Low Pulse Width ; adc_dco ; Rise       ; Ad9233FrameCapture:U2_frame_capture|Ad9233MultistageDecimator:anti_alias_fir|FirDecimatingStage:stage1|operand_coefficient[2][14] ;
; 7.423 ; 7.805        ; 0.382          ; Low Pulse Width ; adc_dco ; Rise       ; Ad9233FrameCapture:U2_frame_capture|Ad9233MultistageDecimator:anti_alias_fir|FirDecimatingStage:stage1|operand_coefficient[2][15] ;
; 7.423 ; 7.805        ; 0.382          ; Low Pulse Width ; adc_dco ; Rise       ; Ad9233FrameCapture:U2_frame_capture|Ad9233MultistageDecimator:anti_alias_fir|FirDecimatingStage:stage1|operand_coefficient[2][16] ;
; 7.423 ; 7.805        ; 0.382          ; Low Pulse Width ; adc_dco ; Rise       ; Ad9233FrameCapture:U2_frame_capture|Ad9233MultistageDecimator:anti_alias_fir|FirDecimatingStage:stage1|operand_coefficient[2][17] ;
; 7.423 ; 7.805        ; 0.382          ; Low Pulse Width ; adc_dco ; Rise       ; Ad9233FrameCapture:U2_frame_capture|Ad9233MultistageDecimator:anti_alias_fir|FirDecimatingStage:stage1|operand_coefficient[2][1]  ;
; 7.423 ; 7.805        ; 0.382          ; Low Pulse Width ; adc_dco ; Rise       ; Ad9233FrameCapture:U2_frame_capture|Ad9233MultistageDecimator:anti_alias_fir|FirDecimatingStage:stage1|operand_coefficient[2][2]  ;
; 7.423 ; 7.805        ; 0.382          ; Low Pulse Width ; adc_dco ; Rise       ; Ad9233FrameCapture:U2_frame_capture|Ad9233MultistageDecimator:anti_alias_fir|FirDecimatingStage:stage1|operand_coefficient[2][6]  ;
; 7.423 ; 7.805        ; 0.382          ; Low Pulse Width ; adc_dco ; Rise       ; Ad9233FrameCapture:U2_frame_capture|Ad9233MultistageDecimator:anti_alias_fir|FirDecimatingStage:stage1|operand_coefficient[2][7]  ;
; 7.423 ; 7.805        ; 0.382          ; Low Pulse Width ; adc_dco ; Rise       ; Ad9233FrameCapture:U2_frame_capture|Ad9233MultistageDecimator:anti_alias_fir|FirDecimatingStage:stage1|operand_coefficient[2][9]  ;
; 7.423 ; 7.805        ; 0.382          ; Low Pulse Width ; adc_dco ; Rise       ; Ad9233FrameCapture:U2_frame_capture|Ad9233MultistageDecimator:anti_alias_fir|FirDecimatingStage:stage1|operand_sample[2][10]      ;
; 7.423 ; 7.805        ; 0.382          ; Low Pulse Width ; adc_dco ; Rise       ; Ad9233FrameCapture:U2_frame_capture|Ad9233MultistageDecimator:anti_alias_fir|FirDecimatingStage:stage1|operand_sample[2][11]      ;
; 7.423 ; 7.805        ; 0.382          ; Low Pulse Width ; adc_dco ; Rise       ; Ad9233FrameCapture:U2_frame_capture|Ad9233MultistageDecimator:anti_alias_fir|FirDecimatingStage:stage1|operand_sample[2][12]      ;
; 7.423 ; 7.805        ; 0.382          ; Low Pulse Width ; adc_dco ; Rise       ; Ad9233FrameCapture:U2_frame_capture|Ad9233MultistageDecimator:anti_alias_fir|FirDecimatingStage:stage1|operand_sample[2][13]      ;
; 7.423 ; 7.805        ; 0.382          ; Low Pulse Width ; adc_dco ; Rise       ; Ad9233FrameCapture:U2_frame_capture|Ad9233MultistageDecimator:anti_alias_fir|FirDecimatingStage:stage1|operand_sample[2][14]      ;
; 7.423 ; 7.805        ; 0.382          ; Low Pulse Width ; adc_dco ; Rise       ; Ad9233FrameCapture:U2_frame_capture|Ad9233MultistageDecimator:anti_alias_fir|FirDecimatingStage:stage1|operand_sample[2][15]      ;
; 7.423 ; 7.805        ; 0.382          ; Low Pulse Width ; adc_dco ; Rise       ; Ad9233FrameCapture:U2_frame_capture|Ad9233MultistageDecimator:anti_alias_fir|FirDecimatingStage:stage1|operand_sample[2][16]      ;
; 7.423 ; 7.805        ; 0.382          ; Low Pulse Width ; adc_dco ; Rise       ; Ad9233FrameCapture:U2_frame_capture|Ad9233MultistageDecimator:anti_alias_fir|FirDecimatingStage:stage1|operand_sample[2][17]      ;
; 7.423 ; 7.805        ; 0.382          ; Low Pulse Width ; adc_dco ; Rise       ; Ad9233FrameCapture:U2_frame_capture|Ad9233MultistageDecimator:anti_alias_fir|FirDecimatingStage:stage1|operand_sample[2][4]       ;
; 7.423 ; 7.805        ; 0.382          ; Low Pulse Width ; adc_dco ; Rise       ; Ad9233FrameCapture:U2_frame_capture|Ad9233MultistageDecimator:anti_alias_fir|FirDecimatingStage:stage1|operand_sample[2][5]       ;
; 7.423 ; 7.805        ; 0.382          ; Low Pulse Width ; adc_dco ; Rise       ; Ad9233FrameCapture:U2_frame_capture|Ad9233MultistageDecimator:anti_alias_fir|FirDecimatingStage:stage1|operand_sample[2][6]       ;
; 7.423 ; 7.805        ; 0.382          ; Low Pulse Width ; adc_dco ; Rise       ; Ad9233FrameCapture:U2_frame_capture|Ad9233MultistageDecimator:anti_alias_fir|FirDecimatingStage:stage1|operand_sample[2][7]       ;
; 7.423 ; 7.805        ; 0.382          ; Low Pulse Width ; adc_dco ; Rise       ; Ad9233FrameCapture:U2_frame_capture|Ad9233MultistageDecimator:anti_alias_fir|FirDecimatingStage:stage1|operand_sample[2][8]       ;
; 7.423 ; 7.805        ; 0.382          ; Low Pulse Width ; adc_dco ; Rise       ; Ad9233FrameCapture:U2_frame_capture|Ad9233MultistageDecimator:anti_alias_fir|FirDecimatingStage:stage1|operand_sample[2][9]       ;
; 7.423 ; 7.805        ; 0.382          ; Low Pulse Width ; adc_dco ; Rise       ; Ad9233FrameCapture:U2_frame_capture|Ad9233MultistageDecimator:anti_alias_fir|FirDecimatingStage:stage1|product_pipe[3][10]        ;
; 7.423 ; 7.805        ; 0.382          ; Low Pulse Width ; adc_dco ; Rise       ; Ad9233FrameCapture:U2_frame_capture|Ad9233MultistageDecimator:anti_alias_fir|FirDecimatingStage:stage1|product_pipe[3][11]        ;
; 7.423 ; 7.805        ; 0.382          ; Low Pulse Width ; adc_dco ; Rise       ; Ad9233FrameCapture:U2_frame_capture|Ad9233MultistageDecimator:anti_alias_fir|FirDecimatingStage:stage1|product_pipe[3][12]        ;
; 7.423 ; 7.805        ; 0.382          ; Low Pulse Width ; adc_dco ; Rise       ; Ad9233FrameCapture:U2_frame_capture|Ad9233MultistageDecimator:anti_alias_fir|FirDecimatingStage:stage1|product_pipe[3][13]        ;
; 7.423 ; 7.805        ; 0.382          ; Low Pulse Width ; adc_dco ; Rise       ; Ad9233FrameCapture:U2_frame_capture|Ad9233MultistageDecimator:anti_alias_fir|FirDecimatingStage:stage1|product_pipe[3][14]        ;
; 7.423 ; 7.805        ; 0.382          ; Low Pulse Width ; adc_dco ; Rise       ; Ad9233FrameCapture:U2_frame_capture|Ad9233MultistageDecimator:anti_alias_fir|FirDecimatingStage:stage1|product_pipe[3][15]        ;
; 7.423 ; 7.805        ; 0.382          ; Low Pulse Width ; adc_dco ; Rise       ; Ad9233FrameCapture:U2_frame_capture|Ad9233MultistageDecimator:anti_alias_fir|FirDecimatingStage:stage1|product_pipe[3][16]        ;
; 7.423 ; 7.805        ; 0.382          ; Low Pulse Width ; adc_dco ; Rise       ; Ad9233FrameCapture:U2_frame_capture|Ad9233MultistageDecimator:anti_alias_fir|FirDecimatingStage:stage1|product_pipe[3][17]        ;
; 7.423 ; 7.805        ; 0.382          ; Low Pulse Width ; adc_dco ; Rise       ; Ad9233FrameCapture:U2_frame_capture|Ad9233MultistageDecimator:anti_alias_fir|FirDecimatingStage:stage1|product_pipe[3][18]        ;
; 7.423 ; 7.805        ; 0.382          ; Low Pulse Width ; adc_dco ; Rise       ; Ad9233FrameCapture:U2_frame_capture|Ad9233MultistageDecimator:anti_alias_fir|FirDecimatingStage:stage1|product_pipe[3][19]        ;
; 7.423 ; 7.805        ; 0.382          ; Low Pulse Width ; adc_dco ; Rise       ; Ad9233FrameCapture:U2_frame_capture|Ad9233MultistageDecimator:anti_alias_fir|FirDecimatingStage:stage1|product_pipe[3][20]        ;
; 7.423 ; 7.805        ; 0.382          ; Low Pulse Width ; adc_dco ; Rise       ; Ad9233FrameCapture:U2_frame_capture|Ad9233MultistageDecimator:anti_alias_fir|FirDecimatingStage:stage1|product_pipe[3][21]        ;
; 7.423 ; 7.805        ; 0.382          ; Low Pulse Width ; adc_dco ; Rise       ; Ad9233FrameCapture:U2_frame_capture|Ad9233MultistageDecimator:anti_alias_fir|FirDecimatingStage:stage1|product_pipe[3][22]        ;
; 7.423 ; 7.805        ; 0.382          ; Low Pulse Width ; adc_dco ; Rise       ; Ad9233FrameCapture:U2_frame_capture|Ad9233MultistageDecimator:anti_alias_fir|FirDecimatingStage:stage1|product_pipe[3][23]        ;
; 7.423 ; 7.805        ; 0.382          ; Low Pulse Width ; adc_dco ; Rise       ; Ad9233FrameCapture:U2_frame_capture|Ad9233MultistageDecimator:anti_alias_fir|FirDecimatingStage:stage1|product_pipe[3][24]        ;
; 7.423 ; 7.805        ; 0.382          ; Low Pulse Width ; adc_dco ; Rise       ; Ad9233FrameCapture:U2_frame_capture|Ad9233MultistageDecimator:anti_alias_fir|FirDecimatingStage:stage1|product_pipe[3][25]        ;
; 7.423 ; 7.805        ; 0.382          ; Low Pulse Width ; adc_dco ; Rise       ; Ad9233FrameCapture:U2_frame_capture|Ad9233MultistageDecimator:anti_alias_fir|FirDecimatingStage:stage1|product_pipe[3][26]        ;
; 7.423 ; 7.805        ; 0.382          ; Low Pulse Width ; adc_dco ; Rise       ; Ad9233FrameCapture:U2_frame_capture|Ad9233MultistageDecimator:anti_alias_fir|FirDecimatingStage:stage1|product_pipe[3][27]        ;
; 7.423 ; 7.805        ; 0.382          ; Low Pulse Width ; adc_dco ; Rise       ; Ad9233FrameCapture:U2_frame_capture|Ad9233MultistageDecimator:anti_alias_fir|FirDecimatingStage:stage1|product_pipe[3][28]        ;
; 7.423 ; 7.805        ; 0.382          ; Low Pulse Width ; adc_dco ; Rise       ; Ad9233FrameCapture:U2_frame_capture|Ad9233MultistageDecimator:anti_alias_fir|FirDecimatingStage:stage1|product_pipe[3][29]        ;
; 7.423 ; 7.805        ; 0.382          ; Low Pulse Width ; adc_dco ; Rise       ; Ad9233FrameCapture:U2_frame_capture|Ad9233MultistageDecimator:anti_alias_fir|FirDecimatingStage:stage1|product_pipe[3][30]        ;
; 7.423 ; 7.805        ; 0.382          ; Low Pulse Width ; adc_dco ; Rise       ; Ad9233FrameCapture:U2_frame_capture|Ad9233MultistageDecimator:anti_alias_fir|FirDecimatingStage:stage1|product_pipe[3][31]        ;
; 7.423 ; 7.805        ; 0.382          ; Low Pulse Width ; adc_dco ; Rise       ; Ad9233FrameCapture:U2_frame_capture|Ad9233MultistageDecimator:anti_alias_fir|FirDecimatingStage:stage1|product_pipe[3][32]        ;
; 7.423 ; 7.805        ; 0.382          ; Low Pulse Width ; adc_dco ; Rise       ; Ad9233FrameCapture:U2_frame_capture|Ad9233MultistageDecimator:anti_alias_fir|FirDecimatingStage:stage1|product_pipe[3][33]        ;
; 7.423 ; 7.805        ; 0.382          ; Low Pulse Width ; adc_dco ; Rise       ; Ad9233FrameCapture:U2_frame_capture|Ad9233MultistageDecimator:anti_alias_fir|FirDecimatingStage:stage1|product_pipe[3][34]        ;
; 7.423 ; 7.805        ; 0.382          ; Low Pulse Width ; adc_dco ; Rise       ; Ad9233FrameCapture:U2_frame_capture|Ad9233MultistageDecimator:anti_alias_fir|FirDecimatingStage:stage1|product_pipe[3][35]        ;
; 7.423 ; 7.805        ; 0.382          ; Low Pulse Width ; adc_dco ; Rise       ; Ad9233FrameCapture:U2_frame_capture|Ad9233MultistageDecimator:anti_alias_fir|FirDecimatingStage:stage1|product_pipe[3][4]         ;
; 7.423 ; 7.805        ; 0.382          ; Low Pulse Width ; adc_dco ; Rise       ; Ad9233FrameCapture:U2_frame_capture|Ad9233MultistageDecimator:anti_alias_fir|FirDecimatingStage:stage1|product_pipe[3][5]         ;
; 7.423 ; 7.805        ; 0.382          ; Low Pulse Width ; adc_dco ; Rise       ; Ad9233FrameCapture:U2_frame_capture|Ad9233MultistageDecimator:anti_alias_fir|FirDecimatingStage:stage1|product_pipe[3][6]         ;
; 7.423 ; 7.805        ; 0.382          ; Low Pulse Width ; adc_dco ; Rise       ; Ad9233FrameCapture:U2_frame_capture|Ad9233MultistageDecimator:anti_alias_fir|FirDecimatingStage:stage1|product_pipe[3][7]         ;
; 7.423 ; 7.805        ; 0.382          ; Low Pulse Width ; adc_dco ; Rise       ; Ad9233FrameCapture:U2_frame_capture|Ad9233MultistageDecimator:anti_alias_fir|FirDecimatingStage:stage1|product_pipe[3][8]         ;
; 7.423 ; 7.805        ; 0.382          ; Low Pulse Width ; adc_dco ; Rise       ; Ad9233FrameCapture:U2_frame_capture|Ad9233MultistageDecimator:anti_alias_fir|FirDecimatingStage:stage1|product_pipe[3][9]         ;
; 7.424 ; 7.806        ; 0.382          ; Low Pulse Width ; adc_dco ; Rise       ; Ad9233FrameCapture:U2_frame_capture|Ad9233MultistageDecimator:anti_alias_fir|FirDecimatingStage:stage2|product_pipe[0][0]         ;
; 7.424 ; 7.806        ; 0.382          ; Low Pulse Width ; adc_dco ; Rise       ; Ad9233FrameCapture:U2_frame_capture|Ad9233MultistageDecimator:anti_alias_fir|FirDecimatingStage:stage2|product_pipe[0][10]        ;
; 7.424 ; 7.806        ; 0.382          ; Low Pulse Width ; adc_dco ; Rise       ; Ad9233FrameCapture:U2_frame_capture|Ad9233MultistageDecimator:anti_alias_fir|FirDecimatingStage:stage2|product_pipe[0][11]        ;
; 7.424 ; 7.806        ; 0.382          ; Low Pulse Width ; adc_dco ; Rise       ; Ad9233FrameCapture:U2_frame_capture|Ad9233MultistageDecimator:anti_alias_fir|FirDecimatingStage:stage2|product_pipe[0][12]        ;
; 7.424 ; 7.806        ; 0.382          ; Low Pulse Width ; adc_dco ; Rise       ; Ad9233FrameCapture:U2_frame_capture|Ad9233MultistageDecimator:anti_alias_fir|FirDecimatingStage:stage2|product_pipe[0][13]        ;
; 7.424 ; 7.806        ; 0.382          ; Low Pulse Width ; adc_dco ; Rise       ; Ad9233FrameCapture:U2_frame_capture|Ad9233MultistageDecimator:anti_alias_fir|FirDecimatingStage:stage2|product_pipe[0][14]        ;
; 7.424 ; 7.806        ; 0.382          ; Low Pulse Width ; adc_dco ; Rise       ; Ad9233FrameCapture:U2_frame_capture|Ad9233MultistageDecimator:anti_alias_fir|FirDecimatingStage:stage2|product_pipe[0][15]        ;
; 7.424 ; 7.806        ; 0.382          ; Low Pulse Width ; adc_dco ; Rise       ; Ad9233FrameCapture:U2_frame_capture|Ad9233MultistageDecimator:anti_alias_fir|FirDecimatingStage:stage2|product_pipe[0][16]        ;
; 7.424 ; 7.806        ; 0.382          ; Low Pulse Width ; adc_dco ; Rise       ; Ad9233FrameCapture:U2_frame_capture|Ad9233MultistageDecimator:anti_alias_fir|FirDecimatingStage:stage2|product_pipe[0][17]        ;
; 7.424 ; 7.806        ; 0.382          ; Low Pulse Width ; adc_dco ; Rise       ; Ad9233FrameCapture:U2_frame_capture|Ad9233MultistageDecimator:anti_alias_fir|FirDecimatingStage:stage2|product_pipe[0][18]        ;
; 7.424 ; 7.806        ; 0.382          ; Low Pulse Width ; adc_dco ; Rise       ; Ad9233FrameCapture:U2_frame_capture|Ad9233MultistageDecimator:anti_alias_fir|FirDecimatingStage:stage2|product_pipe[0][19]        ;
; 7.424 ; 7.806        ; 0.382          ; Low Pulse Width ; adc_dco ; Rise       ; Ad9233FrameCapture:U2_frame_capture|Ad9233MultistageDecimator:anti_alias_fir|FirDecimatingStage:stage2|product_pipe[0][1]         ;
; 7.424 ; 7.806        ; 0.382          ; Low Pulse Width ; adc_dco ; Rise       ; Ad9233FrameCapture:U2_frame_capture|Ad9233MultistageDecimator:anti_alias_fir|FirDecimatingStage:stage2|product_pipe[0][20]        ;
; 7.424 ; 7.806        ; 0.382          ; Low Pulse Width ; adc_dco ; Rise       ; Ad9233FrameCapture:U2_frame_capture|Ad9233MultistageDecimator:anti_alias_fir|FirDecimatingStage:stage2|product_pipe[0][21]        ;
; 7.424 ; 7.806        ; 0.382          ; Low Pulse Width ; adc_dco ; Rise       ; Ad9233FrameCapture:U2_frame_capture|Ad9233MultistageDecimator:anti_alias_fir|FirDecimatingStage:stage2|product_pipe[0][22]        ;
; 7.424 ; 7.806        ; 0.382          ; Low Pulse Width ; adc_dco ; Rise       ; Ad9233FrameCapture:U2_frame_capture|Ad9233MultistageDecimator:anti_alias_fir|FirDecimatingStage:stage2|product_pipe[0][23]        ;
; 7.424 ; 7.806        ; 0.382          ; Low Pulse Width ; adc_dco ; Rise       ; Ad9233FrameCapture:U2_frame_capture|Ad9233MultistageDecimator:anti_alias_fir|FirDecimatingStage:stage2|product_pipe[0][24]        ;
; 7.424 ; 7.806        ; 0.382          ; Low Pulse Width ; adc_dco ; Rise       ; Ad9233FrameCapture:U2_frame_capture|Ad9233MultistageDecimator:anti_alias_fir|FirDecimatingStage:stage2|product_pipe[0][25]        ;
; 7.424 ; 7.806        ; 0.382          ; Low Pulse Width ; adc_dco ; Rise       ; Ad9233FrameCapture:U2_frame_capture|Ad9233MultistageDecimator:anti_alias_fir|FirDecimatingStage:stage2|product_pipe[0][26]        ;
; 7.424 ; 7.806        ; 0.382          ; Low Pulse Width ; adc_dco ; Rise       ; Ad9233FrameCapture:U2_frame_capture|Ad9233MultistageDecimator:anti_alias_fir|FirDecimatingStage:stage2|product_pipe[0][27]        ;
; 7.424 ; 7.806        ; 0.382          ; Low Pulse Width ; adc_dco ; Rise       ; Ad9233FrameCapture:U2_frame_capture|Ad9233MultistageDecimator:anti_alias_fir|FirDecimatingStage:stage2|product_pipe[0][28]        ;
; 7.424 ; 7.806        ; 0.382          ; Low Pulse Width ; adc_dco ; Rise       ; Ad9233FrameCapture:U2_frame_capture|Ad9233MultistageDecimator:anti_alias_fir|FirDecimatingStage:stage2|product_pipe[0][29]        ;
; 7.424 ; 7.806        ; 0.382          ; Low Pulse Width ; adc_dco ; Rise       ; Ad9233FrameCapture:U2_frame_capture|Ad9233MultistageDecimator:anti_alias_fir|FirDecimatingStage:stage2|product_pipe[0][2]         ;
; 7.424 ; 7.806        ; 0.382          ; Low Pulse Width ; adc_dco ; Rise       ; Ad9233FrameCapture:U2_frame_capture|Ad9233MultistageDecimator:anti_alias_fir|FirDecimatingStage:stage2|product_pipe[0][30]        ;
; 7.424 ; 7.806        ; 0.382          ; Low Pulse Width ; adc_dco ; Rise       ; Ad9233FrameCapture:U2_frame_capture|Ad9233MultistageDecimator:anti_alias_fir|FirDecimatingStage:stage2|product_pipe[0][31]        ;
; 7.424 ; 7.806        ; 0.382          ; Low Pulse Width ; adc_dco ; Rise       ; Ad9233FrameCapture:U2_frame_capture|Ad9233MultistageDecimator:anti_alias_fir|FirDecimatingStage:stage2|product_pipe[0][32]        ;
; 7.424 ; 7.806        ; 0.382          ; Low Pulse Width ; adc_dco ; Rise       ; Ad9233FrameCapture:U2_frame_capture|Ad9233MultistageDecimator:anti_alias_fir|FirDecimatingStage:stage2|product_pipe[0][33]        ;
; 7.424 ; 7.806        ; 0.382          ; Low Pulse Width ; adc_dco ; Rise       ; Ad9233FrameCapture:U2_frame_capture|Ad9233MultistageDecimator:anti_alias_fir|FirDecimatingStage:stage2|product_pipe[0][34]        ;
; 7.424 ; 7.806        ; 0.382          ; Low Pulse Width ; adc_dco ; Rise       ; Ad9233FrameCapture:U2_frame_capture|Ad9233MultistageDecimator:anti_alias_fir|FirDecimatingStage:stage2|product_pipe[0][35]        ;
; 7.424 ; 7.806        ; 0.382          ; Low Pulse Width ; adc_dco ; Rise       ; Ad9233FrameCapture:U2_frame_capture|Ad9233MultistageDecimator:anti_alias_fir|FirDecimatingStage:stage2|product_pipe[0][3]         ;
; 7.424 ; 7.806        ; 0.382          ; Low Pulse Width ; adc_dco ; Rise       ; Ad9233FrameCapture:U2_frame_capture|Ad9233MultistageDecimator:anti_alias_fir|FirDecimatingStage:stage2|product_pipe[0][4]         ;
; 7.424 ; 7.806        ; 0.382          ; Low Pulse Width ; adc_dco ; Rise       ; Ad9233FrameCapture:U2_frame_capture|Ad9233MultistageDecimator:anti_alias_fir|FirDecimatingStage:stage2|product_pipe[0][5]         ;
; 7.424 ; 7.806        ; 0.382          ; Low Pulse Width ; adc_dco ; Rise       ; Ad9233FrameCapture:U2_frame_capture|Ad9233MultistageDecimator:anti_alias_fir|FirDecimatingStage:stage2|product_pipe[0][6]         ;
; 7.424 ; 7.806        ; 0.382          ; Low Pulse Width ; adc_dco ; Rise       ; Ad9233FrameCapture:U2_frame_capture|Ad9233MultistageDecimator:anti_alias_fir|FirDecimatingStage:stage2|product_pipe[0][7]         ;
; 7.424 ; 7.806        ; 0.382          ; Low Pulse Width ; adc_dco ; Rise       ; Ad9233FrameCapture:U2_frame_capture|Ad9233MultistageDecimator:anti_alias_fir|FirDecimatingStage:stage2|product_pipe[0][8]         ;
; 7.424 ; 7.806        ; 0.382          ; Low Pulse Width ; adc_dco ; Rise       ; Ad9233FrameCapture:U2_frame_capture|Ad9233MultistageDecimator:anti_alias_fir|FirDecimatingStage:stage2|product_pipe[0][9]         ;
; 7.425 ; 7.807        ; 0.382          ; Low Pulse Width ; adc_dco ; Rise       ; Ad9233FrameCapture:U2_frame_capture|Ad9233MultistageDecimator:anti_alias_fir|FirDecimatingStage:stage2|operand_coefficient[1][0]  ;
; 7.425 ; 7.807        ; 0.382          ; Low Pulse Width ; adc_dco ; Rise       ; Ad9233FrameCapture:U2_frame_capture|Ad9233MultistageDecimator:anti_alias_fir|FirDecimatingStage:stage2|operand_coefficient[1][10] ;
; 7.425 ; 7.807        ; 0.382          ; Low Pulse Width ; adc_dco ; Rise       ; Ad9233FrameCapture:U2_frame_capture|Ad9233MultistageDecimator:anti_alias_fir|FirDecimatingStage:stage2|operand_coefficient[1][11] ;
; 7.425 ; 7.807        ; 0.382          ; Low Pulse Width ; adc_dco ; Rise       ; Ad9233FrameCapture:U2_frame_capture|Ad9233MultistageDecimator:anti_alias_fir|FirDecimatingStage:stage2|operand_coefficient[1][12] ;
; 7.425 ; 7.807        ; 0.382          ; Low Pulse Width ; adc_dco ; Rise       ; Ad9233FrameCapture:U2_frame_capture|Ad9233MultistageDecimator:anti_alias_fir|FirDecimatingStage:stage2|operand_coefficient[1][13] ;
+-------+--------------+----------------+-----------------+---------+------------+-----------------------------------------------------------------------------------------------------------------------------------+


+--------------------------------------------------------------------------------------------------------------------------------------+
; Slow 1200mV 0C Model Minimum Pulse Width: 'clk_50m'                                                                                  ;
+-------+--------------+----------------+------------------+---------+------------+----------------------------------------------------+
; Slack ; Actual Width ; Required Width ; Type             ; Clock   ; Clock Edge ; Target                                             ;
+-------+--------------+----------------+------------------+---------+------------+----------------------------------------------------+
; 9.772 ; 9.988        ; 0.216          ; High Pulse Width ; clk_50m ; Rise       ; Ad9233SpiInit:U1_ad9233_spi_init|bit_index[0]      ;
; 9.772 ; 9.988        ; 0.216          ; High Pulse Width ; clk_50m ; Rise       ; Ad9233SpiInit:U1_ad9233_spi_init|bit_index[1]      ;
; 9.772 ; 9.988        ; 0.216          ; High Pulse Width ; clk_50m ; Rise       ; Ad9233SpiInit:U1_ad9233_spi_init|bit_index[2]      ;
; 9.772 ; 9.988        ; 0.216          ; High Pulse Width ; clk_50m ; Rise       ; Ad9233SpiInit:U1_ad9233_spi_init|bit_index[3]      ;
; 9.772 ; 9.988        ; 0.216          ; High Pulse Width ; clk_50m ; Rise       ; Ad9233SpiInit:U1_ad9233_spi_init|bit_index[4]      ;
; 9.772 ; 9.988        ; 0.216          ; High Pulse Width ; clk_50m ; Rise       ; Ad9233SpiInit:U1_ad9233_spi_init|half_count[0]     ;
; 9.772 ; 9.988        ; 0.216          ; High Pulse Width ; clk_50m ; Rise       ; Ad9233SpiInit:U1_ad9233_spi_init|half_count[1]     ;
; 9.772 ; 9.988        ; 0.216          ; High Pulse Width ; clk_50m ; Rise       ; Ad9233SpiInit:U1_ad9233_spi_init|half_count[2]     ;
; 9.772 ; 9.988        ; 0.216          ; High Pulse Width ; clk_50m ; Rise       ; Ad9233SpiInit:U1_ad9233_spi_init|half_count[3]     ;
; 9.772 ; 9.988        ; 0.216          ; High Pulse Width ; clk_50m ; Rise       ; Ad9233SpiInit:U1_ad9233_spi_init|half_count[4]     ;
; 9.772 ; 9.988        ; 0.216          ; High Pulse Width ; clk_50m ; Rise       ; Ad9233SpiInit:U1_ad9233_spi_init|half_count[5]     ;
; 9.772 ; 9.988        ; 0.216          ; High Pulse Width ; clk_50m ; Rise       ; Ad9233SpiInit:U1_ad9233_spi_init|half_count[6]     ;
; 9.772 ; 9.988        ; 0.216          ; High Pulse Width ; clk_50m ; Rise       ; Ad9233SpiInit:U1_ad9233_spi_init|half_count[7]     ;
; 9.772 ; 9.988        ; 0.216          ; High Pulse Width ; clk_50m ; Rise       ; Ad9233SpiInit:U1_ad9233_spi_init|shift_data[0]     ;
; 9.772 ; 9.988        ; 0.216          ; High Pulse Width ; clk_50m ; Rise       ; Ad9233SpiInit:U1_ad9233_spi_init|shift_data[10]    ;
; 9.772 ; 9.988        ; 0.216          ; High Pulse Width ; clk_50m ; Rise       ; Ad9233SpiInit:U1_ad9233_spi_init|shift_data[11]    ;
; 9.772 ; 9.988        ; 0.216          ; High Pulse Width ; clk_50m ; Rise       ; Ad9233SpiInit:U1_ad9233_spi_init|shift_data[12]    ;
; 9.772 ; 9.988        ; 0.216          ; High Pulse Width ; clk_50m ; Rise       ; Ad9233SpiInit:U1_ad9233_spi_init|shift_data[13]    ;
; 9.772 ; 9.988        ; 0.216          ; High Pulse Width ; clk_50m ; Rise       ; Ad9233SpiInit:U1_ad9233_spi_init|shift_data[14]    ;
; 9.772 ; 9.988        ; 0.216          ; High Pulse Width ; clk_50m ; Rise       ; Ad9233SpiInit:U1_ad9233_spi_init|shift_data[15]    ;
; 9.772 ; 9.988        ; 0.216          ; High Pulse Width ; clk_50m ; Rise       ; Ad9233SpiInit:U1_ad9233_spi_init|shift_data[16]    ;
; 9.772 ; 9.988        ; 0.216          ; High Pulse Width ; clk_50m ; Rise       ; Ad9233SpiInit:U1_ad9233_spi_init|shift_data[17]    ;
; 9.772 ; 9.988        ; 0.216          ; High Pulse Width ; clk_50m ; Rise       ; Ad9233SpiInit:U1_ad9233_spi_init|shift_data[18]    ;
; 9.772 ; 9.988        ; 0.216          ; High Pulse Width ; clk_50m ; Rise       ; Ad9233SpiInit:U1_ad9233_spi_init|shift_data[19]    ;
; 9.772 ; 9.988        ; 0.216          ; High Pulse Width ; clk_50m ; Rise       ; Ad9233SpiInit:U1_ad9233_spi_init|shift_data[1]     ;
; 9.772 ; 9.988        ; 0.216          ; High Pulse Width ; clk_50m ; Rise       ; Ad9233SpiInit:U1_ad9233_spi_init|shift_data[20]    ;
; 9.772 ; 9.988        ; 0.216          ; High Pulse Width ; clk_50m ; Rise       ; Ad9233SpiInit:U1_ad9233_spi_init|shift_data[21]    ;
; 9.772 ; 9.988        ; 0.216          ; High Pulse Width ; clk_50m ; Rise       ; Ad9233SpiInit:U1_ad9233_spi_init|shift_data[22]    ;
; 9.772 ; 9.988        ; 0.216          ; High Pulse Width ; clk_50m ; Rise       ; Ad9233SpiInit:U1_ad9233_spi_init|shift_data[2]     ;
; 9.772 ; 9.988        ; 0.216          ; High Pulse Width ; clk_50m ; Rise       ; Ad9233SpiInit:U1_ad9233_spi_init|shift_data[3]     ;
; 9.772 ; 9.988        ; 0.216          ; High Pulse Width ; clk_50m ; Rise       ; Ad9233SpiInit:U1_ad9233_spi_init|shift_data[4]     ;
; 9.772 ; 9.988        ; 0.216          ; High Pulse Width ; clk_50m ; Rise       ; Ad9233SpiInit:U1_ad9233_spi_init|shift_data[5]     ;
; 9.772 ; 9.988        ; 0.216          ; High Pulse Width ; clk_50m ; Rise       ; Ad9233SpiInit:U1_ad9233_spi_init|shift_data[6]     ;
; 9.772 ; 9.988        ; 0.216          ; High Pulse Width ; clk_50m ; Rise       ; Ad9233SpiInit:U1_ad9233_spi_init|shift_data[7]     ;
; 9.772 ; 9.988        ; 0.216          ; High Pulse Width ; clk_50m ; Rise       ; Ad9233SpiInit:U1_ad9233_spi_init|shift_data[8]     ;
; 9.772 ; 9.988        ; 0.216          ; High Pulse Width ; clk_50m ; Rise       ; Ad9233SpiInit:U1_ad9233_spi_init|shift_data[9]     ;
; 9.772 ; 9.988        ; 0.216          ; High Pulse Width ; clk_50m ; Rise       ; Ad9233SpiInit:U1_ad9233_spi_init|spi_cs_n          ;
; 9.772 ; 9.988        ; 0.216          ; High Pulse Width ; clk_50m ; Rise       ; Ad9233SpiInit:U1_ad9233_spi_init|spi_sclk          ;
; 9.772 ; 9.988        ; 0.216          ; High Pulse Width ; clk_50m ; Rise       ; Ad9233SpiInit:U1_ad9233_spi_init|spi_sdio          ;
; 9.772 ; 9.988        ; 0.216          ; High Pulse Width ; clk_50m ; Rise       ; Ad9233SpiInit:U1_ad9233_spi_init|state.STATE_GAP   ;
; 9.772 ; 9.988        ; 0.216          ; High Pulse Width ; clk_50m ; Rise       ; Ad9233SpiInit:U1_ad9233_spi_init|state.STATE_HIGH  ;
; 9.772 ; 9.988        ; 0.216          ; High Pulse Width ; clk_50m ; Rise       ; Ad9233SpiInit:U1_ad9233_spi_init|state.STATE_LOW   ;
; 9.775 ; 9.991        ; 0.216          ; High Pulse Width ; clk_50m ; Rise       ; Ad9233SpiInit:U1_ad9233_spi_init|cfg_done          ;
; 9.775 ; 9.991        ; 0.216          ; High Pulse Width ; clk_50m ; Rise       ; Ad9233SpiInit:U1_ad9233_spi_init|frame_index[0]    ;
; 9.775 ; 9.991        ; 0.216          ; High Pulse Width ; clk_50m ; Rise       ; Ad9233SpiInit:U1_ad9233_spi_init|frame_index[1]    ;
; 9.775 ; 9.991        ; 0.216          ; High Pulse Width ; clk_50m ; Rise       ; Ad9233SpiInit:U1_ad9233_spi_init|frame_index[2]    ;
; 9.775 ; 9.991        ; 0.216          ; High Pulse Width ; clk_50m ; Rise       ; Ad9233SpiInit:U1_ad9233_spi_init|startup_count[0]  ;
; 9.775 ; 9.991        ; 0.216          ; High Pulse Width ; clk_50m ; Rise       ; Ad9233SpiInit:U1_ad9233_spi_init|startup_count[10] ;
; 9.775 ; 9.991        ; 0.216          ; High Pulse Width ; clk_50m ; Rise       ; Ad9233SpiInit:U1_ad9233_spi_init|startup_count[11] ;
; 9.775 ; 9.991        ; 0.216          ; High Pulse Width ; clk_50m ; Rise       ; Ad9233SpiInit:U1_ad9233_spi_init|startup_count[12] ;
; 9.775 ; 9.991        ; 0.216          ; High Pulse Width ; clk_50m ; Rise       ; Ad9233SpiInit:U1_ad9233_spi_init|startup_count[13] ;
; 9.775 ; 9.991        ; 0.216          ; High Pulse Width ; clk_50m ; Rise       ; Ad9233SpiInit:U1_ad9233_spi_init|startup_count[14] ;
; 9.775 ; 9.991        ; 0.216          ; High Pulse Width ; clk_50m ; Rise       ; Ad9233SpiInit:U1_ad9233_spi_init|startup_count[15] ;
; 9.775 ; 9.991        ; 0.216          ; High Pulse Width ; clk_50m ; Rise       ; Ad9233SpiInit:U1_ad9233_spi_init|startup_count[16] ;
; 9.775 ; 9.991        ; 0.216          ; High Pulse Width ; clk_50m ; Rise       ; Ad9233SpiInit:U1_ad9233_spi_init|startup_count[17] ;
; 9.775 ; 9.991        ; 0.216          ; High Pulse Width ; clk_50m ; Rise       ; Ad9233SpiInit:U1_ad9233_spi_init|startup_count[18] ;
; 9.775 ; 9.991        ; 0.216          ; High Pulse Width ; clk_50m ; Rise       ; Ad9233SpiInit:U1_ad9233_spi_init|startup_count[19] ;
; 9.775 ; 9.991        ; 0.216          ; High Pulse Width ; clk_50m ; Rise       ; Ad9233SpiInit:U1_ad9233_spi_init|startup_count[1]  ;
; 9.775 ; 9.991        ; 0.216          ; High Pulse Width ; clk_50m ; Rise       ; Ad9233SpiInit:U1_ad9233_spi_init|startup_count[20] ;
; 9.775 ; 9.991        ; 0.216          ; High Pulse Width ; clk_50m ; Rise       ; Ad9233SpiInit:U1_ad9233_spi_init|startup_count[21] ;
; 9.775 ; 9.991        ; 0.216          ; High Pulse Width ; clk_50m ; Rise       ; Ad9233SpiInit:U1_ad9233_spi_init|startup_count[22] ;
; 9.775 ; 9.991        ; 0.216          ; High Pulse Width ; clk_50m ; Rise       ; Ad9233SpiInit:U1_ad9233_spi_init|startup_count[23] ;
; 9.775 ; 9.991        ; 0.216          ; High Pulse Width ; clk_50m ; Rise       ; Ad9233SpiInit:U1_ad9233_spi_init|startup_count[2]  ;
; 9.775 ; 9.991        ; 0.216          ; High Pulse Width ; clk_50m ; Rise       ; Ad9233SpiInit:U1_ad9233_spi_init|startup_count[3]  ;
; 9.775 ; 9.991        ; 0.216          ; High Pulse Width ; clk_50m ; Rise       ; Ad9233SpiInit:U1_ad9233_spi_init|startup_count[4]  ;
; 9.775 ; 9.991        ; 0.216          ; High Pulse Width ; clk_50m ; Rise       ; Ad9233SpiInit:U1_ad9233_spi_init|startup_count[5]  ;
; 9.775 ; 9.991        ; 0.216          ; High Pulse Width ; clk_50m ; Rise       ; Ad9233SpiInit:U1_ad9233_spi_init|startup_count[6]  ;
; 9.775 ; 9.991        ; 0.216          ; High Pulse Width ; clk_50m ; Rise       ; Ad9233SpiInit:U1_ad9233_spi_init|startup_count[7]  ;
; 9.775 ; 9.991        ; 0.216          ; High Pulse Width ; clk_50m ; Rise       ; Ad9233SpiInit:U1_ad9233_spi_init|startup_count[8]  ;
; 9.775 ; 9.991        ; 0.216          ; High Pulse Width ; clk_50m ; Rise       ; Ad9233SpiInit:U1_ad9233_spi_init|startup_count[9]  ;
; 9.775 ; 9.991        ; 0.216          ; High Pulse Width ; clk_50m ; Rise       ; Ad9233SpiInit:U1_ad9233_spi_init|state.STATE_DONE  ;
; 9.775 ; 9.991        ; 0.216          ; High Pulse Width ; clk_50m ; Rise       ; Ad9233SpiInit:U1_ad9233_spi_init|state.STATE_LOAD  ;
; 9.775 ; 9.991        ; 0.216          ; High Pulse Width ; clk_50m ; Rise       ; Ad9233SpiInit:U1_ad9233_spi_init|state.STATE_WAIT  ;
; 9.775 ; 9.991        ; 0.216          ; High Pulse Width ; clk_50m ; Rise       ; adc_pll_lock_sync[0]                               ;
; 9.775 ; 9.991        ; 0.216          ; High Pulse Width ; clk_50m ; Rise       ; adc_pll_lock_sync[1]                               ;
; 9.823 ; 10.007       ; 0.184          ; Low Pulse Width  ; clk_50m ; Rise       ; Ad9233SpiInit:U1_ad9233_spi_init|cfg_done          ;
; 9.823 ; 10.007       ; 0.184          ; Low Pulse Width  ; clk_50m ; Rise       ; Ad9233SpiInit:U1_ad9233_spi_init|frame_index[0]    ;
; 9.823 ; 10.007       ; 0.184          ; Low Pulse Width  ; clk_50m ; Rise       ; Ad9233SpiInit:U1_ad9233_spi_init|frame_index[1]    ;
; 9.823 ; 10.007       ; 0.184          ; Low Pulse Width  ; clk_50m ; Rise       ; Ad9233SpiInit:U1_ad9233_spi_init|frame_index[2]    ;
; 9.823 ; 10.007       ; 0.184          ; Low Pulse Width  ; clk_50m ; Rise       ; Ad9233SpiInit:U1_ad9233_spi_init|startup_count[0]  ;
; 9.823 ; 10.007       ; 0.184          ; Low Pulse Width  ; clk_50m ; Rise       ; Ad9233SpiInit:U1_ad9233_spi_init|startup_count[10] ;
; 9.823 ; 10.007       ; 0.184          ; Low Pulse Width  ; clk_50m ; Rise       ; Ad9233SpiInit:U1_ad9233_spi_init|startup_count[11] ;
; 9.823 ; 10.007       ; 0.184          ; Low Pulse Width  ; clk_50m ; Rise       ; Ad9233SpiInit:U1_ad9233_spi_init|startup_count[12] ;
; 9.823 ; 10.007       ; 0.184          ; Low Pulse Width  ; clk_50m ; Rise       ; Ad9233SpiInit:U1_ad9233_spi_init|startup_count[13] ;
; 9.823 ; 10.007       ; 0.184          ; Low Pulse Width  ; clk_50m ; Rise       ; Ad9233SpiInit:U1_ad9233_spi_init|startup_count[14] ;
; 9.823 ; 10.007       ; 0.184          ; Low Pulse Width  ; clk_50m ; Rise       ; Ad9233SpiInit:U1_ad9233_spi_init|startup_count[15] ;
; 9.823 ; 10.007       ; 0.184          ; Low Pulse Width  ; clk_50m ; Rise       ; Ad9233SpiInit:U1_ad9233_spi_init|startup_count[16] ;
; 9.823 ; 10.007       ; 0.184          ; Low Pulse Width  ; clk_50m ; Rise       ; Ad9233SpiInit:U1_ad9233_spi_init|startup_count[17] ;
; 9.823 ; 10.007       ; 0.184          ; Low Pulse Width  ; clk_50m ; Rise       ; Ad9233SpiInit:U1_ad9233_spi_init|startup_count[18] ;
; 9.823 ; 10.007       ; 0.184          ; Low Pulse Width  ; clk_50m ; Rise       ; Ad9233SpiInit:U1_ad9233_spi_init|startup_count[19] ;
; 9.823 ; 10.007       ; 0.184          ; Low Pulse Width  ; clk_50m ; Rise       ; Ad9233SpiInit:U1_ad9233_spi_init|startup_count[1]  ;
; 9.823 ; 10.007       ; 0.184          ; Low Pulse Width  ; clk_50m ; Rise       ; Ad9233SpiInit:U1_ad9233_spi_init|startup_count[20] ;
; 9.823 ; 10.007       ; 0.184          ; Low Pulse Width  ; clk_50m ; Rise       ; Ad9233SpiInit:U1_ad9233_spi_init|startup_count[21] ;
; 9.823 ; 10.007       ; 0.184          ; Low Pulse Width  ; clk_50m ; Rise       ; Ad9233SpiInit:U1_ad9233_spi_init|startup_count[22] ;
; 9.823 ; 10.007       ; 0.184          ; Low Pulse Width  ; clk_50m ; Rise       ; Ad9233SpiInit:U1_ad9233_spi_init|startup_count[23] ;
; 9.823 ; 10.007       ; 0.184          ; Low Pulse Width  ; clk_50m ; Rise       ; Ad9233SpiInit:U1_ad9233_spi_init|startup_count[2]  ;
; 9.823 ; 10.007       ; 0.184          ; Low Pulse Width  ; clk_50m ; Rise       ; Ad9233SpiInit:U1_ad9233_spi_init|startup_count[3]  ;
; 9.823 ; 10.007       ; 0.184          ; Low Pulse Width  ; clk_50m ; Rise       ; Ad9233SpiInit:U1_ad9233_spi_init|startup_count[4]  ;
; 9.823 ; 10.007       ; 0.184          ; Low Pulse Width  ; clk_50m ; Rise       ; Ad9233SpiInit:U1_ad9233_spi_init|startup_count[5]  ;
; 9.823 ; 10.007       ; 0.184          ; Low Pulse Width  ; clk_50m ; Rise       ; Ad9233SpiInit:U1_ad9233_spi_init|startup_count[6]  ;
+-------+--------------+----------------+------------------+---------+------------+----------------------------------------------------+


+-------------------------------------------------------------------------------------------------------------------------------------------------------------------------------------------------------------------+
; Slow 1200mV 0C Model Minimum Pulse Width: 'mcu_spi_sck'                                                                                                                                                           ;
+--------+--------------+----------------+------------------+-------------+------------+----------------------------------------------------------------------------------------------------------------------------+
; Slack  ; Actual Width ; Required Width ; Type             ; Clock       ; Clock Edge ; Target                                                                                                                     ;
+--------+--------------+----------------+------------------+-------------+------------+----------------------------------------------------------------------------------------------------------------------------+
; 41.149 ; 41.365       ; 0.216          ; High Pulse Width ; mcu_spi_sck ; Rise       ; AnalyzerSpiSlave:U3_analyzer_spi|response_word_index[0]                                                                    ;
; 41.149 ; 41.365       ; 0.216          ; High Pulse Width ; mcu_spi_sck ; Rise       ; AnalyzerSpiSlave:U3_analyzer_spi|response_word_index[10]                                                                   ;
; 41.149 ; 41.365       ; 0.216          ; High Pulse Width ; mcu_spi_sck ; Rise       ; AnalyzerSpiSlave:U3_analyzer_spi|response_word_index[11]                                                                   ;
; 41.149 ; 41.365       ; 0.216          ; High Pulse Width ; mcu_spi_sck ; Rise       ; AnalyzerSpiSlave:U3_analyzer_spi|response_word_index[12]                                                                   ;
; 41.149 ; 41.365       ; 0.216          ; High Pulse Width ; mcu_spi_sck ; Rise       ; AnalyzerSpiSlave:U3_analyzer_spi|response_word_index[1]                                                                    ;
; 41.149 ; 41.365       ; 0.216          ; High Pulse Width ; mcu_spi_sck ; Rise       ; AnalyzerSpiSlave:U3_analyzer_spi|response_word_index[2]                                                                    ;
; 41.149 ; 41.365       ; 0.216          ; High Pulse Width ; mcu_spi_sck ; Rise       ; AnalyzerSpiSlave:U3_analyzer_spi|response_word_index[3]                                                                    ;
; 41.149 ; 41.365       ; 0.216          ; High Pulse Width ; mcu_spi_sck ; Rise       ; AnalyzerSpiSlave:U3_analyzer_spi|response_word_index[4]                                                                    ;
; 41.149 ; 41.365       ; 0.216          ; High Pulse Width ; mcu_spi_sck ; Rise       ; AnalyzerSpiSlave:U3_analyzer_spi|response_word_index[5]                                                                    ;
; 41.149 ; 41.365       ; 0.216          ; High Pulse Width ; mcu_spi_sck ; Rise       ; AnalyzerSpiSlave:U3_analyzer_spi|response_word_index[6]                                                                    ;
; 41.149 ; 41.365       ; 0.216          ; High Pulse Width ; mcu_spi_sck ; Rise       ; AnalyzerSpiSlave:U3_analyzer_spi|response_word_index[7]                                                                    ;
; 41.149 ; 41.365       ; 0.216          ; High Pulse Width ; mcu_spi_sck ; Rise       ; AnalyzerSpiSlave:U3_analyzer_spi|response_word_index[8]                                                                    ;
; 41.149 ; 41.365       ; 0.216          ; High Pulse Width ; mcu_spi_sck ; Rise       ; AnalyzerSpiSlave:U3_analyzer_spi|response_word_index[9]                                                                    ;
; 41.185 ; 41.401       ; 0.216          ; High Pulse Width ; mcu_spi_sck ; Rise       ; AnalyzerSpiSlave:U3_analyzer_spi|response_seen                                                                             ;
; 41.185 ; 41.401       ; 0.216          ; High Pulse Width ; mcu_spi_sck ; Rise       ; AnalyzerSpiSlave:U3_analyzer_spi|tx_read                                                                                   ;
; 41.188 ; 41.404       ; 0.216          ; High Pulse Width ; mcu_spi_sck ; Rise       ; AnalyzerSpiSlave:U3_analyzer_spi|ram_read_address[0]                                                                       ;
; 41.188 ; 41.404       ; 0.216          ; High Pulse Width ; mcu_spi_sck ; Rise       ; AnalyzerSpiSlave:U3_analyzer_spi|ram_read_address[10]                                                                      ;
; 41.188 ; 41.404       ; 0.216          ; High Pulse Width ; mcu_spi_sck ; Rise       ; AnalyzerSpiSlave:U3_analyzer_spi|ram_read_address[11]                                                                      ;
; 41.188 ; 41.404       ; 0.216          ; High Pulse Width ; mcu_spi_sck ; Rise       ; AnalyzerSpiSlave:U3_analyzer_spi|ram_read_address[1]                                                                       ;
; 41.188 ; 41.404       ; 0.216          ; High Pulse Width ; mcu_spi_sck ; Rise       ; AnalyzerSpiSlave:U3_analyzer_spi|ram_read_address[2]                                                                       ;
; 41.188 ; 41.404       ; 0.216          ; High Pulse Width ; mcu_spi_sck ; Rise       ; AnalyzerSpiSlave:U3_analyzer_spi|ram_read_address[3]                                                                       ;
; 41.188 ; 41.404       ; 0.216          ; High Pulse Width ; mcu_spi_sck ; Rise       ; AnalyzerSpiSlave:U3_analyzer_spi|ram_read_address[4]                                                                       ;
; 41.188 ; 41.404       ; 0.216          ; High Pulse Width ; mcu_spi_sck ; Rise       ; AnalyzerSpiSlave:U3_analyzer_spi|ram_read_address[5]                                                                       ;
; 41.188 ; 41.404       ; 0.216          ; High Pulse Width ; mcu_spi_sck ; Rise       ; AnalyzerSpiSlave:U3_analyzer_spi|ram_read_address[6]                                                                       ;
; 41.188 ; 41.404       ; 0.216          ; High Pulse Width ; mcu_spi_sck ; Rise       ; AnalyzerSpiSlave:U3_analyzer_spi|ram_read_address[7]                                                                       ;
; 41.188 ; 41.404       ; 0.216          ; High Pulse Width ; mcu_spi_sck ; Rise       ; AnalyzerSpiSlave:U3_analyzer_spi|ram_read_address[8]                                                                       ;
; 41.188 ; 41.404       ; 0.216          ; High Pulse Width ; mcu_spi_sck ; Rise       ; AnalyzerSpiSlave:U3_analyzer_spi|ram_read_address[9]                                                                       ;
; 41.244 ; 41.428       ; 0.184          ; Low Pulse Width  ; mcu_spi_sck ; Fall       ; AnalyzerSpiSlave:U3_analyzer_spi|status_sync_0[0]                                                                          ;
; 41.244 ; 41.428       ; 0.184          ; Low Pulse Width  ; mcu_spi_sck ; Fall       ; AnalyzerSpiSlave:U3_analyzer_spi|status_sync_0[3]                                                                          ;
; 41.244 ; 41.428       ; 0.184          ; Low Pulse Width  ; mcu_spi_sck ; Fall       ; AnalyzerSpiSlave:U3_analyzer_spi|status_sync_1[0]                                                                          ;
; 41.244 ; 41.428       ; 0.184          ; Low Pulse Width  ; mcu_spi_sck ; Fall       ; AnalyzerSpiSlave:U3_analyzer_spi|status_sync_1[3]                                                                          ;
; 41.244 ; 41.428       ; 0.184          ; Low Pulse Width  ; mcu_spi_sck ; Fall       ; AnalyzerSpiSlave:U3_analyzer_spi|status_sync_2[0]                                                                          ;
; 41.244 ; 41.428       ; 0.184          ; Low Pulse Width  ; mcu_spi_sck ; Fall       ; AnalyzerSpiSlave:U3_analyzer_spi|status_sync_2[3]                                                                          ;
; 41.245 ; 41.461       ; 0.216          ; High Pulse Width ; mcu_spi_sck ; Rise       ; AnalyzerSpiSlave:U3_analyzer_spi|tx_shift[0]                                                                               ;
; 41.273 ; 41.457       ; 0.184          ; Low Pulse Width  ; mcu_spi_sck ; Fall       ; AnalyzerSpiSlave:U3_analyzer_spi|rx_shift[14]                                                                              ;
; 41.275 ; 41.505       ; 0.230          ; High Pulse Width ; mcu_spi_sck ; Rise       ; Ad9233FrameCapture:U2_frame_capture|altsyncram:capture_ram|altsyncram_bl51:auto_generated|ram_block1a1~portb_address_reg0  ;
; 41.275 ; 41.505       ; 0.230          ; High Pulse Width ; mcu_spi_sck ; Rise       ; Ad9233FrameCapture:U2_frame_capture|read_data[1]                                                                           ;
; 41.275 ; 41.505       ; 0.230          ; High Pulse Width ; mcu_spi_sck ; Rise       ; Ad9233FrameCapture:U2_frame_capture|read_data[4]                                                                           ;
; 41.276 ; 41.506       ; 0.230          ; High Pulse Width ; mcu_spi_sck ; Rise       ; Ad9233FrameCapture:U2_frame_capture|altsyncram:capture_ram|altsyncram_bl51:auto_generated|ram_block1a0~portb_address_reg0  ;
; 41.276 ; 41.506       ; 0.230          ; High Pulse Width ; mcu_spi_sck ; Rise       ; Ad9233FrameCapture:U2_frame_capture|read_data[0]                                                                           ;
; 41.276 ; 41.506       ; 0.230          ; High Pulse Width ; mcu_spi_sck ; Rise       ; Ad9233FrameCapture:U2_frame_capture|read_data[8]                                                                           ;
; 41.294 ; 41.510       ; 0.216          ; High Pulse Width ; mcu_spi_sck ; Rise       ; AnalyzerSpiSlave:U3_analyzer_spi|response_crc[13]                                                                          ;
; 41.294 ; 41.510       ; 0.216          ; High Pulse Width ; mcu_spi_sck ; Rise       ; AnalyzerSpiSlave:U3_analyzer_spi|response_crc[2]                                                                           ;
; 41.294 ; 41.510       ; 0.216          ; High Pulse Width ; mcu_spi_sck ; Rise       ; AnalyzerSpiSlave:U3_analyzer_spi|response_crc[3]                                                                           ;
; 41.294 ; 41.510       ; 0.216          ; High Pulse Width ; mcu_spi_sck ; Rise       ; AnalyzerSpiSlave:U3_analyzer_spi|response_crc[4]                                                                           ;
; 41.294 ; 41.510       ; 0.216          ; High Pulse Width ; mcu_spi_sck ; Rise       ; AnalyzerSpiSlave:U3_analyzer_spi|response_crc[8]                                                                           ;
; 41.294 ; 41.510       ; 0.216          ; High Pulse Width ; mcu_spi_sck ; Rise       ; AnalyzerSpiSlave:U3_analyzer_spi|response_crc[9]                                                                           ;
; 41.300 ; 41.530       ; 0.230          ; High Pulse Width ; mcu_spi_sck ; Rise       ; Ad9233FrameCapture:U2_frame_capture|altsyncram:capture_ram|altsyncram_bl51:auto_generated|ram_block1a3~portb_address_reg0  ;
; 41.300 ; 41.530       ; 0.230          ; High Pulse Width ; mcu_spi_sck ; Rise       ; Ad9233FrameCapture:U2_frame_capture|read_data[3]                                                                           ;
; 41.300 ; 41.530       ; 0.230          ; High Pulse Width ; mcu_spi_sck ; Rise       ; Ad9233FrameCapture:U2_frame_capture|read_data[7]                                                                           ;
; 41.306 ; 41.522       ; 0.216          ; High Pulse Width ; mcu_spi_sck ; Rise       ; AnalyzerSpiSlave:U3_analyzer_spi|response_crc[11]                                                                          ;
; 41.306 ; 41.522       ; 0.216          ; High Pulse Width ; mcu_spi_sck ; Rise       ; AnalyzerSpiSlave:U3_analyzer_spi|response_crc[1]                                                                           ;
; 41.306 ; 41.522       ; 0.216          ; High Pulse Width ; mcu_spi_sck ; Rise       ; AnalyzerSpiSlave:U3_analyzer_spi|response_crc[6]                                                                           ;
; 41.306 ; 41.522       ; 0.216          ; High Pulse Width ; mcu_spi_sck ; Rise       ; AnalyzerSpiSlave:U3_analyzer_spi|response_crc[7]                                                                           ;
; 41.309 ; 41.539       ; 0.230          ; High Pulse Width ; mcu_spi_sck ; Rise       ; Ad9233FrameCapture:U2_frame_capture|altsyncram:capture_ram|altsyncram_bl51:auto_generated|ram_block1a2~portb_address_reg0  ;
; 41.309 ; 41.539       ; 0.230          ; High Pulse Width ; mcu_spi_sck ; Rise       ; Ad9233FrameCapture:U2_frame_capture|read_data[2]                                                                           ;
; 41.309 ; 41.539       ; 0.230          ; High Pulse Width ; mcu_spi_sck ; Rise       ; Ad9233FrameCapture:U2_frame_capture|read_data[6]                                                                           ;
; 41.313 ; 41.497       ; 0.184          ; Low Pulse Width  ; mcu_spi_sck ; Fall       ; AnalyzerSpiSlave:U3_analyzer_spi|request_word_index.00                                                                     ;
; 41.313 ; 41.497       ; 0.184          ; Low Pulse Width  ; mcu_spi_sck ; Fall       ; AnalyzerSpiSlave:U3_analyzer_spi|request_word_index.01                                                                     ;
; 41.313 ; 41.497       ; 0.184          ; Low Pulse Width  ; mcu_spi_sck ; Fall       ; AnalyzerSpiSlave:U3_analyzer_spi|request_word_index.10                                                                     ;
; 41.313 ; 41.497       ; 0.184          ; Low Pulse Width  ; mcu_spi_sck ; Fall       ; AnalyzerSpiSlave:U3_analyzer_spi|request_word_index.11                                                                     ;
; 41.316 ; 41.500       ; 0.184          ; Low Pulse Width  ; mcu_spi_sck ; Fall       ; AnalyzerSpiSlave:U3_analyzer_spi|request_command[10]                                                                       ;
; 41.316 ; 41.500       ; 0.184          ; Low Pulse Width  ; mcu_spi_sck ; Fall       ; AnalyzerSpiSlave:U3_analyzer_spi|request_command[11]                                                                       ;
; 41.316 ; 41.500       ; 0.184          ; Low Pulse Width  ; mcu_spi_sck ; Fall       ; AnalyzerSpiSlave:U3_analyzer_spi|request_command[12]                                                                       ;
; 41.316 ; 41.500       ; 0.184          ; Low Pulse Width  ; mcu_spi_sck ; Fall       ; AnalyzerSpiSlave:U3_analyzer_spi|request_command[13]                                                                       ;
; 41.316 ; 41.500       ; 0.184          ; Low Pulse Width  ; mcu_spi_sck ; Fall       ; AnalyzerSpiSlave:U3_analyzer_spi|request_command[14]                                                                       ;
; 41.316 ; 41.500       ; 0.184          ; Low Pulse Width  ; mcu_spi_sck ; Fall       ; AnalyzerSpiSlave:U3_analyzer_spi|request_command[15]                                                                       ;
; 41.316 ; 41.500       ; 0.184          ; Low Pulse Width  ; mcu_spi_sck ; Fall       ; AnalyzerSpiSlave:U3_analyzer_spi|request_command[2]                                                                        ;
; 41.316 ; 41.500       ; 0.184          ; Low Pulse Width  ; mcu_spi_sck ; Fall       ; AnalyzerSpiSlave:U3_analyzer_spi|request_command[3]                                                                        ;
; 41.316 ; 41.500       ; 0.184          ; Low Pulse Width  ; mcu_spi_sck ; Fall       ; AnalyzerSpiSlave:U3_analyzer_spi|request_command[4]                                                                        ;
; 41.316 ; 41.500       ; 0.184          ; Low Pulse Width  ; mcu_spi_sck ; Fall       ; AnalyzerSpiSlave:U3_analyzer_spi|request_command[5]                                                                        ;
; 41.316 ; 41.500       ; 0.184          ; Low Pulse Width  ; mcu_spi_sck ; Fall       ; AnalyzerSpiSlave:U3_analyzer_spi|request_command[6]                                                                        ;
; 41.316 ; 41.500       ; 0.184          ; Low Pulse Width  ; mcu_spi_sck ; Fall       ; AnalyzerSpiSlave:U3_analyzer_spi|request_command[7]                                                                        ;
; 41.316 ; 41.500       ; 0.184          ; Low Pulse Width  ; mcu_spi_sck ; Fall       ; AnalyzerSpiSlave:U3_analyzer_spi|request_command[8]                                                                        ;
; 41.316 ; 41.500       ; 0.184          ; Low Pulse Width  ; mcu_spi_sck ; Fall       ; AnalyzerSpiSlave:U3_analyzer_spi|request_command[9]                                                                        ;
; 41.318 ; 41.502       ; 0.184          ; Low Pulse Width  ; mcu_spi_sck ; Fall       ; AnalyzerSpiSlave:U3_analyzer_spi|rx_shift[10]                                                                              ;
; 41.318 ; 41.502       ; 0.184          ; Low Pulse Width  ; mcu_spi_sck ; Fall       ; AnalyzerSpiSlave:U3_analyzer_spi|rx_shift[13]                                                                              ;
; 41.318 ; 41.502       ; 0.184          ; Low Pulse Width  ; mcu_spi_sck ; Fall       ; AnalyzerSpiSlave:U3_analyzer_spi|rx_shift[5]                                                                               ;
; 41.318 ; 41.502       ; 0.184          ; Low Pulse Width  ; mcu_spi_sck ; Fall       ; AnalyzerSpiSlave:U3_analyzer_spi|rx_shift[9]                                                                               ;
; 41.319 ; 41.535       ; 0.216          ; High Pulse Width ; mcu_spi_sck ; Rise       ; AnalyzerSpiSlave:U3_analyzer_spi|response_crc[14]                                                                          ;
; 41.319 ; 41.535       ; 0.216          ; High Pulse Width ; mcu_spi_sck ; Rise       ; AnalyzerSpiSlave:U3_analyzer_spi|response_crc[15]                                                                          ;
; 41.320 ; 41.550       ; 0.230          ; High Pulse Width ; mcu_spi_sck ; Rise       ; Ad9233FrameCapture:U2_frame_capture|altsyncram:capture_ram|altsyncram_bl51:auto_generated|ram_block1a10~portb_address_reg0 ;
; 41.320 ; 41.550       ; 0.230          ; High Pulse Width ; mcu_spi_sck ; Rise       ; Ad9233FrameCapture:U2_frame_capture|read_data[10]                                                                          ;
; 41.320 ; 41.550       ; 0.230          ; High Pulse Width ; mcu_spi_sck ; Rise       ; Ad9233FrameCapture:U2_frame_capture|read_data[11]                                                                          ;
; 41.320 ; 41.536       ; 0.216          ; High Pulse Width ; mcu_spi_sck ; Rise       ; AnalyzerSpiSlave:U3_analyzer_spi|tx_shift[10]                                                                              ;
; 41.320 ; 41.536       ; 0.216          ; High Pulse Width ; mcu_spi_sck ; Rise       ; AnalyzerSpiSlave:U3_analyzer_spi|tx_shift[11]                                                                              ;
; 41.320 ; 41.536       ; 0.216          ; High Pulse Width ; mcu_spi_sck ; Rise       ; AnalyzerSpiSlave:U3_analyzer_spi|tx_shift[12]                                                                              ;
; 41.320 ; 41.536       ; 0.216          ; High Pulse Width ; mcu_spi_sck ; Rise       ; AnalyzerSpiSlave:U3_analyzer_spi|tx_shift[13]                                                                              ;
; 41.320 ; 41.536       ; 0.216          ; High Pulse Width ; mcu_spi_sck ; Rise       ; AnalyzerSpiSlave:U3_analyzer_spi|tx_shift[14]                                                                              ;
; 41.320 ; 41.536       ; 0.216          ; High Pulse Width ; mcu_spi_sck ; Rise       ; AnalyzerSpiSlave:U3_analyzer_spi|tx_shift[15]                                                                              ;
; 41.320 ; 41.536       ; 0.216          ; High Pulse Width ; mcu_spi_sck ; Rise       ; AnalyzerSpiSlave:U3_analyzer_spi|tx_shift[7]                                                                               ;
; 41.320 ; 41.536       ; 0.216          ; High Pulse Width ; mcu_spi_sck ; Rise       ; AnalyzerSpiSlave:U3_analyzer_spi|tx_shift[8]                                                                               ;
; 41.320 ; 41.536       ; 0.216          ; High Pulse Width ; mcu_spi_sck ; Rise       ; AnalyzerSpiSlave:U3_analyzer_spi|tx_shift[9]                                                                               ;
; 41.322 ; 41.538       ; 0.216          ; High Pulse Width ; mcu_spi_sck ; Rise       ; AnalyzerSpiSlave:U3_analyzer_spi|tx_shift[1]                                                                               ;
; 41.322 ; 41.538       ; 0.216          ; High Pulse Width ; mcu_spi_sck ; Rise       ; AnalyzerSpiSlave:U3_analyzer_spi|tx_shift[2]                                                                               ;
; 41.322 ; 41.538       ; 0.216          ; High Pulse Width ; mcu_spi_sck ; Rise       ; AnalyzerSpiSlave:U3_analyzer_spi|tx_shift[3]                                                                               ;
; 41.322 ; 41.538       ; 0.216          ; High Pulse Width ; mcu_spi_sck ; Rise       ; AnalyzerSpiSlave:U3_analyzer_spi|tx_shift[4]                                                                               ;
; 41.322 ; 41.538       ; 0.216          ; High Pulse Width ; mcu_spi_sck ; Rise       ; AnalyzerSpiSlave:U3_analyzer_spi|tx_shift[5]                                                                               ;
; 41.322 ; 41.538       ; 0.216          ; High Pulse Width ; mcu_spi_sck ; Rise       ; AnalyzerSpiSlave:U3_analyzer_spi|tx_shift[6]                                                                               ;
; 41.323 ; 41.539       ; 0.216          ; High Pulse Width ; mcu_spi_sck ; Rise       ; AnalyzerSpiSlave:U3_analyzer_spi|spi_miso                                                                                  ;
+--------+--------------+----------------+------------------+-------------+------------+----------------------------------------------------------------------------------------------------------------------------+


+--------------------------------------------------------------------------------+
; Setup Times                                                                    ;
+-----------------+-------------+--------+--------+------------+-----------------+
; Data Port       ; Clock Port  ; Rise   ; Fall   ; Clock Edge ; Clock Reference ;
+-----------------+-------------+--------+--------+------------+-----------------+
; adc_data_i[*]   ; adc_dco     ; -0.576 ; -0.373 ; Rise       ; adc_dco         ;
;  adc_data_i[0]  ; adc_dco     ; -0.592 ; -0.389 ; Rise       ; adc_dco         ;
;  adc_data_i[1]  ; adc_dco     ; -0.593 ; -0.390 ; Rise       ; adc_dco         ;
;  adc_data_i[2]  ; adc_dco     ; -0.590 ; -0.387 ; Rise       ; adc_dco         ;
;  adc_data_i[3]  ; adc_dco     ; -0.592 ; -0.389 ; Rise       ; adc_dco         ;
;  adc_data_i[4]  ; adc_dco     ; -0.586 ; -0.383 ; Rise       ; adc_dco         ;
;  adc_data_i[5]  ; adc_dco     ; -0.590 ; -0.387 ; Rise       ; adc_dco         ;
;  adc_data_i[6]  ; adc_dco     ; -0.591 ; -0.388 ; Rise       ; adc_dco         ;
;  adc_data_i[7]  ; adc_dco     ; -0.576 ; -0.373 ; Rise       ; adc_dco         ;
;  adc_data_i[8]  ; adc_dco     ; -0.591 ; -0.388 ; Rise       ; adc_dco         ;
;  adc_data_i[9]  ; adc_dco     ; -0.590 ; -0.387 ; Rise       ; adc_dco         ;
;  adc_data_i[10] ; adc_dco     ; -0.592 ; -0.389 ; Rise       ; adc_dco         ;
;  adc_data_i[11] ; adc_dco     ; -0.581 ; -0.378 ; Rise       ; adc_dco         ;
; adc_otr_i       ; adc_dco     ; -0.592 ; -0.389 ; Rise       ; adc_dco         ;
; mcu_spi_mosi    ; mcu_spi_sck ; 8.148  ; 8.232  ; Fall       ; mcu_spi_sck     ;
+-----------------+-------------+--------+--------+------------+-----------------+


+--------------------------------------------------------------------------------+
; Hold Times                                                                     ;
+-----------------+-------------+--------+--------+------------+-----------------+
; Data Port       ; Clock Port  ; Rise   ; Fall   ; Clock Edge ; Clock Reference ;
+-----------------+-------------+--------+--------+------------+-----------------+
; adc_data_i[*]   ; adc_dco     ; 0.851  ; 0.651  ; Rise       ; adc_dco         ;
;  adc_data_i[0]  ; adc_dco     ; 0.850  ; 0.650  ; Rise       ; adc_dco         ;
;  adc_data_i[1]  ; adc_dco     ; 0.851  ; 0.651  ; Rise       ; adc_dco         ;
;  adc_data_i[2]  ; adc_dco     ; 0.847  ; 0.647  ; Rise       ; adc_dco         ;
;  adc_data_i[3]  ; adc_dco     ; 0.850  ; 0.650  ; Rise       ; adc_dco         ;
;  adc_data_i[4]  ; adc_dco     ; 0.843  ; 0.643  ; Rise       ; adc_dco         ;
;  adc_data_i[5]  ; adc_dco     ; 0.847  ; 0.647  ; Rise       ; adc_dco         ;
;  adc_data_i[6]  ; adc_dco     ; 0.849  ; 0.649  ; Rise       ; adc_dco         ;
;  adc_data_i[7]  ; adc_dco     ; 0.833  ; 0.633  ; Rise       ; adc_dco         ;
;  adc_data_i[8]  ; adc_dco     ; 0.849  ; 0.649  ; Rise       ; adc_dco         ;
;  adc_data_i[9]  ; adc_dco     ; 0.848  ; 0.648  ; Rise       ; adc_dco         ;
;  adc_data_i[10] ; adc_dco     ; 0.849  ; 0.649  ; Rise       ; adc_dco         ;
;  adc_data_i[11] ; adc_dco     ; 0.839  ; 0.639  ; Rise       ; adc_dco         ;
; adc_otr_i       ; adc_dco     ; 0.850  ; 0.650  ; Rise       ; adc_dco         ;
; mcu_spi_mosi    ; mcu_spi_sck ; -2.064 ; -2.018 ; Fall       ; mcu_spi_sck     ;
+-----------------+-------------+--------+--------+------------+-----------------+


+----------------------------------------------------------------------------------------------------------------------------------------+
; Clock to Output Times                                                                                                                  ;
+-------------------------+-------------+--------+--------+------------+-----------------------------------------------------------------+
; Data Port               ; Clock Port  ; Rise   ; Fall   ; Clock Edge ; Clock Reference                                                 ;
+-------------------------+-------------+--------+--------+------------+-----------------------------------------------------------------+
; adc_clk_o               ; clk_50m     ; 3.051  ;        ; Rise       ; U0_adc_pll62m5_inst|altpll_component|auto_generated|pll1|clk[0] ;
; adc_clk_o               ; clk_50m     ;        ; 2.907  ; Fall       ; U0_adc_pll62m5_inst|altpll_component|auto_generated|pll1|clk[0] ;
; adc_debug_clk_o         ; adc_dco     ; 2.193  ; 2.265  ; Rise       ; adc_dco                                                         ;
; adc_debug_sample_o[*]   ; adc_dco     ; 5.147  ; 4.769  ; Rise       ; adc_dco                                                         ;
;  adc_debug_sample_o[0]  ; adc_dco     ; 4.378  ; 4.113  ; Rise       ; adc_dco                                                         ;
;  adc_debug_sample_o[1]  ; adc_dco     ; 3.971  ; 3.704  ; Rise       ; adc_dco                                                         ;
;  adc_debug_sample_o[2]  ; adc_dco     ; 3.957  ; 3.811  ; Rise       ; adc_dco                                                         ;
;  adc_debug_sample_o[3]  ; adc_dco     ; 5.147  ; 4.769  ; Rise       ; adc_dco                                                         ;
;  adc_debug_sample_o[4]  ; adc_dco     ; 4.056  ; 3.801  ; Rise       ; adc_dco                                                         ;
;  adc_debug_sample_o[5]  ; adc_dco     ; 4.128  ; 3.945  ; Rise       ; adc_dco                                                         ;
;  adc_debug_sample_o[6]  ; adc_dco     ; 4.337  ; 4.029  ; Rise       ; adc_dco                                                         ;
;  adc_debug_sample_o[7]  ; adc_dco     ; 4.781  ; 4.469  ; Rise       ; adc_dco                                                         ;
;  adc_debug_sample_o[8]  ; adc_dco     ; 4.438  ; 4.169  ; Rise       ; adc_dco                                                         ;
;  adc_debug_sample_o[9]  ; adc_dco     ; 4.198  ; 3.994  ; Rise       ; adc_dco                                                         ;
;  adc_debug_sample_o[10] ; adc_dco     ; 4.429  ; 4.176  ; Rise       ; adc_dco                                                         ;
;  adc_debug_sample_o[11] ; adc_dco     ; 4.005  ; 3.766  ; Rise       ; adc_dco                                                         ;
; adc_debug_status_o[*]   ; adc_dco     ; 12.458 ; 11.897 ; Rise       ; adc_dco                                                         ;
;  adc_debug_status_o[1]  ; adc_dco     ; 4.726  ; 4.461  ; Rise       ; adc_dco                                                         ;
;  adc_debug_status_o[2]  ; adc_dco     ; 3.861  ; 3.711  ; Rise       ; adc_dco                                                         ;
;  adc_debug_status_o[3]  ; adc_dco     ; 3.838  ; 3.673  ; Rise       ; adc_dco                                                         ;
;  adc_debug_status_o[7]  ; adc_dco     ; 3.543  ; 3.466  ; Rise       ; adc_dco                                                         ;
;  adc_debug_status_o[8]  ; adc_dco     ; 3.550  ; 3.476  ; Rise       ; adc_dco                                                         ;
;  adc_debug_status_o[9]  ; adc_dco     ; 12.458 ; 11.897 ; Rise       ; adc_dco                                                         ;
; adc_debug_clk_o         ; adc_dco     ; 2.193  ; 2.265  ; Fall       ; adc_dco                                                         ;
; adc_oeb_o               ; clk_50m     ; 7.272  ; 7.766  ; Rise       ; clk_50m                                                         ;
; adc_spi_cs_n_o          ; clk_50m     ; 6.165  ; 6.280  ; Rise       ; clk_50m                                                         ;
; adc_spi_sclk_o          ; clk_50m     ; 6.313  ; 6.498  ; Rise       ; clk_50m                                                         ;
; adc_spi_sdio_o          ; clk_50m     ; 6.486  ; 6.314  ; Rise       ; clk_50m                                                         ;
; mcu_spi_miso            ; mcu_spi_sck ; 7.197  ; 6.917  ; Rise       ; mcu_spi_sck                                                     ;
; adc_debug_status_o[*]   ; mcu_spi_sck ; 5.919  ; 5.578  ; Fall       ; mcu_spi_sck                                                     ;
;  adc_debug_status_o[6]  ; mcu_spi_sck ; 5.919  ; 5.578  ; Fall       ; mcu_spi_sck                                                     ;
+-------------------------+-------------+--------+--------+------------+-----------------------------------------------------------------+


+--------------------------------------------------------------------------------------------------------------------------------------+
; Minimum Clock to Output Times                                                                                                        ;
+-------------------------+-------------+-------+-------+------------+-----------------------------------------------------------------+
; Data Port               ; Clock Port  ; Rise  ; Fall  ; Clock Edge ; Clock Reference                                                 ;
+-------------------------+-------------+-------+-------+------------+-----------------------------------------------------------------+
; adc_clk_o               ; clk_50m     ; 2.590 ;       ; Rise       ; U0_adc_pll62m5_inst|altpll_component|auto_generated|pll1|clk[0] ;
; adc_clk_o               ; clk_50m     ;       ; 2.451 ; Fall       ; U0_adc_pll62m5_inst|altpll_component|auto_generated|pll1|clk[0] ;
; adc_debug_clk_o         ; adc_dco     ; 2.134 ; 2.206 ; Rise       ; adc_dco                                                         ;
; adc_debug_sample_o[*]   ; adc_dco     ; 3.830 ; 3.586 ; Rise       ; adc_dco                                                         ;
;  adc_debug_sample_o[0]  ; adc_dco     ; 4.233 ; 3.979 ; Rise       ; adc_dco                                                         ;
;  adc_debug_sample_o[1]  ; adc_dco     ; 3.842 ; 3.586 ; Rise       ; adc_dco                                                         ;
;  adc_debug_sample_o[2]  ; adc_dco     ; 3.830 ; 3.690 ; Rise       ; adc_dco                                                         ;
;  adc_debug_sample_o[3]  ; adc_dco     ; 4.971 ; 4.609 ; Rise       ; adc_dco                                                         ;
;  adc_debug_sample_o[4]  ; adc_dco     ; 3.924 ; 3.681 ; Rise       ; adc_dco                                                         ;
;  adc_debug_sample_o[5]  ; adc_dco     ; 3.994 ; 3.818 ; Rise       ; adc_dco                                                         ;
;  adc_debug_sample_o[6]  ; adc_dco     ; 4.194 ; 3.898 ; Rise       ; adc_dco                                                         ;
;  adc_debug_sample_o[7]  ; adc_dco     ; 4.620 ; 4.321 ; Rise       ; adc_dco                                                         ;
;  adc_debug_sample_o[8]  ; adc_dco     ; 4.291 ; 4.033 ; Rise       ; adc_dco                                                         ;
;  adc_debug_sample_o[9]  ; adc_dco     ; 4.060 ; 3.865 ; Rise       ; adc_dco                                                         ;
;  adc_debug_sample_o[10] ; adc_dco     ; 4.283 ; 4.040 ; Rise       ; adc_dco                                                         ;
;  adc_debug_sample_o[11] ; adc_dco     ; 3.875 ; 3.646 ; Rise       ; adc_dco                                                         ;
; adc_debug_status_o[*]   ; adc_dco     ; 3.419 ; 3.345 ; Rise       ; adc_dco                                                         ;
;  adc_debug_status_o[1]  ; adc_dco     ; 4.567 ; 4.313 ; Rise       ; adc_dco                                                         ;
;  adc_debug_status_o[2]  ; adc_dco     ; 3.724 ; 3.580 ; Rise       ; adc_dco                                                         ;
;  adc_debug_status_o[3]  ; adc_dco     ; 3.703 ; 3.544 ; Rise       ; adc_dco                                                         ;
;  adc_debug_status_o[7]  ; adc_dco     ; 3.419 ; 3.345 ; Rise       ; adc_dco                                                         ;
;  adc_debug_status_o[8]  ; adc_dco     ; 3.426 ; 3.355 ; Rise       ; adc_dco                                                         ;
;  adc_debug_status_o[9]  ; adc_dco     ; 5.205 ; 4.924 ; Rise       ; adc_dco                                                         ;
; adc_debug_clk_o         ; adc_dco     ; 2.134 ; 2.206 ; Fall       ; adc_dco                                                         ;
; adc_oeb_o               ; clk_50m     ; 6.995 ; 7.472 ; Rise       ; clk_50m                                                         ;
; adc_spi_cs_n_o          ; clk_50m     ; 5.933 ; 6.046 ; Rise       ; clk_50m                                                         ;
; adc_spi_sclk_o          ; clk_50m     ; 6.076 ; 6.255 ; Rise       ; clk_50m                                                         ;
; adc_spi_sdio_o          ; clk_50m     ; 6.242 ; 6.075 ; Rise       ; clk_50m                                                         ;
; mcu_spi_miso            ; mcu_spi_sck ; 6.915 ; 6.643 ; Rise       ; mcu_spi_sck                                                     ;
; adc_debug_status_o[*]   ; mcu_spi_sck ; 4.601 ; 4.388 ; Fall       ; mcu_spi_sck                                                     ;
;  adc_debug_status_o[6]  ; mcu_spi_sck ; 4.601 ; 4.388 ; Fall       ; mcu_spi_sck                                                     ;
+-------------------------+-------------+-------+-------+------------+-----------------------------------------------------------------+


---------------------------------------------
; Slow 1200mV 0C Model Metastability Report ;
---------------------------------------------
No synchronizer chains to report.


+--------------------------------------+
; Fast 1200mV 0C Model Setup Summary   ;
+-------------+--------+---------------+
; Clock       ; Slack  ; End Point TNS ;
+-------------+--------+---------------+
; adc_dco     ; 4.081  ; 0.000         ;
; clk_50m     ; 17.659 ; 0.000         ;
; mcu_spi_sck ; 26.100 ; 0.000         ;
+-------------+--------+---------------+


+-------------------------------------+
; Fast 1200mV 0C Model Hold Summary   ;
+-------------+-------+---------------+
; Clock       ; Slack ; End Point TNS ;
+-------------+-------+---------------+
; adc_dco     ; 0.165 ; 0.000         ;
; clk_50m     ; 0.186 ; 0.000         ;
; mcu_spi_sck ; 0.199 ; 0.000         ;
+-------------+-------+---------------+


-----------------------------------------
; Fast 1200mV 0C Model Recovery Summary ;
-----------------------------------------
No paths to report.


----------------------------------------
; Fast 1200mV 0C Model Removal Summary ;
----------------------------------------
No paths to report.


+--------------------------------------------------+
; Fast 1200mV 0C Model Minimum Pulse Width Summary ;
+-------------+--------+---------------------------+
; Clock       ; Slack  ; End Point TNS             ;
+-------------+--------+---------------------------+
; adc_dco     ; 7.189  ; 0.000                     ;
; clk_50m     ; 9.435  ; 0.000                     ;
; mcu_spi_sck ; 40.795 ; 0.000                     ;
+-------------+--------+---------------------------+


+--------------------------------------------------------------------------------------------------------------------------------------------------------------------------------------------------------------------------------------------------------------------------------------------------------------------------------------+
; Fast 1200mV 0C Model Setup: 'adc_dco'                                                                                                                                                                                                                                                                                                ;
+--------+------------------------------------------------------------------------------------------------------------------------+------------------------------------------------------------------------------------------------------------------------------+--------------+-------------+--------------+------------+------------+
; Slack  ; From Node                                                                                                              ; To Node                                                                                                                      ; Launch Clock ; Latch Clock ; Relationship ; Clock Skew ; Data Delay ;
+--------+------------------------------------------------------------------------------------------------------------------------+------------------------------------------------------------------------------------------------------------------------------+--------------+-------------+--------------+------------+------------+
; 4.081  ; adc_data_i[7]                                                                                                          ; adc_raw_sample[7]                                                                                                            ; adc_dco      ; adc_dco     ; 8.000        ; 0.989      ; 1.245      ;
; 4.086  ; adc_data_i[11]                                                                                                         ; adc_raw_sample[11]                                                                                                           ; adc_dco      ; adc_dco     ; 8.000        ; 0.994      ; 1.245      ;
; 4.091  ; adc_data_i[4]                                                                                                          ; adc_raw_sample[4]                                                                                                            ; adc_dco      ; adc_dco     ; 8.000        ; 0.989      ; 1.235      ;
; 4.095  ; adc_data_i[2]                                                                                                          ; adc_raw_sample[2]                                                                                                            ; adc_dco      ; adc_dco     ; 8.000        ; 0.993      ; 1.235      ;
; 4.095  ; adc_data_i[5]                                                                                                          ; adc_raw_sample[5]                                                                                                            ; adc_dco      ; adc_dco     ; 8.000        ; 0.993      ; 1.235      ;
; 4.095  ; adc_data_i[9]                                                                                                          ; adc_raw_sample[9]                                                                                                            ; adc_dco      ; adc_dco     ; 8.000        ; 0.993      ; 1.235      ;
; 4.096  ; adc_data_i[8]                                                                                                          ; adc_raw_sample[8]                                                                                                            ; adc_dco      ; adc_dco     ; 8.000        ; 0.994      ; 1.235      ;
; 4.096  ; adc_data_i[6]                                                                                                          ; adc_raw_sample[6]                                                                                                            ; adc_dco      ; adc_dco     ; 8.000        ; 0.994      ; 1.235      ;
; 4.097  ; adc_data_i[3]                                                                                                          ; adc_raw_sample[3]                                                                                                            ; adc_dco      ; adc_dco     ; 8.000        ; 0.995      ; 1.235      ;
; 4.097  ; adc_data_i[0]                                                                                                          ; adc_raw_sample[0]                                                                                                            ; adc_dco      ; adc_dco     ; 8.000        ; 0.995      ; 1.235      ;
; 4.097  ; adc_otr_i                                                                                                              ; adc_raw_otr                                                                                                                  ; adc_dco      ; adc_dco     ; 8.000        ; 0.995      ; 1.235      ;
; 4.097  ; adc_data_i[10]                                                                                                         ; adc_raw_sample[10]                                                                                                           ; adc_dco      ; adc_dco     ; 8.000        ; 0.995      ; 1.235      ;
; 4.098  ; adc_data_i[1]                                                                                                          ; adc_raw_sample[1]                                                                                                            ; adc_dco      ; adc_dco     ; 8.000        ; 0.996      ; 1.235      ;
; 10.986 ; Ad9233FrameCapture:U2_frame_capture|Ad9233MultistageDecimator:anti_alias_fir|FirDecimatingStage:stage3|issue_batch[1]  ; Ad9233FrameCapture:U2_frame_capture|Ad9233MultistageDecimator:anti_alias_fir|FirDecimatingStage:stage3|operand_sample[0][17] ; adc_dco      ; adc_dco     ; 16.000       ; -0.047     ; 4.954      ;
; 10.989 ; Ad9233FrameCapture:U2_frame_capture|Ad9233MultistageDecimator:anti_alias_fir|FirDecimatingStage:stage3|issue_batch[3]  ; Ad9233FrameCapture:U2_frame_capture|Ad9233MultistageDecimator:anti_alias_fir|FirDecimatingStage:stage3|operand_sample[0][17] ; adc_dco      ; adc_dco     ; 16.000       ; -0.047     ; 4.951      ;
; 10.990 ; Ad9233FrameCapture:U2_frame_capture|Ad9233MultistageDecimator:anti_alias_fir|FirDecimatingStage:stage3|issue_batch[1]  ; Ad9233FrameCapture:U2_frame_capture|Ad9233MultistageDecimator:anti_alias_fir|FirDecimatingStage:stage3|operand_sample[0][16] ; adc_dco      ; adc_dco     ; 16.000       ; -0.047     ; 4.950      ;
; 10.996 ; Ad9233FrameCapture:U2_frame_capture|Ad9233MultistageDecimator:anti_alias_fir|FirDecimatingStage:stage3|issue_batch[2]  ; Ad9233FrameCapture:U2_frame_capture|Ad9233MultistageDecimator:anti_alias_fir|FirDecimatingStage:stage3|operand_sample[0][17] ; adc_dco      ; adc_dco     ; 16.000       ; -0.047     ; 4.944      ;
; 11.000 ; Ad9233FrameCapture:U2_frame_capture|Ad9233MultistageDecimator:anti_alias_fir|FirDecimatingStage:stage3|issue_batch[2]  ; Ad9233FrameCapture:U2_frame_capture|Ad9233MultistageDecimator:anti_alias_fir|FirDecimatingStage:stage3|operand_sample[0][16] ; adc_dco      ; adc_dco     ; 16.000       ; -0.047     ; 4.940      ;
; 11.004 ; Ad9233FrameCapture:U2_frame_capture|Ad9233MultistageDecimator:anti_alias_fir|FirDecimatingStage:stage3|issue_batch[3]  ; Ad9233FrameCapture:U2_frame_capture|Ad9233MultistageDecimator:anti_alias_fir|FirDecimatingStage:stage3|operand_sample[0][16] ; adc_dco      ; adc_dco     ; 16.000       ; -0.047     ; 4.936      ;
; 11.011 ; Ad9233FrameCapture:U2_frame_capture|Ad9233MultistageDecimator:anti_alias_fir|FirDecimatingStage:stage3|issue_batch[0]  ; Ad9233FrameCapture:U2_frame_capture|Ad9233MultistageDecimator:anti_alias_fir|FirDecimatingStage:stage3|operand_sample[0][17] ; adc_dco      ; adc_dco     ; 16.000       ; -0.047     ; 4.929      ;
; 11.015 ; Ad9233FrameCapture:U2_frame_capture|Ad9233MultistageDecimator:anti_alias_fir|FirDecimatingStage:stage3|issue_batch[0]  ; Ad9233FrameCapture:U2_frame_capture|Ad9233MultistageDecimator:anti_alias_fir|FirDecimatingStage:stage3|operand_sample[0][16] ; adc_dco      ; adc_dco     ; 16.000       ; -0.047     ; 4.925      ;
; 11.054 ; Ad9233FrameCapture:U2_frame_capture|Ad9233MultistageDecimator:anti_alias_fir|FirDecimatingStage:stage3|issue_batch[1]  ; Ad9233FrameCapture:U2_frame_capture|Ad9233MultistageDecimator:anti_alias_fir|FirDecimatingStage:stage3|operand_sample[0][15] ; adc_dco      ; adc_dco     ; 16.000       ; -0.047     ; 4.886      ;
; 11.058 ; Ad9233FrameCapture:U2_frame_capture|Ad9233MultistageDecimator:anti_alias_fir|FirDecimatingStage:stage3|issue_batch[1]  ; Ad9233FrameCapture:U2_frame_capture|Ad9233MultistageDecimator:anti_alias_fir|FirDecimatingStage:stage3|operand_sample[0][14] ; adc_dco      ; adc_dco     ; 16.000       ; -0.047     ; 4.882      ;
; 11.064 ; Ad9233FrameCapture:U2_frame_capture|Ad9233MultistageDecimator:anti_alias_fir|FirDecimatingStage:stage3|issue_batch[2]  ; Ad9233FrameCapture:U2_frame_capture|Ad9233MultistageDecimator:anti_alias_fir|FirDecimatingStage:stage3|operand_sample[0][15] ; adc_dco      ; adc_dco     ; 16.000       ; -0.047     ; 4.876      ;
; 11.068 ; Ad9233FrameCapture:U2_frame_capture|Ad9233MultistageDecimator:anti_alias_fir|FirDecimatingStage:stage3|issue_batch[3]  ; Ad9233FrameCapture:U2_frame_capture|Ad9233MultistageDecimator:anti_alias_fir|FirDecimatingStage:stage3|operand_sample[0][15] ; adc_dco      ; adc_dco     ; 16.000       ; -0.047     ; 4.872      ;
; 11.068 ; Ad9233FrameCapture:U2_frame_capture|Ad9233MultistageDecimator:anti_alias_fir|FirDecimatingStage:stage3|issue_batch[2]  ; Ad9233FrameCapture:U2_frame_capture|Ad9233MultistageDecimator:anti_alias_fir|FirDecimatingStage:stage3|operand_sample[0][14] ; adc_dco      ; adc_dco     ; 16.000       ; -0.047     ; 4.872      ;
; 11.072 ; Ad9233FrameCapture:U2_frame_capture|Ad9233MultistageDecimator:anti_alias_fir|FirDecimatingStage:stage2|result_pipe[7]  ; Ad9233FrameCapture:U2_frame_capture|Ad9233MultistageDecimator:anti_alias_fir|FirDecimatingStage:stage2|saturation_count[0]   ; adc_dco      ; adc_dco     ; 16.000       ; -0.030     ; 4.885      ;
; 11.072 ; Ad9233FrameCapture:U2_frame_capture|Ad9233MultistageDecimator:anti_alias_fir|FirDecimatingStage:stage2|result_pipe[7]  ; Ad9233FrameCapture:U2_frame_capture|Ad9233MultistageDecimator:anti_alias_fir|FirDecimatingStage:stage2|saturation_count[10]  ; adc_dco      ; adc_dco     ; 16.000       ; -0.030     ; 4.885      ;
; 11.072 ; Ad9233FrameCapture:U2_frame_capture|Ad9233MultistageDecimator:anti_alias_fir|FirDecimatingStage:stage2|result_pipe[7]  ; Ad9233FrameCapture:U2_frame_capture|Ad9233MultistageDecimator:anti_alias_fir|FirDecimatingStage:stage2|saturation_count[1]   ; adc_dco      ; adc_dco     ; 16.000       ; -0.030     ; 4.885      ;
; 11.072 ; Ad9233FrameCapture:U2_frame_capture|Ad9233MultistageDecimator:anti_alias_fir|FirDecimatingStage:stage2|result_pipe[7]  ; Ad9233FrameCapture:U2_frame_capture|Ad9233MultistageDecimator:anti_alias_fir|FirDecimatingStage:stage2|saturation_count[2]   ; adc_dco      ; adc_dco     ; 16.000       ; -0.030     ; 4.885      ;
; 11.072 ; Ad9233FrameCapture:U2_frame_capture|Ad9233MultistageDecimator:anti_alias_fir|FirDecimatingStage:stage2|result_pipe[7]  ; Ad9233FrameCapture:U2_frame_capture|Ad9233MultistageDecimator:anti_alias_fir|FirDecimatingStage:stage2|saturation_count[3]   ; adc_dco      ; adc_dco     ; 16.000       ; -0.030     ; 4.885      ;
; 11.072 ; Ad9233FrameCapture:U2_frame_capture|Ad9233MultistageDecimator:anti_alias_fir|FirDecimatingStage:stage2|result_pipe[7]  ; Ad9233FrameCapture:U2_frame_capture|Ad9233MultistageDecimator:anti_alias_fir|FirDecimatingStage:stage2|saturation_count[4]   ; adc_dco      ; adc_dco     ; 16.000       ; -0.030     ; 4.885      ;
; 11.072 ; Ad9233FrameCapture:U2_frame_capture|Ad9233MultistageDecimator:anti_alias_fir|FirDecimatingStage:stage2|result_pipe[7]  ; Ad9233FrameCapture:U2_frame_capture|Ad9233MultistageDecimator:anti_alias_fir|FirDecimatingStage:stage2|saturation_count[5]   ; adc_dco      ; adc_dco     ; 16.000       ; -0.030     ; 4.885      ;
; 11.072 ; Ad9233FrameCapture:U2_frame_capture|Ad9233MultistageDecimator:anti_alias_fir|FirDecimatingStage:stage2|result_pipe[7]  ; Ad9233FrameCapture:U2_frame_capture|Ad9233MultistageDecimator:anti_alias_fir|FirDecimatingStage:stage2|saturation_count[6]   ; adc_dco      ; adc_dco     ; 16.000       ; -0.030     ; 4.885      ;
; 11.072 ; Ad9233FrameCapture:U2_frame_capture|Ad9233MultistageDecimator:anti_alias_fir|FirDecimatingStage:stage2|result_pipe[7]  ; Ad9233FrameCapture:U2_frame_capture|Ad9233MultistageDecimator:anti_alias_fir|FirDecimatingStage:stage2|saturation_count[7]   ; adc_dco      ; adc_dco     ; 16.000       ; -0.030     ; 4.885      ;
; 11.072 ; Ad9233FrameCapture:U2_frame_capture|Ad9233MultistageDecimator:anti_alias_fir|FirDecimatingStage:stage2|result_pipe[7]  ; Ad9233FrameCapture:U2_frame_capture|Ad9233MultistageDecimator:anti_alias_fir|FirDecimatingStage:stage2|saturation_count[8]   ; adc_dco      ; adc_dco     ; 16.000       ; -0.030     ; 4.885      ;
; 11.072 ; Ad9233FrameCapture:U2_frame_capture|Ad9233MultistageDecimator:anti_alias_fir|FirDecimatingStage:stage2|result_pipe[7]  ; Ad9233FrameCapture:U2_frame_capture|Ad9233MultistageDecimator:anti_alias_fir|FirDecimatingStage:stage2|saturation_count[9]   ; adc_dco      ; adc_dco     ; 16.000       ; -0.030     ; 4.885      ;
; 11.072 ; Ad9233FrameCapture:U2_frame_capture|Ad9233MultistageDecimator:anti_alias_fir|FirDecimatingStage:stage2|result_pipe[7]  ; Ad9233FrameCapture:U2_frame_capture|Ad9233MultistageDecimator:anti_alias_fir|FirDecimatingStage:stage2|saturation_count[11]  ; adc_dco      ; adc_dco     ; 16.000       ; -0.030     ; 4.885      ;
; 11.072 ; Ad9233FrameCapture:U2_frame_capture|Ad9233MultistageDecimator:anti_alias_fir|FirDecimatingStage:stage2|result_pipe[7]  ; Ad9233FrameCapture:U2_frame_capture|Ad9233MultistageDecimator:anti_alias_fir|FirDecimatingStage:stage2|saturation_count[12]  ; adc_dco      ; adc_dco     ; 16.000       ; -0.030     ; 4.885      ;
; 11.072 ; Ad9233FrameCapture:U2_frame_capture|Ad9233MultistageDecimator:anti_alias_fir|FirDecimatingStage:stage2|result_pipe[7]  ; Ad9233FrameCapture:U2_frame_capture|Ad9233MultistageDecimator:anti_alias_fir|FirDecimatingStage:stage2|saturation_count[13]  ; adc_dco      ; adc_dco     ; 16.000       ; -0.030     ; 4.885      ;
; 11.072 ; Ad9233FrameCapture:U2_frame_capture|Ad9233MultistageDecimator:anti_alias_fir|FirDecimatingStage:stage2|result_pipe[7]  ; Ad9233FrameCapture:U2_frame_capture|Ad9233MultistageDecimator:anti_alias_fir|FirDecimatingStage:stage2|saturation_count[14]  ; adc_dco      ; adc_dco     ; 16.000       ; -0.030     ; 4.885      ;
; 11.072 ; Ad9233FrameCapture:U2_frame_capture|Ad9233MultistageDecimator:anti_alias_fir|FirDecimatingStage:stage2|result_pipe[7]  ; Ad9233FrameCapture:U2_frame_capture|Ad9233MultistageDecimator:anti_alias_fir|FirDecimatingStage:stage2|saturation_count[15]  ; adc_dco      ; adc_dco     ; 16.000       ; -0.030     ; 4.885      ;
; 11.072 ; Ad9233FrameCapture:U2_frame_capture|Ad9233MultistageDecimator:anti_alias_fir|FirDecimatingStage:stage3|issue_batch[3]  ; Ad9233FrameCapture:U2_frame_capture|Ad9233MultistageDecimator:anti_alias_fir|FirDecimatingStage:stage3|operand_sample[0][14] ; adc_dco      ; adc_dco     ; 16.000       ; -0.047     ; 4.868      ;
; 11.079 ; Ad9233FrameCapture:U2_frame_capture|Ad9233MultistageDecimator:anti_alias_fir|FirDecimatingStage:stage3|issue_batch[0]  ; Ad9233FrameCapture:U2_frame_capture|Ad9233MultistageDecimator:anti_alias_fir|FirDecimatingStage:stage3|operand_sample[0][15] ; adc_dco      ; adc_dco     ; 16.000       ; -0.047     ; 4.861      ;
; 11.083 ; Ad9233FrameCapture:U2_frame_capture|Ad9233MultistageDecimator:anti_alias_fir|FirDecimatingStage:stage3|issue_batch[0]  ; Ad9233FrameCapture:U2_frame_capture|Ad9233MultistageDecimator:anti_alias_fir|FirDecimatingStage:stage3|operand_sample[0][14] ; adc_dco      ; adc_dco     ; 16.000       ; -0.047     ; 4.857      ;
; 11.095 ; Ad9233FrameCapture:U2_frame_capture|Ad9233MultistageDecimator:anti_alias_fir|FirDecimatingStage:stage2|issue_batch[2]  ; Ad9233FrameCapture:U2_frame_capture|Ad9233MultistageDecimator:anti_alias_fir|FirDecimatingStage:stage2|operand_sample[1][7]  ; adc_dco      ; adc_dco     ; 16.000       ; -0.110     ; 4.667      ;
; 11.103 ; Ad9233FrameCapture:U2_frame_capture|Ad9233MultistageDecimator:anti_alias_fir|FirDecimatingStage:stage2|result_pipe[6]  ; Ad9233FrameCapture:U2_frame_capture|Ad9233MultistageDecimator:anti_alias_fir|FirDecimatingStage:stage2|saturation_count[0]   ; adc_dco      ; adc_dco     ; 16.000       ; -0.030     ; 4.854      ;
; 11.103 ; Ad9233FrameCapture:U2_frame_capture|Ad9233MultistageDecimator:anti_alias_fir|FirDecimatingStage:stage2|result_pipe[6]  ; Ad9233FrameCapture:U2_frame_capture|Ad9233MultistageDecimator:anti_alias_fir|FirDecimatingStage:stage2|saturation_count[10]  ; adc_dco      ; adc_dco     ; 16.000       ; -0.030     ; 4.854      ;
; 11.103 ; Ad9233FrameCapture:U2_frame_capture|Ad9233MultistageDecimator:anti_alias_fir|FirDecimatingStage:stage2|result_pipe[6]  ; Ad9233FrameCapture:U2_frame_capture|Ad9233MultistageDecimator:anti_alias_fir|FirDecimatingStage:stage2|saturation_count[1]   ; adc_dco      ; adc_dco     ; 16.000       ; -0.030     ; 4.854      ;
; 11.103 ; Ad9233FrameCapture:U2_frame_capture|Ad9233MultistageDecimator:anti_alias_fir|FirDecimatingStage:stage2|result_pipe[6]  ; Ad9233FrameCapture:U2_frame_capture|Ad9233MultistageDecimator:anti_alias_fir|FirDecimatingStage:stage2|saturation_count[2]   ; adc_dco      ; adc_dco     ; 16.000       ; -0.030     ; 4.854      ;
; 11.103 ; Ad9233FrameCapture:U2_frame_capture|Ad9233MultistageDecimator:anti_alias_fir|FirDecimatingStage:stage2|result_pipe[6]  ; Ad9233FrameCapture:U2_frame_capture|Ad9233MultistageDecimator:anti_alias_fir|FirDecimatingStage:stage2|saturation_count[3]   ; adc_dco      ; adc_dco     ; 16.000       ; -0.030     ; 4.854      ;
; 11.103 ; Ad9233FrameCapture:U2_frame_capture|Ad9233MultistageDecimator:anti_alias_fir|FirDecimatingStage:stage2|result_pipe[6]  ; Ad9233FrameCapture:U2_frame_capture|Ad9233MultistageDecimator:anti_alias_fir|FirDecimatingStage:stage2|saturation_count[4]   ; adc_dco      ; adc_dco     ; 16.000       ; -0.030     ; 4.854      ;
; 11.103 ; Ad9233FrameCapture:U2_frame_capture|Ad9233MultistageDecimator:anti_alias_fir|FirDecimatingStage:stage2|result_pipe[6]  ; Ad9233FrameCapture:U2_frame_capture|Ad9233MultistageDecimator:anti_alias_fir|FirDecimatingStage:stage2|saturation_count[5]   ; adc_dco      ; adc_dco     ; 16.000       ; -0.030     ; 4.854      ;
; 11.103 ; Ad9233FrameCapture:U2_frame_capture|Ad9233MultistageDecimator:anti_alias_fir|FirDecimatingStage:stage2|result_pipe[6]  ; Ad9233FrameCapture:U2_frame_capture|Ad9233MultistageDecimator:anti_alias_fir|FirDecimatingStage:stage2|saturation_count[6]   ; adc_dco      ; adc_dco     ; 16.000       ; -0.030     ; 4.854      ;
; 11.103 ; Ad9233FrameCapture:U2_frame_capture|Ad9233MultistageDecimator:anti_alias_fir|FirDecimatingStage:stage2|result_pipe[6]  ; Ad9233FrameCapture:U2_frame_capture|Ad9233MultistageDecimator:anti_alias_fir|FirDecimatingStage:stage2|saturation_count[7]   ; adc_dco      ; adc_dco     ; 16.000       ; -0.030     ; 4.854      ;
; 11.103 ; Ad9233FrameCapture:U2_frame_capture|Ad9233MultistageDecimator:anti_alias_fir|FirDecimatingStage:stage2|result_pipe[6]  ; Ad9233FrameCapture:U2_frame_capture|Ad9233MultistageDecimator:anti_alias_fir|FirDecimatingStage:stage2|saturation_count[8]   ; adc_dco      ; adc_dco     ; 16.000       ; -0.030     ; 4.854      ;
; 11.103 ; Ad9233FrameCapture:U2_frame_capture|Ad9233MultistageDecimator:anti_alias_fir|FirDecimatingStage:stage2|result_pipe[6]  ; Ad9233FrameCapture:U2_frame_capture|Ad9233MultistageDecimator:anti_alias_fir|FirDecimatingStage:stage2|saturation_count[9]   ; adc_dco      ; adc_dco     ; 16.000       ; -0.030     ; 4.854      ;
; 11.103 ; Ad9233FrameCapture:U2_frame_capture|Ad9233MultistageDecimator:anti_alias_fir|FirDecimatingStage:stage2|result_pipe[6]  ; Ad9233FrameCapture:U2_frame_capture|Ad9233MultistageDecimator:anti_alias_fir|FirDecimatingStage:stage2|saturation_count[11]  ; adc_dco      ; adc_dco     ; 16.000       ; -0.030     ; 4.854      ;
; 11.103 ; Ad9233FrameCapture:U2_frame_capture|Ad9233MultistageDecimator:anti_alias_fir|FirDecimatingStage:stage2|result_pipe[6]  ; Ad9233FrameCapture:U2_frame_capture|Ad9233MultistageDecimator:anti_alias_fir|FirDecimatingStage:stage2|saturation_count[12]  ; adc_dco      ; adc_dco     ; 16.000       ; -0.030     ; 4.854      ;
; 11.103 ; Ad9233FrameCapture:U2_frame_capture|Ad9233MultistageDecimator:anti_alias_fir|FirDecimatingStage:stage2|result_pipe[6]  ; Ad9233FrameCapture:U2_frame_capture|Ad9233MultistageDecimator:anti_alias_fir|FirDecimatingStage:stage2|saturation_count[13]  ; adc_dco      ; adc_dco     ; 16.000       ; -0.030     ; 4.854      ;
; 11.103 ; Ad9233FrameCapture:U2_frame_capture|Ad9233MultistageDecimator:anti_alias_fir|FirDecimatingStage:stage2|result_pipe[6]  ; Ad9233FrameCapture:U2_frame_capture|Ad9233MultistageDecimator:anti_alias_fir|FirDecimatingStage:stage2|saturation_count[14]  ; adc_dco      ; adc_dco     ; 16.000       ; -0.030     ; 4.854      ;
; 11.103 ; Ad9233FrameCapture:U2_frame_capture|Ad9233MultistageDecimator:anti_alias_fir|FirDecimatingStage:stage2|result_pipe[6]  ; Ad9233FrameCapture:U2_frame_capture|Ad9233MultistageDecimator:anti_alias_fir|FirDecimatingStage:stage2|saturation_count[15]  ; adc_dco      ; adc_dco     ; 16.000       ; -0.030     ; 4.854      ;
; 11.119 ; Ad9233FrameCapture:U2_frame_capture|Ad9233MultistageDecimator:anti_alias_fir|FirDecimatingStage:stage2|result_pipe[18] ; Ad9233FrameCapture:U2_frame_capture|Ad9233MultistageDecimator:anti_alias_fir|FirDecimatingStage:stage2|saturation_count[0]   ; adc_dco      ; adc_dco     ; 16.000       ; -0.032     ; 4.836      ;
; 11.119 ; Ad9233FrameCapture:U2_frame_capture|Ad9233MultistageDecimator:anti_alias_fir|FirDecimatingStage:stage2|result_pipe[18] ; Ad9233FrameCapture:U2_frame_capture|Ad9233MultistageDecimator:anti_alias_fir|FirDecimatingStage:stage2|saturation_count[10]  ; adc_dco      ; adc_dco     ; 16.000       ; -0.032     ; 4.836      ;
; 11.119 ; Ad9233FrameCapture:U2_frame_capture|Ad9233MultistageDecimator:anti_alias_fir|FirDecimatingStage:stage2|result_pipe[18] ; Ad9233FrameCapture:U2_frame_capture|Ad9233MultistageDecimator:anti_alias_fir|FirDecimatingStage:stage2|saturation_count[1]   ; adc_dco      ; adc_dco     ; 16.000       ; -0.032     ; 4.836      ;
; 11.119 ; Ad9233FrameCapture:U2_frame_capture|Ad9233MultistageDecimator:anti_alias_fir|FirDecimatingStage:stage2|result_pipe[18] ; Ad9233FrameCapture:U2_frame_capture|Ad9233MultistageDecimator:anti_alias_fir|FirDecimatingStage:stage2|saturation_count[2]   ; adc_dco      ; adc_dco     ; 16.000       ; -0.032     ; 4.836      ;
; 11.119 ; Ad9233FrameCapture:U2_frame_capture|Ad9233MultistageDecimator:anti_alias_fir|FirDecimatingStage:stage2|result_pipe[18] ; Ad9233FrameCapture:U2_frame_capture|Ad9233MultistageDecimator:anti_alias_fir|FirDecimatingStage:stage2|saturation_count[3]   ; adc_dco      ; adc_dco     ; 16.000       ; -0.032     ; 4.836      ;
; 11.119 ; Ad9233FrameCapture:U2_frame_capture|Ad9233MultistageDecimator:anti_alias_fir|FirDecimatingStage:stage2|result_pipe[18] ; Ad9233FrameCapture:U2_frame_capture|Ad9233MultistageDecimator:anti_alias_fir|FirDecimatingStage:stage2|saturation_count[4]   ; adc_dco      ; adc_dco     ; 16.000       ; -0.032     ; 4.836      ;
; 11.119 ; Ad9233FrameCapture:U2_frame_capture|Ad9233MultistageDecimator:anti_alias_fir|FirDecimatingStage:stage2|result_pipe[18] ; Ad9233FrameCapture:U2_frame_capture|Ad9233MultistageDecimator:anti_alias_fir|FirDecimatingStage:stage2|saturation_count[5]   ; adc_dco      ; adc_dco     ; 16.000       ; -0.032     ; 4.836      ;
; 11.119 ; Ad9233FrameCapture:U2_frame_capture|Ad9233MultistageDecimator:anti_alias_fir|FirDecimatingStage:stage2|result_pipe[18] ; Ad9233FrameCapture:U2_frame_capture|Ad9233MultistageDecimator:anti_alias_fir|FirDecimatingStage:stage2|saturation_count[6]   ; adc_dco      ; adc_dco     ; 16.000       ; -0.032     ; 4.836      ;
; 11.119 ; Ad9233FrameCapture:U2_frame_capture|Ad9233MultistageDecimator:anti_alias_fir|FirDecimatingStage:stage2|result_pipe[18] ; Ad9233FrameCapture:U2_frame_capture|Ad9233MultistageDecimator:anti_alias_fir|FirDecimatingStage:stage2|saturation_count[7]   ; adc_dco      ; adc_dco     ; 16.000       ; -0.032     ; 4.836      ;
; 11.119 ; Ad9233FrameCapture:U2_frame_capture|Ad9233MultistageDecimator:anti_alias_fir|FirDecimatingStage:stage2|result_pipe[18] ; Ad9233FrameCapture:U2_frame_capture|Ad9233MultistageDecimator:anti_alias_fir|FirDecimatingStage:stage2|saturation_count[8]   ; adc_dco      ; adc_dco     ; 16.000       ; -0.032     ; 4.836      ;
; 11.119 ; Ad9233FrameCapture:U2_frame_capture|Ad9233MultistageDecimator:anti_alias_fir|FirDecimatingStage:stage2|result_pipe[18] ; Ad9233FrameCapture:U2_frame_capture|Ad9233MultistageDecimator:anti_alias_fir|FirDecimatingStage:stage2|saturation_count[9]   ; adc_dco      ; adc_dco     ; 16.000       ; -0.032     ; 4.836      ;
; 11.119 ; Ad9233FrameCapture:U2_frame_capture|Ad9233MultistageDecimator:anti_alias_fir|FirDecimatingStage:stage2|result_pipe[18] ; Ad9233FrameCapture:U2_frame_capture|Ad9233MultistageDecimator:anti_alias_fir|FirDecimatingStage:stage2|saturation_count[11]  ; adc_dco      ; adc_dco     ; 16.000       ; -0.032     ; 4.836      ;
; 11.119 ; Ad9233FrameCapture:U2_frame_capture|Ad9233MultistageDecimator:anti_alias_fir|FirDecimatingStage:stage2|result_pipe[18] ; Ad9233FrameCapture:U2_frame_capture|Ad9233MultistageDecimator:anti_alias_fir|FirDecimatingStage:stage2|saturation_count[12]  ; adc_dco      ; adc_dco     ; 16.000       ; -0.032     ; 4.836      ;
; 11.119 ; Ad9233FrameCapture:U2_frame_capture|Ad9233MultistageDecimator:anti_alias_fir|FirDecimatingStage:stage2|result_pipe[18] ; Ad9233FrameCapture:U2_frame_capture|Ad9233MultistageDecimator:anti_alias_fir|FirDecimatingStage:stage2|saturation_count[13]  ; adc_dco      ; adc_dco     ; 16.000       ; -0.032     ; 4.836      ;
; 11.119 ; Ad9233FrameCapture:U2_frame_capture|Ad9233MultistageDecimator:anti_alias_fir|FirDecimatingStage:stage2|result_pipe[18] ; Ad9233FrameCapture:U2_frame_capture|Ad9233MultistageDecimator:anti_alias_fir|FirDecimatingStage:stage2|saturation_count[14]  ; adc_dco      ; adc_dco     ; 16.000       ; -0.032     ; 4.836      ;
; 11.119 ; Ad9233FrameCapture:U2_frame_capture|Ad9233MultistageDecimator:anti_alias_fir|FirDecimatingStage:stage2|result_pipe[18] ; Ad9233FrameCapture:U2_frame_capture|Ad9233MultistageDecimator:anti_alias_fir|FirDecimatingStage:stage2|saturation_count[15]  ; adc_dco      ; adc_dco     ; 16.000       ; -0.032     ; 4.836      ;
; 11.122 ; Ad9233FrameCapture:U2_frame_capture|Ad9233MultistageDecimator:anti_alias_fir|FirDecimatingStage:stage3|issue_batch[1]  ; Ad9233FrameCapture:U2_frame_capture|Ad9233MultistageDecimator:anti_alias_fir|FirDecimatingStage:stage3|operand_sample[0][13] ; adc_dco      ; adc_dco     ; 16.000       ; -0.047     ; 4.818      ;
; 11.126 ; Ad9233FrameCapture:U2_frame_capture|Ad9233MultistageDecimator:anti_alias_fir|FirDecimatingStage:stage3|issue_batch[1]  ; Ad9233FrameCapture:U2_frame_capture|Ad9233MultistageDecimator:anti_alias_fir|FirDecimatingStage:stage3|operand_sample[0][12] ; adc_dco      ; adc_dco     ; 16.000       ; -0.047     ; 4.814      ;
; 11.130 ; Ad9233FrameCapture:U2_frame_capture|Ad9233MultistageDecimator:anti_alias_fir|FirDecimatingStage:stage2|issue_batch[2]  ; Ad9233FrameCapture:U2_frame_capture|Ad9233MultistageDecimator:anti_alias_fir|FirDecimatingStage:stage2|operand_sample[1][16] ; adc_dco      ; adc_dco     ; 16.000       ; -0.110     ; 4.632      ;
; 11.132 ; Ad9233FrameCapture:U2_frame_capture|Ad9233MultistageDecimator:anti_alias_fir|FirDecimatingStage:stage3|issue_batch[2]  ; Ad9233FrameCapture:U2_frame_capture|Ad9233MultistageDecimator:anti_alias_fir|FirDecimatingStage:stage3|operand_sample[0][13] ; adc_dco      ; adc_dco     ; 16.000       ; -0.047     ; 4.808      ;
; 11.136 ; Ad9233FrameCapture:U2_frame_capture|Ad9233MultistageDecimator:anti_alias_fir|FirDecimatingStage:stage3|issue_batch[3]  ; Ad9233FrameCapture:U2_frame_capture|Ad9233MultistageDecimator:anti_alias_fir|FirDecimatingStage:stage3|operand_sample[0][13] ; adc_dco      ; adc_dco     ; 16.000       ; -0.047     ; 4.804      ;
; 11.140 ; Ad9233FrameCapture:U2_frame_capture|Ad9233MultistageDecimator:anti_alias_fir|FirDecimatingStage:stage3|issue_batch[3]  ; Ad9233FrameCapture:U2_frame_capture|Ad9233MultistageDecimator:anti_alias_fir|FirDecimatingStage:stage3|operand_sample[0][12] ; adc_dco      ; adc_dco     ; 16.000       ; -0.047     ; 4.800      ;
; 11.147 ; Ad9233FrameCapture:U2_frame_capture|Ad9233MultistageDecimator:anti_alias_fir|FirDecimatingStage:stage2|result_pipe[20] ; Ad9233FrameCapture:U2_frame_capture|Ad9233MultistageDecimator:anti_alias_fir|FirDecimatingStage:stage2|saturation_count[0]   ; adc_dco      ; adc_dco     ; 16.000       ; -0.032     ; 4.808      ;
; 11.147 ; Ad9233FrameCapture:U2_frame_capture|Ad9233MultistageDecimator:anti_alias_fir|FirDecimatingStage:stage2|result_pipe[20] ; Ad9233FrameCapture:U2_frame_capture|Ad9233MultistageDecimator:anti_alias_fir|FirDecimatingStage:stage2|saturation_count[10]  ; adc_dco      ; adc_dco     ; 16.000       ; -0.032     ; 4.808      ;
; 11.147 ; Ad9233FrameCapture:U2_frame_capture|Ad9233MultistageDecimator:anti_alias_fir|FirDecimatingStage:stage2|result_pipe[20] ; Ad9233FrameCapture:U2_frame_capture|Ad9233MultistageDecimator:anti_alias_fir|FirDecimatingStage:stage2|saturation_count[1]   ; adc_dco      ; adc_dco     ; 16.000       ; -0.032     ; 4.808      ;
; 11.147 ; Ad9233FrameCapture:U2_frame_capture|Ad9233MultistageDecimator:anti_alias_fir|FirDecimatingStage:stage2|result_pipe[20] ; Ad9233FrameCapture:U2_frame_capture|Ad9233MultistageDecimator:anti_alias_fir|FirDecimatingStage:stage2|saturation_count[2]   ; adc_dco      ; adc_dco     ; 16.000       ; -0.032     ; 4.808      ;
; 11.147 ; Ad9233FrameCapture:U2_frame_capture|Ad9233MultistageDecimator:anti_alias_fir|FirDecimatingStage:stage2|result_pipe[20] ; Ad9233FrameCapture:U2_frame_capture|Ad9233MultistageDecimator:anti_alias_fir|FirDecimatingStage:stage2|saturation_count[3]   ; adc_dco      ; adc_dco     ; 16.000       ; -0.032     ; 4.808      ;
; 11.147 ; Ad9233FrameCapture:U2_frame_capture|Ad9233MultistageDecimator:anti_alias_fir|FirDecimatingStage:stage2|result_pipe[20] ; Ad9233FrameCapture:U2_frame_capture|Ad9233MultistageDecimator:anti_alias_fir|FirDecimatingStage:stage2|saturation_count[4]   ; adc_dco      ; adc_dco     ; 16.000       ; -0.032     ; 4.808      ;
; 11.147 ; Ad9233FrameCapture:U2_frame_capture|Ad9233MultistageDecimator:anti_alias_fir|FirDecimatingStage:stage2|result_pipe[20] ; Ad9233FrameCapture:U2_frame_capture|Ad9233MultistageDecimator:anti_alias_fir|FirDecimatingStage:stage2|saturation_count[5]   ; adc_dco      ; adc_dco     ; 16.000       ; -0.032     ; 4.808      ;
; 11.147 ; Ad9233FrameCapture:U2_frame_capture|Ad9233MultistageDecimator:anti_alias_fir|FirDecimatingStage:stage2|result_pipe[20] ; Ad9233FrameCapture:U2_frame_capture|Ad9233MultistageDecimator:anti_alias_fir|FirDecimatingStage:stage2|saturation_count[6]   ; adc_dco      ; adc_dco     ; 16.000       ; -0.032     ; 4.808      ;
; 11.147 ; Ad9233FrameCapture:U2_frame_capture|Ad9233MultistageDecimator:anti_alias_fir|FirDecimatingStage:stage2|result_pipe[20] ; Ad9233FrameCapture:U2_frame_capture|Ad9233MultistageDecimator:anti_alias_fir|FirDecimatingStage:stage2|saturation_count[7]   ; adc_dco      ; adc_dco     ; 16.000       ; -0.032     ; 4.808      ;
; 11.147 ; Ad9233FrameCapture:U2_frame_capture|Ad9233MultistageDecimator:anti_alias_fir|FirDecimatingStage:stage2|result_pipe[20] ; Ad9233FrameCapture:U2_frame_capture|Ad9233MultistageDecimator:anti_alias_fir|FirDecimatingStage:stage2|saturation_count[8]   ; adc_dco      ; adc_dco     ; 16.000       ; -0.032     ; 4.808      ;
; 11.147 ; Ad9233FrameCapture:U2_frame_capture|Ad9233MultistageDecimator:anti_alias_fir|FirDecimatingStage:stage2|result_pipe[20] ; Ad9233FrameCapture:U2_frame_capture|Ad9233MultistageDecimator:anti_alias_fir|FirDecimatingStage:stage2|saturation_count[9]   ; adc_dco      ; adc_dco     ; 16.000       ; -0.032     ; 4.808      ;
; 11.147 ; Ad9233FrameCapture:U2_frame_capture|Ad9233MultistageDecimator:anti_alias_fir|FirDecimatingStage:stage2|result_pipe[20] ; Ad9233FrameCapture:U2_frame_capture|Ad9233MultistageDecimator:anti_alias_fir|FirDecimatingStage:stage2|saturation_count[11]  ; adc_dco      ; adc_dco     ; 16.000       ; -0.032     ; 4.808      ;
; 11.147 ; Ad9233FrameCapture:U2_frame_capture|Ad9233MultistageDecimator:anti_alias_fir|FirDecimatingStage:stage2|result_pipe[20] ; Ad9233FrameCapture:U2_frame_capture|Ad9233MultistageDecimator:anti_alias_fir|FirDecimatingStage:stage2|saturation_count[12]  ; adc_dco      ; adc_dco     ; 16.000       ; -0.032     ; 4.808      ;
; 11.147 ; Ad9233FrameCapture:U2_frame_capture|Ad9233MultistageDecimator:anti_alias_fir|FirDecimatingStage:stage2|result_pipe[20] ; Ad9233FrameCapture:U2_frame_capture|Ad9233MultistageDecimator:anti_alias_fir|FirDecimatingStage:stage2|saturation_count[13]  ; adc_dco      ; adc_dco     ; 16.000       ; -0.032     ; 4.808      ;
; 11.147 ; Ad9233FrameCapture:U2_frame_capture|Ad9233MultistageDecimator:anti_alias_fir|FirDecimatingStage:stage2|result_pipe[20] ; Ad9233FrameCapture:U2_frame_capture|Ad9233MultistageDecimator:anti_alias_fir|FirDecimatingStage:stage2|saturation_count[14]  ; adc_dco      ; adc_dco     ; 16.000       ; -0.032     ; 4.808      ;
; 11.147 ; Ad9233FrameCapture:U2_frame_capture|Ad9233MultistageDecimator:anti_alias_fir|FirDecimatingStage:stage2|result_pipe[20] ; Ad9233FrameCapture:U2_frame_capture|Ad9233MultistageDecimator:anti_alias_fir|FirDecimatingStage:stage2|saturation_count[15]  ; adc_dco      ; adc_dco     ; 16.000       ; -0.032     ; 4.808      ;
+--------+------------------------------------------------------------------------------------------------------------------------+------------------------------------------------------------------------------------------------------------------------------+--------------+-------------+--------------+------------+------------+


+----------------------------------------------------------------------------------------------------------------------------------------------------------------------------------------+
; Fast 1200mV 0C Model Setup: 'clk_50m'                                                                                                                                                  ;
+--------+----------------------------------------------------+----------------------------------------------------+--------------+-------------+--------------+------------+------------+
; Slack  ; From Node                                          ; To Node                                            ; Launch Clock ; Latch Clock ; Relationship ; Clock Skew ; Data Delay ;
+--------+----------------------------------------------------+----------------------------------------------------+--------------+-------------+--------------+------------+------------+
; 17.659 ; Ad9233SpiInit:U1_ad9233_spi_init|startup_count[15] ; Ad9233SpiInit:U1_ad9233_spi_init|startup_count[11] ; clk_50m      ; clk_50m     ; 20.000       ; -0.038     ; 2.290      ;
; 17.659 ; Ad9233SpiInit:U1_ad9233_spi_init|startup_count[15] ; Ad9233SpiInit:U1_ad9233_spi_init|startup_count[10] ; clk_50m      ; clk_50m     ; 20.000       ; -0.038     ; 2.290      ;
; 17.659 ; Ad9233SpiInit:U1_ad9233_spi_init|startup_count[15] ; Ad9233SpiInit:U1_ad9233_spi_init|startup_count[9]  ; clk_50m      ; clk_50m     ; 20.000       ; -0.038     ; 2.290      ;
; 17.659 ; Ad9233SpiInit:U1_ad9233_spi_init|startup_count[15] ; Ad9233SpiInit:U1_ad9233_spi_init|startup_count[8]  ; clk_50m      ; clk_50m     ; 20.000       ; -0.038     ; 2.290      ;
; 17.659 ; Ad9233SpiInit:U1_ad9233_spi_init|startup_count[15] ; Ad9233SpiInit:U1_ad9233_spi_init|startup_count[7]  ; clk_50m      ; clk_50m     ; 20.000       ; -0.038     ; 2.290      ;
; 17.659 ; Ad9233SpiInit:U1_ad9233_spi_init|startup_count[15] ; Ad9233SpiInit:U1_ad9233_spi_init|startup_count[6]  ; clk_50m      ; clk_50m     ; 20.000       ; -0.038     ; 2.290      ;
; 17.659 ; Ad9233SpiInit:U1_ad9233_spi_init|startup_count[15] ; Ad9233SpiInit:U1_ad9233_spi_init|startup_count[5]  ; clk_50m      ; clk_50m     ; 20.000       ; -0.038     ; 2.290      ;
; 17.659 ; Ad9233SpiInit:U1_ad9233_spi_init|startup_count[15] ; Ad9233SpiInit:U1_ad9233_spi_init|startup_count[4]  ; clk_50m      ; clk_50m     ; 20.000       ; -0.038     ; 2.290      ;
; 17.659 ; Ad9233SpiInit:U1_ad9233_spi_init|startup_count[15] ; Ad9233SpiInit:U1_ad9233_spi_init|startup_count[3]  ; clk_50m      ; clk_50m     ; 20.000       ; -0.038     ; 2.290      ;
; 17.659 ; Ad9233SpiInit:U1_ad9233_spi_init|startup_count[15] ; Ad9233SpiInit:U1_ad9233_spi_init|startup_count[1]  ; clk_50m      ; clk_50m     ; 20.000       ; -0.038     ; 2.290      ;
; 17.659 ; Ad9233SpiInit:U1_ad9233_spi_init|startup_count[15] ; Ad9233SpiInit:U1_ad9233_spi_init|startup_count[0]  ; clk_50m      ; clk_50m     ; 20.000       ; -0.038     ; 2.290      ;
; 17.659 ; Ad9233SpiInit:U1_ad9233_spi_init|startup_count[15] ; Ad9233SpiInit:U1_ad9233_spi_init|startup_count[2]  ; clk_50m      ; clk_50m     ; 20.000       ; -0.038     ; 2.290      ;
; 17.664 ; Ad9233SpiInit:U1_ad9233_spi_init|startup_count[12] ; Ad9233SpiInit:U1_ad9233_spi_init|startup_count[11] ; clk_50m      ; clk_50m     ; 20.000       ; -0.038     ; 2.285      ;
; 17.664 ; Ad9233SpiInit:U1_ad9233_spi_init|startup_count[12] ; Ad9233SpiInit:U1_ad9233_spi_init|startup_count[10] ; clk_50m      ; clk_50m     ; 20.000       ; -0.038     ; 2.285      ;
; 17.664 ; Ad9233SpiInit:U1_ad9233_spi_init|startup_count[12] ; Ad9233SpiInit:U1_ad9233_spi_init|startup_count[9]  ; clk_50m      ; clk_50m     ; 20.000       ; -0.038     ; 2.285      ;
; 17.664 ; Ad9233SpiInit:U1_ad9233_spi_init|startup_count[12] ; Ad9233SpiInit:U1_ad9233_spi_init|startup_count[8]  ; clk_50m      ; clk_50m     ; 20.000       ; -0.038     ; 2.285      ;
; 17.664 ; Ad9233SpiInit:U1_ad9233_spi_init|startup_count[12] ; Ad9233SpiInit:U1_ad9233_spi_init|startup_count[7]  ; clk_50m      ; clk_50m     ; 20.000       ; -0.038     ; 2.285      ;
; 17.664 ; Ad9233SpiInit:U1_ad9233_spi_init|startup_count[12] ; Ad9233SpiInit:U1_ad9233_spi_init|startup_count[6]  ; clk_50m      ; clk_50m     ; 20.000       ; -0.038     ; 2.285      ;
; 17.664 ; Ad9233SpiInit:U1_ad9233_spi_init|startup_count[12] ; Ad9233SpiInit:U1_ad9233_spi_init|startup_count[5]  ; clk_50m      ; clk_50m     ; 20.000       ; -0.038     ; 2.285      ;
; 17.664 ; Ad9233SpiInit:U1_ad9233_spi_init|startup_count[12] ; Ad9233SpiInit:U1_ad9233_spi_init|startup_count[4]  ; clk_50m      ; clk_50m     ; 20.000       ; -0.038     ; 2.285      ;
; 17.664 ; Ad9233SpiInit:U1_ad9233_spi_init|startup_count[12] ; Ad9233SpiInit:U1_ad9233_spi_init|startup_count[3]  ; clk_50m      ; clk_50m     ; 20.000       ; -0.038     ; 2.285      ;
; 17.664 ; Ad9233SpiInit:U1_ad9233_spi_init|startup_count[12] ; Ad9233SpiInit:U1_ad9233_spi_init|startup_count[1]  ; clk_50m      ; clk_50m     ; 20.000       ; -0.038     ; 2.285      ;
; 17.664 ; Ad9233SpiInit:U1_ad9233_spi_init|startup_count[12] ; Ad9233SpiInit:U1_ad9233_spi_init|startup_count[0]  ; clk_50m      ; clk_50m     ; 20.000       ; -0.038     ; 2.285      ;
; 17.664 ; Ad9233SpiInit:U1_ad9233_spi_init|startup_count[12] ; Ad9233SpiInit:U1_ad9233_spi_init|startup_count[2]  ; clk_50m      ; clk_50m     ; 20.000       ; -0.038     ; 2.285      ;
; 17.783 ; Ad9233SpiInit:U1_ad9233_spi_init|startup_count[14] ; Ad9233SpiInit:U1_ad9233_spi_init|startup_count[11] ; clk_50m      ; clk_50m     ; 20.000       ; -0.038     ; 2.166      ;
; 17.783 ; Ad9233SpiInit:U1_ad9233_spi_init|startup_count[14] ; Ad9233SpiInit:U1_ad9233_spi_init|startup_count[10] ; clk_50m      ; clk_50m     ; 20.000       ; -0.038     ; 2.166      ;
; 17.783 ; Ad9233SpiInit:U1_ad9233_spi_init|startup_count[14] ; Ad9233SpiInit:U1_ad9233_spi_init|startup_count[9]  ; clk_50m      ; clk_50m     ; 20.000       ; -0.038     ; 2.166      ;
; 17.783 ; Ad9233SpiInit:U1_ad9233_spi_init|startup_count[14] ; Ad9233SpiInit:U1_ad9233_spi_init|startup_count[8]  ; clk_50m      ; clk_50m     ; 20.000       ; -0.038     ; 2.166      ;
; 17.783 ; Ad9233SpiInit:U1_ad9233_spi_init|startup_count[14] ; Ad9233SpiInit:U1_ad9233_spi_init|startup_count[7]  ; clk_50m      ; clk_50m     ; 20.000       ; -0.038     ; 2.166      ;
; 17.783 ; Ad9233SpiInit:U1_ad9233_spi_init|startup_count[14] ; Ad9233SpiInit:U1_ad9233_spi_init|startup_count[6]  ; clk_50m      ; clk_50m     ; 20.000       ; -0.038     ; 2.166      ;
; 17.783 ; Ad9233SpiInit:U1_ad9233_spi_init|startup_count[14] ; Ad9233SpiInit:U1_ad9233_spi_init|startup_count[5]  ; clk_50m      ; clk_50m     ; 20.000       ; -0.038     ; 2.166      ;
; 17.783 ; Ad9233SpiInit:U1_ad9233_spi_init|startup_count[14] ; Ad9233SpiInit:U1_ad9233_spi_init|startup_count[4]  ; clk_50m      ; clk_50m     ; 20.000       ; -0.038     ; 2.166      ;
; 17.783 ; Ad9233SpiInit:U1_ad9233_spi_init|startup_count[14] ; Ad9233SpiInit:U1_ad9233_spi_init|startup_count[3]  ; clk_50m      ; clk_50m     ; 20.000       ; -0.038     ; 2.166      ;
; 17.783 ; Ad9233SpiInit:U1_ad9233_spi_init|startup_count[14] ; Ad9233SpiInit:U1_ad9233_spi_init|startup_count[1]  ; clk_50m      ; clk_50m     ; 20.000       ; -0.038     ; 2.166      ;
; 17.783 ; Ad9233SpiInit:U1_ad9233_spi_init|startup_count[14] ; Ad9233SpiInit:U1_ad9233_spi_init|startup_count[0]  ; clk_50m      ; clk_50m     ; 20.000       ; -0.038     ; 2.166      ;
; 17.783 ; Ad9233SpiInit:U1_ad9233_spi_init|startup_count[14] ; Ad9233SpiInit:U1_ad9233_spi_init|startup_count[2]  ; clk_50m      ; clk_50m     ; 20.000       ; -0.038     ; 2.166      ;
; 17.803 ; Ad9233SpiInit:U1_ad9233_spi_init|startup_count[13] ; Ad9233SpiInit:U1_ad9233_spi_init|startup_count[11] ; clk_50m      ; clk_50m     ; 20.000       ; -0.038     ; 2.146      ;
; 17.803 ; Ad9233SpiInit:U1_ad9233_spi_init|startup_count[13] ; Ad9233SpiInit:U1_ad9233_spi_init|startup_count[10] ; clk_50m      ; clk_50m     ; 20.000       ; -0.038     ; 2.146      ;
; 17.803 ; Ad9233SpiInit:U1_ad9233_spi_init|startup_count[13] ; Ad9233SpiInit:U1_ad9233_spi_init|startup_count[9]  ; clk_50m      ; clk_50m     ; 20.000       ; -0.038     ; 2.146      ;
; 17.803 ; Ad9233SpiInit:U1_ad9233_spi_init|startup_count[13] ; Ad9233SpiInit:U1_ad9233_spi_init|startup_count[8]  ; clk_50m      ; clk_50m     ; 20.000       ; -0.038     ; 2.146      ;
; 17.803 ; Ad9233SpiInit:U1_ad9233_spi_init|startup_count[13] ; Ad9233SpiInit:U1_ad9233_spi_init|startup_count[7]  ; clk_50m      ; clk_50m     ; 20.000       ; -0.038     ; 2.146      ;
; 17.803 ; Ad9233SpiInit:U1_ad9233_spi_init|startup_count[13] ; Ad9233SpiInit:U1_ad9233_spi_init|startup_count[6]  ; clk_50m      ; clk_50m     ; 20.000       ; -0.038     ; 2.146      ;
; 17.803 ; Ad9233SpiInit:U1_ad9233_spi_init|startup_count[13] ; Ad9233SpiInit:U1_ad9233_spi_init|startup_count[5]  ; clk_50m      ; clk_50m     ; 20.000       ; -0.038     ; 2.146      ;
; 17.803 ; Ad9233SpiInit:U1_ad9233_spi_init|startup_count[13] ; Ad9233SpiInit:U1_ad9233_spi_init|startup_count[4]  ; clk_50m      ; clk_50m     ; 20.000       ; -0.038     ; 2.146      ;
; 17.803 ; Ad9233SpiInit:U1_ad9233_spi_init|startup_count[13] ; Ad9233SpiInit:U1_ad9233_spi_init|startup_count[3]  ; clk_50m      ; clk_50m     ; 20.000       ; -0.038     ; 2.146      ;
; 17.803 ; Ad9233SpiInit:U1_ad9233_spi_init|startup_count[13] ; Ad9233SpiInit:U1_ad9233_spi_init|startup_count[1]  ; clk_50m      ; clk_50m     ; 20.000       ; -0.038     ; 2.146      ;
; 17.803 ; Ad9233SpiInit:U1_ad9233_spi_init|startup_count[13] ; Ad9233SpiInit:U1_ad9233_spi_init|startup_count[0]  ; clk_50m      ; clk_50m     ; 20.000       ; -0.038     ; 2.146      ;
; 17.803 ; Ad9233SpiInit:U1_ad9233_spi_init|startup_count[13] ; Ad9233SpiInit:U1_ad9233_spi_init|startup_count[2]  ; clk_50m      ; clk_50m     ; 20.000       ; -0.038     ; 2.146      ;
; 17.892 ; Ad9233SpiInit:U1_ad9233_spi_init|startup_count[5]  ; Ad9233SpiInit:U1_ad9233_spi_init|startup_count[11] ; clk_50m      ; clk_50m     ; 20.000       ; -0.037     ; 2.058      ;
; 17.892 ; Ad9233SpiInit:U1_ad9233_spi_init|startup_count[5]  ; Ad9233SpiInit:U1_ad9233_spi_init|startup_count[10] ; clk_50m      ; clk_50m     ; 20.000       ; -0.037     ; 2.058      ;
; 17.892 ; Ad9233SpiInit:U1_ad9233_spi_init|startup_count[5]  ; Ad9233SpiInit:U1_ad9233_spi_init|startup_count[9]  ; clk_50m      ; clk_50m     ; 20.000       ; -0.037     ; 2.058      ;
; 17.892 ; Ad9233SpiInit:U1_ad9233_spi_init|startup_count[5]  ; Ad9233SpiInit:U1_ad9233_spi_init|startup_count[8]  ; clk_50m      ; clk_50m     ; 20.000       ; -0.037     ; 2.058      ;
; 17.892 ; Ad9233SpiInit:U1_ad9233_spi_init|startup_count[5]  ; Ad9233SpiInit:U1_ad9233_spi_init|startup_count[7]  ; clk_50m      ; clk_50m     ; 20.000       ; -0.037     ; 2.058      ;
; 17.892 ; Ad9233SpiInit:U1_ad9233_spi_init|startup_count[5]  ; Ad9233SpiInit:U1_ad9233_spi_init|startup_count[6]  ; clk_50m      ; clk_50m     ; 20.000       ; -0.037     ; 2.058      ;
; 17.892 ; Ad9233SpiInit:U1_ad9233_spi_init|startup_count[5]  ; Ad9233SpiInit:U1_ad9233_spi_init|startup_count[5]  ; clk_50m      ; clk_50m     ; 20.000       ; -0.037     ; 2.058      ;
; 17.892 ; Ad9233SpiInit:U1_ad9233_spi_init|startup_count[5]  ; Ad9233SpiInit:U1_ad9233_spi_init|startup_count[4]  ; clk_50m      ; clk_50m     ; 20.000       ; -0.037     ; 2.058      ;
; 17.892 ; Ad9233SpiInit:U1_ad9233_spi_init|startup_count[5]  ; Ad9233SpiInit:U1_ad9233_spi_init|startup_count[3]  ; clk_50m      ; clk_50m     ; 20.000       ; -0.037     ; 2.058      ;
; 17.892 ; Ad9233SpiInit:U1_ad9233_spi_init|startup_count[5]  ; Ad9233SpiInit:U1_ad9233_spi_init|startup_count[1]  ; clk_50m      ; clk_50m     ; 20.000       ; -0.037     ; 2.058      ;
; 17.892 ; Ad9233SpiInit:U1_ad9233_spi_init|startup_count[5]  ; Ad9233SpiInit:U1_ad9233_spi_init|startup_count[0]  ; clk_50m      ; clk_50m     ; 20.000       ; -0.037     ; 2.058      ;
; 17.892 ; Ad9233SpiInit:U1_ad9233_spi_init|startup_count[5]  ; Ad9233SpiInit:U1_ad9233_spi_init|startup_count[2]  ; clk_50m      ; clk_50m     ; 20.000       ; -0.037     ; 2.058      ;
; 17.913 ; Ad9233SpiInit:U1_ad9233_spi_init|startup_count[15] ; Ad9233SpiInit:U1_ad9233_spi_init|startup_count[22] ; clk_50m      ; clk_50m     ; 20.000       ; -0.037     ; 2.037      ;
; 17.913 ; Ad9233SpiInit:U1_ad9233_spi_init|startup_count[15] ; Ad9233SpiInit:U1_ad9233_spi_init|startup_count[21] ; clk_50m      ; clk_50m     ; 20.000       ; -0.037     ; 2.037      ;
; 17.913 ; Ad9233SpiInit:U1_ad9233_spi_init|startup_count[15] ; Ad9233SpiInit:U1_ad9233_spi_init|startup_count[23] ; clk_50m      ; clk_50m     ; 20.000       ; -0.037     ; 2.037      ;
; 17.913 ; Ad9233SpiInit:U1_ad9233_spi_init|startup_count[15] ; Ad9233SpiInit:U1_ad9233_spi_init|startup_count[20] ; clk_50m      ; clk_50m     ; 20.000       ; -0.037     ; 2.037      ;
; 17.913 ; Ad9233SpiInit:U1_ad9233_spi_init|startup_count[15] ; Ad9233SpiInit:U1_ad9233_spi_init|startup_count[18] ; clk_50m      ; clk_50m     ; 20.000       ; -0.037     ; 2.037      ;
; 17.913 ; Ad9233SpiInit:U1_ad9233_spi_init|startup_count[15] ; Ad9233SpiInit:U1_ad9233_spi_init|startup_count[19] ; clk_50m      ; clk_50m     ; 20.000       ; -0.037     ; 2.037      ;
; 17.913 ; Ad9233SpiInit:U1_ad9233_spi_init|startup_count[15] ; Ad9233SpiInit:U1_ad9233_spi_init|startup_count[16] ; clk_50m      ; clk_50m     ; 20.000       ; -0.037     ; 2.037      ;
; 17.913 ; Ad9233SpiInit:U1_ad9233_spi_init|startup_count[15] ; Ad9233SpiInit:U1_ad9233_spi_init|startup_count[15] ; clk_50m      ; clk_50m     ; 20.000       ; -0.037     ; 2.037      ;
; 17.913 ; Ad9233SpiInit:U1_ad9233_spi_init|startup_count[15] ; Ad9233SpiInit:U1_ad9233_spi_init|startup_count[14] ; clk_50m      ; clk_50m     ; 20.000       ; -0.037     ; 2.037      ;
; 17.913 ; Ad9233SpiInit:U1_ad9233_spi_init|startup_count[15] ; Ad9233SpiInit:U1_ad9233_spi_init|startup_count[13] ; clk_50m      ; clk_50m     ; 20.000       ; -0.037     ; 2.037      ;
; 17.913 ; Ad9233SpiInit:U1_ad9233_spi_init|startup_count[15] ; Ad9233SpiInit:U1_ad9233_spi_init|startup_count[12] ; clk_50m      ; clk_50m     ; 20.000       ; -0.037     ; 2.037      ;
; 17.913 ; Ad9233SpiInit:U1_ad9233_spi_init|startup_count[15] ; Ad9233SpiInit:U1_ad9233_spi_init|startup_count[17] ; clk_50m      ; clk_50m     ; 20.000       ; -0.037     ; 2.037      ;
; 17.918 ; Ad9233SpiInit:U1_ad9233_spi_init|startup_count[12] ; Ad9233SpiInit:U1_ad9233_spi_init|startup_count[22] ; clk_50m      ; clk_50m     ; 20.000       ; -0.037     ; 2.032      ;
; 17.918 ; Ad9233SpiInit:U1_ad9233_spi_init|startup_count[12] ; Ad9233SpiInit:U1_ad9233_spi_init|startup_count[21] ; clk_50m      ; clk_50m     ; 20.000       ; -0.037     ; 2.032      ;
; 17.918 ; Ad9233SpiInit:U1_ad9233_spi_init|startup_count[12] ; Ad9233SpiInit:U1_ad9233_spi_init|startup_count[23] ; clk_50m      ; clk_50m     ; 20.000       ; -0.037     ; 2.032      ;
; 17.918 ; Ad9233SpiInit:U1_ad9233_spi_init|startup_count[12] ; Ad9233SpiInit:U1_ad9233_spi_init|startup_count[20] ; clk_50m      ; clk_50m     ; 20.000       ; -0.037     ; 2.032      ;
; 17.918 ; Ad9233SpiInit:U1_ad9233_spi_init|startup_count[12] ; Ad9233SpiInit:U1_ad9233_spi_init|startup_count[18] ; clk_50m      ; clk_50m     ; 20.000       ; -0.037     ; 2.032      ;
; 17.918 ; Ad9233SpiInit:U1_ad9233_spi_init|startup_count[12] ; Ad9233SpiInit:U1_ad9233_spi_init|startup_count[19] ; clk_50m      ; clk_50m     ; 20.000       ; -0.037     ; 2.032      ;
; 17.918 ; Ad9233SpiInit:U1_ad9233_spi_init|startup_count[12] ; Ad9233SpiInit:U1_ad9233_spi_init|startup_count[16] ; clk_50m      ; clk_50m     ; 20.000       ; -0.037     ; 2.032      ;
; 17.918 ; Ad9233SpiInit:U1_ad9233_spi_init|startup_count[12] ; Ad9233SpiInit:U1_ad9233_spi_init|startup_count[15] ; clk_50m      ; clk_50m     ; 20.000       ; -0.037     ; 2.032      ;
; 17.918 ; Ad9233SpiInit:U1_ad9233_spi_init|startup_count[12] ; Ad9233SpiInit:U1_ad9233_spi_init|startup_count[14] ; clk_50m      ; clk_50m     ; 20.000       ; -0.037     ; 2.032      ;
; 17.918 ; Ad9233SpiInit:U1_ad9233_spi_init|startup_count[12] ; Ad9233SpiInit:U1_ad9233_spi_init|startup_count[13] ; clk_50m      ; clk_50m     ; 20.000       ; -0.037     ; 2.032      ;
; 17.918 ; Ad9233SpiInit:U1_ad9233_spi_init|startup_count[12] ; Ad9233SpiInit:U1_ad9233_spi_init|startup_count[12] ; clk_50m      ; clk_50m     ; 20.000       ; -0.037     ; 2.032      ;
; 17.918 ; Ad9233SpiInit:U1_ad9233_spi_init|startup_count[12] ; Ad9233SpiInit:U1_ad9233_spi_init|startup_count[17] ; clk_50m      ; clk_50m     ; 20.000       ; -0.037     ; 2.032      ;
; 17.950 ; Ad9233SpiInit:U1_ad9233_spi_init|startup_count[6]  ; Ad9233SpiInit:U1_ad9233_spi_init|startup_count[11] ; clk_50m      ; clk_50m     ; 20.000       ; -0.037     ; 2.000      ;
; 17.950 ; Ad9233SpiInit:U1_ad9233_spi_init|startup_count[6]  ; Ad9233SpiInit:U1_ad9233_spi_init|startup_count[10] ; clk_50m      ; clk_50m     ; 20.000       ; -0.037     ; 2.000      ;
; 17.950 ; Ad9233SpiInit:U1_ad9233_spi_init|startup_count[6]  ; Ad9233SpiInit:U1_ad9233_spi_init|startup_count[9]  ; clk_50m      ; clk_50m     ; 20.000       ; -0.037     ; 2.000      ;
; 17.950 ; Ad9233SpiInit:U1_ad9233_spi_init|startup_count[6]  ; Ad9233SpiInit:U1_ad9233_spi_init|startup_count[8]  ; clk_50m      ; clk_50m     ; 20.000       ; -0.037     ; 2.000      ;
; 17.950 ; Ad9233SpiInit:U1_ad9233_spi_init|startup_count[6]  ; Ad9233SpiInit:U1_ad9233_spi_init|startup_count[7]  ; clk_50m      ; clk_50m     ; 20.000       ; -0.037     ; 2.000      ;
; 17.950 ; Ad9233SpiInit:U1_ad9233_spi_init|startup_count[6]  ; Ad9233SpiInit:U1_ad9233_spi_init|startup_count[6]  ; clk_50m      ; clk_50m     ; 20.000       ; -0.037     ; 2.000      ;
; 17.950 ; Ad9233SpiInit:U1_ad9233_spi_init|startup_count[6]  ; Ad9233SpiInit:U1_ad9233_spi_init|startup_count[5]  ; clk_50m      ; clk_50m     ; 20.000       ; -0.037     ; 2.000      ;
; 17.950 ; Ad9233SpiInit:U1_ad9233_spi_init|startup_count[6]  ; Ad9233SpiInit:U1_ad9233_spi_init|startup_count[4]  ; clk_50m      ; clk_50m     ; 20.000       ; -0.037     ; 2.000      ;
; 17.950 ; Ad9233SpiInit:U1_ad9233_spi_init|startup_count[6]  ; Ad9233SpiInit:U1_ad9233_spi_init|startup_count[3]  ; clk_50m      ; clk_50m     ; 20.000       ; -0.037     ; 2.000      ;
; 17.950 ; Ad9233SpiInit:U1_ad9233_spi_init|startup_count[6]  ; Ad9233SpiInit:U1_ad9233_spi_init|startup_count[1]  ; clk_50m      ; clk_50m     ; 20.000       ; -0.037     ; 2.000      ;
; 17.950 ; Ad9233SpiInit:U1_ad9233_spi_init|startup_count[6]  ; Ad9233SpiInit:U1_ad9233_spi_init|startup_count[0]  ; clk_50m      ; clk_50m     ; 20.000       ; -0.037     ; 2.000      ;
; 17.950 ; Ad9233SpiInit:U1_ad9233_spi_init|startup_count[6]  ; Ad9233SpiInit:U1_ad9233_spi_init|startup_count[2]  ; clk_50m      ; clk_50m     ; 20.000       ; -0.037     ; 2.000      ;
; 17.998 ; Ad9233SpiInit:U1_ad9233_spi_init|half_count[0]     ; Ad9233SpiInit:U1_ad9233_spi_init|shift_data[18]    ; clk_50m      ; clk_50m     ; 20.000       ; -0.037     ; 1.952      ;
; 17.998 ; Ad9233SpiInit:U1_ad9233_spi_init|half_count[0]     ; Ad9233SpiInit:U1_ad9233_spi_init|shift_data[17]    ; clk_50m      ; clk_50m     ; 20.000       ; -0.037     ; 1.952      ;
; 17.998 ; Ad9233SpiInit:U1_ad9233_spi_init|half_count[0]     ; Ad9233SpiInit:U1_ad9233_spi_init|shift_data[16]    ; clk_50m      ; clk_50m     ; 20.000       ; -0.037     ; 1.952      ;
; 17.998 ; Ad9233SpiInit:U1_ad9233_spi_init|half_count[0]     ; Ad9233SpiInit:U1_ad9233_spi_init|shift_data[5]     ; clk_50m      ; clk_50m     ; 20.000       ; -0.037     ; 1.952      ;
+--------+----------------------------------------------------+----------------------------------------------------+--------------+-------------+--------------+------------+------------+


+-------------------------------------------------------------------------------------------------------------------------------------------------------------------------------------------+
; Fast 1200mV 0C Model Setup: 'mcu_spi_sck'                                                                                                                                                 ;
+--------+--------------------------------------------------------+---------------------------------------------------+--------------+-------------+--------------+------------+------------+
; Slack  ; From Node                                              ; To Node                                           ; Launch Clock ; Latch Clock ; Relationship ; Clock Skew ; Data Delay ;
+--------+--------------------------------------------------------+---------------------------------------------------+--------------+-------------+--------------+------------+------------+
; 26.100 ; AnalyzerSpiSlave:U3_analyzer_spi|spi_miso              ; mcu_spi_miso                                      ; mcu_spi_sck  ; mcu_spi_sck ; 41.666       ; -1.057     ; 2.509      ;
; 37.386 ; AnalyzerSpiSlave:U3_analyzer_spi|frame_id_latched[11]  ; AnalyzerSpiSlave:U3_analyzer_spi|response_crc[3]  ; mcu_spi_sck  ; mcu_spi_sck ; 41.667       ; -0.563     ; 3.725      ;
; 37.393 ; AnalyzerSpiSlave:U3_analyzer_spi|frame_id_latched[11]  ; AnalyzerSpiSlave:U3_analyzer_spi|response_crc[8]  ; mcu_spi_sck  ; mcu_spi_sck ; 41.667       ; -0.563     ; 3.718      ;
; 37.404 ; AnalyzerSpiSlave:U3_analyzer_spi|flags_latched[4]      ; AnalyzerSpiSlave:U3_analyzer_spi|response_crc[5]  ; mcu_spi_sck  ; mcu_spi_sck ; 41.667       ; -0.671     ; 3.599      ;
; 37.493 ; AnalyzerSpiSlave:U3_analyzer_spi|flags_latched[4]      ; AnalyzerSpiSlave:U3_analyzer_spi|response_crc[0]  ; mcu_spi_sck  ; mcu_spi_sck ; 41.667       ; -0.671     ; 3.510      ;
; 37.498 ; AnalyzerSpiSlave:U3_analyzer_spi|flags_latched[4]      ; AnalyzerSpiSlave:U3_analyzer_spi|response_crc[12] ; mcu_spi_sck  ; mcu_spi_sck ; 41.667       ; -0.671     ; 3.505      ;
; 37.558 ; AnalyzerSpiSlave:U3_analyzer_spi|frame_id_latched[10]  ; AnalyzerSpiSlave:U3_analyzer_spi|response_crc[7]  ; mcu_spi_sck  ; mcu_spi_sck ; 41.667       ; -0.581     ; 3.535      ;
; 37.565 ; AnalyzerSpiSlave:U3_analyzer_spi|frame_id_latched[4]   ; AnalyzerSpiSlave:U3_analyzer_spi|response_crc[5]  ; mcu_spi_sck  ; mcu_spi_sck ; 41.667       ; -0.795     ; 3.314      ;
; 37.571 ; AnalyzerSpiSlave:U3_analyzer_spi|frame_id_latched[10]  ; AnalyzerSpiSlave:U3_analyzer_spi|response_crc[10] ; mcu_spi_sck  ; mcu_spi_sck ; 41.667       ; -0.670     ; 3.433      ;
; 37.599 ; AnalyzerSpiSlave:U3_analyzer_spi|frame_id_latched[14]  ; AnalyzerSpiSlave:U3_analyzer_spi|response_crc[7]  ; mcu_spi_sck  ; mcu_spi_sck ; 41.667       ; -0.705     ; 3.370      ;
; 37.619 ; AnalyzerSpiSlave:U3_analyzer_spi|frame_id_latched[14]  ; AnalyzerSpiSlave:U3_analyzer_spi|response_crc[10] ; mcu_spi_sck  ; mcu_spi_sck ; 41.667       ; -0.798     ; 3.257      ;
; 37.654 ; AnalyzerSpiSlave:U3_analyzer_spi|frame_id_latched[4]   ; AnalyzerSpiSlave:U3_analyzer_spi|response_crc[0]  ; mcu_spi_sck  ; mcu_spi_sck ; 41.667       ; -0.795     ; 3.225      ;
; 37.659 ; AnalyzerSpiSlave:U3_analyzer_spi|frame_id_latched[4]   ; AnalyzerSpiSlave:U3_analyzer_spi|response_crc[12] ; mcu_spi_sck  ; mcu_spi_sck ; 41.667       ; -0.795     ; 3.220      ;
; 37.669 ; AnalyzerSpiSlave:U3_analyzer_spi|frame_id_latched[8]   ; AnalyzerSpiSlave:U3_analyzer_spi|response_crc[5]  ; mcu_spi_sck  ; mcu_spi_sck ; 41.667       ; -0.670     ; 3.335      ;
; 37.684 ; AnalyzerSpiSlave:U3_analyzer_spi|otr_count_latched[20] ; AnalyzerSpiSlave:U3_analyzer_spi|response_crc[5]  ; mcu_spi_sck  ; mcu_spi_sck ; 41.667       ; -0.795     ; 3.195      ;
; 37.705 ; AnalyzerSpiSlave:U3_analyzer_spi|frame_id_latched[13]  ; AnalyzerSpiSlave:U3_analyzer_spi|response_crc[5]  ; mcu_spi_sck  ; mcu_spi_sck ; 41.667       ; -0.670     ; 3.299      ;
; 37.744 ; AnalyzerSpiSlave:U3_analyzer_spi|flags_latched[4]      ; AnalyzerSpiSlave:U3_analyzer_spi|response_crc[9]  ; mcu_spi_sck  ; mcu_spi_sck ; 41.667       ; -0.563     ; 3.367      ;
; 37.747 ; AnalyzerSpiSlave:U3_analyzer_spi|otr_count_latched[27] ; AnalyzerSpiSlave:U3_analyzer_spi|response_crc[3]  ; mcu_spi_sck  ; mcu_spi_sck ; 41.667       ; -0.563     ; 3.364      ;
; 37.754 ; AnalyzerSpiSlave:U3_analyzer_spi|otr_count_latched[27] ; AnalyzerSpiSlave:U3_analyzer_spi|response_crc[8]  ; mcu_spi_sck  ; mcu_spi_sck ; 41.667       ; -0.563     ; 3.357      ;
; 37.758 ; AnalyzerSpiSlave:U3_analyzer_spi|frame_id_latched[8]   ; AnalyzerSpiSlave:U3_analyzer_spi|response_crc[0]  ; mcu_spi_sck  ; mcu_spi_sck ; 41.667       ; -0.670     ; 3.246      ;
; 37.763 ; AnalyzerSpiSlave:U3_analyzer_spi|frame_id_latched[8]   ; AnalyzerSpiSlave:U3_analyzer_spi|response_crc[12] ; mcu_spi_sck  ; mcu_spi_sck ; 41.667       ; -0.670     ; 3.241      ;
; 37.773 ; AnalyzerSpiSlave:U3_analyzer_spi|otr_count_latched[20] ; AnalyzerSpiSlave:U3_analyzer_spi|response_crc[0]  ; mcu_spi_sck  ; mcu_spi_sck ; 41.667       ; -0.795     ; 3.106      ;
; 37.778 ; AnalyzerSpiSlave:U3_analyzer_spi|otr_count_latched[20] ; AnalyzerSpiSlave:U3_analyzer_spi|response_crc[12] ; mcu_spi_sck  ; mcu_spi_sck ; 41.667       ; -0.795     ; 3.101      ;
; 37.804 ; AnalyzerSpiSlave:U3_analyzer_spi|flags_latched[5]      ; AnalyzerSpiSlave:U3_analyzer_spi|response_crc[5]  ; mcu_spi_sck  ; mcu_spi_sck ; 41.667       ; -0.670     ; 3.200      ;
; 37.831 ; AnalyzerSpiSlave:U3_analyzer_spi|flags_latched[2]      ; AnalyzerSpiSlave:U3_analyzer_spi|response_crc[7]  ; mcu_spi_sck  ; mcu_spi_sck ; 41.667       ; -0.581     ; 3.262      ;
; 37.852 ; AnalyzerSpiSlave:U3_analyzer_spi|frame_id_latched[2]   ; AnalyzerSpiSlave:U3_analyzer_spi|response_crc[7]  ; mcu_spi_sck  ; mcu_spi_sck ; 41.667       ; -0.581     ; 3.241      ;
; 37.871 ; AnalyzerSpiSlave:U3_analyzer_spi|frame_id_latched[13]  ; AnalyzerSpiSlave:U3_analyzer_spi|response_crc[10] ; mcu_spi_sck  ; mcu_spi_sck ; 41.667       ; -0.670     ; 3.133      ;
; 37.893 ; AnalyzerSpiSlave:U3_analyzer_spi|frame_id_latched[10]  ; AnalyzerSpiSlave:U3_analyzer_spi|response_crc[6]  ; mcu_spi_sck  ; mcu_spi_sck ; 41.667       ; -0.581     ; 3.200      ;
; 37.894 ; AnalyzerSpiSlave:U3_analyzer_spi|frame_id_latched[10]  ; AnalyzerSpiSlave:U3_analyzer_spi|response_crc[11] ; mcu_spi_sck  ; mcu_spi_sck ; 41.667       ; -0.581     ; 3.199      ;
; 37.898 ; AnalyzerSpiSlave:U3_analyzer_spi|flags_latched[5]      ; AnalyzerSpiSlave:U3_analyzer_spi|response_crc[13] ; mcu_spi_sck  ; mcu_spi_sck ; 41.667       ; -0.562     ; 3.214      ;
; 37.905 ; AnalyzerSpiSlave:U3_analyzer_spi|frame_id_latched[4]   ; AnalyzerSpiSlave:U3_analyzer_spi|response_crc[9]  ; mcu_spi_sck  ; mcu_spi_sck ; 41.667       ; -0.687     ; 3.082      ;
; 37.905 ; AnalyzerSpiSlave:U3_analyzer_spi|otr_count_latched[4]  ; AnalyzerSpiSlave:U3_analyzer_spi|response_crc[5]  ; mcu_spi_sck  ; mcu_spi_sck ; 41.667       ; -0.795     ; 2.974      ;
; 37.920 ; AnalyzerSpiSlave:U3_analyzer_spi|frame_id_latched[13]  ; AnalyzerSpiSlave:U3_analyzer_spi|response_crc[6]  ; mcu_spi_sck  ; mcu_spi_sck ; 41.667       ; -0.581     ; 3.173      ;
; 37.921 ; AnalyzerSpiSlave:U3_analyzer_spi|otr_count_latched[11] ; AnalyzerSpiSlave:U3_analyzer_spi|response_crc[3]  ; mcu_spi_sck  ; mcu_spi_sck ; 41.667       ; -0.563     ; 3.190      ;
; 37.928 ; AnalyzerSpiSlave:U3_analyzer_spi|otr_count_latched[11] ; AnalyzerSpiSlave:U3_analyzer_spi|response_crc[8]  ; mcu_spi_sck  ; mcu_spi_sck ; 41.667       ; -0.563     ; 3.183      ;
; 37.934 ; AnalyzerSpiSlave:U3_analyzer_spi|frame_id_latched[14]  ; AnalyzerSpiSlave:U3_analyzer_spi|response_crc[6]  ; mcu_spi_sck  ; mcu_spi_sck ; 41.667       ; -0.705     ; 3.035      ;
; 37.935 ; AnalyzerSpiSlave:U3_analyzer_spi|frame_id_latched[14]  ; AnalyzerSpiSlave:U3_analyzer_spi|response_crc[11] ; mcu_spi_sck  ; mcu_spi_sck ; 41.667       ; -0.705     ; 3.034      ;
; 37.944 ; AnalyzerSpiSlave:U3_analyzer_spi|otr_count_latched[26] ; AnalyzerSpiSlave:U3_analyzer_spi|response_crc[7]  ; mcu_spi_sck  ; mcu_spi_sck ; 41.667       ; -0.592     ; 3.138      ;
; 37.946 ; AnalyzerSpiSlave:U3_analyzer_spi|frame_id_latched[5]   ; AnalyzerSpiSlave:U3_analyzer_spi|response_crc[5]  ; mcu_spi_sck  ; mcu_spi_sck ; 41.667       ; -0.670     ; 3.058      ;
; 37.958 ; AnalyzerSpiSlave:U3_analyzer_spi|otr_count_latched[26] ; AnalyzerSpiSlave:U3_analyzer_spi|response_crc[10] ; mcu_spi_sck  ; mcu_spi_sck ; 41.667       ; -0.680     ; 3.036      ;
; 37.970 ; AnalyzerSpiSlave:U3_analyzer_spi|flags_latched[5]      ; AnalyzerSpiSlave:U3_analyzer_spi|response_crc[10] ; mcu_spi_sck  ; mcu_spi_sck ; 41.667       ; -0.670     ; 3.034      ;
; 37.979 ; AnalyzerSpiSlave:U3_analyzer_spi|flags_latched[1]      ; AnalyzerSpiSlave:U3_analyzer_spi|response_crc[13] ; mcu_spi_sck  ; mcu_spi_sck ; 41.667       ; -0.686     ; 3.009      ;
; 37.994 ; AnalyzerSpiSlave:U3_analyzer_spi|otr_count_latched[4]  ; AnalyzerSpiSlave:U3_analyzer_spi|response_crc[0]  ; mcu_spi_sck  ; mcu_spi_sck ; 41.667       ; -0.795     ; 2.885      ;
; 37.999 ; AnalyzerSpiSlave:U3_analyzer_spi|otr_count_latched[4]  ; AnalyzerSpiSlave:U3_analyzer_spi|response_crc[12] ; mcu_spi_sck  ; mcu_spi_sck ; 41.667       ; -0.795     ; 2.880      ;
; 38.008 ; AnalyzerSpiSlave:U3_analyzer_spi|otr_count_latched[29] ; AnalyzerSpiSlave:U3_analyzer_spi|response_crc[5]  ; mcu_spi_sck  ; mcu_spi_sck ; 41.667       ; -0.795     ; 2.871      ;
; 38.009 ; AnalyzerSpiSlave:U3_analyzer_spi|frame_id_latched[8]   ; AnalyzerSpiSlave:U3_analyzer_spi|response_crc[9]  ; mcu_spi_sck  ; mcu_spi_sck ; 41.667       ; -0.562     ; 3.103      ;
; 38.011 ; AnalyzerSpiSlave:U3_analyzer_spi|frame_id_latched[10]  ; AnalyzerSpiSlave:U3_analyzer_spi|response_crc[2]  ; mcu_spi_sck  ; mcu_spi_sck ; 41.667       ; -0.562     ; 3.101      ;
; 38.012 ; AnalyzerSpiSlave:U3_analyzer_spi|otr_count_latched[31] ; AnalyzerSpiSlave:U3_analyzer_spi|response_crc[3]  ; mcu_spi_sck  ; mcu_spi_sck ; 41.667       ; -0.686     ; 2.976      ;
; 38.019 ; AnalyzerSpiSlave:U3_analyzer_spi|otr_count_latched[31] ; AnalyzerSpiSlave:U3_analyzer_spi|response_crc[8]  ; mcu_spi_sck  ; mcu_spi_sck ; 41.667       ; -0.686     ; 2.969      ;
; 38.019 ; AnalyzerSpiSlave:U3_analyzer_spi|flags_latched[5]      ; AnalyzerSpiSlave:U3_analyzer_spi|response_crc[6]  ; mcu_spi_sck  ; mcu_spi_sck ; 41.667       ; -0.581     ; 3.074      ;
; 38.024 ; AnalyzerSpiSlave:U3_analyzer_spi|otr_count_latched[20] ; AnalyzerSpiSlave:U3_analyzer_spi|response_crc[9]  ; mcu_spi_sck  ; mcu_spi_sck ; 41.667       ; -0.687     ; 2.963      ;
; 38.040 ; AnalyzerSpiSlave:U3_analyzer_spi|frame_id_latched[5]   ; AnalyzerSpiSlave:U3_analyzer_spi|response_crc[13] ; mcu_spi_sck  ; mcu_spi_sck ; 41.667       ; -0.562     ; 3.072      ;
; 38.045 ; AnalyzerSpiSlave:U3_analyzer_spi|frame_id_latched[9]   ; AnalyzerSpiSlave:U3_analyzer_spi|response_crc[5]  ; mcu_spi_sck  ; mcu_spi_sck ; 41.667       ; -0.671     ; 2.958      ;
; 38.052 ; AnalyzerSpiSlave:U3_analyzer_spi|frame_id_latched[14]  ; AnalyzerSpiSlave:U3_analyzer_spi|response_crc[2]  ; mcu_spi_sck  ; mcu_spi_sck ; 41.667       ; -0.686     ; 2.936      ;
; 38.067 ; AnalyzerSpiSlave:U3_analyzer_spi|flags_latched[6]      ; AnalyzerSpiSlave:U3_analyzer_spi|response_crc[7]  ; mcu_spi_sck  ; mcu_spi_sck ; 41.667       ; -0.706     ; 2.901      ;
; 38.112 ; AnalyzerSpiSlave:U3_analyzer_spi|frame_id_latched[5]   ; AnalyzerSpiSlave:U3_analyzer_spi|response_crc[10] ; mcu_spi_sck  ; mcu_spi_sck ; 41.667       ; -0.670     ; 2.892      ;
; 38.118 ; AnalyzerSpiSlave:U3_analyzer_spi|otr_count_latched[10] ; AnalyzerSpiSlave:U3_analyzer_spi|response_crc[7]  ; mcu_spi_sck  ; mcu_spi_sck ; 41.667       ; -0.592     ; 2.964      ;
; 38.132 ; AnalyzerSpiSlave:U3_analyzer_spi|otr_count_latched[10] ; AnalyzerSpiSlave:U3_analyzer_spi|response_crc[10] ; mcu_spi_sck  ; mcu_spi_sck ; 41.667       ; -0.680     ; 2.862      ;
; 38.146 ; AnalyzerSpiSlave:U3_analyzer_spi|frame_id_latched[14]  ; AnalyzerSpiSlave:U3_analyzer_spi|response_crc[3]  ; mcu_spi_sck  ; mcu_spi_sck ; 41.667       ; -0.686     ; 2.842      ;
; 38.152 ; AnalyzerSpiSlave:U3_analyzer_spi|flags_latched[4]      ; AnalyzerSpiSlave:U3_analyzer_spi|response_crc[4]  ; mcu_spi_sck  ; mcu_spi_sck ; 41.667       ; -0.563     ; 2.959      ;
; 38.153 ; AnalyzerSpiSlave:U3_analyzer_spi|frame_id_latched[9]   ; AnalyzerSpiSlave:U3_analyzer_spi|response_crc[13] ; mcu_spi_sck  ; mcu_spi_sck ; 41.667       ; -0.563     ; 2.958      ;
; 38.153 ; AnalyzerSpiSlave:U3_analyzer_spi|frame_id_latched[14]  ; AnalyzerSpiSlave:U3_analyzer_spi|response_crc[8]  ; mcu_spi_sck  ; mcu_spi_sck ; 41.667       ; -0.686     ; 2.835      ;
; 38.157 ; AnalyzerSpiSlave:U3_analyzer_spi|otr_count_latched[18] ; AnalyzerSpiSlave:U3_analyzer_spi|response_crc[7]  ; mcu_spi_sck  ; mcu_spi_sck ; 41.667       ; -0.581     ; 2.936      ;
; 38.161 ; AnalyzerSpiSlave:U3_analyzer_spi|frame_id_latched[5]   ; AnalyzerSpiSlave:U3_analyzer_spi|response_crc[6]  ; mcu_spi_sck  ; mcu_spi_sck ; 41.667       ; -0.581     ; 2.932      ;
; 38.166 ; AnalyzerSpiSlave:U3_analyzer_spi|frame_id_latched[13]  ; AnalyzerSpiSlave:U3_analyzer_spi|response_crc[1]  ; mcu_spi_sck  ; mcu_spi_sck ; 41.667       ; -0.581     ; 2.927      ;
; 38.167 ; AnalyzerSpiSlave:U3_analyzer_spi|frame_id_latched[15]  ; AnalyzerSpiSlave:U3_analyzer_spi|response_crc[3]  ; mcu_spi_sck  ; mcu_spi_sck ; 41.667       ; -0.686     ; 2.821      ;
; 38.174 ; AnalyzerSpiSlave:U3_analyzer_spi|otr_count_latched[29] ; AnalyzerSpiSlave:U3_analyzer_spi|response_crc[10] ; mcu_spi_sck  ; mcu_spi_sck ; 41.667       ; -0.795     ; 2.705      ;
; 38.174 ; AnalyzerSpiSlave:U3_analyzer_spi|frame_id_latched[15]  ; AnalyzerSpiSlave:U3_analyzer_spi|response_crc[8]  ; mcu_spi_sck  ; mcu_spi_sck ; 41.667       ; -0.686     ; 2.814      ;
; 38.180 ; AnalyzerSpiSlave:U3_analyzer_spi|otr_count_latched[2]  ; AnalyzerSpiSlave:U3_analyzer_spi|response_crc[7]  ; mcu_spi_sck  ; mcu_spi_sck ; 41.667       ; -0.581     ; 2.913      ;
; 38.198 ; AnalyzerSpiSlave:U3_analyzer_spi|otr_count_latched[13] ; AnalyzerSpiSlave:U3_analyzer_spi|response_crc[5]  ; mcu_spi_sck  ; mcu_spi_sck ; 41.667       ; -0.795     ; 2.681      ;
; 38.211 ; AnalyzerSpiSlave:U3_analyzer_spi|frame_id_latched[9]   ; AnalyzerSpiSlave:U3_analyzer_spi|response_crc[10] ; mcu_spi_sck  ; mcu_spi_sck ; 41.667       ; -0.671     ; 2.792      ;
; 38.223 ; AnalyzerSpiSlave:U3_analyzer_spi|otr_count_latched[29] ; AnalyzerSpiSlave:U3_analyzer_spi|response_crc[6]  ; mcu_spi_sck  ; mcu_spi_sck ; 41.667       ; -0.706     ; 2.745      ;
; 38.227 ; AnalyzerSpiSlave:U3_analyzer_spi|frame_id_latched[11]  ; AnalyzerSpiSlave:U3_analyzer_spi|response_crc[15] ; mcu_spi_sck  ; mcu_spi_sck ; 41.667       ; -0.506     ; 2.941      ;
; 38.230 ; AnalyzerSpiSlave:U3_analyzer_spi|flags_latched[1]      ; AnalyzerSpiSlave:U3_analyzer_spi|response_crc[6]  ; mcu_spi_sck  ; mcu_spi_sck ; 41.667       ; -0.705     ; 2.739      ;
; 38.238 ; AnalyzerSpiSlave:U3_analyzer_spi|otr_count_latched[30] ; AnalyzerSpiSlave:U3_analyzer_spi|response_crc[7]  ; mcu_spi_sck  ; mcu_spi_sck ; 41.667       ; -0.705     ; 2.731      ;
; 38.239 ; AnalyzerSpiSlave:U3_analyzer_spi|frame_id_latched[13]  ; AnalyzerSpiSlave:U3_analyzer_spi|response_crc[7]  ; mcu_spi_sck  ; mcu_spi_sck ; 41.667       ; -0.581     ; 2.854      ;
; 38.245 ; AnalyzerSpiSlave:U3_analyzer_spi|otr_count_latched[4]  ; AnalyzerSpiSlave:U3_analyzer_spi|response_crc[9]  ; mcu_spi_sck  ; mcu_spi_sck ; 41.667       ; -0.687     ; 2.742      ;
; 38.257 ; AnalyzerSpiSlave:U3_analyzer_spi|frame_id_latched[6]   ; AnalyzerSpiSlave:U3_analyzer_spi|response_crc[7]  ; mcu_spi_sck  ; mcu_spi_sck ; 41.667       ; -0.706     ; 2.711      ;
; 38.258 ; AnalyzerSpiSlave:U3_analyzer_spi|otr_count_latched[30] ; AnalyzerSpiSlave:U3_analyzer_spi|response_crc[10] ; mcu_spi_sck  ; mcu_spi_sck ; 41.667       ; -0.798     ; 2.618      ;
; 38.260 ; AnalyzerSpiSlave:U3_analyzer_spi|frame_id_latched[9]   ; AnalyzerSpiSlave:U3_analyzer_spi|response_crc[6]  ; mcu_spi_sck  ; mcu_spi_sck ; 41.667       ; -0.582     ; 2.832      ;
; 38.262 ; AnalyzerSpiSlave:U3_analyzer_spi|otr_count_latched[14] ; AnalyzerSpiSlave:U3_analyzer_spi|response_crc[7]  ; mcu_spi_sck  ; mcu_spi_sck ; 41.667       ; -0.705     ; 2.707      ;
; 38.263 ; AnalyzerSpiSlave:U3_analyzer_spi|flags_latched[0]      ; AnalyzerSpiSlave:U3_analyzer_spi|response_crc[5]  ; mcu_spi_sck  ; mcu_spi_sck ; 41.667       ; -0.795     ; 2.616      ;
; 38.265 ; AnalyzerSpiSlave:U3_analyzer_spi|flags_latched[5]      ; AnalyzerSpiSlave:U3_analyzer_spi|response_crc[1]  ; mcu_spi_sck  ; mcu_spi_sck ; 41.667       ; -0.581     ; 2.828      ;
; 38.272 ; AnalyzerSpiSlave:U3_analyzer_spi|frame_id_latched[8]   ; AnalyzerSpiSlave:U3_analyzer_spi|tx_shift[8]      ; mcu_spi_sck  ; mcu_spi_sck ; 41.667       ; -0.502     ; 2.900      ;
; 38.273 ; AnalyzerSpiSlave:U3_analyzer_spi|flags_latched[2]      ; AnalyzerSpiSlave:U3_analyzer_spi|response_crc[2]  ; mcu_spi_sck  ; mcu_spi_sck ; 41.667       ; -0.562     ; 2.839      ;
; 38.275 ; AnalyzerSpiSlave:U3_analyzer_spi|flags_latched[1]      ; AnalyzerSpiSlave:U3_analyzer_spi|tx_shift[1]      ; mcu_spi_sck  ; mcu_spi_sck ; 41.667       ; -0.654     ; 2.745      ;
; 38.279 ; AnalyzerSpiSlave:U3_analyzer_spi|otr_count_latched[26] ; AnalyzerSpiSlave:U3_analyzer_spi|response_crc[6]  ; mcu_spi_sck  ; mcu_spi_sck ; 41.667       ; -0.592     ; 2.803      ;
; 38.280 ; AnalyzerSpiSlave:U3_analyzer_spi|otr_count_latched[23] ; AnalyzerSpiSlave:U3_analyzer_spi|response_crc[3]  ; mcu_spi_sck  ; mcu_spi_sck ; 41.667       ; -0.563     ; 2.831      ;
; 38.280 ; AnalyzerSpiSlave:U3_analyzer_spi|otr_count_latched[26] ; AnalyzerSpiSlave:U3_analyzer_spi|response_crc[11] ; mcu_spi_sck  ; mcu_spi_sck ; 41.667       ; -0.592     ; 2.802      ;
; 38.282 ; AnalyzerSpiSlave:U3_analyzer_spi|otr_count_latched[14] ; AnalyzerSpiSlave:U3_analyzer_spi|response_crc[10] ; mcu_spi_sck  ; mcu_spi_sck ; 41.667       ; -0.798     ; 2.594      ;
; 38.284 ; AnalyzerSpiSlave:U3_analyzer_spi|frame_id_latched[0]   ; AnalyzerSpiSlave:U3_analyzer_spi|response_crc[5]  ; mcu_spi_sck  ; mcu_spi_sck ; 41.667       ; -0.795     ; 2.595      ;
; 38.287 ; AnalyzerSpiSlave:U3_analyzer_spi|otr_count_latched[23] ; AnalyzerSpiSlave:U3_analyzer_spi|response_crc[8]  ; mcu_spi_sck  ; mcu_spi_sck ; 41.667       ; -0.563     ; 2.824      ;
; 38.294 ; AnalyzerSpiSlave:U3_analyzer_spi|frame_id_latched[2]   ; AnalyzerSpiSlave:U3_analyzer_spi|response_crc[2]  ; mcu_spi_sck  ; mcu_spi_sck ; 41.667       ; -0.562     ; 2.818      ;
; 38.313 ; AnalyzerSpiSlave:U3_analyzer_spi|frame_id_latched[4]   ; AnalyzerSpiSlave:U3_analyzer_spi|response_crc[4]  ; mcu_spi_sck  ; mcu_spi_sck ; 41.667       ; -0.687     ; 2.674      ;
; 38.324 ; AnalyzerSpiSlave:U3_analyzer_spi|frame_id_latched[7]   ; AnalyzerSpiSlave:U3_analyzer_spi|response_crc[3]  ; mcu_spi_sck  ; mcu_spi_sck ; 41.667       ; -0.563     ; 2.787      ;
; 38.325 ; AnalyzerSpiSlave:U3_analyzer_spi|otr_count_latched[21] ; AnalyzerSpiSlave:U3_analyzer_spi|response_crc[5]  ; mcu_spi_sck  ; mcu_spi_sck ; 41.667       ; -0.670     ; 2.679      ;
; 38.331 ; AnalyzerSpiSlave:U3_analyzer_spi|frame_id_latched[7]   ; AnalyzerSpiSlave:U3_analyzer_spi|response_crc[8]  ; mcu_spi_sck  ; mcu_spi_sck ; 41.667       ; -0.563     ; 2.780      ;
; 38.338 ; AnalyzerSpiSlave:U3_analyzer_spi|flags_latched[0]      ; AnalyzerSpiSlave:U3_analyzer_spi|tx_shift[0]      ; mcu_spi_sck  ; mcu_spi_sck ; 41.667       ; -0.602     ; 2.734      ;
; 38.339 ; AnalyzerSpiSlave:U3_analyzer_spi|otr_count_latched[28] ; AnalyzerSpiSlave:U3_analyzer_spi|response_crc[9]  ; mcu_spi_sck  ; mcu_spi_sck ; 41.667       ; -0.563     ; 2.772      ;
; 38.342 ; AnalyzerSpiSlave:U3_analyzer_spi|otr_count_latched[15] ; AnalyzerSpiSlave:U3_analyzer_spi|response_crc[3]  ; mcu_spi_sck  ; mcu_spi_sck ; 41.667       ; -0.686     ; 2.646      ;
+--------+--------------------------------------------------------+---------------------------------------------------+--------------+-------------+--------------+------------+------------+


+---------------------------------------------------------------------------------------------------------------------------------------------------------------------------------------------------------------------------------------------------------------------------------------------------------------------------------------+
; Fast 1200mV 0C Model Hold: 'adc_dco'                                                                                                                                                                                                                                                                                                  ;
+-------+----------------------------------------------------------------------------------------------------------------------------+----------------------------------------------------------------------------------------------------------------------------+--------------+-------------+--------------+------------+------------+
; Slack ; From Node                                                                                                                  ; To Node                                                                                                                    ; Launch Clock ; Latch Clock ; Relationship ; Clock Skew ; Data Delay ;
+-------+----------------------------------------------------------------------------------------------------------------------------+----------------------------------------------------------------------------------------------------------------------------+--------------+-------------+--------------+------------+------------+
; 0.165 ; Ad9233FrameCapture:U2_frame_capture|write_address[2]                                                                       ; Ad9233FrameCapture:U2_frame_capture|altsyncram:capture_ram|altsyncram_bl51:auto_generated|ram_block1a0~porta_address_reg0  ; adc_dco      ; adc_dco     ; 0.000        ; 0.221      ; 0.490      ;
; 0.165 ; Ad9233FrameCapture:U2_frame_capture|write_address[4]                                                                       ; Ad9233FrameCapture:U2_frame_capture|altsyncram:capture_ram|altsyncram_bl51:auto_generated|ram_block1a1~porta_address_reg0  ; adc_dco      ; adc_dco     ; 0.000        ; 0.219      ; 0.488      ;
; 0.167 ; Ad9233FrameCapture:U2_frame_capture|write_address[11]                                                                      ; Ad9233FrameCapture:U2_frame_capture|altsyncram:capture_ram|altsyncram_bl51:auto_generated|ram_block1a1~porta_address_reg0  ; adc_dco      ; adc_dco     ; 0.000        ; 0.219      ; 0.490      ;
; 0.172 ; Ad9233FrameCapture:U2_frame_capture|Ad9233MultistageDecimator:anti_alias_fir|sample_out[10]                                ; Ad9233FrameCapture:U2_frame_capture|altsyncram:capture_ram|altsyncram_bl51:auto_generated|ram_block1a10~porta_datain_reg0  ; adc_dco      ; adc_dco     ; 0.000        ; 0.223      ; 0.499      ;
; 0.176 ; Ad9233FrameCapture:U2_frame_capture|write_address[5]                                                                       ; Ad9233FrameCapture:U2_frame_capture|altsyncram:capture_ram|altsyncram_bl51:auto_generated|ram_block1a1~porta_address_reg0  ; adc_dco      ; adc_dco     ; 0.000        ; 0.219      ; 0.499      ;
; 0.178 ; Ad9233FrameCapture:U2_frame_capture|write_address[2]                                                                       ; Ad9233FrameCapture:U2_frame_capture|altsyncram:capture_ram|altsyncram_bl51:auto_generated|ram_block1a2~porta_address_reg0  ; adc_dco      ; adc_dco     ; 0.000        ; 0.222      ; 0.504      ;
; 0.186 ; Ad9233FrameCapture:U2_frame_capture|Ad9233MultistageDecimator:anti_alias_fir|FirDecimatingStage:stage2|issue_batch[3]      ; Ad9233FrameCapture:U2_frame_capture|Ad9233MultistageDecimator:anti_alias_fir|FirDecimatingStage:stage2|issue_batch[3]      ; adc_dco      ; adc_dco     ; 0.000        ; 0.037      ; 0.307      ;
; 0.186 ; Ad9233FrameCapture:U2_frame_capture|Ad9233MultistageDecimator:anti_alias_fir|FirDecimatingStage:stage2|issue_batch[4]      ; Ad9233FrameCapture:U2_frame_capture|Ad9233MultistageDecimator:anti_alias_fir|FirDecimatingStage:stage2|issue_batch[4]      ; adc_dco      ; adc_dco     ; 0.000        ; 0.037      ; 0.307      ;
; 0.186 ; Ad9233FrameCapture:U2_frame_capture|Ad9233MultistageDecimator:anti_alias_fir|FirDecimatingStage:stage2|warmup_count[0]     ; Ad9233FrameCapture:U2_frame_capture|Ad9233MultistageDecimator:anti_alias_fir|FirDecimatingStage:stage2|warmup_count[0]     ; adc_dco      ; adc_dco     ; 0.000        ; 0.037      ; 0.307      ;
; 0.186 ; Ad9233FrameCapture:U2_frame_capture|frame_id[0]                                                                            ; Ad9233FrameCapture:U2_frame_capture|frame_id[0]                                                                            ; adc_dco      ; adc_dco     ; 0.000        ; 0.037      ; 0.307      ;
; 0.186 ; Ad9233FrameCapture:U2_frame_capture|frame_ready                                                                            ; Ad9233FrameCapture:U2_frame_capture|frame_ready                                                                            ; adc_dco      ; adc_dco     ; 0.000        ; 0.037      ; 0.307      ;
; 0.186 ; Ad9233FrameCapture:U2_frame_capture|write_address[2]                                                                       ; Ad9233FrameCapture:U2_frame_capture|altsyncram:capture_ram|altsyncram_bl51:auto_generated|ram_block1a3~porta_address_reg0  ; adc_dco      ; adc_dco     ; 0.000        ; 0.221      ; 0.511      ;
; 0.186 ; Ad9233FrameCapture:U2_frame_capture|capture_busy                                                                           ; Ad9233FrameCapture:U2_frame_capture|capture_busy                                                                           ; adc_dco      ; adc_dco     ; 0.000        ; 0.037      ; 0.307      ;
; 0.186 ; Ad9233FrameCapture:U2_frame_capture|Ad9233MultistageDecimator:anti_alias_fir|FirDecimatingStage:stage3|overrun_count[0]    ; Ad9233FrameCapture:U2_frame_capture|Ad9233MultistageDecimator:anti_alias_fir|FirDecimatingStage:stage3|overrun_count[0]    ; adc_dco      ; adc_dco     ; 0.000        ; 0.037      ; 0.307      ;
; 0.186 ; Ad9233FrameCapture:U2_frame_capture|Ad9233MultistageDecimator:anti_alias_fir|FirDecimatingStage:stage3|mac_busy            ; Ad9233FrameCapture:U2_frame_capture|Ad9233MultistageDecimator:anti_alias_fir|FirDecimatingStage:stage3|mac_busy            ; adc_dco      ; adc_dco     ; 0.000        ; 0.037      ; 0.307      ;
; 0.186 ; Ad9233FrameCapture:U2_frame_capture|Ad9233MultistageDecimator:anti_alias_fir|FirDecimatingStage:stage3|decimation_count[1] ; Ad9233FrameCapture:U2_frame_capture|Ad9233MultistageDecimator:anti_alias_fir|FirDecimatingStage:stage3|decimation_count[1] ; adc_dco      ; adc_dco     ; 0.000        ; 0.037      ; 0.307      ;
; 0.186 ; Ad9233FrameCapture:U2_frame_capture|Ad9233MultistageDecimator:anti_alias_fir|FirDecimatingStage:stage3|warmup_count[0]     ; Ad9233FrameCapture:U2_frame_capture|Ad9233MultistageDecimator:anti_alias_fir|FirDecimatingStage:stage3|warmup_count[0]     ; adc_dco      ; adc_dco     ; 0.000        ; 0.037      ; 0.307      ;
; 0.186 ; Ad9233FrameCapture:U2_frame_capture|Ad9233MultistageDecimator:anti_alias_fir|FirDecimatingStage:stage1|overrun_count[0]    ; Ad9233FrameCapture:U2_frame_capture|Ad9233MultistageDecimator:anti_alias_fir|FirDecimatingStage:stage1|overrun_count[0]    ; adc_dco      ; adc_dco     ; 0.000        ; 0.037      ; 0.307      ;
; 0.186 ; Ad9233FrameCapture:U2_frame_capture|Ad9233MultistageDecimator:anti_alias_fir|FirDecimatingStage:stage2|overrun_count[0]    ; Ad9233FrameCapture:U2_frame_capture|Ad9233MultistageDecimator:anti_alias_fir|FirDecimatingStage:stage2|overrun_count[0]    ; adc_dco      ; adc_dco     ; 0.000        ; 0.037      ; 0.307      ;
; 0.186 ; Ad9233FrameCapture:U2_frame_capture|Ad9233MultistageDecimator:anti_alias_fir|FirDecimatingStage:stage2|mac_busy            ; Ad9233FrameCapture:U2_frame_capture|Ad9233MultistageDecimator:anti_alias_fir|FirDecimatingStage:stage2|mac_busy            ; adc_dco      ; adc_dco     ; 0.000        ; 0.037      ; 0.307      ;
; 0.186 ; Ad9233FrameCapture:U2_frame_capture|Ad9233MultistageDecimator:anti_alias_fir|FirDecimatingStage:stage1|mac_busy            ; Ad9233FrameCapture:U2_frame_capture|Ad9233MultistageDecimator:anti_alias_fir|FirDecimatingStage:stage1|mac_busy            ; adc_dco      ; adc_dco     ; 0.000        ; 0.037      ; 0.307      ;
; 0.186 ; Ad9233FrameCapture:U2_frame_capture|Ad9233MultistageDecimator:anti_alias_fir|FirDecimatingStage:stage1|issue_batch[0]      ; Ad9233FrameCapture:U2_frame_capture|Ad9233MultistageDecimator:anti_alias_fir|FirDecimatingStage:stage1|issue_batch[0]      ; adc_dco      ; adc_dco     ; 0.000        ; 0.037      ; 0.307      ;
; 0.186 ; Ad9233FrameCapture:U2_frame_capture|Ad9233MultistageDecimator:anti_alias_fir|FirDecimatingStage:stage1|issue_batch[1]      ; Ad9233FrameCapture:U2_frame_capture|Ad9233MultistageDecimator:anti_alias_fir|FirDecimatingStage:stage1|issue_batch[1]      ; adc_dco      ; adc_dco     ; 0.000        ; 0.037      ; 0.307      ;
; 0.186 ; Ad9233FrameCapture:U2_frame_capture|Ad9233MultistageDecimator:anti_alias_fir|FirDecimatingStage:stage1|issue_batch[2]      ; Ad9233FrameCapture:U2_frame_capture|Ad9233MultistageDecimator:anti_alias_fir|FirDecimatingStage:stage1|issue_batch[2]      ; adc_dco      ; adc_dco     ; 0.000        ; 0.037      ; 0.307      ;
; 0.186 ; Ad9233FrameCapture:U2_frame_capture|Ad9233MultistageDecimator:anti_alias_fir|FirDecimatingStage:stage1|issue_batch[3]      ; Ad9233FrameCapture:U2_frame_capture|Ad9233MultistageDecimator:anti_alias_fir|FirDecimatingStage:stage1|issue_batch[3]      ; adc_dco      ; adc_dco     ; 0.000        ; 0.037      ; 0.307      ;
; 0.186 ; Ad9233FrameCapture:U2_frame_capture|Ad9233MultistageDecimator:anti_alias_fir|FirDecimatingStage:stage1|issue_batch[4]      ; Ad9233FrameCapture:U2_frame_capture|Ad9233MultistageDecimator:anti_alias_fir|FirDecimatingStage:stage1|issue_batch[4]      ; adc_dco      ; adc_dco     ; 0.000        ; 0.037      ; 0.307      ;
; 0.186 ; Ad9233FrameCapture:U2_frame_capture|Ad9233MultistageDecimator:anti_alias_fir|FirDecimatingStage:stage1|warmup_count[0]     ; Ad9233FrameCapture:U2_frame_capture|Ad9233MultistageDecimator:anti_alias_fir|FirDecimatingStage:stage1|warmup_count[0]     ; adc_dco      ; adc_dco     ; 0.000        ; 0.037      ; 0.307      ;
; 0.186 ; Ad9233FrameCapture:U2_frame_capture|Ad9233MultistageDecimator:anti_alias_fir|FirDecimatingStage:stage3|snapshot[29][14]    ; Ad9233FrameCapture:U2_frame_capture|Ad9233MultistageDecimator:anti_alias_fir|FirDecimatingStage:stage3|snapshot[29][14]    ; adc_dco      ; adc_dco     ; 0.000        ; 0.037      ; 0.307      ;
; 0.186 ; Ad9233FrameCapture:U2_frame_capture|Ad9233MultistageDecimator:anti_alias_fir|FirDecimatingStage:stage3|snapshot[19][14]    ; Ad9233FrameCapture:U2_frame_capture|Ad9233MultistageDecimator:anti_alias_fir|FirDecimatingStage:stage3|snapshot[19][14]    ; adc_dco      ; adc_dco     ; 0.000        ; 0.037      ; 0.307      ;
; 0.186 ; Ad9233FrameCapture:U2_frame_capture|Ad9233MultistageDecimator:anti_alias_fir|FirDecimatingStage:stage3|snapshot[18][14]    ; Ad9233FrameCapture:U2_frame_capture|Ad9233MultistageDecimator:anti_alias_fir|FirDecimatingStage:stage3|snapshot[18][14]    ; adc_dco      ; adc_dco     ; 0.000        ; 0.037      ; 0.307      ;
; 0.186 ; Ad9233FrameCapture:U2_frame_capture|Ad9233MultistageDecimator:anti_alias_fir|FirDecimatingStage:stage3|snapshot[9][14]     ; Ad9233FrameCapture:U2_frame_capture|Ad9233MultistageDecimator:anti_alias_fir|FirDecimatingStage:stage3|snapshot[9][14]     ; adc_dco      ; adc_dco     ; 0.000        ; 0.037      ; 0.307      ;
; 0.186 ; Ad9233FrameCapture:U2_frame_capture|Ad9233MultistageDecimator:anti_alias_fir|FirDecimatingStage:stage3|snapshot[5][14]     ; Ad9233FrameCapture:U2_frame_capture|Ad9233MultistageDecimator:anti_alias_fir|FirDecimatingStage:stage3|snapshot[5][14]     ; adc_dco      ; adc_dco     ; 0.000        ; 0.037      ; 0.307      ;
; 0.186 ; Ad9233FrameCapture:U2_frame_capture|Ad9233MultistageDecimator:anti_alias_fir|FirDecimatingStage:stage3|snapshot[8][14]     ; Ad9233FrameCapture:U2_frame_capture|Ad9233MultistageDecimator:anti_alias_fir|FirDecimatingStage:stage3|snapshot[8][14]     ; adc_dco      ; adc_dco     ; 0.000        ; 0.037      ; 0.307      ;
; 0.186 ; Ad9233FrameCapture:U2_frame_capture|Ad9233MultistageDecimator:anti_alias_fir|FirDecimatingStage:stage3|snapshot[12][14]    ; Ad9233FrameCapture:U2_frame_capture|Ad9233MultistageDecimator:anti_alias_fir|FirDecimatingStage:stage3|snapshot[12][14]    ; adc_dco      ; adc_dco     ; 0.000        ; 0.037      ; 0.307      ;
; 0.186 ; Ad9233FrameCapture:U2_frame_capture|Ad9233MultistageDecimator:anti_alias_fir|FirDecimatingStage:stage3|snapshot[14][14]    ; Ad9233FrameCapture:U2_frame_capture|Ad9233MultistageDecimator:anti_alias_fir|FirDecimatingStage:stage3|snapshot[14][14]    ; adc_dco      ; adc_dco     ; 0.000        ; 0.037      ; 0.307      ;
; 0.186 ; Ad9233FrameCapture:U2_frame_capture|Ad9233MultistageDecimator:anti_alias_fir|FirDecimatingStage:stage3|snapshot[10][14]    ; Ad9233FrameCapture:U2_frame_capture|Ad9233MultistageDecimator:anti_alias_fir|FirDecimatingStage:stage3|snapshot[10][14]    ; adc_dco      ; adc_dco     ; 0.000        ; 0.037      ; 0.307      ;
; 0.186 ; Ad9233FrameCapture:U2_frame_capture|Ad9233MultistageDecimator:anti_alias_fir|FirDecimatingStage:stage3|snapshot[34][14]    ; Ad9233FrameCapture:U2_frame_capture|Ad9233MultistageDecimator:anti_alias_fir|FirDecimatingStage:stage3|snapshot[34][14]    ; adc_dco      ; adc_dco     ; 0.000        ; 0.037      ; 0.307      ;
; 0.186 ; Ad9233FrameCapture:U2_frame_capture|Ad9233MultistageDecimator:anti_alias_fir|FirDecimatingStage:stage3|snapshot[32][14]    ; Ad9233FrameCapture:U2_frame_capture|Ad9233MultistageDecimator:anti_alias_fir|FirDecimatingStage:stage3|snapshot[32][14]    ; adc_dco      ; adc_dco     ; 0.000        ; 0.037      ; 0.307      ;
; 0.186 ; Ad9233FrameCapture:U2_frame_capture|Ad9233MultistageDecimator:anti_alias_fir|FirDecimatingStage:stage3|snapshot[33][14]    ; Ad9233FrameCapture:U2_frame_capture|Ad9233MultistageDecimator:anti_alias_fir|FirDecimatingStage:stage3|snapshot[33][14]    ; adc_dco      ; adc_dco     ; 0.000        ; 0.037      ; 0.307      ;
; 0.186 ; Ad9233FrameCapture:U2_frame_capture|Ad9233MultistageDecimator:anti_alias_fir|FirDecimatingStage:stage3|snapshot[38][14]    ; Ad9233FrameCapture:U2_frame_capture|Ad9233MultistageDecimator:anti_alias_fir|FirDecimatingStage:stage3|snapshot[38][14]    ; adc_dco      ; adc_dco     ; 0.000        ; 0.037      ; 0.307      ;
; 0.186 ; Ad9233FrameCapture:U2_frame_capture|Ad9233MultistageDecimator:anti_alias_fir|FirDecimatingStage:stage3|snapshot[37][14]    ; Ad9233FrameCapture:U2_frame_capture|Ad9233MultistageDecimator:anti_alias_fir|FirDecimatingStage:stage3|snapshot[37][14]    ; adc_dco      ; adc_dco     ; 0.000        ; 0.037      ; 0.307      ;
; 0.186 ; Ad9233FrameCapture:U2_frame_capture|Ad9233MultistageDecimator:anti_alias_fir|FirDecimatingStage:stage3|snapshot[13][13]    ; Ad9233FrameCapture:U2_frame_capture|Ad9233MultistageDecimator:anti_alias_fir|FirDecimatingStage:stage3|snapshot[13][13]    ; adc_dco      ; adc_dco     ; 0.000        ; 0.037      ; 0.307      ;
; 0.186 ; Ad9233FrameCapture:U2_frame_capture|Ad9233MultistageDecimator:anti_alias_fir|FirDecimatingStage:stage3|snapshot[15][13]    ; Ad9233FrameCapture:U2_frame_capture|Ad9233MultistageDecimator:anti_alias_fir|FirDecimatingStage:stage3|snapshot[15][13]    ; adc_dco      ; adc_dco     ; 0.000        ; 0.037      ; 0.307      ;
; 0.186 ; Ad9233FrameCapture:U2_frame_capture|Ad9233MultistageDecimator:anti_alias_fir|FirDecimatingStage:stage3|snapshot[4][11]     ; Ad9233FrameCapture:U2_frame_capture|Ad9233MultistageDecimator:anti_alias_fir|FirDecimatingStage:stage3|snapshot[4][11]     ; adc_dco      ; adc_dco     ; 0.000        ; 0.037      ; 0.307      ;
; 0.186 ; Ad9233FrameCapture:U2_frame_capture|Ad9233MultistageDecimator:anti_alias_fir|FirDecimatingStage:stage3|snapshot[6][11]     ; Ad9233FrameCapture:U2_frame_capture|Ad9233MultistageDecimator:anti_alias_fir|FirDecimatingStage:stage3|snapshot[6][11]     ; adc_dco      ; adc_dco     ; 0.000        ; 0.037      ; 0.307      ;
; 0.186 ; Ad9233FrameCapture:U2_frame_capture|Ad9233MultistageDecimator:anti_alias_fir|FirDecimatingStage:stage3|snapshot[7][11]     ; Ad9233FrameCapture:U2_frame_capture|Ad9233MultistageDecimator:anti_alias_fir|FirDecimatingStage:stage3|snapshot[7][11]     ; adc_dco      ; adc_dco     ; 0.000        ; 0.037      ; 0.307      ;
; 0.186 ; Ad9233FrameCapture:U2_frame_capture|Ad9233MultistageDecimator:anti_alias_fir|FirDecimatingStage:stage3|snapshot[9][11]     ; Ad9233FrameCapture:U2_frame_capture|Ad9233MultistageDecimator:anti_alias_fir|FirDecimatingStage:stage3|snapshot[9][11]     ; adc_dco      ; adc_dco     ; 0.000        ; 0.037      ; 0.307      ;
; 0.186 ; Ad9233FrameCapture:U2_frame_capture|Ad9233MultistageDecimator:anti_alias_fir|FirDecimatingStage:stage3|snapshot[8][11]     ; Ad9233FrameCapture:U2_frame_capture|Ad9233MultistageDecimator:anti_alias_fir|FirDecimatingStage:stage3|snapshot[8][11]     ; adc_dco      ; adc_dco     ; 0.000        ; 0.037      ; 0.307      ;
; 0.186 ; Ad9233FrameCapture:U2_frame_capture|Ad9233MultistageDecimator:anti_alias_fir|FirDecimatingStage:stage3|snapshot[12][11]    ; Ad9233FrameCapture:U2_frame_capture|Ad9233MultistageDecimator:anti_alias_fir|FirDecimatingStage:stage3|snapshot[12][11]    ; adc_dco      ; adc_dco     ; 0.000        ; 0.037      ; 0.307      ;
; 0.186 ; Ad9233FrameCapture:U2_frame_capture|Ad9233MultistageDecimator:anti_alias_fir|FirDecimatingStage:stage3|snapshot[14][11]    ; Ad9233FrameCapture:U2_frame_capture|Ad9233MultistageDecimator:anti_alias_fir|FirDecimatingStage:stage3|snapshot[14][11]    ; adc_dco      ; adc_dco     ; 0.000        ; 0.037      ; 0.307      ;
; 0.186 ; Ad9233FrameCapture:U2_frame_capture|Ad9233MultistageDecimator:anti_alias_fir|FirDecimatingStage:stage3|snapshot[35][11]    ; Ad9233FrameCapture:U2_frame_capture|Ad9233MultistageDecimator:anti_alias_fir|FirDecimatingStage:stage3|snapshot[35][11]    ; adc_dco      ; adc_dco     ; 0.000        ; 0.037      ; 0.307      ;
; 0.186 ; Ad9233FrameCapture:U2_frame_capture|Ad9233MultistageDecimator:anti_alias_fir|FirDecimatingStage:stage3|snapshot[2][10]     ; Ad9233FrameCapture:U2_frame_capture|Ad9233MultistageDecimator:anti_alias_fir|FirDecimatingStage:stage3|snapshot[2][10]     ; adc_dco      ; adc_dco     ; 0.000        ; 0.037      ; 0.307      ;
; 0.186 ; Ad9233FrameCapture:U2_frame_capture|Ad9233MultistageDecimator:anti_alias_fir|FirDecimatingStage:stage3|snapshot[1][10]     ; Ad9233FrameCapture:U2_frame_capture|Ad9233MultistageDecimator:anti_alias_fir|FirDecimatingStage:stage3|snapshot[1][10]     ; adc_dco      ; adc_dco     ; 0.000        ; 0.037      ; 0.307      ;
; 0.186 ; Ad9233FrameCapture:U2_frame_capture|Ad9233MultistageDecimator:anti_alias_fir|FirDecimatingStage:stage3|snapshot[0][10]     ; Ad9233FrameCapture:U2_frame_capture|Ad9233MultistageDecimator:anti_alias_fir|FirDecimatingStage:stage3|snapshot[0][10]     ; adc_dco      ; adc_dco     ; 0.000        ; 0.037      ; 0.307      ;
; 0.186 ; Ad9233FrameCapture:U2_frame_capture|Ad9233MultistageDecimator:anti_alias_fir|FirDecimatingStage:stage3|snapshot[0][8]      ; Ad9233FrameCapture:U2_frame_capture|Ad9233MultistageDecimator:anti_alias_fir|FirDecimatingStage:stage3|snapshot[0][8]      ; adc_dco      ; adc_dco     ; 0.000        ; 0.037      ; 0.307      ;
; 0.186 ; Ad9233FrameCapture:U2_frame_capture|Ad9233MultistageDecimator:anti_alias_fir|FirDecimatingStage:stage3|snapshot[23][8]     ; Ad9233FrameCapture:U2_frame_capture|Ad9233MultistageDecimator:anti_alias_fir|FirDecimatingStage:stage3|snapshot[23][8]     ; adc_dco      ; adc_dco     ; 0.000        ; 0.037      ; 0.307      ;
; 0.186 ; Ad9233FrameCapture:U2_frame_capture|Ad9233MultistageDecimator:anti_alias_fir|FirDecimatingStage:stage3|snapshot[21][8]     ; Ad9233FrameCapture:U2_frame_capture|Ad9233MultistageDecimator:anti_alias_fir|FirDecimatingStage:stage3|snapshot[21][8]     ; adc_dco      ; adc_dco     ; 0.000        ; 0.037      ; 0.307      ;
; 0.186 ; Ad9233FrameCapture:U2_frame_capture|Ad9233MultistageDecimator:anti_alias_fir|FirDecimatingStage:stage3|snapshot[22][8]     ; Ad9233FrameCapture:U2_frame_capture|Ad9233MultistageDecimator:anti_alias_fir|FirDecimatingStage:stage3|snapshot[22][8]     ; adc_dco      ; adc_dco     ; 0.000        ; 0.037      ; 0.307      ;
; 0.186 ; Ad9233FrameCapture:U2_frame_capture|Ad9233MultistageDecimator:anti_alias_fir|FirDecimatingStage:stage3|snapshot[20][8]     ; Ad9233FrameCapture:U2_frame_capture|Ad9233MultistageDecimator:anti_alias_fir|FirDecimatingStage:stage3|snapshot[20][8]     ; adc_dco      ; adc_dco     ; 0.000        ; 0.037      ; 0.307      ;
; 0.186 ; Ad9233FrameCapture:U2_frame_capture|Ad9233MultistageDecimator:anti_alias_fir|FirDecimatingStage:stage3|snapshot[4][7]      ; Ad9233FrameCapture:U2_frame_capture|Ad9233MultistageDecimator:anti_alias_fir|FirDecimatingStage:stage3|snapshot[4][7]      ; adc_dco      ; adc_dco     ; 0.000        ; 0.037      ; 0.307      ;
; 0.186 ; Ad9233FrameCapture:U2_frame_capture|Ad9233MultistageDecimator:anti_alias_fir|FirDecimatingStage:stage3|snapshot[1][7]      ; Ad9233FrameCapture:U2_frame_capture|Ad9233MultistageDecimator:anti_alias_fir|FirDecimatingStage:stage3|snapshot[1][7]      ; adc_dco      ; adc_dco     ; 0.000        ; 0.037      ; 0.307      ;
; 0.186 ; Ad9233FrameCapture:U2_frame_capture|Ad9233MultistageDecimator:anti_alias_fir|FirDecimatingStage:stage3|snapshot[0][7]      ; Ad9233FrameCapture:U2_frame_capture|Ad9233MultistageDecimator:anti_alias_fir|FirDecimatingStage:stage3|snapshot[0][7]      ; adc_dco      ; adc_dco     ; 0.000        ; 0.037      ; 0.307      ;
; 0.186 ; Ad9233FrameCapture:U2_frame_capture|Ad9233MultistageDecimator:anti_alias_fir|FirDecimatingStage:stage3|snapshot[2][7]      ; Ad9233FrameCapture:U2_frame_capture|Ad9233MultistageDecimator:anti_alias_fir|FirDecimatingStage:stage3|snapshot[2][7]      ; adc_dco      ; adc_dco     ; 0.000        ; 0.037      ; 0.307      ;
; 0.186 ; Ad9233FrameCapture:U2_frame_capture|Ad9233MultistageDecimator:anti_alias_fir|FirDecimatingStage:stage3|snapshot[3][7]      ; Ad9233FrameCapture:U2_frame_capture|Ad9233MultistageDecimator:anti_alias_fir|FirDecimatingStage:stage3|snapshot[3][7]      ; adc_dco      ; adc_dco     ; 0.000        ; 0.037      ; 0.307      ;
; 0.186 ; Ad9233FrameCapture:U2_frame_capture|Ad9233MultistageDecimator:anti_alias_fir|FirDecimatingStage:stage3|snapshot[38][7]     ; Ad9233FrameCapture:U2_frame_capture|Ad9233MultistageDecimator:anti_alias_fir|FirDecimatingStage:stage3|snapshot[38][7]     ; adc_dco      ; adc_dco     ; 0.000        ; 0.037      ; 0.307      ;
; 0.186 ; Ad9233FrameCapture:U2_frame_capture|Ad9233MultistageDecimator:anti_alias_fir|FirDecimatingStage:stage3|snapshot[37][7]     ; Ad9233FrameCapture:U2_frame_capture|Ad9233MultistageDecimator:anti_alias_fir|FirDecimatingStage:stage3|snapshot[37][7]     ; adc_dco      ; adc_dco     ; 0.000        ; 0.037      ; 0.307      ;
; 0.186 ; Ad9233FrameCapture:U2_frame_capture|Ad9233MultistageDecimator:anti_alias_fir|FirDecimatingStage:stage3|snapshot[36][7]     ; Ad9233FrameCapture:U2_frame_capture|Ad9233MultistageDecimator:anti_alias_fir|FirDecimatingStage:stage3|snapshot[36][7]     ; adc_dco      ; adc_dco     ; 0.000        ; 0.037      ; 0.307      ;
; 0.186 ; Ad9233FrameCapture:U2_frame_capture|Ad9233MultistageDecimator:anti_alias_fir|FirDecimatingStage:stage3|snapshot[10][6]     ; Ad9233FrameCapture:U2_frame_capture|Ad9233MultistageDecimator:anti_alias_fir|FirDecimatingStage:stage3|snapshot[10][6]     ; adc_dco      ; adc_dco     ; 0.000        ; 0.037      ; 0.307      ;
; 0.186 ; Ad9233FrameCapture:U2_frame_capture|Ad9233MultistageDecimator:anti_alias_fir|FirDecimatingStage:stage3|snapshot[11][6]     ; Ad9233FrameCapture:U2_frame_capture|Ad9233MultistageDecimator:anti_alias_fir|FirDecimatingStage:stage3|snapshot[11][6]     ; adc_dco      ; adc_dco     ; 0.000        ; 0.037      ; 0.307      ;
; 0.186 ; Ad9233FrameCapture:U2_frame_capture|Ad9233MultistageDecimator:anti_alias_fir|FirDecimatingStage:stage3|snapshot[14][6]     ; Ad9233FrameCapture:U2_frame_capture|Ad9233MultistageDecimator:anti_alias_fir|FirDecimatingStage:stage3|snapshot[14][6]     ; adc_dco      ; adc_dco     ; 0.000        ; 0.037      ; 0.307      ;
; 0.186 ; Ad9233FrameCapture:U2_frame_capture|Ad9233MultistageDecimator:anti_alias_fir|FirDecimatingStage:stage3|snapshot[7][6]      ; Ad9233FrameCapture:U2_frame_capture|Ad9233MultistageDecimator:anti_alias_fir|FirDecimatingStage:stage3|snapshot[7][6]      ; adc_dco      ; adc_dco     ; 0.000        ; 0.037      ; 0.307      ;
; 0.186 ; Ad9233FrameCapture:U2_frame_capture|Ad9233MultistageDecimator:anti_alias_fir|FirDecimatingStage:stage3|snapshot[13][6]     ; Ad9233FrameCapture:U2_frame_capture|Ad9233MultistageDecimator:anti_alias_fir|FirDecimatingStage:stage3|snapshot[13][6]     ; adc_dco      ; adc_dco     ; 0.000        ; 0.037      ; 0.307      ;
; 0.186 ; Ad9233FrameCapture:U2_frame_capture|Ad9233MultistageDecimator:anti_alias_fir|FirDecimatingStage:stage3|snapshot[12][6]     ; Ad9233FrameCapture:U2_frame_capture|Ad9233MultistageDecimator:anti_alias_fir|FirDecimatingStage:stage3|snapshot[12][6]     ; adc_dco      ; adc_dco     ; 0.000        ; 0.037      ; 0.307      ;
; 0.186 ; Ad9233FrameCapture:U2_frame_capture|Ad9233MultistageDecimator:anti_alias_fir|FirDecimatingStage:stage3|snapshot[21][6]     ; Ad9233FrameCapture:U2_frame_capture|Ad9233MultistageDecimator:anti_alias_fir|FirDecimatingStage:stage3|snapshot[21][6]     ; adc_dco      ; adc_dco     ; 0.000        ; 0.037      ; 0.307      ;
; 0.186 ; Ad9233FrameCapture:U2_frame_capture|Ad9233MultistageDecimator:anti_alias_fir|FirDecimatingStage:stage3|snapshot[23][6]     ; Ad9233FrameCapture:U2_frame_capture|Ad9233MultistageDecimator:anti_alias_fir|FirDecimatingStage:stage3|snapshot[23][6]     ; adc_dco      ; adc_dco     ; 0.000        ; 0.037      ; 0.307      ;
; 0.186 ; Ad9233FrameCapture:U2_frame_capture|Ad9233MultistageDecimator:anti_alias_fir|FirDecimatingStage:stage3|snapshot[15][4]     ; Ad9233FrameCapture:U2_frame_capture|Ad9233MultistageDecimator:anti_alias_fir|FirDecimatingStage:stage3|snapshot[15][4]     ; adc_dco      ; adc_dco     ; 0.000        ; 0.037      ; 0.307      ;
; 0.186 ; Ad9233FrameCapture:U2_frame_capture|Ad9233MultistageDecimator:anti_alias_fir|FirDecimatingStage:stage3|snapshot[7][4]      ; Ad9233FrameCapture:U2_frame_capture|Ad9233MultistageDecimator:anti_alias_fir|FirDecimatingStage:stage3|snapshot[7][4]      ; adc_dco      ; adc_dco     ; 0.000        ; 0.037      ; 0.307      ;
; 0.186 ; Ad9233FrameCapture:U2_frame_capture|Ad9233MultistageDecimator:anti_alias_fir|FirDecimatingStage:stage3|snapshot[17][4]     ; Ad9233FrameCapture:U2_frame_capture|Ad9233MultistageDecimator:anti_alias_fir|FirDecimatingStage:stage3|snapshot[17][4]     ; adc_dco      ; adc_dco     ; 0.000        ; 0.037      ; 0.307      ;
; 0.186 ; Ad9233FrameCapture:U2_frame_capture|Ad9233MultistageDecimator:anti_alias_fir|FirDecimatingStage:stage3|snapshot[9][4]      ; Ad9233FrameCapture:U2_frame_capture|Ad9233MultistageDecimator:anti_alias_fir|FirDecimatingStage:stage3|snapshot[9][4]      ; adc_dco      ; adc_dco     ; 0.000        ; 0.037      ; 0.307      ;
; 0.186 ; Ad9233FrameCapture:U2_frame_capture|Ad9233MultistageDecimator:anti_alias_fir|FirDecimatingStage:stage3|snapshot[11][4]     ; Ad9233FrameCapture:U2_frame_capture|Ad9233MultistageDecimator:anti_alias_fir|FirDecimatingStage:stage3|snapshot[11][4]     ; adc_dco      ; adc_dco     ; 0.000        ; 0.037      ; 0.307      ;
; 0.186 ; Ad9233FrameCapture:U2_frame_capture|Ad9233MultistageDecimator:anti_alias_fir|FirDecimatingStage:stage3|snapshot[19][4]     ; Ad9233FrameCapture:U2_frame_capture|Ad9233MultistageDecimator:anti_alias_fir|FirDecimatingStage:stage3|snapshot[19][4]     ; adc_dco      ; adc_dco     ; 0.000        ; 0.037      ; 0.307      ;
; 0.186 ; Ad9233FrameCapture:U2_frame_capture|Ad9233MultistageDecimator:anti_alias_fir|FirDecimatingStage:stage3|snapshot[8][4]      ; Ad9233FrameCapture:U2_frame_capture|Ad9233MultistageDecimator:anti_alias_fir|FirDecimatingStage:stage3|snapshot[8][4]      ; adc_dco      ; adc_dco     ; 0.000        ; 0.037      ; 0.307      ;
; 0.186 ; Ad9233FrameCapture:U2_frame_capture|Ad9233MultistageDecimator:anti_alias_fir|FirDecimatingStage:stage3|snapshot[10][4]     ; Ad9233FrameCapture:U2_frame_capture|Ad9233MultistageDecimator:anti_alias_fir|FirDecimatingStage:stage3|snapshot[10][4]     ; adc_dco      ; adc_dco     ; 0.000        ; 0.037      ; 0.307      ;
; 0.186 ; Ad9233FrameCapture:U2_frame_capture|Ad9233MultistageDecimator:anti_alias_fir|FirDecimatingStage:stage3|snapshot[23][3]     ; Ad9233FrameCapture:U2_frame_capture|Ad9233MultistageDecimator:anti_alias_fir|FirDecimatingStage:stage3|snapshot[23][3]     ; adc_dco      ; adc_dco     ; 0.000        ; 0.037      ; 0.307      ;
; 0.186 ; Ad9233FrameCapture:U2_frame_capture|Ad9233MultistageDecimator:anti_alias_fir|FirDecimatingStage:stage3|snapshot[21][3]     ; Ad9233FrameCapture:U2_frame_capture|Ad9233MultistageDecimator:anti_alias_fir|FirDecimatingStage:stage3|snapshot[21][3]     ; adc_dco      ; adc_dco     ; 0.000        ; 0.037      ; 0.307      ;
; 0.186 ; Ad9233FrameCapture:U2_frame_capture|Ad9233MultistageDecimator:anti_alias_fir|FirDecimatingStage:stage3|snapshot[29][3]     ; Ad9233FrameCapture:U2_frame_capture|Ad9233MultistageDecimator:anti_alias_fir|FirDecimatingStage:stage3|snapshot[29][3]     ; adc_dco      ; adc_dco     ; 0.000        ; 0.037      ; 0.307      ;
; 0.186 ; Ad9233FrameCapture:U2_frame_capture|Ad9233MultistageDecimator:anti_alias_fir|FirDecimatingStage:stage3|snapshot[20][3]     ; Ad9233FrameCapture:U2_frame_capture|Ad9233MultistageDecimator:anti_alias_fir|FirDecimatingStage:stage3|snapshot[20][3]     ; adc_dco      ; adc_dco     ; 0.000        ; 0.037      ; 0.307      ;
; 0.186 ; Ad9233FrameCapture:U2_frame_capture|Ad9233MultistageDecimator:anti_alias_fir|FirDecimatingStage:stage3|snapshot[22][3]     ; Ad9233FrameCapture:U2_frame_capture|Ad9233MultistageDecimator:anti_alias_fir|FirDecimatingStage:stage3|snapshot[22][3]     ; adc_dco      ; adc_dco     ; 0.000        ; 0.037      ; 0.307      ;
; 0.186 ; Ad9233FrameCapture:U2_frame_capture|Ad9233MultistageDecimator:anti_alias_fir|FirDecimatingStage:stage3|snapshot[30][3]     ; Ad9233FrameCapture:U2_frame_capture|Ad9233MultistageDecimator:anti_alias_fir|FirDecimatingStage:stage3|snapshot[30][3]     ; adc_dco      ; adc_dco     ; 0.000        ; 0.037      ; 0.307      ;
; 0.186 ; Ad9233FrameCapture:U2_frame_capture|Ad9233MultistageDecimator:anti_alias_fir|FirDecimatingStage:stage3|snapshot[28][3]     ; Ad9233FrameCapture:U2_frame_capture|Ad9233MultistageDecimator:anti_alias_fir|FirDecimatingStage:stage3|snapshot[28][3]     ; adc_dco      ; adc_dco     ; 0.000        ; 0.037      ; 0.307      ;
; 0.186 ; Ad9233FrameCapture:U2_frame_capture|Ad9233MultistageDecimator:anti_alias_fir|FirDecimatingStage:stage3|snapshot[27][3]     ; Ad9233FrameCapture:U2_frame_capture|Ad9233MultistageDecimator:anti_alias_fir|FirDecimatingStage:stage3|snapshot[27][3]     ; adc_dco      ; adc_dco     ; 0.000        ; 0.037      ; 0.307      ;
; 0.186 ; Ad9233FrameCapture:U2_frame_capture|Ad9233MultistageDecimator:anti_alias_fir|FirDecimatingStage:stage3|snapshot[19][3]     ; Ad9233FrameCapture:U2_frame_capture|Ad9233MultistageDecimator:anti_alias_fir|FirDecimatingStage:stage3|snapshot[19][3]     ; adc_dco      ; adc_dco     ; 0.000        ; 0.037      ; 0.307      ;
; 0.186 ; Ad9233FrameCapture:U2_frame_capture|Ad9233MultistageDecimator:anti_alias_fir|FirDecimatingStage:stage3|snapshot[24][3]     ; Ad9233FrameCapture:U2_frame_capture|Ad9233MultistageDecimator:anti_alias_fir|FirDecimatingStage:stage3|snapshot[24][3]     ; adc_dco      ; adc_dco     ; 0.000        ; 0.037      ; 0.307      ;
; 0.186 ; Ad9233FrameCapture:U2_frame_capture|Ad9233MultistageDecimator:anti_alias_fir|FirDecimatingStage:stage3|snapshot[26][3]     ; Ad9233FrameCapture:U2_frame_capture|Ad9233MultistageDecimator:anti_alias_fir|FirDecimatingStage:stage3|snapshot[26][3]     ; adc_dco      ; adc_dco     ; 0.000        ; 0.037      ; 0.307      ;
; 0.186 ; Ad9233FrameCapture:U2_frame_capture|Ad9233MultistageDecimator:anti_alias_fir|FirDecimatingStage:stage3|snapshot[11][3]     ; Ad9233FrameCapture:U2_frame_capture|Ad9233MultistageDecimator:anti_alias_fir|FirDecimatingStage:stage3|snapshot[11][3]     ; adc_dco      ; adc_dco     ; 0.000        ; 0.037      ; 0.307      ;
; 0.186 ; Ad9233FrameCapture:U2_frame_capture|Ad9233MultistageDecimator:anti_alias_fir|FirDecimatingStage:stage3|snapshot[15][3]     ; Ad9233FrameCapture:U2_frame_capture|Ad9233MultistageDecimator:anti_alias_fir|FirDecimatingStage:stage3|snapshot[15][3]     ; adc_dco      ; adc_dco     ; 0.000        ; 0.037      ; 0.307      ;
; 0.186 ; Ad9233FrameCapture:U2_frame_capture|Ad9233MultistageDecimator:anti_alias_fir|FirDecimatingStage:stage3|snapshot[14][3]     ; Ad9233FrameCapture:U2_frame_capture|Ad9233MultistageDecimator:anti_alias_fir|FirDecimatingStage:stage3|snapshot[14][3]     ; adc_dco      ; adc_dco     ; 0.000        ; 0.037      ; 0.307      ;
; 0.186 ; Ad9233FrameCapture:U2_frame_capture|Ad9233MultistageDecimator:anti_alias_fir|FirDecimatingStage:stage3|snapshot[3][3]      ; Ad9233FrameCapture:U2_frame_capture|Ad9233MultistageDecimator:anti_alias_fir|FirDecimatingStage:stage3|snapshot[3][3]      ; adc_dco      ; adc_dco     ; 0.000        ; 0.037      ; 0.307      ;
; 0.186 ; Ad9233FrameCapture:U2_frame_capture|Ad9233MultistageDecimator:anti_alias_fir|FirDecimatingStage:stage3|snapshot[2][3]      ; Ad9233FrameCapture:U2_frame_capture|Ad9233MultistageDecimator:anti_alias_fir|FirDecimatingStage:stage3|snapshot[2][3]      ; adc_dco      ; adc_dco     ; 0.000        ; 0.037      ; 0.307      ;
; 0.186 ; Ad9233FrameCapture:U2_frame_capture|Ad9233MultistageDecimator:anti_alias_fir|FirDecimatingStage:stage3|snapshot[6][3]      ; Ad9233FrameCapture:U2_frame_capture|Ad9233MultistageDecimator:anti_alias_fir|FirDecimatingStage:stage3|snapshot[6][3]      ; adc_dco      ; adc_dco     ; 0.000        ; 0.037      ; 0.307      ;
+-------+----------------------------------------------------------------------------------------------------------------------------+----------------------------------------------------------------------------------------------------------------------------+--------------+-------------+--------------+------------+------------+


+---------------------------------------------------------------------------------------------------------------------------------------------------------------------------------------+
; Fast 1200mV 0C Model Hold: 'clk_50m'                                                                                                                                                  ;
+-------+----------------------------------------------------+----------------------------------------------------+--------------+-------------+--------------+------------+------------+
; Slack ; From Node                                          ; To Node                                            ; Launch Clock ; Latch Clock ; Relationship ; Clock Skew ; Data Delay ;
+-------+----------------------------------------------------+----------------------------------------------------+--------------+-------------+--------------+------------+------------+
; 0.186 ; Ad9233SpiInit:U1_ad9233_spi_init|spi_sdio          ; Ad9233SpiInit:U1_ad9233_spi_init|spi_sdio          ; clk_50m      ; clk_50m     ; 0.000        ; 0.037      ; 0.307      ;
; 0.186 ; Ad9233SpiInit:U1_ad9233_spi_init|shift_data[0]     ; Ad9233SpiInit:U1_ad9233_spi_init|shift_data[0]     ; clk_50m      ; clk_50m     ; 0.000        ; 0.037      ; 0.307      ;
; 0.186 ; Ad9233SpiInit:U1_ad9233_spi_init|cfg_done          ; Ad9233SpiInit:U1_ad9233_spi_init|cfg_done          ; clk_50m      ; clk_50m     ; 0.000        ; 0.037      ; 0.307      ;
; 0.186 ; Ad9233SpiInit:U1_ad9233_spi_init|state.STATE_DONE  ; Ad9233SpiInit:U1_ad9233_spi_init|state.STATE_DONE  ; clk_50m      ; clk_50m     ; 0.000        ; 0.037      ; 0.307      ;
; 0.186 ; Ad9233SpiInit:U1_ad9233_spi_init|frame_index[0]    ; Ad9233SpiInit:U1_ad9233_spi_init|frame_index[0]    ; clk_50m      ; clk_50m     ; 0.000        ; 0.037      ; 0.307      ;
; 0.186 ; Ad9233SpiInit:U1_ad9233_spi_init|frame_index[2]    ; Ad9233SpiInit:U1_ad9233_spi_init|frame_index[2]    ; clk_50m      ; clk_50m     ; 0.000        ; 0.037      ; 0.307      ;
; 0.186 ; Ad9233SpiInit:U1_ad9233_spi_init|frame_index[1]    ; Ad9233SpiInit:U1_ad9233_spi_init|frame_index[1]    ; clk_50m      ; clk_50m     ; 0.000        ; 0.037      ; 0.307      ;
; 0.186 ; Ad9233SpiInit:U1_ad9233_spi_init|state.STATE_LOW   ; Ad9233SpiInit:U1_ad9233_spi_init|state.STATE_LOW   ; clk_50m      ; clk_50m     ; 0.000        ; 0.037      ; 0.307      ;
; 0.186 ; Ad9233SpiInit:U1_ad9233_spi_init|state.STATE_WAIT  ; Ad9233SpiInit:U1_ad9233_spi_init|state.STATE_WAIT  ; clk_50m      ; clk_50m     ; 0.000        ; 0.037      ; 0.307      ;
; 0.187 ; Ad9233SpiInit:U1_ad9233_spi_init|state.STATE_HIGH  ; Ad9233SpiInit:U1_ad9233_spi_init|state.STATE_HIGH  ; clk_50m      ; clk_50m     ; 0.000        ; 0.036      ; 0.307      ;
; 0.193 ; Ad9233SpiInit:U1_ad9233_spi_init|shift_data[22]    ; Ad9233SpiInit:U1_ad9233_spi_init|spi_sdio          ; clk_50m      ; clk_50m     ; 0.000        ; 0.037      ; 0.314      ;
; 0.195 ; Ad9233SpiInit:U1_ad9233_spi_init|shift_data[6]     ; Ad9233SpiInit:U1_ad9233_spi_init|shift_data[7]     ; clk_50m      ; clk_50m     ; 0.000        ; 0.036      ; 0.315      ;
; 0.196 ; Ad9233SpiInit:U1_ad9233_spi_init|shift_data[5]     ; Ad9233SpiInit:U1_ad9233_spi_init|shift_data[6]     ; clk_50m      ; clk_50m     ; 0.000        ; 0.036      ; 0.316      ;
; 0.229 ; Ad9233SpiInit:U1_ad9233_spi_init|state.STATE_WAIT  ; Ad9233SpiInit:U1_ad9233_spi_init|cfg_done          ; clk_50m      ; clk_50m     ; 0.000        ; 0.037      ; 0.350      ;
; 0.229 ; Ad9233SpiInit:U1_ad9233_spi_init|state.STATE_WAIT  ; Ad9233SpiInit:U1_ad9233_spi_init|frame_index[0]    ; clk_50m      ; clk_50m     ; 0.000        ; 0.037      ; 0.350      ;
; 0.252 ; Ad9233SpiInit:U1_ad9233_spi_init|shift_data[21]    ; Ad9233SpiInit:U1_ad9233_spi_init|shift_data[22]    ; clk_50m      ; clk_50m     ; 0.000        ; 0.037      ; 0.373      ;
; 0.252 ; Ad9233SpiInit:U1_ad9233_spi_init|shift_data[3]     ; Ad9233SpiInit:U1_ad9233_spi_init|shift_data[4]     ; clk_50m      ; clk_50m     ; 0.000        ; 0.037      ; 0.373      ;
; 0.264 ; Ad9233SpiInit:U1_ad9233_spi_init|bit_index[0]      ; Ad9233SpiInit:U1_ad9233_spi_init|state.STATE_GAP   ; clk_50m      ; clk_50m     ; 0.000        ; 0.037      ; 0.385      ;
; 0.265 ; adc_pll_lock_sync[0]                               ; adc_pll_lock_sync[1]                               ; clk_50m      ; clk_50m     ; 0.000        ; 0.037      ; 0.386      ;
; 0.267 ; Ad9233SpiInit:U1_ad9233_spi_init|shift_data[10]    ; Ad9233SpiInit:U1_ad9233_spi_init|shift_data[11]    ; clk_50m      ; clk_50m     ; 0.000        ; 0.036      ; 0.387      ;
; 0.267 ; Ad9233SpiInit:U1_ad9233_spi_init|shift_data[9]     ; Ad9233SpiInit:U1_ad9233_spi_init|shift_data[10]    ; clk_50m      ; clk_50m     ; 0.000        ; 0.036      ; 0.387      ;
; 0.267 ; Ad9233SpiInit:U1_ad9233_spi_init|shift_data[7]     ; Ad9233SpiInit:U1_ad9233_spi_init|shift_data[8]     ; clk_50m      ; clk_50m     ; 0.000        ; 0.036      ; 0.387      ;
; 0.268 ; Ad9233SpiInit:U1_ad9233_spi_init|shift_data[8]     ; Ad9233SpiInit:U1_ad9233_spi_init|shift_data[9]     ; clk_50m      ; clk_50m     ; 0.000        ; 0.036      ; 0.388      ;
; 0.269 ; Ad9233SpiInit:U1_ad9233_spi_init|shift_data[11]    ; Ad9233SpiInit:U1_ad9233_spi_init|shift_data[12]    ; clk_50m      ; clk_50m     ; 0.000        ; 0.036      ; 0.389      ;
; 0.270 ; Ad9233SpiInit:U1_ad9233_spi_init|shift_data[4]     ; Ad9233SpiInit:U1_ad9233_spi_init|shift_data[5]     ; clk_50m      ; clk_50m     ; 0.000        ; 0.036      ; 0.390      ;
; 0.294 ; Ad9233SpiInit:U1_ad9233_spi_init|shift_data[20]    ; Ad9233SpiInit:U1_ad9233_spi_init|shift_data[21]    ; clk_50m      ; clk_50m     ; 0.000        ; 0.037      ; 0.415      ;
; 0.294 ; Ad9233SpiInit:U1_ad9233_spi_init|shift_data[19]    ; Ad9233SpiInit:U1_ad9233_spi_init|shift_data[20]    ; clk_50m      ; clk_50m     ; 0.000        ; 0.037      ; 0.415      ;
; 0.294 ; Ad9233SpiInit:U1_ad9233_spi_init|shift_data[13]    ; Ad9233SpiInit:U1_ad9233_spi_init|shift_data[14]    ; clk_50m      ; clk_50m     ; 0.000        ; 0.036      ; 0.414      ;
; 0.294 ; Ad9233SpiInit:U1_ad9233_spi_init|shift_data[2]     ; Ad9233SpiInit:U1_ad9233_spi_init|shift_data[3]     ; clk_50m      ; clk_50m     ; 0.000        ; 0.037      ; 0.415      ;
; 0.294 ; Ad9233SpiInit:U1_ad9233_spi_init|shift_data[1]     ; Ad9233SpiInit:U1_ad9233_spi_init|shift_data[2]     ; clk_50m      ; clk_50m     ; 0.000        ; 0.037      ; 0.415      ;
; 0.295 ; Ad9233SpiInit:U1_ad9233_spi_init|shift_data[17]    ; Ad9233SpiInit:U1_ad9233_spi_init|shift_data[18]    ; clk_50m      ; clk_50m     ; 0.000        ; 0.036      ; 0.415      ;
; 0.295 ; Ad9233SpiInit:U1_ad9233_spi_init|shift_data[15]    ; Ad9233SpiInit:U1_ad9233_spi_init|shift_data[16]    ; clk_50m      ; clk_50m     ; 0.000        ; 0.036      ; 0.415      ;
; 0.295 ; Ad9233SpiInit:U1_ad9233_spi_init|shift_data[14]    ; Ad9233SpiInit:U1_ad9233_spi_init|shift_data[15]    ; clk_50m      ; clk_50m     ; 0.000        ; 0.036      ; 0.415      ;
; 0.295 ; Ad9233SpiInit:U1_ad9233_spi_init|startup_count[11] ; Ad9233SpiInit:U1_ad9233_spi_init|startup_count[11] ; clk_50m      ; clk_50m     ; 0.000        ; 0.037      ; 0.416      ;
; 0.296 ; Ad9233SpiInit:U1_ad9233_spi_init|shift_data[12]    ; Ad9233SpiInit:U1_ad9233_spi_init|shift_data[13]    ; clk_50m      ; clk_50m     ; 0.000        ; 0.036      ; 0.416      ;
; 0.296 ; Ad9233SpiInit:U1_ad9233_spi_init|shift_data[0]     ; Ad9233SpiInit:U1_ad9233_spi_init|shift_data[1]     ; clk_50m      ; clk_50m     ; 0.000        ; 0.037      ; 0.417      ;
; 0.296 ; Ad9233SpiInit:U1_ad9233_spi_init|startup_count[13] ; Ad9233SpiInit:U1_ad9233_spi_init|startup_count[13] ; clk_50m      ; clk_50m     ; 0.000        ; 0.037      ; 0.417      ;
; 0.296 ; Ad9233SpiInit:U1_ad9233_spi_init|startup_count[9]  ; Ad9233SpiInit:U1_ad9233_spi_init|startup_count[9]  ; clk_50m      ; clk_50m     ; 0.000        ; 0.037      ; 0.417      ;
; 0.297 ; Ad9233SpiInit:U1_ad9233_spi_init|startup_count[15] ; Ad9233SpiInit:U1_ad9233_spi_init|startup_count[15] ; clk_50m      ; clk_50m     ; 0.000        ; 0.037      ; 0.418      ;
; 0.297 ; Ad9233SpiInit:U1_ad9233_spi_init|startup_count[12] ; Ad9233SpiInit:U1_ad9233_spi_init|startup_count[12] ; clk_50m      ; clk_50m     ; 0.000        ; 0.037      ; 0.418      ;
; 0.297 ; Ad9233SpiInit:U1_ad9233_spi_init|startup_count[7]  ; Ad9233SpiInit:U1_ad9233_spi_init|startup_count[7]  ; clk_50m      ; clk_50m     ; 0.000        ; 0.037      ; 0.418      ;
; 0.297 ; Ad9233SpiInit:U1_ad9233_spi_init|startup_count[17] ; Ad9233SpiInit:U1_ad9233_spi_init|startup_count[17] ; clk_50m      ; clk_50m     ; 0.000        ; 0.037      ; 0.418      ;
; 0.297 ; Ad9233SpiInit:U1_ad9233_spi_init|startup_count[2]  ; Ad9233SpiInit:U1_ad9233_spi_init|startup_count[2]  ; clk_50m      ; clk_50m     ; 0.000        ; 0.037      ; 0.418      ;
; 0.298 ; Ad9233SpiInit:U1_ad9233_spi_init|shift_data[16]    ; Ad9233SpiInit:U1_ad9233_spi_init|shift_data[17]    ; clk_50m      ; clk_50m     ; 0.000        ; 0.036      ; 0.418      ;
; 0.298 ; Ad9233SpiInit:U1_ad9233_spi_init|half_count[5]     ; Ad9233SpiInit:U1_ad9233_spi_init|half_count[5]     ; clk_50m      ; clk_50m     ; 0.000        ; 0.036      ; 0.418      ;
; 0.298 ; Ad9233SpiInit:U1_ad9233_spi_init|half_count[7]     ; Ad9233SpiInit:U1_ad9233_spi_init|half_count[7]     ; clk_50m      ; clk_50m     ; 0.000        ; 0.036      ; 0.418      ;
; 0.298 ; Ad9233SpiInit:U1_ad9233_spi_init|startup_count[23] ; Ad9233SpiInit:U1_ad9233_spi_init|startup_count[23] ; clk_50m      ; clk_50m     ; 0.000        ; 0.037      ; 0.419      ;
; 0.298 ; Ad9233SpiInit:U1_ad9233_spi_init|startup_count[19] ; Ad9233SpiInit:U1_ad9233_spi_init|startup_count[19] ; clk_50m      ; clk_50m     ; 0.000        ; 0.037      ; 0.419      ;
; 0.298 ; Ad9233SpiInit:U1_ad9233_spi_init|startup_count[14] ; Ad9233SpiInit:U1_ad9233_spi_init|startup_count[14] ; clk_50m      ; clk_50m     ; 0.000        ; 0.037      ; 0.419      ;
; 0.298 ; Ad9233SpiInit:U1_ad9233_spi_init|startup_count[10] ; Ad9233SpiInit:U1_ad9233_spi_init|startup_count[10] ; clk_50m      ; clk_50m     ; 0.000        ; 0.037      ; 0.419      ;
; 0.298 ; Ad9233SpiInit:U1_ad9233_spi_init|startup_count[8]  ; Ad9233SpiInit:U1_ad9233_spi_init|startup_count[8]  ; clk_50m      ; clk_50m     ; 0.000        ; 0.037      ; 0.419      ;
; 0.298 ; Ad9233SpiInit:U1_ad9233_spi_init|startup_count[4]  ; Ad9233SpiInit:U1_ad9233_spi_init|startup_count[4]  ; clk_50m      ; clk_50m     ; 0.000        ; 0.037      ; 0.419      ;
; 0.298 ; Ad9233SpiInit:U1_ad9233_spi_init|startup_count[3]  ; Ad9233SpiInit:U1_ad9233_spi_init|startup_count[3]  ; clk_50m      ; clk_50m     ; 0.000        ; 0.037      ; 0.419      ;
; 0.298 ; Ad9233SpiInit:U1_ad9233_spi_init|startup_count[1]  ; Ad9233SpiInit:U1_ad9233_spi_init|startup_count[1]  ; clk_50m      ; clk_50m     ; 0.000        ; 0.037      ; 0.419      ;
; 0.299 ; Ad9233SpiInit:U1_ad9233_spi_init|half_count[3]     ; Ad9233SpiInit:U1_ad9233_spi_init|half_count[3]     ; clk_50m      ; clk_50m     ; 0.000        ; 0.036      ; 0.419      ;
; 0.299 ; Ad9233SpiInit:U1_ad9233_spi_init|half_count[1]     ; Ad9233SpiInit:U1_ad9233_spi_init|half_count[1]     ; clk_50m      ; clk_50m     ; 0.000        ; 0.036      ; 0.419      ;
; 0.299 ; Ad9233SpiInit:U1_ad9233_spi_init|startup_count[21] ; Ad9233SpiInit:U1_ad9233_spi_init|startup_count[21] ; clk_50m      ; clk_50m     ; 0.000        ; 0.037      ; 0.420      ;
; 0.299 ; Ad9233SpiInit:U1_ad9233_spi_init|startup_count[20] ; Ad9233SpiInit:U1_ad9233_spi_init|startup_count[20] ; clk_50m      ; clk_50m     ; 0.000        ; 0.037      ; 0.420      ;
; 0.299 ; Ad9233SpiInit:U1_ad9233_spi_init|startup_count[18] ; Ad9233SpiInit:U1_ad9233_spi_init|startup_count[18] ; clk_50m      ; clk_50m     ; 0.000        ; 0.037      ; 0.420      ;
; 0.299 ; Ad9233SpiInit:U1_ad9233_spi_init|startup_count[16] ; Ad9233SpiInit:U1_ad9233_spi_init|startup_count[16] ; clk_50m      ; clk_50m     ; 0.000        ; 0.037      ; 0.420      ;
; 0.299 ; Ad9233SpiInit:U1_ad9233_spi_init|startup_count[6]  ; Ad9233SpiInit:U1_ad9233_spi_init|startup_count[6]  ; clk_50m      ; clk_50m     ; 0.000        ; 0.037      ; 0.420      ;
; 0.299 ; Ad9233SpiInit:U1_ad9233_spi_init|state.STATE_DONE  ; Ad9233SpiInit:U1_ad9233_spi_init|cfg_done          ; clk_50m      ; clk_50m     ; 0.000        ; 0.037      ; 0.420      ;
; 0.300 ; Ad9233SpiInit:U1_ad9233_spi_init|half_count[6]     ; Ad9233SpiInit:U1_ad9233_spi_init|half_count[6]     ; clk_50m      ; clk_50m     ; 0.000        ; 0.036      ; 0.420      ;
; 0.300 ; Ad9233SpiInit:U1_ad9233_spi_init|half_count[2]     ; Ad9233SpiInit:U1_ad9233_spi_init|half_count[2]     ; clk_50m      ; clk_50m     ; 0.000        ; 0.036      ; 0.420      ;
; 0.301 ; Ad9233SpiInit:U1_ad9233_spi_init|half_count[4]     ; Ad9233SpiInit:U1_ad9233_spi_init|half_count[4]     ; clk_50m      ; clk_50m     ; 0.000        ; 0.036      ; 0.421      ;
; 0.305 ; Ad9233SpiInit:U1_ad9233_spi_init|startup_count[5]  ; Ad9233SpiInit:U1_ad9233_spi_init|startup_count[5]  ; clk_50m      ; clk_50m     ; 0.000        ; 0.037      ; 0.426      ;
; 0.307 ; Ad9233SpiInit:U1_ad9233_spi_init|startup_count[22] ; Ad9233SpiInit:U1_ad9233_spi_init|startup_count[22] ; clk_50m      ; clk_50m     ; 0.000        ; 0.037      ; 0.428      ;
; 0.309 ; Ad9233SpiInit:U1_ad9233_spi_init|half_count[0]     ; Ad9233SpiInit:U1_ad9233_spi_init|half_count[0]     ; clk_50m      ; clk_50m     ; 0.000        ; 0.036      ; 0.429      ;
; 0.310 ; Ad9233SpiInit:U1_ad9233_spi_init|startup_count[0]  ; Ad9233SpiInit:U1_ad9233_spi_init|startup_count[0]  ; clk_50m      ; clk_50m     ; 0.000        ; 0.037      ; 0.431      ;
; 0.315 ; Ad9233SpiInit:U1_ad9233_spi_init|frame_index[1]    ; Ad9233SpiInit:U1_ad9233_spi_init|frame_index[2]    ; clk_50m      ; clk_50m     ; 0.000        ; 0.037      ; 0.436      ;
; 0.320 ; Ad9233SpiInit:U1_ad9233_spi_init|frame_index[0]    ; Ad9233SpiInit:U1_ad9233_spi_init|frame_index[1]    ; clk_50m      ; clk_50m     ; 0.000        ; 0.037      ; 0.441      ;
; 0.350 ; Ad9233SpiInit:U1_ad9233_spi_init|state.STATE_WAIT  ; Ad9233SpiInit:U1_ad9233_spi_init|frame_index[1]    ; clk_50m      ; clk_50m     ; 0.000        ; 0.037      ; 0.471      ;
; 0.359 ; Ad9233SpiInit:U1_ad9233_spi_init|bit_index[1]      ; Ad9233SpiInit:U1_ad9233_spi_init|state.STATE_GAP   ; clk_50m      ; clk_50m     ; 0.000        ; 0.037      ; 0.480      ;
; 0.363 ; Ad9233SpiInit:U1_ad9233_spi_init|shift_data[18]    ; Ad9233SpiInit:U1_ad9233_spi_init|shift_data[19]    ; clk_50m      ; clk_50m     ; 0.000        ; 0.037      ; 0.484      ;
; 0.377 ; Ad9233SpiInit:U1_ad9233_spi_init|state.STATE_LOW   ; Ad9233SpiInit:U1_ad9233_spi_init|state.STATE_HIGH  ; clk_50m      ; clk_50m     ; 0.000        ; 0.037      ; 0.498      ;
; 0.414 ; adc_pll_lock_sync[1]                               ; Ad9233SpiInit:U1_ad9233_spi_init|state.STATE_WAIT  ; clk_50m      ; clk_50m     ; 0.000        ; 0.036      ; 0.534      ;
; 0.415 ; Ad9233SpiInit:U1_ad9233_spi_init|bit_index[4]      ; Ad9233SpiInit:U1_ad9233_spi_init|state.STATE_GAP   ; clk_50m      ; clk_50m     ; 0.000        ; 0.037      ; 0.536      ;
; 0.421 ; Ad9233SpiInit:U1_ad9233_spi_init|bit_index[0]      ; Ad9233SpiInit:U1_ad9233_spi_init|spi_sclk          ; clk_50m      ; clk_50m     ; 0.000        ; 0.037      ; 0.542      ;
; 0.433 ; Ad9233SpiInit:U1_ad9233_spi_init|state.STATE_HIGH  ; Ad9233SpiInit:U1_ad9233_spi_init|shift_data[17]    ; clk_50m      ; clk_50m     ; 0.000        ; 0.035      ; 0.552      ;
; 0.434 ; Ad9233SpiInit:U1_ad9233_spi_init|state.STATE_HIGH  ; Ad9233SpiInit:U1_ad9233_spi_init|shift_data[18]    ; clk_50m      ; clk_50m     ; 0.000        ; 0.035      ; 0.553      ;
; 0.436 ; Ad9233SpiInit:U1_ad9233_spi_init|state.STATE_HIGH  ; Ad9233SpiInit:U1_ad9233_spi_init|shift_data[13]    ; clk_50m      ; clk_50m     ; 0.000        ; 0.035      ; 0.555      ;
; 0.437 ; Ad9233SpiInit:U1_ad9233_spi_init|state.STATE_HIGH  ; Ad9233SpiInit:U1_ad9233_spi_init|shift_data[14]    ; clk_50m      ; clk_50m     ; 0.000        ; 0.035      ; 0.556      ;
; 0.437 ; Ad9233SpiInit:U1_ad9233_spi_init|state.STATE_HIGH  ; Ad9233SpiInit:U1_ad9233_spi_init|shift_data[1]     ; clk_50m      ; clk_50m     ; 0.000        ; 0.036      ; 0.557      ;
; 0.438 ; Ad9233SpiInit:U1_ad9233_spi_init|state.STATE_HIGH  ; Ad9233SpiInit:U1_ad9233_spi_init|shift_data[22]    ; clk_50m      ; clk_50m     ; 0.000        ; 0.036      ; 0.558      ;
; 0.439 ; Ad9233SpiInit:U1_ad9233_spi_init|state.STATE_HIGH  ; Ad9233SpiInit:U1_ad9233_spi_init|shift_data[21]    ; clk_50m      ; clk_50m     ; 0.000        ; 0.036      ; 0.559      ;
; 0.440 ; Ad9233SpiInit:U1_ad9233_spi_init|state.STATE_HIGH  ; Ad9233SpiInit:U1_ad9233_spi_init|shift_data[20]    ; clk_50m      ; clk_50m     ; 0.000        ; 0.036      ; 0.560      ;
; 0.441 ; Ad9233SpiInit:U1_ad9233_spi_init|state.STATE_HIGH  ; Ad9233SpiInit:U1_ad9233_spi_init|shift_data[15]    ; clk_50m      ; clk_50m     ; 0.000        ; 0.035      ; 0.560      ;
; 0.442 ; Ad9233SpiInit:U1_ad9233_spi_init|state.STATE_HIGH  ; Ad9233SpiInit:U1_ad9233_spi_init|shift_data[4]     ; clk_50m      ; clk_50m     ; 0.000        ; 0.036      ; 0.562      ;
; 0.443 ; Ad9233SpiInit:U1_ad9233_spi_init|state.STATE_HIGH  ; Ad9233SpiInit:U1_ad9233_spi_init|shift_data[2]     ; clk_50m      ; clk_50m     ; 0.000        ; 0.036      ; 0.563      ;
; 0.443 ; Ad9233SpiInit:U1_ad9233_spi_init|state.STATE_HIGH  ; Ad9233SpiInit:U1_ad9233_spi_init|shift_data[16]    ; clk_50m      ; clk_50m     ; 0.000        ; 0.035      ; 0.562      ;
; 0.443 ; Ad9233SpiInit:U1_ad9233_spi_init|startup_count[11] ; Ad9233SpiInit:U1_ad9233_spi_init|startup_count[12] ; clk_50m      ; clk_50m     ; 0.000        ; 0.038      ; 0.565      ;
; 0.445 ; Ad9233SpiInit:U1_ad9233_spi_init|state.STATE_HIGH  ; Ad9233SpiInit:U1_ad9233_spi_init|shift_data[3]     ; clk_50m      ; clk_50m     ; 0.000        ; 0.036      ; 0.565      ;
; 0.445 ; Ad9233SpiInit:U1_ad9233_spi_init|startup_count[13] ; Ad9233SpiInit:U1_ad9233_spi_init|startup_count[14] ; clk_50m      ; clk_50m     ; 0.000        ; 0.037      ; 0.566      ;
; 0.445 ; Ad9233SpiInit:U1_ad9233_spi_init|startup_count[9]  ; Ad9233SpiInit:U1_ad9233_spi_init|startup_count[10] ; clk_50m      ; clk_50m     ; 0.000        ; 0.037      ; 0.566      ;
; 0.446 ; Ad9233SpiInit:U1_ad9233_spi_init|startup_count[7]  ; Ad9233SpiInit:U1_ad9233_spi_init|startup_count[8]  ; clk_50m      ; clk_50m     ; 0.000        ; 0.037      ; 0.567      ;
; 0.446 ; Ad9233SpiInit:U1_ad9233_spi_init|startup_count[17] ; Ad9233SpiInit:U1_ad9233_spi_init|startup_count[18] ; clk_50m      ; clk_50m     ; 0.000        ; 0.037      ; 0.567      ;
; 0.446 ; Ad9233SpiInit:U1_ad9233_spi_init|startup_count[15] ; Ad9233SpiInit:U1_ad9233_spi_init|startup_count[16] ; clk_50m      ; clk_50m     ; 0.000        ; 0.037      ; 0.567      ;
; 0.447 ; Ad9233SpiInit:U1_ad9233_spi_init|startup_count[1]  ; Ad9233SpiInit:U1_ad9233_spi_init|startup_count[2]  ; clk_50m      ; clk_50m     ; 0.000        ; 0.037      ; 0.568      ;
; 0.447 ; Ad9233SpiInit:U1_ad9233_spi_init|startup_count[3]  ; Ad9233SpiInit:U1_ad9233_spi_init|startup_count[4]  ; clk_50m      ; clk_50m     ; 0.000        ; 0.037      ; 0.568      ;
; 0.447 ; Ad9233SpiInit:U1_ad9233_spi_init|startup_count[19] ; Ad9233SpiInit:U1_ad9233_spi_init|startup_count[20] ; clk_50m      ; clk_50m     ; 0.000        ; 0.037      ; 0.568      ;
+-------+----------------------------------------------------+----------------------------------------------------+--------------+-------------+--------------+------------+------------+


+---------------------------------------------------------------------------------------------------------------------------------------------------------------------------------------------------+
; Fast 1200mV 0C Model Hold: 'mcu_spi_sck'                                                                                                                                                          ;
+-------+----------------------------------------------------------+----------------------------------------------------------+--------------+-------------+--------------+------------+------------+
; Slack ; From Node                                                ; To Node                                                  ; Launch Clock ; Latch Clock ; Relationship ; Clock Skew ; Data Delay ;
+-------+----------------------------------------------------------+----------------------------------------------------------+--------------+-------------+--------------+------------+------------+
; 0.199 ; AnalyzerSpiSlave:U3_analyzer_spi|rx_bit_count[2]         ; AnalyzerSpiSlave:U3_analyzer_spi|rx_bit_count[2]         ; mcu_spi_sck  ; mcu_spi_sck ; 0.000        ; 0.024      ; 0.307      ;
; 0.199 ; AnalyzerSpiSlave:U3_analyzer_spi|rx_bit_count[1]         ; AnalyzerSpiSlave:U3_analyzer_spi|rx_bit_count[1]         ; mcu_spi_sck  ; mcu_spi_sck ; 0.000        ; 0.024      ; 0.307      ;
; 0.199 ; AnalyzerSpiSlave:U3_analyzer_spi|rx_ignore               ; AnalyzerSpiSlave:U3_analyzer_spi|rx_ignore               ; mcu_spi_sck  ; mcu_spi_sck ; 0.000        ; 0.024      ; 0.307      ;
; 0.199 ; AnalyzerSpiSlave:U3_analyzer_spi|rx_bit_count[3]         ; AnalyzerSpiSlave:U3_analyzer_spi|rx_bit_count[3]         ; mcu_spi_sck  ; mcu_spi_sck ; 0.000        ; 0.024      ; 0.307      ;
; 0.199 ; AnalyzerSpiSlave:U3_analyzer_spi|request_sync_valid      ; AnalyzerSpiSlave:U3_analyzer_spi|request_sync_valid      ; mcu_spi_sck  ; mcu_spi_sck ; 0.000        ; 0.024      ; 0.307      ;
; 0.199 ; AnalyzerSpiSlave:U3_analyzer_spi|crc_error_count[0]      ; AnalyzerSpiSlave:U3_analyzer_spi|crc_error_count[0]      ; mcu_spi_sck  ; mcu_spi_sck ; 0.000        ; 0.024      ; 0.307      ;
; 0.199 ; AnalyzerSpiSlave:U3_analyzer_spi|arm_toggle              ; AnalyzerSpiSlave:U3_analyzer_spi|arm_toggle              ; mcu_spi_sck  ; mcu_spi_sck ; 0.000        ; 0.024      ; 0.307      ;
; 0.201 ; AnalyzerSpiSlave:U3_analyzer_spi|tx_bits_remaining[4]    ; AnalyzerSpiSlave:U3_analyzer_spi|tx_bits_remaining[4]    ; mcu_spi_sck  ; mcu_spi_sck ; 0.000        ; 0.022      ; 0.307      ;
; 0.201 ; AnalyzerSpiSlave:U3_analyzer_spi|tx_active               ; AnalyzerSpiSlave:U3_analyzer_spi|tx_active               ; mcu_spi_sck  ; mcu_spi_sck ; 0.000        ; 0.022      ; 0.307      ;
; 0.201 ; AnalyzerSpiSlave:U3_analyzer_spi|tx_shift[0]             ; AnalyzerSpiSlave:U3_analyzer_spi|tx_shift[0]             ; mcu_spi_sck  ; mcu_spi_sck ; 0.000        ; 0.022      ; 0.307      ;
; 0.201 ; AnalyzerSpiSlave:U3_analyzer_spi|status_sync_1[0]        ; AnalyzerSpiSlave:U3_analyzer_spi|status_sync_2[0]        ; mcu_spi_sck  ; mcu_spi_sck ; 0.000        ; 0.029      ; 0.314      ;
; 0.201 ; AnalyzerSpiSlave:U3_analyzer_spi|status_sync_0[0]        ; AnalyzerSpiSlave:U3_analyzer_spi|status_sync_1[0]        ; mcu_spi_sck  ; mcu_spi_sck ; 0.000        ; 0.029      ; 0.314      ;
; 0.202 ; AnalyzerSpiSlave:U3_analyzer_spi|status_sync_1[3]        ; AnalyzerSpiSlave:U3_analyzer_spi|status_sync_2[3]        ; mcu_spi_sck  ; mcu_spi_sck ; 0.000        ; 0.029      ; 0.315      ;
; 0.204 ; AnalyzerSpiSlave:U3_analyzer_spi|ready_sync[0]           ; AnalyzerSpiSlave:U3_analyzer_spi|ready_sync[1]           ; mcu_spi_sck  ; mcu_spi_sck ; 0.000        ; 0.028      ; 0.316      ;
; 0.206 ; AnalyzerSpiSlave:U3_analyzer_spi|rx_bit_count[0]         ; AnalyzerSpiSlave:U3_analyzer_spi|rx_bit_count[0]         ; mcu_spi_sck  ; mcu_spi_sck ; 0.000        ; 0.024      ; 0.314      ;
; 0.206 ; AnalyzerSpiSlave:U3_analyzer_spi|response_toggle         ; AnalyzerSpiSlave:U3_analyzer_spi|response_toggle         ; mcu_spi_sck  ; mcu_spi_sck ; 0.000        ; 0.024      ; 0.314      ;
; 0.215 ; AnalyzerSpiSlave:U3_analyzer_spi|request_word_index.01   ; AnalyzerSpiSlave:U3_analyzer_spi|request_word_index.10   ; mcu_spi_sck  ; mcu_spi_sck ; 0.000        ; 0.026      ; 0.325      ;
; 0.243 ; AnalyzerSpiSlave:U3_analyzer_spi|request_command[0]      ; AnalyzerSpiSlave:U3_analyzer_spi|response_read_latched   ; mcu_spi_sck  ; mcu_spi_sck ; 0.000        ; 0.059      ; 0.386      ;
; 0.265 ; AnalyzerSpiSlave:U3_analyzer_spi|tx_shift[5]             ; AnalyzerSpiSlave:U3_analyzer_spi|tx_shift[6]             ; mcu_spi_sck  ; mcu_spi_sck ; 0.000        ; 0.024      ; 0.373      ;
; 0.265 ; AnalyzerSpiSlave:U3_analyzer_spi|tx_shift[2]             ; AnalyzerSpiSlave:U3_analyzer_spi|tx_shift[3]             ; mcu_spi_sck  ; mcu_spi_sck ; 0.000        ; 0.024      ; 0.373      ;
; 0.266 ; AnalyzerSpiSlave:U3_analyzer_spi|tx_shift[12]            ; AnalyzerSpiSlave:U3_analyzer_spi|tx_shift[13]            ; mcu_spi_sck  ; mcu_spi_sck ; 0.000        ; 0.023      ; 0.373      ;
; 0.266 ; AnalyzerSpiSlave:U3_analyzer_spi|tx_shift[7]             ; AnalyzerSpiSlave:U3_analyzer_spi|tx_shift[8]             ; mcu_spi_sck  ; mcu_spi_sck ; 0.000        ; 0.023      ; 0.373      ;
; 0.275 ; AnalyzerSpiSlave:U3_analyzer_spi|status_sync_0[3]        ; AnalyzerSpiSlave:U3_analyzer_spi|status_sync_1[3]        ; mcu_spi_sck  ; mcu_spi_sck ; 0.000        ; 0.029      ; 0.388      ;
; 0.275 ; AnalyzerSpiSlave:U3_analyzer_spi|status_sync_1[2]        ; AnalyzerSpiSlave:U3_analyzer_spi|status_sync_2[2]        ; mcu_spi_sck  ; mcu_spi_sck ; 0.000        ; 0.028      ; 0.387      ;
; 0.277 ; AnalyzerSpiSlave:U3_analyzer_spi|request_word_index.10   ; AnalyzerSpiSlave:U3_analyzer_spi|request_word_index.11   ; mcu_spi_sck  ; mcu_spi_sck ; 0.000        ; 0.026      ; 0.387      ;
; 0.279 ; AnalyzerSpiSlave:U3_analyzer_spi|tx_active               ; AnalyzerSpiSlave:U3_analyzer_spi|spi_miso                ; mcu_spi_sck  ; mcu_spi_sck ; 0.000        ; 0.025      ; 0.388      ;
; 0.279 ; AnalyzerSpiSlave:U3_analyzer_spi|tx_shift[4]             ; AnalyzerSpiSlave:U3_analyzer_spi|tx_shift[5]             ; mcu_spi_sck  ; mcu_spi_sck ; 0.000        ; 0.024      ; 0.387      ;
; 0.279 ; AnalyzerSpiSlave:U3_analyzer_spi|crc_error_count[15]     ; AnalyzerSpiSlave:U3_analyzer_spi|crc_error_count[15]     ; mcu_spi_sck  ; mcu_spi_sck ; 0.000        ; 0.024      ; 0.387      ;
; 0.279 ; AnalyzerSpiSlave:U3_analyzer_spi|request_word_index.11   ; AnalyzerSpiSlave:U3_analyzer_spi|request_word_index.00   ; mcu_spi_sck  ; mcu_spi_sck ; 0.000        ; 0.026      ; 0.389      ;
; 0.281 ; AnalyzerSpiSlave:U3_analyzer_spi|tx_shift[13]            ; AnalyzerSpiSlave:U3_analyzer_spi|tx_shift[14]            ; mcu_spi_sck  ; mcu_spi_sck ; 0.000        ; 0.023      ; 0.388      ;
; 0.281 ; AnalyzerSpiSlave:U3_analyzer_spi|tx_shift[10]            ; AnalyzerSpiSlave:U3_analyzer_spi|tx_shift[11]            ; mcu_spi_sck  ; mcu_spi_sck ; 0.000        ; 0.023      ; 0.388      ;
; 0.281 ; AnalyzerSpiSlave:U3_analyzer_spi|tx_shift[3]             ; AnalyzerSpiSlave:U3_analyzer_spi|tx_shift[4]             ; mcu_spi_sck  ; mcu_spi_sck ; 0.000        ; 0.024      ; 0.389      ;
; 0.281 ; AnalyzerSpiSlave:U3_analyzer_spi|tx_shift[1]             ; AnalyzerSpiSlave:U3_analyzer_spi|tx_shift[2]             ; mcu_spi_sck  ; mcu_spi_sck ; 0.000        ; 0.024      ; 0.389      ;
; 0.281 ; AnalyzerSpiSlave:U3_analyzer_spi|request_word_index.00   ; AnalyzerSpiSlave:U3_analyzer_spi|request_word_index.01   ; mcu_spi_sck  ; mcu_spi_sck ; 0.000        ; 0.026      ; 0.391      ;
; 0.283 ; AnalyzerSpiSlave:U3_analyzer_spi|tx_shift[8]             ; AnalyzerSpiSlave:U3_analyzer_spi|tx_shift[9]             ; mcu_spi_sck  ; mcu_spi_sck ; 0.000        ; 0.023      ; 0.390      ;
; 0.285 ; AnalyzerSpiSlave:U3_analyzer_spi|request_command[1]      ; AnalyzerSpiSlave:U3_analyzer_spi|response_read_latched   ; mcu_spi_sck  ; mcu_spi_sck ; 0.000        ; 0.059      ; 0.428      ;
; 0.292 ; AnalyzerSpiSlave:U3_analyzer_spi|rx_shift[2]             ; AnalyzerSpiSlave:U3_analyzer_spi|rx_shift[3]             ; mcu_spi_sck  ; mcu_spi_sck ; 0.000        ; 0.027      ; 0.403      ;
; 0.307 ; AnalyzerSpiSlave:U3_analyzer_spi|rx_ignore               ; AnalyzerSpiSlave:U3_analyzer_spi|rx_bit_count[3]         ; mcu_spi_sck  ; mcu_spi_sck ; 0.000        ; 0.027      ; 0.418      ;
; 0.311 ; AnalyzerSpiSlave:U3_analyzer_spi|rx_ignore               ; AnalyzerSpiSlave:U3_analyzer_spi|rx_bit_count[1]         ; mcu_spi_sck  ; mcu_spi_sck ; 0.000        ; 0.027      ; 0.422      ;
; 0.311 ; AnalyzerSpiSlave:U3_analyzer_spi|crc_error_count[12]     ; AnalyzerSpiSlave:U3_analyzer_spi|crc_error_count[12]     ; mcu_spi_sck  ; mcu_spi_sck ; 0.000        ; 0.024      ; 0.419      ;
; 0.311 ; AnalyzerSpiSlave:U3_analyzer_spi|crc_error_count[14]     ; AnalyzerSpiSlave:U3_analyzer_spi|crc_error_count[14]     ; mcu_spi_sck  ; mcu_spi_sck ; 0.000        ; 0.024      ; 0.419      ;
; 0.312 ; AnalyzerSpiSlave:U3_analyzer_spi|response_word_index[5]  ; AnalyzerSpiSlave:U3_analyzer_spi|response_word_index[5]  ; mcu_spi_sck  ; mcu_spi_sck ; 0.000        ; 0.022      ; 0.418      ;
; 0.312 ; AnalyzerSpiSlave:U3_analyzer_spi|response_word_index[9]  ; AnalyzerSpiSlave:U3_analyzer_spi|response_word_index[9]  ; mcu_spi_sck  ; mcu_spi_sck ; 0.000        ; 0.022      ; 0.418      ;
; 0.312 ; AnalyzerSpiSlave:U3_analyzer_spi|response_word_index[10] ; AnalyzerSpiSlave:U3_analyzer_spi|response_word_index[10] ; mcu_spi_sck  ; mcu_spi_sck ; 0.000        ; 0.022      ; 0.418      ;
; 0.312 ; AnalyzerSpiSlave:U3_analyzer_spi|response_word_index[11] ; AnalyzerSpiSlave:U3_analyzer_spi|response_word_index[11] ; mcu_spi_sck  ; mcu_spi_sck ; 0.000        ; 0.022      ; 0.418      ;
; 0.312 ; AnalyzerSpiSlave:U3_analyzer_spi|ram_read_address[1]     ; AnalyzerSpiSlave:U3_analyzer_spi|ram_read_address[1]     ; mcu_spi_sck  ; mcu_spi_sck ; 0.000        ; 0.022      ; 0.418      ;
; 0.313 ; AnalyzerSpiSlave:U3_analyzer_spi|response_word_index[7]  ; AnalyzerSpiSlave:U3_analyzer_spi|response_word_index[7]  ; mcu_spi_sck  ; mcu_spi_sck ; 0.000        ; 0.022      ; 0.419      ;
; 0.313 ; AnalyzerSpiSlave:U3_analyzer_spi|ram_read_address[5]     ; AnalyzerSpiSlave:U3_analyzer_spi|ram_read_address[5]     ; mcu_spi_sck  ; mcu_spi_sck ; 0.000        ; 0.022      ; 0.419      ;
; 0.313 ; AnalyzerSpiSlave:U3_analyzer_spi|rx_ignore               ; AnalyzerSpiSlave:U3_analyzer_spi|rx_bit_count[2]         ; mcu_spi_sck  ; mcu_spi_sck ; 0.000        ; 0.027      ; 0.424      ;
; 0.313 ; AnalyzerSpiSlave:U3_analyzer_spi|crc_error_count[13]     ; AnalyzerSpiSlave:U3_analyzer_spi|crc_error_count[13]     ; mcu_spi_sck  ; mcu_spi_sck ; 0.000        ; 0.024      ; 0.421      ;
; 0.314 ; AnalyzerSpiSlave:U3_analyzer_spi|response_word_index[4]  ; AnalyzerSpiSlave:U3_analyzer_spi|response_word_index[4]  ; mcu_spi_sck  ; mcu_spi_sck ; 0.000        ; 0.022      ; 0.420      ;
; 0.314 ; AnalyzerSpiSlave:U3_analyzer_spi|response_word_index[8]  ; AnalyzerSpiSlave:U3_analyzer_spi|response_word_index[8]  ; mcu_spi_sck  ; mcu_spi_sck ; 0.000        ; 0.022      ; 0.420      ;
; 0.315 ; AnalyzerSpiSlave:U3_analyzer_spi|rx_shift[9]             ; AnalyzerSpiSlave:U3_analyzer_spi|rx_shift[10]            ; mcu_spi_sck  ; mcu_spi_sck ; 0.000        ; 0.027      ; 0.426      ;
; 0.317 ; AnalyzerSpiSlave:U3_analyzer_spi|rx_bit_count[3]         ; AnalyzerSpiSlave:U3_analyzer_spi|rx_ignore               ; mcu_spi_sck  ; mcu_spi_sck ; 0.000        ; 0.027      ; 0.428      ;
; 0.317 ; AnalyzerSpiSlave:U3_analyzer_spi|crc_error_count[2]      ; AnalyzerSpiSlave:U3_analyzer_spi|crc_error_count[2]      ; mcu_spi_sck  ; mcu_spi_sck ; 0.000        ; 0.024      ; 0.425      ;
; 0.317 ; AnalyzerSpiSlave:U3_analyzer_spi|crc_error_count[4]      ; AnalyzerSpiSlave:U3_analyzer_spi|crc_error_count[4]      ; mcu_spi_sck  ; mcu_spi_sck ; 0.000        ; 0.024      ; 0.425      ;
; 0.317 ; AnalyzerSpiSlave:U3_analyzer_spi|crc_error_count[6]      ; AnalyzerSpiSlave:U3_analyzer_spi|crc_error_count[6]      ; mcu_spi_sck  ; mcu_spi_sck ; 0.000        ; 0.024      ; 0.425      ;
; 0.318 ; AnalyzerSpiSlave:U3_analyzer_spi|ram_read_address[11]    ; AnalyzerSpiSlave:U3_analyzer_spi|ram_read_address[11]    ; mcu_spi_sck  ; mcu_spi_sck ; 0.000        ; 0.022      ; 0.424      ;
; 0.318 ; AnalyzerSpiSlave:U3_analyzer_spi|crc_error_count[7]      ; AnalyzerSpiSlave:U3_analyzer_spi|crc_error_count[7]      ; mcu_spi_sck  ; mcu_spi_sck ; 0.000        ; 0.024      ; 0.426      ;
; 0.318 ; AnalyzerSpiSlave:U3_analyzer_spi|crc_error_count[8]      ; AnalyzerSpiSlave:U3_analyzer_spi|crc_error_count[8]      ; mcu_spi_sck  ; mcu_spi_sck ; 0.000        ; 0.024      ; 0.426      ;
; 0.318 ; AnalyzerSpiSlave:U3_analyzer_spi|crc_error_count[10]     ; AnalyzerSpiSlave:U3_analyzer_spi|crc_error_count[10]     ; mcu_spi_sck  ; mcu_spi_sck ; 0.000        ; 0.024      ; 0.426      ;
; 0.319 ; AnalyzerSpiSlave:U3_analyzer_spi|response_word_index[3]  ; AnalyzerSpiSlave:U3_analyzer_spi|response_word_index[3]  ; mcu_spi_sck  ; mcu_spi_sck ; 0.000        ; 0.022      ; 0.425      ;
; 0.319 ; AnalyzerSpiSlave:U3_analyzer_spi|response_word_index[12] ; AnalyzerSpiSlave:U3_analyzer_spi|response_word_index[12] ; mcu_spi_sck  ; mcu_spi_sck ; 0.000        ; 0.022      ; 0.425      ;
; 0.319 ; AnalyzerSpiSlave:U3_analyzer_spi|ram_read_address[7]     ; AnalyzerSpiSlave:U3_analyzer_spi|ram_read_address[7]     ; mcu_spi_sck  ; mcu_spi_sck ; 0.000        ; 0.022      ; 0.425      ;
; 0.319 ; AnalyzerSpiSlave:U3_analyzer_spi|ram_read_address[9]     ; AnalyzerSpiSlave:U3_analyzer_spi|ram_read_address[9]     ; mcu_spi_sck  ; mcu_spi_sck ; 0.000        ; 0.022      ; 0.425      ;
; 0.319 ; AnalyzerSpiSlave:U3_analyzer_spi|crc_error_count[3]      ; AnalyzerSpiSlave:U3_analyzer_spi|crc_error_count[3]      ; mcu_spi_sck  ; mcu_spi_sck ; 0.000        ; 0.024      ; 0.427      ;
; 0.319 ; AnalyzerSpiSlave:U3_analyzer_spi|crc_error_count[5]      ; AnalyzerSpiSlave:U3_analyzer_spi|crc_error_count[5]      ; mcu_spi_sck  ; mcu_spi_sck ; 0.000        ; 0.024      ; 0.427      ;
; 0.319 ; AnalyzerSpiSlave:U3_analyzer_spi|crc_error_count[9]      ; AnalyzerSpiSlave:U3_analyzer_spi|crc_error_count[9]      ; mcu_spi_sck  ; mcu_spi_sck ; 0.000        ; 0.024      ; 0.427      ;
; 0.320 ; AnalyzerSpiSlave:U3_analyzer_spi|response_word_index[1]  ; AnalyzerSpiSlave:U3_analyzer_spi|response_word_index[1]  ; mcu_spi_sck  ; mcu_spi_sck ; 0.000        ; 0.022      ; 0.426      ;
; 0.320 ; AnalyzerSpiSlave:U3_analyzer_spi|response_word_index[2]  ; AnalyzerSpiSlave:U3_analyzer_spi|response_word_index[2]  ; mcu_spi_sck  ; mcu_spi_sck ; 0.000        ; 0.022      ; 0.426      ;
; 0.320 ; AnalyzerSpiSlave:U3_analyzer_spi|ram_read_address[2]     ; AnalyzerSpiSlave:U3_analyzer_spi|ram_read_address[2]     ; mcu_spi_sck  ; mcu_spi_sck ; 0.000        ; 0.022      ; 0.426      ;
; 0.320 ; AnalyzerSpiSlave:U3_analyzer_spi|ram_read_address[3]     ; AnalyzerSpiSlave:U3_analyzer_spi|ram_read_address[3]     ; mcu_spi_sck  ; mcu_spi_sck ; 0.000        ; 0.022      ; 0.426      ;
; 0.320 ; AnalyzerSpiSlave:U3_analyzer_spi|crc_error_count[11]     ; AnalyzerSpiSlave:U3_analyzer_spi|crc_error_count[11]     ; mcu_spi_sck  ; mcu_spi_sck ; 0.000        ; 0.024      ; 0.428      ;
; 0.321 ; AnalyzerSpiSlave:U3_analyzer_spi|response_word_index[6]  ; AnalyzerSpiSlave:U3_analyzer_spi|response_word_index[6]  ; mcu_spi_sck  ; mcu_spi_sck ; 0.000        ; 0.022      ; 0.427      ;
; 0.321 ; AnalyzerSpiSlave:U3_analyzer_spi|ram_read_address[4]     ; AnalyzerSpiSlave:U3_analyzer_spi|ram_read_address[4]     ; mcu_spi_sck  ; mcu_spi_sck ; 0.000        ; 0.022      ; 0.427      ;
; 0.321 ; AnalyzerSpiSlave:U3_analyzer_spi|ram_read_address[10]    ; AnalyzerSpiSlave:U3_analyzer_spi|ram_read_address[10]    ; mcu_spi_sck  ; mcu_spi_sck ; 0.000        ; 0.022      ; 0.427      ;
; 0.322 ; AnalyzerSpiSlave:U3_analyzer_spi|ram_read_address[6]     ; AnalyzerSpiSlave:U3_analyzer_spi|ram_read_address[6]     ; mcu_spi_sck  ; mcu_spi_sck ; 0.000        ; 0.022      ; 0.428      ;
; 0.322 ; AnalyzerSpiSlave:U3_analyzer_spi|ram_read_address[8]     ; AnalyzerSpiSlave:U3_analyzer_spi|ram_read_address[8]     ; mcu_spi_sck  ; mcu_spi_sck ; 0.000        ; 0.022      ; 0.428      ;
; 0.323 ; AnalyzerSpiSlave:U3_analyzer_spi|crc_error_count[1]      ; AnalyzerSpiSlave:U3_analyzer_spi|crc_error_count[1]      ; mcu_spi_sck  ; mcu_spi_sck ; 0.000        ; 0.024      ; 0.431      ;
; 0.326 ; AnalyzerSpiSlave:U3_analyzer_spi|ram_read_address[0]     ; AnalyzerSpiSlave:U3_analyzer_spi|ram_read_address[0]     ; mcu_spi_sck  ; mcu_spi_sck ; 0.000        ; 0.022      ; 0.432      ;
; 0.329 ; AnalyzerSpiSlave:U3_analyzer_spi|response_word_index[0]  ; AnalyzerSpiSlave:U3_analyzer_spi|response_word_index[0]  ; mcu_spi_sck  ; mcu_spi_sck ; 0.000        ; 0.022      ; 0.435      ;
; 0.329 ; AnalyzerSpiSlave:U3_analyzer_spi|tx_shift[14]            ; AnalyzerSpiSlave:U3_analyzer_spi|tx_shift[15]            ; mcu_spi_sck  ; mcu_spi_sck ; 0.000        ; 0.023      ; 0.436      ;
; 0.334 ; AnalyzerSpiSlave:U3_analyzer_spi|request_crc[11]         ; AnalyzerSpiSlave:U3_analyzer_spi|request_crc[15]         ; mcu_spi_sck  ; mcu_spi_sck ; 0.000        ; 0.191      ; 0.609      ;
; 0.337 ; AnalyzerSpiSlave:U3_analyzer_spi|rx_bit_count[1]         ; AnalyzerSpiSlave:U3_analyzer_spi|rx_bit_count[2]         ; mcu_spi_sck  ; mcu_spi_sck ; 0.000        ; 0.027      ; 0.448      ;
; 0.339 ; AnalyzerSpiSlave:U3_analyzer_spi|rx_shift[2]             ; AnalyzerSpiSlave:U3_analyzer_spi|request_command[3]      ; mcu_spi_sck  ; mcu_spi_sck ; 0.000        ; 0.080      ; 0.503      ;
; 0.341 ; AnalyzerSpiSlave:U3_analyzer_spi|tx_shift[9]             ; AnalyzerSpiSlave:U3_analyzer_spi|tx_shift[10]            ; mcu_spi_sck  ; mcu_spi_sck ; 0.000        ; 0.023      ; 0.448      ;
; 0.345 ; AnalyzerSpiSlave:U3_analyzer_spi|rx_shift[11]            ; AnalyzerSpiSlave:U3_analyzer_spi|request_command[12]     ; mcu_spi_sck  ; mcu_spi_sck ; 0.000        ; 0.080      ; 0.509      ;
; 0.370 ; AnalyzerSpiSlave:U3_analyzer_spi|request_crc[12]         ; AnalyzerSpiSlave:U3_analyzer_spi|request_crc[8]          ; mcu_spi_sck  ; mcu_spi_sck ; 0.000        ; 0.029      ; 0.483      ;
; 0.397 ; AnalyzerSpiSlave:U3_analyzer_spi|ready_sync[1]           ; AnalyzerSpiSlave:U3_analyzer_spi|flags_latched[3]        ; mcu_spi_sck  ; mcu_spi_sck ; 0.000        ; 0.089      ; 0.570      ;
; 0.402 ; AnalyzerSpiSlave:U3_analyzer_spi|tx_active               ; AnalyzerSpiSlave:U3_analyzer_spi|tx_bits_remaining[4]    ; mcu_spi_sck  ; mcu_spi_sck ; 0.000        ; 0.025      ; 0.511      ;
; 0.402 ; AnalyzerSpiSlave:U3_analyzer_spi|request_crc[7]          ; AnalyzerSpiSlave:U3_analyzer_spi|request_crc[15]         ; mcu_spi_sck  ; mcu_spi_sck ; 0.000        ; 0.191      ; 0.677      ;
; 0.403 ; AnalyzerSpiSlave:U3_analyzer_spi|status_sync_0[1]        ; AnalyzerSpiSlave:U3_analyzer_spi|status_sync_1[1]        ; mcu_spi_sck  ; mcu_spi_sck ; 0.000        ; 0.141      ; 0.628      ;
; 0.408 ; AnalyzerSpiSlave:U3_analyzer_spi|rx_shift[4]             ; AnalyzerSpiSlave:U3_analyzer_spi|request_command[5]      ; mcu_spi_sck  ; mcu_spi_sck ; 0.000        ; 0.080      ; 0.572      ;
; 0.412 ; AnalyzerSpiSlave:U3_analyzer_spi|rx_shift[7]             ; AnalyzerSpiSlave:U3_analyzer_spi|request_command[8]      ; mcu_spi_sck  ; mcu_spi_sck ; 0.000        ; 0.080      ; 0.576      ;
; 0.417 ; AnalyzerSpiSlave:U3_analyzer_spi|rx_shift[5]             ; AnalyzerSpiSlave:U3_analyzer_spi|rx_shift[6]             ; mcu_spi_sck  ; mcu_spi_sck ; 0.000        ; -0.027     ; 0.474      ;
; 0.419 ; AnalyzerSpiSlave:U3_analyzer_spi|rx_shift[9]             ; AnalyzerSpiSlave:U3_analyzer_spi|request_command[10]     ; mcu_spi_sck  ; mcu_spi_sck ; 0.000        ; 0.027      ; 0.530      ;
; 0.421 ; AnalyzerSpiSlave:U3_analyzer_spi|request_crc[8]          ; AnalyzerSpiSlave:U3_analyzer_spi|request_crc[9]          ; mcu_spi_sck  ; mcu_spi_sck ; 0.000        ; 0.053      ; 0.558      ;
; 0.425 ; AnalyzerSpiSlave:U3_analyzer_spi|rx_shift[13]            ; AnalyzerSpiSlave:U3_analyzer_spi|rx_shift[14]            ; mcu_spi_sck  ; mcu_spi_sck ; 0.000        ; 0.083      ; 0.592      ;
; 0.426 ; AnalyzerSpiSlave:U3_analyzer_spi|request_crc[8]          ; AnalyzerSpiSlave:U3_analyzer_spi|request_crc[4]          ; mcu_spi_sck  ; mcu_spi_sck ; 0.000        ; 0.053      ; 0.563      ;
; 0.429 ; AnalyzerSpiSlave:U3_analyzer_spi|ready_sync[1]           ; AnalyzerSpiSlave:U3_analyzer_spi|response_read_latched   ; mcu_spi_sck  ; mcu_spi_sck ; 0.000        ; 0.089      ; 0.602      ;
+-------+----------------------------------------------------------+----------------------------------------------------------+--------------+-------------+--------------+------------+------------+


+--------------------------------------------------------------------------------------------------------------------------------------------------------------------------------------------------------------------+
; Fast 1200mV 0C Model Minimum Pulse Width: 'adc_dco'                                                                                                                                                                ;
+-------+--------------+----------------+-----------------+---------+------------+-----------------------------------------------------------------------------------------------------------------------------------+
; Slack ; Actual Width ; Required Width ; Type            ; Clock   ; Clock Edge ; Target                                                                                                                            ;
+-------+--------------+----------------+-----------------+---------+------------+-----------------------------------------------------------------------------------------------------------------------------------+
; 7.189 ; 7.419        ; 0.230          ; Low Pulse Width ; adc_dco ; Rise       ; Ad9233FrameCapture:U2_frame_capture|altsyncram:capture_ram|altsyncram_bl51:auto_generated|ram_block1a1~porta_address_reg0         ;
; 7.189 ; 7.419        ; 0.230          ; Low Pulse Width ; adc_dco ; Rise       ; Ad9233FrameCapture:U2_frame_capture|altsyncram:capture_ram|altsyncram_bl51:auto_generated|ram_block1a1~porta_we_reg               ;
; 7.190 ; 7.420        ; 0.230          ; Low Pulse Width ; adc_dco ; Rise       ; Ad9233FrameCapture:U2_frame_capture|altsyncram:capture_ram|altsyncram_bl51:auto_generated|ram_block1a3~porta_address_reg0         ;
; 7.190 ; 7.420        ; 0.230          ; Low Pulse Width ; adc_dco ; Rise       ; Ad9233FrameCapture:U2_frame_capture|altsyncram:capture_ram|altsyncram_bl51:auto_generated|ram_block1a3~porta_we_reg               ;
; 7.190 ; 7.420        ; 0.230          ; Low Pulse Width ; adc_dco ; Rise       ; Ad9233FrameCapture:U2_frame_capture|altsyncram:capture_ram|altsyncram_bl51:auto_generated|ram_block1a5~porta_address_reg0         ;
; 7.190 ; 7.420        ; 0.230          ; Low Pulse Width ; adc_dco ; Rise       ; Ad9233FrameCapture:U2_frame_capture|altsyncram:capture_ram|altsyncram_bl51:auto_generated|ram_block1a5~porta_we_reg               ;
; 7.191 ; 7.421        ; 0.230          ; Low Pulse Width ; adc_dco ; Rise       ; Ad9233FrameCapture:U2_frame_capture|altsyncram:capture_ram|altsyncram_bl51:auto_generated|ram_block1a0~porta_address_reg0         ;
; 7.191 ; 7.421        ; 0.230          ; Low Pulse Width ; adc_dco ; Rise       ; Ad9233FrameCapture:U2_frame_capture|altsyncram:capture_ram|altsyncram_bl51:auto_generated|ram_block1a0~porta_we_reg               ;
; 7.191 ; 7.421        ; 0.230          ; Low Pulse Width ; adc_dco ; Rise       ; Ad9233FrameCapture:U2_frame_capture|altsyncram:capture_ram|altsyncram_bl51:auto_generated|ram_block1a10~porta_address_reg0        ;
; 7.191 ; 7.421        ; 0.230          ; Low Pulse Width ; adc_dco ; Rise       ; Ad9233FrameCapture:U2_frame_capture|altsyncram:capture_ram|altsyncram_bl51:auto_generated|ram_block1a10~porta_we_reg              ;
; 7.191 ; 7.421        ; 0.230          ; Low Pulse Width ; adc_dco ; Rise       ; Ad9233FrameCapture:U2_frame_capture|altsyncram:capture_ram|altsyncram_bl51:auto_generated|ram_block1a1~porta_datain_reg0          ;
; 7.191 ; 7.421        ; 0.230          ; Low Pulse Width ; adc_dco ; Rise       ; Ad9233FrameCapture:U2_frame_capture|altsyncram:capture_ram|altsyncram_bl51:auto_generated|ram_block1a2~porta_address_reg0         ;
; 7.191 ; 7.421        ; 0.230          ; Low Pulse Width ; adc_dco ; Rise       ; Ad9233FrameCapture:U2_frame_capture|altsyncram:capture_ram|altsyncram_bl51:auto_generated|ram_block1a2~porta_we_reg               ;
; 7.192 ; 7.422        ; 0.230          ; Low Pulse Width ; adc_dco ; Rise       ; Ad9233FrameCapture:U2_frame_capture|altsyncram:capture_ram|altsyncram_bl51:auto_generated|ram_block1a3~porta_datain_reg0          ;
; 7.192 ; 7.422        ; 0.230          ; Low Pulse Width ; adc_dco ; Rise       ; Ad9233FrameCapture:U2_frame_capture|altsyncram:capture_ram|altsyncram_bl51:auto_generated|ram_block1a5~porta_datain_reg0          ;
; 7.193 ; 7.423        ; 0.230          ; Low Pulse Width ; adc_dco ; Rise       ; Ad9233FrameCapture:U2_frame_capture|altsyncram:capture_ram|altsyncram_bl51:auto_generated|ram_block1a0~porta_datain_reg0          ;
; 7.193 ; 7.423        ; 0.230          ; Low Pulse Width ; adc_dco ; Rise       ; Ad9233FrameCapture:U2_frame_capture|altsyncram:capture_ram|altsyncram_bl51:auto_generated|ram_block1a10~porta_datain_reg0         ;
; 7.193 ; 7.423        ; 0.230          ; Low Pulse Width ; adc_dco ; Rise       ; Ad9233FrameCapture:U2_frame_capture|altsyncram:capture_ram|altsyncram_bl51:auto_generated|ram_block1a2~porta_datain_reg0          ;
; 7.229 ; 7.408        ; 0.179          ; Low Pulse Width ; adc_dco ; Rise       ; Ad9233FrameCapture:U2_frame_capture|Ad9233MultistageDecimator:anti_alias_fir|FirDecimatingStage:stage1|operand_coefficient[1][0]  ;
; 7.229 ; 7.408        ; 0.179          ; Low Pulse Width ; adc_dco ; Rise       ; Ad9233FrameCapture:U2_frame_capture|Ad9233MultistageDecimator:anti_alias_fir|FirDecimatingStage:stage1|operand_coefficient[1][10] ;
; 7.229 ; 7.408        ; 0.179          ; Low Pulse Width ; adc_dco ; Rise       ; Ad9233FrameCapture:U2_frame_capture|Ad9233MultistageDecimator:anti_alias_fir|FirDecimatingStage:stage1|operand_coefficient[1][11] ;
; 7.229 ; 7.408        ; 0.179          ; Low Pulse Width ; adc_dco ; Rise       ; Ad9233FrameCapture:U2_frame_capture|Ad9233MultistageDecimator:anti_alias_fir|FirDecimatingStage:stage1|operand_coefficient[1][12] ;
; 7.229 ; 7.408        ; 0.179          ; Low Pulse Width ; adc_dco ; Rise       ; Ad9233FrameCapture:U2_frame_capture|Ad9233MultistageDecimator:anti_alias_fir|FirDecimatingStage:stage1|operand_coefficient[1][13] ;
; 7.229 ; 7.408        ; 0.179          ; Low Pulse Width ; adc_dco ; Rise       ; Ad9233FrameCapture:U2_frame_capture|Ad9233MultistageDecimator:anti_alias_fir|FirDecimatingStage:stage1|operand_coefficient[1][14] ;
; 7.229 ; 7.408        ; 0.179          ; Low Pulse Width ; adc_dco ; Rise       ; Ad9233FrameCapture:U2_frame_capture|Ad9233MultistageDecimator:anti_alias_fir|FirDecimatingStage:stage1|operand_coefficient[1][15] ;
; 7.229 ; 7.408        ; 0.179          ; Low Pulse Width ; adc_dco ; Rise       ; Ad9233FrameCapture:U2_frame_capture|Ad9233MultistageDecimator:anti_alias_fir|FirDecimatingStage:stage1|operand_coefficient[1][16] ;
; 7.229 ; 7.408        ; 0.179          ; Low Pulse Width ; adc_dco ; Rise       ; Ad9233FrameCapture:U2_frame_capture|Ad9233MultistageDecimator:anti_alias_fir|FirDecimatingStage:stage1|operand_coefficient[1][17] ;
; 7.229 ; 7.408        ; 0.179          ; Low Pulse Width ; adc_dco ; Rise       ; Ad9233FrameCapture:U2_frame_capture|Ad9233MultistageDecimator:anti_alias_fir|FirDecimatingStage:stage1|operand_coefficient[1][1]  ;
; 7.229 ; 7.408        ; 0.179          ; Low Pulse Width ; adc_dco ; Rise       ; Ad9233FrameCapture:U2_frame_capture|Ad9233MultistageDecimator:anti_alias_fir|FirDecimatingStage:stage1|operand_coefficient[1][2]  ;
; 7.229 ; 7.408        ; 0.179          ; Low Pulse Width ; adc_dco ; Rise       ; Ad9233FrameCapture:U2_frame_capture|Ad9233MultistageDecimator:anti_alias_fir|FirDecimatingStage:stage1|operand_coefficient[1][3]  ;
; 7.229 ; 7.408        ; 0.179          ; Low Pulse Width ; adc_dco ; Rise       ; Ad9233FrameCapture:U2_frame_capture|Ad9233MultistageDecimator:anti_alias_fir|FirDecimatingStage:stage1|operand_coefficient[1][4]  ;
; 7.229 ; 7.408        ; 0.179          ; Low Pulse Width ; adc_dco ; Rise       ; Ad9233FrameCapture:U2_frame_capture|Ad9233MultistageDecimator:anti_alias_fir|FirDecimatingStage:stage1|operand_coefficient[1][5]  ;
; 7.229 ; 7.408        ; 0.179          ; Low Pulse Width ; adc_dco ; Rise       ; Ad9233FrameCapture:U2_frame_capture|Ad9233MultistageDecimator:anti_alias_fir|FirDecimatingStage:stage1|operand_coefficient[1][6]  ;
; 7.229 ; 7.408        ; 0.179          ; Low Pulse Width ; adc_dco ; Rise       ; Ad9233FrameCapture:U2_frame_capture|Ad9233MultistageDecimator:anti_alias_fir|FirDecimatingStage:stage1|operand_coefficient[1][7]  ;
; 7.229 ; 7.408        ; 0.179          ; Low Pulse Width ; adc_dco ; Rise       ; Ad9233FrameCapture:U2_frame_capture|Ad9233MultistageDecimator:anti_alias_fir|FirDecimatingStage:stage1|operand_coefficient[1][8]  ;
; 7.229 ; 7.408        ; 0.179          ; Low Pulse Width ; adc_dco ; Rise       ; Ad9233FrameCapture:U2_frame_capture|Ad9233MultistageDecimator:anti_alias_fir|FirDecimatingStage:stage1|operand_coefficient[1][9]  ;
; 7.229 ; 7.408        ; 0.179          ; Low Pulse Width ; adc_dco ; Rise       ; Ad9233FrameCapture:U2_frame_capture|Ad9233MultistageDecimator:anti_alias_fir|FirDecimatingStage:stage1|operand_sample[1][10]      ;
; 7.229 ; 7.408        ; 0.179          ; Low Pulse Width ; adc_dco ; Rise       ; Ad9233FrameCapture:U2_frame_capture|Ad9233MultistageDecimator:anti_alias_fir|FirDecimatingStage:stage1|operand_sample[1][11]      ;
; 7.229 ; 7.408        ; 0.179          ; Low Pulse Width ; adc_dco ; Rise       ; Ad9233FrameCapture:U2_frame_capture|Ad9233MultistageDecimator:anti_alias_fir|FirDecimatingStage:stage1|operand_sample[1][12]      ;
; 7.229 ; 7.408        ; 0.179          ; Low Pulse Width ; adc_dco ; Rise       ; Ad9233FrameCapture:U2_frame_capture|Ad9233MultistageDecimator:anti_alias_fir|FirDecimatingStage:stage1|operand_sample[1][13]      ;
; 7.229 ; 7.408        ; 0.179          ; Low Pulse Width ; adc_dco ; Rise       ; Ad9233FrameCapture:U2_frame_capture|Ad9233MultistageDecimator:anti_alias_fir|FirDecimatingStage:stage1|operand_sample[1][14]      ;
; 7.229 ; 7.408        ; 0.179          ; Low Pulse Width ; adc_dco ; Rise       ; Ad9233FrameCapture:U2_frame_capture|Ad9233MultistageDecimator:anti_alias_fir|FirDecimatingStage:stage1|operand_sample[1][15]      ;
; 7.229 ; 7.408        ; 0.179          ; Low Pulse Width ; adc_dco ; Rise       ; Ad9233FrameCapture:U2_frame_capture|Ad9233MultistageDecimator:anti_alias_fir|FirDecimatingStage:stage1|operand_sample[1][16]      ;
; 7.229 ; 7.408        ; 0.179          ; Low Pulse Width ; adc_dco ; Rise       ; Ad9233FrameCapture:U2_frame_capture|Ad9233MultistageDecimator:anti_alias_fir|FirDecimatingStage:stage1|operand_sample[1][17]      ;
; 7.229 ; 7.408        ; 0.179          ; Low Pulse Width ; adc_dco ; Rise       ; Ad9233FrameCapture:U2_frame_capture|Ad9233MultistageDecimator:anti_alias_fir|FirDecimatingStage:stage1|operand_sample[1][4]       ;
; 7.229 ; 7.408        ; 0.179          ; Low Pulse Width ; adc_dco ; Rise       ; Ad9233FrameCapture:U2_frame_capture|Ad9233MultistageDecimator:anti_alias_fir|FirDecimatingStage:stage1|operand_sample[1][5]       ;
; 7.229 ; 7.408        ; 0.179          ; Low Pulse Width ; adc_dco ; Rise       ; Ad9233FrameCapture:U2_frame_capture|Ad9233MultistageDecimator:anti_alias_fir|FirDecimatingStage:stage1|operand_sample[1][6]       ;
; 7.229 ; 7.408        ; 0.179          ; Low Pulse Width ; adc_dco ; Rise       ; Ad9233FrameCapture:U2_frame_capture|Ad9233MultistageDecimator:anti_alias_fir|FirDecimatingStage:stage1|operand_sample[1][7]       ;
; 7.229 ; 7.408        ; 0.179          ; Low Pulse Width ; adc_dco ; Rise       ; Ad9233FrameCapture:U2_frame_capture|Ad9233MultistageDecimator:anti_alias_fir|FirDecimatingStage:stage1|operand_sample[1][8]       ;
; 7.229 ; 7.408        ; 0.179          ; Low Pulse Width ; adc_dco ; Rise       ; Ad9233FrameCapture:U2_frame_capture|Ad9233MultistageDecimator:anti_alias_fir|FirDecimatingStage:stage1|operand_sample[1][9]       ;
; 7.229 ; 7.408        ; 0.179          ; Low Pulse Width ; adc_dco ; Rise       ; Ad9233FrameCapture:U2_frame_capture|Ad9233MultistageDecimator:anti_alias_fir|FirDecimatingStage:stage2|operand_coefficient[1][0]  ;
; 7.229 ; 7.408        ; 0.179          ; Low Pulse Width ; adc_dco ; Rise       ; Ad9233FrameCapture:U2_frame_capture|Ad9233MultistageDecimator:anti_alias_fir|FirDecimatingStage:stage2|operand_coefficient[1][10] ;
; 7.229 ; 7.408        ; 0.179          ; Low Pulse Width ; adc_dco ; Rise       ; Ad9233FrameCapture:U2_frame_capture|Ad9233MultistageDecimator:anti_alias_fir|FirDecimatingStage:stage2|operand_coefficient[1][11] ;
; 7.229 ; 7.408        ; 0.179          ; Low Pulse Width ; adc_dco ; Rise       ; Ad9233FrameCapture:U2_frame_capture|Ad9233MultistageDecimator:anti_alias_fir|FirDecimatingStage:stage2|operand_coefficient[1][12] ;
; 7.229 ; 7.408        ; 0.179          ; Low Pulse Width ; adc_dco ; Rise       ; Ad9233FrameCapture:U2_frame_capture|Ad9233MultistageDecimator:anti_alias_fir|FirDecimatingStage:stage2|operand_coefficient[1][13] ;
; 7.229 ; 7.408        ; 0.179          ; Low Pulse Width ; adc_dco ; Rise       ; Ad9233FrameCapture:U2_frame_capture|Ad9233MultistageDecimator:anti_alias_fir|FirDecimatingStage:stage2|operand_coefficient[1][14] ;
; 7.229 ; 7.408        ; 0.179          ; Low Pulse Width ; adc_dco ; Rise       ; Ad9233FrameCapture:U2_frame_capture|Ad9233MultistageDecimator:anti_alias_fir|FirDecimatingStage:stage2|operand_coefficient[1][15] ;
; 7.229 ; 7.408        ; 0.179          ; Low Pulse Width ; adc_dco ; Rise       ; Ad9233FrameCapture:U2_frame_capture|Ad9233MultistageDecimator:anti_alias_fir|FirDecimatingStage:stage2|operand_coefficient[1][16] ;
; 7.229 ; 7.408        ; 0.179          ; Low Pulse Width ; adc_dco ; Rise       ; Ad9233FrameCapture:U2_frame_capture|Ad9233MultistageDecimator:anti_alias_fir|FirDecimatingStage:stage2|operand_coefficient[1][17] ;
; 7.229 ; 7.408        ; 0.179          ; Low Pulse Width ; adc_dco ; Rise       ; Ad9233FrameCapture:U2_frame_capture|Ad9233MultistageDecimator:anti_alias_fir|FirDecimatingStage:stage2|operand_coefficient[1][1]  ;
; 7.229 ; 7.408        ; 0.179          ; Low Pulse Width ; adc_dco ; Rise       ; Ad9233FrameCapture:U2_frame_capture|Ad9233MultistageDecimator:anti_alias_fir|FirDecimatingStage:stage2|operand_coefficient[1][2]  ;
; 7.229 ; 7.408        ; 0.179          ; Low Pulse Width ; adc_dco ; Rise       ; Ad9233FrameCapture:U2_frame_capture|Ad9233MultistageDecimator:anti_alias_fir|FirDecimatingStage:stage2|operand_coefficient[1][3]  ;
; 7.229 ; 7.408        ; 0.179          ; Low Pulse Width ; adc_dco ; Rise       ; Ad9233FrameCapture:U2_frame_capture|Ad9233MultistageDecimator:anti_alias_fir|FirDecimatingStage:stage2|operand_coefficient[1][4]  ;
; 7.229 ; 7.408        ; 0.179          ; Low Pulse Width ; adc_dco ; Rise       ; Ad9233FrameCapture:U2_frame_capture|Ad9233MultistageDecimator:anti_alias_fir|FirDecimatingStage:stage2|operand_coefficient[1][5]  ;
; 7.229 ; 7.408        ; 0.179          ; Low Pulse Width ; adc_dco ; Rise       ; Ad9233FrameCapture:U2_frame_capture|Ad9233MultistageDecimator:anti_alias_fir|FirDecimatingStage:stage2|operand_coefficient[1][6]  ;
; 7.229 ; 7.408        ; 0.179          ; Low Pulse Width ; adc_dco ; Rise       ; Ad9233FrameCapture:U2_frame_capture|Ad9233MultistageDecimator:anti_alias_fir|FirDecimatingStage:stage2|operand_coefficient[1][7]  ;
; 7.229 ; 7.408        ; 0.179          ; Low Pulse Width ; adc_dco ; Rise       ; Ad9233FrameCapture:U2_frame_capture|Ad9233MultistageDecimator:anti_alias_fir|FirDecimatingStage:stage2|operand_coefficient[1][8]  ;
; 7.229 ; 7.408        ; 0.179          ; Low Pulse Width ; adc_dco ; Rise       ; Ad9233FrameCapture:U2_frame_capture|Ad9233MultistageDecimator:anti_alias_fir|FirDecimatingStage:stage2|operand_coefficient[1][9]  ;
; 7.229 ; 7.408        ; 0.179          ; Low Pulse Width ; adc_dco ; Rise       ; Ad9233FrameCapture:U2_frame_capture|Ad9233MultistageDecimator:anti_alias_fir|FirDecimatingStage:stage2|operand_sample[1][0]       ;
; 7.229 ; 7.408        ; 0.179          ; Low Pulse Width ; adc_dco ; Rise       ; Ad9233FrameCapture:U2_frame_capture|Ad9233MultistageDecimator:anti_alias_fir|FirDecimatingStage:stage2|operand_sample[1][10]      ;
; 7.229 ; 7.408        ; 0.179          ; Low Pulse Width ; adc_dco ; Rise       ; Ad9233FrameCapture:U2_frame_capture|Ad9233MultistageDecimator:anti_alias_fir|FirDecimatingStage:stage2|operand_sample[1][11]      ;
; 7.229 ; 7.408        ; 0.179          ; Low Pulse Width ; adc_dco ; Rise       ; Ad9233FrameCapture:U2_frame_capture|Ad9233MultistageDecimator:anti_alias_fir|FirDecimatingStage:stage2|operand_sample[1][12]      ;
; 7.229 ; 7.408        ; 0.179          ; Low Pulse Width ; adc_dco ; Rise       ; Ad9233FrameCapture:U2_frame_capture|Ad9233MultistageDecimator:anti_alias_fir|FirDecimatingStage:stage2|operand_sample[1][13]      ;
; 7.229 ; 7.408        ; 0.179          ; Low Pulse Width ; adc_dco ; Rise       ; Ad9233FrameCapture:U2_frame_capture|Ad9233MultistageDecimator:anti_alias_fir|FirDecimatingStage:stage2|operand_sample[1][14]      ;
; 7.229 ; 7.408        ; 0.179          ; Low Pulse Width ; adc_dco ; Rise       ; Ad9233FrameCapture:U2_frame_capture|Ad9233MultistageDecimator:anti_alias_fir|FirDecimatingStage:stage2|operand_sample[1][15]      ;
; 7.229 ; 7.408        ; 0.179          ; Low Pulse Width ; adc_dco ; Rise       ; Ad9233FrameCapture:U2_frame_capture|Ad9233MultistageDecimator:anti_alias_fir|FirDecimatingStage:stage2|operand_sample[1][16]      ;
; 7.229 ; 7.408        ; 0.179          ; Low Pulse Width ; adc_dco ; Rise       ; Ad9233FrameCapture:U2_frame_capture|Ad9233MultistageDecimator:anti_alias_fir|FirDecimatingStage:stage2|operand_sample[1][17]      ;
; 7.229 ; 7.408        ; 0.179          ; Low Pulse Width ; adc_dco ; Rise       ; Ad9233FrameCapture:U2_frame_capture|Ad9233MultistageDecimator:anti_alias_fir|FirDecimatingStage:stage2|operand_sample[1][1]       ;
; 7.229 ; 7.408        ; 0.179          ; Low Pulse Width ; adc_dco ; Rise       ; Ad9233FrameCapture:U2_frame_capture|Ad9233MultistageDecimator:anti_alias_fir|FirDecimatingStage:stage2|operand_sample[1][2]       ;
; 7.229 ; 7.408        ; 0.179          ; Low Pulse Width ; adc_dco ; Rise       ; Ad9233FrameCapture:U2_frame_capture|Ad9233MultistageDecimator:anti_alias_fir|FirDecimatingStage:stage2|operand_sample[1][3]       ;
; 7.229 ; 7.408        ; 0.179          ; Low Pulse Width ; adc_dco ; Rise       ; Ad9233FrameCapture:U2_frame_capture|Ad9233MultistageDecimator:anti_alias_fir|FirDecimatingStage:stage2|operand_sample[1][4]       ;
; 7.229 ; 7.408        ; 0.179          ; Low Pulse Width ; adc_dco ; Rise       ; Ad9233FrameCapture:U2_frame_capture|Ad9233MultistageDecimator:anti_alias_fir|FirDecimatingStage:stage2|operand_sample[1][5]       ;
; 7.229 ; 7.408        ; 0.179          ; Low Pulse Width ; adc_dco ; Rise       ; Ad9233FrameCapture:U2_frame_capture|Ad9233MultistageDecimator:anti_alias_fir|FirDecimatingStage:stage2|operand_sample[1][6]       ;
; 7.229 ; 7.408        ; 0.179          ; Low Pulse Width ; adc_dco ; Rise       ; Ad9233FrameCapture:U2_frame_capture|Ad9233MultistageDecimator:anti_alias_fir|FirDecimatingStage:stage2|operand_sample[1][7]       ;
; 7.229 ; 7.408        ; 0.179          ; Low Pulse Width ; adc_dco ; Rise       ; Ad9233FrameCapture:U2_frame_capture|Ad9233MultistageDecimator:anti_alias_fir|FirDecimatingStage:stage2|operand_sample[1][8]       ;
; 7.229 ; 7.408        ; 0.179          ; Low Pulse Width ; adc_dco ; Rise       ; Ad9233FrameCapture:U2_frame_capture|Ad9233MultistageDecimator:anti_alias_fir|FirDecimatingStage:stage2|operand_sample[1][9]       ;
; 7.230 ; 7.409        ; 0.179          ; Low Pulse Width ; adc_dco ; Rise       ; Ad9233FrameCapture:U2_frame_capture|Ad9233MultistageDecimator:anti_alias_fir|FirDecimatingStage:stage1|operand_coefficient[2][0]  ;
; 7.230 ; 7.409        ; 0.179          ; Low Pulse Width ; adc_dco ; Rise       ; Ad9233FrameCapture:U2_frame_capture|Ad9233MultistageDecimator:anti_alias_fir|FirDecimatingStage:stage1|operand_coefficient[2][10] ;
; 7.230 ; 7.409        ; 0.179          ; Low Pulse Width ; adc_dco ; Rise       ; Ad9233FrameCapture:U2_frame_capture|Ad9233MultistageDecimator:anti_alias_fir|FirDecimatingStage:stage1|operand_coefficient[2][12] ;
; 7.230 ; 7.409        ; 0.179          ; Low Pulse Width ; adc_dco ; Rise       ; Ad9233FrameCapture:U2_frame_capture|Ad9233MultistageDecimator:anti_alias_fir|FirDecimatingStage:stage1|operand_coefficient[2][13] ;
; 7.230 ; 7.409        ; 0.179          ; Low Pulse Width ; adc_dco ; Rise       ; Ad9233FrameCapture:U2_frame_capture|Ad9233MultistageDecimator:anti_alias_fir|FirDecimatingStage:stage1|operand_coefficient[2][14] ;
; 7.230 ; 7.409        ; 0.179          ; Low Pulse Width ; adc_dco ; Rise       ; Ad9233FrameCapture:U2_frame_capture|Ad9233MultistageDecimator:anti_alias_fir|FirDecimatingStage:stage1|operand_coefficient[2][15] ;
; 7.230 ; 7.409        ; 0.179          ; Low Pulse Width ; adc_dco ; Rise       ; Ad9233FrameCapture:U2_frame_capture|Ad9233MultistageDecimator:anti_alias_fir|FirDecimatingStage:stage1|operand_coefficient[2][16] ;
; 7.230 ; 7.409        ; 0.179          ; Low Pulse Width ; adc_dco ; Rise       ; Ad9233FrameCapture:U2_frame_capture|Ad9233MultistageDecimator:anti_alias_fir|FirDecimatingStage:stage1|operand_coefficient[2][17] ;
; 7.230 ; 7.409        ; 0.179          ; Low Pulse Width ; adc_dco ; Rise       ; Ad9233FrameCapture:U2_frame_capture|Ad9233MultistageDecimator:anti_alias_fir|FirDecimatingStage:stage1|operand_coefficient[2][1]  ;
; 7.230 ; 7.409        ; 0.179          ; Low Pulse Width ; adc_dco ; Rise       ; Ad9233FrameCapture:U2_frame_capture|Ad9233MultistageDecimator:anti_alias_fir|FirDecimatingStage:stage1|operand_coefficient[2][2]  ;
; 7.230 ; 7.409        ; 0.179          ; Low Pulse Width ; adc_dco ; Rise       ; Ad9233FrameCapture:U2_frame_capture|Ad9233MultistageDecimator:anti_alias_fir|FirDecimatingStage:stage1|operand_coefficient[2][6]  ;
; 7.230 ; 7.409        ; 0.179          ; Low Pulse Width ; adc_dco ; Rise       ; Ad9233FrameCapture:U2_frame_capture|Ad9233MultistageDecimator:anti_alias_fir|FirDecimatingStage:stage1|operand_coefficient[2][7]  ;
; 7.230 ; 7.409        ; 0.179          ; Low Pulse Width ; adc_dco ; Rise       ; Ad9233FrameCapture:U2_frame_capture|Ad9233MultistageDecimator:anti_alias_fir|FirDecimatingStage:stage1|operand_coefficient[2][9]  ;
; 7.230 ; 7.409        ; 0.179          ; Low Pulse Width ; adc_dco ; Rise       ; Ad9233FrameCapture:U2_frame_capture|Ad9233MultistageDecimator:anti_alias_fir|FirDecimatingStage:stage1|operand_sample[2][10]      ;
+-------+--------------+----------------+-----------------+---------+------------+-----------------------------------------------------------------------------------------------------------------------------------+


+------------------------------------------------------------------------------------------------------------------------------------------------------------+
; Fast 1200mV 0C Model Minimum Pulse Width: 'clk_50m'                                                                                                        ;
+-------+--------------+----------------+-----------------+---------+------------+---------------------------------------------------------------------------+
; Slack ; Actual Width ; Required Width ; Type            ; Clock   ; Clock Edge ; Target                                                                    ;
+-------+--------------+----------------+-----------------+---------+------------+---------------------------------------------------------------------------+
; 9.435 ; 9.619        ; 0.184          ; Low Pulse Width ; clk_50m ; Rise       ; Ad9233SpiInit:U1_ad9233_spi_init|bit_index[0]                             ;
; 9.435 ; 9.619        ; 0.184          ; Low Pulse Width ; clk_50m ; Rise       ; Ad9233SpiInit:U1_ad9233_spi_init|bit_index[1]                             ;
; 9.435 ; 9.619        ; 0.184          ; Low Pulse Width ; clk_50m ; Rise       ; Ad9233SpiInit:U1_ad9233_spi_init|bit_index[2]                             ;
; 9.435 ; 9.619        ; 0.184          ; Low Pulse Width ; clk_50m ; Rise       ; Ad9233SpiInit:U1_ad9233_spi_init|bit_index[3]                             ;
; 9.435 ; 9.619        ; 0.184          ; Low Pulse Width ; clk_50m ; Rise       ; Ad9233SpiInit:U1_ad9233_spi_init|bit_index[4]                             ;
; 9.435 ; 9.619        ; 0.184          ; Low Pulse Width ; clk_50m ; Rise       ; Ad9233SpiInit:U1_ad9233_spi_init|half_count[0]                            ;
; 9.435 ; 9.619        ; 0.184          ; Low Pulse Width ; clk_50m ; Rise       ; Ad9233SpiInit:U1_ad9233_spi_init|half_count[1]                            ;
; 9.435 ; 9.619        ; 0.184          ; Low Pulse Width ; clk_50m ; Rise       ; Ad9233SpiInit:U1_ad9233_spi_init|half_count[2]                            ;
; 9.435 ; 9.619        ; 0.184          ; Low Pulse Width ; clk_50m ; Rise       ; Ad9233SpiInit:U1_ad9233_spi_init|half_count[3]                            ;
; 9.435 ; 9.619        ; 0.184          ; Low Pulse Width ; clk_50m ; Rise       ; Ad9233SpiInit:U1_ad9233_spi_init|half_count[4]                            ;
; 9.435 ; 9.619        ; 0.184          ; Low Pulse Width ; clk_50m ; Rise       ; Ad9233SpiInit:U1_ad9233_spi_init|half_count[5]                            ;
; 9.435 ; 9.619        ; 0.184          ; Low Pulse Width ; clk_50m ; Rise       ; Ad9233SpiInit:U1_ad9233_spi_init|half_count[6]                            ;
; 9.435 ; 9.619        ; 0.184          ; Low Pulse Width ; clk_50m ; Rise       ; Ad9233SpiInit:U1_ad9233_spi_init|half_count[7]                            ;
; 9.435 ; 9.619        ; 0.184          ; Low Pulse Width ; clk_50m ; Rise       ; Ad9233SpiInit:U1_ad9233_spi_init|shift_data[10]                           ;
; 9.435 ; 9.619        ; 0.184          ; Low Pulse Width ; clk_50m ; Rise       ; Ad9233SpiInit:U1_ad9233_spi_init|shift_data[11]                           ;
; 9.435 ; 9.619        ; 0.184          ; Low Pulse Width ; clk_50m ; Rise       ; Ad9233SpiInit:U1_ad9233_spi_init|shift_data[12]                           ;
; 9.435 ; 9.619        ; 0.184          ; Low Pulse Width ; clk_50m ; Rise       ; Ad9233SpiInit:U1_ad9233_spi_init|shift_data[13]                           ;
; 9.435 ; 9.619        ; 0.184          ; Low Pulse Width ; clk_50m ; Rise       ; Ad9233SpiInit:U1_ad9233_spi_init|shift_data[14]                           ;
; 9.435 ; 9.619        ; 0.184          ; Low Pulse Width ; clk_50m ; Rise       ; Ad9233SpiInit:U1_ad9233_spi_init|shift_data[15]                           ;
; 9.435 ; 9.619        ; 0.184          ; Low Pulse Width ; clk_50m ; Rise       ; Ad9233SpiInit:U1_ad9233_spi_init|shift_data[16]                           ;
; 9.435 ; 9.619        ; 0.184          ; Low Pulse Width ; clk_50m ; Rise       ; Ad9233SpiInit:U1_ad9233_spi_init|shift_data[17]                           ;
; 9.435 ; 9.619        ; 0.184          ; Low Pulse Width ; clk_50m ; Rise       ; Ad9233SpiInit:U1_ad9233_spi_init|shift_data[18]                           ;
; 9.435 ; 9.619        ; 0.184          ; Low Pulse Width ; clk_50m ; Rise       ; Ad9233SpiInit:U1_ad9233_spi_init|shift_data[5]                            ;
; 9.435 ; 9.619        ; 0.184          ; Low Pulse Width ; clk_50m ; Rise       ; Ad9233SpiInit:U1_ad9233_spi_init|shift_data[6]                            ;
; 9.435 ; 9.619        ; 0.184          ; Low Pulse Width ; clk_50m ; Rise       ; Ad9233SpiInit:U1_ad9233_spi_init|shift_data[7]                            ;
; 9.435 ; 9.619        ; 0.184          ; Low Pulse Width ; clk_50m ; Rise       ; Ad9233SpiInit:U1_ad9233_spi_init|shift_data[8]                            ;
; 9.435 ; 9.619        ; 0.184          ; Low Pulse Width ; clk_50m ; Rise       ; Ad9233SpiInit:U1_ad9233_spi_init|shift_data[9]                            ;
; 9.435 ; 9.619        ; 0.184          ; Low Pulse Width ; clk_50m ; Rise       ; Ad9233SpiInit:U1_ad9233_spi_init|spi_cs_n                                 ;
; 9.435 ; 9.619        ; 0.184          ; Low Pulse Width ; clk_50m ; Rise       ; Ad9233SpiInit:U1_ad9233_spi_init|spi_sclk                                 ;
; 9.435 ; 9.619        ; 0.184          ; Low Pulse Width ; clk_50m ; Rise       ; Ad9233SpiInit:U1_ad9233_spi_init|state.STATE_GAP                          ;
; 9.435 ; 9.619        ; 0.184          ; Low Pulse Width ; clk_50m ; Rise       ; Ad9233SpiInit:U1_ad9233_spi_init|state.STATE_HIGH                         ;
; 9.436 ; 9.620        ; 0.184          ; Low Pulse Width ; clk_50m ; Rise       ; Ad9233SpiInit:U1_ad9233_spi_init|cfg_done                                 ;
; 9.436 ; 9.620        ; 0.184          ; Low Pulse Width ; clk_50m ; Rise       ; Ad9233SpiInit:U1_ad9233_spi_init|frame_index[0]                           ;
; 9.436 ; 9.620        ; 0.184          ; Low Pulse Width ; clk_50m ; Rise       ; Ad9233SpiInit:U1_ad9233_spi_init|frame_index[1]                           ;
; 9.436 ; 9.620        ; 0.184          ; Low Pulse Width ; clk_50m ; Rise       ; Ad9233SpiInit:U1_ad9233_spi_init|frame_index[2]                           ;
; 9.436 ; 9.620        ; 0.184          ; Low Pulse Width ; clk_50m ; Rise       ; Ad9233SpiInit:U1_ad9233_spi_init|shift_data[0]                            ;
; 9.436 ; 9.620        ; 0.184          ; Low Pulse Width ; clk_50m ; Rise       ; Ad9233SpiInit:U1_ad9233_spi_init|shift_data[19]                           ;
; 9.436 ; 9.620        ; 0.184          ; Low Pulse Width ; clk_50m ; Rise       ; Ad9233SpiInit:U1_ad9233_spi_init|shift_data[1]                            ;
; 9.436 ; 9.620        ; 0.184          ; Low Pulse Width ; clk_50m ; Rise       ; Ad9233SpiInit:U1_ad9233_spi_init|shift_data[20]                           ;
; 9.436 ; 9.620        ; 0.184          ; Low Pulse Width ; clk_50m ; Rise       ; Ad9233SpiInit:U1_ad9233_spi_init|shift_data[21]                           ;
; 9.436 ; 9.620        ; 0.184          ; Low Pulse Width ; clk_50m ; Rise       ; Ad9233SpiInit:U1_ad9233_spi_init|shift_data[22]                           ;
; 9.436 ; 9.620        ; 0.184          ; Low Pulse Width ; clk_50m ; Rise       ; Ad9233SpiInit:U1_ad9233_spi_init|shift_data[2]                            ;
; 9.436 ; 9.620        ; 0.184          ; Low Pulse Width ; clk_50m ; Rise       ; Ad9233SpiInit:U1_ad9233_spi_init|shift_data[3]                            ;
; 9.436 ; 9.620        ; 0.184          ; Low Pulse Width ; clk_50m ; Rise       ; Ad9233SpiInit:U1_ad9233_spi_init|shift_data[4]                            ;
; 9.436 ; 9.620        ; 0.184          ; Low Pulse Width ; clk_50m ; Rise       ; Ad9233SpiInit:U1_ad9233_spi_init|spi_sdio                                 ;
; 9.436 ; 9.620        ; 0.184          ; Low Pulse Width ; clk_50m ; Rise       ; Ad9233SpiInit:U1_ad9233_spi_init|startup_count[12]                        ;
; 9.436 ; 9.620        ; 0.184          ; Low Pulse Width ; clk_50m ; Rise       ; Ad9233SpiInit:U1_ad9233_spi_init|startup_count[13]                        ;
; 9.436 ; 9.620        ; 0.184          ; Low Pulse Width ; clk_50m ; Rise       ; Ad9233SpiInit:U1_ad9233_spi_init|startup_count[14]                        ;
; 9.436 ; 9.620        ; 0.184          ; Low Pulse Width ; clk_50m ; Rise       ; Ad9233SpiInit:U1_ad9233_spi_init|startup_count[15]                        ;
; 9.436 ; 9.620        ; 0.184          ; Low Pulse Width ; clk_50m ; Rise       ; Ad9233SpiInit:U1_ad9233_spi_init|startup_count[16]                        ;
; 9.436 ; 9.620        ; 0.184          ; Low Pulse Width ; clk_50m ; Rise       ; Ad9233SpiInit:U1_ad9233_spi_init|startup_count[17]                        ;
; 9.436 ; 9.620        ; 0.184          ; Low Pulse Width ; clk_50m ; Rise       ; Ad9233SpiInit:U1_ad9233_spi_init|startup_count[18]                        ;
; 9.436 ; 9.620        ; 0.184          ; Low Pulse Width ; clk_50m ; Rise       ; Ad9233SpiInit:U1_ad9233_spi_init|startup_count[19]                        ;
; 9.436 ; 9.620        ; 0.184          ; Low Pulse Width ; clk_50m ; Rise       ; Ad9233SpiInit:U1_ad9233_spi_init|startup_count[20]                        ;
; 9.436 ; 9.620        ; 0.184          ; Low Pulse Width ; clk_50m ; Rise       ; Ad9233SpiInit:U1_ad9233_spi_init|startup_count[21]                        ;
; 9.436 ; 9.620        ; 0.184          ; Low Pulse Width ; clk_50m ; Rise       ; Ad9233SpiInit:U1_ad9233_spi_init|startup_count[22]                        ;
; 9.436 ; 9.620        ; 0.184          ; Low Pulse Width ; clk_50m ; Rise       ; Ad9233SpiInit:U1_ad9233_spi_init|startup_count[23]                        ;
; 9.436 ; 9.620        ; 0.184          ; Low Pulse Width ; clk_50m ; Rise       ; Ad9233SpiInit:U1_ad9233_spi_init|state.STATE_DONE                         ;
; 9.436 ; 9.620        ; 0.184          ; Low Pulse Width ; clk_50m ; Rise       ; Ad9233SpiInit:U1_ad9233_spi_init|state.STATE_LOAD                         ;
; 9.436 ; 9.620        ; 0.184          ; Low Pulse Width ; clk_50m ; Rise       ; Ad9233SpiInit:U1_ad9233_spi_init|state.STATE_LOW                          ;
; 9.436 ; 9.620        ; 0.184          ; Low Pulse Width ; clk_50m ; Rise       ; Ad9233SpiInit:U1_ad9233_spi_init|state.STATE_WAIT                         ;
; 9.436 ; 9.620        ; 0.184          ; Low Pulse Width ; clk_50m ; Rise       ; adc_pll_lock_sync[0]                                                      ;
; 9.436 ; 9.620        ; 0.184          ; Low Pulse Width ; clk_50m ; Rise       ; adc_pll_lock_sync[1]                                                      ;
; 9.437 ; 9.621        ; 0.184          ; Low Pulse Width ; clk_50m ; Rise       ; Ad9233SpiInit:U1_ad9233_spi_init|startup_count[0]                         ;
; 9.437 ; 9.621        ; 0.184          ; Low Pulse Width ; clk_50m ; Rise       ; Ad9233SpiInit:U1_ad9233_spi_init|startup_count[10]                        ;
; 9.437 ; 9.621        ; 0.184          ; Low Pulse Width ; clk_50m ; Rise       ; Ad9233SpiInit:U1_ad9233_spi_init|startup_count[11]                        ;
; 9.437 ; 9.621        ; 0.184          ; Low Pulse Width ; clk_50m ; Rise       ; Ad9233SpiInit:U1_ad9233_spi_init|startup_count[1]                         ;
; 9.437 ; 9.621        ; 0.184          ; Low Pulse Width ; clk_50m ; Rise       ; Ad9233SpiInit:U1_ad9233_spi_init|startup_count[2]                         ;
; 9.437 ; 9.621        ; 0.184          ; Low Pulse Width ; clk_50m ; Rise       ; Ad9233SpiInit:U1_ad9233_spi_init|startup_count[3]                         ;
; 9.437 ; 9.621        ; 0.184          ; Low Pulse Width ; clk_50m ; Rise       ; Ad9233SpiInit:U1_ad9233_spi_init|startup_count[4]                         ;
; 9.437 ; 9.621        ; 0.184          ; Low Pulse Width ; clk_50m ; Rise       ; Ad9233SpiInit:U1_ad9233_spi_init|startup_count[5]                         ;
; 9.437 ; 9.621        ; 0.184          ; Low Pulse Width ; clk_50m ; Rise       ; Ad9233SpiInit:U1_ad9233_spi_init|startup_count[6]                         ;
; 9.437 ; 9.621        ; 0.184          ; Low Pulse Width ; clk_50m ; Rise       ; Ad9233SpiInit:U1_ad9233_spi_init|startup_count[7]                         ;
; 9.437 ; 9.621        ; 0.184          ; Low Pulse Width ; clk_50m ; Rise       ; Ad9233SpiInit:U1_ad9233_spi_init|startup_count[8]                         ;
; 9.437 ; 9.621        ; 0.184          ; Low Pulse Width ; clk_50m ; Rise       ; Ad9233SpiInit:U1_ad9233_spi_init|startup_count[9]                         ;
; 9.594 ; 9.594        ; 0.000          ; Low Pulse Width ; clk_50m ; Rise       ; U0_adc_pll62m5_inst|altpll_component|auto_generated|pll1|clk[0]           ;
; 9.594 ; 9.594        ; 0.000          ; Low Pulse Width ; clk_50m ; Rise       ; U0_adc_pll62m5_inst|altpll_component|auto_generated|pll1|observablevcoout ;
; 9.615 ; 9.615        ; 0.000          ; Low Pulse Width ; clk_50m ; Rise       ; U1_ad9233_spi_init|bit_index[0]|clk                                       ;
; 9.615 ; 9.615        ; 0.000          ; Low Pulse Width ; clk_50m ; Rise       ; U1_ad9233_spi_init|bit_index[1]|clk                                       ;
; 9.615 ; 9.615        ; 0.000          ; Low Pulse Width ; clk_50m ; Rise       ; U1_ad9233_spi_init|bit_index[2]|clk                                       ;
; 9.615 ; 9.615        ; 0.000          ; Low Pulse Width ; clk_50m ; Rise       ; U1_ad9233_spi_init|bit_index[3]|clk                                       ;
; 9.615 ; 9.615        ; 0.000          ; Low Pulse Width ; clk_50m ; Rise       ; U1_ad9233_spi_init|bit_index[4]|clk                                       ;
; 9.615 ; 9.615        ; 0.000          ; Low Pulse Width ; clk_50m ; Rise       ; U1_ad9233_spi_init|half_count[0]|clk                                      ;
; 9.615 ; 9.615        ; 0.000          ; Low Pulse Width ; clk_50m ; Rise       ; U1_ad9233_spi_init|half_count[1]|clk                                      ;
; 9.615 ; 9.615        ; 0.000          ; Low Pulse Width ; clk_50m ; Rise       ; U1_ad9233_spi_init|half_count[2]|clk                                      ;
; 9.615 ; 9.615        ; 0.000          ; Low Pulse Width ; clk_50m ; Rise       ; U1_ad9233_spi_init|half_count[3]|clk                                      ;
; 9.615 ; 9.615        ; 0.000          ; Low Pulse Width ; clk_50m ; Rise       ; U1_ad9233_spi_init|half_count[4]|clk                                      ;
; 9.615 ; 9.615        ; 0.000          ; Low Pulse Width ; clk_50m ; Rise       ; U1_ad9233_spi_init|half_count[5]|clk                                      ;
; 9.615 ; 9.615        ; 0.000          ; Low Pulse Width ; clk_50m ; Rise       ; U1_ad9233_spi_init|half_count[6]|clk                                      ;
; 9.615 ; 9.615        ; 0.000          ; Low Pulse Width ; clk_50m ; Rise       ; U1_ad9233_spi_init|half_count[7]|clk                                      ;
; 9.615 ; 9.615        ; 0.000          ; Low Pulse Width ; clk_50m ; Rise       ; U1_ad9233_spi_init|shift_data[10]|clk                                     ;
; 9.615 ; 9.615        ; 0.000          ; Low Pulse Width ; clk_50m ; Rise       ; U1_ad9233_spi_init|shift_data[11]|clk                                     ;
; 9.615 ; 9.615        ; 0.000          ; Low Pulse Width ; clk_50m ; Rise       ; U1_ad9233_spi_init|shift_data[12]|clk                                     ;
; 9.615 ; 9.615        ; 0.000          ; Low Pulse Width ; clk_50m ; Rise       ; U1_ad9233_spi_init|shift_data[13]|clk                                     ;
; 9.615 ; 9.615        ; 0.000          ; Low Pulse Width ; clk_50m ; Rise       ; U1_ad9233_spi_init|shift_data[14]|clk                                     ;
; 9.615 ; 9.615        ; 0.000          ; Low Pulse Width ; clk_50m ; Rise       ; U1_ad9233_spi_init|shift_data[15]|clk                                     ;
; 9.615 ; 9.615        ; 0.000          ; Low Pulse Width ; clk_50m ; Rise       ; U1_ad9233_spi_init|shift_data[16]|clk                                     ;
; 9.615 ; 9.615        ; 0.000          ; Low Pulse Width ; clk_50m ; Rise       ; U1_ad9233_spi_init|shift_data[17]|clk                                     ;
; 9.615 ; 9.615        ; 0.000          ; Low Pulse Width ; clk_50m ; Rise       ; U1_ad9233_spi_init|shift_data[18]|clk                                     ;
; 9.615 ; 9.615        ; 0.000          ; Low Pulse Width ; clk_50m ; Rise       ; U1_ad9233_spi_init|shift_data[5]|clk                                      ;
+-------+--------------+----------------+-----------------+---------+------------+---------------------------------------------------------------------------+


+-------------------------------------------------------------------------------------------------------------------------------------------------------------------------------------------------------------------+
; Fast 1200mV 0C Model Minimum Pulse Width: 'mcu_spi_sck'                                                                                                                                                           ;
+--------+--------------+----------------+------------------+-------------+------------+----------------------------------------------------------------------------------------------------------------------------+
; Slack  ; Actual Width ; Required Width ; Type             ; Clock       ; Clock Edge ; Target                                                                                                                     ;
+--------+--------------+----------------+------------------+-------------+------------+----------------------------------------------------------------------------------------------------------------------------+
; 40.795 ; 41.011       ; 0.216          ; High Pulse Width ; mcu_spi_sck ; Fall       ; AnalyzerSpiSlave:U3_analyzer_spi|status_sync_0[0]                                                                          ;
; 40.795 ; 41.011       ; 0.216          ; High Pulse Width ; mcu_spi_sck ; Fall       ; AnalyzerSpiSlave:U3_analyzer_spi|status_sync_0[3]                                                                          ;
; 40.795 ; 41.011       ; 0.216          ; High Pulse Width ; mcu_spi_sck ; Fall       ; AnalyzerSpiSlave:U3_analyzer_spi|status_sync_1[0]                                                                          ;
; 40.795 ; 41.011       ; 0.216          ; High Pulse Width ; mcu_spi_sck ; Fall       ; AnalyzerSpiSlave:U3_analyzer_spi|status_sync_1[3]                                                                          ;
; 40.795 ; 41.011       ; 0.216          ; High Pulse Width ; mcu_spi_sck ; Fall       ; AnalyzerSpiSlave:U3_analyzer_spi|status_sync_2[0]                                                                          ;
; 40.795 ; 41.011       ; 0.216          ; High Pulse Width ; mcu_spi_sck ; Fall       ; AnalyzerSpiSlave:U3_analyzer_spi|status_sync_2[3]                                                                          ;
; 40.808 ; 41.038       ; 0.230          ; Low Pulse Width  ; mcu_spi_sck ; Rise       ; Ad9233FrameCapture:U2_frame_capture|altsyncram:capture_ram|altsyncram_bl51:auto_generated|ram_block1a5~portb_address_reg0  ;
; 40.808 ; 41.038       ; 0.230          ; Low Pulse Width  ; mcu_spi_sck ; Rise       ; Ad9233FrameCapture:U2_frame_capture|read_data[5]                                                                           ;
; 40.808 ; 41.038       ; 0.230          ; Low Pulse Width  ; mcu_spi_sck ; Rise       ; Ad9233FrameCapture:U2_frame_capture|read_data[9]                                                                           ;
; 40.812 ; 41.028       ; 0.216          ; High Pulse Width ; mcu_spi_sck ; Fall       ; AnalyzerSpiSlave:U3_analyzer_spi|request_word_index.00                                                                     ;
; 40.812 ; 41.028       ; 0.216          ; High Pulse Width ; mcu_spi_sck ; Fall       ; AnalyzerSpiSlave:U3_analyzer_spi|request_word_index.01                                                                     ;
; 40.812 ; 41.028       ; 0.216          ; High Pulse Width ; mcu_spi_sck ; Fall       ; AnalyzerSpiSlave:U3_analyzer_spi|request_word_index.10                                                                     ;
; 40.812 ; 41.028       ; 0.216          ; High Pulse Width ; mcu_spi_sck ; Fall       ; AnalyzerSpiSlave:U3_analyzer_spi|request_word_index.11                                                                     ;
; 40.820 ; 41.036       ; 0.216          ; High Pulse Width ; mcu_spi_sck ; Fall       ; AnalyzerSpiSlave:U3_analyzer_spi|flags_latched[1]                                                                          ;
; 40.820 ; 41.036       ; 0.216          ; High Pulse Width ; mcu_spi_sck ; Fall       ; AnalyzerSpiSlave:U3_analyzer_spi|frame_id_latched[14]                                                                      ;
; 40.820 ; 41.036       ; 0.216          ; High Pulse Width ; mcu_spi_sck ; Fall       ; AnalyzerSpiSlave:U3_analyzer_spi|frame_id_latched[15]                                                                      ;
; 40.820 ; 41.036       ; 0.216          ; High Pulse Width ; mcu_spi_sck ; Fall       ; AnalyzerSpiSlave:U3_analyzer_spi|frame_id_latched[1]                                                                       ;
; 40.820 ; 41.036       ; 0.216          ; High Pulse Width ; mcu_spi_sck ; Fall       ; AnalyzerSpiSlave:U3_analyzer_spi|otr_count_latched[14]                                                                     ;
; 40.820 ; 41.036       ; 0.216          ; High Pulse Width ; mcu_spi_sck ; Fall       ; AnalyzerSpiSlave:U3_analyzer_spi|otr_count_latched[15]                                                                     ;
; 40.820 ; 41.036       ; 0.216          ; High Pulse Width ; mcu_spi_sck ; Fall       ; AnalyzerSpiSlave:U3_analyzer_spi|otr_count_latched[17]                                                                     ;
; 40.820 ; 41.036       ; 0.216          ; High Pulse Width ; mcu_spi_sck ; Fall       ; AnalyzerSpiSlave:U3_analyzer_spi|otr_count_latched[1]                                                                      ;
; 40.820 ; 41.036       ; 0.216          ; High Pulse Width ; mcu_spi_sck ; Fall       ; AnalyzerSpiSlave:U3_analyzer_spi|otr_count_latched[24]                                                                     ;
; 40.820 ; 41.036       ; 0.216          ; High Pulse Width ; mcu_spi_sck ; Fall       ; AnalyzerSpiSlave:U3_analyzer_spi|otr_count_latched[25]                                                                     ;
; 40.820 ; 41.036       ; 0.216          ; High Pulse Width ; mcu_spi_sck ; Fall       ; AnalyzerSpiSlave:U3_analyzer_spi|otr_count_latched[30]                                                                     ;
; 40.820 ; 41.036       ; 0.216          ; High Pulse Width ; mcu_spi_sck ; Fall       ; AnalyzerSpiSlave:U3_analyzer_spi|otr_count_latched[31]                                                                     ;
; 40.820 ; 41.036       ; 0.216          ; High Pulse Width ; mcu_spi_sck ; Fall       ; AnalyzerSpiSlave:U3_analyzer_spi|otr_count_latched[8]                                                                      ;
; 40.820 ; 41.036       ; 0.216          ; High Pulse Width ; mcu_spi_sck ; Fall       ; AnalyzerSpiSlave:U3_analyzer_spi|otr_count_latched[9]                                                                      ;
; 40.827 ; 41.043       ; 0.216          ; High Pulse Width ; mcu_spi_sck ; Fall       ; AnalyzerSpiSlave:U3_analyzer_spi|rx_shift[10]                                                                              ;
; 40.827 ; 41.043       ; 0.216          ; High Pulse Width ; mcu_spi_sck ; Fall       ; AnalyzerSpiSlave:U3_analyzer_spi|rx_shift[13]                                                                              ;
; 40.827 ; 41.043       ; 0.216          ; High Pulse Width ; mcu_spi_sck ; Fall       ; AnalyzerSpiSlave:U3_analyzer_spi|rx_shift[5]                                                                               ;
; 40.827 ; 41.043       ; 0.216          ; High Pulse Width ; mcu_spi_sck ; Fall       ; AnalyzerSpiSlave:U3_analyzer_spi|rx_shift[9]                                                                               ;
; 40.833 ; 41.049       ; 0.216          ; High Pulse Width ; mcu_spi_sck ; Fall       ; AnalyzerSpiSlave:U3_analyzer_spi|request_crc[10]                                                                           ;
; 40.833 ; 41.049       ; 0.216          ; High Pulse Width ; mcu_spi_sck ; Fall       ; AnalyzerSpiSlave:U3_analyzer_spi|request_crc[14]                                                                           ;
; 40.833 ; 41.049       ; 0.216          ; High Pulse Width ; mcu_spi_sck ; Fall       ; AnalyzerSpiSlave:U3_analyzer_spi|request_crc[15]                                                                           ;
; 40.835 ; 41.051       ; 0.216          ; High Pulse Width ; mcu_spi_sck ; Fall       ; AnalyzerSpiSlave:U3_analyzer_spi|status_sync_2[1]                                                                          ;
; 40.836 ; 41.052       ; 0.216          ; High Pulse Width ; mcu_spi_sck ; Fall       ; AnalyzerSpiSlave:U3_analyzer_spi|request_command[10]                                                                       ;
; 40.836 ; 41.052       ; 0.216          ; High Pulse Width ; mcu_spi_sck ; Fall       ; AnalyzerSpiSlave:U3_analyzer_spi|request_command[11]                                                                       ;
; 40.836 ; 41.052       ; 0.216          ; High Pulse Width ; mcu_spi_sck ; Fall       ; AnalyzerSpiSlave:U3_analyzer_spi|request_command[12]                                                                       ;
; 40.836 ; 41.052       ; 0.216          ; High Pulse Width ; mcu_spi_sck ; Fall       ; AnalyzerSpiSlave:U3_analyzer_spi|request_command[13]                                                                       ;
; 40.836 ; 41.052       ; 0.216          ; High Pulse Width ; mcu_spi_sck ; Fall       ; AnalyzerSpiSlave:U3_analyzer_spi|request_command[14]                                                                       ;
; 40.836 ; 41.052       ; 0.216          ; High Pulse Width ; mcu_spi_sck ; Fall       ; AnalyzerSpiSlave:U3_analyzer_spi|request_command[15]                                                                       ;
; 40.836 ; 41.052       ; 0.216          ; High Pulse Width ; mcu_spi_sck ; Fall       ; AnalyzerSpiSlave:U3_analyzer_spi|request_command[2]                                                                        ;
; 40.836 ; 41.052       ; 0.216          ; High Pulse Width ; mcu_spi_sck ; Fall       ; AnalyzerSpiSlave:U3_analyzer_spi|request_command[3]                                                                        ;
; 40.836 ; 41.052       ; 0.216          ; High Pulse Width ; mcu_spi_sck ; Fall       ; AnalyzerSpiSlave:U3_analyzer_spi|request_command[4]                                                                        ;
; 40.836 ; 41.052       ; 0.216          ; High Pulse Width ; mcu_spi_sck ; Fall       ; AnalyzerSpiSlave:U3_analyzer_spi|request_command[5]                                                                        ;
; 40.836 ; 41.052       ; 0.216          ; High Pulse Width ; mcu_spi_sck ; Fall       ; AnalyzerSpiSlave:U3_analyzer_spi|request_command[6]                                                                        ;
; 40.836 ; 41.052       ; 0.216          ; High Pulse Width ; mcu_spi_sck ; Fall       ; AnalyzerSpiSlave:U3_analyzer_spi|request_command[7]                                                                        ;
; 40.836 ; 41.052       ; 0.216          ; High Pulse Width ; mcu_spi_sck ; Fall       ; AnalyzerSpiSlave:U3_analyzer_spi|request_command[8]                                                                        ;
; 40.836 ; 41.052       ; 0.216          ; High Pulse Width ; mcu_spi_sck ; Fall       ; AnalyzerSpiSlave:U3_analyzer_spi|request_command[9]                                                                        ;
; 40.838 ; 41.054       ; 0.216          ; High Pulse Width ; mcu_spi_sck ; Fall       ; AnalyzerSpiSlave:U3_analyzer_spi|rx_bit_count[0]                                                                           ;
; 40.838 ; 41.054       ; 0.216          ; High Pulse Width ; mcu_spi_sck ; Fall       ; AnalyzerSpiSlave:U3_analyzer_spi|rx_shift[11]                                                                              ;
; 40.838 ; 41.054       ; 0.216          ; High Pulse Width ; mcu_spi_sck ; Fall       ; AnalyzerSpiSlave:U3_analyzer_spi|rx_shift[2]                                                                               ;
; 40.838 ; 41.054       ; 0.216          ; High Pulse Width ; mcu_spi_sck ; Fall       ; AnalyzerSpiSlave:U3_analyzer_spi|rx_shift[3]                                                                               ;
; 40.838 ; 41.054       ; 0.216          ; High Pulse Width ; mcu_spi_sck ; Fall       ; AnalyzerSpiSlave:U3_analyzer_spi|rx_shift[4]                                                                               ;
; 40.838 ; 41.054       ; 0.216          ; High Pulse Width ; mcu_spi_sck ; Fall       ; AnalyzerSpiSlave:U3_analyzer_spi|rx_shift[7]                                                                               ;
; 40.839 ; 41.055       ; 0.216          ; High Pulse Width ; mcu_spi_sck ; Fall       ; AnalyzerSpiSlave:U3_analyzer_spi|flags_latched[0]                                                                          ;
; 40.839 ; 41.055       ; 0.216          ; High Pulse Width ; mcu_spi_sck ; Fall       ; AnalyzerSpiSlave:U3_analyzer_spi|flags_latched[6]                                                                          ;
; 40.839 ; 41.055       ; 0.216          ; High Pulse Width ; mcu_spi_sck ; Fall       ; AnalyzerSpiSlave:U3_analyzer_spi|frame_id_latched[0]                                                                       ;
; 40.839 ; 41.055       ; 0.216          ; High Pulse Width ; mcu_spi_sck ; Fall       ; AnalyzerSpiSlave:U3_analyzer_spi|frame_id_latched[4]                                                                       ;
; 40.839 ; 41.055       ; 0.216          ; High Pulse Width ; mcu_spi_sck ; Fall       ; AnalyzerSpiSlave:U3_analyzer_spi|frame_id_latched[6]                                                                       ;
; 40.839 ; 41.055       ; 0.216          ; High Pulse Width ; mcu_spi_sck ; Fall       ; AnalyzerSpiSlave:U3_analyzer_spi|otr_count_latched[0]                                                                      ;
; 40.839 ; 41.055       ; 0.216          ; High Pulse Width ; mcu_spi_sck ; Fall       ; AnalyzerSpiSlave:U3_analyzer_spi|otr_count_latched[13]                                                                     ;
; 40.839 ; 41.055       ; 0.216          ; High Pulse Width ; mcu_spi_sck ; Fall       ; AnalyzerSpiSlave:U3_analyzer_spi|otr_count_latched[16]                                                                     ;
; 40.839 ; 41.055       ; 0.216          ; High Pulse Width ; mcu_spi_sck ; Fall       ; AnalyzerSpiSlave:U3_analyzer_spi|otr_count_latched[20]                                                                     ;
; 40.839 ; 41.055       ; 0.216          ; High Pulse Width ; mcu_spi_sck ; Fall       ; AnalyzerSpiSlave:U3_analyzer_spi|otr_count_latched[22]                                                                     ;
; 40.839 ; 41.055       ; 0.216          ; High Pulse Width ; mcu_spi_sck ; Fall       ; AnalyzerSpiSlave:U3_analyzer_spi|otr_count_latched[29]                                                                     ;
; 40.839 ; 41.055       ; 0.216          ; High Pulse Width ; mcu_spi_sck ; Fall       ; AnalyzerSpiSlave:U3_analyzer_spi|otr_count_latched[4]                                                                      ;
; 40.839 ; 41.055       ; 0.216          ; High Pulse Width ; mcu_spi_sck ; Fall       ; AnalyzerSpiSlave:U3_analyzer_spi|otr_count_latched[6]                                                                      ;
; 40.839 ; 41.055       ; 0.216          ; High Pulse Width ; mcu_spi_sck ; Fall       ; AnalyzerSpiSlave:U3_analyzer_spi|rx_shift[14]                                                                              ;
; 40.841 ; 41.071       ; 0.230          ; Low Pulse Width  ; mcu_spi_sck ; Rise       ; Ad9233FrameCapture:U2_frame_capture|altsyncram:capture_ram|altsyncram_bl51:auto_generated|ram_block1a10~portb_address_reg0 ;
; 40.841 ; 41.071       ; 0.230          ; Low Pulse Width  ; mcu_spi_sck ; Rise       ; Ad9233FrameCapture:U2_frame_capture|read_data[10]                                                                          ;
; 40.841 ; 41.071       ; 0.230          ; Low Pulse Width  ; mcu_spi_sck ; Rise       ; Ad9233FrameCapture:U2_frame_capture|read_data[11]                                                                          ;
; 40.841 ; 41.057       ; 0.216          ; High Pulse Width ; mcu_spi_sck ; Fall       ; AnalyzerSpiSlave:U3_analyzer_spi|flags_latched[3]                                                                          ;
; 40.841 ; 41.057       ; 0.216          ; High Pulse Width ; mcu_spi_sck ; Fall       ; AnalyzerSpiSlave:U3_analyzer_spi|frame_id_latched[3]                                                                       ;
; 40.841 ; 41.057       ; 0.216          ; High Pulse Width ; mcu_spi_sck ; Fall       ; AnalyzerSpiSlave:U3_analyzer_spi|otr_count_latched[10]                                                                     ;
; 40.841 ; 41.057       ; 0.216          ; High Pulse Width ; mcu_spi_sck ; Fall       ; AnalyzerSpiSlave:U3_analyzer_spi|otr_count_latched[19]                                                                     ;
; 40.841 ; 41.057       ; 0.216          ; High Pulse Width ; mcu_spi_sck ; Fall       ; AnalyzerSpiSlave:U3_analyzer_spi|otr_count_latched[26]                                                                     ;
; 40.841 ; 41.057       ; 0.216          ; High Pulse Width ; mcu_spi_sck ; Fall       ; AnalyzerSpiSlave:U3_analyzer_spi|otr_count_latched[3]                                                                      ;
; 40.841 ; 41.057       ; 0.216          ; High Pulse Width ; mcu_spi_sck ; Fall       ; AnalyzerSpiSlave:U3_analyzer_spi|response_read_latched                                                                     ;
; 40.841 ; 41.057       ; 0.216          ; High Pulse Width ; mcu_spi_sck ; Fall       ; AnalyzerSpiSlave:U3_analyzer_spi|response_toggle                                                                           ;
; 40.842 ; 41.026       ; 0.184          ; Low Pulse Width  ; mcu_spi_sck ; Rise       ; AnalyzerSpiSlave:U3_analyzer_spi|ram_read_address[0]                                                                       ;
; 40.842 ; 41.026       ; 0.184          ; Low Pulse Width  ; mcu_spi_sck ; Rise       ; AnalyzerSpiSlave:U3_analyzer_spi|ram_read_address[10]                                                                      ;
; 40.842 ; 41.026       ; 0.184          ; Low Pulse Width  ; mcu_spi_sck ; Rise       ; AnalyzerSpiSlave:U3_analyzer_spi|ram_read_address[11]                                                                      ;
; 40.842 ; 41.026       ; 0.184          ; Low Pulse Width  ; mcu_spi_sck ; Rise       ; AnalyzerSpiSlave:U3_analyzer_spi|ram_read_address[1]                                                                       ;
; 40.842 ; 41.026       ; 0.184          ; Low Pulse Width  ; mcu_spi_sck ; Rise       ; AnalyzerSpiSlave:U3_analyzer_spi|ram_read_address[2]                                                                       ;
; 40.842 ; 41.026       ; 0.184          ; Low Pulse Width  ; mcu_spi_sck ; Rise       ; AnalyzerSpiSlave:U3_analyzer_spi|ram_read_address[3]                                                                       ;
; 40.842 ; 41.026       ; 0.184          ; Low Pulse Width  ; mcu_spi_sck ; Rise       ; AnalyzerSpiSlave:U3_analyzer_spi|ram_read_address[4]                                                                       ;
; 40.842 ; 41.026       ; 0.184          ; Low Pulse Width  ; mcu_spi_sck ; Rise       ; AnalyzerSpiSlave:U3_analyzer_spi|ram_read_address[5]                                                                       ;
; 40.842 ; 41.026       ; 0.184          ; Low Pulse Width  ; mcu_spi_sck ; Rise       ; AnalyzerSpiSlave:U3_analyzer_spi|ram_read_address[6]                                                                       ;
; 40.842 ; 41.026       ; 0.184          ; Low Pulse Width  ; mcu_spi_sck ; Rise       ; AnalyzerSpiSlave:U3_analyzer_spi|ram_read_address[7]                                                                       ;
; 40.842 ; 41.026       ; 0.184          ; Low Pulse Width  ; mcu_spi_sck ; Rise       ; AnalyzerSpiSlave:U3_analyzer_spi|ram_read_address[8]                                                                       ;
; 40.842 ; 41.026       ; 0.184          ; Low Pulse Width  ; mcu_spi_sck ; Rise       ; AnalyzerSpiSlave:U3_analyzer_spi|ram_read_address[9]                                                                       ;
; 40.847 ; 41.077       ; 0.230          ; Low Pulse Width  ; mcu_spi_sck ; Rise       ; Ad9233FrameCapture:U2_frame_capture|altsyncram:capture_ram|altsyncram_bl51:auto_generated|ram_block1a3~portb_address_reg0  ;
; 40.847 ; 41.077       ; 0.230          ; Low Pulse Width  ; mcu_spi_sck ; Rise       ; Ad9233FrameCapture:U2_frame_capture|read_data[3]                                                                           ;
; 40.847 ; 41.077       ; 0.230          ; Low Pulse Width  ; mcu_spi_sck ; Rise       ; Ad9233FrameCapture:U2_frame_capture|read_data[7]                                                                           ;
; 40.848 ; 41.064       ; 0.216          ; High Pulse Width ; mcu_spi_sck ; Fall       ; AnalyzerSpiSlave:U3_analyzer_spi|rx_shift[1]                                                                               ;
; 40.848 ; 41.064       ; 0.216          ; High Pulse Width ; mcu_spi_sck ; Fall       ; AnalyzerSpiSlave:U3_analyzer_spi|rx_shift[6]                                                                               ;
; 40.849 ; 41.065       ; 0.216          ; High Pulse Width ; mcu_spi_sck ; Fall       ; AnalyzerSpiSlave:U3_analyzer_spi|flags_latched[2]                                                                          ;
; 40.849 ; 41.065       ; 0.216          ; High Pulse Width ; mcu_spi_sck ; Fall       ; AnalyzerSpiSlave:U3_analyzer_spi|flags_latched[4]                                                                          ;
; 40.849 ; 41.065       ; 0.216          ; High Pulse Width ; mcu_spi_sck ; Fall       ; AnalyzerSpiSlave:U3_analyzer_spi|flags_latched[5]                                                                          ;
+--------+--------------+----------------+------------------+-------------+------------+----------------------------------------------------------------------------------------------------------------------------+


+-------------------------------------------------------------------------------+
; Setup Times                                                                   ;
+-----------------+-------------+--------+-------+------------+-----------------+
; Data Port       ; Clock Port  ; Rise   ; Fall  ; Clock Edge ; Clock Reference ;
+-----------------+-------------+--------+-------+------------+-----------------+
; adc_data_i[*]   ; adc_dco     ; -0.303 ; 0.299 ; Rise       ; adc_dco         ;
;  adc_data_i[0]  ; adc_dco     ; -0.319 ; 0.283 ; Rise       ; adc_dco         ;
;  adc_data_i[1]  ; adc_dco     ; -0.320 ; 0.282 ; Rise       ; adc_dco         ;
;  adc_data_i[2]  ; adc_dco     ; -0.317 ; 0.285 ; Rise       ; adc_dco         ;
;  adc_data_i[3]  ; adc_dco     ; -0.319 ; 0.283 ; Rise       ; adc_dco         ;
;  adc_data_i[4]  ; adc_dco     ; -0.313 ; 0.289 ; Rise       ; adc_dco         ;
;  adc_data_i[5]  ; adc_dco     ; -0.317 ; 0.285 ; Rise       ; adc_dco         ;
;  adc_data_i[6]  ; adc_dco     ; -0.318 ; 0.284 ; Rise       ; adc_dco         ;
;  adc_data_i[7]  ; adc_dco     ; -0.303 ; 0.299 ; Rise       ; adc_dco         ;
;  adc_data_i[8]  ; adc_dco     ; -0.318 ; 0.284 ; Rise       ; adc_dco         ;
;  adc_data_i[9]  ; adc_dco     ; -0.317 ; 0.285 ; Rise       ; adc_dco         ;
;  adc_data_i[10] ; adc_dco     ; -0.319 ; 0.283 ; Rise       ; adc_dco         ;
;  adc_data_i[11] ; adc_dco     ; -0.308 ; 0.294 ; Rise       ; adc_dco         ;
; adc_otr_i       ; adc_dco     ; -0.319 ; 0.283 ; Rise       ; adc_dco         ;
; mcu_spi_mosi    ; mcu_spi_sck ; 3.237  ; 4.020 ; Fall       ; mcu_spi_sck     ;
+-----------------+-------------+--------+-------+------------+-----------------+


+--------------------------------------------------------------------------------+
; Hold Times                                                                     ;
+-----------------+-------------+--------+--------+------------+-----------------+
; Data Port       ; Clock Port  ; Rise   ; Fall   ; Clock Edge ; Clock Reference ;
+-----------------+-------------+--------+--------+------------+-----------------+
; adc_data_i[*]   ; adc_dco     ; 0.439  ; -0.161 ; Rise       ; adc_dco         ;
;  adc_data_i[0]  ; adc_dco     ; 0.438  ; -0.162 ; Rise       ; adc_dco         ;
;  adc_data_i[1]  ; adc_dco     ; 0.439  ; -0.161 ; Rise       ; adc_dco         ;
;  adc_data_i[2]  ; adc_dco     ; 0.436  ; -0.164 ; Rise       ; adc_dco         ;
;  adc_data_i[3]  ; adc_dco     ; 0.438  ; -0.162 ; Rise       ; adc_dco         ;
;  adc_data_i[4]  ; adc_dco     ; 0.432  ; -0.168 ; Rise       ; adc_dco         ;
;  adc_data_i[5]  ; adc_dco     ; 0.436  ; -0.164 ; Rise       ; adc_dco         ;
;  adc_data_i[6]  ; adc_dco     ; 0.437  ; -0.163 ; Rise       ; adc_dco         ;
;  adc_data_i[7]  ; adc_dco     ; 0.422  ; -0.178 ; Rise       ; adc_dco         ;
;  adc_data_i[8]  ; adc_dco     ; 0.437  ; -0.163 ; Rise       ; adc_dco         ;
;  adc_data_i[9]  ; adc_dco     ; 0.436  ; -0.164 ; Rise       ; adc_dco         ;
;  adc_data_i[10] ; adc_dco     ; 0.438  ; -0.162 ; Rise       ; adc_dco         ;
;  adc_data_i[11] ; adc_dco     ; 0.427  ; -0.173 ; Rise       ; adc_dco         ;
; adc_otr_i       ; adc_dco     ; 0.438  ; -0.162 ; Rise       ; adc_dco         ;
; mcu_spi_mosi    ; mcu_spi_sck ; -0.490 ; -1.244 ; Fall       ; mcu_spi_sck     ;
+-----------------+-------------+--------+--------+------------+-----------------+


+--------------------------------------------------------------------------------------------------------------------------------------+
; Clock to Output Times                                                                                                                ;
+-------------------------+-------------+-------+-------+------------+-----------------------------------------------------------------+
; Data Port               ; Clock Port  ; Rise  ; Fall  ; Clock Edge ; Clock Reference                                                 ;
+-------------------------+-------------+-------+-------+------------+-----------------------------------------------------------------+
; adc_clk_o               ; clk_50m     ; 1.600 ;       ; Rise       ; U0_adc_pll62m5_inst|altpll_component|auto_generated|pll1|clk[0] ;
; adc_clk_o               ; clk_50m     ;       ; 1.646 ; Fall       ; U0_adc_pll62m5_inst|altpll_component|auto_generated|pll1|clk[0] ;
; adc_debug_clk_o         ; adc_dco     ; 0.982 ; 1.566 ; Rise       ; adc_dco                                                         ;
; adc_debug_sample_o[*]   ; adc_dco     ; 2.298 ; 2.423 ; Rise       ; adc_dco                                                         ;
;  adc_debug_sample_o[0]  ; adc_dco     ; 1.951 ; 2.026 ; Rise       ; adc_dco                                                         ;
;  adc_debug_sample_o[1]  ; adc_dco     ; 1.785 ; 1.797 ; Rise       ; adc_dco                                                         ;
;  adc_debug_sample_o[2]  ; adc_dco     ; 1.848 ; 1.904 ; Rise       ; adc_dco                                                         ;
;  adc_debug_sample_o[3]  ; adc_dco     ; 2.298 ; 2.423 ; Rise       ; adc_dco                                                         ;
;  adc_debug_sample_o[4]  ; adc_dco     ; 1.838 ; 1.860 ; Rise       ; adc_dco                                                         ;
;  adc_debug_sample_o[5]  ; adc_dco     ; 1.881 ; 1.951 ; Rise       ; adc_dco                                                         ;
;  adc_debug_sample_o[6]  ; adc_dco     ; 1.968 ; 1.993 ; Rise       ; adc_dco                                                         ;
;  adc_debug_sample_o[7]  ; adc_dco     ; 2.155 ; 2.247 ; Rise       ; adc_dco                                                         ;
;  adc_debug_sample_o[8]  ; adc_dco     ; 2.004 ; 2.088 ; Rise       ; adc_dco                                                         ;
;  adc_debug_sample_o[9]  ; adc_dco     ; 1.924 ; 1.996 ; Rise       ; adc_dco                                                         ;
;  adc_debug_sample_o[10] ; adc_dco     ; 2.019 ; 2.096 ; Rise       ; adc_dco                                                         ;
;  adc_debug_sample_o[11] ; adc_dco     ; 1.822 ; 1.840 ; Rise       ; adc_dco                                                         ;
; adc_debug_status_o[*]   ; adc_dco     ; 5.564 ; 5.855 ; Rise       ; adc_dco                                                         ;
;  adc_debug_status_o[1]  ; adc_dco     ; 2.167 ; 2.246 ; Rise       ; adc_dco                                                         ;
;  adc_debug_status_o[2]  ; adc_dco     ; 1.705 ; 1.791 ; Rise       ; adc_dco                                                         ;
;  adc_debug_status_o[3]  ; adc_dco     ; 1.685 ; 1.768 ; Rise       ; adc_dco                                                         ;
;  adc_debug_status_o[7]  ; adc_dco     ; 1.582 ; 1.650 ; Rise       ; adc_dco                                                         ;
;  adc_debug_status_o[8]  ; adc_dco     ; 1.588 ; 1.658 ; Rise       ; adc_dco                                                         ;
;  adc_debug_status_o[9]  ; adc_dco     ; 5.564 ; 5.855 ; Rise       ; adc_dco                                                         ;
; adc_debug_clk_o         ; adc_dco     ; 0.982 ; 1.566 ; Fall       ; adc_dco                                                         ;
; adc_oeb_o               ; clk_50m     ; 4.010 ; 3.896 ; Rise       ; clk_50m                                                         ;
; adc_spi_cs_n_o          ; clk_50m     ; 3.386 ; 3.329 ; Rise       ; clk_50m                                                         ;
; adc_spi_sclk_o          ; clk_50m     ; 3.467 ; 3.404 ; Rise       ; clk_50m                                                         ;
; adc_spi_sdio_o          ; clk_50m     ; 3.410 ; 3.472 ; Rise       ; clk_50m                                                         ;
; mcu_spi_miso            ; mcu_spi_sck ; 3.519 ; 3.566 ; Rise       ; mcu_spi_sck                                                     ;
; adc_debug_status_o[*]   ; mcu_spi_sck ; 3.085 ; 3.149 ; Fall       ; mcu_spi_sck                                                     ;
;  adc_debug_status_o[6]  ; mcu_spi_sck ; 3.085 ; 3.149 ; Fall       ; mcu_spi_sck                                                     ;
+-------------------------+-------------+-------+-------+------------+-----------------------------------------------------------------+


+--------------------------------------------------------------------------------------------------------------------------------------+
; Minimum Clock to Output Times                                                                                                        ;
+-------------------------+-------------+-------+-------+------------+-----------------------------------------------------------------+
; Data Port               ; Clock Port  ; Rise  ; Fall  ; Clock Edge ; Clock Reference                                                 ;
+-------------------------+-------------+-------+-------+------------+-----------------------------------------------------------------+
; adc_clk_o               ; clk_50m     ; 1.366 ;       ; Rise       ; U0_adc_pll62m5_inst|altpll_component|auto_generated|pll1|clk[0] ;
; adc_clk_o               ; clk_50m     ;       ; 1.409 ; Fall       ; U0_adc_pll62m5_inst|altpll_component|auto_generated|pll1|clk[0] ;
; adc_debug_clk_o         ; adc_dco     ; 0.951 ; 1.534 ; Rise       ; adc_dco                                                         ;
; adc_debug_sample_o[*]   ; adc_dco     ; 1.723 ; 1.734 ; Rise       ; adc_dco                                                         ;
;  adc_debug_sample_o[0]  ; adc_dco     ; 1.882 ; 1.954 ; Rise       ; adc_dco                                                         ;
;  adc_debug_sample_o[1]  ; adc_dco     ; 1.723 ; 1.734 ; Rise       ; adc_dco                                                         ;
;  adc_debug_sample_o[2]  ; adc_dco     ; 1.783 ; 1.837 ; Rise       ; adc_dco                                                         ;
;  adc_debug_sample_o[3]  ; adc_dco     ; 2.215 ; 2.335 ; Rise       ; adc_dco                                                         ;
;  adc_debug_sample_o[4]  ; adc_dco     ; 1.773 ; 1.795 ; Rise       ; adc_dco                                                         ;
;  adc_debug_sample_o[5]  ; adc_dco     ; 1.815 ; 1.882 ; Rise       ; adc_dco                                                         ;
;  adc_debug_sample_o[6]  ; adc_dco     ; 1.899 ; 1.922 ; Rise       ; adc_dco                                                         ;
;  adc_debug_sample_o[7]  ; adc_dco     ; 2.078 ; 2.166 ; Rise       ; adc_dco                                                         ;
;  adc_debug_sample_o[8]  ; adc_dco     ; 1.933 ; 2.014 ; Rise       ; adc_dco                                                         ;
;  adc_debug_sample_o[9]  ; adc_dco     ; 1.856 ; 1.925 ; Rise       ; adc_dco                                                         ;
;  adc_debug_sample_o[10] ; adc_dco     ; 1.948 ; 2.021 ; Rise       ; adc_dco                                                         ;
;  adc_debug_sample_o[11] ; adc_dco     ; 1.758 ; 1.775 ; Rise       ; adc_dco                                                         ;
; adc_debug_status_o[*]   ; adc_dco     ; 1.522 ; 1.587 ; Rise       ; adc_dco                                                         ;
;  adc_debug_status_o[1]  ; adc_dco     ; 2.090 ; 2.165 ; Rise       ; adc_dco                                                         ;
;  adc_debug_status_o[2]  ; adc_dco     ; 1.640 ; 1.722 ; Rise       ; adc_dco                                                         ;
;  adc_debug_status_o[3]  ; adc_dco     ; 1.621 ; 1.700 ; Rise       ; adc_dco                                                         ;
;  adc_debug_status_o[7]  ; adc_dco     ; 1.522 ; 1.587 ; Rise       ; adc_dco                                                         ;
;  adc_debug_status_o[8]  ; adc_dco     ; 1.528 ; 1.595 ; Rise       ; adc_dco                                                         ;
;  adc_debug_status_o[9]  ; adc_dco     ; 2.245 ; 2.342 ; Rise       ; adc_dco                                                         ;
; adc_debug_clk_o         ; adc_dco     ; 0.951 ; 1.534 ; Fall       ; adc_dco                                                         ;
; adc_oeb_o               ; clk_50m     ; 3.878 ; 3.769 ; Rise       ; clk_50m                                                         ;
; adc_spi_cs_n_o          ; clk_50m     ; 3.281 ; 3.226 ; Rise       ; clk_50m                                                         ;
; adc_spi_sclk_o          ; clk_50m     ; 3.357 ; 3.296 ; Rise       ; clk_50m                                                         ;
; adc_spi_sdio_o          ; clk_50m     ; 3.302 ; 3.362 ; Rise       ; clk_50m                                                         ;
; mcu_spi_miso            ; mcu_spi_sck ; 3.397 ; 3.440 ; Rise       ; mcu_spi_sck                                                     ;
; adc_debug_status_o[*]   ; mcu_spi_sck ; 2.529 ; 2.569 ; Fall       ; mcu_spi_sck                                                     ;
;  adc_debug_status_o[6]  ; mcu_spi_sck ; 2.529 ; 2.569 ; Fall       ; mcu_spi_sck                                                     ;
+-------------------------+-------------+-------+-------+------------+-----------------------------------------------------------------+


---------------------------------------------
; Fast 1200mV 0C Model Metastability Report ;
---------------------------------------------
No synchronizer chains to report.


+------------------------------------------------------------------------------+
; Multicorner Timing Analysis Summary                                          ;
+------------------+--------+-------+----------+---------+---------------------+
; Clock            ; Setup  ; Hold  ; Recovery ; Removal ; Minimum Pulse Width ;
+------------------+--------+-------+----------+---------+---------------------+
; Worst-case Slack ; 4.081  ; 0.165 ; N/A      ; N/A     ; 7.189               ;
;  adc_dco         ; 4.081  ; 0.165 ; N/A      ; N/A     ; 7.189               ;
;  clk_50m         ; 14.525 ; 0.186 ; N/A      ; N/A     ; 9.435               ;
;  mcu_spi_sck     ; 21.939 ; 0.199 ; N/A      ; N/A     ; 40.795              ;
; Design-wide TNS  ; 0.0    ; 0.0   ; 0.0      ; 0.0     ; 0.0                 ;
;  adc_dco         ; 0.000  ; 0.000 ; N/A      ; N/A     ; 0.000               ;
;  clk_50m         ; 0.000  ; 0.000 ; N/A      ; N/A     ; 0.000               ;
;  mcu_spi_sck     ; 0.000  ; 0.000 ; N/A      ; N/A     ; 0.000               ;
+------------------+--------+-------+----------+---------+---------------------+


+-------------------------------------------------------------------------------+
; Setup Times                                                                   ;
+-----------------+-------------+--------+-------+------------+-----------------+
; Data Port       ; Clock Port  ; Rise   ; Fall  ; Clock Edge ; Clock Reference ;
+-----------------+-------------+--------+-------+------------+-----------------+
; adc_data_i[*]   ; adc_dco     ; -0.303 ; 0.299 ; Rise       ; adc_dco         ;
;  adc_data_i[0]  ; adc_dco     ; -0.319 ; 0.283 ; Rise       ; adc_dco         ;
;  adc_data_i[1]  ; adc_dco     ; -0.320 ; 0.282 ; Rise       ; adc_dco         ;
;  adc_data_i[2]  ; adc_dco     ; -0.317 ; 0.285 ; Rise       ; adc_dco         ;
;  adc_data_i[3]  ; adc_dco     ; -0.319 ; 0.283 ; Rise       ; adc_dco         ;
;  adc_data_i[4]  ; adc_dco     ; -0.313 ; 0.289 ; Rise       ; adc_dco         ;
;  adc_data_i[5]  ; adc_dco     ; -0.317 ; 0.285 ; Rise       ; adc_dco         ;
;  adc_data_i[6]  ; adc_dco     ; -0.318 ; 0.284 ; Rise       ; adc_dco         ;
;  adc_data_i[7]  ; adc_dco     ; -0.303 ; 0.299 ; Rise       ; adc_dco         ;
;  adc_data_i[8]  ; adc_dco     ; -0.318 ; 0.284 ; Rise       ; adc_dco         ;
;  adc_data_i[9]  ; adc_dco     ; -0.317 ; 0.285 ; Rise       ; adc_dco         ;
;  adc_data_i[10] ; adc_dco     ; -0.319 ; 0.283 ; Rise       ; adc_dco         ;
;  adc_data_i[11] ; adc_dco     ; -0.308 ; 0.294 ; Rise       ; adc_dco         ;
; adc_otr_i       ; adc_dco     ; -0.319 ; 0.283 ; Rise       ; adc_dco         ;
; mcu_spi_mosi    ; mcu_spi_sck ; 8.631  ; 8.878 ; Fall       ; mcu_spi_sck     ;
+-----------------+-------------+--------+-------+------------+-----------------+


+--------------------------------------------------------------------------------+
; Hold Times                                                                     ;
+-----------------+-------------+--------+--------+------------+-----------------+
; Data Port       ; Clock Port  ; Rise   ; Fall   ; Clock Edge ; Clock Reference ;
+-----------------+-------------+--------+--------+------------+-----------------+
; adc_data_i[*]   ; adc_dco     ; 0.937  ; 0.719  ; Rise       ; adc_dco         ;
;  adc_data_i[0]  ; adc_dco     ; 0.936  ; 0.718  ; Rise       ; adc_dco         ;
;  adc_data_i[1]  ; adc_dco     ; 0.937  ; 0.719  ; Rise       ; adc_dco         ;
;  adc_data_i[2]  ; adc_dco     ; 0.934  ; 0.716  ; Rise       ; adc_dco         ;
;  adc_data_i[3]  ; adc_dco     ; 0.936  ; 0.718  ; Rise       ; adc_dco         ;
;  adc_data_i[4]  ; adc_dco     ; 0.931  ; 0.713  ; Rise       ; adc_dco         ;
;  adc_data_i[5]  ; adc_dco     ; 0.934  ; 0.716  ; Rise       ; adc_dco         ;
;  adc_data_i[6]  ; adc_dco     ; 0.936  ; 0.718  ; Rise       ; adc_dco         ;
;  adc_data_i[7]  ; adc_dco     ; 0.921  ; 0.703  ; Rise       ; adc_dco         ;
;  adc_data_i[8]  ; adc_dco     ; 0.936  ; 0.718  ; Rise       ; adc_dco         ;
;  adc_data_i[9]  ; adc_dco     ; 0.935  ; 0.717  ; Rise       ; adc_dco         ;
;  adc_data_i[10] ; adc_dco     ; 0.936  ; 0.718  ; Rise       ; adc_dco         ;
;  adc_data_i[11] ; adc_dco     ; 0.926  ; 0.708  ; Rise       ; adc_dco         ;
; adc_otr_i       ; adc_dco     ; 0.937  ; 0.719  ; Rise       ; adc_dco         ;
; mcu_spi_mosi    ; mcu_spi_sck ; -0.490 ; -1.244 ; Fall       ; mcu_spi_sck     ;
+-----------------+-------------+--------+--------+------------+-----------------+


+----------------------------------------------------------------------------------------------------------------------------------------+
; Clock to Output Times                                                                                                                  ;
+-------------------------+-------------+--------+--------+------------+-----------------------------------------------------------------+
; Data Port               ; Clock Port  ; Rise   ; Fall   ; Clock Edge ; Clock Reference                                                 ;
+-------------------------+-------------+--------+--------+------------+-----------------------------------------------------------------+
; adc_clk_o               ; clk_50m     ; 3.282  ;        ; Rise       ; U0_adc_pll62m5_inst|altpll_component|auto_generated|pll1|clk[0] ;
; adc_clk_o               ; clk_50m     ;        ; 3.178  ; Fall       ; U0_adc_pll62m5_inst|altpll_component|auto_generated|pll1|clk[0] ;
; adc_debug_clk_o         ; adc_dco     ; 2.382  ; 2.483  ; Rise       ; adc_dco                                                         ;
; adc_debug_sample_o[*]   ; adc_dco     ; 5.482  ; 5.278  ; Rise       ; adc_dco                                                         ;
;  adc_debug_sample_o[0]  ; adc_dco     ; 4.693  ; 4.548  ; Rise       ; adc_dco                                                         ;
;  adc_debug_sample_o[1]  ; adc_dco     ; 4.280  ; 4.091  ; Rise       ; adc_dco                                                         ;
;  adc_debug_sample_o[2]  ; adc_dco     ; 4.299  ; 4.190  ; Rise       ; adc_dco                                                         ;
;  adc_debug_sample_o[3]  ; adc_dco     ; 5.482  ; 5.278  ; Rise       ; adc_dco                                                         ;
;  adc_debug_sample_o[4]  ; adc_dco     ; 4.389  ; 4.203  ; Rise       ; adc_dco                                                         ;
;  adc_debug_sample_o[5]  ; adc_dco     ; 4.457  ; 4.350  ; Rise       ; adc_dco                                                         ;
;  adc_debug_sample_o[6]  ; adc_dco     ; 4.682  ; 4.445  ; Rise       ; adc_dco                                                         ;
;  adc_debug_sample_o[7]  ; adc_dco     ; 5.128  ; 4.945  ; Rise       ; adc_dco                                                         ;
;  adc_debug_sample_o[8]  ; adc_dco     ; 4.766  ; 4.608  ; Rise       ; adc_dco                                                         ;
;  adc_debug_sample_o[9]  ; adc_dco     ; 4.535  ; 4.407  ; Rise       ; adc_dco                                                         ;
;  adc_debug_sample_o[10] ; adc_dco     ; 4.769  ; 4.606  ; Rise       ; adc_dco                                                         ;
;  adc_debug_sample_o[11] ; adc_dco     ; 4.337  ; 4.156  ; Rise       ; adc_dco                                                         ;
; adc_debug_status_o[*]   ; adc_dco     ; 13.354 ; 13.106 ; Rise       ; adc_dco                                                         ;
;  adc_debug_status_o[1]  ; adc_dco     ; 5.088  ; 4.930  ; Rise       ; adc_dco                                                         ;
;  adc_debug_status_o[2]  ; adc_dco     ; 4.139  ; 4.081  ; Rise       ; adc_dco                                                         ;
;  adc_debug_status_o[3]  ; adc_dco     ; 4.116  ; 4.036  ; Rise       ; adc_dco                                                         ;
;  adc_debug_status_o[7]  ; adc_dco     ; 3.816  ; 3.804  ; Rise       ; adc_dco                                                         ;
;  adc_debug_status_o[8]  ; adc_dco     ; 3.824  ; 3.814  ; Rise       ; adc_dco                                                         ;
;  adc_debug_status_o[9]  ; adc_dco     ; 13.354 ; 13.106 ; Rise       ; adc_dco                                                         ;
; adc_debug_clk_o         ; adc_dco     ; 2.382  ; 2.483  ; Fall       ; adc_dco                                                         ;
; adc_oeb_o               ; clk_50m     ; 8.099  ; 8.421  ; Rise       ; clk_50m                                                         ;
; adc_spi_cs_n_o          ; clk_50m     ; 6.846  ; 6.909  ; Rise       ; clk_50m                                                         ;
; adc_spi_sclk_o          ; clk_50m     ; 7.018  ; 7.127  ; Rise       ; clk_50m                                                         ;
; adc_spi_sdio_o          ; clk_50m     ; 7.115  ; 7.014  ; Rise       ; clk_50m                                                         ;
; mcu_spi_miso            ; mcu_spi_sck ; 7.727  ; 7.549  ; Rise       ; mcu_spi_sck                                                     ;
; adc_debug_status_o[*]   ; mcu_spi_sck ; 6.341  ; 6.115  ; Fall       ; mcu_spi_sck                                                     ;
;  adc_debug_status_o[6]  ; mcu_spi_sck ; 6.341  ; 6.115  ; Fall       ; mcu_spi_sck                                                     ;
+-------------------------+-------------+--------+--------+------------+-----------------------------------------------------------------+


+--------------------------------------------------------------------------------------------------------------------------------------+
; Minimum Clock to Output Times                                                                                                        ;
+-------------------------+-------------+-------+-------+------------+-----------------------------------------------------------------+
; Data Port               ; Clock Port  ; Rise  ; Fall  ; Clock Edge ; Clock Reference                                                 ;
+-------------------------+-------------+-------+-------+------------+-----------------------------------------------------------------+
; adc_clk_o               ; clk_50m     ; 1.366 ;       ; Rise       ; U0_adc_pll62m5_inst|altpll_component|auto_generated|pll1|clk[0] ;
; adc_clk_o               ; clk_50m     ;       ; 1.409 ; Fall       ; U0_adc_pll62m5_inst|altpll_component|auto_generated|pll1|clk[0] ;
; adc_debug_clk_o         ; adc_dco     ; 0.951 ; 1.534 ; Rise       ; adc_dco                                                         ;
; adc_debug_sample_o[*]   ; adc_dco     ; 1.723 ; 1.734 ; Rise       ; adc_dco                                                         ;
;  adc_debug_sample_o[0]  ; adc_dco     ; 1.882 ; 1.954 ; Rise       ; adc_dco                                                         ;
;  adc_debug_sample_o[1]  ; adc_dco     ; 1.723 ; 1.734 ; Rise       ; adc_dco                                                         ;
;  adc_debug_sample_o[2]  ; adc_dco     ; 1.783 ; 1.837 ; Rise       ; adc_dco                                                         ;
;  adc_debug_sample_o[3]  ; adc_dco     ; 2.215 ; 2.335 ; Rise       ; adc_dco                                                         ;
;  adc_debug_sample_o[4]  ; adc_dco     ; 1.773 ; 1.795 ; Rise       ; adc_dco                                                         ;
;  adc_debug_sample_o[5]  ; adc_dco     ; 1.815 ; 1.882 ; Rise       ; adc_dco                                                         ;
;  adc_debug_sample_o[6]  ; adc_dco     ; 1.899 ; 1.922 ; Rise       ; adc_dco                                                         ;
;  adc_debug_sample_o[7]  ; adc_dco     ; 2.078 ; 2.166 ; Rise       ; adc_dco                                                         ;
;  adc_debug_sample_o[8]  ; adc_dco     ; 1.933 ; 2.014 ; Rise       ; adc_dco                                                         ;
;  adc_debug_sample_o[9]  ; adc_dco     ; 1.856 ; 1.925 ; Rise       ; adc_dco                                                         ;
;  adc_debug_sample_o[10] ; adc_dco     ; 1.948 ; 2.021 ; Rise       ; adc_dco                                                         ;
;  adc_debug_sample_o[11] ; adc_dco     ; 1.758 ; 1.775 ; Rise       ; adc_dco                                                         ;
; adc_debug_status_o[*]   ; adc_dco     ; 1.522 ; 1.587 ; Rise       ; adc_dco                                                         ;
;  adc_debug_status_o[1]  ; adc_dco     ; 2.090 ; 2.165 ; Rise       ; adc_dco                                                         ;
;  adc_debug_status_o[2]  ; adc_dco     ; 1.640 ; 1.722 ; Rise       ; adc_dco                                                         ;
;  adc_debug_status_o[3]  ; adc_dco     ; 1.621 ; 1.700 ; Rise       ; adc_dco                                                         ;
;  adc_debug_status_o[7]  ; adc_dco     ; 1.522 ; 1.587 ; Rise       ; adc_dco                                                         ;
;  adc_debug_status_o[8]  ; adc_dco     ; 1.528 ; 1.595 ; Rise       ; adc_dco                                                         ;
;  adc_debug_status_o[9]  ; adc_dco     ; 2.245 ; 2.342 ; Rise       ; adc_dco                                                         ;
; adc_debug_clk_o         ; adc_dco     ; 0.951 ; 1.534 ; Fall       ; adc_dco                                                         ;
; adc_oeb_o               ; clk_50m     ; 3.878 ; 3.769 ; Rise       ; clk_50m                                                         ;
; adc_spi_cs_n_o          ; clk_50m     ; 3.281 ; 3.226 ; Rise       ; clk_50m                                                         ;
; adc_spi_sclk_o          ; clk_50m     ; 3.357 ; 3.296 ; Rise       ; clk_50m                                                         ;
; adc_spi_sdio_o          ; clk_50m     ; 3.302 ; 3.362 ; Rise       ; clk_50m                                                         ;
; mcu_spi_miso            ; mcu_spi_sck ; 3.397 ; 3.440 ; Rise       ; mcu_spi_sck                                                     ;
; adc_debug_status_o[*]   ; mcu_spi_sck ; 2.529 ; 2.569 ; Fall       ; mcu_spi_sck                                                     ;
;  adc_debug_status_o[6]  ; mcu_spi_sck ; 2.529 ; 2.569 ; Fall       ; mcu_spi_sck                                                     ;
+-------------------------+-------------+-------+-------+------------+-----------------------------------------------------------------+


+-------------------------------------------------------------------------------------------------------------------------------------------------------------------------------------------------------------------------------------------------------------------------------------------------------------------------------------------------------------------------------------------------------------------+
; Board Trace Model Assignments                                                                                                                                                                                                                                                                                                                                                                                     ;
+----------------+--------------+-------------------+-------------------------+-------------------------+---------------+---------------------+----------------+------------------+--------+------------------+------------------------+------------------------+--------------+---------------+-----------------+-------+---------------------+--------------------+---------------+-----------------+-------------+
; Pin            ; I/O Standard ; Near Tline Length ; Near Tline L per Length ; Near Tline C per Length ; Near Series R ; Near Differential R ; Near Pull-up R ; Near Pull-down R ; Near C ; Far Tline Length ; Far Tline L per Length ; Far Tline C per Length ; Far Series R ; Far Pull-up R ; Far Pull-down R ; Far C ; Termination Voltage ; Far Differential R ; EBD File Name ; EBD Signal Name ; EBD Far-end ;
+----------------+--------------+-------------------+-------------------------+-------------------------+---------------+---------------------+----------------+------------------+--------+------------------+------------------------+------------------------+--------------+---------------+-----------------+-------+---------------------+--------------------+---------------+-----------------+-------------+
; mcu_spi_miso   ; 3.3-V LVTTL  ; 0 in              ; 0 H/in                  ; 0 F/in                  ; short         ; -                   ; open           ; open             ; open   ; 0 in             ; 0 H/in                 ; 0 F/in                 ; short        ; open          ; open            ; open  ; 0 V                 ; -                  ; n/a           ; n/a             ; n/a         ;
; clk_driver     ; 2.5 V        ; 0 in              ; 0 H/in                  ; 0 F/in                  ; short         ; -                   ; open           ; open             ; open   ; 0 in             ; 0 H/in                 ; 0 F/in                 ; short        ; open          ; open            ; open  ; 0 V                 ; -                  ; n/a           ; n/a             ; n/a         ;
; IO_data[0]     ; 3.3-V LVCMOS ; 0 in              ; 0 H/in                  ; 0 F/in                  ; short         ; -                   ; open           ; open             ; open   ; 0 in             ; 0 H/in                 ; 0 F/in                 ; short        ; open          ; open            ; open  ; 0 V                 ; -                  ; n/a           ; n/a             ; n/a         ;
; IO_data[1]     ; 3.3-V LVCMOS ; 0 in              ; 0 H/in                  ; 0 F/in                  ; short         ; -                   ; open           ; open             ; open   ; 0 in             ; 0 H/in                 ; 0 F/in                 ; short        ; open          ; open            ; open  ; 0 V                 ; -                  ; n/a           ; n/a             ; n/a         ;
; IO_data[2]     ; 3.3-V LVCMOS ; 0 in              ; 0 H/in                  ; 0 F/in                  ; short         ; -                   ; open           ; open             ; open   ; 0 in             ; 0 H/in                 ; 0 F/in                 ; short        ; open          ; open            ; open  ; 0 V                 ; -                  ; n/a           ; n/a             ; n/a         ;
; IO_data[3]     ; 3.3-V LVCMOS ; 0 in              ; 0 H/in                  ; 0 F/in                  ; short         ; -                   ; open           ; open             ; open   ; 0 in             ; 0 H/in                 ; 0 F/in                 ; short        ; open          ; open            ; open  ; 0 V                 ; -                  ; n/a           ; n/a             ; n/a         ;
; IO_data[4]     ; 3.3-V LVCMOS ; 0 in              ; 0 H/in                  ; 0 F/in                  ; short         ; -                   ; open           ; open             ; open   ; 0 in             ; 0 H/in                 ; 0 F/in                 ; short        ; open          ; open            ; open  ; 0 V                 ; -                  ; n/a           ; n/a             ; n/a         ;
; IO_data[5]     ; 2.5 V        ; 0 in              ; 0 H/in                  ; 0 F/in                  ; short         ; -                   ; open           ; open             ; open   ; 0 in             ; 0 H/in                 ; 0 F/in                 ; short        ; open          ; open            ; open  ; 0 V                 ; -                  ; n/a           ; n/a             ; n/a         ;
; IO_data[6]     ; 2.5 V        ; 0 in              ; 0 H/in                  ; 0 F/in                  ; short         ; -                   ; open           ; open             ; open   ; 0 in             ; 0 H/in                 ; 0 F/in                 ; short        ; open          ; open            ; open  ; 0 V                 ; -                  ; n/a           ; n/a             ; n/a         ;
; IO_data[7]     ; 3.3-V LVCMOS ; 0 in              ; 0 H/in                  ; 0 F/in                  ; short         ; -                   ; open           ; open             ; open   ; 0 in             ; 0 H/in                 ; 0 F/in                 ; short        ; open          ; open            ; open  ; 0 V                 ; -                  ; n/a           ; n/a             ; n/a         ;
; IO_data[8]     ; 2.5 V        ; 0 in              ; 0 H/in                  ; 0 F/in                  ; short         ; -                   ; open           ; open             ; open   ; 0 in             ; 0 H/in                 ; 0 F/in                 ; short        ; open          ; open            ; open  ; 0 V                 ; -                  ; n/a           ; n/a             ; n/a         ;
; IO_data[9]     ; 2.5 V        ; 0 in              ; 0 H/in                  ; 0 F/in                  ; short         ; -                   ; open           ; open             ; open   ; 0 in             ; 0 H/in                 ; 0 F/in                 ; short        ; open          ; open            ; open  ; 0 V                 ; -                  ; n/a           ; n/a             ; n/a         ;
; IO_data[10]    ; 2.5 V        ; 0 in              ; 0 H/in                  ; 0 F/in                  ; short         ; -                   ; open           ; open             ; open   ; 0 in             ; 0 H/in                 ; 0 F/in                 ; short        ; open          ; open            ; open  ; 0 V                 ; -                  ; n/a           ; n/a             ; n/a         ;
; IO_data[11]    ; 2.5 V        ; 0 in              ; 0 H/in                  ; 0 F/in                  ; short         ; -                   ; open           ; open             ; open   ; 0 in             ; 0 H/in                 ; 0 F/in                 ; short        ; open          ; open            ; open  ; 0 V                 ; -                  ; n/a           ; n/a             ; n/a         ;
; IO_data[12]    ; 2.5 V        ; 0 in              ; 0 H/in                  ; 0 F/in                  ; short         ; -                   ; open           ; open             ; open   ; 0 in             ; 0 H/in                 ; 0 F/in                 ; short        ; open          ; open            ; open  ; 0 V                 ; -                  ; n/a           ; n/a             ; n/a         ;
; IO_data[13]    ; 2.5 V        ; 0 in              ; 0 H/in                  ; 0 F/in                  ; short         ; -                   ; open           ; open             ; open   ; 0 in             ; 0 H/in                 ; 0 F/in                 ; short        ; open          ; open            ; open  ; 0 V                 ; -                  ; n/a           ; n/a             ; n/a         ;
; dac_gnd        ; 2.5 V        ; 0 in              ; 0 H/in                  ; 0 F/in                  ; short         ; -                   ; open           ; open             ; open   ; 0 in             ; 0 H/in                 ; 0 F/in                 ; short        ; open          ; open            ; open  ; 0 V                 ; -                  ; n/a           ; n/a             ; n/a         ;
; adc_clk_o      ; 3.3-V LVCMOS ; 0 in              ; 0 H/in                  ; 0 F/in                  ; short         ; -                   ; open           ; open             ; open   ; 0 in             ; 0 H/in                 ; 0 F/in                 ; short        ; open          ; open            ; open  ; 0 V                 ; -                  ; n/a           ; n/a             ; n/a         ;
; adc_oeb_o      ; 3.3-V LVCMOS ; 0 in              ; 0 H/in                  ; 0 F/in                  ; short         ; -                   ; open           ; open             ; open   ; 0 in             ; 0 H/in                 ; 0 F/in                 ; short        ; open          ; open            ; open  ; 0 V                 ; -                  ; n/a           ; n/a             ; n/a         ;
; adc_pwdn_o     ; 3.3-V LVCMOS ; 0 in              ; 0 H/in                  ; 0 F/in                  ; short         ; -                   ; open           ; open             ; open   ; 0 in             ; 0 H/in                 ; 0 F/in                 ; short        ; open          ; open            ; open  ; 0 V                 ; -                  ; n/a           ; n/a             ; n/a         ;
; adc_spi_cs_n_o ; 3.3-V LVCMOS ; 0 in              ; 0 H/in                  ; 0 F/in                  ; short         ; -                   ; open           ; open             ; open   ; 0 in             ; 0 H/in                 ; 0 F/in                 ; short        ; open          ; open            ; open  ; 0 V                 ; -                  ; n/a           ; n/a             ; n/a         ;
; adc_spi_sclk_o ; 3.3-V LVCMOS ; 0 in              ; 0 H/in                  ; 0 F/in                  ; short         ; -                   ; open           ; open             ; open   ; 0 in             ; 0 H/in                 ; 0 F/in                 ; short        ; open          ; open            ; open  ; 0 V                 ; -                  ; n/a           ; n/a             ; n/a         ;
; adc_spi_sdio_o ; 3.3-V LVCMOS ; 0 in              ; 0 H/in                  ; 0 F/in                  ; short         ; -                   ; open           ; open             ; open   ; 0 in             ; 0 H/in                 ; 0 F/in                 ; short        ; open          ; open            ; open  ; 0 V                 ; -                  ; n/a           ; n/a             ; n/a         ;
; ~ALTERA_DCLK~  ; 2.5 V        ; 0 in              ; 0 H/in                  ; 0 F/in                  ; short         ; -                   ; open           ; open             ; open   ; 0 in             ; 0 H/in                 ; 0 F/in                 ; short        ; open          ; open            ; open  ; 0 V                 ; -                  ; n/a           ; n/a             ; n/a         ;
+----------------+--------------+-------------------+-------------------------+-------------------------+---------------+---------------------+----------------+------------------+--------+------------------+------------------------+------------------------+--------------+---------------+-----------------+-------+---------------------+--------------------+---------------+-----------------+-------------+


+----------------------------------------------------------------------------+
; Input Transition Times                                                     ;
+-------------------------+--------------+-----------------+-----------------+
; Pin                     ; I/O Standard ; 10-90 Rise Time ; 90-10 Fall Time ;
+-------------------------+--------------+-----------------+-----------------+
; adc_dco_i               ; 3.3-V LVCMOS ; 2640 ps         ; 2640 ps         ;
; mcu_spi_sck             ; 3.3-V LVTTL  ; 2640 ps         ; 2640 ps         ;
; mcu_uart_rx             ; 3.3-V LVTTL  ; 2640 ps         ; 2640 ps         ;
; rstn                    ; 2.5 V        ; 2000 ps         ; 2000 ps         ;
; clk                     ; 2.5 V        ; 2000 ps         ; 2000 ps         ;
; adc_data_i[0]           ; 3.3-V LVCMOS ; 2640 ps         ; 2640 ps         ;
; adc_data_i[1]           ; 3.3-V LVCMOS ; 2640 ps         ; 2640 ps         ;
; adc_data_i[2]           ; 3.3-V LVCMOS ; 2640 ps         ; 2640 ps         ;
; adc_data_i[3]           ; 3.3-V LVCMOS ; 2640 ps         ; 2640 ps         ;
; adc_data_i[4]           ; 3.3-V LVCMOS ; 2640 ps         ; 2640 ps         ;
; adc_data_i[5]           ; 3.3-V LVCMOS ; 2640 ps         ; 2640 ps         ;
; adc_data_i[6]           ; 3.3-V LVCMOS ; 2640 ps         ; 2640 ps         ;
; adc_data_i[7]           ; 3.3-V LVCMOS ; 2640 ps         ; 2640 ps         ;
; adc_data_i[8]           ; 3.3-V LVCMOS ; 2640 ps         ; 2640 ps         ;
; adc_data_i[9]           ; 3.3-V LVCMOS ; 2640 ps         ; 2640 ps         ;
; adc_data_i[10]          ; 3.3-V LVCMOS ; 2640 ps         ; 2640 ps         ;
; adc_data_i[11]          ; 3.3-V LVCMOS ; 2640 ps         ; 2640 ps         ;
; adc_otr_i               ; 3.3-V LVCMOS ; 2640 ps         ; 2640 ps         ;
; mcu_spi_mosi            ; 3.3-V LVTTL  ; 2640 ps         ; 2640 ps         ;
; ~ALTERA_ASDO_DATA1~     ; 2.5 V        ; 2000 ps         ; 2000 ps         ;
; ~ALTERA_FLASH_nCE_nCSO~ ; 2.5 V        ; 2000 ps         ; 2000 ps         ;
; ~ALTERA_DATA0~          ; 2.5 V        ; 2000 ps         ; 2000 ps         ;
+-------------------------+--------------+-----------------+-----------------+


+---------------------------------------------------------------------------------------------------------------------------------------------------------------------------------------------------------------------------------------------------------------------------------------------------------------------------------------------------------------------------------------------------------------------------------------------------------------------------------------------------------------------------------------------------------------------------------------------------------------------------------------------------------------------------------------------+
; Signal Integrity Metrics (Slow 1200mv 0c Model)                                                                                                                                                                                                                                                                                                                                                                                                                                                                                                                                                                                                                                             ;
+----------------+--------------+---------------------+---------------------+------------------------------+------------------------------+---------------------+---------------------+--------------------------------------+--------------------------------------+-----------------------------+-----------------------------+----------------------------+----------------------------+-----------------------------+-----------------------------+--------------------+--------------------+-------------------------------------+-------------------------------------+----------------------------+----------------------------+---------------------------+---------------------------+
; Pin            ; I/O Standard ; Board Delay on Rise ; Board Delay on Fall ; Steady State Voh at FPGA Pin ; Steady State Vol at FPGA Pin ; Voh Max at FPGA Pin ; Vol Min at FPGA Pin ; Ringback Voltage on Rise at FPGA Pin ; Ringback Voltage on Fall at FPGA Pin ; 10-90 Rise Time at FPGA Pin ; 90-10 Fall Time at FPGA Pin ; Monotonic Rise at FPGA Pin ; Monotonic Fall at FPGA Pin ; Steady State Voh at Far-end ; Steady State Vol at Far-end ; Voh Max at Far-end ; Vol Min at Far-end ; Ringback Voltage on Rise at Far-end ; Ringback Voltage on Fall at Far-end ; 10-90 Rise Time at Far-end ; 90-10 Fall Time at Far-end ; Monotonic Rise at Far-end ; Monotonic Fall at Far-end ;
+----------------+--------------+---------------------+---------------------+------------------------------+------------------------------+---------------------+---------------------+--------------------------------------+--------------------------------------+-----------------------------+-----------------------------+----------------------------+----------------------------+-----------------------------+-----------------------------+--------------------+--------------------+-------------------------------------+-------------------------------------+----------------------------+----------------------------+---------------------------+---------------------------+
; mcu_spi_miso   ; 3.3-V LVTTL  ; 0 s                 ; 0 s                 ; 3.08 V                       ; 8.89e-09 V                   ; 3.12 V              ; -0.11 V             ; 0.153 V                              ; 0.272 V                              ; 6.41e-10 s                  ; 4.57e-10 s                  ; No                         ; Yes                        ; 3.08 V                      ; 8.89e-09 V                  ; 3.12 V             ; -0.11 V            ; 0.153 V                             ; 0.272 V                             ; 6.41e-10 s                 ; 4.57e-10 s                 ; No                        ; Yes                       ;
; clk_driver     ; 2.5 V        ; 0 s                 ; 0 s                 ; 2.32 V                       ; 2.07e-09 V                   ; 2.33 V              ; -0.00421 V          ; 0.165 V                              ; 0.078 V                              ; 3.11e-09 s                  ; 2.85e-09 s                  ; Yes                        ; Yes                        ; 2.32 V                      ; 2.07e-09 V                  ; 2.33 V             ; -0.00421 V         ; 0.165 V                             ; 0.078 V                             ; 3.11e-09 s                 ; 2.85e-09 s                 ; Yes                       ; Yes                       ;
; IO_data[0]     ; 3.3-V LVCMOS ; 0 s                 ; 0 s                 ; 3.08 V                       ; 1.02e-08 V                   ; 3.1 V               ; -0.0354 V           ; 0.126 V                              ; 0.238 V                              ; 7.11e-10 s                  ; 6.67e-10 s                  ; Yes                        ; Yes                        ; 3.08 V                      ; 1.02e-08 V                  ; 3.1 V              ; -0.0354 V          ; 0.126 V                             ; 0.238 V                             ; 7.11e-10 s                 ; 6.67e-10 s                 ; Yes                       ; Yes                       ;
; IO_data[1]     ; 3.3-V LVCMOS ; 0 s                 ; 0 s                 ; 3.08 V                       ; 1.02e-08 V                   ; 3.1 V               ; -0.0301 V           ; 0.124 V                              ; 0.185 V                              ; 1.09e-09 s                  ; 1.06e-09 s                  ; Yes                        ; Yes                        ; 3.08 V                      ; 1.02e-08 V                  ; 3.1 V              ; -0.0301 V          ; 0.124 V                             ; 0.185 V                             ; 1.09e-09 s                 ; 1.06e-09 s                 ; Yes                       ; Yes                       ;
; IO_data[2]     ; 3.3-V LVCMOS ; 0 s                 ; 0 s                 ; 3.08 V                       ; 1.02e-08 V                   ; 3.09 V              ; -0.0043 V           ; 0.127 V                              ; 0.253 V                              ; 5.96e-09 s                  ; 5.64e-09 s                  ; Yes                        ; Yes                        ; 3.08 V                      ; 1.02e-08 V                  ; 3.09 V             ; -0.0043 V          ; 0.127 V                             ; 0.253 V                             ; 5.96e-09 s                 ; 5.64e-09 s                 ; Yes                       ; Yes                       ;
; IO_data[3]     ; 3.3-V LVCMOS ; 0 s                 ; 0 s                 ; 3.08 V                       ; 1.02e-08 V                   ; 3.1 V               ; -0.0354 V           ; 0.126 V                              ; 0.238 V                              ; 7.11e-10 s                  ; 6.67e-10 s                  ; Yes                        ; Yes                        ; 3.08 V                      ; 1.02e-08 V                  ; 3.1 V              ; -0.0354 V          ; 0.126 V                             ; 0.238 V                             ; 7.11e-10 s                 ; 6.67e-10 s                 ; Yes                       ; Yes                       ;
; IO_data[4]     ; 3.3-V LVCMOS ; 0 s                 ; 0 s                 ; 3.08 V                       ; 1.42e-08 V                   ; 3.09 V              ; -0.0297 V           ; 0.063 V                              ; 0.266 V                              ; 7.63e-10 s                  ; 6.85e-10 s                  ; Yes                        ; Yes                        ; 3.08 V                      ; 1.42e-08 V                  ; 3.09 V             ; -0.0297 V          ; 0.063 V                             ; 0.266 V                             ; 7.63e-10 s                 ; 6.85e-10 s                 ; Yes                       ; Yes                       ;
; IO_data[5]     ; 2.5 V        ; 0 s                 ; 0 s                 ; 2.32 V                       ; 2.8e-09 V                    ; 2.37 V              ; -0.00373 V          ; 0.104 V                              ; 0.011 V                              ; 4.34e-10 s                  ; 3.82e-10 s                  ; Yes                        ; Yes                        ; 2.32 V                      ; 2.8e-09 V                   ; 2.37 V             ; -0.00373 V         ; 0.104 V                             ; 0.011 V                             ; 4.34e-10 s                 ; 3.82e-10 s                 ; Yes                       ; Yes                       ;
; IO_data[6]     ; 2.5 V        ; 0 s                 ; 0 s                 ; 2.32 V                       ; 2.8e-09 V                    ; 2.37 V              ; -0.00373 V          ; 0.104 V                              ; 0.011 V                              ; 4.34e-10 s                  ; 3.82e-10 s                  ; Yes                        ; Yes                        ; 2.32 V                      ; 2.8e-09 V                   ; 2.37 V             ; -0.00373 V         ; 0.104 V                             ; 0.011 V                             ; 4.34e-10 s                 ; 3.82e-10 s                 ; Yes                       ; Yes                       ;
; IO_data[7]     ; 3.3-V LVCMOS ; 0 s                 ; 0 s                 ; 3.08 V                       ; 1.02e-08 V                   ; 3.1 V               ; -0.0301 V           ; 0.124 V                              ; 0.185 V                              ; 1.09e-09 s                  ; 1.06e-09 s                  ; Yes                        ; Yes                        ; 3.08 V                      ; 1.02e-08 V                  ; 3.1 V              ; -0.0301 V          ; 0.124 V                             ; 0.185 V                             ; 1.09e-09 s                 ; 1.06e-09 s                 ; Yes                       ; Yes                       ;
; IO_data[8]     ; 2.5 V        ; 0 s                 ; 0 s                 ; 2.32 V                       ; 2.8e-09 V                    ; 2.37 V              ; -0.00373 V          ; 0.104 V                              ; 0.011 V                              ; 4.34e-10 s                  ; 3.82e-10 s                  ; Yes                        ; Yes                        ; 2.32 V                      ; 2.8e-09 V                   ; 2.37 V             ; -0.00373 V         ; 0.104 V                             ; 0.011 V                             ; 4.34e-10 s                 ; 3.82e-10 s                 ; Yes                       ; Yes                       ;
; IO_data[9]     ; 2.5 V        ; 0 s                 ; 0 s                 ; 2.32 V                       ; 2.07e-09 V                   ; 2.38 V              ; -0.0073 V           ; 0.097 V                              ; 0.018 V                              ; 4.24e-10 s                  ; 3.65e-10 s                  ; No                         ; Yes                        ; 2.32 V                      ; 2.07e-09 V                  ; 2.38 V             ; -0.0073 V          ; 0.097 V                             ; 0.018 V                             ; 4.24e-10 s                 ; 3.65e-10 s                 ; No                        ; Yes                       ;
; IO_data[10]    ; 2.5 V        ; 0 s                 ; 0 s                 ; 2.32 V                       ; 2.07e-09 V                   ; 2.36 V              ; -0.00737 V          ; 0.209 V                              ; 0.012 V                              ; 5.22e-10 s                  ; 5.33e-10 s                  ; Yes                        ; Yes                        ; 2.32 V                      ; 2.07e-09 V                  ; 2.36 V             ; -0.00737 V         ; 0.209 V                             ; 0.012 V                             ; 5.22e-10 s                 ; 5.33e-10 s                 ; Yes                       ; Yes                       ;
; IO_data[11]    ; 2.5 V        ; 0 s                 ; 0 s                 ; 2.32 V                       ; 2.07e-09 V                   ; 2.36 V              ; -0.00737 V          ; 0.209 V                              ; 0.012 V                              ; 5.22e-10 s                  ; 5.33e-10 s                  ; Yes                        ; Yes                        ; 2.32 V                      ; 2.07e-09 V                  ; 2.36 V             ; -0.00737 V         ; 0.209 V                             ; 0.012 V                             ; 5.22e-10 s                 ; 5.33e-10 s                 ; Yes                       ; Yes                       ;
; IO_data[12]    ; 2.5 V        ; 0 s                 ; 0 s                 ; 2.32 V                       ; 2.07e-09 V                   ; 2.36 V              ; -0.00737 V          ; 0.209 V                              ; 0.012 V                              ; 5.22e-10 s                  ; 5.33e-10 s                  ; Yes                        ; Yes                        ; 2.32 V                      ; 2.07e-09 V                  ; 2.36 V             ; -0.00737 V         ; 0.209 V                             ; 0.012 V                             ; 5.22e-10 s                 ; 5.33e-10 s                 ; Yes                       ; Yes                       ;
; IO_data[13]    ; 2.5 V        ; 0 s                 ; 0 s                 ; 2.32 V                       ; 2.07e-09 V                   ; 2.36 V              ; -0.00737 V          ; 0.209 V                              ; 0.012 V                              ; 5.22e-10 s                  ; 5.33e-10 s                  ; Yes                        ; Yes                        ; 2.32 V                      ; 2.07e-09 V                  ; 2.36 V             ; -0.00737 V         ; 0.209 V                             ; 0.012 V                             ; 5.22e-10 s                 ; 5.33e-10 s                 ; Yes                       ; Yes                       ;
; dac_gnd        ; 2.5 V        ; 0 s                 ; 0 s                 ; 2.32 V                       ; 2.07e-09 V                   ; 2.36 V              ; -0.00737 V          ; 0.209 V                              ; 0.012 V                              ; 5.22e-10 s                  ; 5.33e-10 s                  ; Yes                        ; Yes                        ; 2.32 V                      ; 2.07e-09 V                  ; 2.36 V             ; -0.00737 V         ; 0.209 V                             ; 0.012 V                             ; 5.22e-10 s                 ; 5.33e-10 s                 ; Yes                       ; Yes                       ;
; adc_clk_o      ; 3.3-V LVCMOS ; 0 s                 ; 0 s                 ; 3.08 V                       ; 1.42e-08 V                   ; 3.09 V              ; -0.0297 V           ; 0.063 V                              ; 0.266 V                              ; 7.63e-10 s                  ; 6.85e-10 s                  ; Yes                        ; Yes                        ; 3.08 V                      ; 1.42e-08 V                  ; 3.09 V             ; -0.0297 V          ; 0.063 V                             ; 0.266 V                             ; 7.63e-10 s                 ; 6.85e-10 s                 ; Yes                       ; Yes                       ;
; adc_oeb_o      ; 3.3-V LVCMOS ; 0 s                 ; 0 s                 ; 3.08 V                       ; 1.42e-08 V                   ; 3.09 V              ; -0.0297 V           ; 0.063 V                              ; 0.266 V                              ; 7.63e-10 s                  ; 6.85e-10 s                  ; Yes                        ; Yes                        ; 3.08 V                      ; 1.42e-08 V                  ; 3.09 V             ; -0.0297 V          ; 0.063 V                             ; 0.266 V                             ; 7.63e-10 s                 ; 6.85e-10 s                 ; Yes                       ; Yes                       ;
; adc_pwdn_o     ; 3.3-V LVCMOS ; 0 s                 ; 0 s                 ; 3.08 V                       ; 1.42e-08 V                   ; 3.09 V              ; -0.0297 V           ; 0.063 V                              ; 0.266 V                              ; 7.63e-10 s                  ; 6.85e-10 s                  ; Yes                        ; Yes                        ; 3.08 V                      ; 1.42e-08 V                  ; 3.09 V             ; -0.0297 V          ; 0.063 V                             ; 0.266 V                             ; 7.63e-10 s                 ; 6.85e-10 s                 ; Yes                       ; Yes                       ;
; adc_spi_cs_n_o ; 3.3-V LVCMOS ; 0 s                 ; 0 s                 ; 3.08 V                       ; 1.42e-08 V                   ; 3.09 V              ; -0.0297 V           ; 0.063 V                              ; 0.266 V                              ; 7.63e-10 s                  ; 6.85e-10 s                  ; Yes                        ; Yes                        ; 3.08 V                      ; 1.42e-08 V                  ; 3.09 V             ; -0.0297 V          ; 0.063 V                             ; 0.266 V                             ; 7.63e-10 s                 ; 6.85e-10 s                 ; Yes                       ; Yes                       ;
; adc_spi_sclk_o ; 3.3-V LVCMOS ; 0 s                 ; 0 s                 ; 3.08 V                       ; 1.42e-08 V                   ; 3.09 V              ; -0.0297 V           ; 0.063 V                              ; 0.266 V                              ; 7.63e-10 s                  ; 6.85e-10 s                  ; Yes                        ; Yes                        ; 3.08 V                      ; 1.42e-08 V                  ; 3.09 V             ; -0.0297 V          ; 0.063 V                             ; 0.266 V                             ; 7.63e-10 s                 ; 6.85e-10 s                 ; Yes                       ; Yes                       ;
; adc_spi_sdio_o ; 3.3-V LVCMOS ; 0 s                 ; 0 s                 ; 3.08 V                       ; 1.42e-08 V                   ; 3.09 V              ; -0.0297 V           ; 0.063 V                              ; 0.266 V                              ; 7.63e-10 s                  ; 6.85e-10 s                  ; Yes                        ; Yes                        ; 3.08 V                      ; 1.42e-08 V                  ; 3.09 V             ; -0.0297 V          ; 0.063 V                             ; 0.266 V                             ; 7.63e-10 s                 ; 6.85e-10 s                 ; Yes                       ; Yes                       ;
; ~ALTERA_DCLK~  ; 2.5 V        ; 0 s                 ; 0 s                 ; 2.32 V                       ; 1.74e-09 V                   ; 2.37 V              ; -0.0346 V           ; 0.198 V                              ; 0.094 V                              ; 3.14e-10 s                  ; 2.92e-10 s                  ; Yes                        ; Yes                        ; 2.32 V                      ; 1.74e-09 V                  ; 2.37 V             ; -0.0346 V          ; 0.198 V                             ; 0.094 V                             ; 3.14e-10 s                 ; 2.92e-10 s                 ; Yes                       ; Yes                       ;
+----------------+--------------+---------------------+---------------------+------------------------------+------------------------------+---------------------+---------------------+--------------------------------------+--------------------------------------+-----------------------------+-----------------------------+----------------------------+----------------------------+-----------------------------+-----------------------------+--------------------+--------------------+-------------------------------------+-------------------------------------+----------------------------+----------------------------+---------------------------+---------------------------+


+---------------------------------------------------------------------------------------------------------------------------------------------------------------------------------------------------------------------------------------------------------------------------------------------------------------------------------------------------------------------------------------------------------------------------------------------------------------------------------------------------------------------------------------------------------------------------------------------------------------------------------------------------------------------------------------------+
; Signal Integrity Metrics (Slow 1200mv 85c Model)                                                                                                                                                                                                                                                                                                                                                                                                                                                                                                                                                                                                                                            ;
+----------------+--------------+---------------------+---------------------+------------------------------+------------------------------+---------------------+---------------------+--------------------------------------+--------------------------------------+-----------------------------+-----------------------------+----------------------------+----------------------------+-----------------------------+-----------------------------+--------------------+--------------------+-------------------------------------+-------------------------------------+----------------------------+----------------------------+---------------------------+---------------------------+
; Pin            ; I/O Standard ; Board Delay on Rise ; Board Delay on Fall ; Steady State Voh at FPGA Pin ; Steady State Vol at FPGA Pin ; Voh Max at FPGA Pin ; Vol Min at FPGA Pin ; Ringback Voltage on Rise at FPGA Pin ; Ringback Voltage on Fall at FPGA Pin ; 10-90 Rise Time at FPGA Pin ; 90-10 Fall Time at FPGA Pin ; Monotonic Rise at FPGA Pin ; Monotonic Fall at FPGA Pin ; Steady State Voh at Far-end ; Steady State Vol at Far-end ; Voh Max at Far-end ; Vol Min at Far-end ; Ringback Voltage on Rise at Far-end ; Ringback Voltage on Fall at Far-end ; 10-90 Rise Time at Far-end ; 90-10 Fall Time at Far-end ; Monotonic Rise at Far-end ; Monotonic Fall at Far-end ;
+----------------+--------------+---------------------+---------------------+------------------------------+------------------------------+---------------------+---------------------+--------------------------------------+--------------------------------------+-----------------------------+-----------------------------+----------------------------+----------------------------+-----------------------------+-----------------------------+--------------------+--------------------+-------------------------------------+-------------------------------------+----------------------------+----------------------------+---------------------------+---------------------------+
; mcu_spi_miso   ; 3.3-V LVTTL  ; 0 s                 ; 0 s                 ; 3.08 V                       ; 7.5e-07 V                    ; 3.11 V              ; -0.0503 V           ; 0.122 V                              ; 0.172 V                              ; 7.08e-10 s                  ; 6.43e-10 s                  ; Yes                        ; Yes                        ; 3.08 V                      ; 7.5e-07 V                   ; 3.11 V             ; -0.0503 V          ; 0.122 V                             ; 0.172 V                             ; 7.08e-10 s                 ; 6.43e-10 s                 ; Yes                       ; Yes                       ;
; clk_driver     ; 2.5 V        ; 0 s                 ; 0 s                 ; 2.32 V                       ; 1.93e-07 V                   ; 2.33 V              ; -0.0022 V           ; 0.088 V                              ; 0.056 V                              ; 3.76e-09 s                  ; 3.48e-09 s                  ; Yes                        ; Yes                        ; 2.32 V                      ; 1.93e-07 V                  ; 2.33 V             ; -0.0022 V          ; 0.088 V                             ; 0.056 V                             ; 3.76e-09 s                 ; 3.48e-09 s                 ; Yes                       ; Yes                       ;
; IO_data[0]     ; 3.3-V LVCMOS ; 0 s                 ; 0 s                 ; 3.08 V                       ; 8.04e-07 V                   ; 3.09 V              ; -0.0143 V           ; 0.06 V                               ; 0.116 V                              ; 8.95e-10 s                  ; 8.68e-10 s                  ; Yes                        ; Yes                        ; 3.08 V                      ; 8.04e-07 V                  ; 3.09 V             ; -0.0143 V          ; 0.06 V                              ; 0.116 V                             ; 8.95e-10 s                 ; 8.68e-10 s                 ; Yes                       ; Yes                       ;
; IO_data[1]     ; 3.3-V LVCMOS ; 0 s                 ; 0 s                 ; 3.08 V                       ; 8.04e-07 V                   ; 3.09 V              ; -0.0131 V           ; 0.048 V                              ; 0.136 V                              ; 1.32e-09 s                  ; 1.29e-09 s                  ; Yes                        ; Yes                        ; 3.08 V                      ; 8.04e-07 V                  ; 3.09 V             ; -0.0131 V          ; 0.048 V                             ; 0.136 V                             ; 1.32e-09 s                 ; 1.29e-09 s                 ; Yes                       ; Yes                       ;
; IO_data[2]     ; 3.3-V LVCMOS ; 0 s                 ; 0 s                 ; 3.08 V                       ; 8.04e-07 V                   ; 3.09 V              ; -0.00172 V          ; 0.052 V                              ; 0.174 V                              ; 7.27e-09 s                  ; 7.12e-09 s                  ; Yes                        ; Yes                        ; 3.08 V                      ; 8.04e-07 V                  ; 3.09 V             ; -0.00172 V         ; 0.052 V                             ; 0.174 V                             ; 7.27e-09 s                 ; 7.12e-09 s                 ; Yes                       ; Yes                       ;
; IO_data[3]     ; 3.3-V LVCMOS ; 0 s                 ; 0 s                 ; 3.08 V                       ; 8.04e-07 V                   ; 3.09 V              ; -0.0143 V           ; 0.06 V                               ; 0.116 V                              ; 8.95e-10 s                  ; 8.68e-10 s                  ; Yes                        ; Yes                        ; 3.08 V                      ; 8.04e-07 V                  ; 3.09 V             ; -0.0143 V          ; 0.06 V                              ; 0.116 V                             ; 8.95e-10 s                 ; 8.68e-10 s                 ; Yes                       ; Yes                       ;
; IO_data[4]     ; 3.3-V LVCMOS ; 0 s                 ; 0 s                 ; 3.08 V                       ; 1.2e-06 V                    ; 3.09 V              ; -0.0134 V           ; 0.034 V                              ; 0.132 V                              ; 9.35e-10 s                  ; 8.97e-10 s                  ; Yes                        ; Yes                        ; 3.08 V                      ; 1.2e-06 V                   ; 3.09 V             ; -0.0134 V          ; 0.034 V                             ; 0.132 V                             ; 9.35e-10 s                 ; 8.97e-10 s                 ; Yes                       ; Yes                       ;
; IO_data[5]     ; 2.5 V        ; 0 s                 ; 0 s                 ; 2.32 V                       ; 2.85e-07 V                   ; 2.35 V              ; -0.0123 V           ; 0.144 V                              ; 0.042 V                              ; 4.81e-10 s                  ; 4.81e-10 s                  ; Yes                        ; Yes                        ; 2.32 V                      ; 2.85e-07 V                  ; 2.35 V             ; -0.0123 V          ; 0.144 V                             ; 0.042 V                             ; 4.81e-10 s                 ; 4.81e-10 s                 ; Yes                       ; Yes                       ;
; IO_data[6]     ; 2.5 V        ; 0 s                 ; 0 s                 ; 2.32 V                       ; 2.85e-07 V                   ; 2.35 V              ; -0.0123 V           ; 0.144 V                              ; 0.042 V                              ; 4.81e-10 s                  ; 4.81e-10 s                  ; Yes                        ; Yes                        ; 2.32 V                      ; 2.85e-07 V                  ; 2.35 V             ; -0.0123 V          ; 0.144 V                             ; 0.042 V                             ; 4.81e-10 s                 ; 4.81e-10 s                 ; Yes                       ; Yes                       ;
; IO_data[7]     ; 3.3-V LVCMOS ; 0 s                 ; 0 s                 ; 3.08 V                       ; 8.04e-07 V                   ; 3.09 V              ; -0.0131 V           ; 0.048 V                              ; 0.136 V                              ; 1.32e-09 s                  ; 1.29e-09 s                  ; Yes                        ; Yes                        ; 3.08 V                      ; 8.04e-07 V                  ; 3.09 V             ; -0.0131 V          ; 0.048 V                             ; 0.136 V                             ; 1.32e-09 s                 ; 1.29e-09 s                 ; Yes                       ; Yes                       ;
; IO_data[8]     ; 2.5 V        ; 0 s                 ; 0 s                 ; 2.32 V                       ; 2.85e-07 V                   ; 2.35 V              ; -0.0123 V           ; 0.144 V                              ; 0.042 V                              ; 4.81e-10 s                  ; 4.81e-10 s                  ; Yes                        ; Yes                        ; 2.32 V                      ; 2.85e-07 V                  ; 2.35 V             ; -0.0123 V          ; 0.144 V                             ; 0.042 V                             ; 4.81e-10 s                 ; 4.81e-10 s                 ; Yes                       ; Yes                       ;
; IO_data[9]     ; 2.5 V        ; 0 s                 ; 0 s                 ; 2.32 V                       ; 1.93e-07 V                   ; 2.35 V              ; -0.00834 V          ; 0.127 V                              ; 0.035 V                              ; 4.7e-10 s                   ; 4.64e-10 s                  ; Yes                        ; Yes                        ; 2.32 V                      ; 1.93e-07 V                  ; 2.35 V             ; -0.00834 V         ; 0.127 V                             ; 0.035 V                             ; 4.7e-10 s                  ; 4.64e-10 s                 ; Yes                       ; Yes                       ;
; IO_data[10]    ; 2.5 V        ; 0 s                 ; 0 s                 ; 2.32 V                       ; 1.93e-07 V                   ; 2.34 V              ; -0.00869 V          ; 0.14 V                               ; 0.046 V                              ; 6.89e-10 s                  ; 6.56e-10 s                  ; Yes                        ; Yes                        ; 2.32 V                      ; 1.93e-07 V                  ; 2.34 V             ; -0.00869 V         ; 0.14 V                              ; 0.046 V                             ; 6.89e-10 s                 ; 6.56e-10 s                 ; Yes                       ; Yes                       ;
; IO_data[11]    ; 2.5 V        ; 0 s                 ; 0 s                 ; 2.32 V                       ; 1.93e-07 V                   ; 2.34 V              ; -0.00869 V          ; 0.14 V                               ; 0.046 V                              ; 6.89e-10 s                  ; 6.56e-10 s                  ; Yes                        ; Yes                        ; 2.32 V                      ; 1.93e-07 V                  ; 2.34 V             ; -0.00869 V         ; 0.14 V                              ; 0.046 V                             ; 6.89e-10 s                 ; 6.56e-10 s                 ; Yes                       ; Yes                       ;
; IO_data[12]    ; 2.5 V        ; 0 s                 ; 0 s                 ; 2.32 V                       ; 1.93e-07 V                   ; 2.34 V              ; -0.00869 V          ; 0.14 V                               ; 0.046 V                              ; 6.89e-10 s                  ; 6.56e-10 s                  ; Yes                        ; Yes                        ; 2.32 V                      ; 1.93e-07 V                  ; 2.34 V             ; -0.00869 V         ; 0.14 V                              ; 0.046 V                             ; 6.89e-10 s                 ; 6.56e-10 s                 ; Yes                       ; Yes                       ;
; IO_data[13]    ; 2.5 V        ; 0 s                 ; 0 s                 ; 2.32 V                       ; 1.93e-07 V                   ; 2.34 V              ; -0.00869 V          ; 0.14 V                               ; 0.046 V                              ; 6.89e-10 s                  ; 6.56e-10 s                  ; Yes                        ; Yes                        ; 2.32 V                      ; 1.93e-07 V                  ; 2.34 V             ; -0.00869 V         ; 0.14 V                              ; 0.046 V                             ; 6.89e-10 s                 ; 6.56e-10 s                 ; Yes                       ; Yes                       ;
; dac_gnd        ; 2.5 V        ; 0 s                 ; 0 s                 ; 2.32 V                       ; 1.93e-07 V                   ; 2.34 V              ; -0.00869 V          ; 0.14 V                               ; 0.046 V                              ; 6.89e-10 s                  ; 6.56e-10 s                  ; Yes                        ; Yes                        ; 2.32 V                      ; 1.93e-07 V                  ; 2.34 V             ; -0.00869 V         ; 0.14 V                              ; 0.046 V                             ; 6.89e-10 s                 ; 6.56e-10 s                 ; Yes                       ; Yes                       ;
; adc_clk_o      ; 3.3-V LVCMOS ; 0 s                 ; 0 s                 ; 3.08 V                       ; 1.2e-06 V                    ; 3.09 V              ; -0.0134 V           ; 0.034 V                              ; 0.132 V                              ; 9.35e-10 s                  ; 8.97e-10 s                  ; Yes                        ; Yes                        ; 3.08 V                      ; 1.2e-06 V                   ; 3.09 V             ; -0.0134 V          ; 0.034 V                             ; 0.132 V                             ; 9.35e-10 s                 ; 8.97e-10 s                 ; Yes                       ; Yes                       ;
; adc_oeb_o      ; 3.3-V LVCMOS ; 0 s                 ; 0 s                 ; 3.08 V                       ; 1.2e-06 V                    ; 3.09 V              ; -0.0134 V           ; 0.034 V                              ; 0.132 V                              ; 9.35e-10 s                  ; 8.97e-10 s                  ; Yes                        ; Yes                        ; 3.08 V                      ; 1.2e-06 V                   ; 3.09 V             ; -0.0134 V          ; 0.034 V                             ; 0.132 V                             ; 9.35e-10 s                 ; 8.97e-10 s                 ; Yes                       ; Yes                       ;
; adc_pwdn_o     ; 3.3-V LVCMOS ; 0 s                 ; 0 s                 ; 3.08 V                       ; 1.2e-06 V                    ; 3.09 V              ; -0.0134 V           ; 0.034 V                              ; 0.132 V                              ; 9.35e-10 s                  ; 8.97e-10 s                  ; Yes                        ; Yes                        ; 3.08 V                      ; 1.2e-06 V                   ; 3.09 V             ; -0.0134 V          ; 0.034 V                             ; 0.132 V                             ; 9.35e-10 s                 ; 8.97e-10 s                 ; Yes                       ; Yes                       ;
; adc_spi_cs_n_o ; 3.3-V LVCMOS ; 0 s                 ; 0 s                 ; 3.08 V                       ; 1.2e-06 V                    ; 3.09 V              ; -0.0134 V           ; 0.034 V                              ; 0.132 V                              ; 9.35e-10 s                  ; 8.97e-10 s                  ; Yes                        ; Yes                        ; 3.08 V                      ; 1.2e-06 V                   ; 3.09 V             ; -0.0134 V          ; 0.034 V                             ; 0.132 V                             ; 9.35e-10 s                 ; 8.97e-10 s                 ; Yes                       ; Yes                       ;
; adc_spi_sclk_o ; 3.3-V LVCMOS ; 0 s                 ; 0 s                 ; 3.08 V                       ; 1.2e-06 V                    ; 3.09 V              ; -0.0134 V           ; 0.034 V                              ; 0.132 V                              ; 9.35e-10 s                  ; 8.97e-10 s                  ; Yes                        ; Yes                        ; 3.08 V                      ; 1.2e-06 V                   ; 3.09 V             ; -0.0134 V          ; 0.034 V                             ; 0.132 V                             ; 9.35e-10 s                 ; 8.97e-10 s                 ; Yes                       ; Yes                       ;
; adc_spi_sdio_o ; 3.3-V LVCMOS ; 0 s                 ; 0 s                 ; 3.08 V                       ; 1.2e-06 V                    ; 3.09 V              ; -0.0134 V           ; 0.034 V                              ; 0.132 V                              ; 9.35e-10 s                  ; 8.97e-10 s                  ; Yes                        ; Yes                        ; 3.08 V                      ; 1.2e-06 V                   ; 3.09 V             ; -0.0134 V          ; 0.034 V                             ; 0.132 V                             ; 9.35e-10 s                 ; 8.97e-10 s                 ; Yes                       ; Yes                       ;
; ~ALTERA_DCLK~  ; 2.5 V        ; 0 s                 ; 0 s                 ; 2.32 V                       ; 1.55e-07 V                   ; 2.35 V              ; -0.00221 V          ; 0.097 V                              ; 0.005 V                              ; 4.49e-10 s                  ; 3.85e-10 s                  ; Yes                        ; Yes                        ; 2.32 V                      ; 1.55e-07 V                  ; 2.35 V             ; -0.00221 V         ; 0.097 V                             ; 0.005 V                             ; 4.49e-10 s                 ; 3.85e-10 s                 ; Yes                       ; Yes                       ;
+----------------+--------------+---------------------+---------------------+------------------------------+------------------------------+---------------------+---------------------+--------------------------------------+--------------------------------------+-----------------------------+-----------------------------+----------------------------+----------------------------+-----------------------------+-----------------------------+--------------------+--------------------+-------------------------------------+-------------------------------------+----------------------------+----------------------------+---------------------------+---------------------------+


+---------------------------------------------------------------------------------------------------------------------------------------------------------------------------------------------------------------------------------------------------------------------------------------------------------------------------------------------------------------------------------------------------------------------------------------------------------------------------------------------------------------------------------------------------------------------------------------------------------------------------------------------------------------------------------------------+
; Signal Integrity Metrics (Fast 1200mv 0c Model)                                                                                                                                                                                                                                                                                                                                                                                                                                                                                                                                                                                                                                             ;
+----------------+--------------+---------------------+---------------------+------------------------------+------------------------------+---------------------+---------------------+--------------------------------------+--------------------------------------+-----------------------------+-----------------------------+----------------------------+----------------------------+-----------------------------+-----------------------------+--------------------+--------------------+-------------------------------------+-------------------------------------+----------------------------+----------------------------+---------------------------+---------------------------+
; Pin            ; I/O Standard ; Board Delay on Rise ; Board Delay on Fall ; Steady State Voh at FPGA Pin ; Steady State Vol at FPGA Pin ; Voh Max at FPGA Pin ; Vol Min at FPGA Pin ; Ringback Voltage on Rise at FPGA Pin ; Ringback Voltage on Fall at FPGA Pin ; 10-90 Rise Time at FPGA Pin ; 90-10 Fall Time at FPGA Pin ; Monotonic Rise at FPGA Pin ; Monotonic Fall at FPGA Pin ; Steady State Voh at Far-end ; Steady State Vol at Far-end ; Voh Max at Far-end ; Vol Min at Far-end ; Ringback Voltage on Rise at Far-end ; Ringback Voltage on Fall at Far-end ; 10-90 Rise Time at Far-end ; 90-10 Fall Time at Far-end ; Monotonic Rise at Far-end ; Monotonic Fall at Far-end ;
+----------------+--------------+---------------------+---------------------+------------------------------+------------------------------+---------------------+---------------------+--------------------------------------+--------------------------------------+-----------------------------+-----------------------------+----------------------------+----------------------------+-----------------------------+-----------------------------+--------------------+--------------------+-------------------------------------+-------------------------------------+----------------------------+----------------------------+---------------------------+---------------------------+
; mcu_spi_miso   ; 3.3-V LVTTL  ; 0 s                 ; 0 s                 ; 3.46 V                       ; 1.85e-07 V                   ; 3.57 V              ; -0.141 V            ; 0.301 V                              ; 0.239 V                              ; 4.61e-10 s                  ; 4.2e-10 s                   ; No                         ; No                         ; 3.46 V                      ; 1.85e-07 V                  ; 3.57 V             ; -0.141 V           ; 0.301 V                             ; 0.239 V                             ; 4.61e-10 s                 ; 4.2e-10 s                  ; No                        ; No                        ;
; clk_driver     ; 2.5 V        ; 0 s                 ; 0 s                 ; 2.62 V                       ; 2.74e-08 V                   ; 2.64 V              ; -0.0117 V           ; 0.202 V                              ; 0.176 V                              ; 2.38e-09 s                  ; 2.22e-09 s                  ; No                         ; Yes                        ; 2.62 V                      ; 2.74e-08 V                  ; 2.64 V             ; -0.0117 V          ; 0.202 V                             ; 0.176 V                             ; 2.38e-09 s                 ; 2.22e-09 s                 ; No                        ; Yes                       ;
; IO_data[0]     ; 3.3-V LVCMOS ; 0 s                 ; 0 s                 ; 3.46 V                       ; 1.99e-07 V                   ; 3.53 V              ; -0.0671 V           ; 0.386 V                              ; 0.18 V                               ; 5.11e-10 s                  ; 6.25e-10 s                  ; No                         ; No                         ; 3.46 V                      ; 1.99e-07 V                  ; 3.53 V             ; -0.0671 V          ; 0.386 V                             ; 0.18 V                              ; 5.11e-10 s                 ; 6.25e-10 s                 ; No                        ; No                        ;
; IO_data[1]     ; 3.3-V LVCMOS ; 0 s                 ; 0 s                 ; 3.46 V                       ; 1.99e-07 V                   ; 3.52 V              ; -0.0531 V           ; 0.244 V                              ; 0.257 V                              ; 8.74e-10 s                  ; 8.74e-10 s                  ; No                         ; No                         ; 3.46 V                      ; 1.99e-07 V                  ; 3.52 V             ; -0.0531 V          ; 0.244 V                             ; 0.257 V                             ; 8.74e-10 s                 ; 8.74e-10 s                 ; No                        ; No                        ;
; IO_data[2]     ; 3.3-V LVCMOS ; 0 s                 ; 0 s                 ; 3.46 V                       ; 1.99e-07 V                   ; 3.47 V              ; -0.00847 V          ; 0.317 V                              ; 0.306 V                              ; 4.78e-09 s                  ; 4.89e-09 s                  ; No                         ; No                         ; 3.46 V                      ; 1.99e-07 V                  ; 3.47 V             ; -0.00847 V         ; 0.317 V                             ; 0.306 V                             ; 4.78e-09 s                 ; 4.89e-09 s                 ; No                        ; No                        ;
; IO_data[3]     ; 3.3-V LVCMOS ; 0 s                 ; 0 s                 ; 3.46 V                       ; 1.99e-07 V                   ; 3.53 V              ; -0.0671 V           ; 0.386 V                              ; 0.18 V                               ; 5.11e-10 s                  ; 6.25e-10 s                  ; No                         ; No                         ; 3.46 V                      ; 1.99e-07 V                  ; 3.53 V             ; -0.0671 V          ; 0.386 V                             ; 0.18 V                              ; 5.11e-10 s                 ; 6.25e-10 s                 ; No                        ; No                        ;
; IO_data[4]     ; 3.3-V LVCMOS ; 0 s                 ; 0 s                 ; 3.46 V                       ; 2.95e-07 V                   ; 3.52 V              ; -0.0582 V           ; 0.201 V                              ; 0.186 V                              ; 6.35e-10 s                  ; 6.31e-10 s                  ; No                         ; No                         ; 3.46 V                      ; 2.95e-07 V                  ; 3.52 V             ; -0.0582 V          ; 0.201 V                             ; 0.186 V                             ; 6.35e-10 s                 ; 6.31e-10 s                 ; No                        ; No                        ;
; IO_data[5]     ; 2.5 V        ; 0 s                 ; 0 s                 ; 2.62 V                       ; 4.05e-08 V                   ; 2.72 V              ; -0.0349 V           ; 0.173 V                              ; 0.1 V                                ; 2.72e-10 s                  ; 2.69e-10 s                  ; Yes                        ; Yes                        ; 2.62 V                      ; 4.05e-08 V                  ; 2.72 V             ; -0.0349 V          ; 0.173 V                             ; 0.1 V                               ; 2.72e-10 s                 ; 2.69e-10 s                 ; Yes                       ; Yes                       ;
; IO_data[6]     ; 2.5 V        ; 0 s                 ; 0 s                 ; 2.62 V                       ; 4.05e-08 V                   ; 2.72 V              ; -0.0349 V           ; 0.173 V                              ; 0.1 V                                ; 2.72e-10 s                  ; 2.69e-10 s                  ; Yes                        ; Yes                        ; 2.62 V                      ; 4.05e-08 V                  ; 2.72 V             ; -0.0349 V          ; 0.173 V                             ; 0.1 V                               ; 2.72e-10 s                 ; 2.69e-10 s                 ; Yes                       ; Yes                       ;
; IO_data[7]     ; 3.3-V LVCMOS ; 0 s                 ; 0 s                 ; 3.46 V                       ; 1.99e-07 V                   ; 3.52 V              ; -0.0531 V           ; 0.244 V                              ; 0.257 V                              ; 8.74e-10 s                  ; 8.74e-10 s                  ; No                         ; No                         ; 3.46 V                      ; 1.99e-07 V                  ; 3.52 V             ; -0.0531 V          ; 0.244 V                             ; 0.257 V                             ; 8.74e-10 s                 ; 8.74e-10 s                 ; No                        ; No                        ;
; IO_data[8]     ; 2.5 V        ; 0 s                 ; 0 s                 ; 2.62 V                       ; 4.05e-08 V                   ; 2.72 V              ; -0.0349 V           ; 0.173 V                              ; 0.1 V                                ; 2.72e-10 s                  ; 2.69e-10 s                  ; Yes                        ; Yes                        ; 2.62 V                      ; 4.05e-08 V                  ; 2.72 V             ; -0.0349 V          ; 0.173 V                             ; 0.1 V                               ; 2.72e-10 s                 ; 2.69e-10 s                 ; Yes                       ; Yes                       ;
; IO_data[9]     ; 2.5 V        ; 0 s                 ; 0 s                 ; 2.62 V                       ; 2.74e-08 V                   ; 2.73 V              ; -0.0384 V           ; 0.169 V                              ; 0.089 V                              ; 2.7e-10 s                   ; 2.62e-10 s                  ; Yes                        ; Yes                        ; 2.62 V                      ; 2.74e-08 V                  ; 2.73 V             ; -0.0384 V          ; 0.169 V                             ; 0.089 V                             ; 2.7e-10 s                  ; 2.62e-10 s                 ; Yes                       ; Yes                       ;
; IO_data[10]    ; 2.5 V        ; 0 s                 ; 0 s                 ; 2.62 V                       ; 2.74e-08 V                   ; 2.71 V              ; -0.0317 V           ; 0.148 V                              ; 0.064 V                              ; 4.51e-10 s                  ; 4.15e-10 s                  ; No                         ; Yes                        ; 2.62 V                      ; 2.74e-08 V                  ; 2.71 V             ; -0.0317 V          ; 0.148 V                             ; 0.064 V                             ; 4.51e-10 s                 ; 4.15e-10 s                 ; No                        ; Yes                       ;
; IO_data[11]    ; 2.5 V        ; 0 s                 ; 0 s                 ; 2.62 V                       ; 2.74e-08 V                   ; 2.71 V              ; -0.0317 V           ; 0.148 V                              ; 0.064 V                              ; 4.51e-10 s                  ; 4.15e-10 s                  ; No                         ; Yes                        ; 2.62 V                      ; 2.74e-08 V                  ; 2.71 V             ; -0.0317 V          ; 0.148 V                             ; 0.064 V                             ; 4.51e-10 s                 ; 4.15e-10 s                 ; No                        ; Yes                       ;
; IO_data[12]    ; 2.5 V        ; 0 s                 ; 0 s                 ; 2.62 V                       ; 2.74e-08 V                   ; 2.71 V              ; -0.0317 V           ; 0.148 V                              ; 0.064 V                              ; 4.51e-10 s                  ; 4.15e-10 s                  ; No                         ; Yes                        ; 2.62 V                      ; 2.74e-08 V                  ; 2.71 V             ; -0.0317 V          ; 0.148 V                             ; 0.064 V                             ; 4.51e-10 s                 ; 4.15e-10 s                 ; No                        ; Yes                       ;
; IO_data[13]    ; 2.5 V        ; 0 s                 ; 0 s                 ; 2.62 V                       ; 2.74e-08 V                   ; 2.71 V              ; -0.0317 V           ; 0.148 V                              ; 0.064 V                              ; 4.51e-10 s                  ; 4.15e-10 s                  ; No                         ; Yes                        ; 2.62 V                      ; 2.74e-08 V                  ; 2.71 V             ; -0.0317 V          ; 0.148 V                             ; 0.064 V                             ; 4.51e-10 s                 ; 4.15e-10 s                 ; No                        ; Yes                       ;
; dac_gnd        ; 2.5 V        ; 0 s                 ; 0 s                 ; 2.62 V                       ; 2.74e-08 V                   ; 2.71 V              ; -0.0317 V           ; 0.148 V                              ; 0.064 V                              ; 4.51e-10 s                  ; 4.15e-10 s                  ; No                         ; Yes                        ; 2.62 V                      ; 2.74e-08 V                  ; 2.71 V             ; -0.0317 V          ; 0.148 V                             ; 0.064 V                             ; 4.51e-10 s                 ; 4.15e-10 s                 ; No                        ; Yes                       ;
; adc_clk_o      ; 3.3-V LVCMOS ; 0 s                 ; 0 s                 ; 3.46 V                       ; 2.95e-07 V                   ; 3.52 V              ; -0.0582 V           ; 0.201 V                              ; 0.186 V                              ; 6.35e-10 s                  ; 6.31e-10 s                  ; No                         ; No                         ; 3.46 V                      ; 2.95e-07 V                  ; 3.52 V             ; -0.0582 V          ; 0.201 V                             ; 0.186 V                             ; 6.35e-10 s                 ; 6.31e-10 s                 ; No                        ; No                        ;
; adc_oeb_o      ; 3.3-V LVCMOS ; 0 s                 ; 0 s                 ; 3.46 V                       ; 2.95e-07 V                   ; 3.52 V              ; -0.0582 V           ; 0.201 V                              ; 0.186 V                              ; 6.35e-10 s                  ; 6.31e-10 s                  ; No                         ; No                         ; 3.46 V                      ; 2.95e-07 V                  ; 3.52 V             ; -0.0582 V          ; 0.201 V                             ; 0.186 V                             ; 6.35e-10 s                 ; 6.31e-10 s                 ; No                        ; No                        ;
; adc_pwdn_o     ; 3.3-V LVCMOS ; 0 s                 ; 0 s                 ; 3.46 V                       ; 2.95e-07 V                   ; 3.52 V              ; -0.0582 V           ; 0.201 V                              ; 0.186 V                              ; 6.35e-10 s                  ; 6.31e-10 s                  ; No                         ; No                         ; 3.46 V                      ; 2.95e-07 V                  ; 3.52 V             ; -0.0582 V          ; 0.201 V                             ; 0.186 V                             ; 6.35e-10 s                 ; 6.31e-10 s                 ; No                        ; No                        ;
; adc_spi_cs_n_o ; 3.3-V LVCMOS ; 0 s                 ; 0 s                 ; 3.46 V                       ; 2.95e-07 V                   ; 3.52 V              ; -0.0582 V           ; 0.201 V                              ; 0.186 V                              ; 6.35e-10 s                  ; 6.31e-10 s                  ; No                         ; No                         ; 3.46 V                      ; 2.95e-07 V                  ; 3.52 V             ; -0.0582 V          ; 0.201 V                             ; 0.186 V                             ; 6.35e-10 s                 ; 6.31e-10 s                 ; No                        ; No                        ;
; adc_spi_sclk_o ; 3.3-V LVCMOS ; 0 s                 ; 0 s                 ; 3.46 V                       ; 2.95e-07 V                   ; 3.52 V              ; -0.0582 V           ; 0.201 V                              ; 0.186 V                              ; 6.35e-10 s                  ; 6.31e-10 s                  ; No                         ; No                         ; 3.46 V                      ; 2.95e-07 V                  ; 3.52 V             ; -0.0582 V          ; 0.201 V                             ; 0.186 V                             ; 6.35e-10 s                 ; 6.31e-10 s                 ; No                        ; No                        ;
; adc_spi_sdio_o ; 3.3-V LVCMOS ; 0 s                 ; 0 s                 ; 3.46 V                       ; 2.95e-07 V                   ; 3.52 V              ; -0.0582 V           ; 0.201 V                              ; 0.186 V                              ; 6.35e-10 s                  ; 6.31e-10 s                  ; No                         ; No                         ; 3.46 V                      ; 2.95e-07 V                  ; 3.52 V             ; -0.0582 V          ; 0.201 V                             ; 0.186 V                             ; 6.35e-10 s                 ; 6.31e-10 s                 ; No                        ; No                        ;
; ~ALTERA_DCLK~  ; 2.5 V        ; 0 s                 ; 0 s                 ; 2.62 V                       ; 2.22e-08 V                   ; 2.74 V              ; -0.06 V             ; 0.158 V                              ; 0.08 V                               ; 2.68e-10 s                  ; 2.19e-10 s                  ; Yes                        ; Yes                        ; 2.62 V                      ; 2.22e-08 V                  ; 2.74 V             ; -0.06 V            ; 0.158 V                             ; 0.08 V                              ; 2.68e-10 s                 ; 2.19e-10 s                 ; Yes                       ; Yes                       ;
+----------------+--------------+---------------------+---------------------+------------------------------+------------------------------+---------------------+---------------------+--------------------------------------+--------------------------------------+-----------------------------+-----------------------------+----------------------------+----------------------------+-----------------------------+-----------------------------+--------------------+--------------------+-------------------------------------+-------------------------------------+----------------------------+----------------------------+---------------------------+---------------------------+


+-----------------------------------------------------------------------------+
; Setup Transfers                                                             ;
+-------------+-------------+------------+------------+------------+----------+
; From Clock  ; To Clock    ; RR Paths   ; FR Paths   ; RF Paths   ; FF Paths ;
+-------------+-------------+------------+------------+------------+----------+
; adc_dco     ; adc_dco     ; 1065076    ; 13         ; 0          ; 0        ;
; clk_50m     ; adc_dco     ; false path ; 0          ; 0          ; 0        ;
; mcu_spi_sck ; adc_dco     ; 0          ; false path ; 0          ; 0        ;
; clk_50m     ; clk_50m     ; 1789       ; 0          ; 0          ; 0        ;
; adc_dco     ; mcu_spi_sck ; 0          ; 0          ; false path ; 0        ;
; mcu_spi_sck ; mcu_spi_sck ; 11525      ; 475        ; 1          ; 4520     ;
+-------------+-------------+------------+------------+------------+----------+
Entries labeled "false path" only account for clock-to-clock false paths and not path-based false paths. As a result, actual path counts may be lower than reported.


+-----------------------------------------------------------------------------+
; Hold Transfers                                                              ;
+-------------+-------------+------------+------------+------------+----------+
; From Clock  ; To Clock    ; RR Paths   ; FR Paths   ; RF Paths   ; FF Paths ;
+-------------+-------------+------------+------------+------------+----------+
; adc_dco     ; adc_dco     ; 1065076    ; 13         ; 0          ; 0        ;
; clk_50m     ; adc_dco     ; false path ; 0          ; 0          ; 0        ;
; mcu_spi_sck ; adc_dco     ; 0          ; false path ; 0          ; 0        ;
; clk_50m     ; clk_50m     ; 1789       ; 0          ; 0          ; 0        ;
; adc_dco     ; mcu_spi_sck ; 0          ; 0          ; false path ; 0        ;
; mcu_spi_sck ; mcu_spi_sck ; 11525      ; 475        ; 1          ; 4520     ;
+-------------+-------------+------------+------------+------------+----------+
Entries labeled "false path" only account for clock-to-clock false paths and not path-based false paths. As a result, actual path counts may be lower than reported.


---------------
; Report TCCS ;
---------------
No dedicated SERDES Transmitter circuitry present in device or used in design


---------------
; Report RSKM ;
---------------
No non-DPA dedicated SERDES Receiver circuitry present in device or used in design


+------------------------------------------------+
; Unconstrained Paths                            ;
+---------------------------------+-------+------+
; Property                        ; Setup ; Hold ;
+---------------------------------+-------+------+
; Illegal Clocks                  ; 0     ; 0    ;
; Unconstrained Clocks            ; 0     ; 0    ;
; Unconstrained Input Ports       ; 1     ; 1    ;
; Unconstrained Input Port Paths  ; 1     ; 1    ;
; Unconstrained Output Ports      ; 25    ; 25   ;
; Unconstrained Output Port Paths ; 135   ; 135  ;
+---------------------------------+-------+------+


+------------------------------------+
; TimeQuest Timing Analyzer Messages ;
+------------------------------------+
Info: *******************************************************************
Info: Running Quartus II 64-Bit TimeQuest Timing Analyzer
    Info: Version 13.1.0 Build 162 10/23/2013 SJ Full Version
    Info: Processing started: Fri Jul 31 18:46:36 2026
Info: Command: quartus_sta DAC904_HighSpeedDAC -c DAC904_HighSpeedDAC
Info: qsta_default_script.tcl version: #1
Info (11104): Parallel Compilation has detected 16 hyper-threaded processors. However, the extra hyper-threaded processors will not be used by default. Parallel Compilation will use 10 of the 10 physical processors detected instead.
Info (21077): Low junction temperature is 0 degrees C
Info (21077): High junction temperature is 85 degrees C
Info (332104): Reading SDC File: 'DAC904_HighSpeedDAC.sdc'
Info (332110): Deriving PLL clocks
    Info (332110): create_generated_clock -source {U0_adc_pll62m5_inst|altpll_component|auto_generated|pll1|inclk[0]} -divide_by 4 -multiply_by 5 -duty_cycle 50.00 -name {U0_adc_pll62m5_inst|altpll_component|auto_generated|pll1|clk[0]} {U0_adc_pll62m5_inst|altpll_component|auto_generated|pll1|clk[0]}
Info (332151): Clock uncertainty is not calculated until you update the timing netlist.
Info (332123): Deriving Clock Uncertainty. Please refer to report_sdc in TimeQuest to see clock uncertainties.
Info: Found TIMEQUEST_REPORT_SCRIPT_INCLUDE_DEFAULT_ANALYSIS = ON
Info: Analyzing Slow 1200mV 85C Model
Info (332146): Worst-case setup slack is 4.681
    Info (332119):     Slack       End Point TNS Clock 
    Info (332119): ========= =================== =====================
    Info (332119):     4.681               0.000 adc_dco 
    Info (332119):    14.525               0.000 clk_50m 
    Info (332119):    21.939               0.000 mcu_spi_sck 
Info (332146): Worst-case hold slack is 0.451
    Info (332119):     Slack       End Point TNS Clock 
    Info (332119): ========= =================== =====================
    Info (332119):     0.451               0.000 adc_dco 
    Info (332119):     0.452               0.000 clk_50m 
    Info (332119):     0.485               0.000 mcu_spi_sck 
Info (332140): No Recovery paths to report
Info (332140): No Removal paths to report
Info (332146): Worst-case minimum pulse width slack is 7.397
    Info (332119):     Slack       End Point TNS Clock 
    Info (332119): ========= =================== =====================
    Info (332119):     7.397               0.000 adc_dco 
    Info (332119):     9.784               0.000 clk_50m 
    Info (332119):    41.285               0.000 mcu_spi_sck 
Info: Analyzing Slow 1200mV 0C Model
Info (334003): Started post-fitting delay annotation
Info (334004): Delay annotation completed successfully
Info (332123): Deriving Clock Uncertainty. Please refer to report_sdc in TimeQuest to see clock uncertainties.
Info (332146): Worst-case setup slack is 4.753
    Info (332119):     Slack       End Point TNS Clock 
    Info (332119): ========= =================== =====================
    Info (332119):     4.753               0.000 adc_dco 
    Info (332119):    14.856               0.000 clk_50m 
    Info (332119):    22.469               0.000 mcu_spi_sck 
Info (332146): Worst-case hold slack is 0.400
    Info (332119):     Slack       End Point TNS Clock 
    Info (332119): ========= =================== =====================
    Info (332119):     0.400               0.000 adc_dco 
    Info (332119):     0.400               0.000 clk_50m 
    Info (332119):     0.430               0.000 mcu_spi_sck 
Info (332140): No Recovery paths to report
Info (332140): No Removal paths to report
Info (332146): Worst-case minimum pulse width slack is 7.423
    Info (332119):     Slack       End Point TNS Clock 
    Info (332119): ========= =================== =====================
    Info (332119):     7.423               0.000 adc_dco 
    Info (332119):     9.772               0.000 clk_50m 
    Info (332119):    41.149               0.000 mcu_spi_sck 
Info: Analyzing Fast 1200mV 0C Model
Info (332123): Deriving Clock Uncertainty. Please refer to report_sdc in TimeQuest to see clock uncertainties.
Info (332146): Worst-case setup slack is 4.081
    Info (332119):     Slack       End Point TNS Clock 
    Info (332119): ========= =================== =====================
    Info (332119):     4.081               0.000 adc_dco 
    Info (332119):    17.659               0.000 clk_50m 
    Info (332119):    26.100               0.000 mcu_spi_sck 
Info (332146): Worst-case hold slack is 0.165
    Info (332119):     Slack       End Point TNS Clock 
    Info (332119): ========= =================== =====================
    Info (332119):     0.165               0.000 adc_dco 
    Info (332119):     0.186               0.000 clk_50m 
    Info (332119):     0.199               0.000 mcu_spi_sck 
Info (332140): No Recovery paths to report
Info (332140): No Removal paths to report
Info (332146): Worst-case minimum pulse width slack is 7.189
    Info (332119):     Slack       End Point TNS Clock 
    Info (332119): ========= =================== =====================
    Info (332119):     7.189               0.000 adc_dco 
    Info (332119):     9.435               0.000 clk_50m 
    Info (332119):    40.795               0.000 mcu_spi_sck 
Info (332102): Design is not fully constrained for setup requirements
Info (332102): Design is not fully constrained for hold requirements
Info: Quartus II 64-Bit TimeQuest Timing Analyzer was successful. 0 errors, 0 warnings
    Info: Peak virtual memory: 4824 megabytes
    Info: Processing ended: Fri Jul 31 18:46:43 2026
    Info: Elapsed time: 00:00:07
    Info: Total CPU time (on all processors): 00:00:08


