Fitter report for DAC904_HighSpeedDAC
Fri Jul 31 18:46:28 2026
Quartus II 64-Bit Version 13.1.0 Build 162 10/23/2013 SJ Full Version


---------------------
; Table of Contents ;
---------------------
  1. Legal Notice
  2. Fitter Summary
  3. Fitter Settings
  4. Parallel Compilation
  5. I/O Assignment Warnings
  6. Fitter Netlist Optimizations
  7. Ignored Assignments
  8. Incremental Compilation Preservation Summary
  9. Incremental Compilation Partition Settings
 10. Incremental Compilation Placement Preservation
 11. Pin-Out File
 12. Fitter Resource Usage Summary
 13. Fitter Partition Statistics
 14. Input Pins
 15. Output Pins
 16. Dual Purpose and Dedicated Pins
 17. I/O Bank Usage
 18. All Package Pins
 19. PLL Summary
 20. PLL Usage
 21. Fitter Resource Utilization by Entity
 22. Delay Chain Summary
 23. Pad To Core Delay Chain Fanout
 24. Control Signals
 25. Global & Other Fast Signals
 26. Non-Global High Fan-Out Signals
 27. Fitter RAM Summary
 28. Fitter DSP Block Usage Summary
 29. DSP Block Details
 30. Routing Usage Summary
 31. LAB Logic Elements
 32. LAB-wide Signals
 33. LAB Signals Sourced
 34. LAB Signals Sourced Out
 35. LAB Distinct Inputs
 36. I/O Rules Summary
 37. I/O Rules Details
 38. I/O Rules Matrix
 39. Fitter Device Options
 40. Operating Settings and Conditions
 41. Estimated Delay Added for Hold Timing Summary
 42. Estimated Delay Added for Hold Timing Details
 43. Fitter Messages
 44. Fitter Suppressed Messages



----------------
; Legal Notice ;
----------------
Copyright (C) 1991-2013 Altera Corporation
Your use of Altera Corporation's design tools, logic functions 
and other software and tools, and its AMPP partner logic 
functions, and any output files from any of the foregoing 
(including device programming or simulation files), and any 
associated documentation or information are expressly subject 
to the terms and conditions of the Altera Program License 
Subscription Agreement, Altera MegaCore Function License 
Agreement, or other applicable license agreement, including, 
without limitation, that your use is for the sole purpose of 
programming logic devices manufactured by Altera and sold by 
Altera or its authorized distributors.  Please refer to the 
applicable agreement for further details.



+----------------------------------------------------------------------------------+
; Fitter Summary                                                                   ;
+------------------------------------+---------------------------------------------+
; Fitter Status                      ; Successful - Fri Jul 31 18:46:28 2026       ;
; Quartus II 64-Bit Version          ; 13.1.0 Build 162 10/23/2013 SJ Full Version ;
; Revision Name                      ; DAC904_HighSpeedDAC                         ;
; Top-level Entity Name              ; DAC904_WriteTEST                            ;
; Family                             ; Cyclone IV E                                ;
; Device                             ; EP4CE10F17C8                                ;
; Timing Models                      ; Final                                       ;
; Total logic elements               ; 5,684 / 10,320 ( 55 % )                     ;
;     Total combinational functions  ; 4,091 / 10,320 ( 40 % )                     ;
;     Dedicated logic registers      ; 3,589 / 10,320 ( 35 % )                     ;
; Total registers                    ; 3602                                        ;
; Total pins                         ; 42 / 180 ( 23 % )                           ;
; Total virtual pins                 ; 25                                          ;
; Total memory bits                  ; 49,152 / 423,936 ( 12 % )                   ;
; Embedded Multiplier 9-bit elements ; 14 / 46 ( 30 % )                            ;
; Total PLLs                         ; 1 / 2 ( 50 % )                              ;
+------------------------------------+---------------------------------------------+


+------------------------------------------------------------------------------------------------------------------------------------------------------------+
; Fitter Settings                                                                                                                                            ;
+----------------------------------------------------------------------------+---------------------------------------+---------------------------------------+
; Option                                                                     ; Setting                               ; Default Value                         ;
+----------------------------------------------------------------------------+---------------------------------------+---------------------------------------+
; Device                                                                     ; EP4CE10F17C8                          ;                                       ;
; Minimum Core Junction Temperature                                          ; 0                                     ;                                       ;
; Maximum Core Junction Temperature                                          ; 85                                    ;                                       ;
; Fit Attempts to Skip                                                       ; 0                                     ; 0.0                                   ;
; Device I/O Standard                                                        ; 2.5 V                                 ;                                       ;
; Use smart compilation                                                      ; Off                                   ; Off                                   ;
; Enable parallel Assembler and TimeQuest Timing Analyzer during compilation ; On                                    ; On                                    ;
; Enable compact report table                                                ; Off                                   ; Off                                   ;
; Auto Merge PLLs                                                            ; On                                    ; On                                    ;
; Router Timing Optimization Level                                           ; Normal                                ; Normal                                ;
; Perform Clocking Topology Analysis During Routing                          ; Off                                   ; Off                                   ;
; Placement Effort Multiplier                                                ; 1.0                                   ; 1.0                                   ;
; Router Effort Multiplier                                                   ; 1.0                                   ; 1.0                                   ;
; Optimize Hold Timing                                                       ; All Paths                             ; All Paths                             ;
; Optimize Multi-Corner Timing                                               ; On                                    ; On                                    ;
; PowerPlay Power Optimization                                               ; Normal compilation                    ; Normal compilation                    ;
; SSN Optimization                                                           ; Off                                   ; Off                                   ;
; Optimize Timing                                                            ; Normal compilation                    ; Normal compilation                    ;
; Optimize Timing for ECOs                                                   ; Off                                   ; Off                                   ;
; Regenerate full fit report during ECO compiles                             ; Off                                   ; Off                                   ;
; Optimize IOC Register Placement for Timing                                 ; Normal                                ; Normal                                ;
; Limit to One Fitting Attempt                                               ; Off                                   ; Off                                   ;
; Final Placement Optimizations                                              ; Automatically                         ; Automatically                         ;
; Fitter Aggressive Routability Optimizations                                ; Automatically                         ; Automatically                         ;
; Fitter Initial Placement Seed                                              ; 1                                     ; 1                                     ;
; PCI I/O                                                                    ; Off                                   ; Off                                   ;
; Weak Pull-Up Resistor                                                      ; Off                                   ; Off                                   ;
; Enable Bus-Hold Circuitry                                                  ; Off                                   ; Off                                   ;
; Auto Packed Registers                                                      ; Auto                                  ; Auto                                  ;
; Auto Delay Chains                                                          ; On                                    ; On                                    ;
; Auto Delay Chains for High Fanout Input Pins                               ; Off                                   ; Off                                   ;
; Allow Single-ended Buffer for Differential-XSTL Input                      ; Off                                   ; Off                                   ;
; Treat Bidirectional Pin as Output Pin                                      ; Off                                   ; Off                                   ;
; Perform Physical Synthesis for Combinational Logic for Fitting             ; Off                                   ; Off                                   ;
; Perform Physical Synthesis for Combinational Logic for Performance         ; Off                                   ; Off                                   ;
; Perform Register Duplication for Performance                               ; Off                                   ; Off                                   ;
; Perform Logic to Memory Mapping for Fitting                                ; Off                                   ; Off                                   ;
; Perform Register Retiming for Performance                                  ; Off                                   ; Off                                   ;
; Perform Asynchronous Signal Pipelining                                     ; Off                                   ; Off                                   ;
; Fitter Effort                                                              ; Auto Fit                              ; Auto Fit                              ;
; Physical Synthesis Effort Level                                            ; Normal                                ; Normal                                ;
; Logic Cell Insertion - Logic Duplication                                   ; Auto                                  ; Auto                                  ;
; Auto Register Duplication                                                  ; Auto                                  ; Auto                                  ;
; Auto Global Clock                                                          ; On                                    ; On                                    ;
; Auto Global Register Control Signals                                       ; On                                    ; On                                    ;
; Reserve all unused pins                                                    ; As input tri-stated with weak pull-up ; As input tri-stated with weak pull-up ;
; Synchronizer Identification                                                ; Off                                   ; Off                                   ;
; Enable Beneficial Skew Optimization                                        ; On                                    ; On                                    ;
; Optimize Design for Metastability                                          ; On                                    ; On                                    ;
; Force Fitter to Avoid Periphery Placement Warnings                         ; Off                                   ; Off                                   ;
; Enable input tri-state on active configuration pins in user mode           ; Off                                   ; Off                                   ;
+----------------------------------------------------------------------------+---------------------------------------+---------------------------------------+


+------------------------------------------+
; Parallel Compilation                     ;
+----------------------------+-------------+
; Processors                 ; Number      ;
+----------------------------+-------------+
; Number detected on machine ; 16          ;
; Maximum allowed            ; 10          ;
;                            ;             ;
; Average used               ; 2.60        ;
; Maximum used               ; 10          ;
;                            ;             ;
; Usage by Processor         ; % Time Used ;
;     Processor 1            ; 100.0%      ;
;     Processors 2-4         ;  19.1%      ;
;     Processors 5-10        ;  17.0%      ;
;     Processors 11-16       ;   0.0%      ;
+----------------------------+-------------+


+-------------------------------------------------------+
; I/O Assignment Warnings                               ;
+----------------+--------------------------------------+
; Pin Name       ; Reason                               ;
+----------------+--------------------------------------+
; mcu_spi_miso   ; Missing drive strength               ;
; clk_driver     ; Missing drive strength and slew rate ;
; IO_data[0]     ; Missing drive strength               ;
; IO_data[1]     ; Missing drive strength               ;
; IO_data[2]     ; Missing drive strength               ;
; IO_data[3]     ; Missing drive strength               ;
; IO_data[4]     ; Missing drive strength               ;
; IO_data[5]     ; Missing drive strength and slew rate ;
; IO_data[6]     ; Missing drive strength and slew rate ;
; IO_data[7]     ; Missing drive strength               ;
; IO_data[8]     ; Missing drive strength and slew rate ;
; IO_data[9]     ; Missing drive strength and slew rate ;
; IO_data[10]    ; Missing drive strength and slew rate ;
; IO_data[11]    ; Missing drive strength and slew rate ;
; IO_data[12]    ; Missing drive strength and slew rate ;
; IO_data[13]    ; Missing drive strength and slew rate ;
; dac_gnd        ; Missing drive strength and slew rate ;
; adc_clk_o      ; Missing drive strength               ;
; adc_oeb_o      ; Missing drive strength               ;
; adc_pwdn_o     ; Missing drive strength               ;
; adc_spi_cs_n_o ; Missing drive strength               ;
; adc_spi_sclk_o ; Missing drive strength               ;
; adc_spi_sdio_o ; Missing drive strength               ;
+----------------+--------------------------------------+


+-----------------------------------------------------------------------------------------------------------------------------------------------------------------------------------------------------------------------------------------------------------------------------------------------------------------------------------------------------------------------------------------------------------------------------------------------+
; Fitter Netlist Optimizations                                                                                                                                                                                                                                                                                                                                                                                                                  ;
+---------------------------------------------------------------------------------------------------------------------------------------+-----------------+------------------+--------------------------------+-----------+----------------+---------------------------------------------------------------------------------------------------------------------------------------------------------+------------------+-----------------------+
; Node                                                                                                                                  ; Action          ; Operation        ; Reason                         ; Node Port ; Node Port Name ; Destination Node                                                                                                                                        ; Destination Port ; Destination Port Name ;
+---------------------------------------------------------------------------------------------------------------------------------------+-----------------+------------------+--------------------------------+-----------+----------------+---------------------------------------------------------------------------------------------------------------------------------------------------------+------------------+-----------------------+
; Ad9233FrameCapture:U2_frame_capture|Ad9233MultistageDecimator:anti_alias_fir|FirDecimatingStage:stage1|operand_coefficient[0][0]      ; Packed Register ; Register Packing ; Timing optimization            ; Q         ;                ; Ad9233FrameCapture:U2_frame_capture|Ad9233MultistageDecimator:anti_alias_fir|FirDecimatingStage:stage1|lpm_mult:Mult0|mult_c6t:auto_generated|mac_mult1 ; DATAB            ;                       ;
; Ad9233FrameCapture:U2_frame_capture|Ad9233MultistageDecimator:anti_alias_fir|FirDecimatingStage:stage1|operand_coefficient[0][1]      ; Packed Register ; Register Packing ; Timing optimization            ; Q         ;                ; Ad9233FrameCapture:U2_frame_capture|Ad9233MultistageDecimator:anti_alias_fir|FirDecimatingStage:stage1|lpm_mult:Mult0|mult_c6t:auto_generated|mac_mult1 ; DATAB            ;                       ;
; Ad9233FrameCapture:U2_frame_capture|Ad9233MultistageDecimator:anti_alias_fir|FirDecimatingStage:stage1|operand_coefficient[0][2]      ; Packed Register ; Register Packing ; Timing optimization            ; Q         ;                ; Ad9233FrameCapture:U2_frame_capture|Ad9233MultistageDecimator:anti_alias_fir|FirDecimatingStage:stage1|lpm_mult:Mult0|mult_c6t:auto_generated|mac_mult1 ; DATAB            ;                       ;
; Ad9233FrameCapture:U2_frame_capture|Ad9233MultistageDecimator:anti_alias_fir|FirDecimatingStage:stage1|operand_coefficient[0][3]      ; Packed Register ; Register Packing ; Timing optimization            ; Q         ;                ; Ad9233FrameCapture:U2_frame_capture|Ad9233MultistageDecimator:anti_alias_fir|FirDecimatingStage:stage1|lpm_mult:Mult0|mult_c6t:auto_generated|mac_mult1 ; DATAB            ;                       ;
; Ad9233FrameCapture:U2_frame_capture|Ad9233MultistageDecimator:anti_alias_fir|FirDecimatingStage:stage1|operand_coefficient[0][4]      ; Packed Register ; Register Packing ; Timing optimization            ; Q         ;                ; Ad9233FrameCapture:U2_frame_capture|Ad9233MultistageDecimator:anti_alias_fir|FirDecimatingStage:stage1|lpm_mult:Mult0|mult_c6t:auto_generated|mac_mult1 ; DATAB            ;                       ;
; Ad9233FrameCapture:U2_frame_capture|Ad9233MultistageDecimator:anti_alias_fir|FirDecimatingStage:stage1|operand_coefficient[0][5]      ; Packed Register ; Register Packing ; Timing optimization            ; Q         ;                ; Ad9233FrameCapture:U2_frame_capture|Ad9233MultistageDecimator:anti_alias_fir|FirDecimatingStage:stage1|lpm_mult:Mult0|mult_c6t:auto_generated|mac_mult1 ; DATAB            ;                       ;
; Ad9233FrameCapture:U2_frame_capture|Ad9233MultistageDecimator:anti_alias_fir|FirDecimatingStage:stage1|operand_coefficient[0][6]      ; Packed Register ; Register Packing ; Timing optimization            ; Q         ;                ; Ad9233FrameCapture:U2_frame_capture|Ad9233MultistageDecimator:anti_alias_fir|FirDecimatingStage:stage1|lpm_mult:Mult0|mult_c6t:auto_generated|mac_mult1 ; DATAB            ;                       ;
; Ad9233FrameCapture:U2_frame_capture|Ad9233MultistageDecimator:anti_alias_fir|FirDecimatingStage:stage1|operand_coefficient[0][7]      ; Packed Register ; Register Packing ; Timing optimization            ; Q         ;                ; Ad9233FrameCapture:U2_frame_capture|Ad9233MultistageDecimator:anti_alias_fir|FirDecimatingStage:stage1|lpm_mult:Mult0|mult_c6t:auto_generated|mac_mult1 ; DATAB            ;                       ;
; Ad9233FrameCapture:U2_frame_capture|Ad9233MultistageDecimator:anti_alias_fir|FirDecimatingStage:stage1|operand_coefficient[0][8]      ; Packed Register ; Register Packing ; Timing optimization            ; Q         ;                ; Ad9233FrameCapture:U2_frame_capture|Ad9233MultistageDecimator:anti_alias_fir|FirDecimatingStage:stage1|lpm_mult:Mult0|mult_c6t:auto_generated|mac_mult1 ; DATAB            ;                       ;
; Ad9233FrameCapture:U2_frame_capture|Ad9233MultistageDecimator:anti_alias_fir|FirDecimatingStage:stage1|operand_coefficient[0][9]      ; Packed Register ; Register Packing ; Timing optimization            ; Q         ;                ; Ad9233FrameCapture:U2_frame_capture|Ad9233MultistageDecimator:anti_alias_fir|FirDecimatingStage:stage1|lpm_mult:Mult0|mult_c6t:auto_generated|mac_mult1 ; DATAB            ;                       ;
; Ad9233FrameCapture:U2_frame_capture|Ad9233MultistageDecimator:anti_alias_fir|FirDecimatingStage:stage1|operand_coefficient[0][10]     ; Packed Register ; Register Packing ; Timing optimization            ; Q         ;                ; Ad9233FrameCapture:U2_frame_capture|Ad9233MultistageDecimator:anti_alias_fir|FirDecimatingStage:stage1|lpm_mult:Mult0|mult_c6t:auto_generated|mac_mult1 ; DATAB            ;                       ;
; Ad9233FrameCapture:U2_frame_capture|Ad9233MultistageDecimator:anti_alias_fir|FirDecimatingStage:stage1|operand_coefficient[0][11]     ; Packed Register ; Register Packing ; Timing optimization            ; Q         ;                ; Ad9233FrameCapture:U2_frame_capture|Ad9233MultistageDecimator:anti_alias_fir|FirDecimatingStage:stage1|lpm_mult:Mult0|mult_c6t:auto_generated|mac_mult1 ; DATAB            ;                       ;
; Ad9233FrameCapture:U2_frame_capture|Ad9233MultistageDecimator:anti_alias_fir|FirDecimatingStage:stage1|operand_coefficient[0][12]     ; Packed Register ; Register Packing ; Timing optimization            ; Q         ;                ; Ad9233FrameCapture:U2_frame_capture|Ad9233MultistageDecimator:anti_alias_fir|FirDecimatingStage:stage1|lpm_mult:Mult0|mult_c6t:auto_generated|mac_mult1 ; DATAB            ;                       ;
; Ad9233FrameCapture:U2_frame_capture|Ad9233MultistageDecimator:anti_alias_fir|FirDecimatingStage:stage1|operand_coefficient[0][13]     ; Packed Register ; Register Packing ; Timing optimization            ; Q         ;                ; Ad9233FrameCapture:U2_frame_capture|Ad9233MultistageDecimator:anti_alias_fir|FirDecimatingStage:stage1|lpm_mult:Mult0|mult_c6t:auto_generated|mac_mult1 ; DATAB            ;                       ;
; Ad9233FrameCapture:U2_frame_capture|Ad9233MultistageDecimator:anti_alias_fir|FirDecimatingStage:stage1|operand_coefficient[0][14]     ; Packed Register ; Register Packing ; Timing optimization            ; Q         ;                ; Ad9233FrameCapture:U2_frame_capture|Ad9233MultistageDecimator:anti_alias_fir|FirDecimatingStage:stage1|lpm_mult:Mult0|mult_c6t:auto_generated|mac_mult1 ; DATAB            ;                       ;
; Ad9233FrameCapture:U2_frame_capture|Ad9233MultistageDecimator:anti_alias_fir|FirDecimatingStage:stage1|operand_coefficient[0][15]     ; Packed Register ; Register Packing ; Timing optimization            ; Q         ;                ; Ad9233FrameCapture:U2_frame_capture|Ad9233MultistageDecimator:anti_alias_fir|FirDecimatingStage:stage1|lpm_mult:Mult0|mult_c6t:auto_generated|mac_mult1 ; DATAB            ;                       ;
; Ad9233FrameCapture:U2_frame_capture|Ad9233MultistageDecimator:anti_alias_fir|FirDecimatingStage:stage1|operand_coefficient[0][16]     ; Packed Register ; Register Packing ; Timing optimization            ; Q         ;                ; Ad9233FrameCapture:U2_frame_capture|Ad9233MultistageDecimator:anti_alias_fir|FirDecimatingStage:stage1|lpm_mult:Mult0|mult_c6t:auto_generated|mac_mult1 ; DATAB            ;                       ;
; Ad9233FrameCapture:U2_frame_capture|Ad9233MultistageDecimator:anti_alias_fir|FirDecimatingStage:stage1|operand_coefficient[0][17]     ; Packed Register ; Register Packing ; Timing optimization            ; Q         ;                ; Ad9233FrameCapture:U2_frame_capture|Ad9233MultistageDecimator:anti_alias_fir|FirDecimatingStage:stage1|lpm_mult:Mult0|mult_c6t:auto_generated|mac_mult1 ; DATAB            ;                       ;
; Ad9233FrameCapture:U2_frame_capture|Ad9233MultistageDecimator:anti_alias_fir|FirDecimatingStage:stage1|operand_coefficient[1][0]      ; Packed Register ; Register Packing ; Timing optimization            ; Q         ;                ; Ad9233FrameCapture:U2_frame_capture|Ad9233MultistageDecimator:anti_alias_fir|FirDecimatingStage:stage1|lpm_mult:Mult1|mult_c6t:auto_generated|mac_mult1 ; DATAB            ;                       ;
; Ad9233FrameCapture:U2_frame_capture|Ad9233MultistageDecimator:anti_alias_fir|FirDecimatingStage:stage1|operand_coefficient[1][1]      ; Packed Register ; Register Packing ; Timing optimization            ; Q         ;                ; Ad9233FrameCapture:U2_frame_capture|Ad9233MultistageDecimator:anti_alias_fir|FirDecimatingStage:stage1|lpm_mult:Mult1|mult_c6t:auto_generated|mac_mult1 ; DATAB            ;                       ;
; Ad9233FrameCapture:U2_frame_capture|Ad9233MultistageDecimator:anti_alias_fir|FirDecimatingStage:stage1|operand_coefficient[1][2]      ; Packed Register ; Register Packing ; Timing optimization            ; Q         ;                ; Ad9233FrameCapture:U2_frame_capture|Ad9233MultistageDecimator:anti_alias_fir|FirDecimatingStage:stage1|lpm_mult:Mult1|mult_c6t:auto_generated|mac_mult1 ; DATAB            ;                       ;
; Ad9233FrameCapture:U2_frame_capture|Ad9233MultistageDecimator:anti_alias_fir|FirDecimatingStage:stage1|operand_coefficient[1][3]      ; Packed Register ; Register Packing ; Timing optimization            ; Q         ;                ; Ad9233FrameCapture:U2_frame_capture|Ad9233MultistageDecimator:anti_alias_fir|FirDecimatingStage:stage1|lpm_mult:Mult1|mult_c6t:auto_generated|mac_mult1 ; DATAB            ;                       ;
; Ad9233FrameCapture:U2_frame_capture|Ad9233MultistageDecimator:anti_alias_fir|FirDecimatingStage:stage1|operand_coefficient[1][4]      ; Packed Register ; Register Packing ; Timing optimization            ; Q         ;                ; Ad9233FrameCapture:U2_frame_capture|Ad9233MultistageDecimator:anti_alias_fir|FirDecimatingStage:stage1|lpm_mult:Mult1|mult_c6t:auto_generated|mac_mult1 ; DATAB            ;                       ;
; Ad9233FrameCapture:U2_frame_capture|Ad9233MultistageDecimator:anti_alias_fir|FirDecimatingStage:stage1|operand_coefficient[1][5]      ; Packed Register ; Register Packing ; Timing optimization            ; Q         ;                ; Ad9233FrameCapture:U2_frame_capture|Ad9233MultistageDecimator:anti_alias_fir|FirDecimatingStage:stage1|lpm_mult:Mult1|mult_c6t:auto_generated|mac_mult1 ; DATAB            ;                       ;
; Ad9233FrameCapture:U2_frame_capture|Ad9233MultistageDecimator:anti_alias_fir|FirDecimatingStage:stage1|operand_coefficient[1][6]      ; Packed Register ; Register Packing ; Timing optimization            ; Q         ;                ; Ad9233FrameCapture:U2_frame_capture|Ad9233MultistageDecimator:anti_alias_fir|FirDecimatingStage:stage1|lpm_mult:Mult1|mult_c6t:auto_generated|mac_mult1 ; DATAB            ;                       ;
; Ad9233FrameCapture:U2_frame_capture|Ad9233MultistageDecimator:anti_alias_fir|FirDecimatingStage:stage1|operand_coefficient[1][7]      ; Packed Register ; Register Packing ; Timing optimization            ; Q         ;                ; Ad9233FrameCapture:U2_frame_capture|Ad9233MultistageDecimator:anti_alias_fir|FirDecimatingStage:stage1|lpm_mult:Mult1|mult_c6t:auto_generated|mac_mult1 ; DATAB            ;                       ;
; Ad9233FrameCapture:U2_frame_capture|Ad9233MultistageDecimator:anti_alias_fir|FirDecimatingStage:stage1|operand_coefficient[1][8]      ; Packed Register ; Register Packing ; Timing optimization            ; Q         ;                ; Ad9233FrameCapture:U2_frame_capture|Ad9233MultistageDecimator:anti_alias_fir|FirDecimatingStage:stage1|lpm_mult:Mult1|mult_c6t:auto_generated|mac_mult1 ; DATAB            ;                       ;
; Ad9233FrameCapture:U2_frame_capture|Ad9233MultistageDecimator:anti_alias_fir|FirDecimatingStage:stage1|operand_coefficient[1][9]      ; Packed Register ; Register Packing ; Timing optimization            ; Q         ;                ; Ad9233FrameCapture:U2_frame_capture|Ad9233MultistageDecimator:anti_alias_fir|FirDecimatingStage:stage1|lpm_mult:Mult1|mult_c6t:auto_generated|mac_mult1 ; DATAB            ;                       ;
; Ad9233FrameCapture:U2_frame_capture|Ad9233MultistageDecimator:anti_alias_fir|FirDecimatingStage:stage1|operand_coefficient[1][10]     ; Packed Register ; Register Packing ; Timing optimization            ; Q         ;                ; Ad9233FrameCapture:U2_frame_capture|Ad9233MultistageDecimator:anti_alias_fir|FirDecimatingStage:stage1|lpm_mult:Mult1|mult_c6t:auto_generated|mac_mult1 ; DATAB            ;                       ;
; Ad9233FrameCapture:U2_frame_capture|Ad9233MultistageDecimator:anti_alias_fir|FirDecimatingStage:stage1|operand_coefficient[1][11]     ; Packed Register ; Register Packing ; Timing optimization            ; Q         ;                ; Ad9233FrameCapture:U2_frame_capture|Ad9233MultistageDecimator:anti_alias_fir|FirDecimatingStage:stage1|lpm_mult:Mult1|mult_c6t:auto_generated|mac_mult1 ; DATAB            ;                       ;
; Ad9233FrameCapture:U2_frame_capture|Ad9233MultistageDecimator:anti_alias_fir|FirDecimatingStage:stage1|operand_coefficient[1][12]     ; Packed Register ; Register Packing ; Timing optimization            ; Q         ;                ; Ad9233FrameCapture:U2_frame_capture|Ad9233MultistageDecimator:anti_alias_fir|FirDecimatingStage:stage1|lpm_mult:Mult1|mult_c6t:auto_generated|mac_mult1 ; DATAB            ;                       ;
; Ad9233FrameCapture:U2_frame_capture|Ad9233MultistageDecimator:anti_alias_fir|FirDecimatingStage:stage1|operand_coefficient[1][13]     ; Packed Register ; Register Packing ; Timing optimization            ; Q         ;                ; Ad9233FrameCapture:U2_frame_capture|Ad9233MultistageDecimator:anti_alias_fir|FirDecimatingStage:stage1|lpm_mult:Mult1|mult_c6t:auto_generated|mac_mult1 ; DATAB            ;                       ;
; Ad9233FrameCapture:U2_frame_capture|Ad9233MultistageDecimator:anti_alias_fir|FirDecimatingStage:stage1|operand_coefficient[1][14]     ; Packed Register ; Register Packing ; Timing optimization            ; Q         ;                ; Ad9233FrameCapture:U2_frame_capture|Ad9233MultistageDecimator:anti_alias_fir|FirDecimatingStage:stage1|lpm_mult:Mult1|mult_c6t:auto_generated|mac_mult1 ; DATAB            ;                       ;
; Ad9233FrameCapture:U2_frame_capture|Ad9233MultistageDecimator:anti_alias_fir|FirDecimatingStage:stage1|operand_coefficient[1][15]     ; Packed Register ; Register Packing ; Timing optimization            ; Q         ;                ; Ad9233FrameCapture:U2_frame_capture|Ad9233MultistageDecimator:anti_alias_fir|FirDecimatingStage:stage1|lpm_mult:Mult1|mult_c6t:auto_generated|mac_mult1 ; DATAB            ;                       ;
; Ad9233FrameCapture:U2_frame_capture|Ad9233MultistageDecimator:anti_alias_fir|FirDecimatingStage:stage1|operand_coefficient[1][16]     ; Packed Register ; Register Packing ; Timing optimization            ; Q         ;                ; Ad9233FrameCapture:U2_frame_capture|Ad9233MultistageDecimator:anti_alias_fir|FirDecimatingStage:stage1|lpm_mult:Mult1|mult_c6t:auto_generated|mac_mult1 ; DATAB            ;                       ;
; Ad9233FrameCapture:U2_frame_capture|Ad9233MultistageDecimator:anti_alias_fir|FirDecimatingStage:stage1|operand_coefficient[1][17]     ; Packed Register ; Register Packing ; Timing optimization            ; Q         ;                ; Ad9233FrameCapture:U2_frame_capture|Ad9233MultistageDecimator:anti_alias_fir|FirDecimatingStage:stage1|lpm_mult:Mult1|mult_c6t:auto_generated|mac_mult1 ; DATAB            ;                       ;
; Ad9233FrameCapture:U2_frame_capture|Ad9233MultistageDecimator:anti_alias_fir|FirDecimatingStage:stage1|operand_coefficient[2][0]      ; Packed Register ; Register Packing ; Timing optimization            ; Q         ;                ; Ad9233FrameCapture:U2_frame_capture|Ad9233MultistageDecimator:anti_alias_fir|FirDecimatingStage:stage1|lpm_mult:Mult2|mult_c6t:auto_generated|mac_mult1 ; DATAB            ;                       ;
; Ad9233FrameCapture:U2_frame_capture|Ad9233MultistageDecimator:anti_alias_fir|FirDecimatingStage:stage1|operand_coefficient[2][1]      ; Packed Register ; Register Packing ; Timing optimization            ; Q         ;                ; Ad9233FrameCapture:U2_frame_capture|Ad9233MultistageDecimator:anti_alias_fir|FirDecimatingStage:stage1|lpm_mult:Mult2|mult_c6t:auto_generated|mac_mult1 ; DATAB            ;                       ;
; Ad9233FrameCapture:U2_frame_capture|Ad9233MultistageDecimator:anti_alias_fir|FirDecimatingStage:stage1|operand_coefficient[2][2]      ; Packed Register ; Register Packing ; Timing optimization            ; Q         ;                ; Ad9233FrameCapture:U2_frame_capture|Ad9233MultistageDecimator:anti_alias_fir|FirDecimatingStage:stage1|lpm_mult:Mult2|mult_c6t:auto_generated|mac_mult1 ; DATAB            ;                       ;
; Ad9233FrameCapture:U2_frame_capture|Ad9233MultistageDecimator:anti_alias_fir|FirDecimatingStage:stage1|operand_coefficient[2][6]      ; Packed Register ; Register Packing ; Timing optimization            ; Q         ;                ; Ad9233FrameCapture:U2_frame_capture|Ad9233MultistageDecimator:anti_alias_fir|FirDecimatingStage:stage1|lpm_mult:Mult2|mult_c6t:auto_generated|mac_mult1 ; DATAB            ;                       ;
; Ad9233FrameCapture:U2_frame_capture|Ad9233MultistageDecimator:anti_alias_fir|FirDecimatingStage:stage1|operand_coefficient[2][7]      ; Packed Register ; Register Packing ; Timing optimization            ; Q         ;                ; Ad9233FrameCapture:U2_frame_capture|Ad9233MultistageDecimator:anti_alias_fir|FirDecimatingStage:stage1|lpm_mult:Mult2|mult_c6t:auto_generated|mac_mult1 ; DATAB            ;                       ;
; Ad9233FrameCapture:U2_frame_capture|Ad9233MultistageDecimator:anti_alias_fir|FirDecimatingStage:stage1|operand_coefficient[2][9]      ; Packed Register ; Register Packing ; Timing optimization            ; Q         ;                ; Ad9233FrameCapture:U2_frame_capture|Ad9233MultistageDecimator:anti_alias_fir|FirDecimatingStage:stage1|lpm_mult:Mult2|mult_c6t:auto_generated|mac_mult1 ; DATAB            ;                       ;
; Ad9233FrameCapture:U2_frame_capture|Ad9233MultistageDecimator:anti_alias_fir|FirDecimatingStage:stage1|operand_coefficient[2][10]     ; Packed Register ; Register Packing ; Timing optimization            ; Q         ;                ; Ad9233FrameCapture:U2_frame_capture|Ad9233MultistageDecimator:anti_alias_fir|FirDecimatingStage:stage1|lpm_mult:Mult2|mult_c6t:auto_generated|mac_mult1 ; DATAB            ;                       ;
; Ad9233FrameCapture:U2_frame_capture|Ad9233MultistageDecimator:anti_alias_fir|FirDecimatingStage:stage1|operand_coefficient[2][12]     ; Packed Register ; Register Packing ; Timing optimization            ; Q         ;                ; Ad9233FrameCapture:U2_frame_capture|Ad9233MultistageDecimator:anti_alias_fir|FirDecimatingStage:stage1|lpm_mult:Mult2|mult_c6t:auto_generated|mac_mult1 ; DATAB            ;                       ;
; Ad9233FrameCapture:U2_frame_capture|Ad9233MultistageDecimator:anti_alias_fir|FirDecimatingStage:stage1|operand_coefficient[2][13]     ; Packed Register ; Register Packing ; Timing optimization            ; Q         ;                ; Ad9233FrameCapture:U2_frame_capture|Ad9233MultistageDecimator:anti_alias_fir|FirDecimatingStage:stage1|lpm_mult:Mult2|mult_c6t:auto_generated|mac_mult1 ; DATAB            ;                       ;
; Ad9233FrameCapture:U2_frame_capture|Ad9233MultistageDecimator:anti_alias_fir|FirDecimatingStage:stage1|operand_coefficient[2][14]     ; Packed Register ; Register Packing ; Timing optimization            ; Q         ;                ; Ad9233FrameCapture:U2_frame_capture|Ad9233MultistageDecimator:anti_alias_fir|FirDecimatingStage:stage1|lpm_mult:Mult2|mult_c6t:auto_generated|mac_mult1 ; DATAB            ;                       ;
; Ad9233FrameCapture:U2_frame_capture|Ad9233MultistageDecimator:anti_alias_fir|FirDecimatingStage:stage1|operand_coefficient[2][15]     ; Packed Register ; Register Packing ; Timing optimization            ; Q         ;                ; Ad9233FrameCapture:U2_frame_capture|Ad9233MultistageDecimator:anti_alias_fir|FirDecimatingStage:stage1|lpm_mult:Mult2|mult_c6t:auto_generated|mac_mult1 ; DATAB            ;                       ;
; Ad9233FrameCapture:U2_frame_capture|Ad9233MultistageDecimator:anti_alias_fir|FirDecimatingStage:stage1|operand_coefficient[2][16]     ; Packed Register ; Register Packing ; Timing optimization            ; Q         ;                ; Ad9233FrameCapture:U2_frame_capture|Ad9233MultistageDecimator:anti_alias_fir|FirDecimatingStage:stage1|lpm_mult:Mult2|mult_c6t:auto_generated|mac_mult1 ; DATAB            ;                       ;
; Ad9233FrameCapture:U2_frame_capture|Ad9233MultistageDecimator:anti_alias_fir|FirDecimatingStage:stage1|operand_coefficient[2][17]     ; Packed Register ; Register Packing ; Timing optimization            ; Q         ;                ; Ad9233FrameCapture:U2_frame_capture|Ad9233MultistageDecimator:anti_alias_fir|FirDecimatingStage:stage1|lpm_mult:Mult2|mult_c6t:auto_generated|mac_mult1 ; DATAB            ;                       ;
; Ad9233FrameCapture:U2_frame_capture|Ad9233MultistageDecimator:anti_alias_fir|FirDecimatingStage:stage1|operand_sample[0][4]           ; Packed Register ; Register Packing ; Timing optimization            ; Q         ;                ; Ad9233FrameCapture:U2_frame_capture|Ad9233MultistageDecimator:anti_alias_fir|FirDecimatingStage:stage1|lpm_mult:Mult0|mult_c6t:auto_generated|mac_mult1 ; DATAA            ;                       ;
; Ad9233FrameCapture:U2_frame_capture|Ad9233MultistageDecimator:anti_alias_fir|FirDecimatingStage:stage1|operand_sample[0][5]           ; Packed Register ; Register Packing ; Timing optimization            ; Q         ;                ; Ad9233FrameCapture:U2_frame_capture|Ad9233MultistageDecimator:anti_alias_fir|FirDecimatingStage:stage1|lpm_mult:Mult0|mult_c6t:auto_generated|mac_mult1 ; DATAA            ;                       ;
; Ad9233FrameCapture:U2_frame_capture|Ad9233MultistageDecimator:anti_alias_fir|FirDecimatingStage:stage1|operand_sample[0][6]           ; Packed Register ; Register Packing ; Timing optimization            ; Q         ;                ; Ad9233FrameCapture:U2_frame_capture|Ad9233MultistageDecimator:anti_alias_fir|FirDecimatingStage:stage1|lpm_mult:Mult0|mult_c6t:auto_generated|mac_mult1 ; DATAA            ;                       ;
; Ad9233FrameCapture:U2_frame_capture|Ad9233MultistageDecimator:anti_alias_fir|FirDecimatingStage:stage1|operand_sample[0][7]           ; Packed Register ; Register Packing ; Timing optimization            ; Q         ;                ; Ad9233FrameCapture:U2_frame_capture|Ad9233MultistageDecimator:anti_alias_fir|FirDecimatingStage:stage1|lpm_mult:Mult0|mult_c6t:auto_generated|mac_mult1 ; DATAA            ;                       ;
; Ad9233FrameCapture:U2_frame_capture|Ad9233MultistageDecimator:anti_alias_fir|FirDecimatingStage:stage1|operand_sample[0][8]           ; Packed Register ; Register Packing ; Timing optimization            ; Q         ;                ; Ad9233FrameCapture:U2_frame_capture|Ad9233MultistageDecimator:anti_alias_fir|FirDecimatingStage:stage1|lpm_mult:Mult0|mult_c6t:auto_generated|mac_mult1 ; DATAA            ;                       ;
; Ad9233FrameCapture:U2_frame_capture|Ad9233MultistageDecimator:anti_alias_fir|FirDecimatingStage:stage1|operand_sample[0][9]           ; Packed Register ; Register Packing ; Timing optimization            ; Q         ;                ; Ad9233FrameCapture:U2_frame_capture|Ad9233MultistageDecimator:anti_alias_fir|FirDecimatingStage:stage1|lpm_mult:Mult0|mult_c6t:auto_generated|mac_mult1 ; DATAA            ;                       ;
; Ad9233FrameCapture:U2_frame_capture|Ad9233MultistageDecimator:anti_alias_fir|FirDecimatingStage:stage1|operand_sample[0][10]          ; Packed Register ; Register Packing ; Timing optimization            ; Q         ;                ; Ad9233FrameCapture:U2_frame_capture|Ad9233MultistageDecimator:anti_alias_fir|FirDecimatingStage:stage1|lpm_mult:Mult0|mult_c6t:auto_generated|mac_mult1 ; DATAA            ;                       ;
; Ad9233FrameCapture:U2_frame_capture|Ad9233MultistageDecimator:anti_alias_fir|FirDecimatingStage:stage1|operand_sample[0][11]          ; Packed Register ; Register Packing ; Timing optimization            ; Q         ;                ; Ad9233FrameCapture:U2_frame_capture|Ad9233MultistageDecimator:anti_alias_fir|FirDecimatingStage:stage1|lpm_mult:Mult0|mult_c6t:auto_generated|mac_mult1 ; DATAA            ;                       ;
; Ad9233FrameCapture:U2_frame_capture|Ad9233MultistageDecimator:anti_alias_fir|FirDecimatingStage:stage1|operand_sample[0][12]          ; Packed Register ; Register Packing ; Timing optimization            ; Q         ;                ; Ad9233FrameCapture:U2_frame_capture|Ad9233MultistageDecimator:anti_alias_fir|FirDecimatingStage:stage1|lpm_mult:Mult0|mult_c6t:auto_generated|mac_mult1 ; DATAA            ;                       ;
; Ad9233FrameCapture:U2_frame_capture|Ad9233MultistageDecimator:anti_alias_fir|FirDecimatingStage:stage1|operand_sample[0][13]          ; Packed Register ; Register Packing ; Timing optimization            ; Q         ;                ; Ad9233FrameCapture:U2_frame_capture|Ad9233MultistageDecimator:anti_alias_fir|FirDecimatingStage:stage1|lpm_mult:Mult0|mult_c6t:auto_generated|mac_mult1 ; DATAA            ;                       ;
; Ad9233FrameCapture:U2_frame_capture|Ad9233MultistageDecimator:anti_alias_fir|FirDecimatingStage:stage1|operand_sample[0][14]          ; Packed Register ; Register Packing ; Timing optimization            ; Q         ;                ; Ad9233FrameCapture:U2_frame_capture|Ad9233MultistageDecimator:anti_alias_fir|FirDecimatingStage:stage1|lpm_mult:Mult0|mult_c6t:auto_generated|mac_mult1 ; DATAA            ;                       ;
; Ad9233FrameCapture:U2_frame_capture|Ad9233MultistageDecimator:anti_alias_fir|FirDecimatingStage:stage1|operand_sample[0][15]          ; Packed Register ; Register Packing ; Timing optimization            ; Q         ;                ; Ad9233FrameCapture:U2_frame_capture|Ad9233MultistageDecimator:anti_alias_fir|FirDecimatingStage:stage1|lpm_mult:Mult0|mult_c6t:auto_generated|mac_mult1 ; DATAA            ;                       ;
; Ad9233FrameCapture:U2_frame_capture|Ad9233MultistageDecimator:anti_alias_fir|FirDecimatingStage:stage1|operand_sample[0][16]          ; Packed Register ; Register Packing ; Timing optimization            ; Q         ;                ; Ad9233FrameCapture:U2_frame_capture|Ad9233MultistageDecimator:anti_alias_fir|FirDecimatingStage:stage1|lpm_mult:Mult0|mult_c6t:auto_generated|mac_mult1 ; DATAA            ;                       ;
; Ad9233FrameCapture:U2_frame_capture|Ad9233MultistageDecimator:anti_alias_fir|FirDecimatingStage:stage1|operand_sample[0][17]          ; Packed Register ; Register Packing ; Timing optimization            ; Q         ;                ; Ad9233FrameCapture:U2_frame_capture|Ad9233MultistageDecimator:anti_alias_fir|FirDecimatingStage:stage1|lpm_mult:Mult0|mult_c6t:auto_generated|mac_mult1 ; DATAA            ;                       ;
; Ad9233FrameCapture:U2_frame_capture|Ad9233MultistageDecimator:anti_alias_fir|FirDecimatingStage:stage1|operand_sample[1][4]           ; Packed Register ; Register Packing ; Timing optimization            ; Q         ;                ; Ad9233FrameCapture:U2_frame_capture|Ad9233MultistageDecimator:anti_alias_fir|FirDecimatingStage:stage1|lpm_mult:Mult1|mult_c6t:auto_generated|mac_mult1 ; DATAA            ;                       ;
; Ad9233FrameCapture:U2_frame_capture|Ad9233MultistageDecimator:anti_alias_fir|FirDecimatingStage:stage1|operand_sample[1][5]           ; Packed Register ; Register Packing ; Timing optimization            ; Q         ;                ; Ad9233FrameCapture:U2_frame_capture|Ad9233MultistageDecimator:anti_alias_fir|FirDecimatingStage:stage1|lpm_mult:Mult1|mult_c6t:auto_generated|mac_mult1 ; DATAA            ;                       ;
; Ad9233FrameCapture:U2_frame_capture|Ad9233MultistageDecimator:anti_alias_fir|FirDecimatingStage:stage1|operand_sample[1][6]           ; Packed Register ; Register Packing ; Timing optimization            ; Q         ;                ; Ad9233FrameCapture:U2_frame_capture|Ad9233MultistageDecimator:anti_alias_fir|FirDecimatingStage:stage1|lpm_mult:Mult1|mult_c6t:auto_generated|mac_mult1 ; DATAA            ;                       ;
; Ad9233FrameCapture:U2_frame_capture|Ad9233MultistageDecimator:anti_alias_fir|FirDecimatingStage:stage1|operand_sample[1][7]           ; Packed Register ; Register Packing ; Timing optimization            ; Q         ;                ; Ad9233FrameCapture:U2_frame_capture|Ad9233MultistageDecimator:anti_alias_fir|FirDecimatingStage:stage1|lpm_mult:Mult1|mult_c6t:auto_generated|mac_mult1 ; DATAA            ;                       ;
; Ad9233FrameCapture:U2_frame_capture|Ad9233MultistageDecimator:anti_alias_fir|FirDecimatingStage:stage1|operand_sample[1][8]           ; Packed Register ; Register Packing ; Timing optimization            ; Q         ;                ; Ad9233FrameCapture:U2_frame_capture|Ad9233MultistageDecimator:anti_alias_fir|FirDecimatingStage:stage1|lpm_mult:Mult1|mult_c6t:auto_generated|mac_mult1 ; DATAA            ;                       ;
; Ad9233FrameCapture:U2_frame_capture|Ad9233MultistageDecimator:anti_alias_fir|FirDecimatingStage:stage1|operand_sample[1][9]           ; Packed Register ; Register Packing ; Timing optimization            ; Q         ;                ; Ad9233FrameCapture:U2_frame_capture|Ad9233MultistageDecimator:anti_alias_fir|FirDecimatingStage:stage1|lpm_mult:Mult1|mult_c6t:auto_generated|mac_mult1 ; DATAA            ;                       ;
; Ad9233FrameCapture:U2_frame_capture|Ad9233MultistageDecimator:anti_alias_fir|FirDecimatingStage:stage1|operand_sample[1][10]          ; Packed Register ; Register Packing ; Timing optimization            ; Q         ;                ; Ad9233FrameCapture:U2_frame_capture|Ad9233MultistageDecimator:anti_alias_fir|FirDecimatingStage:stage1|lpm_mult:Mult1|mult_c6t:auto_generated|mac_mult1 ; DATAA            ;                       ;
; Ad9233FrameCapture:U2_frame_capture|Ad9233MultistageDecimator:anti_alias_fir|FirDecimatingStage:stage1|operand_sample[1][11]          ; Packed Register ; Register Packing ; Timing optimization            ; Q         ;                ; Ad9233FrameCapture:U2_frame_capture|Ad9233MultistageDecimator:anti_alias_fir|FirDecimatingStage:stage1|lpm_mult:Mult1|mult_c6t:auto_generated|mac_mult1 ; DATAA            ;                       ;
; Ad9233FrameCapture:U2_frame_capture|Ad9233MultistageDecimator:anti_alias_fir|FirDecimatingStage:stage1|operand_sample[1][12]          ; Packed Register ; Register Packing ; Timing optimization            ; Q         ;                ; Ad9233FrameCapture:U2_frame_capture|Ad9233MultistageDecimator:anti_alias_fir|FirDecimatingStage:stage1|lpm_mult:Mult1|mult_c6t:auto_generated|mac_mult1 ; DATAA            ;                       ;
; Ad9233FrameCapture:U2_frame_capture|Ad9233MultistageDecimator:anti_alias_fir|FirDecimatingStage:stage1|operand_sample[1][13]          ; Packed Register ; Register Packing ; Timing optimization            ; Q         ;                ; Ad9233FrameCapture:U2_frame_capture|Ad9233MultistageDecimator:anti_alias_fir|FirDecimatingStage:stage1|lpm_mult:Mult1|mult_c6t:auto_generated|mac_mult1 ; DATAA            ;                       ;
; Ad9233FrameCapture:U2_frame_capture|Ad9233MultistageDecimator:anti_alias_fir|FirDecimatingStage:stage1|operand_sample[1][14]          ; Packed Register ; Register Packing ; Timing optimization            ; Q         ;                ; Ad9233FrameCapture:U2_frame_capture|Ad9233MultistageDecimator:anti_alias_fir|FirDecimatingStage:stage1|lpm_mult:Mult1|mult_c6t:auto_generated|mac_mult1 ; DATAA            ;                       ;
; Ad9233FrameCapture:U2_frame_capture|Ad9233MultistageDecimator:anti_alias_fir|FirDecimatingStage:stage1|operand_sample[1][15]          ; Packed Register ; Register Packing ; Timing optimization            ; Q         ;                ; Ad9233FrameCapture:U2_frame_capture|Ad9233MultistageDecimator:anti_alias_fir|FirDecimatingStage:stage1|lpm_mult:Mult1|mult_c6t:auto_generated|mac_mult1 ; DATAA            ;                       ;
; Ad9233FrameCapture:U2_frame_capture|Ad9233MultistageDecimator:anti_alias_fir|FirDecimatingStage:stage1|operand_sample[1][16]          ; Packed Register ; Register Packing ; Timing optimization            ; Q         ;                ; Ad9233FrameCapture:U2_frame_capture|Ad9233MultistageDecimator:anti_alias_fir|FirDecimatingStage:stage1|lpm_mult:Mult1|mult_c6t:auto_generated|mac_mult1 ; DATAA            ;                       ;
; Ad9233FrameCapture:U2_frame_capture|Ad9233MultistageDecimator:anti_alias_fir|FirDecimatingStage:stage1|operand_sample[1][17]          ; Packed Register ; Register Packing ; Timing optimization            ; Q         ;                ; Ad9233FrameCapture:U2_frame_capture|Ad9233MultistageDecimator:anti_alias_fir|FirDecimatingStage:stage1|lpm_mult:Mult1|mult_c6t:auto_generated|mac_mult1 ; DATAA            ;                       ;
; Ad9233FrameCapture:U2_frame_capture|Ad9233MultistageDecimator:anti_alias_fir|FirDecimatingStage:stage1|operand_sample[2][4]           ; Packed Register ; Register Packing ; Timing optimization            ; Q         ;                ; Ad9233FrameCapture:U2_frame_capture|Ad9233MultistageDecimator:anti_alias_fir|FirDecimatingStage:stage1|lpm_mult:Mult2|mult_c6t:auto_generated|mac_mult1 ; DATAA            ;                       ;
; Ad9233FrameCapture:U2_frame_capture|Ad9233MultistageDecimator:anti_alias_fir|FirDecimatingStage:stage1|operand_sample[2][5]           ; Packed Register ; Register Packing ; Timing optimization            ; Q         ;                ; Ad9233FrameCapture:U2_frame_capture|Ad9233MultistageDecimator:anti_alias_fir|FirDecimatingStage:stage1|lpm_mult:Mult2|mult_c6t:auto_generated|mac_mult1 ; DATAA            ;                       ;
; Ad9233FrameCapture:U2_frame_capture|Ad9233MultistageDecimator:anti_alias_fir|FirDecimatingStage:stage1|operand_sample[2][6]           ; Packed Register ; Register Packing ; Timing optimization            ; Q         ;                ; Ad9233FrameCapture:U2_frame_capture|Ad9233MultistageDecimator:anti_alias_fir|FirDecimatingStage:stage1|lpm_mult:Mult2|mult_c6t:auto_generated|mac_mult1 ; DATAA            ;                       ;
; Ad9233FrameCapture:U2_frame_capture|Ad9233MultistageDecimator:anti_alias_fir|FirDecimatingStage:stage1|operand_sample[2][7]           ; Packed Register ; Register Packing ; Timing optimization            ; Q         ;                ; Ad9233FrameCapture:U2_frame_capture|Ad9233MultistageDecimator:anti_alias_fir|FirDecimatingStage:stage1|lpm_mult:Mult2|mult_c6t:auto_generated|mac_mult1 ; DATAA            ;                       ;
; Ad9233FrameCapture:U2_frame_capture|Ad9233MultistageDecimator:anti_alias_fir|FirDecimatingStage:stage1|operand_sample[2][8]           ; Packed Register ; Register Packing ; Timing optimization            ; Q         ;                ; Ad9233FrameCapture:U2_frame_capture|Ad9233MultistageDecimator:anti_alias_fir|FirDecimatingStage:stage1|lpm_mult:Mult2|mult_c6t:auto_generated|mac_mult1 ; DATAA            ;                       ;
; Ad9233FrameCapture:U2_frame_capture|Ad9233MultistageDecimator:anti_alias_fir|FirDecimatingStage:stage1|operand_sample[2][9]           ; Packed Register ; Register Packing ; Timing optimization            ; Q         ;                ; Ad9233FrameCapture:U2_frame_capture|Ad9233MultistageDecimator:anti_alias_fir|FirDecimatingStage:stage1|lpm_mult:Mult2|mult_c6t:auto_generated|mac_mult1 ; DATAA            ;                       ;
; Ad9233FrameCapture:U2_frame_capture|Ad9233MultistageDecimator:anti_alias_fir|FirDecimatingStage:stage1|operand_sample[2][10]          ; Packed Register ; Register Packing ; Timing optimization            ; Q         ;                ; Ad9233FrameCapture:U2_frame_capture|Ad9233MultistageDecimator:anti_alias_fir|FirDecimatingStage:stage1|lpm_mult:Mult2|mult_c6t:auto_generated|mac_mult1 ; DATAA            ;                       ;
; Ad9233FrameCapture:U2_frame_capture|Ad9233MultistageDecimator:anti_alias_fir|FirDecimatingStage:stage1|operand_sample[2][11]          ; Packed Register ; Register Packing ; Timing optimization            ; Q         ;                ; Ad9233FrameCapture:U2_frame_capture|Ad9233MultistageDecimator:anti_alias_fir|FirDecimatingStage:stage1|lpm_mult:Mult2|mult_c6t:auto_generated|mac_mult1 ; DATAA            ;                       ;
; Ad9233FrameCapture:U2_frame_capture|Ad9233MultistageDecimator:anti_alias_fir|FirDecimatingStage:stage1|operand_sample[2][12]          ; Packed Register ; Register Packing ; Timing optimization            ; Q         ;                ; Ad9233FrameCapture:U2_frame_capture|Ad9233MultistageDecimator:anti_alias_fir|FirDecimatingStage:stage1|lpm_mult:Mult2|mult_c6t:auto_generated|mac_mult1 ; DATAA            ;                       ;
; Ad9233FrameCapture:U2_frame_capture|Ad9233MultistageDecimator:anti_alias_fir|FirDecimatingStage:stage1|operand_sample[2][13]          ; Packed Register ; Register Packing ; Timing optimization            ; Q         ;                ; Ad9233FrameCapture:U2_frame_capture|Ad9233MultistageDecimator:anti_alias_fir|FirDecimatingStage:stage1|lpm_mult:Mult2|mult_c6t:auto_generated|mac_mult1 ; DATAA            ;                       ;
; Ad9233FrameCapture:U2_frame_capture|Ad9233MultistageDecimator:anti_alias_fir|FirDecimatingStage:stage1|operand_sample[2][14]          ; Packed Register ; Register Packing ; Timing optimization            ; Q         ;                ; Ad9233FrameCapture:U2_frame_capture|Ad9233MultistageDecimator:anti_alias_fir|FirDecimatingStage:stage1|lpm_mult:Mult2|mult_c6t:auto_generated|mac_mult1 ; DATAA            ;                       ;
; Ad9233FrameCapture:U2_frame_capture|Ad9233MultistageDecimator:anti_alias_fir|FirDecimatingStage:stage1|operand_sample[2][15]          ; Packed Register ; Register Packing ; Timing optimization            ; Q         ;                ; Ad9233FrameCapture:U2_frame_capture|Ad9233MultistageDecimator:anti_alias_fir|FirDecimatingStage:stage1|lpm_mult:Mult2|mult_c6t:auto_generated|mac_mult1 ; DATAA            ;                       ;
; Ad9233FrameCapture:U2_frame_capture|Ad9233MultistageDecimator:anti_alias_fir|FirDecimatingStage:stage1|operand_sample[2][16]          ; Packed Register ; Register Packing ; Timing optimization            ; Q         ;                ; Ad9233FrameCapture:U2_frame_capture|Ad9233MultistageDecimator:anti_alias_fir|FirDecimatingStage:stage1|lpm_mult:Mult2|mult_c6t:auto_generated|mac_mult1 ; DATAA            ;                       ;
; Ad9233FrameCapture:U2_frame_capture|Ad9233MultistageDecimator:anti_alias_fir|FirDecimatingStage:stage1|operand_sample[2][17]          ; Packed Register ; Register Packing ; Timing optimization            ; Q         ;                ; Ad9233FrameCapture:U2_frame_capture|Ad9233MultistageDecimator:anti_alias_fir|FirDecimatingStage:stage1|lpm_mult:Mult2|mult_c6t:auto_generated|mac_mult1 ; DATAA            ;                       ;
; Ad9233FrameCapture:U2_frame_capture|Ad9233MultistageDecimator:anti_alias_fir|FirDecimatingStage:stage1|product_pipe[3][4]             ; Packed Register ; Register Packing ; Timing optimization            ; Q         ;                ; Ad9233FrameCapture:U2_frame_capture|Ad9233MultistageDecimator:anti_alias_fir|FirDecimatingStage:stage1|lpm_mult:Mult3|mult_c6t:auto_generated|mac_out2  ; DATAOUT          ;                       ;
; Ad9233FrameCapture:U2_frame_capture|Ad9233MultistageDecimator:anti_alias_fir|FirDecimatingStage:stage1|product_pipe[3][5]             ; Packed Register ; Register Packing ; Timing optimization            ; Q         ;                ; Ad9233FrameCapture:U2_frame_capture|Ad9233MultistageDecimator:anti_alias_fir|FirDecimatingStage:stage1|lpm_mult:Mult3|mult_c6t:auto_generated|mac_out2  ; DATAOUT          ;                       ;
; Ad9233FrameCapture:U2_frame_capture|Ad9233MultistageDecimator:anti_alias_fir|FirDecimatingStage:stage1|product_pipe[3][6]             ; Packed Register ; Register Packing ; Timing optimization            ; Q         ;                ; Ad9233FrameCapture:U2_frame_capture|Ad9233MultistageDecimator:anti_alias_fir|FirDecimatingStage:stage1|lpm_mult:Mult3|mult_c6t:auto_generated|mac_out2  ; DATAOUT          ;                       ;
; Ad9233FrameCapture:U2_frame_capture|Ad9233MultistageDecimator:anti_alias_fir|FirDecimatingStage:stage1|product_pipe[3][7]             ; Packed Register ; Register Packing ; Timing optimization            ; Q         ;                ; Ad9233FrameCapture:U2_frame_capture|Ad9233MultistageDecimator:anti_alias_fir|FirDecimatingStage:stage1|lpm_mult:Mult3|mult_c6t:auto_generated|mac_out2  ; DATAOUT          ;                       ;
; Ad9233FrameCapture:U2_frame_capture|Ad9233MultistageDecimator:anti_alias_fir|FirDecimatingStage:stage1|product_pipe[3][8]             ; Packed Register ; Register Packing ; Timing optimization            ; Q         ;                ; Ad9233FrameCapture:U2_frame_capture|Ad9233MultistageDecimator:anti_alias_fir|FirDecimatingStage:stage1|lpm_mult:Mult3|mult_c6t:auto_generated|mac_out2  ; DATAOUT          ;                       ;
; Ad9233FrameCapture:U2_frame_capture|Ad9233MultistageDecimator:anti_alias_fir|FirDecimatingStage:stage1|product_pipe[3][9]             ; Packed Register ; Register Packing ; Timing optimization            ; Q         ;                ; Ad9233FrameCapture:U2_frame_capture|Ad9233MultistageDecimator:anti_alias_fir|FirDecimatingStage:stage1|lpm_mult:Mult3|mult_c6t:auto_generated|mac_out2  ; DATAOUT          ;                       ;
; Ad9233FrameCapture:U2_frame_capture|Ad9233MultistageDecimator:anti_alias_fir|FirDecimatingStage:stage1|product_pipe[3][10]            ; Packed Register ; Register Packing ; Timing optimization            ; Q         ;                ; Ad9233FrameCapture:U2_frame_capture|Ad9233MultistageDecimator:anti_alias_fir|FirDecimatingStage:stage1|lpm_mult:Mult3|mult_c6t:auto_generated|mac_out2  ; DATAOUT          ;                       ;
; Ad9233FrameCapture:U2_frame_capture|Ad9233MultistageDecimator:anti_alias_fir|FirDecimatingStage:stage1|product_pipe[3][11]            ; Packed Register ; Register Packing ; Timing optimization            ; Q         ;                ; Ad9233FrameCapture:U2_frame_capture|Ad9233MultistageDecimator:anti_alias_fir|FirDecimatingStage:stage1|lpm_mult:Mult3|mult_c6t:auto_generated|mac_out2  ; DATAOUT          ;                       ;
; Ad9233FrameCapture:U2_frame_capture|Ad9233MultistageDecimator:anti_alias_fir|FirDecimatingStage:stage1|product_pipe[3][12]            ; Packed Register ; Register Packing ; Timing optimization            ; Q         ;                ; Ad9233FrameCapture:U2_frame_capture|Ad9233MultistageDecimator:anti_alias_fir|FirDecimatingStage:stage1|lpm_mult:Mult3|mult_c6t:auto_generated|mac_out2  ; DATAOUT          ;                       ;
; Ad9233FrameCapture:U2_frame_capture|Ad9233MultistageDecimator:anti_alias_fir|FirDecimatingStage:stage1|product_pipe[3][13]            ; Packed Register ; Register Packing ; Timing optimization            ; Q         ;                ; Ad9233FrameCapture:U2_frame_capture|Ad9233MultistageDecimator:anti_alias_fir|FirDecimatingStage:stage1|lpm_mult:Mult3|mult_c6t:auto_generated|mac_out2  ; DATAOUT          ;                       ;
; Ad9233FrameCapture:U2_frame_capture|Ad9233MultistageDecimator:anti_alias_fir|FirDecimatingStage:stage1|product_pipe[3][14]            ; Packed Register ; Register Packing ; Timing optimization            ; Q         ;                ; Ad9233FrameCapture:U2_frame_capture|Ad9233MultistageDecimator:anti_alias_fir|FirDecimatingStage:stage1|lpm_mult:Mult3|mult_c6t:auto_generated|mac_out2  ; DATAOUT          ;                       ;
; Ad9233FrameCapture:U2_frame_capture|Ad9233MultistageDecimator:anti_alias_fir|FirDecimatingStage:stage1|product_pipe[3][15]            ; Packed Register ; Register Packing ; Timing optimization            ; Q         ;                ; Ad9233FrameCapture:U2_frame_capture|Ad9233MultistageDecimator:anti_alias_fir|FirDecimatingStage:stage1|lpm_mult:Mult3|mult_c6t:auto_generated|mac_out2  ; DATAOUT          ;                       ;
; Ad9233FrameCapture:U2_frame_capture|Ad9233MultistageDecimator:anti_alias_fir|FirDecimatingStage:stage1|product_pipe[3][16]            ; Packed Register ; Register Packing ; Timing optimization            ; Q         ;                ; Ad9233FrameCapture:U2_frame_capture|Ad9233MultistageDecimator:anti_alias_fir|FirDecimatingStage:stage1|lpm_mult:Mult3|mult_c6t:auto_generated|mac_out2  ; DATAOUT          ;                       ;
; Ad9233FrameCapture:U2_frame_capture|Ad9233MultistageDecimator:anti_alias_fir|FirDecimatingStage:stage1|product_pipe[3][17]            ; Packed Register ; Register Packing ; Timing optimization            ; Q         ;                ; Ad9233FrameCapture:U2_frame_capture|Ad9233MultistageDecimator:anti_alias_fir|FirDecimatingStage:stage1|lpm_mult:Mult3|mult_c6t:auto_generated|mac_out2  ; DATAOUT          ;                       ;
; Ad9233FrameCapture:U2_frame_capture|Ad9233MultistageDecimator:anti_alias_fir|FirDecimatingStage:stage1|product_pipe[3][18]            ; Packed Register ; Register Packing ; Timing optimization            ; Q         ;                ; Ad9233FrameCapture:U2_frame_capture|Ad9233MultistageDecimator:anti_alias_fir|FirDecimatingStage:stage1|lpm_mult:Mult3|mult_c6t:auto_generated|mac_out2  ; DATAOUT          ;                       ;
; Ad9233FrameCapture:U2_frame_capture|Ad9233MultistageDecimator:anti_alias_fir|FirDecimatingStage:stage1|product_pipe[3][19]            ; Packed Register ; Register Packing ; Timing optimization            ; Q         ;                ; Ad9233FrameCapture:U2_frame_capture|Ad9233MultistageDecimator:anti_alias_fir|FirDecimatingStage:stage1|lpm_mult:Mult3|mult_c6t:auto_generated|mac_out2  ; DATAOUT          ;                       ;
; Ad9233FrameCapture:U2_frame_capture|Ad9233MultistageDecimator:anti_alias_fir|FirDecimatingStage:stage1|product_pipe[3][20]            ; Packed Register ; Register Packing ; Timing optimization            ; Q         ;                ; Ad9233FrameCapture:U2_frame_capture|Ad9233MultistageDecimator:anti_alias_fir|FirDecimatingStage:stage1|lpm_mult:Mult3|mult_c6t:auto_generated|mac_out2  ; DATAOUT          ;                       ;
; Ad9233FrameCapture:U2_frame_capture|Ad9233MultistageDecimator:anti_alias_fir|FirDecimatingStage:stage1|product_pipe[3][21]            ; Packed Register ; Register Packing ; Timing optimization            ; Q         ;                ; Ad9233FrameCapture:U2_frame_capture|Ad9233MultistageDecimator:anti_alias_fir|FirDecimatingStage:stage1|lpm_mult:Mult3|mult_c6t:auto_generated|mac_out2  ; DATAOUT          ;                       ;
; Ad9233FrameCapture:U2_frame_capture|Ad9233MultistageDecimator:anti_alias_fir|FirDecimatingStage:stage1|product_pipe[3][22]            ; Packed Register ; Register Packing ; Timing optimization            ; Q         ;                ; Ad9233FrameCapture:U2_frame_capture|Ad9233MultistageDecimator:anti_alias_fir|FirDecimatingStage:stage1|lpm_mult:Mult3|mult_c6t:auto_generated|mac_out2  ; DATAOUT          ;                       ;
; Ad9233FrameCapture:U2_frame_capture|Ad9233MultistageDecimator:anti_alias_fir|FirDecimatingStage:stage1|product_pipe[3][23]            ; Packed Register ; Register Packing ; Timing optimization            ; Q         ;                ; Ad9233FrameCapture:U2_frame_capture|Ad9233MultistageDecimator:anti_alias_fir|FirDecimatingStage:stage1|lpm_mult:Mult3|mult_c6t:auto_generated|mac_out2  ; DATAOUT          ;                       ;
; Ad9233FrameCapture:U2_frame_capture|Ad9233MultistageDecimator:anti_alias_fir|FirDecimatingStage:stage1|product_pipe[3][24]            ; Packed Register ; Register Packing ; Timing optimization            ; Q         ;                ; Ad9233FrameCapture:U2_frame_capture|Ad9233MultistageDecimator:anti_alias_fir|FirDecimatingStage:stage1|lpm_mult:Mult3|mult_c6t:auto_generated|mac_out2  ; DATAOUT          ;                       ;
; Ad9233FrameCapture:U2_frame_capture|Ad9233MultistageDecimator:anti_alias_fir|FirDecimatingStage:stage1|product_pipe[3][25]            ; Packed Register ; Register Packing ; Timing optimization            ; Q         ;                ; Ad9233FrameCapture:U2_frame_capture|Ad9233MultistageDecimator:anti_alias_fir|FirDecimatingStage:stage1|lpm_mult:Mult3|mult_c6t:auto_generated|mac_out2  ; DATAOUT          ;                       ;
; Ad9233FrameCapture:U2_frame_capture|Ad9233MultistageDecimator:anti_alias_fir|FirDecimatingStage:stage1|product_pipe[3][26]            ; Packed Register ; Register Packing ; Timing optimization            ; Q         ;                ; Ad9233FrameCapture:U2_frame_capture|Ad9233MultistageDecimator:anti_alias_fir|FirDecimatingStage:stage1|lpm_mult:Mult3|mult_c6t:auto_generated|mac_out2  ; DATAOUT          ;                       ;
; Ad9233FrameCapture:U2_frame_capture|Ad9233MultistageDecimator:anti_alias_fir|FirDecimatingStage:stage1|product_pipe[3][27]            ; Packed Register ; Register Packing ; Timing optimization            ; Q         ;                ; Ad9233FrameCapture:U2_frame_capture|Ad9233MultistageDecimator:anti_alias_fir|FirDecimatingStage:stage1|lpm_mult:Mult3|mult_c6t:auto_generated|mac_out2  ; DATAOUT          ;                       ;
; Ad9233FrameCapture:U2_frame_capture|Ad9233MultistageDecimator:anti_alias_fir|FirDecimatingStage:stage1|product_pipe[3][28]            ; Packed Register ; Register Packing ; Timing optimization            ; Q         ;                ; Ad9233FrameCapture:U2_frame_capture|Ad9233MultistageDecimator:anti_alias_fir|FirDecimatingStage:stage1|lpm_mult:Mult3|mult_c6t:auto_generated|mac_out2  ; DATAOUT          ;                       ;
; Ad9233FrameCapture:U2_frame_capture|Ad9233MultistageDecimator:anti_alias_fir|FirDecimatingStage:stage1|product_pipe[3][29]            ; Packed Register ; Register Packing ; Timing optimization            ; Q         ;                ; Ad9233FrameCapture:U2_frame_capture|Ad9233MultistageDecimator:anti_alias_fir|FirDecimatingStage:stage1|lpm_mult:Mult3|mult_c6t:auto_generated|mac_out2  ; DATAOUT          ;                       ;
; Ad9233FrameCapture:U2_frame_capture|Ad9233MultistageDecimator:anti_alias_fir|FirDecimatingStage:stage1|product_pipe[3][30]            ; Packed Register ; Register Packing ; Timing optimization            ; Q         ;                ; Ad9233FrameCapture:U2_frame_capture|Ad9233MultistageDecimator:anti_alias_fir|FirDecimatingStage:stage1|lpm_mult:Mult3|mult_c6t:auto_generated|mac_out2  ; DATAOUT          ;                       ;
; Ad9233FrameCapture:U2_frame_capture|Ad9233MultistageDecimator:anti_alias_fir|FirDecimatingStage:stage1|product_pipe[3][31]            ; Packed Register ; Register Packing ; Timing optimization            ; Q         ;                ; Ad9233FrameCapture:U2_frame_capture|Ad9233MultistageDecimator:anti_alias_fir|FirDecimatingStage:stage1|lpm_mult:Mult3|mult_c6t:auto_generated|mac_out2  ; DATAOUT          ;                       ;
; Ad9233FrameCapture:U2_frame_capture|Ad9233MultistageDecimator:anti_alias_fir|FirDecimatingStage:stage1|product_pipe[3][32]            ; Packed Register ; Register Packing ; Timing optimization            ; Q         ;                ; Ad9233FrameCapture:U2_frame_capture|Ad9233MultistageDecimator:anti_alias_fir|FirDecimatingStage:stage1|lpm_mult:Mult3|mult_c6t:auto_generated|mac_out2  ; DATAOUT          ;                       ;
; Ad9233FrameCapture:U2_frame_capture|Ad9233MultistageDecimator:anti_alias_fir|FirDecimatingStage:stage1|product_pipe[3][33]            ; Packed Register ; Register Packing ; Timing optimization            ; Q         ;                ; Ad9233FrameCapture:U2_frame_capture|Ad9233MultistageDecimator:anti_alias_fir|FirDecimatingStage:stage1|lpm_mult:Mult3|mult_c6t:auto_generated|mac_out2  ; DATAOUT          ;                       ;
; Ad9233FrameCapture:U2_frame_capture|Ad9233MultistageDecimator:anti_alias_fir|FirDecimatingStage:stage1|product_pipe[3][34]            ; Packed Register ; Register Packing ; Timing optimization            ; Q         ;                ; Ad9233FrameCapture:U2_frame_capture|Ad9233MultistageDecimator:anti_alias_fir|FirDecimatingStage:stage1|lpm_mult:Mult3|mult_c6t:auto_generated|mac_out2  ; DATAOUT          ;                       ;
; Ad9233FrameCapture:U2_frame_capture|Ad9233MultistageDecimator:anti_alias_fir|FirDecimatingStage:stage1|product_pipe[3][35]            ; Packed Register ; Register Packing ; Timing optimization            ; Q         ;                ; Ad9233FrameCapture:U2_frame_capture|Ad9233MultistageDecimator:anti_alias_fir|FirDecimatingStage:stage1|lpm_mult:Mult3|mult_c6t:auto_generated|mac_out2  ; DATAOUT          ;                       ;
; Ad9233FrameCapture:U2_frame_capture|Ad9233MultistageDecimator:anti_alias_fir|FirDecimatingStage:stage2|operand_coefficient[1][0]      ; Packed Register ; Register Packing ; Timing optimization            ; Q         ;                ; Ad9233FrameCapture:U2_frame_capture|Ad9233MultistageDecimator:anti_alias_fir|FirDecimatingStage:stage2|lpm_mult:Mult1|mult_c6t:auto_generated|mac_mult1 ; DATAB            ;                       ;
; Ad9233FrameCapture:U2_frame_capture|Ad9233MultistageDecimator:anti_alias_fir|FirDecimatingStage:stage2|operand_coefficient[1][1]      ; Packed Register ; Register Packing ; Timing optimization            ; Q         ;                ; Ad9233FrameCapture:U2_frame_capture|Ad9233MultistageDecimator:anti_alias_fir|FirDecimatingStage:stage2|lpm_mult:Mult1|mult_c6t:auto_generated|mac_mult1 ; DATAB            ;                       ;
; Ad9233FrameCapture:U2_frame_capture|Ad9233MultistageDecimator:anti_alias_fir|FirDecimatingStage:stage2|operand_coefficient[1][2]      ; Packed Register ; Register Packing ; Timing optimization            ; Q         ;                ; Ad9233FrameCapture:U2_frame_capture|Ad9233MultistageDecimator:anti_alias_fir|FirDecimatingStage:stage2|lpm_mult:Mult1|mult_c6t:auto_generated|mac_mult1 ; DATAB            ;                       ;
; Ad9233FrameCapture:U2_frame_capture|Ad9233MultistageDecimator:anti_alias_fir|FirDecimatingStage:stage2|operand_coefficient[1][3]      ; Packed Register ; Register Packing ; Timing optimization            ; Q         ;                ; Ad9233FrameCapture:U2_frame_capture|Ad9233MultistageDecimator:anti_alias_fir|FirDecimatingStage:stage2|lpm_mult:Mult1|mult_c6t:auto_generated|mac_mult1 ; DATAB            ;                       ;
; Ad9233FrameCapture:U2_frame_capture|Ad9233MultistageDecimator:anti_alias_fir|FirDecimatingStage:stage2|operand_coefficient[1][4]      ; Packed Register ; Register Packing ; Timing optimization            ; Q         ;                ; Ad9233FrameCapture:U2_frame_capture|Ad9233MultistageDecimator:anti_alias_fir|FirDecimatingStage:stage2|lpm_mult:Mult1|mult_c6t:auto_generated|mac_mult1 ; DATAB            ;                       ;
; Ad9233FrameCapture:U2_frame_capture|Ad9233MultistageDecimator:anti_alias_fir|FirDecimatingStage:stage2|operand_coefficient[1][5]      ; Packed Register ; Register Packing ; Timing optimization            ; Q         ;                ; Ad9233FrameCapture:U2_frame_capture|Ad9233MultistageDecimator:anti_alias_fir|FirDecimatingStage:stage2|lpm_mult:Mult1|mult_c6t:auto_generated|mac_mult1 ; DATAB            ;                       ;
; Ad9233FrameCapture:U2_frame_capture|Ad9233MultistageDecimator:anti_alias_fir|FirDecimatingStage:stage2|operand_coefficient[1][6]      ; Packed Register ; Register Packing ; Timing optimization            ; Q         ;                ; Ad9233FrameCapture:U2_frame_capture|Ad9233MultistageDecimator:anti_alias_fir|FirDecimatingStage:stage2|lpm_mult:Mult1|mult_c6t:auto_generated|mac_mult1 ; DATAB            ;                       ;
; Ad9233FrameCapture:U2_frame_capture|Ad9233MultistageDecimator:anti_alias_fir|FirDecimatingStage:stage2|operand_coefficient[1][7]      ; Packed Register ; Register Packing ; Timing optimization            ; Q         ;                ; Ad9233FrameCapture:U2_frame_capture|Ad9233MultistageDecimator:anti_alias_fir|FirDecimatingStage:stage2|lpm_mult:Mult1|mult_c6t:auto_generated|mac_mult1 ; DATAB            ;                       ;
; Ad9233FrameCapture:U2_frame_capture|Ad9233MultistageDecimator:anti_alias_fir|FirDecimatingStage:stage2|operand_coefficient[1][8]      ; Packed Register ; Register Packing ; Timing optimization            ; Q         ;                ; Ad9233FrameCapture:U2_frame_capture|Ad9233MultistageDecimator:anti_alias_fir|FirDecimatingStage:stage2|lpm_mult:Mult1|mult_c6t:auto_generated|mac_mult1 ; DATAB            ;                       ;
; Ad9233FrameCapture:U2_frame_capture|Ad9233MultistageDecimator:anti_alias_fir|FirDecimatingStage:stage2|operand_coefficient[1][9]      ; Packed Register ; Register Packing ; Timing optimization            ; Q         ;                ; Ad9233FrameCapture:U2_frame_capture|Ad9233MultistageDecimator:anti_alias_fir|FirDecimatingStage:stage2|lpm_mult:Mult1|mult_c6t:auto_generated|mac_mult1 ; DATAB            ;                       ;
; Ad9233FrameCapture:U2_frame_capture|Ad9233MultistageDecimator:anti_alias_fir|FirDecimatingStage:stage2|operand_coefficient[1][10]     ; Packed Register ; Register Packing ; Timing optimization            ; Q         ;                ; Ad9233FrameCapture:U2_frame_capture|Ad9233MultistageDecimator:anti_alias_fir|FirDecimatingStage:stage2|lpm_mult:Mult1|mult_c6t:auto_generated|mac_mult1 ; DATAB            ;                       ;
; Ad9233FrameCapture:U2_frame_capture|Ad9233MultistageDecimator:anti_alias_fir|FirDecimatingStage:stage2|operand_coefficient[1][11]     ; Packed Register ; Register Packing ; Timing optimization            ; Q         ;                ; Ad9233FrameCapture:U2_frame_capture|Ad9233MultistageDecimator:anti_alias_fir|FirDecimatingStage:stage2|lpm_mult:Mult1|mult_c6t:auto_generated|mac_mult1 ; DATAB            ;                       ;
; Ad9233FrameCapture:U2_frame_capture|Ad9233MultistageDecimator:anti_alias_fir|FirDecimatingStage:stage2|operand_coefficient[1][12]     ; Packed Register ; Register Packing ; Timing optimization            ; Q         ;                ; Ad9233FrameCapture:U2_frame_capture|Ad9233MultistageDecimator:anti_alias_fir|FirDecimatingStage:stage2|lpm_mult:Mult1|mult_c6t:auto_generated|mac_mult1 ; DATAB            ;                       ;
; Ad9233FrameCapture:U2_frame_capture|Ad9233MultistageDecimator:anti_alias_fir|FirDecimatingStage:stage2|operand_coefficient[1][13]     ; Packed Register ; Register Packing ; Timing optimization            ; Q         ;                ; Ad9233FrameCapture:U2_frame_capture|Ad9233MultistageDecimator:anti_alias_fir|FirDecimatingStage:stage2|lpm_mult:Mult1|mult_c6t:auto_generated|mac_mult1 ; DATAB            ;                       ;
; Ad9233FrameCapture:U2_frame_capture|Ad9233MultistageDecimator:anti_alias_fir|FirDecimatingStage:stage2|operand_coefficient[1][14]     ; Packed Register ; Register Packing ; Timing optimization            ; Q         ;                ; Ad9233FrameCapture:U2_frame_capture|Ad9233MultistageDecimator:anti_alias_fir|FirDecimatingStage:stage2|lpm_mult:Mult1|mult_c6t:auto_generated|mac_mult1 ; DATAB            ;                       ;
; Ad9233FrameCapture:U2_frame_capture|Ad9233MultistageDecimator:anti_alias_fir|FirDecimatingStage:stage2|operand_coefficient[1][15]     ; Packed Register ; Register Packing ; Timing optimization            ; Q         ;                ; Ad9233FrameCapture:U2_frame_capture|Ad9233MultistageDecimator:anti_alias_fir|FirDecimatingStage:stage2|lpm_mult:Mult1|mult_c6t:auto_generated|mac_mult1 ; DATAB            ;                       ;
; Ad9233FrameCapture:U2_frame_capture|Ad9233MultistageDecimator:anti_alias_fir|FirDecimatingStage:stage2|operand_coefficient[1][16]     ; Packed Register ; Register Packing ; Timing optimization            ; Q         ;                ; Ad9233FrameCapture:U2_frame_capture|Ad9233MultistageDecimator:anti_alias_fir|FirDecimatingStage:stage2|lpm_mult:Mult1|mult_c6t:auto_generated|mac_mult1 ; DATAB            ;                       ;
; Ad9233FrameCapture:U2_frame_capture|Ad9233MultistageDecimator:anti_alias_fir|FirDecimatingStage:stage2|operand_coefficient[1][17]     ; Packed Register ; Register Packing ; Timing optimization            ; Q         ;                ; Ad9233FrameCapture:U2_frame_capture|Ad9233MultistageDecimator:anti_alias_fir|FirDecimatingStage:stage2|lpm_mult:Mult1|mult_c6t:auto_generated|mac_mult1 ; DATAB            ;                       ;
; Ad9233FrameCapture:U2_frame_capture|Ad9233MultistageDecimator:anti_alias_fir|FirDecimatingStage:stage2|operand_sample[1][0]           ; Packed Register ; Register Packing ; Timing optimization            ; Q         ;                ; Ad9233FrameCapture:U2_frame_capture|Ad9233MultistageDecimator:anti_alias_fir|FirDecimatingStage:stage2|lpm_mult:Mult1|mult_c6t:auto_generated|mac_mult1 ; DATAA            ;                       ;
; Ad9233FrameCapture:U2_frame_capture|Ad9233MultistageDecimator:anti_alias_fir|FirDecimatingStage:stage2|operand_sample[1][0]~SCLR_LUT  ; Created         ; Register Packing ; Timing optimization            ;           ;                ;                                                                                                                                                         ;                  ;                       ;
; Ad9233FrameCapture:U2_frame_capture|Ad9233MultistageDecimator:anti_alias_fir|FirDecimatingStage:stage2|operand_sample[1][1]           ; Packed Register ; Register Packing ; Timing optimization            ; Q         ;                ; Ad9233FrameCapture:U2_frame_capture|Ad9233MultistageDecimator:anti_alias_fir|FirDecimatingStage:stage2|lpm_mult:Mult1|mult_c6t:auto_generated|mac_mult1 ; DATAA            ;                       ;
; Ad9233FrameCapture:U2_frame_capture|Ad9233MultistageDecimator:anti_alias_fir|FirDecimatingStage:stage2|operand_sample[1][1]~SCLR_LUT  ; Created         ; Register Packing ; Timing optimization            ;           ;                ;                                                                                                                                                         ;                  ;                       ;
; Ad9233FrameCapture:U2_frame_capture|Ad9233MultistageDecimator:anti_alias_fir|FirDecimatingStage:stage2|operand_sample[1][2]           ; Packed Register ; Register Packing ; Timing optimization            ; Q         ;                ; Ad9233FrameCapture:U2_frame_capture|Ad9233MultistageDecimator:anti_alias_fir|FirDecimatingStage:stage2|lpm_mult:Mult1|mult_c6t:auto_generated|mac_mult1 ; DATAA            ;                       ;
; Ad9233FrameCapture:U2_frame_capture|Ad9233MultistageDecimator:anti_alias_fir|FirDecimatingStage:stage2|operand_sample[1][2]~SCLR_LUT  ; Created         ; Register Packing ; Timing optimization            ;           ;                ;                                                                                                                                                         ;                  ;                       ;
; Ad9233FrameCapture:U2_frame_capture|Ad9233MultistageDecimator:anti_alias_fir|FirDecimatingStage:stage2|operand_sample[1][3]           ; Packed Register ; Register Packing ; Timing optimization            ; Q         ;                ; Ad9233FrameCapture:U2_frame_capture|Ad9233MultistageDecimator:anti_alias_fir|FirDecimatingStage:stage2|lpm_mult:Mult1|mult_c6t:auto_generated|mac_mult1 ; DATAA            ;                       ;
; Ad9233FrameCapture:U2_frame_capture|Ad9233MultistageDecimator:anti_alias_fir|FirDecimatingStage:stage2|operand_sample[1][3]~SCLR_LUT  ; Created         ; Register Packing ; Timing optimization            ;           ;                ;                                                                                                                                                         ;                  ;                       ;
; Ad9233FrameCapture:U2_frame_capture|Ad9233MultistageDecimator:anti_alias_fir|FirDecimatingStage:stage2|operand_sample[1][4]           ; Packed Register ; Register Packing ; Timing optimization            ; Q         ;                ; Ad9233FrameCapture:U2_frame_capture|Ad9233MultistageDecimator:anti_alias_fir|FirDecimatingStage:stage2|lpm_mult:Mult1|mult_c6t:auto_generated|mac_mult1 ; DATAA            ;                       ;
; Ad9233FrameCapture:U2_frame_capture|Ad9233MultistageDecimator:anti_alias_fir|FirDecimatingStage:stage2|operand_sample[1][4]~SCLR_LUT  ; Created         ; Register Packing ; Timing optimization            ;           ;                ;                                                                                                                                                         ;                  ;                       ;
; Ad9233FrameCapture:U2_frame_capture|Ad9233MultistageDecimator:anti_alias_fir|FirDecimatingStage:stage2|operand_sample[1][5]           ; Packed Register ; Register Packing ; Timing optimization            ; Q         ;                ; Ad9233FrameCapture:U2_frame_capture|Ad9233MultistageDecimator:anti_alias_fir|FirDecimatingStage:stage2|lpm_mult:Mult1|mult_c6t:auto_generated|mac_mult1 ; DATAA            ;                       ;
; Ad9233FrameCapture:U2_frame_capture|Ad9233MultistageDecimator:anti_alias_fir|FirDecimatingStage:stage2|operand_sample[1][5]~SCLR_LUT  ; Created         ; Register Packing ; Timing optimization            ;           ;                ;                                                                                                                                                         ;                  ;                       ;
; Ad9233FrameCapture:U2_frame_capture|Ad9233MultistageDecimator:anti_alias_fir|FirDecimatingStage:stage2|operand_sample[1][6]           ; Packed Register ; Register Packing ; Timing optimization            ; Q         ;                ; Ad9233FrameCapture:U2_frame_capture|Ad9233MultistageDecimator:anti_alias_fir|FirDecimatingStage:stage2|lpm_mult:Mult1|mult_c6t:auto_generated|mac_mult1 ; DATAA            ;                       ;
; Ad9233FrameCapture:U2_frame_capture|Ad9233MultistageDecimator:anti_alias_fir|FirDecimatingStage:stage2|operand_sample[1][6]~SCLR_LUT  ; Created         ; Register Packing ; Timing optimization            ;           ;                ;                                                                                                                                                         ;                  ;                       ;
; Ad9233FrameCapture:U2_frame_capture|Ad9233MultistageDecimator:anti_alias_fir|FirDecimatingStage:stage2|operand_sample[1][7]           ; Packed Register ; Register Packing ; Timing optimization            ; Q         ;                ; Ad9233FrameCapture:U2_frame_capture|Ad9233MultistageDecimator:anti_alias_fir|FirDecimatingStage:stage2|lpm_mult:Mult1|mult_c6t:auto_generated|mac_mult1 ; DATAA            ;                       ;
; Ad9233FrameCapture:U2_frame_capture|Ad9233MultistageDecimator:anti_alias_fir|FirDecimatingStage:stage2|operand_sample[1][7]~SCLR_LUT  ; Created         ; Register Packing ; Timing optimization            ;           ;                ;                                                                                                                                                         ;                  ;                       ;
; Ad9233FrameCapture:U2_frame_capture|Ad9233MultistageDecimator:anti_alias_fir|FirDecimatingStage:stage2|operand_sample[1][8]           ; Packed Register ; Register Packing ; Timing optimization            ; Q         ;                ; Ad9233FrameCapture:U2_frame_capture|Ad9233MultistageDecimator:anti_alias_fir|FirDecimatingStage:stage2|lpm_mult:Mult1|mult_c6t:auto_generated|mac_mult1 ; DATAA            ;                       ;
; Ad9233FrameCapture:U2_frame_capture|Ad9233MultistageDecimator:anti_alias_fir|FirDecimatingStage:stage2|operand_sample[1][8]~SCLR_LUT  ; Created         ; Register Packing ; Timing optimization            ;           ;                ;                                                                                                                                                         ;                  ;                       ;
; Ad9233FrameCapture:U2_frame_capture|Ad9233MultistageDecimator:anti_alias_fir|FirDecimatingStage:stage2|operand_sample[1][9]           ; Packed Register ; Register Packing ; Timing optimization            ; Q         ;                ; Ad9233FrameCapture:U2_frame_capture|Ad9233MultistageDecimator:anti_alias_fir|FirDecimatingStage:stage2|lpm_mult:Mult1|mult_c6t:auto_generated|mac_mult1 ; DATAA            ;                       ;
; Ad9233FrameCapture:U2_frame_capture|Ad9233MultistageDecimator:anti_alias_fir|FirDecimatingStage:stage2|operand_sample[1][9]~SCLR_LUT  ; Created         ; Register Packing ; Timing optimization            ;           ;                ;                                                                                                                                                         ;                  ;                       ;
; Ad9233FrameCapture:U2_frame_capture|Ad9233MultistageDecimator:anti_alias_fir|FirDecimatingStage:stage2|operand_sample[1][10]          ; Packed Register ; Register Packing ; Timing optimization            ; Q         ;                ; Ad9233FrameCapture:U2_frame_capture|Ad9233MultistageDecimator:anti_alias_fir|FirDecimatingStage:stage2|lpm_mult:Mult1|mult_c6t:auto_generated|mac_mult1 ; DATAA            ;                       ;
; Ad9233FrameCapture:U2_frame_capture|Ad9233MultistageDecimator:anti_alias_fir|FirDecimatingStage:stage2|operand_sample[1][10]~SCLR_LUT ; Created         ; Register Packing ; Timing optimization            ;           ;                ;                                                                                                                                                         ;                  ;                       ;
; Ad9233FrameCapture:U2_frame_capture|Ad9233MultistageDecimator:anti_alias_fir|FirDecimatingStage:stage2|operand_sample[1][11]          ; Packed Register ; Register Packing ; Timing optimization            ; Q         ;                ; Ad9233FrameCapture:U2_frame_capture|Ad9233MultistageDecimator:anti_alias_fir|FirDecimatingStage:stage2|lpm_mult:Mult1|mult_c6t:auto_generated|mac_mult1 ; DATAA            ;                       ;
; Ad9233FrameCapture:U2_frame_capture|Ad9233MultistageDecimator:anti_alias_fir|FirDecimatingStage:stage2|operand_sample[1][11]~SCLR_LUT ; Created         ; Register Packing ; Timing optimization            ;           ;                ;                                                                                                                                                         ;                  ;                       ;
; Ad9233FrameCapture:U2_frame_capture|Ad9233MultistageDecimator:anti_alias_fir|FirDecimatingStage:stage2|operand_sample[1][12]          ; Packed Register ; Register Packing ; Timing optimization            ; Q         ;                ; Ad9233FrameCapture:U2_frame_capture|Ad9233MultistageDecimator:anti_alias_fir|FirDecimatingStage:stage2|lpm_mult:Mult1|mult_c6t:auto_generated|mac_mult1 ; DATAA            ;                       ;
; Ad9233FrameCapture:U2_frame_capture|Ad9233MultistageDecimator:anti_alias_fir|FirDecimatingStage:stage2|operand_sample[1][12]~SCLR_LUT ; Created         ; Register Packing ; Timing optimization            ;           ;                ;                                                                                                                                                         ;                  ;                       ;
; Ad9233FrameCapture:U2_frame_capture|Ad9233MultistageDecimator:anti_alias_fir|FirDecimatingStage:stage2|operand_sample[1][13]          ; Packed Register ; Register Packing ; Timing optimization            ; Q         ;                ; Ad9233FrameCapture:U2_frame_capture|Ad9233MultistageDecimator:anti_alias_fir|FirDecimatingStage:stage2|lpm_mult:Mult1|mult_c6t:auto_generated|mac_mult1 ; DATAA            ;                       ;
; Ad9233FrameCapture:U2_frame_capture|Ad9233MultistageDecimator:anti_alias_fir|FirDecimatingStage:stage2|operand_sample[1][13]~SCLR_LUT ; Created         ; Register Packing ; Timing optimization            ;           ;                ;                                                                                                                                                         ;                  ;                       ;
; Ad9233FrameCapture:U2_frame_capture|Ad9233MultistageDecimator:anti_alias_fir|FirDecimatingStage:stage2|operand_sample[1][14]          ; Packed Register ; Register Packing ; Timing optimization            ; Q         ;                ; Ad9233FrameCapture:U2_frame_capture|Ad9233MultistageDecimator:anti_alias_fir|FirDecimatingStage:stage2|lpm_mult:Mult1|mult_c6t:auto_generated|mac_mult1 ; DATAA            ;                       ;
; Ad9233FrameCapture:U2_frame_capture|Ad9233MultistageDecimator:anti_alias_fir|FirDecimatingStage:stage2|operand_sample[1][14]~SCLR_LUT ; Created         ; Register Packing ; Timing optimization            ;           ;                ;                                                                                                                                                         ;                  ;                       ;
; Ad9233FrameCapture:U2_frame_capture|Ad9233MultistageDecimator:anti_alias_fir|FirDecimatingStage:stage2|operand_sample[1][15]          ; Packed Register ; Register Packing ; Timing optimization            ; Q         ;                ; Ad9233FrameCapture:U2_frame_capture|Ad9233MultistageDecimator:anti_alias_fir|FirDecimatingStage:stage2|lpm_mult:Mult1|mult_c6t:auto_generated|mac_mult1 ; DATAA            ;                       ;
; Ad9233FrameCapture:U2_frame_capture|Ad9233MultistageDecimator:anti_alias_fir|FirDecimatingStage:stage2|operand_sample[1][15]~SCLR_LUT ; Created         ; Register Packing ; Timing optimization            ;           ;                ;                                                                                                                                                         ;                  ;                       ;
; Ad9233FrameCapture:U2_frame_capture|Ad9233MultistageDecimator:anti_alias_fir|FirDecimatingStage:stage2|operand_sample[1][16]          ; Packed Register ; Register Packing ; Timing optimization            ; Q         ;                ; Ad9233FrameCapture:U2_frame_capture|Ad9233MultistageDecimator:anti_alias_fir|FirDecimatingStage:stage2|lpm_mult:Mult1|mult_c6t:auto_generated|mac_mult1 ; DATAA            ;                       ;
; Ad9233FrameCapture:U2_frame_capture|Ad9233MultistageDecimator:anti_alias_fir|FirDecimatingStage:stage2|operand_sample[1][16]~SCLR_LUT ; Created         ; Register Packing ; Timing optimization            ;           ;                ;                                                                                                                                                         ;                  ;                       ;
; Ad9233FrameCapture:U2_frame_capture|Ad9233MultistageDecimator:anti_alias_fir|FirDecimatingStage:stage2|operand_sample[1][17]          ; Packed Register ; Register Packing ; Timing optimization            ; Q         ;                ; Ad9233FrameCapture:U2_frame_capture|Ad9233MultistageDecimator:anti_alias_fir|FirDecimatingStage:stage2|lpm_mult:Mult1|mult_c6t:auto_generated|mac_mult1 ; DATAA            ;                       ;
; Ad9233FrameCapture:U2_frame_capture|Ad9233MultistageDecimator:anti_alias_fir|FirDecimatingStage:stage2|operand_sample[1][17]~SCLR_LUT ; Created         ; Register Packing ; Timing optimization            ;           ;                ;                                                                                                                                                         ;                  ;                       ;
; Ad9233FrameCapture:U2_frame_capture|Ad9233MultistageDecimator:anti_alias_fir|FirDecimatingStage:stage2|product_pipe[0][0]             ; Packed Register ; Register Packing ; Timing optimization            ; Q         ;                ; Ad9233FrameCapture:U2_frame_capture|Ad9233MultistageDecimator:anti_alias_fir|FirDecimatingStage:stage2|lpm_mult:Mult0|mult_c6t:auto_generated|mac_out2  ; DATAOUT          ;                       ;
; Ad9233FrameCapture:U2_frame_capture|Ad9233MultistageDecimator:anti_alias_fir|FirDecimatingStage:stage2|product_pipe[0][1]             ; Packed Register ; Register Packing ; Timing optimization            ; Q         ;                ; Ad9233FrameCapture:U2_frame_capture|Ad9233MultistageDecimator:anti_alias_fir|FirDecimatingStage:stage2|product_pipe[0][0]                               ; DATAOUT          ;                       ;
; Ad9233FrameCapture:U2_frame_capture|Ad9233MultistageDecimator:anti_alias_fir|FirDecimatingStage:stage2|product_pipe[0][2]             ; Packed Register ; Register Packing ; Timing optimization            ; Q         ;                ; Ad9233FrameCapture:U2_frame_capture|Ad9233MultistageDecimator:anti_alias_fir|FirDecimatingStage:stage2|product_pipe[0][0]                               ; DATAOUT          ;                       ;
; Ad9233FrameCapture:U2_frame_capture|Ad9233MultistageDecimator:anti_alias_fir|FirDecimatingStage:stage2|product_pipe[0][3]             ; Packed Register ; Register Packing ; Timing optimization            ; Q         ;                ; Ad9233FrameCapture:U2_frame_capture|Ad9233MultistageDecimator:anti_alias_fir|FirDecimatingStage:stage2|product_pipe[0][0]                               ; DATAOUT          ;                       ;
; Ad9233FrameCapture:U2_frame_capture|Ad9233MultistageDecimator:anti_alias_fir|FirDecimatingStage:stage2|product_pipe[0][4]             ; Packed Register ; Register Packing ; Timing optimization            ; Q         ;                ; Ad9233FrameCapture:U2_frame_capture|Ad9233MultistageDecimator:anti_alias_fir|FirDecimatingStage:stage2|product_pipe[0][0]                               ; DATAOUT          ;                       ;
; Ad9233FrameCapture:U2_frame_capture|Ad9233MultistageDecimator:anti_alias_fir|FirDecimatingStage:stage2|product_pipe[0][5]             ; Packed Register ; Register Packing ; Timing optimization            ; Q         ;                ; Ad9233FrameCapture:U2_frame_capture|Ad9233MultistageDecimator:anti_alias_fir|FirDecimatingStage:stage2|product_pipe[0][0]                               ; DATAOUT          ;                       ;
; Ad9233FrameCapture:U2_frame_capture|Ad9233MultistageDecimator:anti_alias_fir|FirDecimatingStage:stage2|product_pipe[0][6]             ; Packed Register ; Register Packing ; Timing optimization            ; Q         ;                ; Ad9233FrameCapture:U2_frame_capture|Ad9233MultistageDecimator:anti_alias_fir|FirDecimatingStage:stage2|product_pipe[0][0]                               ; DATAOUT          ;                       ;
; Ad9233FrameCapture:U2_frame_capture|Ad9233MultistageDecimator:anti_alias_fir|FirDecimatingStage:stage2|product_pipe[0][7]             ; Packed Register ; Register Packing ; Timing optimization            ; Q         ;                ; Ad9233FrameCapture:U2_frame_capture|Ad9233MultistageDecimator:anti_alias_fir|FirDecimatingStage:stage2|product_pipe[0][0]                               ; DATAOUT          ;                       ;
; Ad9233FrameCapture:U2_frame_capture|Ad9233MultistageDecimator:anti_alias_fir|FirDecimatingStage:stage2|product_pipe[0][8]             ; Packed Register ; Register Packing ; Timing optimization            ; Q         ;                ; Ad9233FrameCapture:U2_frame_capture|Ad9233MultistageDecimator:anti_alias_fir|FirDecimatingStage:stage2|product_pipe[0][0]                               ; DATAOUT          ;                       ;
; Ad9233FrameCapture:U2_frame_capture|Ad9233MultistageDecimator:anti_alias_fir|FirDecimatingStage:stage2|product_pipe[0][9]             ; Packed Register ; Register Packing ; Timing optimization            ; Q         ;                ; Ad9233FrameCapture:U2_frame_capture|Ad9233MultistageDecimator:anti_alias_fir|FirDecimatingStage:stage2|product_pipe[0][0]                               ; DATAOUT          ;                       ;
; Ad9233FrameCapture:U2_frame_capture|Ad9233MultistageDecimator:anti_alias_fir|FirDecimatingStage:stage2|product_pipe[0][10]            ; Packed Register ; Register Packing ; Timing optimization            ; Q         ;                ; Ad9233FrameCapture:U2_frame_capture|Ad9233MultistageDecimator:anti_alias_fir|FirDecimatingStage:stage2|product_pipe[0][0]                               ; DATAOUT          ;                       ;
; Ad9233FrameCapture:U2_frame_capture|Ad9233MultistageDecimator:anti_alias_fir|FirDecimatingStage:stage2|product_pipe[0][11]            ; Packed Register ; Register Packing ; Timing optimization            ; Q         ;                ; Ad9233FrameCapture:U2_frame_capture|Ad9233MultistageDecimator:anti_alias_fir|FirDecimatingStage:stage2|product_pipe[0][0]                               ; DATAOUT          ;                       ;
; Ad9233FrameCapture:U2_frame_capture|Ad9233MultistageDecimator:anti_alias_fir|FirDecimatingStage:stage2|product_pipe[0][12]            ; Packed Register ; Register Packing ; Timing optimization            ; Q         ;                ; Ad9233FrameCapture:U2_frame_capture|Ad9233MultistageDecimator:anti_alias_fir|FirDecimatingStage:stage2|product_pipe[0][0]                               ; DATAOUT          ;                       ;
; Ad9233FrameCapture:U2_frame_capture|Ad9233MultistageDecimator:anti_alias_fir|FirDecimatingStage:stage2|product_pipe[0][13]            ; Packed Register ; Register Packing ; Timing optimization            ; Q         ;                ; Ad9233FrameCapture:U2_frame_capture|Ad9233MultistageDecimator:anti_alias_fir|FirDecimatingStage:stage2|product_pipe[0][0]                               ; DATAOUT          ;                       ;
; Ad9233FrameCapture:U2_frame_capture|Ad9233MultistageDecimator:anti_alias_fir|FirDecimatingStage:stage2|product_pipe[0][14]            ; Packed Register ; Register Packing ; Timing optimization            ; Q         ;                ; Ad9233FrameCapture:U2_frame_capture|Ad9233MultistageDecimator:anti_alias_fir|FirDecimatingStage:stage2|product_pipe[0][0]                               ; DATAOUT          ;                       ;
; Ad9233FrameCapture:U2_frame_capture|Ad9233MultistageDecimator:anti_alias_fir|FirDecimatingStage:stage2|product_pipe[0][15]            ; Packed Register ; Register Packing ; Timing optimization            ; Q         ;                ; Ad9233FrameCapture:U2_frame_capture|Ad9233MultistageDecimator:anti_alias_fir|FirDecimatingStage:stage2|product_pipe[0][0]                               ; DATAOUT          ;                       ;
; Ad9233FrameCapture:U2_frame_capture|Ad9233MultistageDecimator:anti_alias_fir|FirDecimatingStage:stage2|product_pipe[0][16]            ; Packed Register ; Register Packing ; Timing optimization            ; Q         ;                ; Ad9233FrameCapture:U2_frame_capture|Ad9233MultistageDecimator:anti_alias_fir|FirDecimatingStage:stage2|product_pipe[0][0]                               ; DATAOUT          ;                       ;
; Ad9233FrameCapture:U2_frame_capture|Ad9233MultistageDecimator:anti_alias_fir|FirDecimatingStage:stage2|product_pipe[0][17]            ; Packed Register ; Register Packing ; Timing optimization            ; Q         ;                ; Ad9233FrameCapture:U2_frame_capture|Ad9233MultistageDecimator:anti_alias_fir|FirDecimatingStage:stage2|product_pipe[0][0]                               ; DATAOUT          ;                       ;
; Ad9233FrameCapture:U2_frame_capture|Ad9233MultistageDecimator:anti_alias_fir|FirDecimatingStage:stage2|product_pipe[0][18]            ; Packed Register ; Register Packing ; Timing optimization            ; Q         ;                ; Ad9233FrameCapture:U2_frame_capture|Ad9233MultistageDecimator:anti_alias_fir|FirDecimatingStage:stage2|product_pipe[0][0]                               ; DATAOUT          ;                       ;
; Ad9233FrameCapture:U2_frame_capture|Ad9233MultistageDecimator:anti_alias_fir|FirDecimatingStage:stage2|product_pipe[0][19]            ; Packed Register ; Register Packing ; Timing optimization            ; Q         ;                ; Ad9233FrameCapture:U2_frame_capture|Ad9233MultistageDecimator:anti_alias_fir|FirDecimatingStage:stage2|product_pipe[0][0]                               ; DATAOUT          ;                       ;
; Ad9233FrameCapture:U2_frame_capture|Ad9233MultistageDecimator:anti_alias_fir|FirDecimatingStage:stage2|product_pipe[0][20]            ; Packed Register ; Register Packing ; Timing optimization            ; Q         ;                ; Ad9233FrameCapture:U2_frame_capture|Ad9233MultistageDecimator:anti_alias_fir|FirDecimatingStage:stage2|product_pipe[0][0]                               ; DATAOUT          ;                       ;
; Ad9233FrameCapture:U2_frame_capture|Ad9233MultistageDecimator:anti_alias_fir|FirDecimatingStage:stage2|product_pipe[0][21]            ; Packed Register ; Register Packing ; Timing optimization            ; Q         ;                ; Ad9233FrameCapture:U2_frame_capture|Ad9233MultistageDecimator:anti_alias_fir|FirDecimatingStage:stage2|product_pipe[0][0]                               ; DATAOUT          ;                       ;
; Ad9233FrameCapture:U2_frame_capture|Ad9233MultistageDecimator:anti_alias_fir|FirDecimatingStage:stage2|product_pipe[0][22]            ; Packed Register ; Register Packing ; Timing optimization            ; Q         ;                ; Ad9233FrameCapture:U2_frame_capture|Ad9233MultistageDecimator:anti_alias_fir|FirDecimatingStage:stage2|product_pipe[0][0]                               ; DATAOUT          ;                       ;
; Ad9233FrameCapture:U2_frame_capture|Ad9233MultistageDecimator:anti_alias_fir|FirDecimatingStage:stage2|product_pipe[0][23]            ; Packed Register ; Register Packing ; Timing optimization            ; Q         ;                ; Ad9233FrameCapture:U2_frame_capture|Ad9233MultistageDecimator:anti_alias_fir|FirDecimatingStage:stage2|product_pipe[0][0]                               ; DATAOUT          ;                       ;
; Ad9233FrameCapture:U2_frame_capture|Ad9233MultistageDecimator:anti_alias_fir|FirDecimatingStage:stage2|product_pipe[0][24]            ; Packed Register ; Register Packing ; Timing optimization            ; Q         ;                ; Ad9233FrameCapture:U2_frame_capture|Ad9233MultistageDecimator:anti_alias_fir|FirDecimatingStage:stage2|product_pipe[0][0]                               ; DATAOUT          ;                       ;
; Ad9233FrameCapture:U2_frame_capture|Ad9233MultistageDecimator:anti_alias_fir|FirDecimatingStage:stage2|product_pipe[0][25]            ; Packed Register ; Register Packing ; Timing optimization            ; Q         ;                ; Ad9233FrameCapture:U2_frame_capture|Ad9233MultistageDecimator:anti_alias_fir|FirDecimatingStage:stage2|product_pipe[0][0]                               ; DATAOUT          ;                       ;
; Ad9233FrameCapture:U2_frame_capture|Ad9233MultistageDecimator:anti_alias_fir|FirDecimatingStage:stage2|product_pipe[0][26]            ; Packed Register ; Register Packing ; Timing optimization            ; Q         ;                ; Ad9233FrameCapture:U2_frame_capture|Ad9233MultistageDecimator:anti_alias_fir|FirDecimatingStage:stage2|product_pipe[0][0]                               ; DATAOUT          ;                       ;
; Ad9233FrameCapture:U2_frame_capture|Ad9233MultistageDecimator:anti_alias_fir|FirDecimatingStage:stage2|product_pipe[0][27]            ; Packed Register ; Register Packing ; Timing optimization            ; Q         ;                ; Ad9233FrameCapture:U2_frame_capture|Ad9233MultistageDecimator:anti_alias_fir|FirDecimatingStage:stage2|product_pipe[0][0]                               ; DATAOUT          ;                       ;
; Ad9233FrameCapture:U2_frame_capture|Ad9233MultistageDecimator:anti_alias_fir|FirDecimatingStage:stage2|product_pipe[0][28]            ; Packed Register ; Register Packing ; Timing optimization            ; Q         ;                ; Ad9233FrameCapture:U2_frame_capture|Ad9233MultistageDecimator:anti_alias_fir|FirDecimatingStage:stage2|product_pipe[0][0]                               ; DATAOUT          ;                       ;
; Ad9233FrameCapture:U2_frame_capture|Ad9233MultistageDecimator:anti_alias_fir|FirDecimatingStage:stage2|product_pipe[0][29]            ; Packed Register ; Register Packing ; Timing optimization            ; Q         ;                ; Ad9233FrameCapture:U2_frame_capture|Ad9233MultistageDecimator:anti_alias_fir|FirDecimatingStage:stage2|product_pipe[0][0]                               ; DATAOUT          ;                       ;
; Ad9233FrameCapture:U2_frame_capture|Ad9233MultistageDecimator:anti_alias_fir|FirDecimatingStage:stage2|product_pipe[0][30]            ; Packed Register ; Register Packing ; Timing optimization            ; Q         ;                ; Ad9233FrameCapture:U2_frame_capture|Ad9233MultistageDecimator:anti_alias_fir|FirDecimatingStage:stage2|product_pipe[0][0]                               ; DATAOUT          ;                       ;
; Ad9233FrameCapture:U2_frame_capture|Ad9233MultistageDecimator:anti_alias_fir|FirDecimatingStage:stage2|product_pipe[0][31]            ; Packed Register ; Register Packing ; Timing optimization            ; Q         ;                ; Ad9233FrameCapture:U2_frame_capture|Ad9233MultistageDecimator:anti_alias_fir|FirDecimatingStage:stage2|product_pipe[0][0]                               ; DATAOUT          ;                       ;
; Ad9233FrameCapture:U2_frame_capture|Ad9233MultistageDecimator:anti_alias_fir|FirDecimatingStage:stage2|product_pipe[0][32]            ; Packed Register ; Register Packing ; Timing optimization            ; Q         ;                ; Ad9233FrameCapture:U2_frame_capture|Ad9233MultistageDecimator:anti_alias_fir|FirDecimatingStage:stage2|product_pipe[0][0]                               ; DATAOUT          ;                       ;
; Ad9233FrameCapture:U2_frame_capture|Ad9233MultistageDecimator:anti_alias_fir|FirDecimatingStage:stage2|product_pipe[0][33]            ; Packed Register ; Register Packing ; Timing optimization            ; Q         ;                ; Ad9233FrameCapture:U2_frame_capture|Ad9233MultistageDecimator:anti_alias_fir|FirDecimatingStage:stage2|product_pipe[0][0]                               ; DATAOUT          ;                       ;
; Ad9233FrameCapture:U2_frame_capture|Ad9233MultistageDecimator:anti_alias_fir|FirDecimatingStage:stage2|product_pipe[0][34]            ; Packed Register ; Register Packing ; Timing optimization            ; Q         ;                ; Ad9233FrameCapture:U2_frame_capture|Ad9233MultistageDecimator:anti_alias_fir|FirDecimatingStage:stage2|product_pipe[0][0]                               ; DATAOUT          ;                       ;
; Ad9233FrameCapture:U2_frame_capture|Ad9233MultistageDecimator:anti_alias_fir|FirDecimatingStage:stage2|product_pipe[0][35]            ; Packed Register ; Register Packing ; Timing optimization            ; Q         ;                ; Ad9233FrameCapture:U2_frame_capture|Ad9233MultistageDecimator:anti_alias_fir|FirDecimatingStage:stage2|product_pipe[0][0]                               ; DATAOUT          ;                       ;
; Ad9233FrameCapture:U2_frame_capture|Ad9233MultistageDecimator:anti_alias_fir|FirDecimatingStage:stage3|product_pipe[0][0]             ; Packed Register ; Register Packing ; Timing optimization            ; Q         ;                ; Ad9233FrameCapture:U2_frame_capture|Ad9233MultistageDecimator:anti_alias_fir|FirDecimatingStage:stage3|lpm_mult:Mult0|mult_c6t:auto_generated|mac_out2  ; DATAOUT          ;                       ;
; Ad9233FrameCapture:U2_frame_capture|Ad9233MultistageDecimator:anti_alias_fir|FirDecimatingStage:stage3|product_pipe[0][1]             ; Packed Register ; Register Packing ; Timing optimization            ; Q         ;                ; Ad9233FrameCapture:U2_frame_capture|Ad9233MultistageDecimator:anti_alias_fir|FirDecimatingStage:stage3|product_pipe[0][0]                               ; DATAOUT          ;                       ;
; Ad9233FrameCapture:U2_frame_capture|Ad9233MultistageDecimator:anti_alias_fir|FirDecimatingStage:stage3|product_pipe[0][2]             ; Packed Register ; Register Packing ; Timing optimization            ; Q         ;                ; Ad9233FrameCapture:U2_frame_capture|Ad9233MultistageDecimator:anti_alias_fir|FirDecimatingStage:stage3|product_pipe[0][0]                               ; DATAOUT          ;                       ;
; Ad9233FrameCapture:U2_frame_capture|Ad9233MultistageDecimator:anti_alias_fir|FirDecimatingStage:stage3|product_pipe[0][3]             ; Packed Register ; Register Packing ; Timing optimization            ; Q         ;                ; Ad9233FrameCapture:U2_frame_capture|Ad9233MultistageDecimator:anti_alias_fir|FirDecimatingStage:stage3|product_pipe[0][0]                               ; DATAOUT          ;                       ;
; Ad9233FrameCapture:U2_frame_capture|Ad9233MultistageDecimator:anti_alias_fir|FirDecimatingStage:stage3|product_pipe[0][4]             ; Packed Register ; Register Packing ; Timing optimization            ; Q         ;                ; Ad9233FrameCapture:U2_frame_capture|Ad9233MultistageDecimator:anti_alias_fir|FirDecimatingStage:stage3|product_pipe[0][0]                               ; DATAOUT          ;                       ;
; Ad9233FrameCapture:U2_frame_capture|Ad9233MultistageDecimator:anti_alias_fir|FirDecimatingStage:stage3|product_pipe[0][5]             ; Packed Register ; Register Packing ; Timing optimization            ; Q         ;                ; Ad9233FrameCapture:U2_frame_capture|Ad9233MultistageDecimator:anti_alias_fir|FirDecimatingStage:stage3|product_pipe[0][0]                               ; DATAOUT          ;                       ;
; Ad9233FrameCapture:U2_frame_capture|Ad9233MultistageDecimator:anti_alias_fir|FirDecimatingStage:stage3|product_pipe[0][6]             ; Packed Register ; Register Packing ; Timing optimization            ; Q         ;                ; Ad9233FrameCapture:U2_frame_capture|Ad9233MultistageDecimator:anti_alias_fir|FirDecimatingStage:stage3|product_pipe[0][0]                               ; DATAOUT          ;                       ;
; Ad9233FrameCapture:U2_frame_capture|Ad9233MultistageDecimator:anti_alias_fir|FirDecimatingStage:stage3|product_pipe[0][7]             ; Packed Register ; Register Packing ; Timing optimization            ; Q         ;                ; Ad9233FrameCapture:U2_frame_capture|Ad9233MultistageDecimator:anti_alias_fir|FirDecimatingStage:stage3|product_pipe[0][0]                               ; DATAOUT          ;                       ;
; Ad9233FrameCapture:U2_frame_capture|Ad9233MultistageDecimator:anti_alias_fir|FirDecimatingStage:stage3|product_pipe[0][8]             ; Packed Register ; Register Packing ; Timing optimization            ; Q         ;                ; Ad9233FrameCapture:U2_frame_capture|Ad9233MultistageDecimator:anti_alias_fir|FirDecimatingStage:stage3|product_pipe[0][0]                               ; DATAOUT          ;                       ;
; Ad9233FrameCapture:U2_frame_capture|Ad9233MultistageDecimator:anti_alias_fir|FirDecimatingStage:stage3|product_pipe[0][9]             ; Packed Register ; Register Packing ; Timing optimization            ; Q         ;                ; Ad9233FrameCapture:U2_frame_capture|Ad9233MultistageDecimator:anti_alias_fir|FirDecimatingStage:stage3|product_pipe[0][0]                               ; DATAOUT          ;                       ;
; Ad9233FrameCapture:U2_frame_capture|Ad9233MultistageDecimator:anti_alias_fir|FirDecimatingStage:stage3|product_pipe[0][10]            ; Packed Register ; Register Packing ; Timing optimization            ; Q         ;                ; Ad9233FrameCapture:U2_frame_capture|Ad9233MultistageDecimator:anti_alias_fir|FirDecimatingStage:stage3|product_pipe[0][0]                               ; DATAOUT          ;                       ;
; Ad9233FrameCapture:U2_frame_capture|Ad9233MultistageDecimator:anti_alias_fir|FirDecimatingStage:stage3|product_pipe[0][11]            ; Packed Register ; Register Packing ; Timing optimization            ; Q         ;                ; Ad9233FrameCapture:U2_frame_capture|Ad9233MultistageDecimator:anti_alias_fir|FirDecimatingStage:stage3|product_pipe[0][0]                               ; DATAOUT          ;                       ;
; Ad9233FrameCapture:U2_frame_capture|Ad9233MultistageDecimator:anti_alias_fir|FirDecimatingStage:stage3|product_pipe[0][12]            ; Packed Register ; Register Packing ; Timing optimization            ; Q         ;                ; Ad9233FrameCapture:U2_frame_capture|Ad9233MultistageDecimator:anti_alias_fir|FirDecimatingStage:stage3|product_pipe[0][0]                               ; DATAOUT          ;                       ;
; Ad9233FrameCapture:U2_frame_capture|Ad9233MultistageDecimator:anti_alias_fir|FirDecimatingStage:stage3|product_pipe[0][13]            ; Packed Register ; Register Packing ; Timing optimization            ; Q         ;                ; Ad9233FrameCapture:U2_frame_capture|Ad9233MultistageDecimator:anti_alias_fir|FirDecimatingStage:stage3|product_pipe[0][0]                               ; DATAOUT          ;                       ;
; Ad9233FrameCapture:U2_frame_capture|Ad9233MultistageDecimator:anti_alias_fir|FirDecimatingStage:stage3|product_pipe[0][14]            ; Packed Register ; Register Packing ; Timing optimization            ; Q         ;                ; Ad9233FrameCapture:U2_frame_capture|Ad9233MultistageDecimator:anti_alias_fir|FirDecimatingStage:stage3|product_pipe[0][0]                               ; DATAOUT          ;                       ;
; Ad9233FrameCapture:U2_frame_capture|Ad9233MultistageDecimator:anti_alias_fir|FirDecimatingStage:stage3|product_pipe[0][15]            ; Packed Register ; Register Packing ; Timing optimization            ; Q         ;                ; Ad9233FrameCapture:U2_frame_capture|Ad9233MultistageDecimator:anti_alias_fir|FirDecimatingStage:stage3|product_pipe[0][0]                               ; DATAOUT          ;                       ;
; Ad9233FrameCapture:U2_frame_capture|Ad9233MultistageDecimator:anti_alias_fir|FirDecimatingStage:stage3|product_pipe[0][16]            ; Packed Register ; Register Packing ; Timing optimization            ; Q         ;                ; Ad9233FrameCapture:U2_frame_capture|Ad9233MultistageDecimator:anti_alias_fir|FirDecimatingStage:stage3|product_pipe[0][0]                               ; DATAOUT          ;                       ;
; Ad9233FrameCapture:U2_frame_capture|Ad9233MultistageDecimator:anti_alias_fir|FirDecimatingStage:stage3|product_pipe[0][17]            ; Packed Register ; Register Packing ; Timing optimization            ; Q         ;                ; Ad9233FrameCapture:U2_frame_capture|Ad9233MultistageDecimator:anti_alias_fir|FirDecimatingStage:stage3|product_pipe[0][0]                               ; DATAOUT          ;                       ;
; Ad9233FrameCapture:U2_frame_capture|Ad9233MultistageDecimator:anti_alias_fir|FirDecimatingStage:stage3|product_pipe[0][18]            ; Packed Register ; Register Packing ; Timing optimization            ; Q         ;                ; Ad9233FrameCapture:U2_frame_capture|Ad9233MultistageDecimator:anti_alias_fir|FirDecimatingStage:stage3|product_pipe[0][0]                               ; DATAOUT          ;                       ;
; Ad9233FrameCapture:U2_frame_capture|Ad9233MultistageDecimator:anti_alias_fir|FirDecimatingStage:stage3|product_pipe[0][19]            ; Packed Register ; Register Packing ; Timing optimization            ; Q         ;                ; Ad9233FrameCapture:U2_frame_capture|Ad9233MultistageDecimator:anti_alias_fir|FirDecimatingStage:stage3|product_pipe[0][0]                               ; DATAOUT          ;                       ;
; Ad9233FrameCapture:U2_frame_capture|Ad9233MultistageDecimator:anti_alias_fir|FirDecimatingStage:stage3|product_pipe[0][20]            ; Packed Register ; Register Packing ; Timing optimization            ; Q         ;                ; Ad9233FrameCapture:U2_frame_capture|Ad9233MultistageDecimator:anti_alias_fir|FirDecimatingStage:stage3|product_pipe[0][0]                               ; DATAOUT          ;                       ;
; Ad9233FrameCapture:U2_frame_capture|Ad9233MultistageDecimator:anti_alias_fir|FirDecimatingStage:stage3|product_pipe[0][21]            ; Packed Register ; Register Packing ; Timing optimization            ; Q         ;                ; Ad9233FrameCapture:U2_frame_capture|Ad9233MultistageDecimator:anti_alias_fir|FirDecimatingStage:stage3|product_pipe[0][0]                               ; DATAOUT          ;                       ;
; Ad9233FrameCapture:U2_frame_capture|Ad9233MultistageDecimator:anti_alias_fir|FirDecimatingStage:stage3|product_pipe[0][22]            ; Packed Register ; Register Packing ; Timing optimization            ; Q         ;                ; Ad9233FrameCapture:U2_frame_capture|Ad9233MultistageDecimator:anti_alias_fir|FirDecimatingStage:stage3|product_pipe[0][0]                               ; DATAOUT          ;                       ;
; Ad9233FrameCapture:U2_frame_capture|Ad9233MultistageDecimator:anti_alias_fir|FirDecimatingStage:stage3|product_pipe[0][23]            ; Packed Register ; Register Packing ; Timing optimization            ; Q         ;                ; Ad9233FrameCapture:U2_frame_capture|Ad9233MultistageDecimator:anti_alias_fir|FirDecimatingStage:stage3|product_pipe[0][0]                               ; DATAOUT          ;                       ;
; Ad9233FrameCapture:U2_frame_capture|Ad9233MultistageDecimator:anti_alias_fir|FirDecimatingStage:stage3|product_pipe[0][24]            ; Packed Register ; Register Packing ; Timing optimization            ; Q         ;                ; Ad9233FrameCapture:U2_frame_capture|Ad9233MultistageDecimator:anti_alias_fir|FirDecimatingStage:stage3|product_pipe[0][0]                               ; DATAOUT          ;                       ;
; Ad9233FrameCapture:U2_frame_capture|Ad9233MultistageDecimator:anti_alias_fir|FirDecimatingStage:stage3|product_pipe[0][25]            ; Packed Register ; Register Packing ; Timing optimization            ; Q         ;                ; Ad9233FrameCapture:U2_frame_capture|Ad9233MultistageDecimator:anti_alias_fir|FirDecimatingStage:stage3|product_pipe[0][0]                               ; DATAOUT          ;                       ;
; Ad9233FrameCapture:U2_frame_capture|Ad9233MultistageDecimator:anti_alias_fir|FirDecimatingStage:stage3|product_pipe[0][26]            ; Packed Register ; Register Packing ; Timing optimization            ; Q         ;                ; Ad9233FrameCapture:U2_frame_capture|Ad9233MultistageDecimator:anti_alias_fir|FirDecimatingStage:stage3|product_pipe[0][0]                               ; DATAOUT          ;                       ;
; Ad9233FrameCapture:U2_frame_capture|Ad9233MultistageDecimator:anti_alias_fir|FirDecimatingStage:stage3|product_pipe[0][27]            ; Packed Register ; Register Packing ; Timing optimization            ; Q         ;                ; Ad9233FrameCapture:U2_frame_capture|Ad9233MultistageDecimator:anti_alias_fir|FirDecimatingStage:stage3|product_pipe[0][0]                               ; DATAOUT          ;                       ;
; Ad9233FrameCapture:U2_frame_capture|Ad9233MultistageDecimator:anti_alias_fir|FirDecimatingStage:stage3|product_pipe[0][28]            ; Packed Register ; Register Packing ; Timing optimization            ; Q         ;                ; Ad9233FrameCapture:U2_frame_capture|Ad9233MultistageDecimator:anti_alias_fir|FirDecimatingStage:stage3|product_pipe[0][0]                               ; DATAOUT          ;                       ;
; Ad9233FrameCapture:U2_frame_capture|Ad9233MultistageDecimator:anti_alias_fir|FirDecimatingStage:stage3|product_pipe[0][29]            ; Packed Register ; Register Packing ; Timing optimization            ; Q         ;                ; Ad9233FrameCapture:U2_frame_capture|Ad9233MultistageDecimator:anti_alias_fir|FirDecimatingStage:stage3|product_pipe[0][0]                               ; DATAOUT          ;                       ;
; Ad9233FrameCapture:U2_frame_capture|Ad9233MultistageDecimator:anti_alias_fir|FirDecimatingStage:stage3|product_pipe[0][30]            ; Packed Register ; Register Packing ; Timing optimization            ; Q         ;                ; Ad9233FrameCapture:U2_frame_capture|Ad9233MultistageDecimator:anti_alias_fir|FirDecimatingStage:stage3|product_pipe[0][0]                               ; DATAOUT          ;                       ;
; Ad9233FrameCapture:U2_frame_capture|Ad9233MultistageDecimator:anti_alias_fir|FirDecimatingStage:stage3|product_pipe[0][31]            ; Packed Register ; Register Packing ; Timing optimization            ; Q         ;                ; Ad9233FrameCapture:U2_frame_capture|Ad9233MultistageDecimator:anti_alias_fir|FirDecimatingStage:stage3|product_pipe[0][0]                               ; DATAOUT          ;                       ;
; Ad9233FrameCapture:U2_frame_capture|Ad9233MultistageDecimator:anti_alias_fir|FirDecimatingStage:stage3|product_pipe[0][32]            ; Packed Register ; Register Packing ; Timing optimization            ; Q         ;                ; Ad9233FrameCapture:U2_frame_capture|Ad9233MultistageDecimator:anti_alias_fir|FirDecimatingStage:stage3|product_pipe[0][0]                               ; DATAOUT          ;                       ;
; Ad9233FrameCapture:U2_frame_capture|Ad9233MultistageDecimator:anti_alias_fir|FirDecimatingStage:stage3|product_pipe[0][33]            ; Packed Register ; Register Packing ; Timing optimization            ; Q         ;                ; Ad9233FrameCapture:U2_frame_capture|Ad9233MultistageDecimator:anti_alias_fir|FirDecimatingStage:stage3|product_pipe[0][0]                               ; DATAOUT          ;                       ;
; Ad9233FrameCapture:U2_frame_capture|Ad9233MultistageDecimator:anti_alias_fir|FirDecimatingStage:stage3|product_pipe[0][34]            ; Packed Register ; Register Packing ; Timing optimization            ; Q         ;                ; Ad9233FrameCapture:U2_frame_capture|Ad9233MultistageDecimator:anti_alias_fir|FirDecimatingStage:stage3|product_pipe[0][0]                               ; DATAOUT          ;                       ;
; Ad9233FrameCapture:U2_frame_capture|Ad9233MultistageDecimator:anti_alias_fir|FirDecimatingStage:stage3|product_pipe[0][35]            ; Packed Register ; Register Packing ; Timing optimization            ; Q         ;                ; Ad9233FrameCapture:U2_frame_capture|Ad9233MultistageDecimator:anti_alias_fir|FirDecimatingStage:stage3|product_pipe[0][0]                               ; DATAOUT          ;                       ;
; Ad9233FrameCapture:U2_frame_capture|read_data[0]                                                                                      ; Packed Register ; Register Packing ; Timing optimization            ; Q         ;                ; Ad9233FrameCapture:U2_frame_capture|altsyncram:capture_ram|altsyncram_bl51:auto_generated|q_b[0]                                                        ; PORTBDATAOUT     ;                       ;
; Ad9233FrameCapture:U2_frame_capture|read_data[1]                                                                                      ; Packed Register ; Register Packing ; Timing optimization            ; Q         ;                ; Ad9233FrameCapture:U2_frame_capture|altsyncram:capture_ram|altsyncram_bl51:auto_generated|q_b[1]                                                        ; PORTBDATAOUT     ;                       ;
; Ad9233FrameCapture:U2_frame_capture|read_data[2]                                                                                      ; Packed Register ; Register Packing ; Timing optimization            ; Q         ;                ; Ad9233FrameCapture:U2_frame_capture|altsyncram:capture_ram|altsyncram_bl51:auto_generated|q_b[2]                                                        ; PORTBDATAOUT     ;                       ;
; Ad9233FrameCapture:U2_frame_capture|read_data[3]                                                                                      ; Packed Register ; Register Packing ; Timing optimization            ; Q         ;                ; Ad9233FrameCapture:U2_frame_capture|altsyncram:capture_ram|altsyncram_bl51:auto_generated|q_b[3]                                                        ; PORTBDATAOUT     ;                       ;
; Ad9233FrameCapture:U2_frame_capture|read_data[4]                                                                                      ; Packed Register ; Register Packing ; Timing optimization            ; Q         ;                ; Ad9233FrameCapture:U2_frame_capture|altsyncram:capture_ram|altsyncram_bl51:auto_generated|q_b[4]                                                        ; PORTBDATAOUT     ;                       ;
; Ad9233FrameCapture:U2_frame_capture|read_data[5]                                                                                      ; Packed Register ; Register Packing ; Timing optimization            ; Q         ;                ; Ad9233FrameCapture:U2_frame_capture|altsyncram:capture_ram|altsyncram_bl51:auto_generated|q_b[5]                                                        ; PORTBDATAOUT     ;                       ;
; Ad9233FrameCapture:U2_frame_capture|read_data[6]                                                                                      ; Packed Register ; Register Packing ; Timing optimization            ; Q         ;                ; Ad9233FrameCapture:U2_frame_capture|altsyncram:capture_ram|altsyncram_bl51:auto_generated|q_b[6]                                                        ; PORTBDATAOUT     ;                       ;
; Ad9233FrameCapture:U2_frame_capture|read_data[7]                                                                                      ; Packed Register ; Register Packing ; Timing optimization            ; Q         ;                ; Ad9233FrameCapture:U2_frame_capture|altsyncram:capture_ram|altsyncram_bl51:auto_generated|q_b[7]                                                        ; PORTBDATAOUT     ;                       ;
; Ad9233FrameCapture:U2_frame_capture|read_data[8]                                                                                      ; Packed Register ; Register Packing ; Timing optimization            ; Q         ;                ; Ad9233FrameCapture:U2_frame_capture|altsyncram:capture_ram|altsyncram_bl51:auto_generated|q_b[8]                                                        ; PORTBDATAOUT     ;                       ;
; Ad9233FrameCapture:U2_frame_capture|read_data[9]                                                                                      ; Packed Register ; Register Packing ; Timing optimization            ; Q         ;                ; Ad9233FrameCapture:U2_frame_capture|altsyncram:capture_ram|altsyncram_bl51:auto_generated|q_b[9]                                                        ; PORTBDATAOUT     ;                       ;
; Ad9233FrameCapture:U2_frame_capture|read_data[10]                                                                                     ; Packed Register ; Register Packing ; Timing optimization            ; Q         ;                ; Ad9233FrameCapture:U2_frame_capture|altsyncram:capture_ram|altsyncram_bl51:auto_generated|q_b[10]                                                       ; PORTBDATAOUT     ;                       ;
; Ad9233FrameCapture:U2_frame_capture|read_data[11]                                                                                     ; Packed Register ; Register Packing ; Timing optimization            ; Q         ;                ; Ad9233FrameCapture:U2_frame_capture|altsyncram:capture_ram|altsyncram_bl51:auto_generated|q_b[11]                                                       ; PORTBDATAOUT     ;                       ;
; adc_raw_otr                                                                                                                           ; Packed Register ; Register Packing ; Fast Input Register assignment ; Q         ;                ; adc_otr_i~input                                                                                                                                         ; O                ;                       ;
; adc_raw_sample[0]                                                                                                                     ; Packed Register ; Register Packing ; Fast Input Register assignment ; Q         ;                ; adc_data_i[0]~input                                                                                                                                     ; O                ;                       ;
; adc_raw_sample[1]                                                                                                                     ; Packed Register ; Register Packing ; Fast Input Register assignment ; Q         ;                ; adc_data_i[1]~input                                                                                                                                     ; O                ;                       ;
; adc_raw_sample[2]                                                                                                                     ; Packed Register ; Register Packing ; Fast Input Register assignment ; Q         ;                ; adc_data_i[2]~input                                                                                                                                     ; O                ;                       ;
; adc_raw_sample[3]                                                                                                                     ; Packed Register ; Register Packing ; Fast Input Register assignment ; Q         ;                ; adc_data_i[3]~input                                                                                                                                     ; O                ;                       ;
; adc_raw_sample[4]                                                                                                                     ; Packed Register ; Register Packing ; Fast Input Register assignment ; Q         ;                ; adc_data_i[4]~input                                                                                                                                     ; O                ;                       ;
; adc_raw_sample[5]                                                                                                                     ; Packed Register ; Register Packing ; Fast Input Register assignment ; Q         ;                ; adc_data_i[5]~input                                                                                                                                     ; O                ;                       ;
; adc_raw_sample[6]                                                                                                                     ; Packed Register ; Register Packing ; Fast Input Register assignment ; Q         ;                ; adc_data_i[6]~input                                                                                                                                     ; O                ;                       ;
; adc_raw_sample[7]                                                                                                                     ; Packed Register ; Register Packing ; Fast Input Register assignment ; Q         ;                ; adc_data_i[7]~input                                                                                                                                     ; O                ;                       ;
; adc_raw_sample[8]                                                                                                                     ; Packed Register ; Register Packing ; Fast Input Register assignment ; Q         ;                ; adc_data_i[8]~input                                                                                                                                     ; O                ;                       ;
; adc_raw_sample[9]                                                                                                                     ; Packed Register ; Register Packing ; Fast Input Register assignment ; Q         ;                ; adc_data_i[9]~input                                                                                                                                     ; O                ;                       ;
; adc_raw_sample[10]                                                                                                                    ; Packed Register ; Register Packing ; Fast Input Register assignment ; Q         ;                ; adc_data_i[10]~input                                                                                                                                    ; O                ;                       ;
; adc_raw_sample[11]                                                                                                                    ; Packed Register ; Register Packing ; Fast Input Register assignment ; Q         ;                ; adc_data_i[11]~input                                                                                                                                    ; O                ;                       ;
+---------------------------------------------------------------------------------------------------------------------------------------+-----------------+------------------+--------------------------------+-----------+----------------+---------------------------------------------------------------------------------------------------------------------------------------------------------+------------------+-----------------------+


+-------------------------------------------------------------------------------------------------------+
; Ignored Assignments                                                                                   ;
+-----------------------+------------------+--------------+------------+---------------+----------------+
; Name                  ; Ignored Entity   ; Ignored From ; Ignored To ; Ignored Value ; Ignored Source ;
+-----------------------+------------------+--------------+------------+---------------+----------------+
; Weak Pull-Up Resistor ; DAC904_WriteTEST ;              ; keyAF      ; ON            ; QSF Assignment ;
; Weak Pull-Up Resistor ; DAC904_WriteTEST ;              ; keyIn[0]   ; ON            ; QSF Assignment ;
; Weak Pull-Up Resistor ; DAC904_WriteTEST ;              ; keyIn[1]   ; ON            ; QSF Assignment ;
; Weak Pull-Up Resistor ; DAC904_WriteTEST ;              ; keyIn[2]   ; ON            ; QSF Assignment ;
; Weak Pull-Up Resistor ; DAC904_WriteTEST ;              ; keyIn[3]   ; ON            ; QSF Assignment ;
; Weak Pull-Up Resistor ; DAC904_WriteTEST ;              ; keyIn[4]   ; ON            ; QSF Assignment ;
+-----------------------+------------------+--------------+------------+---------------+----------------+


+---------------------------------------------------------------------------------------------------+
; Incremental Compilation Preservation Summary                                                      ;
+---------------------+---------------------+----------------------------+--------------------------+
; Type                ; Total [A + B]       ; From Design Partitions [A] ; From Rapid Recompile [B] ;
+---------------------+---------------------+----------------------------+--------------------------+
; Placement (by node) ;                     ;                            ;                          ;
;     -- Requested    ; 0.00 % ( 0 / 8067 ) ; 0.00 % ( 0 / 8067 )        ; 0.00 % ( 0 / 8067 )      ;
;     -- Achieved     ; 0.00 % ( 0 / 8067 ) ; 0.00 % ( 0 / 8067 )        ; 0.00 % ( 0 / 8067 )      ;
;                     ;                     ;                            ;                          ;
; Routing (by net)    ;                     ;                            ;                          ;
;     -- Requested    ; 0.00 % ( 0 / 0 )    ; 0.00 % ( 0 / 0 )           ; 0.00 % ( 0 / 0 )         ;
;     -- Achieved     ; 0.00 % ( 0 / 0 )    ; 0.00 % ( 0 / 0 )           ; 0.00 % ( 0 / 0 )         ;
+---------------------+---------------------+----------------------------+--------------------------+


+----------------------------------------------------------------------------------------------------------------------------------------------------------------------------------------+
; Incremental Compilation Partition Settings                                                                                                                                             ;
+--------------------------------+----------------+-------------------+-------------------------+------------------------+------------------------------+--------------------------------+
; Partition Name                 ; Partition Type ; Netlist Type Used ; Preservation Level Used ; Netlist Type Requested ; Preservation Level Requested ; Contents                       ;
+--------------------------------+----------------+-------------------+-------------------------+------------------------+------------------------------+--------------------------------+
; Top                            ; User-created   ; Source File       ; N/A                     ; Source File            ; N/A                          ;                                ;
; hard_block:auto_generated_inst ; Auto-generated ; Source File       ; N/A                     ; Source File            ; N/A                          ; hard_block:auto_generated_inst ;
+--------------------------------+----------------+-------------------+-------------------------+------------------------+------------------------------+--------------------------------+


+------------------------------------------------------------------------------------------------------------------------------------+
; Incremental Compilation Placement Preservation                                                                                     ;
+--------------------------------+-----------------------+-------------------------+-------------------+---------------------+-------+
; Partition Name                 ; Preservation Achieved ; Preservation Level Used ; Netlist Type Used ; Preservation Method ; Notes ;
+--------------------------------+-----------------------+-------------------------+-------------------+---------------------+-------+
; Top                            ; 0.00 % ( 0 / 8057 )   ; N/A                     ; Source File       ; N/A                 ;       ;
; hard_block:auto_generated_inst ; 0.00 % ( 0 / 10 )     ; N/A                     ; Source File       ; N/A                 ;       ;
+--------------------------------+-----------------------+-------------------------+-------------------+---------------------+-------+


+--------------+
; Pin-Out File ;
+--------------+
The pin-out file can be found in D:/diansai2025/26Diansai_G_62m5/FPGA_sendwave/prj/DAC904_HighSpeedDAC.pin.


+-------------------------------------------------------------------------+
; Fitter Resource Usage Summary                                           ;
+---------------------------------------------+---------------------------+
; Resource                                    ; Usage                     ;
+---------------------------------------------+---------------------------+
; Total logic elements                        ; 5,684 / 10,320 ( 55 % )   ;
;     -- Combinational with no register       ; 2095                      ;
;     -- Register only                        ; 1593                      ;
;     -- Combinational with a register        ; 1996                      ;
;                                             ;                           ;
; Logic element usage by number of LUT inputs ;                           ;
;     -- 4 input functions                    ; 1772                      ;
;     -- 3 input functions                    ; 1573                      ;
;     -- <=2 input functions                  ; 746                       ;
;     -- Register only                        ; 1593                      ;
;                                             ;                           ;
; Logic elements by mode                      ;                           ;
;     -- normal mode                          ; 3194                      ;
;     -- arithmetic mode                      ; 897                       ;
;                                             ;                           ;
; Total registers*                            ; 3,602 / 11,172 ( 32 % )   ;
;     -- Dedicated logic registers            ; 3,589 / 10,320 ( 35 % )   ;
;     -- I/O registers                        ; 13 / 852 ( 2 % )          ;
;                                             ;                           ;
; Total LABs:  partially or completely used   ; 417 / 645 ( 65 % )        ;
; Virtual pins                                ; 25                        ;
; I/O pins                                    ; 42 / 180 ( 23 % )         ;
;     -- Clock pins                           ; 1 / 3 ( 33 % )            ;
;     -- Dedicated input pins                 ; 0 / 9 ( 0 % )             ;
;                                             ;                           ;
; Global signals                              ; 5                         ;
; M9Ks                                        ; 6 / 46 ( 13 % )           ;
; Total block memory bits                     ; 49,152 / 423,936 ( 12 % ) ;
; Total block memory implementation bits      ; 55,296 / 423,936 ( 13 % ) ;
; Embedded Multiplier 9-bit elements          ; 14 / 46 ( 30 % )          ;
; PLLs                                        ; 1 / 2 ( 50 % )            ;
; Global clocks                               ; 5 / 10 ( 50 % )           ;
; JTAGs                                       ; 0 / 1 ( 0 % )             ;
; CRC blocks                                  ; 0 / 1 ( 0 % )             ;
; ASMI blocks                                 ; 0 / 1 ( 0 % )             ;
; Impedance control blocks                    ; 0 / 4 ( 0 % )             ;
; Average interconnect usage (total/H/V)      ; 11% / 11% / 11%           ;
; Peak interconnect usage (total/H/V)         ; 20% / 19% / 21%           ;
; Maximum fan-out                             ; 3329                      ;
; Highest non-global fan-out                  ; 663                       ;
; Total fan-out                               ; 26248                     ;
; Average fan-out                             ; 2.92                      ;
+---------------------------------------------+---------------------------+
*  Register count does not include registers inside RAM blocks or DSP blocks.



+------------------------------------------------------------------------------------------------------+
; Fitter Partition Statistics                                                                          ;
+---------------------------------------------+-----------------------+--------------------------------+
; Statistic                                   ; Top                   ; hard_block:auto_generated_inst ;
+---------------------------------------------+-----------------------+--------------------------------+
; Difficulty Clustering Region                ; Low                   ; Low                            ;
;                                             ;                       ;                                ;
; Total logic elements                        ; 5684 / 10320 ( 55 % ) ; 0 / 10320 ( 0 % )              ;
;     -- Combinational with no register       ; 2095                  ; 0                              ;
;     -- Register only                        ; 1593                  ; 0                              ;
;     -- Combinational with a register        ; 1996                  ; 0                              ;
;                                             ;                       ;                                ;
; Logic element usage by number of LUT inputs ;                       ;                                ;
;     -- 4 input functions                    ; 1772                  ; 0                              ;
;     -- 3 input functions                    ; 1573                  ; 0                              ;
;     -- <=2 input functions                  ; 746                   ; 0                              ;
;     -- Register only                        ; 1593                  ; 0                              ;
;                                             ;                       ;                                ;
; Logic elements by mode                      ;                       ;                                ;
;     -- normal mode                          ; 3194                  ; 0                              ;
;     -- arithmetic mode                      ; 897                   ; 0                              ;
;                                             ;                       ;                                ;
; Total registers                             ; 3602                  ; 0                              ;
;     -- Dedicated logic registers            ; 3589 / 10320 ( 35 % ) ; 0 / 10320 ( 0 % )              ;
;     -- I/O registers                        ; 26                    ; 0                              ;
;                                             ;                       ;                                ;
; Total LABs:  partially or completely used   ; 410 / 645 ( 64 % )    ; 0 / 645 ( 0 % )                ;
;                                             ;                       ;                                ;
; Virtual pins                                ; 25                    ; 0                              ;
; I/O pins                                    ; 42                    ; 0                              ;
; Embedded Multiplier 9-bit elements          ; 14 / 46 ( 30 % )      ; 0 / 46 ( 0 % )                 ;
; Total memory bits                           ; 49152                 ; 0                              ;
; Total RAM block bits                        ; 55296                 ; 0                              ;
; PLL                                         ; 0 / 2 ( 0 % )         ; 1 / 2 ( 50 % )                 ;
; M9K                                         ; 6 / 46 ( 13 % )       ; 0 / 46 ( 0 % )                 ;
; Clock control block                         ; 4 / 12 ( 33 % )       ; 1 / 12 ( 8 % )                 ;
;                                             ;                       ;                                ;
; Connections                                 ;                       ;                                ;
;     -- Input Connections                    ; 3                     ; 2                              ;
;     -- Registered Input Connections         ; 1                     ; 0                              ;
;     -- Output Connections                   ; 2                     ; 3                              ;
;     -- Registered Output Connections        ; 0                     ; 0                              ;
;                                             ;                       ;                                ;
; Internal Connections                        ;                       ;                                ;
;     -- Total Connections                    ; 26539                 ; 11                             ;
;     -- Registered Connections               ; 10538                 ; 0                              ;
;                                             ;                       ;                                ;
; External Connections                        ;                       ;                                ;
;     -- Top                                  ; 0                     ; 5                              ;
;     -- hard_block:auto_generated_inst       ; 5                     ; 0                              ;
;                                             ;                       ;                                ;
; Partition Interface                         ;                       ;                                ;
;     -- Input Ports                          ; 19                    ; 2                              ;
;     -- Output Ports                         ; 48                    ; 2                              ;
;     -- Bidir Ports                          ; 0                     ; 0                              ;
;                                             ;                       ;                                ;
; Registered Ports                            ;                       ;                                ;
;     -- Registered Input Ports               ; 0                     ; 0                              ;
;     -- Registered Output Ports              ; 0                     ; 0                              ;
;                                             ;                       ;                                ;
; Port Connectivity                           ;                       ;                                ;
;     -- Input Ports driven by GND            ; 0                     ; 0                              ;
;     -- Output Ports driven by GND           ; 0                     ; 0                              ;
;     -- Input Ports driven by VCC            ; 0                     ; 0                              ;
;     -- Output Ports driven by VCC           ; 0                     ; 0                              ;
;     -- Input Ports with no Source           ; 0                     ; 0                              ;
;     -- Output Ports with no Source          ; 0                     ; 0                              ;
;     -- Input Ports with no Fanout           ; 0                     ; 0                              ;
;     -- Output Ports with no Fanout          ; 0                     ; 0                              ;
+---------------------------------------------+-----------------------+--------------------------------+


+-------------------------------------------------------------------------------------------------------------------------------------------------------------------------------------------------------------------------------------------------------------------------------------+
; Input Pins                                                                                                                                                                                                                                                                          ;
+----------------+-------+----------+--------------+--------------+--------------+-----------------------+--------------------+--------+----------------+---------------+-----------------+----------+--------------+--------------+---------------------------+----------------------+
; Name           ; Pin # ; I/O Bank ; X coordinate ; Y coordinate ; Z coordinate ; Combinational Fan-Out ; Registered Fan-Out ; Global ; Input Register ; Power Up High ; PCI I/O Enabled ; Bus Hold ; Weak Pull Up ; I/O Standard ; Termination Control Block ; Location assigned by ;
+----------------+-------+----------+--------------+--------------+--------------+-----------------------+--------------------+--------+----------------+---------------+-----------------+----------+--------------+--------------+---------------------------+----------------------+
; adc_data_i[0]  ; R10   ; 4        ; 21           ; 0            ; 7            ; 0                     ; 3                  ; no     ; yes            ; no            ; yes             ; no       ; Off          ; 3.3-V LVCMOS ; --                        ; User                 ;
; adc_data_i[10] ; R5    ; 3        ; 9            ; 0            ; 7            ; 0                     ; 3                  ; no     ; yes            ; no            ; yes             ; no       ; Off          ; 3.3-V LVCMOS ; --                        ; User                 ;
; adc_data_i[11] ; T6    ; 3        ; 11           ; 0            ; 14           ; 0                     ; 5                  ; no     ; yes            ; no            ; yes             ; no       ; Off          ; 3.3-V LVCMOS ; --                        ; User                 ;
; adc_data_i[1]  ; T11   ; 4        ; 23           ; 0            ; 7            ; 0                     ; 3                  ; no     ; yes            ; no            ; yes             ; no       ; Off          ; 3.3-V LVCMOS ; --                        ; User                 ;
; adc_data_i[2]  ; R9    ; 4        ; 18           ; 0            ; 21           ; 0                     ; 3                  ; no     ; yes            ; no            ; yes             ; no       ; Off          ; 3.3-V LVCMOS ; --                        ; User                 ;
; adc_data_i[3]  ; T10   ; 4        ; 21           ; 0            ; 0            ; 0                     ; 3                  ; no     ; yes            ; no            ; yes             ; no       ; Off          ; 3.3-V LVCMOS ; --                        ; User                 ;
; adc_data_i[4]  ; R8    ; 3        ; 16           ; 0            ; 7            ; 0                     ; 3                  ; no     ; yes            ; no            ; yes             ; no       ; Off          ; 3.3-V LVCMOS ; --                        ; User                 ;
; adc_data_i[5]  ; T9    ; 4        ; 18           ; 0            ; 14           ; 0                     ; 3                  ; no     ; yes            ; no            ; yes             ; no       ; Off          ; 3.3-V LVCMOS ; --                        ; User                 ;
; adc_data_i[6]  ; R7    ; 3        ; 11           ; 0            ; 0            ; 0                     ; 3                  ; no     ; yes            ; no            ; yes             ; no       ; Off          ; 3.3-V LVCMOS ; --                        ; User                 ;
; adc_data_i[7]  ; T8    ; 3        ; 16           ; 0            ; 0            ; 0                     ; 3                  ; no     ; yes            ; no            ; yes             ; no       ; Off          ; 3.3-V LVCMOS ; --                        ; User                 ;
; adc_data_i[8]  ; R6    ; 3        ; 11           ; 0            ; 21           ; 0                     ; 3                  ; no     ; yes            ; no            ; yes             ; no       ; Off          ; 3.3-V LVCMOS ; --                        ; User                 ;
; adc_data_i[9]  ; T7    ; 3        ; 13           ; 0            ; 21           ; 0                     ; 3                  ; no     ; yes            ; no            ; yes             ; no       ; Off          ; 3.3-V LVCMOS ; --                        ; User                 ;
; adc_dco_i      ; G2    ; 1        ; 0            ; 18           ; 14           ; 3329                  ; 0                  ; yes    ; no             ; no            ; yes             ; no       ; Off          ; 3.3-V LVCMOS ; --                        ; User                 ;
; adc_otr_i      ; R4    ; 3        ; 5            ; 0            ; 21           ; 0                     ; 2                  ; no     ; yes            ; no            ; yes             ; no       ; Off          ; 3.3-V LVCMOS ; --                        ; User                 ;
; clk            ; M2    ; 2        ; 0            ; 11           ; 14           ; 76                    ; 0                  ; yes    ; no             ; no            ; yes             ; no       ; Off          ; 2.5 V        ; --                        ; User                 ;
; mcu_spi_mosi   ; D5    ; 8        ; 3            ; 24           ; 0            ; 6                     ; 0                  ; no     ; no             ; no            ; yes             ; no       ; Off          ; 3.3-V LVTTL  ; --                        ; User                 ;
; mcu_spi_sck    ; E6    ; 8        ; 7            ; 24           ; 7            ; 217                   ; 0                  ; no     ; no             ; no            ; yes             ; no       ; On           ; 3.3-V LVTTL  ; --                        ; User                 ;
; mcu_uart_rx    ; A8    ; 8        ; 16           ; 24           ; 14           ; 10                    ; 0                  ; no     ; no             ; no            ; yes             ; no       ; On           ; 3.3-V LVTTL  ; --                        ; User                 ;
; rstn           ; M1    ; 2        ; 0            ; 11           ; 21           ; 1042                  ; 0                  ; yes    ; no             ; no            ; yes             ; no       ; Off          ; 2.5 V        ; --                        ; User                 ;
+----------------+-------+----------+--------------+--------------+--------------+-----------------------+--------------------+--------+----------------+---------------+-----------------+----------+--------------+--------------+---------------------------+----------------------+


+-----------------------------------------------------------------------------------------------------------------------------------------------------------------------------------------------------------------------------------------------------------------------------------------------------------------------------------------------------------------------------------------------------------------------------------------------------------------+
; Output Pins                                                                                                                                                                                                                                                                                                                                                                                                                                                     ;
+----------------+-------+----------+--------------+--------------+--------------+-----------------+------------------------+---------------+-----------+-----------------+------------+---------------+----------+--------------+--------------+------------------+-----------------------------------+---------------------------+----------------------------+-----------------------------+----------------------+----------------------+---------------------+
; Name           ; Pin # ; I/O Bank ; X coordinate ; Y coordinate ; Z coordinate ; Output Register ; Output Enable Register ; Power Up High ; Slew Rate ; PCI I/O Enabled ; Open Drain ; TRI Primitive ; Bus Hold ; Weak Pull Up ; I/O Standard ; Current Strength ; Termination                       ; Termination Control Block ; Output Buffer Pre-emphasis ; Voltage Output Differential ; Location assigned by ; Output Enable Source ; Output Enable Group ;
+----------------+-------+----------+--------------+--------------+--------------+-----------------+------------------------+---------------+-----------+-----------------+------------+---------------+----------+--------------+--------------+------------------+-----------------------------------+---------------------------+----------------------------+-----------------------------+----------------------+----------------------+---------------------+
; IO_data[0]     ; K5    ; 2        ; 0            ; 6            ; 14           ; no              ; no                     ; no            ; 2         ; no              ; no         ; no            ; no       ; Off          ; 3.3-V LVCMOS ; 2mA              ; Off                               ; --                        ; no                         ; no                          ; User                 ; -                    ; -                   ;
; IO_data[10]    ; C2    ; 1        ; 0            ; 22           ; 14           ; no              ; no                     ; no            ; 2         ; no              ; no         ; no            ; no       ; Off          ; 2.5 V        ; Default          ; Series 50 Ohm without Calibration ; --                        ; no                         ; no                          ; User                 ; -                    ; -                   ;
; IO_data[11]    ; G1    ; 1        ; 0            ; 18           ; 21           ; no              ; no                     ; no            ; 2         ; no              ; no         ; no            ; no       ; Off          ; 2.5 V        ; Default          ; Series 50 Ohm without Calibration ; --                        ; no                         ; no                          ; User                 ; -                    ; -                   ;
; IO_data[12]    ; F2    ; 1        ; 0            ; 19           ; 14           ; no              ; no                     ; no            ; 2         ; no              ; no         ; no            ; no       ; Off          ; 2.5 V        ; Default          ; Series 50 Ohm without Calibration ; --                        ; no                         ; no                          ; User                 ; -                    ; -                   ;
; IO_data[13]    ; F1    ; 1        ; 0            ; 19           ; 21           ; no              ; no                     ; no            ; 2         ; no              ; no         ; no            ; no       ; Off          ; 2.5 V        ; Default          ; Series 50 Ohm without Calibration ; --                        ; no                         ; no                          ; User                 ; -                    ; -                   ;
; IO_data[1]     ; L6    ; 2        ; 0            ; 9            ; 7            ; no              ; no                     ; no            ; 2         ; no              ; no         ; no            ; no       ; Off          ; 3.3-V LVCMOS ; 2mA              ; Off                               ; --                        ; no                         ; no                          ; User                 ; -                    ; -                   ;
; IO_data[2]     ; L3    ; 2        ; 0            ; 7            ; 0            ; no              ; no                     ; no            ; 2         ; no              ; no         ; no            ; no       ; Off          ; 3.3-V LVCMOS ; 2mA              ; Off                               ; --                        ; no                         ; no                          ; User                 ; -                    ; -                   ;
; IO_data[3]     ; L4    ; 2        ; 0            ; 6            ; 21           ; no              ; no                     ; no            ; 2         ; no              ; no         ; no            ; no       ; Off          ; 3.3-V LVCMOS ; 2mA              ; Off                               ; --                        ; no                         ; no                          ; User                 ; -                    ; -                   ;
; IO_data[4]     ; N3    ; 3        ; 1            ; 0            ; 21           ; no              ; no                     ; no            ; 2         ; no              ; no         ; no            ; no       ; Off          ; 3.3-V LVCMOS ; 2mA              ; Off                               ; --                        ; no                         ; no                          ; User                 ; -                    ; -                   ;
; IO_data[5]     ; B8    ; 8        ; 16           ; 24           ; 21           ; no              ; no                     ; no            ; 2         ; no              ; no         ; no            ; no       ; Off          ; 2.5 V        ; Default          ; Series 50 Ohm without Calibration ; --                        ; no                         ; no                          ; User                 ; -                    ; -                   ;
; IO_data[6]     ; F7    ; 8        ; 11           ; 24           ; 21           ; no              ; no                     ; no            ; 2         ; no              ; no         ; no            ; no       ; Off          ; 2.5 V        ; Default          ; Series 50 Ohm without Calibration ; --                        ; no                         ; no                          ; User                 ; -                    ; -                   ;
; IO_data[7]     ; J1    ; 2        ; 0            ; 10           ; 14           ; no              ; no                     ; no            ; 2         ; no              ; no         ; no            ; no       ; Off          ; 3.3-V LVCMOS ; 2mA              ; Off                               ; --                        ; no                         ; no                          ; User                 ; -                    ; -                   ;
; IO_data[8]     ; F6    ; 8        ; 11           ; 24           ; 14           ; no              ; no                     ; no            ; 2         ; no              ; no         ; no            ; no       ; Off          ; 2.5 V        ; Default          ; Series 50 Ohm without Calibration ; --                        ; no                         ; no                          ; User                 ; -                    ; -                   ;
; IO_data[9]     ; B1    ; 1        ; 0            ; 22           ; 0            ; no              ; no                     ; no            ; 2         ; no              ; no         ; no            ; no       ; Off          ; 2.5 V        ; Default          ; Series 50 Ohm without Calibration ; --                        ; no                         ; no                          ; User                 ; -                    ; -                   ;
; adc_clk_o      ; T13   ; 4        ; 28           ; 0            ; 7            ; no              ; no                     ; no            ; 2         ; no              ; no         ; no            ; no       ; Off          ; 3.3-V LVCMOS ; 2mA              ; Off                               ; --                        ; no                         ; no                          ; User                 ; -                    ; -                   ;
; adc_oeb_o      ; R11   ; 4        ; 23           ; 0            ; 14           ; no              ; no                     ; no            ; 2         ; no              ; no         ; no            ; no       ; Off          ; 3.3-V LVCMOS ; 2mA              ; Off                               ; --                        ; no                         ; no                          ; User                 ; -                    ; -                   ;
; adc_pwdn_o     ; R12   ; 4        ; 23           ; 0            ; 0            ; no              ; no                     ; no            ; 2         ; no              ; no         ; no            ; no       ; Off          ; 3.3-V LVCMOS ; 2mA              ; Off                               ; --                        ; no                         ; no                          ; User                 ; -                    ; -                   ;
; adc_spi_cs_n_o ; T4    ; 3        ; 5            ; 0            ; 14           ; no              ; no                     ; no            ; 2         ; no              ; no         ; no            ; no       ; Off          ; 3.3-V LVCMOS ; 2mA              ; Off                               ; --                        ; no                         ; no                          ; User                 ; -                    ; -                   ;
; adc_spi_sclk_o ; R3    ; 3        ; 1            ; 0            ; 7            ; no              ; no                     ; no            ; 2         ; no              ; no         ; no            ; no       ; Off          ; 3.3-V LVCMOS ; 2mA              ; Off                               ; --                        ; no                         ; no                          ; User                 ; -                    ; -                   ;
; adc_spi_sdio_o ; T5    ; 3        ; 9            ; 0            ; 0            ; no              ; no                     ; no            ; 2         ; no              ; no         ; no            ; no       ; Off          ; 3.3-V LVCMOS ; 2mA              ; Off                               ; --                        ; no                         ; no                          ; User                 ; -                    ; -                   ;
; clk_driver     ; F3    ; 1        ; 0            ; 21           ; 7            ; no              ; no                     ; no            ; 2         ; no              ; no         ; no            ; no       ; Off          ; 2.5 V        ; Default          ; Series 50 Ohm without Calibration ; --                        ; no                         ; no                          ; User                 ; -                    ; -                   ;
; dac_gnd        ; D1    ; 1        ; 0            ; 21           ; 21           ; no              ; no                     ; no            ; 2         ; no              ; no         ; no            ; no       ; Off          ; 2.5 V        ; Default          ; Series 50 Ohm without Calibration ; --                        ; no                         ; no                          ; User                 ; -                    ; -                   ;
; mcu_spi_miso   ; M7    ; 3        ; 9            ; 0            ; 21           ; no              ; no                     ; no            ; 2         ; no              ; no         ; no            ; no       ; Off          ; 3.3-V LVTTL  ; 8mA              ; Off                               ; --                        ; no                         ; no                          ; User                 ; -                    ; -                   ;
+----------------+-------+----------+--------------+--------------+--------------+-----------------+------------------------+---------------+-----------+-----------------+------------+---------------+----------+--------------+--------------+------------------+-----------------------------------+---------------------------+----------------------------+-----------------------------+----------------------+----------------------+---------------------+


+-------------------------------------------------------------------------------------------------------------------------+
; Dual Purpose and Dedicated Pins                                                                                         ;
+----------+-----------------------------+--------------------------+-------------------------+---------------------------+
; Location ; Pin Name                    ; Reserved As              ; User Signal Name        ; Pin Type                  ;
+----------+-----------------------------+--------------------------+-------------------------+---------------------------+
; C1       ; DIFFIO_L1n, DATA1, ASDO     ; As input tri-stated      ; ~ALTERA_ASDO_DATA1~     ; Dual Purpose Pin          ;
; D2       ; DIFFIO_L2p, FLASH_nCE, nCSO ; As input tri-stated      ; ~ALTERA_FLASH_nCE_nCSO~ ; Dual Purpose Pin          ;
; F4       ; nSTATUS                     ; -                        ; -                       ; Dedicated Programming Pin ;
; H1       ; DCLK                        ; As output driving ground ; ~ALTERA_DCLK~           ; Dual Purpose Pin          ;
; H2       ; DATA0                       ; As input tri-stated      ; ~ALTERA_DATA0~          ; Dual Purpose Pin          ;
; H5       ; nCONFIG                     ; -                        ; -                       ; Dedicated Programming Pin ;
; J3       ; nCE                         ; -                        ; -                       ; Dedicated Programming Pin ;
; H14      ; CONF_DONE                   ; -                        ; -                       ; Dedicated Programming Pin ;
; H13      ; MSEL0                       ; -                        ; -                       ; Dedicated Programming Pin ;
; H12      ; MSEL1                       ; -                        ; -                       ; Dedicated Programming Pin ;
; G12      ; MSEL2                       ; -                        ; -                       ; Dedicated Programming Pin ;
; G12      ; MSEL3                       ; -                        ; -                       ; Dedicated Programming Pin ;
; E6       ; DATA6                       ; Use as regular IO        ; mcu_spi_sck             ; Dual Purpose Pin          ;
+----------+-----------------------------+--------------------------+-------------------------+---------------------------+


+------------------------------------------------------------+
; I/O Bank Usage                                             ;
+----------+------------------+---------------+--------------+
; I/O Bank ; Usage            ; VCCIO Voltage ; VREF Voltage ;
+----------+------------------+---------------+--------------+
; 1        ; 12 / 17 ( 71 % ) ; 2.5V          ; --           ;
; 2        ; 7 / 19 ( 37 % )  ; 3.3V          ; --           ;
; 3        ; 13 / 26 ( 50 % ) ; 3.3V          ; --           ;
; 4        ; 8 / 27 ( 30 % )  ; 3.3V          ; --           ;
; 5        ; 0 / 25 ( 0 % )   ; 2.5V          ; --           ;
; 6        ; 0 / 14 ( 0 % )   ; 2.5V          ; --           ;
; 7        ; 0 / 26 ( 0 % )   ; 2.5V          ; --           ;
; 8        ; 6 / 26 ( 23 % )  ; 2.5V          ; --           ;
+----------+------------------+---------------+--------------+


+-----------------------------------------------------------------------------------------------------------------------------------------------------------------------------------------+
; All Package Pins                                                                                                                                                                        ;
+----------+------------+----------+-----------------------------------------------------------+--------+--------------+---------+------------+-----------------+----------+--------------+
; Location ; Pad Number ; I/O Bank ; Pin Name/Usage                                            ; Dir.   ; I/O Standard ; Voltage ; I/O Type   ; User Assignment ; Bus Hold ; Weak Pull Up ;
+----------+------------+----------+-----------------------------------------------------------+--------+--------------+---------+------------+-----------------+----------+--------------+
; A1       ;            ; 8        ; VCCIO8                                                    ; power  ;              ; 2.5V    ; --         ;                 ; --       ; --           ;
; A2       ; 194        ; 8        ; RESERVED_INPUT_WITH_WEAK_PULLUP                           ;        ;              ;         ; Column I/O ;                 ; no       ; On           ;
; A3       ; 200        ; 8        ; RESERVED_INPUT_WITH_WEAK_PULLUP                           ;        ;              ;         ; Column I/O ;                 ; no       ; On           ;
; A4       ; 196        ; 8        ; RESERVED_INPUT_WITH_WEAK_PULLUP                           ;        ;              ;         ; Column I/O ;                 ; no       ; On           ;
; A5       ; 192        ; 8        ; RESERVED_INPUT_WITH_WEAK_PULLUP                           ;        ;              ;         ; Column I/O ;                 ; no       ; On           ;
; A6       ; 188        ; 8        ; RESERVED_INPUT_WITH_WEAK_PULLUP                           ;        ;              ;         ; Column I/O ;                 ; no       ; On           ;
; A7       ; 183        ; 8        ; RESERVED_INPUT_WITH_WEAK_PULLUP                           ;        ;              ;         ; Column I/O ;                 ; no       ; On           ;
; A8       ; 177        ; 8        ; mcu_uart_rx                                               ; input  ; 3.3-V LVTTL  ;         ; Column I/O ; Y               ; no       ; On           ;
; A9       ; 175        ; 7        ; RESERVED_INPUT_WITH_WEAK_PULLUP                           ;        ;              ;         ; Column I/O ;                 ; no       ; On           ;
; A10      ; 168        ; 7        ; RESERVED_INPUT_WITH_WEAK_PULLUP                           ;        ;              ;         ; Column I/O ;                 ; no       ; On           ;
; A11      ; 161        ; 7        ; RESERVED_INPUT_WITH_WEAK_PULLUP                           ;        ;              ;         ; Column I/O ;                 ; no       ; On           ;
; A12      ; 159        ; 7        ; RESERVED_INPUT_WITH_WEAK_PULLUP                           ;        ;              ;         ; Column I/O ;                 ; no       ; On           ;
; A13      ; 153        ; 7        ; RESERVED_INPUT_WITH_WEAK_PULLUP                           ;        ;              ;         ; Column I/O ;                 ; no       ; On           ;
; A14      ; 155        ; 7        ; RESERVED_INPUT_WITH_WEAK_PULLUP                           ;        ;              ;         ; Column I/O ;                 ; no       ; On           ;
; A15      ; 167        ; 7        ; RESERVED_INPUT_WITH_WEAK_PULLUP                           ;        ;              ;         ; Column I/O ;                 ; no       ; On           ;
; A16      ;            ; 7        ; VCCIO7                                                    ; power  ;              ; 2.5V    ; --         ;                 ; --       ; --           ;
; B1       ; 3          ; 1        ; IO_data[9]                                                ; output ; 2.5 V        ;         ; Row I/O    ; Y               ; no       ; Off          ;
; B2       ;            ;          ; GND                                                       ; gnd    ;              ;         ; --         ;                 ; --       ; --           ;
; B3       ; 201        ; 8        ; RESERVED_INPUT_WITH_WEAK_PULLUP                           ;        ;              ;         ; Column I/O ;                 ; no       ; On           ;
; B4       ; 197        ; 8        ; RESERVED_INPUT_WITH_WEAK_PULLUP                           ;        ;              ;         ; Column I/O ;                 ; no       ; On           ;
; B5       ; 195        ; 8        ; RESERVED_INPUT_WITH_WEAK_PULLUP                           ;        ;              ;         ; Column I/O ;                 ; no       ; On           ;
; B6       ; 189        ; 8        ; RESERVED_INPUT_WITH_WEAK_PULLUP                           ;        ;              ;         ; Column I/O ;                 ; no       ; On           ;
; B7       ; 184        ; 8        ; RESERVED_INPUT_WITH_WEAK_PULLUP                           ;        ;              ;         ; Column I/O ;                 ; no       ; On           ;
; B8       ; 178        ; 8        ; IO_data[5]                                                ; output ; 2.5 V        ;         ; Column I/O ; Y               ; no       ; Off          ;
; B9       ; 176        ; 7        ; RESERVED_INPUT_WITH_WEAK_PULLUP                           ;        ;              ;         ; Column I/O ;                 ; no       ; On           ;
; B10      ; 169        ; 7        ; RESERVED_INPUT_WITH_WEAK_PULLUP                           ;        ;              ;         ; Column I/O ;                 ; no       ; On           ;
; B11      ; 162        ; 7        ; RESERVED_INPUT_WITH_WEAK_PULLUP                           ;        ;              ;         ; Column I/O ;                 ; no       ; On           ;
; B12      ; 160        ; 7        ; RESERVED_INPUT_WITH_WEAK_PULLUP                           ;        ;              ;         ; Column I/O ;                 ; no       ; On           ;
; B13      ; 154        ; 7        ; RESERVED_INPUT_WITH_WEAK_PULLUP                           ;        ;              ;         ; Column I/O ;                 ; no       ; On           ;
; B14      ; 156        ; 7        ; RESERVED_INPUT_WITH_WEAK_PULLUP                           ;        ;              ;         ; Column I/O ;                 ; no       ; On           ;
; B15      ;            ;          ; GND                                                       ; gnd    ;              ;         ; --         ;                 ; --       ; --           ;
; B16      ; 141        ; 6        ; RESERVED_INPUT_WITH_WEAK_PULLUP                           ;        ;              ;         ; Row I/O    ;                 ; no       ; On           ;
; C1       ; 5          ; 1        ; ~ALTERA_ASDO_DATA1~ / RESERVED_INPUT_WITH_WEAK_PULLUP     ; input  ; 2.5 V        ;         ; Row I/O    ; N               ; no       ; On           ;
; C2       ; 4          ; 1        ; IO_data[10]                                               ; output ; 2.5 V        ;         ; Row I/O    ; Y               ; no       ; Off          ;
; C3       ; 202        ; 8        ; RESERVED_INPUT_WITH_WEAK_PULLUP                           ;        ;              ;         ; Column I/O ;                 ; no       ; On           ;
; C4       ;            ; 8        ; VCCIO8                                                    ; power  ;              ; 2.5V    ; --         ;                 ; --       ; --           ;
; C5       ;            ;          ; GND                                                       ; gnd    ;              ;         ; --         ;                 ; --       ; --           ;
; C6       ; 187        ; 8        ; RESERVED_INPUT_WITH_WEAK_PULLUP                           ;        ;              ;         ; Column I/O ;                 ; --       ; --           ;
; C7       ;            ; 8        ; VCCIO8                                                    ; power  ;              ; 2.5V    ; --         ;                 ; --       ; --           ;
; C8       ; 179        ; 8        ; RESERVED_INPUT_WITH_WEAK_PULLUP                           ;        ;              ;         ; Column I/O ;                 ; no       ; On           ;
; C9       ; 172        ; 7        ; RESERVED_INPUT_WITH_WEAK_PULLUP                           ;        ;              ;         ; Column I/O ;                 ; no       ; On           ;
; C10      ;            ; 7        ; VCCIO7                                                    ; power  ;              ; 2.5V    ; --         ;                 ; --       ; --           ;
; C11      ; 163        ; 7        ; RESERVED_INPUT_WITH_WEAK_PULLUP                           ;        ;              ;         ; Column I/O ;                 ; --       ; --           ;
; C12      ;            ;          ; GND                                                       ; gnd    ;              ;         ; --         ;                 ; --       ; --           ;
; C13      ;            ; 7        ; VCCIO7                                                    ; power  ;              ; 2.5V    ; --         ;                 ; --       ; --           ;
; C14      ; 149        ; 7        ; RESERVED_INPUT_WITH_WEAK_PULLUP                           ;        ;              ;         ; Column I/O ;                 ; no       ; On           ;
; C15      ; 147        ; 6        ; RESERVED_INPUT_WITH_WEAK_PULLUP                           ;        ;              ;         ; Row I/O    ;                 ; no       ; On           ;
; C16      ; 146        ; 6        ; RESERVED_INPUT_WITH_WEAK_PULLUP                           ;        ;              ;         ; Row I/O    ;                 ; no       ; On           ;
; D1       ; 8          ; 1        ; dac_gnd                                                   ; output ; 2.5 V        ;         ; Row I/O    ; Y               ; no       ; Off          ;
; D2       ; 7          ; 1        ; ~ALTERA_FLASH_nCE_nCSO~ / RESERVED_INPUT_WITH_WEAK_PULLUP ; input  ; 2.5 V        ;         ; Row I/O    ; N               ; no       ; On           ;
; D3       ; 203        ; 8        ; RESERVED_INPUT_WITH_WEAK_PULLUP                           ;        ;              ;         ; Column I/O ;                 ; no       ; On           ;
; D4       ; 0          ; 1        ; RESERVED_INPUT_WITH_WEAK_PULLUP                           ;        ;              ;         ; Row I/O    ;                 ; no       ; On           ;
; D5       ; 198        ; 8        ; mcu_spi_mosi                                              ; input  ; 3.3-V LVTTL  ;         ; Column I/O ; Y               ; no       ; Off          ;
; D6       ; 199        ; 8        ; RESERVED_INPUT_WITH_WEAK_PULLUP                           ;        ;              ;         ; Column I/O ;                 ; no       ; On           ;
; D7       ;            ;          ; GND                                                       ; gnd    ;              ;         ; --         ;                 ; --       ; --           ;
; D8       ; 180        ; 8        ; RESERVED_INPUT_WITH_WEAK_PULLUP                           ;        ;              ;         ; Column I/O ;                 ; no       ; On           ;
; D9       ; 173        ; 7        ; RESERVED_INPUT_WITH_WEAK_PULLUP                           ;        ;              ;         ; Column I/O ;                 ; no       ; On           ;
; D10      ;            ;          ; GND                                                       ; gnd    ;              ;         ; --         ;                 ; --       ; --           ;
; D11      ; 151        ; 7        ; RESERVED_INPUT_WITH_WEAK_PULLUP                           ;        ;              ;         ; Column I/O ;                 ; no       ; On           ;
; D12      ; 152        ; 7        ; RESERVED_INPUT_WITH_WEAK_PULLUP                           ;        ;              ;         ; Column I/O ;                 ; no       ; On           ;
; D13      ;            ;          ; VCCD_PLL2                                                 ; power  ;              ; 1.2V    ; --         ;                 ; --       ; --           ;
; D14      ; 150        ; 7        ; RESERVED_INPUT_WITH_WEAK_PULLUP                           ;        ;              ;         ; Column I/O ;                 ; no       ; On           ;
; D15      ; 144        ; 6        ; RESERVED_INPUT_WITH_WEAK_PULLUP                           ;        ;              ;         ; Row I/O    ;                 ; no       ; On           ;
; D16      ; 143        ; 6        ; RESERVED_INPUT_WITH_WEAK_PULLUP                           ;        ;              ;         ; Row I/O    ;                 ; no       ; On           ;
; E1       ; 24         ; 1        ; GND+                                                      ;        ;              ;         ; Row I/O    ;                 ; --       ; --           ;
; E2       ;            ;          ; GND                                                       ; gnd    ;              ;         ; --         ;                 ; --       ; --           ;
; E3       ;            ; 1        ; VCCIO1                                                    ; power  ;              ; 2.5V    ; --         ;                 ; --       ; --           ;
; E4       ;            ;          ; GND                                                       ; gnd    ;              ;         ; --         ;                 ; --       ; --           ;
; E5       ; 1          ; 1        ; RESERVED_INPUT_WITH_WEAK_PULLUP                           ;        ;              ;         ; Row I/O    ;                 ; no       ; On           ;
; E6       ; 191        ; 8        ; mcu_spi_sck                                               ; input  ; 3.3-V LVTTL  ;         ; Column I/O ; Y               ; no       ; On           ;
; E7       ; 190        ; 8        ; RESERVED_INPUT_WITH_WEAK_PULLUP                           ;        ;              ;         ; Column I/O ;                 ; no       ; On           ;
; E8       ; 181        ; 8        ; RESERVED_INPUT_WITH_WEAK_PULLUP                           ;        ;              ;         ; Column I/O ;                 ; no       ; On           ;
; E9       ; 174        ; 7        ; RESERVED_INPUT_WITH_WEAK_PULLUP                           ;        ;              ;         ; Column I/O ;                 ; no       ; On           ;
; E10      ; 158        ; 7        ; RESERVED_INPUT_WITH_WEAK_PULLUP                           ;        ;              ;         ; Column I/O ;                 ; no       ; On           ;
; E11      ; 157        ; 7        ; RESERVED_INPUT_WITH_WEAK_PULLUP                           ;        ;              ;         ; Column I/O ;                 ; no       ; On           ;
; E12      ;            ;          ; GNDA2                                                     ; gnd    ;              ;         ; --         ;                 ; --       ; --           ;
; E13      ;            ;          ; GND                                                       ; gnd    ;              ;         ; --         ;                 ; --       ; --           ;
; E14      ;            ; 6        ; VCCIO6                                                    ; power  ;              ; 2.5V    ; --         ;                 ; --       ; --           ;
; E15      ; 128        ; 6        ; GND+                                                      ;        ;              ;         ; Row I/O    ;                 ; --       ; --           ;
; E16      ; 127        ; 6        ; GND+                                                      ;        ;              ;         ; Row I/O    ;                 ; --       ; --           ;
; F1       ; 12         ; 1        ; IO_data[13]                                               ; output ; 2.5 V        ;         ; Row I/O    ; Y               ; no       ; Off          ;
; F2       ; 11         ; 1        ; IO_data[12]                                               ; output ; 2.5 V        ;         ; Row I/O    ; Y               ; no       ; Off          ;
; F3       ; 6          ; 1        ; clk_driver                                                ; output ; 2.5 V        ;         ; Row I/O    ; Y               ; no       ; Off          ;
; F4       ; 9          ; 1        ; ^nSTATUS                                                  ;        ;              ;         ; --         ;                 ; --       ; --           ;
; F5       ; 2          ; 1        ; RESERVED_INPUT_WITH_WEAK_PULLUP                           ;        ;              ;         ; Row I/O    ;                 ; no       ; On           ;
; F6       ; 185        ; 8        ; IO_data[8]                                                ; output ; 2.5 V        ;         ; Column I/O ; Y               ; no       ; Off          ;
; F7       ; 186        ; 8        ; IO_data[6]                                                ; output ; 2.5 V        ;         ; Column I/O ; Y               ; no       ; Off          ;
; F8       ; 182        ; 8        ; RESERVED_INPUT_WITH_WEAK_PULLUP                           ;        ;              ;         ; Column I/O ;                 ; no       ; On           ;
; F9       ; 165        ; 7        ; RESERVED_INPUT_WITH_WEAK_PULLUP                           ;        ;              ;         ; Column I/O ;                 ; no       ; On           ;
; F10      ; 164        ; 7        ; RESERVED_INPUT_WITH_WEAK_PULLUP                           ;        ;              ;         ; Column I/O ;                 ; no       ; On           ;
; F11      ; 166        ; 7        ; RESERVED_INPUT_WITH_WEAK_PULLUP                           ;        ;              ;         ; Column I/O ;                 ; no       ; On           ;
; F12      ;            ; --       ; VCCA2                                                     ; power  ;              ; 2.5V    ; --         ;                 ; --       ; --           ;
; F13      ; 138        ; 6        ; RESERVED_INPUT_WITH_WEAK_PULLUP                           ;        ;              ;         ; Row I/O    ;                 ; no       ; On           ;
; F14      ; 142        ; 6        ; RESERVED_INPUT_WITH_WEAK_PULLUP                           ;        ;              ;         ; Row I/O    ;                 ; --       ; --           ;
; F15      ; 140        ; 6        ; RESERVED_INPUT_WITH_WEAK_PULLUP                           ;        ;              ;         ; Row I/O    ;                 ; no       ; On           ;
; F16      ; 139        ; 6        ; RESERVED_INPUT_WITH_WEAK_PULLUP                           ;        ;              ;         ; Row I/O    ;                 ; no       ; On           ;
; G1       ; 14         ; 1        ; IO_data[11]                                               ; output ; 2.5 V        ;         ; Row I/O    ; Y               ; no       ; Off          ;
; G2       ; 13         ; 1        ; adc_dco_i                                                 ; input  ; 3.3-V LVCMOS ;         ; Row I/O    ; Y               ; no       ; Off          ;
; G3       ;            ; 1        ; VCCIO1                                                    ; power  ;              ; 2.5V    ; --         ;                 ; --       ; --           ;
; G4       ;            ;          ; GND                                                       ; gnd    ;              ;         ; --         ;                 ; --       ; --           ;
; G5       ; 10         ; 1        ; RESERVED_INPUT_WITH_WEAK_PULLUP                           ;        ;              ;         ; Row I/O    ;                 ; no       ; On           ;
; G6       ;            ;          ; VCCINT                                                    ; power  ;              ; 1.2V    ; --         ;                 ; --       ; --           ;
; G7       ;            ;          ; VCCINT                                                    ; power  ;              ; 1.2V    ; --         ;                 ; --       ; --           ;
; G8       ;            ;          ; VCCINT                                                    ; power  ;              ; 1.2V    ; --         ;                 ; --       ; --           ;
; G9       ;            ;          ; VCCINT                                                    ; power  ;              ; 1.2V    ; --         ;                 ; --       ; --           ;
; G10      ;            ;          ; VCCINT                                                    ; power  ;              ; 1.2V    ; --         ;                 ; --       ; --           ;
; G11      ; 145        ; 6        ; RESERVED_INPUT_WITH_WEAK_PULLUP                           ;        ;              ;         ; Row I/O    ;                 ; no       ; On           ;
; G12      ; 132        ; 6        ; ^MSEL2                                                    ;        ;              ;         ; --         ;                 ; --       ; --           ;
; G12      ; 133        ; 6        ; ^MSEL3                                                    ;        ;              ;         ; --         ;                 ; --       ; --           ;
; G13      ;            ;          ; GND                                                       ; gnd    ;              ;         ; --         ;                 ; --       ; --           ;
; G14      ;            ; 6        ; VCCIO6                                                    ; power  ;              ; 2.5V    ; --         ;                 ; --       ; --           ;
; G15      ; 137        ; 6        ; RESERVED_INPUT_WITH_WEAK_PULLUP                           ;        ;              ;         ; Row I/O    ;                 ; no       ; On           ;
; G16      ; 136        ; 6        ; RESERVED_INPUT_WITH_WEAK_PULLUP                           ;        ;              ;         ; Row I/O    ;                 ; no       ; On           ;
; H1       ; 15         ; 1        ; ~ALTERA_DCLK~                                             ; output ; 2.5 V        ;         ; Row I/O    ; N               ; no       ; On           ;
; H2       ; 16         ; 1        ; ~ALTERA_DATA0~ / RESERVED_INPUT_WITH_WEAK_PULLUP          ; input  ; 2.5 V        ;         ; Row I/O    ; N               ; no       ; On           ;
; H3       ; 19         ; 1        ; #TCK                                                      ; input  ;              ;         ; --         ;                 ; --       ; --           ;
; H4       ; 18         ; 1        ; #TDI                                                      ; input  ;              ;         ; --         ;                 ; --       ; --           ;
; H5       ; 17         ; 1        ; ^nCONFIG                                                  ;        ;              ;         ; --         ;                 ; --       ; --           ;
; H6       ;            ;          ; VCCINT                                                    ; power  ;              ; 1.2V    ; --         ;                 ; --       ; --           ;
; H7       ;            ;          ; GND                                                       ; gnd    ;              ;         ; --         ;                 ; --       ; --           ;
; H8       ;            ;          ; GND                                                       ; gnd    ;              ;         ; --         ;                 ; --       ; --           ;
; H9       ;            ;          ; GND                                                       ; gnd    ;              ;         ; --         ;                 ; --       ; --           ;
; H10      ;            ;          ; GND                                                       ; gnd    ;              ;         ; --         ;                 ; --       ; --           ;
; H11      ;            ;          ; VCCINT                                                    ; power  ;              ; 1.2V    ; --         ;                 ; --       ; --           ;
; H12      ; 131        ; 6        ; ^MSEL1                                                    ;        ;              ;         ; --         ;                 ; --       ; --           ;
; H13      ; 130        ; 6        ; ^MSEL0                                                    ;        ;              ;         ; --         ;                 ; --       ; --           ;
; H14      ; 129        ; 6        ; ^CONF_DONE                                                ;        ;              ;         ; --         ;                 ; --       ; --           ;
; H15      ;            ;          ; GND                                                       ; gnd    ;              ;         ; --         ;                 ; --       ; --           ;
; H16      ;            ;          ; GND                                                       ; gnd    ;              ;         ; --         ;                 ; --       ; --           ;
; J1       ; 28         ; 2        ; IO_data[7]                                                ; output ; 3.3-V LVCMOS ;         ; Row I/O    ; Y               ; no       ; Off          ;
; J2       ; 27         ; 2        ; RESERVED_INPUT_WITH_WEAK_PULLUP                           ;        ;              ;         ; Row I/O    ;                 ; no       ; On           ;
; J3       ; 22         ; 1        ; ^nCE                                                      ;        ;              ;         ; --         ;                 ; --       ; --           ;
; J4       ; 21         ; 1        ; #TDO                                                      ; output ;              ;         ; --         ;                 ; --       ; --           ;
; J5       ; 20         ; 1        ; #TMS                                                      ; input  ;              ;         ; --         ;                 ; --       ; --           ;
; J6       ; 29         ; 2        ; RESERVED_INPUT_WITH_WEAK_PULLUP                           ;        ;              ;         ; Row I/O    ;                 ; no       ; On           ;
; J7       ;            ;          ; GND                                                       ; gnd    ;              ;         ; --         ;                 ; --       ; --           ;
; J8       ;            ;          ; GND                                                       ; gnd    ;              ;         ; --         ;                 ; --       ; --           ;
; J9       ;            ;          ; GND                                                       ; gnd    ;              ;         ; --         ;                 ; --       ; --           ;
; J10      ;            ;          ; GND                                                       ; gnd    ;              ;         ; --         ;                 ; --       ; --           ;
; J11      ; 117        ; 5        ; RESERVED_INPUT_WITH_WEAK_PULLUP                           ;        ;              ;         ; Row I/O    ;                 ; no       ; On           ;
; J12      ; 123        ; 5        ; RESERVED_INPUT_WITH_WEAK_PULLUP                           ;        ;              ;         ; Row I/O    ;                 ; no       ; On           ;
; J13      ; 124        ; 5        ; RESERVED_INPUT_WITH_WEAK_PULLUP                           ;        ;              ;         ; Row I/O    ;                 ; no       ; On           ;
; J14      ; 122        ; 5        ; RESERVED_INPUT_WITH_WEAK_PULLUP                           ;        ;              ;         ; Row I/O    ;                 ; no       ; On           ;
; J15      ; 121        ; 5        ; RESERVED_INPUT_WITH_WEAK_PULLUP                           ;        ;              ;         ; Row I/O    ;                 ; no       ; On           ;
; J16      ; 120        ; 5        ; RESERVED_INPUT_WITH_WEAK_PULLUP                           ;        ;              ;         ; Row I/O    ;                 ; no       ; On           ;
; K1       ; 33         ; 2        ; RESERVED_INPUT_WITH_WEAK_PULLUP                           ;        ;              ;         ; Row I/O    ;                 ; no       ; On           ;
; K2       ; 32         ; 2        ; RESERVED_INPUT_WITH_WEAK_PULLUP                           ;        ;              ;         ; Row I/O    ;                 ; no       ; On           ;
; K3       ;            ; 2        ; VCCIO2                                                    ; power  ;              ; 3.3V    ; --         ;                 ; --       ; --           ;
; K4       ;            ;          ; GND                                                       ; gnd    ;              ;         ; --         ;                 ; --       ; --           ;
; K5       ; 39         ; 2        ; IO_data[0]                                                ; output ; 3.3-V LVCMOS ;         ; Row I/O    ; Y               ; no       ; Off          ;
; K6       ; 30         ; 2        ; RESERVED_INPUT_WITH_WEAK_PULLUP                           ;        ;              ;         ; Row I/O    ;                 ; no       ; On           ;
; K7       ;            ;          ; VCCINT                                                    ; power  ;              ; 1.2V    ; --         ;                 ; --       ; --           ;
; K8       ; 60         ; 3        ; RESERVED_INPUT_WITH_WEAK_PULLUP                           ;        ;              ;         ; Column I/O ;                 ; no       ; On           ;
; K9       ; 76         ; 4        ; RESERVED_INPUT_WITH_WEAK_PULLUP                           ;        ;              ;         ; Column I/O ;                 ; no       ; On           ;
; K10      ; 87         ; 4        ; RESERVED_INPUT_WITH_WEAK_PULLUP                           ;        ;              ;         ; Column I/O ;                 ; no       ; On           ;
; K11      ; 110        ; 5        ; RESERVED_INPUT_WITH_WEAK_PULLUP                           ;        ;              ;         ; Row I/O    ;                 ; no       ; On           ;
; K12      ; 105        ; 5        ; RESERVED_INPUT_WITH_WEAK_PULLUP                           ;        ;              ;         ; Row I/O    ;                 ; no       ; On           ;
; K13      ;            ;          ; GND                                                       ; gnd    ;              ;         ; --         ;                 ; --       ; --           ;
; K14      ;            ; 5        ; VCCIO5                                                    ; power  ;              ; 2.5V    ; --         ;                 ; --       ; --           ;
; K15      ; 119        ; 5        ; RESERVED_INPUT_WITH_WEAK_PULLUP                           ;        ;              ;         ; Row I/O    ;                 ; no       ; On           ;
; K16      ; 118        ; 5        ; RESERVED_INPUT_WITH_WEAK_PULLUP                           ;        ;              ;         ; Row I/O    ;                 ; no       ; On           ;
; L1       ; 35         ; 2        ; RESERVED_INPUT_WITH_WEAK_PULLUP                           ;        ;              ;         ; Row I/O    ;                 ; no       ; On           ;
; L2       ; 34         ; 2        ; RESERVED_INPUT_WITH_WEAK_PULLUP                           ;        ;              ;         ; Row I/O    ;                 ; no       ; On           ;
; L3       ; 36         ; 2        ; IO_data[2]                                                ; output ; 3.3-V LVCMOS ;         ; Row I/O    ; Y               ; no       ; Off          ;
; L4       ; 40         ; 2        ; IO_data[3]                                                ; output ; 3.3-V LVCMOS ;         ; Row I/O    ; Y               ; no       ; Off          ;
; L5       ;            ; --       ; VCCA1                                                     ; power  ;              ; 2.5V    ; --         ;                 ; --       ; --           ;
; L6       ; 31         ; 2        ; IO_data[1]                                                ; output ; 3.3-V LVCMOS ;         ; Row I/O    ; Y               ; no       ; Off          ;
; L7       ; 65         ; 3        ; RESERVED_INPUT_WITH_WEAK_PULLUP                           ;        ;              ;         ; Column I/O ;                 ; no       ; On           ;
; L8       ; 68         ; 3        ; RESERVED_INPUT_WITH_WEAK_PULLUP                           ;        ;              ;         ; Column I/O ;                 ; no       ; On           ;
; L9       ; 77         ; 4        ; RESERVED_INPUT_WITH_WEAK_PULLUP                           ;        ;              ;         ; Column I/O ;                 ; no       ; On           ;
; L10      ; 88         ; 4        ; RESERVED_INPUT_WITH_WEAK_PULLUP                           ;        ;              ;         ; Column I/O ;                 ; no       ; On           ;
; L11      ; 99         ; 4        ; RESERVED_INPUT_WITH_WEAK_PULLUP                           ;        ;              ;         ; Column I/O ;                 ; no       ; On           ;
; L12      ; 104        ; 5        ; RESERVED_INPUT_WITH_WEAK_PULLUP                           ;        ;              ;         ; Row I/O    ;                 ; no       ; On           ;
; L13      ; 114        ; 5        ; RESERVED_INPUT_WITH_WEAK_PULLUP                           ;        ;              ;         ; Row I/O    ;                 ; no       ; On           ;
; L14      ; 113        ; 5        ; RESERVED_INPUT_WITH_WEAK_PULLUP                           ;        ;              ;         ; Row I/O    ;                 ; --       ; --           ;
; L15      ; 116        ; 5        ; RESERVED_INPUT_WITH_WEAK_PULLUP                           ;        ;              ;         ; Row I/O    ;                 ; no       ; On           ;
; L16      ; 115        ; 5        ; RESERVED_INPUT_WITH_WEAK_PULLUP                           ;        ;              ;         ; Row I/O    ;                 ; no       ; On           ;
; M1       ; 26         ; 2        ; rstn                                                      ; input  ; 2.5 V        ;         ; Row I/O    ; Y               ; no       ; Off          ;
; M2       ; 25         ; 2        ; clk                                                       ; input  ; 2.5 V        ;         ; Row I/O    ; Y               ; no       ; Off          ;
; M3       ;            ; 2        ; VCCIO2                                                    ; power  ;              ; 3.3V    ; --         ;                 ; --       ; --           ;
; M4       ;            ;          ; GND                                                       ; gnd    ;              ;         ; --         ;                 ; --       ; --           ;
; M5       ;            ;          ; GNDA1                                                     ; gnd    ;              ;         ; --         ;                 ; --       ; --           ;
; M6       ; 57         ; 3        ; RESERVED_INPUT_WITH_WEAK_PULLUP                           ;        ;              ;         ; Column I/O ;                 ; no       ; On           ;
; M7       ; 59         ; 3        ; mcu_spi_miso                                              ; output ; 3.3-V LVTTL  ;         ; Column I/O ; Y               ; no       ; Off          ;
; M8       ; 69         ; 3        ; RESERVED_INPUT_WITH_WEAK_PULLUP                           ;        ;              ;         ; Column I/O ;                 ; no       ; On           ;
; M9       ; 78         ; 4        ; RESERVED_INPUT_WITH_WEAK_PULLUP                           ;        ;              ;         ; Column I/O ;                 ; no       ; On           ;
; M10      ; 93         ; 4        ; RESERVED_INPUT_WITH_WEAK_PULLUP                           ;        ;              ;         ; Column I/O ;                 ; no       ; On           ;
; M11      ; 100        ; 4        ; RESERVED_INPUT_WITH_WEAK_PULLUP                           ;        ;              ;         ; Column I/O ;                 ; no       ; On           ;
; M12      ; 103        ; 5        ; RESERVED_INPUT_WITH_WEAK_PULLUP                           ;        ;              ;         ; Row I/O    ;                 ; no       ; On           ;
; M13      ;            ;          ; GND                                                       ; gnd    ;              ;         ; --         ;                 ; --       ; --           ;
; M14      ;            ; 5        ; VCCIO5                                                    ; power  ;              ; 2.5V    ; --         ;                 ; --       ; --           ;
; M15      ; 126        ; 5        ; GND+                                                      ;        ;              ;         ; Row I/O    ;                 ; --       ; --           ;
; M16      ; 125        ; 5        ; GND+                                                      ;        ;              ;         ; Row I/O    ;                 ; --       ; --           ;
; N1       ; 38         ; 2        ; RESERVED_INPUT_WITH_WEAK_PULLUP                           ;        ;              ;         ; Row I/O    ;                 ; no       ; On           ;
; N2       ; 37         ; 2        ; RESERVED_INPUT_WITH_WEAK_PULLUP                           ;        ;              ;         ; Row I/O    ;                 ; no       ; On           ;
; N3       ; 45         ; 3        ; IO_data[4]                                                ; output ; 3.3-V LVCMOS ;         ; Column I/O ; Y               ; no       ; Off          ;
; N4       ;            ;          ; VCCD_PLL1                                                 ; power  ;              ; 1.2V    ; --         ;                 ; --       ; --           ;
; N5       ; 55         ; 3        ; RESERVED_INPUT_WITH_WEAK_PULLUP                           ;        ;              ;         ; Column I/O ;                 ; no       ; On           ;
; N6       ; 56         ; 3        ; RESERVED_INPUT_WITH_WEAK_PULLUP                           ;        ;              ;         ; Column I/O ;                 ; no       ; On           ;
; N7       ;            ;          ; GND                                                       ; gnd    ;              ;         ; --         ;                 ; --       ; --           ;
; N8       ; 70         ; 3        ; RESERVED_INPUT_WITH_WEAK_PULLUP                           ;        ;              ;         ; Column I/O ;                 ; no       ; On           ;
; N9       ; 79         ; 4        ; RESERVED_INPUT_WITH_WEAK_PULLUP                           ;        ;              ;         ; Column I/O ;                 ; no       ; On           ;
; N10      ;            ;          ; GND                                                       ; gnd    ;              ;         ; --         ;                 ; --       ; --           ;
; N11      ; 94         ; 4        ; RESERVED_INPUT_WITH_WEAK_PULLUP                           ;        ;              ;         ; Column I/O ;                 ; no       ; On           ;
; N12      ; 101        ; 4        ; RESERVED_INPUT_WITH_WEAK_PULLUP                           ;        ;              ;         ; Column I/O ;                 ; no       ; On           ;
; N13      ; 102        ; 5        ; RESERVED_INPUT_WITH_WEAK_PULLUP                           ;        ;              ;         ; Row I/O    ;                 ; no       ; On           ;
; N14      ; 106        ; 5        ; RESERVED_INPUT_WITH_WEAK_PULLUP                           ;        ;              ;         ; Row I/O    ;                 ; no       ; On           ;
; N15      ; 112        ; 5        ; RESERVED_INPUT_WITH_WEAK_PULLUP                           ;        ;              ;         ; Row I/O    ;                 ; no       ; On           ;
; N16      ; 111        ; 5        ; RESERVED_INPUT_WITH_WEAK_PULLUP                           ;        ;              ;         ; Row I/O    ;                 ; no       ; On           ;
; P1       ; 44         ; 2        ; RESERVED_INPUT_WITH_WEAK_PULLUP                           ;        ;              ;         ; Row I/O    ;                 ; no       ; On           ;
; P2       ; 43         ; 2        ; RESERVED_INPUT_WITH_WEAK_PULLUP                           ;        ;              ;         ; Row I/O    ;                 ; no       ; On           ;
; P3       ; 46         ; 3        ; RESERVED_INPUT_WITH_WEAK_PULLUP                           ;        ;              ;         ; Column I/O ;                 ; no       ; On           ;
; P4       ;            ; 3        ; VCCIO3                                                    ; power  ;              ; 3.3V    ; --         ;                 ; --       ; --           ;
; P5       ;            ;          ; GND                                                       ; gnd    ;              ;         ; --         ;                 ; --       ; --           ;
; P6       ; 58         ; 3        ; RESERVED_INPUT_WITH_WEAK_PULLUP                           ;        ;              ;         ; Column I/O ;                 ; --       ; --           ;
; P7       ;            ; 3        ; VCCIO3                                                    ; power  ;              ; 3.3V    ; --         ;                 ; --       ; --           ;
; P8       ; 71         ; 3        ; RESERVED_INPUT_WITH_WEAK_PULLUP                           ;        ;              ;         ; Column I/O ;                 ; no       ; On           ;
; P9       ; 89         ; 4        ; RESERVED_INPUT_WITH_WEAK_PULLUP                           ;        ;              ;         ; Column I/O ;                 ; no       ; On           ;
; P10      ;            ; 4        ; VCCIO4                                                    ; power  ;              ; 3.3V    ; --         ;                 ; --       ; --           ;
; P11      ; 90         ; 4        ; RESERVED_INPUT_WITH_WEAK_PULLUP                           ;        ;              ;         ; Column I/O ;                 ; --       ; --           ;
; P12      ;            ;          ; GND                                                       ; gnd    ;              ;         ; --         ;                 ; --       ; --           ;
; P13      ;            ; 4        ; VCCIO4                                                    ; power  ;              ; 3.3V    ; --         ;                 ; --       ; --           ;
; P14      ; 98         ; 4        ; RESERVED_INPUT_WITH_WEAK_PULLUP                           ;        ;              ;         ; Column I/O ;                 ; no       ; On           ;
; P15      ; 107        ; 5        ; RESERVED_INPUT_WITH_WEAK_PULLUP                           ;        ;              ;         ; Row I/O    ;                 ; no       ; On           ;
; P16      ; 108        ; 5        ; RESERVED_INPUT_WITH_WEAK_PULLUP                           ;        ;              ;         ; Row I/O    ;                 ; no       ; On           ;
; R1       ; 42         ; 2        ; RESERVED_INPUT_WITH_WEAK_PULLUP                           ;        ;              ;         ; Row I/O    ;                 ; no       ; On           ;
; R2       ;            ;          ; GND                                                       ; gnd    ;              ;         ; --         ;                 ; --       ; --           ;
; R3       ; 47         ; 3        ; adc_spi_sclk_o                                            ; output ; 3.3-V LVCMOS ;         ; Column I/O ; Y               ; no       ; Off          ;
; R4       ; 53         ; 3        ; adc_otr_i                                                 ; input  ; 3.3-V LVCMOS ;         ; Column I/O ; Y               ; no       ; Off          ;
; R5       ; 61         ; 3        ; adc_data_i[10]                                            ; input  ; 3.3-V LVCMOS ;         ; Column I/O ; Y               ; no       ; Off          ;
; R6       ; 63         ; 3        ; adc_data_i[8]                                             ; input  ; 3.3-V LVCMOS ;         ; Column I/O ; Y               ; no       ; Off          ;
; R7       ; 66         ; 3        ; adc_data_i[6]                                             ; input  ; 3.3-V LVCMOS ;         ; Column I/O ; Y               ; no       ; Off          ;
; R8       ; 72         ; 3        ; adc_data_i[4]                                             ; input  ; 3.3-V LVCMOS ;         ; Column I/O ; Y               ; no       ; Off          ;
; R9       ; 74         ; 4        ; adc_data_i[2]                                             ; input  ; 3.3-V LVCMOS ;         ; Column I/O ; Y               ; no       ; Off          ;
; R10      ; 80         ; 4        ; adc_data_i[0]                                             ; input  ; 3.3-V LVCMOS ;         ; Column I/O ; Y               ; no       ; Off          ;
; R11      ; 83         ; 4        ; adc_oeb_o                                                 ; output ; 3.3-V LVCMOS ;         ; Column I/O ; Y               ; no       ; Off          ;
; R12      ; 85         ; 4        ; adc_pwdn_o                                                ; output ; 3.3-V LVCMOS ;         ; Column I/O ; Y               ; no       ; Off          ;
; R13      ; 91         ; 4        ; RESERVED_INPUT_WITH_WEAK_PULLUP                           ;        ;              ;         ; Column I/O ;                 ; no       ; On           ;
; R14      ; 97         ; 4        ; RESERVED_INPUT_WITH_WEAK_PULLUP                           ;        ;              ;         ; Column I/O ;                 ; no       ; On           ;
; R15      ;            ;          ; GND                                                       ; gnd    ;              ;         ; --         ;                 ; --       ; --           ;
; R16      ; 109        ; 5        ; RESERVED_INPUT_WITH_WEAK_PULLUP                           ;        ;              ;         ; Row I/O    ;                 ; no       ; On           ;
; T1       ;            ; 3        ; VCCIO3                                                    ; power  ;              ; 3.3V    ; --         ;                 ; --       ; --           ;
; T2       ; 52         ; 3        ; RESERVED_INPUT_WITH_WEAK_PULLUP                           ;        ;              ;         ; Column I/O ;                 ; no       ; On           ;
; T3       ; 48         ; 3        ; RESERVED_INPUT_WITH_WEAK_PULLUP                           ;        ;              ;         ; Column I/O ;                 ; no       ; On           ;
; T4       ; 54         ; 3        ; adc_spi_cs_n_o                                            ; output ; 3.3-V LVCMOS ;         ; Column I/O ; Y               ; no       ; Off          ;
; T5       ; 62         ; 3        ; adc_spi_sdio_o                                            ; output ; 3.3-V LVCMOS ;         ; Column I/O ; Y               ; no       ; Off          ;
; T6       ; 64         ; 3        ; adc_data_i[11]                                            ; input  ; 3.3-V LVCMOS ;         ; Column I/O ; Y               ; no       ; Off          ;
; T7       ; 67         ; 3        ; adc_data_i[9]                                             ; input  ; 3.3-V LVCMOS ;         ; Column I/O ; Y               ; no       ; Off          ;
; T8       ; 73         ; 3        ; adc_data_i[7]                                             ; input  ; 3.3-V LVCMOS ;         ; Column I/O ; Y               ; no       ; Off          ;
; T9       ; 75         ; 4        ; adc_data_i[5]                                             ; input  ; 3.3-V LVCMOS ;         ; Column I/O ; Y               ; no       ; Off          ;
; T10      ; 81         ; 4        ; adc_data_i[3]                                             ; input  ; 3.3-V LVCMOS ;         ; Column I/O ; Y               ; no       ; Off          ;
; T11      ; 84         ; 4        ; adc_data_i[1]                                             ; input  ; 3.3-V LVCMOS ;         ; Column I/O ; Y               ; no       ; Off          ;
; T12      ; 86         ; 4        ; RESERVED_INPUT_WITH_WEAK_PULLUP                           ;        ;              ;         ; Column I/O ;                 ; no       ; On           ;
; T13      ; 92         ; 4        ; adc_clk_o                                                 ; output ; 3.3-V LVCMOS ;         ; Column I/O ; Y               ; no       ; Off          ;
; T14      ; 95         ; 4        ; RESERVED_INPUT_WITH_WEAK_PULLUP                           ;        ;              ;         ; Column I/O ;                 ; no       ; On           ;
; T15      ; 96         ; 4        ; RESERVED_INPUT_WITH_WEAK_PULLUP                           ;        ;              ;         ; Column I/O ;                 ; no       ; On           ;
; T16      ;            ; 4        ; VCCIO4                                                    ; power  ;              ; 3.3V    ; --         ;                 ; --       ; --           ;
+----------+------------+----------+-----------------------------------------------------------+--------+--------------+---------+------------+-----------------+----------+--------------+
Note: Pin directions (input, output or bidir) are based on device operating in user mode.


+------------------------------------------------------------------------------------------------------------------------------------+
; PLL Summary                                                                                                                        ;
+-------------------------------+----------------------------------------------------------------------------------------------------+
; Name                          ; Ad9233Pll62m5:U0_adc_pll62m5_inst|altpll:altpll_component|Ad9233Pll62m5_altpll:auto_generated|pll1 ;
+-------------------------------+----------------------------------------------------------------------------------------------------+
; SDC pin name                  ; U0_adc_pll62m5_inst|altpll_component|auto_generated|pll1                                           ;
; PLL mode                      ; Normal                                                                                             ;
; Compensate clock              ; clock0                                                                                             ;
; Compensated input/output pins ; --                                                                                                 ;
; Switchover type               ; --                                                                                                 ;
; Input frequency 0             ; 50.0 MHz                                                                                           ;
; Input frequency 1             ; --                                                                                                 ;
; Nominal PFD frequency         ; 50.0 MHz                                                                                           ;
; Nominal VCO frequency         ; 500.0 MHz                                                                                          ;
; VCO post scale K counter      ; 2                                                                                                  ;
; VCO frequency control         ; Auto                                                                                               ;
; VCO phase shift step          ; 250 ps                                                                                             ;
; VCO multiply                  ; --                                                                                                 ;
; VCO divide                    ; --                                                                                                 ;
; Freq min lock                 ; 30.0 MHz                                                                                           ;
; Freq max lock                 ; 65.02 MHz                                                                                          ;
; M VCO Tap                     ; 0                                                                                                  ;
; M Initial                     ; 1                                                                                                  ;
; M value                       ; 10                                                                                                 ;
; N value                       ; 1                                                                                                  ;
; Charge pump current           ; setting 1                                                                                          ;
; Loop filter resistance        ; setting 27                                                                                         ;
; Loop filter capacitance       ; setting 0                                                                                          ;
; Bandwidth                     ; 1.03 MHz to 1.97 MHz                                                                               ;
; Bandwidth type                ; Medium                                                                                             ;
; Real time reconfigurable      ; Off                                                                                                ;
; Scan chain MIF file           ; --                                                                                                 ;
; Preserve PLL counter order    ; Off                                                                                                ;
; PLL location                  ; PLL_1                                                                                              ;
; Inclk0 signal                 ; clk                                                                                                ;
; Inclk1 signal                 ; --                                                                                                 ;
; Inclk0 signal type            ; Dedicated Pin                                                                                      ;
; Inclk1 signal type            ; --                                                                                                 ;
+-------------------------------+----------------------------------------------------------------------------------------------------+


+----------------------------------------------------------------------------------------------------------------------------------------------------------------------------------------------------------------------------------------------------------------------------------------------------------------------------------------------------------+
; PLL Usage                                                                                                                                                                                                                                                                                                                                                ;
+----------------------------------------------------------------------------------------------------------------+--------------+------+-----+------------------+-------------+------------------+------------+---------+---------------+------------+---------------+---------+---------+-----------------------------------------------------------------+
; Name                                                                                                           ; Output Clock ; Mult ; Div ; Output Frequency ; Phase Shift ; Phase Shift Step ; Duty Cycle ; Counter ; Counter Value ; High / Low ; Cascade Input ; Initial ; VCO Tap ; SDC Pin Name                                                    ;
+----------------------------------------------------------------------------------------------------------------+--------------+------+-----+------------------+-------------+------------------+------------+---------+---------------+------------+---------------+---------+---------+-----------------------------------------------------------------+
; Ad9233Pll62m5:U0_adc_pll62m5_inst|altpll:altpll_component|Ad9233Pll62m5_altpll:auto_generated|wire_pll1_clk[0] ; clock0       ; 5    ; 4   ; 62.5 MHz         ; 0 (0 ps)    ; 5.63 (250 ps)    ; 50/50      ; C1      ; 8             ; 4/4 Even   ; --            ; 1       ; 0       ; U0_adc_pll62m5_inst|altpll_component|auto_generated|pll1|clk[0] ;
+----------------------------------------------------------------------------------------------------------------+--------------+------+-----+------------------+-------------+------------------+------------+---------+---------------+------------+---------------+---------+---------+-----------------------------------------------------------------+


+-----------------------------------------------------------------------------------------------------------------------------------------------------------------------------------------------------------------------------------------------------------------------------------------------------------------------------------------------------------------------------------------------------------------------------------+
; Fitter Resource Utilization by Entity                                                                                                                                                                                                                                                                                                                                                                                             ;
+--------------------------------------------------+-------------+---------------------------+---------------+-------------+------+--------------+---------+-----------+------+--------------+--------------+-------------------+------------------+-----------------------------------------------------------------------------------------------------------------------------------------------------------------+--------------+
; Compilation Hierarchy Node                       ; Logic Cells ; Dedicated Logic Registers ; I/O Registers ; Memory Bits ; M9Ks ; DSP Elements ; DSP 9x9 ; DSP 18x18 ; Pins ; Virtual Pins ; LUT-Only LCs ; Register-Only LCs ; LUT/Register LCs ; Full Hierarchy Name                                                                                                                                             ; Library Name ;
+--------------------------------------------------+-------------+---------------------------+---------------+-------------+------+--------------+---------+-----------+------+--------------+--------------+-------------------+------------------+-----------------------------------------------------------------------------------------------------------------------------------------------------------------+--------------+
; |DAC904_WriteTEST                                ; 5684 (10)   ; 3589 (6)                  ; 13 (13)       ; 49152       ; 6    ; 14           ; 0       ; 7         ; 42   ; 25           ; 2095 (5)     ; 1593 (3)          ; 1996 (0)         ; |DAC904_WriteTEST                                                                                                                                               ; work         ;
;    |Ad9233FrameCapture:U2_frame_capture|         ; 5186 (71)   ; 3298 (65)                 ; 0 (0)         ; 49152       ; 6    ; 14           ; 0       ; 7         ; 0    ; 0            ; 1886 (6)     ; 1549 (1)          ; 1751 (65)        ; |DAC904_WriteTEST|Ad9233FrameCapture:U2_frame_capture                                                                                                           ; work         ;
;       |Ad9233MultistageDecimator:anti_alias_fir| ; 5115 (133)  ; 3233 (13)                 ; 0 (0)         ; 0           ; 0    ; 14           ; 0       ; 7         ; 0    ; 0            ; 1880 (119)   ; 1548 (0)          ; 1687 (14)        ; |DAC904_WriteTEST|Ad9233FrameCapture:U2_frame_capture|Ad9233MultistageDecimator:anti_alias_fir                                                                  ; work         ;
;          |FirDecimatingStage:stage1|             ; 923 (923)   ; 654 (654)                 ; 0 (0)         ; 0           ; 0    ; 8            ; 0       ; 4         ; 0    ; 0            ; 268 (268)    ; 292 (292)         ; 363 (363)        ; |DAC904_WriteTEST|Ad9233FrameCapture:U2_frame_capture|Ad9233MultistageDecimator:anti_alias_fir|FirDecimatingStage:stage1                                        ; work         ;
;             |lpm_mult:Mult0|                     ; 0 (0)       ; 0 (0)                     ; 0 (0)         ; 0           ; 0    ; 2            ; 0       ; 1         ; 0    ; 0            ; 0 (0)        ; 0 (0)             ; 0 (0)            ; |DAC904_WriteTEST|Ad9233FrameCapture:U2_frame_capture|Ad9233MultistageDecimator:anti_alias_fir|FirDecimatingStage:stage1|lpm_mult:Mult0                         ; work         ;
;                |mult_c6t:auto_generated|         ; 0 (0)       ; 0 (0)                     ; 0 (0)         ; 0           ; 0    ; 2            ; 0       ; 1         ; 0    ; 0            ; 0 (0)        ; 0 (0)             ; 0 (0)            ; |DAC904_WriteTEST|Ad9233FrameCapture:U2_frame_capture|Ad9233MultistageDecimator:anti_alias_fir|FirDecimatingStage:stage1|lpm_mult:Mult0|mult_c6t:auto_generated ; work         ;
;             |lpm_mult:Mult1|                     ; 0 (0)       ; 0 (0)                     ; 0 (0)         ; 0           ; 0    ; 2            ; 0       ; 1         ; 0    ; 0            ; 0 (0)        ; 0 (0)             ; 0 (0)            ; |DAC904_WriteTEST|Ad9233FrameCapture:U2_frame_capture|Ad9233MultistageDecimator:anti_alias_fir|FirDecimatingStage:stage1|lpm_mult:Mult1                         ; work         ;
;                |mult_c6t:auto_generated|         ; 0 (0)       ; 0 (0)                     ; 0 (0)         ; 0           ; 0    ; 2            ; 0       ; 1         ; 0    ; 0            ; 0 (0)        ; 0 (0)             ; 0 (0)            ; |DAC904_WriteTEST|Ad9233FrameCapture:U2_frame_capture|Ad9233MultistageDecimator:anti_alias_fir|FirDecimatingStage:stage1|lpm_mult:Mult1|mult_c6t:auto_generated ; work         ;
;             |lpm_mult:Mult2|                     ; 0 (0)       ; 0 (0)                     ; 0 (0)         ; 0           ; 0    ; 2            ; 0       ; 1         ; 0    ; 0            ; 0 (0)        ; 0 (0)             ; 0 (0)            ; |DAC904_WriteTEST|Ad9233FrameCapture:U2_frame_capture|Ad9233MultistageDecimator:anti_alias_fir|FirDecimatingStage:stage1|lpm_mult:Mult2                         ; work         ;
;                |mult_c6t:auto_generated|         ; 0 (0)       ; 0 (0)                     ; 0 (0)         ; 0           ; 0    ; 2            ; 0       ; 1         ; 0    ; 0            ; 0 (0)        ; 0 (0)             ; 0 (0)            ; |DAC904_WriteTEST|Ad9233FrameCapture:U2_frame_capture|Ad9233MultistageDecimator:anti_alias_fir|FirDecimatingStage:stage1|lpm_mult:Mult2|mult_c6t:auto_generated ; work         ;
;             |lpm_mult:Mult3|                     ; 0 (0)       ; 0 (0)                     ; 0 (0)         ; 0           ; 0    ; 2            ; 0       ; 1         ; 0    ; 0            ; 0 (0)        ; 0 (0)             ; 0 (0)            ; |DAC904_WriteTEST|Ad9233FrameCapture:U2_frame_capture|Ad9233MultistageDecimator:anti_alias_fir|FirDecimatingStage:stage1|lpm_mult:Mult3                         ; work         ;
;                |mult_c6t:auto_generated|         ; 0 (0)       ; 0 (0)                     ; 0 (0)         ; 0           ; 0    ; 2            ; 0       ; 1         ; 0    ; 0            ; 0 (0)        ; 0 (0)             ; 0 (0)            ; |DAC904_WriteTEST|Ad9233FrameCapture:U2_frame_capture|Ad9233MultistageDecimator:anti_alias_fir|FirDecimatingStage:stage1|lpm_mult:Mult3|mult_c6t:auto_generated ; work         ;
;          |FirDecimatingStage:stage2|             ; 1500 (1500) ; 1063 (1063)               ; 0 (0)         ; 0           ; 0    ; 4            ; 0       ; 2         ; 0    ; 0            ; 436 (436)    ; 606 (606)         ; 458 (458)        ; |DAC904_WriteTEST|Ad9233FrameCapture:U2_frame_capture|Ad9233MultistageDecimator:anti_alias_fir|FirDecimatingStage:stage2                                        ; work         ;
;             |lpm_mult:Mult0|                     ; 0 (0)       ; 0 (0)                     ; 0 (0)         ; 0           ; 0    ; 2            ; 0       ; 1         ; 0    ; 0            ; 0 (0)        ; 0 (0)             ; 0 (0)            ; |DAC904_WriteTEST|Ad9233FrameCapture:U2_frame_capture|Ad9233MultistageDecimator:anti_alias_fir|FirDecimatingStage:stage2|lpm_mult:Mult0                         ; work         ;
;                |mult_c6t:auto_generated|         ; 0 (0)       ; 0 (0)                     ; 0 (0)         ; 0           ; 0    ; 2            ; 0       ; 1         ; 0    ; 0            ; 0 (0)        ; 0 (0)             ; 0 (0)            ; |DAC904_WriteTEST|Ad9233FrameCapture:U2_frame_capture|Ad9233MultistageDecimator:anti_alias_fir|FirDecimatingStage:stage2|lpm_mult:Mult0|mult_c6t:auto_generated ; work         ;
;             |lpm_mult:Mult1|                     ; 0 (0)       ; 0 (0)                     ; 0 (0)         ; 0           ; 0    ; 2            ; 0       ; 1         ; 0    ; 0            ; 0 (0)        ; 0 (0)             ; 0 (0)            ; |DAC904_WriteTEST|Ad9233FrameCapture:U2_frame_capture|Ad9233MultistageDecimator:anti_alias_fir|FirDecimatingStage:stage2|lpm_mult:Mult1                         ; work         ;
;                |mult_c6t:auto_generated|         ; 0 (0)       ; 0 (0)                     ; 0 (0)         ; 0           ; 0    ; 2            ; 0       ; 1         ; 0    ; 0            ; 0 (0)        ; 0 (0)             ; 0 (0)            ; |DAC904_WriteTEST|Ad9233FrameCapture:U2_frame_capture|Ad9233MultistageDecimator:anti_alias_fir|FirDecimatingStage:stage2|lpm_mult:Mult1|mult_c6t:auto_generated ; work         ;
;          |FirDecimatingStage:stage3|             ; 2561 (2561) ; 1503 (1503)               ; 0 (0)         ; 0           ; 0    ; 2            ; 0       ; 1         ; 0    ; 0            ; 1057 (1057)  ; 650 (650)         ; 854 (854)        ; |DAC904_WriteTEST|Ad9233FrameCapture:U2_frame_capture|Ad9233MultistageDecimator:anti_alias_fir|FirDecimatingStage:stage3                                        ; work         ;
;             |lpm_mult:Mult0|                     ; 0 (0)       ; 0 (0)                     ; 0 (0)         ; 0           ; 0    ; 2            ; 0       ; 1         ; 0    ; 0            ; 0 (0)        ; 0 (0)             ; 0 (0)            ; |DAC904_WriteTEST|Ad9233FrameCapture:U2_frame_capture|Ad9233MultistageDecimator:anti_alias_fir|FirDecimatingStage:stage3|lpm_mult:Mult0                         ; work         ;
;                |mult_c6t:auto_generated|         ; 0 (0)       ; 0 (0)                     ; 0 (0)         ; 0           ; 0    ; 2            ; 0       ; 1         ; 0    ; 0            ; 0 (0)        ; 0 (0)             ; 0 (0)            ; |DAC904_WriteTEST|Ad9233FrameCapture:U2_frame_capture|Ad9233MultistageDecimator:anti_alias_fir|FirDecimatingStage:stage3|lpm_mult:Mult0|mult_c6t:auto_generated ; work         ;
;       |altsyncram:capture_ram|                   ; 0 (0)       ; 0 (0)                     ; 0 (0)         ; 49152       ; 6    ; 0            ; 0       ; 0         ; 0    ; 0            ; 0 (0)        ; 0 (0)             ; 0 (0)            ; |DAC904_WriteTEST|Ad9233FrameCapture:U2_frame_capture|altsyncram:capture_ram                                                                                    ; work         ;
;          |altsyncram_bl51:auto_generated|        ; 0 (0)       ; 0 (0)                     ; 0 (0)         ; 49152       ; 6    ; 0            ; 0       ; 0         ; 0    ; 0            ; 0 (0)        ; 0 (0)             ; 0 (0)            ; |DAC904_WriteTEST|Ad9233FrameCapture:U2_frame_capture|altsyncram:capture_ram|altsyncram_bl51:auto_generated                                                     ; work         ;
;    |Ad9233Pll62m5:U0_adc_pll62m5_inst|           ; 2 (0)       ; 1 (0)                     ; 0 (0)         ; 0           ; 0    ; 0            ; 0       ; 0         ; 0    ; 0            ; 0 (0)        ; 0 (0)             ; 2 (0)            ; |DAC904_WriteTEST|Ad9233Pll62m5:U0_adc_pll62m5_inst                                                                                                             ; work         ;
;       |altpll:altpll_component|                  ; 2 (0)       ; 1 (0)                     ; 0 (0)         ; 0           ; 0    ; 0            ; 0       ; 0         ; 0    ; 0            ; 0 (0)        ; 0 (0)             ; 2 (0)            ; |DAC904_WriteTEST|Ad9233Pll62m5:U0_adc_pll62m5_inst|altpll:altpll_component                                                                                     ; work         ;
;          |Ad9233Pll62m5_altpll:auto_generated|   ; 2 (2)       ; 1 (1)                     ; 0 (0)         ; 0           ; 0    ; 0            ; 0       ; 0         ; 0    ; 0            ; 0 (0)        ; 0 (0)             ; 2 (2)            ; |DAC904_WriteTEST|Ad9233Pll62m5:U0_adc_pll62m5_inst|altpll:altpll_component|Ad9233Pll62m5_altpll:auto_generated                                                 ; work         ;
;    |Ad9233SpiInit:U1_ad9233_spi_init|            ; 108 (108)   ; 73 (73)                   ; 0 (0)         ; 0           ; 0    ; 0            ; 0       ; 0         ; 0    ; 0            ; 34 (34)      ; 0 (0)             ; 74 (74)          ; |DAC904_WriteTEST|Ad9233SpiInit:U1_ad9233_spi_init                                                                                                              ; work         ;
;    |AnalyzerSpiSlave:U3_analyzer_spi|            ; 381 (381)   ; 211 (211)                 ; 0 (0)         ; 0           ; 0    ; 0            ; 0       ; 0         ; 0    ; 0            ; 170 (170)    ; 41 (41)           ; 170 (170)        ; |DAC904_WriteTEST|AnalyzerSpiSlave:U3_analyzer_spi                                                                                                              ; work         ;
+--------------------------------------------------+-------------+---------------------------+---------------+-------------+------+--------------+---------+-----------+------+--------------+--------------+-------------------+------------------+-----------------------------------------------------------------------------------------------------------------------------------------------------------------+--------------+
Note: For table entries with two numbers listed, the numbers in parentheses indicate the number of resources of the given type used by the specific entity alone. The numbers listed outside of parentheses indicate the total resources of the given type used by the specific entity and all of its sub-entities in the hierarchy.


+------------------------------------------------------------------------------------------------+
; Delay Chain Summary                                                                            ;
+----------------+----------+---------------+---------------+-----------------------+-----+------+
; Name           ; Pin Type ; Pad to Core 0 ; Pad to Core 1 ; Pad to Input Register ; TCO ; TCOE ;
+----------------+----------+---------------+---------------+-----------------------+-----+------+
; mcu_spi_miso   ; Output   ; --            ; --            ; --                    ; --  ; --   ;
; clk_driver     ; Output   ; --            ; --            ; --                    ; --  ; --   ;
; IO_data[0]     ; Output   ; --            ; --            ; --                    ; --  ; --   ;
; IO_data[1]     ; Output   ; --            ; --            ; --                    ; --  ; --   ;
; IO_data[2]     ; Output   ; --            ; --            ; --                    ; --  ; --   ;
; IO_data[3]     ; Output   ; --            ; --            ; --                    ; --  ; --   ;
; IO_data[4]     ; Output   ; --            ; --            ; --                    ; --  ; --   ;
; IO_data[5]     ; Output   ; --            ; --            ; --                    ; --  ; --   ;
; IO_data[6]     ; Output   ; --            ; --            ; --                    ; --  ; --   ;
; IO_data[7]     ; Output   ; --            ; --            ; --                    ; --  ; --   ;
; IO_data[8]     ; Output   ; --            ; --            ; --                    ; --  ; --   ;
; IO_data[9]     ; Output   ; --            ; --            ; --                    ; --  ; --   ;
; IO_data[10]    ; Output   ; --            ; --            ; --                    ; --  ; --   ;
; IO_data[11]    ; Output   ; --            ; --            ; --                    ; --  ; --   ;
; IO_data[12]    ; Output   ; --            ; --            ; --                    ; --  ; --   ;
; IO_data[13]    ; Output   ; --            ; --            ; --                    ; --  ; --   ;
; dac_gnd        ; Output   ; --            ; --            ; --                    ; --  ; --   ;
; adc_clk_o      ; Output   ; --            ; --            ; --                    ; --  ; --   ;
; adc_oeb_o      ; Output   ; --            ; --            ; --                    ; --  ; --   ;
; adc_pwdn_o     ; Output   ; --            ; --            ; --                    ; --  ; --   ;
; adc_spi_cs_n_o ; Output   ; --            ; --            ; --                    ; --  ; --   ;
; adc_spi_sclk_o ; Output   ; --            ; --            ; --                    ; --  ; --   ;
; adc_spi_sdio_o ; Output   ; --            ; --            ; --                    ; --  ; --   ;
; adc_dco_i      ; Input    ; (0) 0 ps      ; --            ; --                    ; --  ; --   ;
; mcu_spi_sck    ; Input    ; (0) 0 ps      ; (0) 0 ps      ; --                    ; --  ; --   ;
; mcu_uart_rx    ; Input    ; (6) 1314 ps   ; --            ; --                    ; --  ; --   ;
; rstn           ; Input    ; (0) 0 ps      ; --            ; --                    ; --  ; --   ;
; clk            ; Input    ; (0) 0 ps      ; --            ; --                    ; --  ; --   ;
; adc_data_i[0]  ; Input    ; --            ; --            ; (1) 354 ps            ; --  ; --   ;
; adc_data_i[1]  ; Input    ; --            ; --            ; (1) 354 ps            ; --  ; --   ;
; adc_data_i[2]  ; Input    ; --            ; --            ; (1) 354 ps            ; --  ; --   ;
; adc_data_i[3]  ; Input    ; --            ; --            ; (1) 354 ps            ; --  ; --   ;
; adc_data_i[4]  ; Input    ; --            ; --            ; (1) 354 ps            ; --  ; --   ;
; adc_data_i[5]  ; Input    ; --            ; --            ; (1) 354 ps            ; --  ; --   ;
; adc_data_i[6]  ; Input    ; --            ; --            ; (1) 354 ps            ; --  ; --   ;
; adc_data_i[7]  ; Input    ; --            ; --            ; (1) 354 ps            ; --  ; --   ;
; adc_data_i[8]  ; Input    ; --            ; --            ; (1) 354 ps            ; --  ; --   ;
; adc_data_i[9]  ; Input    ; --            ; --            ; (1) 354 ps            ; --  ; --   ;
; adc_data_i[10] ; Input    ; --            ; --            ; (1) 354 ps            ; --  ; --   ;
; adc_data_i[11] ; Input    ; --            ; --            ; (1) 354 ps            ; --  ; --   ;
; adc_otr_i      ; Input    ; --            ; --            ; (1) 354 ps            ; --  ; --   ;
; mcu_spi_mosi   ; Input    ; --            ; (6) 1314 ps   ; --                    ; --  ; --   ;
+----------------+----------+---------------+---------------+-----------------------+-----+------+


+----------------------------------------------------------------------------------------------------------------------------------------------+
; Pad To Core Delay Chain Fanout                                                                                                               ;
+----------------------------------------------------------------------------------------------------------------+-------------------+---------+
; Source Pin / Fanout                                                                                            ; Pad To Core Index ; Setting ;
+----------------------------------------------------------------------------------------------------------------+-------------------+---------+
; adc_dco_i                                                                                                      ;                   ;         ;
; mcu_spi_sck                                                                                                    ;                   ;         ;
;      - Ad9233FrameCapture:U2_frame_capture|altsyncram:capture_ram|altsyncram_bl51:auto_generated|ram_block1a0  ; 1                 ; 0       ;
;      - Ad9233FrameCapture:U2_frame_capture|altsyncram:capture_ram|altsyncram_bl51:auto_generated|ram_block1a1  ; 1                 ; 0       ;
;      - Ad9233FrameCapture:U2_frame_capture|altsyncram:capture_ram|altsyncram_bl51:auto_generated|ram_block1a2  ; 1                 ; 0       ;
;      - Ad9233FrameCapture:U2_frame_capture|altsyncram:capture_ram|altsyncram_bl51:auto_generated|ram_block1a3  ; 1                 ; 0       ;
;      - Ad9233FrameCapture:U2_frame_capture|altsyncram:capture_ram|altsyncram_bl51:auto_generated|ram_block1a5  ; 0                 ; 0       ;
;      - Ad9233FrameCapture:U2_frame_capture|altsyncram:capture_ram|altsyncram_bl51:auto_generated|ram_block1a10 ; 0                 ; 0       ;
;      - AnalyzerSpiSlave:U3_analyzer_spi|tx_shift[15]                                                           ; 1                 ; 0       ;
;      - AnalyzerSpiSlave:U3_analyzer_spi|tx_active                                                              ; 0                 ; 0       ;
;      - AnalyzerSpiSlave:U3_analyzer_spi|response_seen                                                          ; 1                 ; 0       ;
;      - AnalyzerSpiSlave:U3_analyzer_spi|spi_miso                                                               ; 0                 ; 0       ;
;      - AnalyzerSpiSlave:U3_analyzer_spi|crc_error_count[0]                                                     ; 0                 ; 0       ;
;      - AnalyzerSpiSlave:U3_analyzer_spi|response_toggle                                                        ; 1                 ; 0       ;
;      - AnalyzerSpiSlave:U3_analyzer_spi|crc_error_count[1]                                                     ; 0                 ; 0       ;
;      - AnalyzerSpiSlave:U3_analyzer_spi|crc_error_count[2]                                                     ; 0                 ; 0       ;
;      - AnalyzerSpiSlave:U3_analyzer_spi|crc_error_count[3]                                                     ; 0                 ; 0       ;
;      - AnalyzerSpiSlave:U3_analyzer_spi|crc_error_count[4]                                                     ; 0                 ; 0       ;
;      - AnalyzerSpiSlave:U3_analyzer_spi|crc_error_count[5]                                                     ; 0                 ; 0       ;
;      - AnalyzerSpiSlave:U3_analyzer_spi|crc_error_count[6]                                                     ; 0                 ; 0       ;
;      - AnalyzerSpiSlave:U3_analyzer_spi|crc_error_count[7]                                                     ; 0                 ; 0       ;
;      - AnalyzerSpiSlave:U3_analyzer_spi|crc_error_count[8]                                                     ; 0                 ; 0       ;
;      - AnalyzerSpiSlave:U3_analyzer_spi|crc_error_count[9]                                                     ; 0                 ; 0       ;
;      - AnalyzerSpiSlave:U3_analyzer_spi|crc_error_count[10]                                                    ; 0                 ; 0       ;
;      - AnalyzerSpiSlave:U3_analyzer_spi|crc_error_count[11]                                                    ; 0                 ; 0       ;
;      - AnalyzerSpiSlave:U3_analyzer_spi|crc_error_count[12]                                                    ; 0                 ; 0       ;
;      - AnalyzerSpiSlave:U3_analyzer_spi|crc_error_count[13]                                                    ; 0                 ; 0       ;
;      - AnalyzerSpiSlave:U3_analyzer_spi|crc_error_count[14]                                                    ; 0                 ; 0       ;
;      - AnalyzerSpiSlave:U3_analyzer_spi|crc_error_count[15]                                                    ; 0                 ; 0       ;
;      - AnalyzerSpiSlave:U3_analyzer_spi|response_word_index[12]                                                ; 1                 ; 0       ;
;      - AnalyzerSpiSlave:U3_analyzer_spi|response_word_index[0]                                                 ; 1                 ; 0       ;
;      - AnalyzerSpiSlave:U3_analyzer_spi|response_word_index[1]                                                 ; 1                 ; 0       ;
;      - AnalyzerSpiSlave:U3_analyzer_spi|response_word_index[2]                                                 ; 1                 ; 0       ;
;      - AnalyzerSpiSlave:U3_analyzer_spi|response_word_index[3]                                                 ; 1                 ; 0       ;
;      - AnalyzerSpiSlave:U3_analyzer_spi|response_word_index[4]                                                 ; 1                 ; 0       ;
;      - AnalyzerSpiSlave:U3_analyzer_spi|response_word_index[5]                                                 ; 1                 ; 0       ;
;      - AnalyzerSpiSlave:U3_analyzer_spi|response_word_index[6]                                                 ; 1                 ; 0       ;
;      - AnalyzerSpiSlave:U3_analyzer_spi|response_word_index[7]                                                 ; 1                 ; 0       ;
;      - AnalyzerSpiSlave:U3_analyzer_spi|response_word_index[8]                                                 ; 1                 ; 0       ;
;      - AnalyzerSpiSlave:U3_analyzer_spi|response_word_index[9]                                                 ; 1                 ; 0       ;
;      - AnalyzerSpiSlave:U3_analyzer_spi|response_word_index[10]                                                ; 1                 ; 0       ;
;      - AnalyzerSpiSlave:U3_analyzer_spi|response_word_index[11]                                                ; 1                 ; 0       ;
;      - AnalyzerSpiSlave:U3_analyzer_spi|ram_read_address[0]                                                    ; 0                 ; 0       ;
;      - AnalyzerSpiSlave:U3_analyzer_spi|ram_read_address[1]                                                    ; 0                 ; 0       ;
;      - AnalyzerSpiSlave:U3_analyzer_spi|ram_read_address[2]                                                    ; 0                 ; 0       ;
;      - AnalyzerSpiSlave:U3_analyzer_spi|ram_read_address[3]                                                    ; 0                 ; 0       ;
;      - AnalyzerSpiSlave:U3_analyzer_spi|ram_read_address[4]                                                    ; 0                 ; 0       ;
;      - AnalyzerSpiSlave:U3_analyzer_spi|ram_read_address[5]                                                    ; 0                 ; 0       ;
;      - AnalyzerSpiSlave:U3_analyzer_spi|ram_read_address[6]                                                    ; 0                 ; 0       ;
;      - AnalyzerSpiSlave:U3_analyzer_spi|ram_read_address[7]                                                    ; 0                 ; 0       ;
;      - AnalyzerSpiSlave:U3_analyzer_spi|ram_read_address[8]                                                    ; 0                 ; 0       ;
;      - AnalyzerSpiSlave:U3_analyzer_spi|ram_read_address[9]                                                    ; 0                 ; 0       ;
;      - AnalyzerSpiSlave:U3_analyzer_spi|ram_read_address[10]                                                   ; 0                 ; 0       ;
;      - AnalyzerSpiSlave:U3_analyzer_spi|ram_read_address[11]                                                   ; 0                 ; 0       ;
;      - AnalyzerSpiSlave:U3_analyzer_spi|tx_shift[14]                                                           ; 1                 ; 0       ;
;      - AnalyzerSpiSlave:U3_analyzer_spi|tx_shift[11]                                                           ; 1                 ; 0       ;
;      - AnalyzerSpiSlave:U3_analyzer_spi|tx_shift[9]                                                            ; 1                 ; 0       ;
;      - AnalyzerSpiSlave:U3_analyzer_spi|tx_shift[7]                                                            ; 1                 ; 0       ;
;      - AnalyzerSpiSlave:U3_analyzer_spi|tx_shift[5]                                                            ; 1                 ; 0       ;
;      - AnalyzerSpiSlave:U3_analyzer_spi|tx_shift[4]                                                            ; 1                 ; 0       ;
;      - AnalyzerSpiSlave:U3_analyzer_spi|tx_shift[2]                                                            ; 1                 ; 0       ;
;      - AnalyzerSpiSlave:U3_analyzer_spi|request_crc[0]                                                         ; 0                 ; 0       ;
;      - AnalyzerSpiSlave:U3_analyzer_spi|rx_shift[2]                                                            ; 1                 ; 0       ;
;      - AnalyzerSpiSlave:U3_analyzer_spi|request_crc[3]                                                         ; 1                 ; 0       ;
;      - AnalyzerSpiSlave:U3_analyzer_spi|rx_shift[3]                                                            ; 1                 ; 0       ;
;      - AnalyzerSpiSlave:U3_analyzer_spi|request_crc[4]                                                         ; 0                 ; 0       ;
;      - AnalyzerSpiSlave:U3_analyzer_spi|rx_shift[4]                                                            ; 1                 ; 0       ;
;      - AnalyzerSpiSlave:U3_analyzer_spi|request_crc[5]                                                         ; 0                 ; 0       ;
;      - AnalyzerSpiSlave:U3_analyzer_spi|rx_shift[5]                                                            ; 0                 ; 0       ;
;      - AnalyzerSpiSlave:U3_analyzer_spi|request_crc[6]                                                         ; 1                 ; 0       ;
;      - AnalyzerSpiSlave:U3_analyzer_spi|rx_shift[7]                                                            ; 1                 ; 0       ;
;      - AnalyzerSpiSlave:U3_analyzer_spi|request_crc[8]                                                         ; 1                 ; 0       ;
;      - AnalyzerSpiSlave:U3_analyzer_spi|rx_shift[8]                                                            ; 0                 ; 0       ;
;      - AnalyzerSpiSlave:U3_analyzer_spi|request_crc[9]                                                         ; 0                 ; 0       ;
;      - AnalyzerSpiSlave:U3_analyzer_spi|rx_shift[9]                                                            ; 0                 ; 0       ;
;      - AnalyzerSpiSlave:U3_analyzer_spi|request_crc[10]                                                        ; 0                 ; 0       ;
;      - AnalyzerSpiSlave:U3_analyzer_spi|request_sync_valid                                                     ; 0                 ; 0       ;
;      - AnalyzerSpiSlave:U3_analyzer_spi|rx_shift[12]                                                           ; 0                 ; 0       ;
;      - AnalyzerSpiSlave:U3_analyzer_spi|request_crc[13]                                                        ; 0                 ; 0       ;
;      - AnalyzerSpiSlave:U3_analyzer_spi|rx_shift[11]                                                           ; 1                 ; 0       ;
;      - AnalyzerSpiSlave:U3_analyzer_spi|request_crc[12]                                                        ; 1                 ; 0       ;
;      - AnalyzerSpiSlave:U3_analyzer_spi|rx_shift[14]                                                           ; 1                 ; 0       ;
;      - AnalyzerSpiSlave:U3_analyzer_spi|request_crc[15]                                                        ; 0                 ; 0       ;
;      - AnalyzerSpiSlave:U3_analyzer_spi|rx_shift[13]                                                           ; 0                 ; 0       ;
;      - AnalyzerSpiSlave:U3_analyzer_spi|request_crc[14]                                                        ; 0                 ; 0       ;
;      - AnalyzerSpiSlave:U3_analyzer_spi|rx_shift[0]                                                            ; 0                 ; 0       ;
;      - AnalyzerSpiSlave:U3_analyzer_spi|request_crc[1]                                                         ; 1                 ; 0       ;
;      - AnalyzerSpiSlave:U3_analyzer_spi|rx_shift[1]                                                            ; 0                 ; 0       ;
;      - AnalyzerSpiSlave:U3_analyzer_spi|request_crc[2]                                                         ; 1                 ; 0       ;
;      - AnalyzerSpiSlave:U3_analyzer_spi|rx_shift[10]                                                           ; 0                 ; 0       ;
;      - AnalyzerSpiSlave:U3_analyzer_spi|request_crc[11]                                                        ; 1                 ; 0       ;
;      - AnalyzerSpiSlave:U3_analyzer_spi|rx_shift[6]                                                            ; 0                 ; 0       ;
;      - AnalyzerSpiSlave:U3_analyzer_spi|request_crc[7]                                                         ; 1                 ; 0       ;
;      - AnalyzerSpiSlave:U3_analyzer_spi|request_word_index.11                                                  ; 0                 ; 0       ;
;      - AnalyzerSpiSlave:U3_analyzer_spi|rx_bit_count[3]                                                        ; 0                 ; 0       ;
;      - AnalyzerSpiSlave:U3_analyzer_spi|rx_bit_count[2]                                                        ; 0                 ; 0       ;
;      - AnalyzerSpiSlave:U3_analyzer_spi|rx_bit_count[1]                                                        ; 0                 ; 0       ;
;      - AnalyzerSpiSlave:U3_analyzer_spi|rx_bit_count[0]                                                        ; 1                 ; 0       ;
;      - AnalyzerSpiSlave:U3_analyzer_spi|rx_ignore                                                              ; 0                 ; 0       ;
;      - AnalyzerSpiSlave:U3_analyzer_spi|tx_bits_remaining[4]                                                   ; 0                 ; 0       ;
;      - AnalyzerSpiSlave:U3_analyzer_spi|tx_bits_remaining[3]                                                   ; 0                 ; 0       ;
;      - AnalyzerSpiSlave:U3_analyzer_spi|tx_bits_remaining[2]                                                   ; 0                 ; 0       ;
;      - AnalyzerSpiSlave:U3_analyzer_spi|tx_bits_remaining[1]                                                   ; 0                 ; 0       ;
;      - AnalyzerSpiSlave:U3_analyzer_spi|tx_read                                                                ; 1                 ; 0       ;
;      - AnalyzerSpiSlave:U3_analyzer_spi|frame_id_latched[15]                                                   ; 1                 ; 0       ;
;      - AnalyzerSpiSlave:U3_analyzer_spi|otr_count_latched[31]                                                  ; 1                 ; 0       ;
;      - AnalyzerSpiSlave:U3_analyzer_spi|response_crc[15]                                                       ; 1                 ; 0       ;
;      - AnalyzerSpiSlave:U3_analyzer_spi|otr_count_latched[15]                                                  ; 1                 ; 0       ;
;      - AnalyzerSpiSlave:U3_analyzer_spi|request_command[1]                                                     ; 1                 ; 0       ;
;      - AnalyzerSpiSlave:U3_analyzer_spi|request_command[15]                                                    ; 0                 ; 0       ;
;      - AnalyzerSpiSlave:U3_analyzer_spi|request_command[14]                                                    ; 0                 ; 0       ;
;      - AnalyzerSpiSlave:U3_analyzer_spi|request_command[13]                                                    ; 0                 ; 0       ;
;      - AnalyzerSpiSlave:U3_analyzer_spi|request_command[12]                                                    ; 0                 ; 0       ;
;      - AnalyzerSpiSlave:U3_analyzer_spi|request_command[11]                                                    ; 0                 ; 0       ;
;      - AnalyzerSpiSlave:U3_analyzer_spi|request_command[10]                                                    ; 0                 ; 0       ;
;      - AnalyzerSpiSlave:U3_analyzer_spi|request_command[9]                                                     ; 0                 ; 0       ;
;      - AnalyzerSpiSlave:U3_analyzer_spi|request_command[8]                                                     ; 0                 ; 0       ;
;      - AnalyzerSpiSlave:U3_analyzer_spi|request_command[7]                                                     ; 0                 ; 0       ;
;      - AnalyzerSpiSlave:U3_analyzer_spi|request_command[6]                                                     ; 0                 ; 0       ;
;      - AnalyzerSpiSlave:U3_analyzer_spi|request_command[5]                                                     ; 0                 ; 0       ;
;      - AnalyzerSpiSlave:U3_analyzer_spi|request_command[4]                                                     ; 0                 ; 0       ;
;      - AnalyzerSpiSlave:U3_analyzer_spi|request_command[3]                                                     ; 0                 ; 0       ;
;      - AnalyzerSpiSlave:U3_analyzer_spi|request_command[2]                                                     ; 0                 ; 0       ;
;      - AnalyzerSpiSlave:U3_analyzer_spi|request_word_index.00                                                  ; 0                 ; 0       ;
;      - AnalyzerSpiSlave:U3_analyzer_spi|request_word_index.10                                                  ; 0                 ; 0       ;
;      - AnalyzerSpiSlave:U3_analyzer_spi|tx_bits_remaining[0]                                                   ; 0                 ; 0       ;
;      - AnalyzerSpiSlave:U3_analyzer_spi|response_read_latched                                                  ; 1                 ; 0       ;
;      - AnalyzerSpiSlave:U3_analyzer_spi|otr_count_latched[30]                                                  ; 1                 ; 0       ;
;      - AnalyzerSpiSlave:U3_analyzer_spi|frame_id_latched[14]                                                   ; 1                 ; 0       ;
;      - AnalyzerSpiSlave:U3_analyzer_spi|response_crc[14]                                                       ; 1                 ; 0       ;
;      - AnalyzerSpiSlave:U3_analyzer_spi|otr_count_latched[14]                                                  ; 1                 ; 0       ;
;      - AnalyzerSpiSlave:U3_analyzer_spi|tx_shift[13]                                                           ; 1                 ; 0       ;
;      - AnalyzerSpiSlave:U3_analyzer_spi|response_crc[7]                                                        ; 1                 ; 0       ;
;      - AnalyzerSpiSlave:U3_analyzer_spi|response_crc[11]                                                       ; 1                 ; 0       ;
;      - AnalyzerSpiSlave:U3_analyzer_spi|frame_id_latched[11]                                                   ; 1                 ; 0       ;
;      - AnalyzerSpiSlave:U3_analyzer_spi|otr_count_latched[27]                                                  ; 1                 ; 0       ;
;      - AnalyzerSpiSlave:U3_analyzer_spi|otr_count_latched[11]                                                  ; 1                 ; 0       ;
;      - AnalyzerSpiSlave:U3_analyzer_spi|frame_id_latched[10]                                                   ; 1                 ; 0       ;
;      - AnalyzerSpiSlave:U3_analyzer_spi|otr_count_latched[26]                                                  ; 1                 ; 0       ;
;      - AnalyzerSpiSlave:U3_analyzer_spi|response_crc[10]                                                       ; 1                 ; 0       ;
;      - AnalyzerSpiSlave:U3_analyzer_spi|otr_count_latched[10]                                                  ; 1                 ; 0       ;
;      - AnalyzerSpiSlave:U3_analyzer_spi|response_crc[3]                                                        ; 1                 ; 0       ;
;      - AnalyzerSpiSlave:U3_analyzer_spi|otr_count_latched[19]                                                  ; 1                 ; 0       ;
;      - AnalyzerSpiSlave:U3_analyzer_spi|flags_latched[3]                                                       ; 1                 ; 0       ;
;      - AnalyzerSpiSlave:U3_analyzer_spi|frame_id_latched[3]                                                    ; 1                 ; 0       ;
;      - AnalyzerSpiSlave:U3_analyzer_spi|otr_count_latched[3]                                                   ; 1                 ; 0       ;
;      - AnalyzerSpiSlave:U3_analyzer_spi|frame_id_latched[7]                                                    ; 1                 ; 0       ;
;      - AnalyzerSpiSlave:U3_analyzer_spi|otr_count_latched[23]                                                  ; 1                 ; 0       ;
;      - AnalyzerSpiSlave:U3_analyzer_spi|otr_count_latched[7]                                                   ; 1                 ; 0       ;
;      - AnalyzerSpiSlave:U3_analyzer_spi|request_word_index.01                                                  ; 0                 ; 0       ;
;      - AnalyzerSpiSlave:U3_analyzer_spi|arm_toggle                                                             ; 0                 ; 0       ;
;      - AnalyzerSpiSlave:U3_analyzer_spi|ready_sync[1]                                                          ; 0                 ; 0       ;
;      - AnalyzerSpiSlave:U3_analyzer_spi|request_command[0]                                                     ; 1                 ; 0       ;
;      - AnalyzerSpiSlave:U3_analyzer_spi|response_crc[6]                                                        ; 1                 ; 0       ;
;      - AnalyzerSpiSlave:U3_analyzer_spi|otr_count_latched[22]                                                  ; 0                 ; 0       ;
;      - AnalyzerSpiSlave:U3_analyzer_spi|flags_latched[6]                                                       ; 0                 ; 0       ;
;      - AnalyzerSpiSlave:U3_analyzer_spi|frame_id_latched[6]                                                    ; 0                 ; 0       ;
;      - AnalyzerSpiSlave:U3_analyzer_spi|otr_count_latched[6]                                                   ; 0                 ; 0       ;
;      - AnalyzerSpiSlave:U3_analyzer_spi|response_crc[2]                                                        ; 1                 ; 0       ;
;      - AnalyzerSpiSlave:U3_analyzer_spi|otr_count_latched[18]                                                  ; 1                 ; 0       ;
;      - AnalyzerSpiSlave:U3_analyzer_spi|flags_latched[2]                                                       ; 1                 ; 0       ;
;      - AnalyzerSpiSlave:U3_analyzer_spi|frame_id_latched[2]                                                    ; 1                 ; 0       ;
;      - AnalyzerSpiSlave:U3_analyzer_spi|otr_count_latched[2]                                                   ; 1                 ; 0       ;
;      - AnalyzerSpiSlave:U3_analyzer_spi|response_crc[9]                                                        ; 1                 ; 0       ;
;      - AnalyzerSpiSlave:U3_analyzer_spi|otr_count_latched[25]                                                  ; 1                 ; 0       ;
;      - AnalyzerSpiSlave:U3_analyzer_spi|frame_id_latched[9]                                                    ; 1                 ; 0       ;
;      - AnalyzerSpiSlave:U3_analyzer_spi|otr_count_latched[9]                                                   ; 1                 ; 0       ;
;      - AnalyzerSpiSlave:U3_analyzer_spi|tx_shift[12]                                                           ; 1                 ; 0       ;
;      - AnalyzerSpiSlave:U3_analyzer_spi|otr_count_latched[29]                                                  ; 0                 ; 0       ;
;      - AnalyzerSpiSlave:U3_analyzer_spi|frame_id_latched[13]                                                   ; 1                 ; 0       ;
;      - AnalyzerSpiSlave:U3_analyzer_spi|response_crc[13]                                                       ; 1                 ; 0       ;
;      - AnalyzerSpiSlave:U3_analyzer_spi|otr_count_latched[13]                                                  ; 0                 ; 0       ;
;      - AnalyzerSpiSlave:U3_analyzer_spi|response_crc[5]                                                        ; 1                 ; 0       ;
;      - AnalyzerSpiSlave:U3_analyzer_spi|otr_count_latched[21]                                                  ; 1                 ; 0       ;
;      - AnalyzerSpiSlave:U3_analyzer_spi|flags_latched[5]                                                       ; 1                 ; 0       ;
;      - AnalyzerSpiSlave:U3_analyzer_spi|frame_id_latched[5]                                                    ; 1                 ; 0       ;
;      - AnalyzerSpiSlave:U3_analyzer_spi|otr_count_latched[5]                                                   ; 1                 ; 0       ;
;      - AnalyzerSpiSlave:U3_analyzer_spi|ready_sync[0]                                                          ; 0                 ; 0       ;
;      - AnalyzerSpiSlave:U3_analyzer_spi|frame_id_latched[12]                                                   ; 1                 ; 0       ;
;      - AnalyzerSpiSlave:U3_analyzer_spi|otr_count_latched[28]                                                  ; 1                 ; 0       ;
;      - AnalyzerSpiSlave:U3_analyzer_spi|response_crc[12]                                                       ; 1                 ; 0       ;
;      - AnalyzerSpiSlave:U3_analyzer_spi|otr_count_latched[12]                                                  ; 1                 ; 0       ;
;      - AnalyzerSpiSlave:U3_analyzer_spi|otr_count_latched[17]                                                  ; 1                 ; 0       ;
;      - AnalyzerSpiSlave:U3_analyzer_spi|flags_latched[1]                                                       ; 1                 ; 0       ;
;      - AnalyzerSpiSlave:U3_analyzer_spi|frame_id_latched[1]                                                    ; 1                 ; 0       ;
;      - AnalyzerSpiSlave:U3_analyzer_spi|otr_count_latched[1]                                                   ; 1                 ; 0       ;
;      - AnalyzerSpiSlave:U3_analyzer_spi|response_crc[1]                                                        ; 1                 ; 0       ;
;      - AnalyzerSpiSlave:U3_analyzer_spi|status_sync_2[2]                                                       ; 0                 ; 0       ;
;      - AnalyzerSpiSlave:U3_analyzer_spi|response_crc[8]                                                        ; 1                 ; 0       ;
;      - AnalyzerSpiSlave:U3_analyzer_spi|response_crc[4]                                                        ; 1                 ; 0       ;
;      - AnalyzerSpiSlave:U3_analyzer_spi|otr_count_latched[20]                                                  ; 0                 ; 0       ;
;      - AnalyzerSpiSlave:U3_analyzer_spi|flags_latched[4]                                                       ; 1                 ; 0       ;
;      - AnalyzerSpiSlave:U3_analyzer_spi|frame_id_latched[4]                                                    ; 0                 ; 0       ;
;      - AnalyzerSpiSlave:U3_analyzer_spi|otr_count_latched[4]                                                   ; 0                 ; 0       ;
;      - AnalyzerSpiSlave:U3_analyzer_spi|otr_count_latched[24]                                                  ; 1                 ; 0       ;
;      - AnalyzerSpiSlave:U3_analyzer_spi|frame_id_latched[8]                                                    ; 1                 ; 0       ;
;      - AnalyzerSpiSlave:U3_analyzer_spi|otr_count_latched[8]                                                   ; 1                 ; 0       ;
;      - AnalyzerSpiSlave:U3_analyzer_spi|response_crc[0]                                                        ; 1                 ; 0       ;
;      - AnalyzerSpiSlave:U3_analyzer_spi|otr_count_latched[16]                                                  ; 0                 ; 0       ;
;      - AnalyzerSpiSlave:U3_analyzer_spi|flags_latched[0]                                                       ; 0                 ; 0       ;
;      - AnalyzerSpiSlave:U3_analyzer_spi|frame_id_latched[0]                                                    ; 0                 ; 0       ;
;      - AnalyzerSpiSlave:U3_analyzer_spi|otr_count_latched[0]                                                   ; 0                 ; 0       ;
;      - AnalyzerSpiSlave:U3_analyzer_spi|status_sync_2[3]                                                       ; 0                 ; 0       ;
;      - AnalyzerSpiSlave:U3_analyzer_spi|status_sync_2[1]                                                       ; 1                 ; 0       ;
;      - AnalyzerSpiSlave:U3_analyzer_spi|status_sync_1[2]                                                       ; 0                 ; 0       ;
;      - AnalyzerSpiSlave:U3_analyzer_spi|tx_shift[10]                                                           ; 1                 ; 0       ;
;      - AnalyzerSpiSlave:U3_analyzer_spi|status_sync_2[0]                                                       ; 0                 ; 0       ;
;      - AnalyzerSpiSlave:U3_analyzer_spi|status_sync_1[3]                                                       ; 0                 ; 0       ;
;      - AnalyzerSpiSlave:U3_analyzer_spi|status_sync_1[1]                                                       ; 0                 ; 0       ;
;      - AnalyzerSpiSlave:U3_analyzer_spi|status_sync_0[2]                                                       ; 0                 ; 0       ;
;      - AnalyzerSpiSlave:U3_analyzer_spi|status_sync_1[0]                                                       ; 0                 ; 0       ;
;      - AnalyzerSpiSlave:U3_analyzer_spi|status_sync_0[3]                                                       ; 0                 ; 0       ;
;      - AnalyzerSpiSlave:U3_analyzer_spi|status_sync_0[1]                                                       ; 0                 ; 0       ;
;      - AnalyzerSpiSlave:U3_analyzer_spi|tx_shift[8]                                                            ; 1                 ; 0       ;
;      - AnalyzerSpiSlave:U3_analyzer_spi|status_sync_0[0]                                                       ; 0                 ; 0       ;
;      - AnalyzerSpiSlave:U3_analyzer_spi|tx_shift[6]                                                            ; 1                 ; 0       ;
;      - AnalyzerSpiSlave:U3_analyzer_spi|tx_shift[3]                                                            ; 1                 ; 0       ;
;      - AnalyzerSpiSlave:U3_analyzer_spi|tx_shift[1]                                                            ; 1                 ; 0       ;
;      - AnalyzerSpiSlave:U3_analyzer_spi|tx_shift[0]                                                            ; 0                 ; 0       ;
; mcu_uart_rx                                                                                                    ;                   ;         ;
;      - AnalyzerSpiSlave:U3_analyzer_spi|spi_miso~1                                                             ; 0                 ; 6       ;
;      - AnalyzerSpiSlave:U3_analyzer_spi|arm_toggle~0                                                           ; 0                 ; 6       ;
;      - AnalyzerSpiSlave:U3_analyzer_spi|tx_shift[15]~11                                                        ; 0                 ; 6       ;
;      - AnalyzerSpiSlave:U3_analyzer_spi|response_seen~0                                                        ; 0                 ; 6       ;
;      - AnalyzerSpiSlave:U3_analyzer_spi|response_crc[15]~15                                                    ; 0                 ; 6       ;
;      - AnalyzerSpiSlave:U3_analyzer_spi|request_command[15]~0                                                  ; 0                 ; 6       ;
;      - AnalyzerSpiSlave:U3_analyzer_spi|tx_shift[0]~21                                                         ; 0                 ; 6       ;
;      - AnalyzerSpiSlave:U3_analyzer_spi|tx_shift[0]~22                                                         ; 0                 ; 6       ;
;      - AnalyzerSpiSlave:U3_analyzer_spi|crc_error_count[15]~48                                                 ; 0                 ; 6       ;
;      - AnalyzerSpiSlave:U3_analyzer_spi|response_word_index[12]~41                                             ; 0                 ; 6       ;
; rstn                                                                                                           ;                   ;         ;
; clk                                                                                                            ;                   ;         ;
; adc_data_i[0]                                                                                                  ;                   ;         ;
; adc_data_i[1]                                                                                                  ;                   ;         ;
; adc_data_i[2]                                                                                                  ;                   ;         ;
; adc_data_i[3]                                                                                                  ;                   ;         ;
; adc_data_i[4]                                                                                                  ;                   ;         ;
; adc_data_i[5]                                                                                                  ;                   ;         ;
; adc_data_i[6]                                                                                                  ;                   ;         ;
; adc_data_i[7]                                                                                                  ;                   ;         ;
; adc_data_i[8]                                                                                                  ;                   ;         ;
; adc_data_i[9]                                                                                                  ;                   ;         ;
; adc_data_i[10]                                                                                                 ;                   ;         ;
; adc_data_i[11]                                                                                                 ;                   ;         ;
; adc_otr_i                                                                                                      ;                   ;         ;
; mcu_spi_mosi                                                                                                   ;                   ;         ;
;      - AnalyzerSpiSlave:U3_analyzer_spi|always1~0                                                              ; 1                 ; 6       ;
;      - AnalyzerSpiSlave:U3_analyzer_spi|rx_shift[0]                                                            ; 1                 ; 6       ;
;      - AnalyzerSpiSlave:U3_analyzer_spi|crc16_word~4                                                           ; 1                 ; 6       ;
;      - AnalyzerSpiSlave:U3_analyzer_spi|crc16_word~5                                                           ; 1                 ; 6       ;
;      - AnalyzerSpiSlave:U3_analyzer_spi|request_sync_valid~1                                                   ; 1                 ; 6       ;
;      - AnalyzerSpiSlave:U3_analyzer_spi|request_command[0]~feeder                                              ; 1                 ; 6       ;
+----------------------------------------------------------------------------------------------------------------+-------------------+---------+


+---------------------------------------------------------------------------------------------------------------------------------------------------------------------------------------------------------------------------------------------------------------------------+
; Control Signals                                                                                                                                                                                                                                                           ;
+--------------------------------------------------------------------------------------------------------------------------------+--------------------+---------+----------------------------+--------+----------------------+------------------+---------------------------+
; Name                                                                                                                           ; Location           ; Fan-Out ; Usage                      ; Global ; Global Resource Used ; Global Line Name ; Enable Signal Source Name ;
+--------------------------------------------------------------------------------------------------------------------------------+--------------------+---------+----------------------------+--------+----------------------+------------------+---------------------------+
; Ad9233FrameCapture:U2_frame_capture|Ad9233MultistageDecimator:anti_alias_fir|FirDecimatingStage:stage1|Equal11~0               ; LCCOMB_X19_Y22_N2  ; 21      ; Sync. load                 ; no     ; --                   ; --               ; --                        ;
; Ad9233FrameCapture:U2_frame_capture|Ad9233MultistageDecimator:anti_alias_fir|FirDecimatingStage:stage1|history[6][12]~0        ; LCCOMB_X13_Y22_N18 ; 182     ; Clock enable               ; no     ; --                   ; --               ; --                        ;
; Ad9233FrameCapture:U2_frame_capture|Ad9233MultistageDecimator:anti_alias_fir|FirDecimatingStage:stage1|issue_batch[5]~0        ; LCCOMB_X16_Y22_N8  ; 43      ; Clock enable               ; no     ; --                   ; --               ; --                        ;
; Ad9233FrameCapture:U2_frame_capture|Ad9233MultistageDecimator:anti_alias_fir|FirDecimatingStage:stage1|operand_valid           ; FF_X16_Y22_N9      ; 99      ; Clock enable               ; no     ; --                   ; --               ; --                        ;
; Ad9233FrameCapture:U2_frame_capture|Ad9233MultistageDecimator:anti_alias_fir|FirDecimatingStage:stage1|overrun_count[15]~15    ; LCCOMB_X12_Y22_N4  ; 16      ; Clock enable               ; no     ; --                   ; --               ; --                        ;
; Ad9233FrameCapture:U2_frame_capture|Ad9233MultistageDecimator:anti_alias_fir|FirDecimatingStage:stage1|product_valid           ; FF_X24_Y21_N9      ; 40      ; Clock enable               ; no     ; --                   ; --               ; --                        ;
; Ad9233FrameCapture:U2_frame_capture|Ad9233MultistageDecimator:anti_alias_fir|FirDecimatingStage:stage1|result_pipe[20]~0       ; LCCOMB_X24_Y21_N18 ; 43      ; Clock enable               ; no     ; --                   ; --               ; --                        ;
; Ad9233FrameCapture:U2_frame_capture|Ad9233MultistageDecimator:anti_alias_fir|FirDecimatingStage:stage1|result_valid            ; FF_X24_Y21_N19     ; 19      ; Clock enable               ; no     ; --                   ; --               ; --                        ;
; Ad9233FrameCapture:U2_frame_capture|Ad9233MultistageDecimator:anti_alias_fir|FirDecimatingStage:stage1|sample_valid_out        ; FF_X9_Y10_N25      ; 9       ; Clock enable               ; no     ; --                   ; --               ; --                        ;
; Ad9233FrameCapture:U2_frame_capture|Ad9233MultistageDecimator:anti_alias_fir|FirDecimatingStage:stage1|saturation_count[15]~30 ; LCCOMB_X25_Y17_N4  ; 16      ; Clock enable               ; no     ; --                   ; --               ; --                        ;
; Ad9233FrameCapture:U2_frame_capture|Ad9233MultistageDecimator:anti_alias_fir|FirDecimatingStage:stage1|snapshot[11][16]~1      ; LCCOMB_X13_Y22_N24 ; 195     ; Clock enable               ; no     ; --                   ; --               ; --                        ;
; Ad9233FrameCapture:U2_frame_capture|Ad9233MultistageDecimator:anti_alias_fir|FirDecimatingStage:stage1|warmup_count[5]~8       ; LCCOMB_X13_Y22_N28 ; 5       ; Clock enable               ; no     ; --                   ; --               ; --                        ;
; Ad9233FrameCapture:U2_frame_capture|Ad9233MultistageDecimator:anti_alias_fir|FirDecimatingStage:stage2|Equal16~0               ; LCCOMB_X16_Y5_N10  ; 19      ; Sync. load                 ; no     ; --                   ; --               ; --                        ;
; Ad9233FrameCapture:U2_frame_capture|Ad9233MultistageDecimator:anti_alias_fir|FirDecimatingStage:stage2|always0~0               ; LCCOMB_X9_Y10_N28  ; 47      ; Clock enable               ; no     ; --                   ; --               ; --                        ;
; Ad9233FrameCapture:U2_frame_capture|Ad9233MultistageDecimator:anti_alias_fir|FirDecimatingStage:stage2|issue_batch[0]~2        ; LCCOMB_X12_Y6_N4   ; 5       ; Clock enable               ; no     ; --                   ; --               ; --                        ;
; Ad9233FrameCapture:U2_frame_capture|Ad9233MultistageDecimator:anti_alias_fir|FirDecimatingStage:stage2|issue_batch[5]~0        ; LCCOMB_X12_Y6_N24  ; 43      ; Clock enable               ; no     ; --                   ; --               ; --                        ;
; Ad9233FrameCapture:U2_frame_capture|Ad9233MultistageDecimator:anti_alias_fir|FirDecimatingStage:stage2|operand_valid           ; FF_X12_Y6_N25      ; 39      ; Clock enable               ; no     ; --                   ; --               ; --                        ;
; Ad9233FrameCapture:U2_frame_capture|Ad9233MultistageDecimator:anti_alias_fir|FirDecimatingStage:stage2|overrun_count[15]~15    ; LCCOMB_X10_Y18_N4  ; 16      ; Clock enable               ; no     ; --                   ; --               ; --                        ;
; Ad9233FrameCapture:U2_frame_capture|Ad9233MultistageDecimator:anti_alias_fir|FirDecimatingStage:stage2|product_valid           ; FF_X17_Y5_N1       ; 44      ; Clock enable               ; no     ; --                   ; --               ; --                        ;
; Ad9233FrameCapture:U2_frame_capture|Ad9233MultistageDecimator:anti_alias_fir|FirDecimatingStage:stage2|result_valid            ; FF_X9_Y10_N29      ; 19      ; Clock enable               ; no     ; --                   ; --               ; --                        ;
; Ad9233FrameCapture:U2_frame_capture|Ad9233MultistageDecimator:anti_alias_fir|FirDecimatingStage:stage2|sample_valid_out        ; FF_X13_Y12_N17     ; 10      ; Clock enable               ; no     ; --                   ; --               ; --                        ;
; Ad9233FrameCapture:U2_frame_capture|Ad9233MultistageDecimator:anti_alias_fir|FirDecimatingStage:stage2|saturation_count[15]~25 ; LCCOMB_X13_Y8_N6   ; 16      ; Clock enable               ; no     ; --                   ; --               ; --                        ;
; Ad9233FrameCapture:U2_frame_capture|Ad9233MultistageDecimator:anti_alias_fir|FirDecimatingStage:stage2|snapshot[15][10]~2      ; LCCOMB_X8_Y9_N18   ; 409     ; Clock enable               ; no     ; --                   ; --               ; --                        ;
; Ad9233FrameCapture:U2_frame_capture|Ad9233MultistageDecimator:anti_alias_fir|FirDecimatingStage:stage2|snapshot[23][16]~3      ; LCCOMB_X9_Y10_N30  ; 425     ; Clock enable               ; no     ; --                   ; --               ; --                        ;
; Ad9233FrameCapture:U2_frame_capture|Ad9233MultistageDecimator:anti_alias_fir|FirDecimatingStage:stage2|warmup_count[5]~16      ; LCCOMB_X9_Y10_N20  ; 6       ; Clock enable               ; no     ; --                   ; --               ; --                        ;
; Ad9233FrameCapture:U2_frame_capture|Ad9233MultistageDecimator:anti_alias_fir|FirDecimatingStage:stage3|Equal22~2               ; LCCOMB_X21_Y12_N8  ; 21      ; Sync. load                 ; no     ; --                   ; --               ; --                        ;
; Ad9233FrameCapture:U2_frame_capture|Ad9233MultistageDecimator:anti_alias_fir|FirDecimatingStage:stage3|always0~0               ; LCCOMB_X16_Y15_N16 ; 48      ; Clock enable               ; no     ; --                   ; --               ; --                        ;
; Ad9233FrameCapture:U2_frame_capture|Ad9233MultistageDecimator:anti_alias_fir|FirDecimatingStage:stage3|always0~1               ; LCCOMB_X25_Y13_N10 ; 39      ; Clock enable               ; no     ; --                   ; --               ; --                        ;
; Ad9233FrameCapture:U2_frame_capture|Ad9233MultistageDecimator:anti_alias_fir|FirDecimatingStage:stage3|issue_batch[2]~4        ; LCCOMB_X25_Y13_N0  ; 5       ; Clock enable               ; no     ; --                   ; --               ; --                        ;
; Ad9233FrameCapture:U2_frame_capture|Ad9233MultistageDecimator:anti_alias_fir|FirDecimatingStage:stage3|operand_valid           ; FF_X25_Y13_N11     ; 3       ; Clock enable               ; no     ; --                   ; --               ; --                        ;
; Ad9233FrameCapture:U2_frame_capture|Ad9233MultistageDecimator:anti_alias_fir|FirDecimatingStage:stage3|overrun_count[15]~16    ; LCCOMB_X25_Y13_N16 ; 16      ; Clock enable               ; no     ; --                   ; --               ; --                        ;
; Ad9233FrameCapture:U2_frame_capture|Ad9233MultistageDecimator:anti_alias_fir|FirDecimatingStage:stage3|product_valid           ; FF_X17_Y16_N25     ; 43      ; Clock enable               ; no     ; --                   ; --               ; --                        ;
; Ad9233FrameCapture:U2_frame_capture|Ad9233MultistageDecimator:anti_alias_fir|FirDecimatingStage:stage3|result_valid            ; FF_X16_Y15_N17     ; 19      ; Clock enable               ; no     ; --                   ; --               ; --                        ;
; Ad9233FrameCapture:U2_frame_capture|Ad9233MultistageDecimator:anti_alias_fir|FirDecimatingStage:stage3|sample_valid_out        ; FF_X14_Y14_N9      ; 13      ; Clock enable               ; no     ; --                   ; --               ; --                        ;
; Ad9233FrameCapture:U2_frame_capture|Ad9233MultistageDecimator:anti_alias_fir|FirDecimatingStage:stage3|saturation_count[15]~27 ; LCCOMB_X13_Y16_N22 ; 16      ; Clock enable               ; no     ; --                   ; --               ; --                        ;
; Ad9233FrameCapture:U2_frame_capture|Ad9233MultistageDecimator:anti_alias_fir|FirDecimatingStage:stage3|snapshot[28][13]~1      ; LCCOMB_X13_Y12_N6  ; 647     ; Clock enable               ; no     ; --                   ; --               ; --                        ;
; Ad9233FrameCapture:U2_frame_capture|Ad9233MultistageDecimator:anti_alias_fir|FirDecimatingStage:stage3|warmup_count[5]~16      ; LCCOMB_X14_Y12_N6  ; 6       ; Clock enable               ; no     ; --                   ; --               ; --                        ;
; Ad9233FrameCapture:U2_frame_capture|always0~0                                                                                  ; LCCOMB_X9_Y22_N22  ; 49      ; Sync. clear                ; no     ; --                   ; --               ; --                        ;
; Ad9233FrameCapture:U2_frame_capture|frame_id[15]~45                                                                            ; LCCOMB_X9_Y22_N30  ; 15      ; Clock enable               ; no     ; --                   ; --               ; --                        ;
; Ad9233FrameCapture:U2_frame_capture|otr_count[25]~96                                                                           ; LCCOMB_X9_Y22_N6   ; 32      ; Clock enable               ; no     ; --                   ; --               ; --                        ;
; Ad9233FrameCapture:U2_frame_capture|write_address[10]~14                                                                       ; LCCOMB_X9_Y22_N10  ; 8       ; Clock enable, Write enable ; no     ; --                   ; --               ; --                        ;
; Ad9233FrameCapture:U2_frame_capture|write_address[10]~39                                                                       ; LCCOMB_X9_Y22_N24  ; 12      ; Clock enable               ; no     ; --                   ; --               ; --                        ;
; Ad9233Pll62m5:U0_adc_pll62m5_inst|altpll:altpll_component|Ad9233Pll62m5_altpll:auto_generated|wire_pll1_locked                 ; PLL_1              ; 2       ; Clock                      ; no     ; --                   ; --               ; --                        ;
; Ad9233SpiInit:U1_ad9233_spi_init|Selector37~1                                                                                  ; LCCOMB_X6_Y4_N4    ; 13      ; Clock enable               ; no     ; --                   ; --               ; --                        ;
; Ad9233SpiInit:U1_ad9233_spi_init|WideOr3                                                                                       ; LCCOMB_X7_Y2_N8    ; 10      ; Clock enable               ; no     ; --                   ; --               ; --                        ;
; Ad9233SpiInit:U1_ad9233_spi_init|bit_index[4]~0                                                                                ; LCCOMB_X6_Y4_N2    ; 14      ; Clock enable               ; no     ; --                   ; --               ; --                        ;
; Ad9233SpiInit:U1_ad9233_spi_init|half_count[4]~10                                                                              ; LCCOMB_X4_Y4_N4    ; 8       ; Sync. clear                ; no     ; --                   ; --               ; --                        ;
; Ad9233SpiInit:U1_ad9233_spi_init|startup_count[22]~26                                                                          ; LCCOMB_X7_Y1_N14   ; 24      ; Sync. clear                ; no     ; --                   ; --               ; --                        ;
; Ad9233SpiInit:U1_ad9233_spi_init|state.STATE_GAP                                                                               ; FF_X5_Y4_N25       ; 8       ; Sync. load                 ; no     ; --                   ; --               ; --                        ;
; Ad9233SpiInit:U1_ad9233_spi_init|state.STATE_HIGH                                                                              ; FF_X4_Y4_N3        ; 38      ; Sync. load                 ; no     ; --                   ; --               ; --                        ;
; Ad9233SpiInit:U1_ad9233_spi_init|state.STATE_WAIT                                                                              ; FF_X7_Y2_N7        ; 31      ; Clock enable               ; no     ; --                   ; --               ; --                        ;
; AnalyzerSpiSlave:U3_analyzer_spi|LessThan0~0                                                                                   ; LCCOMB_X9_Y18_N22  ; 25      ; Sync. load                 ; no     ; --                   ; --               ; --                        ;
; AnalyzerSpiSlave:U3_analyzer_spi|always2~3                                                                                     ; LCCOMB_X7_Y19_N16  ; 55      ; Sync. clear, Sync. load    ; no     ; --                   ; --               ; --                        ;
; AnalyzerSpiSlave:U3_analyzer_spi|crc_error_count[15]~48                                                                        ; LCCOMB_X8_Y22_N28  ; 15      ; Clock enable               ; no     ; --                   ; --               ; --                        ;
; AnalyzerSpiSlave:U3_analyzer_spi|ram_read_address[5]~14                                                                        ; LCCOMB_X11_Y21_N0  ; 12      ; Clock enable               ; no     ; --                   ; --               ; --                        ;
; AnalyzerSpiSlave:U3_analyzer_spi|request_command[15]~0                                                                         ; LCCOMB_X6_Y22_N12  ; 16      ; Clock enable               ; no     ; --                   ; --               ; --                        ;
; AnalyzerSpiSlave:U3_analyzer_spi|request_crc[15]~1                                                                             ; LCCOMB_X8_Y22_N12  ; 16      ; Clock enable               ; no     ; --                   ; --               ; --                        ;
; AnalyzerSpiSlave:U3_analyzer_spi|request_crc[5]~0                                                                              ; LCCOMB_X8_Y22_N16  ; 7       ; Clock enable               ; no     ; --                   ; --               ; --                        ;
; AnalyzerSpiSlave:U3_analyzer_spi|response_crc[15]~15                                                                           ; LCCOMB_X7_Y21_N18  ; 16      ; Clock enable               ; no     ; --                   ; --               ; --                        ;
; AnalyzerSpiSlave:U3_analyzer_spi|response_seen~0                                                                               ; LCCOMB_X7_Y21_N24  ; 2       ; Clock enable               ; no     ; --                   ; --               ; --                        ;
; AnalyzerSpiSlave:U3_analyzer_spi|response_toggle~0                                                                             ; LCCOMB_X6_Y22_N20  ; 57      ; Clock enable               ; no     ; --                   ; --               ; --                        ;
; AnalyzerSpiSlave:U3_analyzer_spi|response_word_index[12]~41                                                                    ; LCCOMB_X7_Y21_N28  ; 13      ; Clock enable               ; no     ; --                   ; --               ; --                        ;
; AnalyzerSpiSlave:U3_analyzer_spi|rx_ignore                                                                                     ; FF_X8_Y22_N23      ; 23      ; Clock enable               ; no     ; --                   ; --               ; --                        ;
; AnalyzerSpiSlave:U3_analyzer_spi|spi_miso~1                                                                                    ; LCCOMB_X8_Y17_N24  ; 60      ; Async. clear               ; yes    ; Global Clock         ; GCLK2            ; --                        ;
; AnalyzerSpiSlave:U3_analyzer_spi|tx_bits_remaining[3]~10                                                                       ; LCCOMB_X9_Y18_N4   ; 4       ; Clock enable               ; no     ; --                   ; --               ; --                        ;
; AnalyzerSpiSlave:U3_analyzer_spi|tx_shift[15]~11                                                                               ; LCCOMB_X8_Y17_N2   ; 15      ; Clock enable               ; no     ; --                   ; --               ; --                        ;
; adc_cfg_done_dco_sync[1]                                                                                                       ; FF_X13_Y22_N17     ; 15      ; Clock enable               ; no     ; --                   ; --               ; --                        ;
; adc_dco_i                                                                                                                      ; PIN_G2             ; 3329    ; Clock                      ; yes    ; Global Clock         ; GCLK0            ; --                        ;
; clk                                                                                                                            ; PIN_M2             ; 2       ; Clock                      ; no     ; --                   ; --               ; --                        ;
; clk                                                                                                                            ; PIN_M2             ; 75      ; Clock                      ; yes    ; Global Clock         ; GCLK1            ; --                        ;
; mcu_spi_sck                                                                                                                    ; PIN_E6             ; 217     ; Clock                      ; no     ; --                   ; --               ; --                        ;
; rstn                                                                                                                           ; PIN_M1             ; 1037    ; Async. clear               ; yes    ; Global Clock         ; GCLK3            ; --                        ;
+--------------------------------------------------------------------------------------------------------------------------------+--------------------+---------+----------------------------+--------+----------------------+------------------+---------------------------+


+-----------------------------------------------------------------------------------------------------------------------------------------------------------------------------------------------------------------------------------------------------------+
; Global & Other Fast Signals                                                                                                                                                                                                                               ;
+----------------------------------------------------------------------------------------------------------------+-------------------+---------+--------------------------------------+----------------------+------------------+---------------------------+
; Name                                                                                                           ; Location          ; Fan-Out ; Fan-Out Using Intentional Clock Skew ; Global Resource Used ; Global Line Name ; Enable Signal Source Name ;
+----------------------------------------------------------------------------------------------------------------+-------------------+---------+--------------------------------------+----------------------+------------------+---------------------------+
; Ad9233Pll62m5:U0_adc_pll62m5_inst|altpll:altpll_component|Ad9233Pll62m5_altpll:auto_generated|wire_pll1_clk[0] ; PLL_1             ; 1       ; 0                                    ; Global Clock         ; GCLK4            ; --                        ;
; AnalyzerSpiSlave:U3_analyzer_spi|spi_miso~1                                                                    ; LCCOMB_X8_Y17_N24 ; 60      ; 0                                    ; Global Clock         ; GCLK2            ; --                        ;
; adc_dco_i                                                                                                      ; PIN_G2            ; 3329    ; 0                                    ; Global Clock         ; GCLK0            ; --                        ;
; clk                                                                                                            ; PIN_M2            ; 75      ; 0                                    ; Global Clock         ; GCLK1            ; --                        ;
; rstn                                                                                                           ; PIN_M1            ; 1037    ; 0                                    ; Global Clock         ; GCLK3            ; --                        ;
+----------------------------------------------------------------------------------------------------------------+-------------------+---------+--------------------------------------+----------------------+------------------+---------------------------+


+------------------------------------------------------------------------------------------------------------------------------------------+
; Non-Global High Fan-Out Signals                                                                                                          ;
+--------------------------------------------------------------------------------------------------------------------------------+---------+
; Name                                                                                                                           ; Fan-Out ;
+--------------------------------------------------------------------------------------------------------------------------------+---------+
; Ad9233FrameCapture:U2_frame_capture|Ad9233MultistageDecimator:anti_alias_fir|FirDecimatingStage:stage3|snapshot[37][0]~2       ; 663     ;
; Ad9233FrameCapture:U2_frame_capture|Ad9233MultistageDecimator:anti_alias_fir|FirDecimatingStage:stage3|snapshot[28][13]~1      ; 647     ;
; Ad9233FrameCapture:U2_frame_capture|Ad9233MultistageDecimator:anti_alias_fir|FirDecimatingStage:stage2|snapshot[23][16]~3      ; 425     ;
; Ad9233FrameCapture:U2_frame_capture|Ad9233MultistageDecimator:anti_alias_fir|FirDecimatingStage:stage2|snapshot[15][10]~2      ; 409     ;
; Ad9233FrameCapture:U2_frame_capture|Ad9233MultistageDecimator:anti_alias_fir|FirDecimatingStage:stage3|issue_batch[1]          ; 317     ;
; Ad9233FrameCapture:U2_frame_capture|Ad9233MultistageDecimator:anti_alias_fir|FirDecimatingStage:stage3|issue_batch[3]          ; 311     ;
; Ad9233FrameCapture:U2_frame_capture|Ad9233MultistageDecimator:anti_alias_fir|FirDecimatingStage:stage3|issue_batch[2]          ; 310     ;
; Ad9233FrameCapture:U2_frame_capture|Ad9233MultistageDecimator:anti_alias_fir|FirDecimatingStage:stage3|issue_batch[0]          ; 307     ;
; mcu_spi_sck~input                                                                                                              ; 217     ;
; Ad9233FrameCapture:U2_frame_capture|Ad9233MultistageDecimator:anti_alias_fir|FirDecimatingStage:stage2|issue_batch[0]          ; 204     ;
; Ad9233FrameCapture:U2_frame_capture|Ad9233MultistageDecimator:anti_alias_fir|FirDecimatingStage:stage1|snapshot[11][16]~1      ; 195     ;
; Ad9233FrameCapture:U2_frame_capture|Ad9233MultistageDecimator:anti_alias_fir|FirDecimatingStage:stage2|issue_batch[1]          ; 190     ;
; Ad9233FrameCapture:U2_frame_capture|Ad9233MultistageDecimator:anti_alias_fir|FirDecimatingStage:stage1|history[6][12]~0        ; 182     ;
; Ad9233FrameCapture:U2_frame_capture|Ad9233MultistageDecimator:anti_alias_fir|FirDecimatingStage:stage1|issue_batch[1]          ; 149     ;
; Ad9233FrameCapture:U2_frame_capture|Ad9233MultistageDecimator:anti_alias_fir|FirDecimatingStage:stage1|issue_batch[0]          ; 147     ;
; Ad9233FrameCapture:U2_frame_capture|Ad9233MultistageDecimator:anti_alias_fir|FirDecimatingStage:stage2|issue_batch[2]          ; 143     ;
; Ad9233FrameCapture:U2_frame_capture|Ad9233MultistageDecimator:anti_alias_fir|FirDecimatingStage:stage1|operand_valid           ; 99      ;
; Ad9233FrameCapture:U2_frame_capture|Ad9233MultistageDecimator:anti_alias_fir|FirDecimatingStage:stage3|issue_batch[5]          ; 88      ;
; Ad9233FrameCapture:U2_frame_capture|Ad9233MultistageDecimator:anti_alias_fir|FirDecimatingStage:stage3|issue_batch[4]          ; 63      ;
; AnalyzerSpiSlave:U3_analyzer_spi|response_toggle~0                                                                             ; 57      ;
; AnalyzerSpiSlave:U3_analyzer_spi|always2~3                                                                                     ; 55      ;
; Ad9233FrameCapture:U2_frame_capture|Ad9233MultistageDecimator:anti_alias_fir|FirDecimatingStage:stage3|Mux27~1                 ; 51      ;
; Ad9233FrameCapture:U2_frame_capture|Ad9233MultistageDecimator:anti_alias_fir|FirDecimatingStage:stage3|Mux27~0                 ; 51      ;
; Ad9233FrameCapture:U2_frame_capture|always0~0                                                                                  ; 49      ;
; Ad9233FrameCapture:U2_frame_capture|Ad9233MultistageDecimator:anti_alias_fir|FirDecimatingStage:stage3|always0~0               ; 48      ;
; Ad9233FrameCapture:U2_frame_capture|Ad9233MultistageDecimator:anti_alias_fir|FirDecimatingStage:stage2|always0~0               ; 47      ;
; Ad9233FrameCapture:U2_frame_capture|Ad9233MultistageDecimator:anti_alias_fir|FirDecimatingStage:stage2|product_last            ; 44      ;
; Ad9233FrameCapture:U2_frame_capture|Ad9233MultistageDecimator:anti_alias_fir|FirDecimatingStage:stage2|product_valid           ; 44      ;
; Ad9233FrameCapture:U2_frame_capture|Ad9233MultistageDecimator:anti_alias_fir|FirDecimatingStage:stage1|issue_batch[5]~0        ; 43      ;
; Ad9233FrameCapture:U2_frame_capture|Ad9233MultistageDecimator:anti_alias_fir|FirDecimatingStage:stage2|issue_batch[5]~0        ; 43      ;
; Ad9233FrameCapture:U2_frame_capture|Ad9233MultistageDecimator:anti_alias_fir|FirDecimatingStage:stage1|result_pipe[20]~0       ; 43      ;
; Ad9233FrameCapture:U2_frame_capture|Ad9233MultistageDecimator:anti_alias_fir|FirDecimatingStage:stage3|product_last            ; 43      ;
; Ad9233FrameCapture:U2_frame_capture|Ad9233MultistageDecimator:anti_alias_fir|FirDecimatingStage:stage3|product_valid           ; 43      ;
; Ad9233FrameCapture:U2_frame_capture|Ad9233MultistageDecimator:anti_alias_fir|FirDecimatingStage:stage2|issue_batch[3]          ; 41      ;
; Ad9233FrameCapture:U2_frame_capture|Ad9233MultistageDecimator:anti_alias_fir|FirDecimatingStage:stage1|product_last            ; 40      ;
; Ad9233FrameCapture:U2_frame_capture|Ad9233MultistageDecimator:anti_alias_fir|FirDecimatingStage:stage1|product_valid           ; 40      ;
; Ad9233FrameCapture:U2_frame_capture|Ad9233MultistageDecimator:anti_alias_fir|FirDecimatingStage:stage3|always0~1               ; 39      ;
; Ad9233FrameCapture:U2_frame_capture|Ad9233MultistageDecimator:anti_alias_fir|FirDecimatingStage:stage2|operand_valid           ; 39      ;
; Ad9233SpiInit:U1_ad9233_spi_init|state.STATE_HIGH                                                                              ; 38      ;
; Ad9233FrameCapture:U2_frame_capture|Ad9233MultistageDecimator:anti_alias_fir|FirDecimatingStage:stage1|Equal9~1                ; 35      ;
; Ad9233FrameCapture:U2_frame_capture|otr_count[25]~96                                                                           ; 32      ;
; Ad9233FrameCapture:U2_frame_capture|Ad9233MultistageDecimator:anti_alias_fir|FirDecimatingStage:stage1|Equal11~0               ; 32      ;
; Ad9233FrameCapture:U2_frame_capture|Ad9233MultistageDecimator:anti_alias_fir|FirDecimatingStage:stage2|Equal10~0               ; 31      ;
; Ad9233SpiInit:U1_ad9233_spi_init|state.STATE_WAIT                                                                              ; 31      ;
; Ad9233FrameCapture:U2_frame_capture|Ad9233MultistageDecimator:anti_alias_fir|FirDecimatingStage:stage1|result_pipe[41]         ; 30      ;
; AnalyzerSpiSlave:U3_analyzer_spi|response_word_index[0]                                                                        ; 30      ;
; Ad9233FrameCapture:U2_frame_capture|Ad9233MultistageDecimator:anti_alias_fir|FirDecimatingStage:stage2|result_pipe[41]         ; 28      ;
; Ad9233FrameCapture:U2_frame_capture|Ad9233MultistageDecimator:anti_alias_fir|FirDecimatingStage:stage3|result_pipe[41]         ; 28      ;
; Ad9233FrameCapture:U2_frame_capture|Ad9233MultistageDecimator:anti_alias_fir|FirDecimatingStage:stage2|Add3~0                  ; 26      ;
; Ad9233FrameCapture:U2_frame_capture|Ad9233MultistageDecimator:anti_alias_fir|FirDecimatingStage:stage2|Mux29~0                 ; 26      ;
; Ad9233FrameCapture:U2_frame_capture|Ad9233MultistageDecimator:anti_alias_fir|FirDecimatingStage:stage2|Mux4~0                  ; 26      ;
; Ad9233FrameCapture:U2_frame_capture|Ad9233MultistageDecimator:anti_alias_fir|FirDecimatingStage:stage2|Mux29~1                 ; 25      ;
; Ad9233FrameCapture:U2_frame_capture|Ad9233MultistageDecimator:anti_alias_fir|FirDecimatingStage:stage2|Add3~1                  ; 25      ;
; Ad9233FrameCapture:U2_frame_capture|Ad9233MultistageDecimator:anti_alias_fir|FirDecimatingStage:stage2|Mux4~1                  ; 25      ;
; AnalyzerSpiSlave:U3_analyzer_spi|LessThan0~0                                                                                   ; 25      ;
; Ad9233SpiInit:U1_ad9233_spi_init|startup_count[22]~26                                                                          ; 24      ;
; AnalyzerSpiSlave:U3_analyzer_spi|request_word_index.00                                                                         ; 23      ;
; AnalyzerSpiSlave:U3_analyzer_spi|rx_ignore                                                                                     ; 23      ;
; Ad9233FrameCapture:U2_frame_capture|Ad9233MultistageDecimator:anti_alias_fir|FirDecimatingStage:stage3|Equal22~2               ; 21      ;
; Ad9233FrameCapture:U2_frame_capture|Ad9233MultistageDecimator:anti_alias_fir|FirDecimatingStage:stage2|Equal16~0               ; 19      ;
; Ad9233FrameCapture:U2_frame_capture|Ad9233MultistageDecimator:anti_alias_fir|FirDecimatingStage:stage1|result_valid            ; 19      ;
; Ad9233FrameCapture:U2_frame_capture|Ad9233MultistageDecimator:anti_alias_fir|FirDecimatingStage:stage2|result_valid            ; 19      ;
; Ad9233FrameCapture:U2_frame_capture|Ad9233MultistageDecimator:anti_alias_fir|FirDecimatingStage:stage3|result_valid            ; 19      ;
; Ad9233FrameCapture:U2_frame_capture|Ad9233MultistageDecimator:anti_alias_fir|FirDecimatingStage:stage2|LessThan4~0             ; 18      ;
; Ad9233FrameCapture:U2_frame_capture|Ad9233MultistageDecimator:anti_alias_fir|FirDecimatingStage:stage3|sample_out[16]          ; 18      ;
; AnalyzerSpiSlave:U3_analyzer_spi|Add3~1                                                                                        ; 18      ;
; Ad9233FrameCapture:U2_frame_capture|Ad9233MultistageDecimator:anti_alias_fir|FirDecimatingStage:stage1|Add13~55                ; 18      ;
; Ad9233FrameCapture:U2_frame_capture|Ad9233MultistageDecimator:anti_alias_fir|FirDecimatingStage:stage1|saturation_count[0]~28  ; 17      ;
; AnalyzerSpiSlave:U3_analyzer_spi|response_toggle                                                                               ; 17      ;
; AnalyzerSpiSlave:U3_analyzer_spi|response_word_index[1]                                                                        ; 17      ;
; Ad9233FrameCapture:U2_frame_capture|Ad9233MultistageDecimator:anti_alias_fir|FirDecimatingStage:stage1|saturation_count[0]~62  ; 16      ;
; Ad9233FrameCapture:U2_frame_capture|Ad9233MultistageDecimator:anti_alias_fir|FirDecimatingStage:stage3|sample_out~2            ; 16      ;
; Ad9233FrameCapture:U2_frame_capture|Ad9233MultistageDecimator:anti_alias_fir|FirDecimatingStage:stage3|sample_out~1            ; 16      ;
; AnalyzerSpiSlave:U3_analyzer_spi|request_command[15]~0                                                                         ; 16      ;
; AnalyzerSpiSlave:U3_analyzer_spi|response_crc[15]~15                                                                           ; 16      ;
; AnalyzerSpiSlave:U3_analyzer_spi|request_crc[15]~1                                                                             ; 16      ;
; Ad9233FrameCapture:U2_frame_capture|Ad9233MultistageDecimator:anti_alias_fir|FirDecimatingStage:stage1|saturation_count[15]~30 ; 16      ;
; Ad9233FrameCapture:U2_frame_capture|Ad9233MultistageDecimator:anti_alias_fir|FirDecimatingStage:stage2|saturation_count[15]~25 ; 16      ;
; Ad9233FrameCapture:U2_frame_capture|Ad9233MultistageDecimator:anti_alias_fir|FirDecimatingStage:stage3|saturation_count[15]~27 ; 16      ;
; Ad9233FrameCapture:U2_frame_capture|Ad9233MultistageDecimator:anti_alias_fir|FirDecimatingStage:stage1|overrun_count[15]~15    ; 16      ;
; Ad9233FrameCapture:U2_frame_capture|Ad9233MultistageDecimator:anti_alias_fir|FirDecimatingStage:stage2|overrun_count[15]~15    ; 16      ;
; Ad9233FrameCapture:U2_frame_capture|Ad9233MultistageDecimator:anti_alias_fir|FirDecimatingStage:stage3|overrun_count[15]~16    ; 16      ;
; AnalyzerSpiSlave:U3_analyzer_spi|crc_error_count[15]~48                                                                        ; 15      ;
; Ad9233FrameCapture:U2_frame_capture|frame_id[15]~45                                                                            ; 15      ;
; AnalyzerSpiSlave:U3_analyzer_spi|tx_shift[15]~11                                                                               ; 15      ;
; AnalyzerSpiSlave:U3_analyzer_spi|next_word~16                                                                                  ; 15      ;
; Ad9233FrameCapture:U2_frame_capture|Ad9233MultistageDecimator:anti_alias_fir|FirDecimatingStage:stage2|Add12~50                ; 15      ;
; AnalyzerSpiSlave:U3_analyzer_spi|response_seen                                                                                 ; 15      ;
; adc_cfg_done_dco_sync[1]                                                                                                       ; 15      ;
; Ad9233SpiInit:U1_ad9233_spi_init|frame_index[2]                                                                                ; 15      ;
; Ad9233FrameCapture:U2_frame_capture|Ad9233MultistageDecimator:anti_alias_fir|FirDecimatingStage:stage1|Equal9~2                ; 14      ;
; Ad9233SpiInit:U1_ad9233_spi_init|bit_index[4]~0                                                                                ; 14      ;
; AnalyzerSpiSlave:U3_analyzer_spi|next_word~12                                                                                  ; 14      ;
; AnalyzerSpiSlave:U3_analyzer_spi|next_word~11                                                                                  ; 14      ;
; Ad9233FrameCapture:U2_frame_capture|write_address[10]~14                                                                       ; 14      ;
; AnalyzerSpiSlave:U3_analyzer_spi|response_word_index[12]~41                                                                    ; 13      ;
; Ad9233FrameCapture:U2_frame_capture|Ad9233MultistageDecimator:anti_alias_fir|FirDecimatingStage:stage3|sample_valid_out        ; 13      ;
; Ad9233SpiInit:U1_ad9233_spi_init|Selector37~1                                                                                  ; 13      ;
; Ad9233FrameCapture:U2_frame_capture|write_address[10]~39                                                                       ; 12      ;
; AnalyzerSpiSlave:U3_analyzer_spi|ram_read_address[5]~14                                                                        ; 12      ;
; Ad9233FrameCapture:U2_frame_capture|Ad9233MultistageDecimator:anti_alias_fir|Add4~28                                           ; 12      ;
; AnalyzerSpiSlave:U3_analyzer_spi|LessThan1~0                                                                                   ; 12      ;
; Ad9233FrameCapture:U2_frame_capture|Ad9233MultistageDecimator:anti_alias_fir|FirDecimatingStage:stage2|sample_out~1            ; 11      ;
; Ad9233FrameCapture:U2_frame_capture|Ad9233MultistageDecimator:anti_alias_fir|FirDecimatingStage:stage2|sample_out~0            ; 11      ;
; Ad9233FrameCapture:U2_frame_capture|Ad9233MultistageDecimator:anti_alias_fir|sample_out~0                                      ; 11      ;
; Ad9233FrameCapture:U2_frame_capture|Ad9233MultistageDecimator:anti_alias_fir|Add4~30                                           ; 11      ;
; Ad9233SpiInit:U1_ad9233_spi_init|frame_index[0]                                                                                ; 11      ;
; Ad9233FrameCapture:U2_frame_capture|Ad9233MultistageDecimator:anti_alias_fir|FirDecimatingStage:stage3|mac_busy                ; 11      ;
; AnalyzerSpiSlave:U3_analyzer_spi|rx_shift[6]                                                                                   ; 11      ;
; AnalyzerSpiSlave:U3_analyzer_spi|rx_shift[14]                                                                                  ; 11      ;
; AnalyzerSpiSlave:U3_analyzer_spi|rx_shift[11]                                                                                  ; 11      ;
; AnalyzerSpiSlave:U3_analyzer_spi|rx_shift[7]                                                                                   ; 11      ;
; AnalyzerSpiSlave:U3_analyzer_spi|response_word_index[3]                                                                        ; 11      ;
; mcu_uart_rx~input                                                                                                              ; 10      ;
; Ad9233SpiInit:U1_ad9233_spi_init|frame_index[1]                                                                                ; 10      ;
; Ad9233FrameCapture:U2_frame_capture|Ad9233MultistageDecimator:anti_alias_fir|FirDecimatingStage:stage2|sample_valid_out        ; 10      ;
; AnalyzerSpiSlave:U3_analyzer_spi|rx_shift[13]                                                                                  ; 10      ;
; AnalyzerSpiSlave:U3_analyzer_spi|rx_shift[12]                                                                                  ; 10      ;
; AnalyzerSpiSlave:U3_analyzer_spi|rx_shift[9]                                                                                   ; 10      ;
; Ad9233SpiInit:U1_ad9233_spi_init|WideOr3                                                                                       ; 10      ;
; AnalyzerSpiSlave:U3_analyzer_spi|next_word~15                                                                                  ; 9       ;
; Ad9233FrameCapture:U2_frame_capture|Ad9233MultistageDecimator:anti_alias_fir|FirDecimatingStage:stage2|mac_busy                ; 9       ;
; Ad9233FrameCapture:U2_frame_capture|Ad9233MultistageDecimator:anti_alias_fir|FirDecimatingStage:stage1|sample_valid_out        ; 9       ;
; AnalyzerSpiSlave:U3_analyzer_spi|rx_shift[10]                                                                                  ; 9       ;
; AnalyzerSpiSlave:U3_analyzer_spi|rx_shift[8]                                                                                   ; 9       ;
; Ad9233FrameCapture:U2_frame_capture|Ad9233MultistageDecimator:anti_alias_fir|FirDecimatingStage:stage2|operand_coefficient~7   ; 8       ;
; Ad9233FrameCapture:U2_frame_capture|Ad9233MultistageDecimator:anti_alias_fir|FirDecimatingStage:stage3|issue_batch[5]~2        ; 8       ;
; Ad9233SpiInit:U1_ad9233_spi_init|half_count[4]~10                                                                              ; 8       ;
; Ad9233FrameCapture:U2_frame_capture|Ad9233MultistageDecimator:anti_alias_fir|FirDecimatingStage:stage2|saturation_count[11]~21 ; 8       ;
; AnalyzerSpiSlave:U3_analyzer_spi|rx_shift[3]                                                                                   ; 8       ;
; Ad9233SpiInit:U1_ad9233_spi_init|state.STATE_GAP                                                                               ; 8       ;
; AnalyzerSpiSlave:U3_analyzer_spi|response_word_index[12]                                                                       ; 8       ;
; Ad9233FrameCapture:U2_frame_capture|write_address[11]                                                                          ; 8       ;
; Ad9233FrameCapture:U2_frame_capture|write_address[10]                                                                          ; 8       ;
; Ad9233FrameCapture:U2_frame_capture|write_address[9]                                                                           ; 8       ;
; Ad9233FrameCapture:U2_frame_capture|write_address[8]                                                                           ; 8       ;
; Ad9233FrameCapture:U2_frame_capture|write_address[7]                                                                           ; 8       ;
; Ad9233FrameCapture:U2_frame_capture|write_address[6]                                                                           ; 8       ;
; Ad9233FrameCapture:U2_frame_capture|write_address[5]                                                                           ; 8       ;
; Ad9233FrameCapture:U2_frame_capture|write_address[4]                                                                           ; 8       ;
; Ad9233FrameCapture:U2_frame_capture|write_address[3]                                                                           ; 8       ;
; Ad9233FrameCapture:U2_frame_capture|write_address[2]                                                                           ; 8       ;
; Ad9233FrameCapture:U2_frame_capture|write_address[1]                                                                           ; 8       ;
; Ad9233FrameCapture:U2_frame_capture|write_address[0]                                                                           ; 8       ;
; Ad9233FrameCapture:U2_frame_capture|Ad9233MultistageDecimator:anti_alias_fir|FirDecimatingStage:stage2|saturation_count[11]~56 ; 7       ;
; AnalyzerSpiSlave:U3_analyzer_spi|next_word~18                                                                                  ; 7       ;
; AnalyzerSpiSlave:U3_analyzer_spi|Add3~0                                                                                        ; 7       ;
; Ad9233FrameCapture:U2_frame_capture|Ad9233MultistageDecimator:anti_alias_fir|FirDecimatingStage:stage2|saturation_count[11]~19 ; 7       ;
; Ad9233FrameCapture:U2_frame_capture|Ad9233MultistageDecimator:anti_alias_fir|FirDecimatingStage:stage2|saturation_count[11]~18 ; 7       ;
; AnalyzerSpiSlave:U3_analyzer_spi|request_crc[5]~0                                                                              ; 7       ;
; AnalyzerSpiSlave:U3_analyzer_spi|rx_shift[1]                                                                                   ; 7       ;
; AnalyzerSpiSlave:U3_analyzer_spi|rx_shift[0]                                                                                   ; 7       ;
; AnalyzerSpiSlave:U3_analyzer_spi|rx_shift[5]                                                                                   ; 7       ;
; AnalyzerSpiSlave:U3_analyzer_spi|rx_shift[2]                                                                                   ; 7       ;
; Ad9233SpiInit:U1_ad9233_spi_init|Equal1~2                                                                                      ; 7       ;
; AnalyzerSpiSlave:U3_analyzer_spi|tx_active                                                                                     ; 7       ;
; Ad9233FrameCapture:U2_frame_capture|capture_busy                                                                               ; 7       ;
; Ad9233FrameCapture:U2_frame_capture|Ad9233MultistageDecimator:anti_alias_fir|FirDecimatingStage:stage3|product_pipe[0][35]     ; 7       ;
; AnalyzerSpiSlave:U3_analyzer_spi|response_word_index[2]                                                                        ; 7       ;
; mcu_spi_mosi~input                                                                                                             ; 6       ;
; AnalyzerSpiSlave:U3_analyzer_spi|ram_read_address[9]~_wirecell                                                                 ; 6       ;
; AnalyzerSpiSlave:U3_analyzer_spi|ram_read_address[8]~_wirecell                                                                 ; 6       ;
; AnalyzerSpiSlave:U3_analyzer_spi|ram_read_address[7]~_wirecell                                                                 ; 6       ;
; AnalyzerSpiSlave:U3_analyzer_spi|ram_read_address[6]~_wirecell                                                                 ; 6       ;
; AnalyzerSpiSlave:U3_analyzer_spi|ram_read_address[5]~_wirecell                                                                 ; 6       ;
; AnalyzerSpiSlave:U3_analyzer_spi|ram_read_address[4]~_wirecell                                                                 ; 6       ;
; AnalyzerSpiSlave:U3_analyzer_spi|ram_read_address[3]~_wirecell                                                                 ; 6       ;
; AnalyzerSpiSlave:U3_analyzer_spi|ram_read_address[2]~_wirecell                                                                 ; 6       ;
; AnalyzerSpiSlave:U3_analyzer_spi|ram_read_address[1]~_wirecell                                                                 ; 6       ;
; AnalyzerSpiSlave:U3_analyzer_spi|ram_read_address[11]~_wirecell                                                                ; 6       ;
; AnalyzerSpiSlave:U3_analyzer_spi|ram_read_address[10]~_wirecell                                                                ; 6       ;
; AnalyzerSpiSlave:U3_analyzer_spi|ram_read_address[0]~_wirecell                                                                 ; 6       ;
; Ad9233FrameCapture:U2_frame_capture|Ad9233MultistageDecimator:anti_alias_fir|FirDecimatingStage:stage3|Equal18~0               ; 6       ;
; AnalyzerSpiSlave:U3_analyzer_spi|always2~4                                                                                     ; 6       ;
; Ad9233FrameCapture:U2_frame_capture|Ad9233MultistageDecimator:anti_alias_fir|FirDecimatingStage:stage2|warmup_count[5]~16      ; 6       ;
; Ad9233FrameCapture:U2_frame_capture|Ad9233MultistageDecimator:anti_alias_fir|FirDecimatingStage:stage3|warmup_count[5]~16      ; 6       ;
; Ad9233SpiInit:U1_ad9233_spi_init|state.STATE_LOAD                                                                              ; 6       ;
; Ad9233SpiInit:U1_ad9233_spi_init|Selector25~0                                                                                  ; 6       ;
; AnalyzerSpiSlave:U3_analyzer_spi|tx_read                                                                                       ; 6       ;
; Ad9233FrameCapture:U2_frame_capture|Ad9233MultistageDecimator:anti_alias_fir|FirDecimatingStage:stage1|mac_busy                ; 6       ;
; AnalyzerSpiSlave:U3_analyzer_spi|rx_shift[4]                                                                                   ; 6       ;
; Ad9233SpiInit:U1_ad9233_spi_init|state.STATE_LOW                                                                               ; 6       ;
; Ad9233FrameCapture:U2_frame_capture|read_data[11]                                                                              ; 6       ;
; Ad9233FrameCapture:U2_frame_capture|Ad9233MultistageDecimator:anti_alias_fir|FirDecimatingStage:stage2|Add8~72                 ; 6       ;
; rstn~input                                                                                                                     ; 5       ;
; Ad9233FrameCapture:U2_frame_capture|Ad9233MultistageDecimator:anti_alias_fir|FirDecimatingStage:stage3|WideOr0~0               ; 5       ;
; AnalyzerSpiSlave:U3_analyzer_spi|response_crc[8]                                                                               ; 5       ;
; Ad9233FrameCapture:U2_frame_capture|Ad9233MultistageDecimator:anti_alias_fir|FirDecimatingStage:stage1|issue_batch[3]~3        ; 5       ;
; Ad9233FrameCapture:U2_frame_capture|Ad9233MultistageDecimator:anti_alias_fir|FirDecimatingStage:stage2|issue_batch[0]~2        ; 5       ;
; Ad9233FrameCapture:U2_frame_capture|Ad9233MultistageDecimator:anti_alias_fir|FirDecimatingStage:stage3|issue_batch[2]~4        ; 5       ;
; AnalyzerSpiSlave:U3_analyzer_spi|crc~26                                                                                        ; 5       ;
; AnalyzerSpiSlave:U3_analyzer_spi|response_crc[11]                                                                              ; 5       ;
; AnalyzerSpiSlave:U3_analyzer_spi|next_word~19                                                                                  ; 5       ;
; Ad9233FrameCapture:U2_frame_capture|Ad9233MultistageDecimator:anti_alias_fir|FirDecimatingStage:stage1|warmup_count[5]~8       ; 5       ;
; AnalyzerSpiSlave:U3_analyzer_spi|LessThan2~3                                                                                   ; 5       ;
; Ad9233FrameCapture:U2_frame_capture|Ad9233MultistageDecimator:anti_alias_fir|FirDecimatingStage:stage3|Add10~50                ; 5       ;
; Ad9233FrameCapture:U2_frame_capture|Equal0~3                                                                                   ; 5       ;
; AnalyzerSpiSlave:U3_analyzer_spi|rx_bit_count[3]~0                                                                             ; 5       ;
; AnalyzerSpiSlave:U3_analyzer_spi|rx_bit_count[3]                                                                               ; 5       ;
; AnalyzerSpiSlave:U3_analyzer_spi|request_word_index.11                                                                         ; 5       ;
; AnalyzerSpiSlave:U3_analyzer_spi|request_crc[15]                                                                               ; 5       ;
; AnalyzerSpiSlave:U3_analyzer_spi|request_crc[10]                                                                               ; 5       ;
; AnalyzerSpiSlave:U3_analyzer_spi|request_crc[9]                                                                                ; 5       ;
; AnalyzerSpiSlave:U3_analyzer_spi|request_crc[8]                                                                                ; 5       ;
; adc_raw_sample[11]                                                                                                             ; 5       ;
; AnalyzerSpiSlave:U3_analyzer_spi|tx_shift[9]~2                                                                                 ; 5       ;
; AnalyzerSpiSlave:U3_analyzer_spi|tx_shift[11]~1                                                                                ; 5       ;
; Ad9233FrameCapture:U2_frame_capture|Ad9233MultistageDecimator:anti_alias_fir|FirDecimatingStage:stage1|Add11~66                ; 5       ;
; Ad9233FrameCapture:U2_frame_capture|Ad9233MultistageDecimator:anti_alias_fir|FirDecimatingStage:stage1|Mux102~0                ; 4       ;
; Ad9233FrameCapture:U2_frame_capture|Ad9233MultistageDecimator:anti_alias_fir|FirDecimatingStage:stage2|Mux0~3                  ; 4       ;
; Ad9233FrameCapture:U2_frame_capture|Ad9233MultistageDecimator:anti_alias_fir|FirDecimatingStage:stage3|Equal14~0               ; 4       ;
; Ad9233FrameCapture:U2_frame_capture|Ad9233MultistageDecimator:anti_alias_fir|FirDecimatingStage:stage3|Mux0~25                 ; 4       ;
; AnalyzerSpiSlave:U3_analyzer_spi|crc~33                                                                                        ; 4       ;
; AnalyzerSpiSlave:U3_analyzer_spi|crc~32                                                                                        ; 4       ;
; AnalyzerSpiSlave:U3_analyzer_spi|response_crc[9]                                                                               ; 4       ;
; AnalyzerSpiSlave:U3_analyzer_spi|next_word~45                                                                                  ; 4       ;
; Ad9233FrameCapture:U2_frame_capture|Ad9233MultistageDecimator:anti_alias_fir|FirDecimatingStage:stage1|Equal9~0                ; 4       ;
; Ad9233FrameCapture:U2_frame_capture|Ad9233MultistageDecimator:anti_alias_fir|FirDecimatingStage:stage2|LessThan2~0             ; 4       ;
; AnalyzerSpiSlave:U3_analyzer_spi|next_word~33                                                                                  ; 4       ;
; AnalyzerSpiSlave:U3_analyzer_spi|crc~24                                                                                        ; 4       ;
; AnalyzerSpiSlave:U3_analyzer_spi|response_crc[7]                                                                               ; 4       ;
; AnalyzerSpiSlave:U3_analyzer_spi|response_crc[14]                                                                              ; 4       ;
; AnalyzerSpiSlave:U3_analyzer_spi|tx_bits_remaining[3]~10                                                                       ; 4       ;
; AnalyzerSpiSlave:U3_analyzer_spi|crc~4                                                                                         ; 4       ;
; AnalyzerSpiSlave:U3_analyzer_spi|Add3~2                                                                                        ; 4       ;
; Ad9233FrameCapture:U2_frame_capture|Ad9233MultistageDecimator:anti_alias_fir|FirDecimatingStage:stage1|mac_busy~2              ; 4       ;
; Ad9233FrameCapture:U2_frame_capture|Ad9233MultistageDecimator:anti_alias_fir|FirDecimatingStage:stage1|warmup_count[5]~5       ; 4       ;
; Ad9233FrameCapture:U2_frame_capture|Ad9233MultistageDecimator:anti_alias_fir|FirDecimatingStage:stage1|LessThan0~0             ; 4       ;
; Ad9233FrameCapture:U2_frame_capture|Ad9233MultistageDecimator:anti_alias_fir|FirDecimatingStage:stage2|mac_busy~2              ; 4       ;
; Ad9233FrameCapture:U2_frame_capture|Ad9233MultistageDecimator:anti_alias_fir|FirDecimatingStage:stage3|decimation_count[1]     ; 4       ;
; Ad9233FrameCapture:U2_frame_capture|Ad9233MultistageDecimator:anti_alias_fir|FirDecimatingStage:stage3|decimation_count[0]     ; 4       ;
; Ad9233FrameCapture:U2_frame_capture|Ad9233MultistageDecimator:anti_alias_fir|sample_valid                                      ; 4       ;
; AnalyzerSpiSlave:U3_analyzer_spi|rx_bit_count[0]                                                                               ; 4       ;
; AnalyzerSpiSlave:U3_analyzer_spi|always1~9                                                                                     ; 4       ;
; AnalyzerSpiSlave:U3_analyzer_spi|request_crc[7]                                                                                ; 4       ;
; AnalyzerSpiSlave:U3_analyzer_spi|Equal4~0                                                                                      ; 4       ;
; AnalyzerSpiSlave:U3_analyzer_spi|request_crc[14]                                                                               ; 4       ;
; AnalyzerSpiSlave:U3_analyzer_spi|request_crc[12]                                                                               ; 4       ;
; Ad9233SpiInit:U1_ad9233_spi_init|Equal1~1                                                                                      ; 4       ;
; Ad9233SpiInit:U1_ad9233_spi_init|Equal1~0                                                                                      ; 4       ;
; Ad9233SpiInit:U1_ad9233_spi_init|Equal2~1                                                                                      ; 4       ;
; Ad9233SpiInit:U1_ad9233_spi_init|bit_index[0]                                                                                  ; 4       ;
; Ad9233FrameCapture:U2_frame_capture|Ad9233MultistageDecimator:anti_alias_fir|FirDecimatingStage:stage1|overrun_count[0]        ; 4       ;
; Ad9233FrameCapture:U2_frame_capture|Ad9233MultistageDecimator:anti_alias_fir|FirDecimatingStage:stage2|overrun_count[0]        ; 4       ;
; Ad9233FrameCapture:U2_frame_capture|Ad9233MultistageDecimator:anti_alias_fir|FirDecimatingStage:stage3|overrun_count[0]        ; 4       ;
; AnalyzerSpiSlave:U3_analyzer_spi|tx_shift[7]~3                                                                                 ; 4       ;
; AnalyzerSpiSlave:U3_analyzer_spi|tx_shift[14]~0                                                                                ; 4       ;
; Ad9233FrameCapture:U2_frame_capture|Ad9233MultistageDecimator:anti_alias_fir|FirDecimatingStage:stage2|warmup_count[5]         ; 4       ;
; Ad9233FrameCapture:U2_frame_capture|Ad9233MultistageDecimator:anti_alias_fir|FirDecimatingStage:stage3|warmup_count[5]         ; 4       ;
; Ad9233FrameCapture:U2_frame_capture|Ad9233MultistageDecimator:anti_alias_fir|FirDecimatingStage:stage3|snapshot[38][16]        ; 3       ;
; Ad9233FrameCapture:U2_frame_capture|Ad9233MultistageDecimator:anti_alias_fir|FirDecimatingStage:stage3|snapshot[36][16]        ; 3       ;
; Ad9233FrameCapture:U2_frame_capture|Ad9233MultistageDecimator:anti_alias_fir|FirDecimatingStage:stage3|snapshot[35][16]        ; 3       ;
; Ad9233FrameCapture:U2_frame_capture|Ad9233MultistageDecimator:anti_alias_fir|FirDecimatingStage:stage3|snapshot[32][16]        ; 3       ;
; Ad9233FrameCapture:U2_frame_capture|Ad9233MultistageDecimator:anti_alias_fir|FirDecimatingStage:stage3|snapshot[34][16]        ; 3       ;
; Ad9233FrameCapture:U2_frame_capture|Ad9233MultistageDecimator:anti_alias_fir|FirDecimatingStage:stage3|snapshot[33][16]        ; 3       ;
; Ad9233FrameCapture:U2_frame_capture|Ad9233MultistageDecimator:anti_alias_fir|FirDecimatingStage:stage3|snapshot[37][16]        ; 3       ;
; Ad9233FrameCapture:U2_frame_capture|Ad9233MultistageDecimator:anti_alias_fir|FirDecimatingStage:stage3|snapshot[15][16]        ; 3       ;
; Ad9233FrameCapture:U2_frame_capture|Ad9233MultistageDecimator:anti_alias_fir|FirDecimatingStage:stage3|snapshot[3][16]         ; 3       ;
; Ad9233FrameCapture:U2_frame_capture|Ad9233MultistageDecimator:anti_alias_fir|FirDecimatingStage:stage3|snapshot[7][16]         ; 3       ;
; Ad9233FrameCapture:U2_frame_capture|Ad9233MultistageDecimator:anti_alias_fir|FirDecimatingStage:stage3|snapshot[11][16]        ; 3       ;
; Ad9233FrameCapture:U2_frame_capture|Ad9233MultistageDecimator:anti_alias_fir|FirDecimatingStage:stage3|snapshot[12][16]        ; 3       ;
; Ad9233FrameCapture:U2_frame_capture|Ad9233MultistageDecimator:anti_alias_fir|FirDecimatingStage:stage3|snapshot[0][16]         ; 3       ;
; Ad9233FrameCapture:U2_frame_capture|Ad9233MultistageDecimator:anti_alias_fir|FirDecimatingStage:stage3|snapshot[8][16]         ; 3       ;
; Ad9233FrameCapture:U2_frame_capture|Ad9233MultistageDecimator:anti_alias_fir|FirDecimatingStage:stage3|snapshot[4][16]         ; 3       ;
; Ad9233FrameCapture:U2_frame_capture|Ad9233MultistageDecimator:anti_alias_fir|FirDecimatingStage:stage3|snapshot[14][16]        ; 3       ;
; Ad9233FrameCapture:U2_frame_capture|Ad9233MultistageDecimator:anti_alias_fir|FirDecimatingStage:stage3|snapshot[2][16]         ; 3       ;
; Ad9233FrameCapture:U2_frame_capture|Ad9233MultistageDecimator:anti_alias_fir|FirDecimatingStage:stage3|snapshot[10][16]        ; 3       ;
; Ad9233FrameCapture:U2_frame_capture|Ad9233MultistageDecimator:anti_alias_fir|FirDecimatingStage:stage3|snapshot[6][16]         ; 3       ;
; Ad9233FrameCapture:U2_frame_capture|Ad9233MultistageDecimator:anti_alias_fir|FirDecimatingStage:stage3|snapshot[13][16]        ; 3       ;
; Ad9233FrameCapture:U2_frame_capture|Ad9233MultistageDecimator:anti_alias_fir|FirDecimatingStage:stage3|snapshot[1][16]         ; 3       ;
; Ad9233FrameCapture:U2_frame_capture|Ad9233MultistageDecimator:anti_alias_fir|FirDecimatingStage:stage3|snapshot[5][16]         ; 3       ;
; Ad9233FrameCapture:U2_frame_capture|Ad9233MultistageDecimator:anti_alias_fir|FirDecimatingStage:stage3|snapshot[9][16]         ; 3       ;
; Ad9233FrameCapture:U2_frame_capture|Ad9233MultistageDecimator:anti_alias_fir|FirDecimatingStage:stage3|snapshot[31][16]        ; 3       ;
; Ad9233FrameCapture:U2_frame_capture|Ad9233MultistageDecimator:anti_alias_fir|FirDecimatingStage:stage3|snapshot[19][16]        ; 3       ;
; Ad9233FrameCapture:U2_frame_capture|Ad9233MultistageDecimator:anti_alias_fir|FirDecimatingStage:stage3|snapshot[23][16]        ; 3       ;
; Ad9233FrameCapture:U2_frame_capture|Ad9233MultistageDecimator:anti_alias_fir|FirDecimatingStage:stage3|snapshot[27][16]        ; 3       ;
; Ad9233FrameCapture:U2_frame_capture|Ad9233MultistageDecimator:anti_alias_fir|FirDecimatingStage:stage3|snapshot[28][16]        ; 3       ;
; Ad9233FrameCapture:U2_frame_capture|Ad9233MultistageDecimator:anti_alias_fir|FirDecimatingStage:stage3|snapshot[16][16]        ; 3       ;
; Ad9233FrameCapture:U2_frame_capture|Ad9233MultistageDecimator:anti_alias_fir|FirDecimatingStage:stage3|snapshot[24][16]        ; 3       ;
; Ad9233FrameCapture:U2_frame_capture|Ad9233MultistageDecimator:anti_alias_fir|FirDecimatingStage:stage3|snapshot[20][16]        ; 3       ;
; Ad9233FrameCapture:U2_frame_capture|Ad9233MultistageDecimator:anti_alias_fir|FirDecimatingStage:stage3|snapshot[29][16]        ; 3       ;
; Ad9233FrameCapture:U2_frame_capture|Ad9233MultistageDecimator:anti_alias_fir|FirDecimatingStage:stage3|snapshot[17][16]        ; 3       ;
; Ad9233FrameCapture:U2_frame_capture|Ad9233MultistageDecimator:anti_alias_fir|FirDecimatingStage:stage3|snapshot[21][16]        ; 3       ;
; Ad9233FrameCapture:U2_frame_capture|Ad9233MultistageDecimator:anti_alias_fir|FirDecimatingStage:stage3|snapshot[25][16]        ; 3       ;
; Ad9233FrameCapture:U2_frame_capture|Ad9233MultistageDecimator:anti_alias_fir|FirDecimatingStage:stage3|snapshot[30][16]        ; 3       ;
; Ad9233FrameCapture:U2_frame_capture|Ad9233MultistageDecimator:anti_alias_fir|FirDecimatingStage:stage3|snapshot[18][16]        ; 3       ;
; Ad9233FrameCapture:U2_frame_capture|Ad9233MultistageDecimator:anti_alias_fir|FirDecimatingStage:stage3|snapshot[26][16]        ; 3       ;
; Ad9233FrameCapture:U2_frame_capture|Ad9233MultistageDecimator:anti_alias_fir|FirDecimatingStage:stage3|snapshot[22][16]        ; 3       ;
; Ad9233FrameCapture:U2_frame_capture|Ad9233MultistageDecimator:anti_alias_fir|FirDecimatingStage:stage3|snapshot[38][15]        ; 3       ;
; Ad9233FrameCapture:U2_frame_capture|Ad9233MultistageDecimator:anti_alias_fir|FirDecimatingStage:stage3|snapshot[36][15]        ; 3       ;
; Ad9233FrameCapture:U2_frame_capture|Ad9233MultistageDecimator:anti_alias_fir|FirDecimatingStage:stage3|snapshot[37][15]        ; 3       ;
; Ad9233FrameCapture:U2_frame_capture|Ad9233MultistageDecimator:anti_alias_fir|FirDecimatingStage:stage3|snapshot[35][15]        ; 3       ;
; Ad9233FrameCapture:U2_frame_capture|Ad9233MultistageDecimator:anti_alias_fir|FirDecimatingStage:stage3|snapshot[32][15]        ; 3       ;
; Ad9233FrameCapture:U2_frame_capture|Ad9233MultistageDecimator:anti_alias_fir|FirDecimatingStage:stage3|snapshot[34][15]        ; 3       ;
; Ad9233FrameCapture:U2_frame_capture|Ad9233MultistageDecimator:anti_alias_fir|FirDecimatingStage:stage3|snapshot[33][15]        ; 3       ;
; Ad9233FrameCapture:U2_frame_capture|Ad9233MultistageDecimator:anti_alias_fir|FirDecimatingStage:stage3|snapshot[15][15]        ; 3       ;
; Ad9233FrameCapture:U2_frame_capture|Ad9233MultistageDecimator:anti_alias_fir|FirDecimatingStage:stage3|snapshot[3][15]         ; 3       ;
; Ad9233FrameCapture:U2_frame_capture|Ad9233MultistageDecimator:anti_alias_fir|FirDecimatingStage:stage3|snapshot[7][15]         ; 3       ;
; Ad9233FrameCapture:U2_frame_capture|Ad9233MultistageDecimator:anti_alias_fir|FirDecimatingStage:stage3|snapshot[11][15]        ; 3       ;
; Ad9233FrameCapture:U2_frame_capture|Ad9233MultistageDecimator:anti_alias_fir|FirDecimatingStage:stage3|snapshot[12][15]        ; 3       ;
; Ad9233FrameCapture:U2_frame_capture|Ad9233MultistageDecimator:anti_alias_fir|FirDecimatingStage:stage3|snapshot[0][15]         ; 3       ;
; Ad9233FrameCapture:U2_frame_capture|Ad9233MultistageDecimator:anti_alias_fir|FirDecimatingStage:stage3|snapshot[8][15]         ; 3       ;
; Ad9233FrameCapture:U2_frame_capture|Ad9233MultistageDecimator:anti_alias_fir|FirDecimatingStage:stage3|snapshot[4][15]         ; 3       ;
; Ad9233FrameCapture:U2_frame_capture|Ad9233MultistageDecimator:anti_alias_fir|FirDecimatingStage:stage3|snapshot[14][15]        ; 3       ;
; Ad9233FrameCapture:U2_frame_capture|Ad9233MultistageDecimator:anti_alias_fir|FirDecimatingStage:stage3|snapshot[2][15]         ; 3       ;
; Ad9233FrameCapture:U2_frame_capture|Ad9233MultistageDecimator:anti_alias_fir|FirDecimatingStage:stage3|snapshot[10][15]        ; 3       ;
; Ad9233FrameCapture:U2_frame_capture|Ad9233MultistageDecimator:anti_alias_fir|FirDecimatingStage:stage3|snapshot[6][15]         ; 3       ;
; Ad9233FrameCapture:U2_frame_capture|Ad9233MultistageDecimator:anti_alias_fir|FirDecimatingStage:stage3|snapshot[13][15]        ; 3       ;
; Ad9233FrameCapture:U2_frame_capture|Ad9233MultistageDecimator:anti_alias_fir|FirDecimatingStage:stage3|snapshot[1][15]         ; 3       ;
; Ad9233FrameCapture:U2_frame_capture|Ad9233MultistageDecimator:anti_alias_fir|FirDecimatingStage:stage3|snapshot[5][15]         ; 3       ;
; Ad9233FrameCapture:U2_frame_capture|Ad9233MultistageDecimator:anti_alias_fir|FirDecimatingStage:stage3|snapshot[9][15]         ; 3       ;
; Ad9233FrameCapture:U2_frame_capture|Ad9233MultistageDecimator:anti_alias_fir|FirDecimatingStage:stage3|snapshot[31][15]        ; 3       ;
; Ad9233FrameCapture:U2_frame_capture|Ad9233MultistageDecimator:anti_alias_fir|FirDecimatingStage:stage3|snapshot[19][15]        ; 3       ;
; Ad9233FrameCapture:U2_frame_capture|Ad9233MultistageDecimator:anti_alias_fir|FirDecimatingStage:stage3|snapshot[23][15]        ; 3       ;
; Ad9233FrameCapture:U2_frame_capture|Ad9233MultistageDecimator:anti_alias_fir|FirDecimatingStage:stage3|snapshot[27][15]        ; 3       ;
; Ad9233FrameCapture:U2_frame_capture|Ad9233MultistageDecimator:anti_alias_fir|FirDecimatingStage:stage3|snapshot[28][15]        ; 3       ;
; Ad9233FrameCapture:U2_frame_capture|Ad9233MultistageDecimator:anti_alias_fir|FirDecimatingStage:stage3|snapshot[16][15]        ; 3       ;
; Ad9233FrameCapture:U2_frame_capture|Ad9233MultistageDecimator:anti_alias_fir|FirDecimatingStage:stage3|snapshot[24][15]        ; 3       ;
; Ad9233FrameCapture:U2_frame_capture|Ad9233MultistageDecimator:anti_alias_fir|FirDecimatingStage:stage3|snapshot[20][15]        ; 3       ;
; Ad9233FrameCapture:U2_frame_capture|Ad9233MultistageDecimator:anti_alias_fir|FirDecimatingStage:stage3|snapshot[29][15]        ; 3       ;
; Ad9233FrameCapture:U2_frame_capture|Ad9233MultistageDecimator:anti_alias_fir|FirDecimatingStage:stage3|snapshot[17][15]        ; 3       ;
; Ad9233FrameCapture:U2_frame_capture|Ad9233MultistageDecimator:anti_alias_fir|FirDecimatingStage:stage3|snapshot[21][15]        ; 3       ;
; Ad9233FrameCapture:U2_frame_capture|Ad9233MultistageDecimator:anti_alias_fir|FirDecimatingStage:stage3|snapshot[25][15]        ; 3       ;
; Ad9233FrameCapture:U2_frame_capture|Ad9233MultistageDecimator:anti_alias_fir|FirDecimatingStage:stage3|snapshot[30][15]        ; 3       ;
; Ad9233FrameCapture:U2_frame_capture|Ad9233MultistageDecimator:anti_alias_fir|FirDecimatingStage:stage3|snapshot[18][15]        ; 3       ;
; Ad9233FrameCapture:U2_frame_capture|Ad9233MultistageDecimator:anti_alias_fir|FirDecimatingStage:stage3|snapshot[26][15]        ; 3       ;
; Ad9233FrameCapture:U2_frame_capture|Ad9233MultistageDecimator:anti_alias_fir|FirDecimatingStage:stage3|snapshot[22][15]        ; 3       ;
; Ad9233FrameCapture:U2_frame_capture|Ad9233MultistageDecimator:anti_alias_fir|FirDecimatingStage:stage3|snapshot[38][14]        ; 3       ;
; Ad9233FrameCapture:U2_frame_capture|Ad9233MultistageDecimator:anti_alias_fir|FirDecimatingStage:stage3|snapshot[36][14]        ; 3       ;
; Ad9233FrameCapture:U2_frame_capture|Ad9233MultistageDecimator:anti_alias_fir|FirDecimatingStage:stage3|snapshot[35][14]        ; 3       ;
; Ad9233FrameCapture:U2_frame_capture|Ad9233MultistageDecimator:anti_alias_fir|FirDecimatingStage:stage3|snapshot[32][14]        ; 3       ;
; Ad9233FrameCapture:U2_frame_capture|Ad9233MultistageDecimator:anti_alias_fir|FirDecimatingStage:stage3|snapshot[34][14]        ; 3       ;
; Ad9233FrameCapture:U2_frame_capture|Ad9233MultistageDecimator:anti_alias_fir|FirDecimatingStage:stage3|snapshot[33][14]        ; 3       ;
; Ad9233FrameCapture:U2_frame_capture|Ad9233MultistageDecimator:anti_alias_fir|FirDecimatingStage:stage3|snapshot[37][14]        ; 3       ;
; Ad9233FrameCapture:U2_frame_capture|Ad9233MultistageDecimator:anti_alias_fir|FirDecimatingStage:stage3|snapshot[15][14]        ; 3       ;
; Ad9233FrameCapture:U2_frame_capture|Ad9233MultistageDecimator:anti_alias_fir|FirDecimatingStage:stage3|snapshot[3][14]         ; 3       ;
; Ad9233FrameCapture:U2_frame_capture|Ad9233MultistageDecimator:anti_alias_fir|FirDecimatingStage:stage3|snapshot[7][14]         ; 3       ;
; Ad9233FrameCapture:U2_frame_capture|Ad9233MultistageDecimator:anti_alias_fir|FirDecimatingStage:stage3|snapshot[11][14]        ; 3       ;
; Ad9233FrameCapture:U2_frame_capture|Ad9233MultistageDecimator:anti_alias_fir|FirDecimatingStage:stage3|snapshot[12][14]        ; 3       ;
; Ad9233FrameCapture:U2_frame_capture|Ad9233MultistageDecimator:anti_alias_fir|FirDecimatingStage:stage3|snapshot[0][14]         ; 3       ;
; Ad9233FrameCapture:U2_frame_capture|Ad9233MultistageDecimator:anti_alias_fir|FirDecimatingStage:stage3|snapshot[8][14]         ; 3       ;
; Ad9233FrameCapture:U2_frame_capture|Ad9233MultistageDecimator:anti_alias_fir|FirDecimatingStage:stage3|snapshot[4][14]         ; 3       ;
; Ad9233FrameCapture:U2_frame_capture|Ad9233MultistageDecimator:anti_alias_fir|FirDecimatingStage:stage3|snapshot[14][14]        ; 3       ;
; Ad9233FrameCapture:U2_frame_capture|Ad9233MultistageDecimator:anti_alias_fir|FirDecimatingStage:stage3|snapshot[2][14]         ; 3       ;
; Ad9233FrameCapture:U2_frame_capture|Ad9233MultistageDecimator:anti_alias_fir|FirDecimatingStage:stage3|snapshot[10][14]        ; 3       ;
; Ad9233FrameCapture:U2_frame_capture|Ad9233MultistageDecimator:anti_alias_fir|FirDecimatingStage:stage3|snapshot[6][14]         ; 3       ;
; Ad9233FrameCapture:U2_frame_capture|Ad9233MultistageDecimator:anti_alias_fir|FirDecimatingStage:stage3|snapshot[13][14]        ; 3       ;
; Ad9233FrameCapture:U2_frame_capture|Ad9233MultistageDecimator:anti_alias_fir|FirDecimatingStage:stage3|snapshot[1][14]         ; 3       ;
; Ad9233FrameCapture:U2_frame_capture|Ad9233MultistageDecimator:anti_alias_fir|FirDecimatingStage:stage3|snapshot[5][14]         ; 3       ;
; Ad9233FrameCapture:U2_frame_capture|Ad9233MultistageDecimator:anti_alias_fir|FirDecimatingStage:stage3|snapshot[9][14]         ; 3       ;
; Ad9233FrameCapture:U2_frame_capture|Ad9233MultistageDecimator:anti_alias_fir|FirDecimatingStage:stage3|snapshot[31][14]        ; 3       ;
; Ad9233FrameCapture:U2_frame_capture|Ad9233MultistageDecimator:anti_alias_fir|FirDecimatingStage:stage3|snapshot[19][14]        ; 3       ;
; Ad9233FrameCapture:U2_frame_capture|Ad9233MultistageDecimator:anti_alias_fir|FirDecimatingStage:stage3|snapshot[23][14]        ; 3       ;
; Ad9233FrameCapture:U2_frame_capture|Ad9233MultistageDecimator:anti_alias_fir|FirDecimatingStage:stage3|snapshot[27][14]        ; 3       ;
; Ad9233FrameCapture:U2_frame_capture|Ad9233MultistageDecimator:anti_alias_fir|FirDecimatingStage:stage3|snapshot[28][14]        ; 3       ;
; Ad9233FrameCapture:U2_frame_capture|Ad9233MultistageDecimator:anti_alias_fir|FirDecimatingStage:stage3|snapshot[16][14]        ; 3       ;
; Ad9233FrameCapture:U2_frame_capture|Ad9233MultistageDecimator:anti_alias_fir|FirDecimatingStage:stage3|snapshot[24][14]        ; 3       ;
; Ad9233FrameCapture:U2_frame_capture|Ad9233MultistageDecimator:anti_alias_fir|FirDecimatingStage:stage3|snapshot[20][14]        ; 3       ;
; Ad9233FrameCapture:U2_frame_capture|Ad9233MultistageDecimator:anti_alias_fir|FirDecimatingStage:stage3|snapshot[29][14]        ; 3       ;
; Ad9233FrameCapture:U2_frame_capture|Ad9233MultistageDecimator:anti_alias_fir|FirDecimatingStage:stage3|snapshot[17][14]        ; 3       ;
; Ad9233FrameCapture:U2_frame_capture|Ad9233MultistageDecimator:anti_alias_fir|FirDecimatingStage:stage3|snapshot[21][14]        ; 3       ;
; Ad9233FrameCapture:U2_frame_capture|Ad9233MultistageDecimator:anti_alias_fir|FirDecimatingStage:stage3|snapshot[25][14]        ; 3       ;
; Ad9233FrameCapture:U2_frame_capture|Ad9233MultistageDecimator:anti_alias_fir|FirDecimatingStage:stage3|snapshot[30][14]        ; 3       ;
; Ad9233FrameCapture:U2_frame_capture|Ad9233MultistageDecimator:anti_alias_fir|FirDecimatingStage:stage3|snapshot[18][14]        ; 3       ;
; Ad9233FrameCapture:U2_frame_capture|Ad9233MultistageDecimator:anti_alias_fir|FirDecimatingStage:stage3|snapshot[26][14]        ; 3       ;
; Ad9233FrameCapture:U2_frame_capture|Ad9233MultistageDecimator:anti_alias_fir|FirDecimatingStage:stage3|snapshot[22][14]        ; 3       ;
; Ad9233FrameCapture:U2_frame_capture|Ad9233MultistageDecimator:anti_alias_fir|FirDecimatingStage:stage3|snapshot[38][13]        ; 3       ;
; Ad9233FrameCapture:U2_frame_capture|Ad9233MultistageDecimator:anti_alias_fir|FirDecimatingStage:stage3|snapshot[36][13]        ; 3       ;
; Ad9233FrameCapture:U2_frame_capture|Ad9233MultistageDecimator:anti_alias_fir|FirDecimatingStage:stage3|snapshot[37][13]        ; 3       ;
; Ad9233FrameCapture:U2_frame_capture|Ad9233MultistageDecimator:anti_alias_fir|FirDecimatingStage:stage3|snapshot[35][13]        ; 3       ;
; Ad9233FrameCapture:U2_frame_capture|Ad9233MultistageDecimator:anti_alias_fir|FirDecimatingStage:stage3|snapshot[32][13]        ; 3       ;
; Ad9233FrameCapture:U2_frame_capture|Ad9233MultistageDecimator:anti_alias_fir|FirDecimatingStage:stage3|snapshot[33][13]        ; 3       ;
; Ad9233FrameCapture:U2_frame_capture|Ad9233MultistageDecimator:anti_alias_fir|FirDecimatingStage:stage3|snapshot[34][13]        ; 3       ;
; Ad9233FrameCapture:U2_frame_capture|Ad9233MultistageDecimator:anti_alias_fir|FirDecimatingStage:stage3|snapshot[15][13]        ; 3       ;
; Ad9233FrameCapture:U2_frame_capture|Ad9233MultistageDecimator:anti_alias_fir|FirDecimatingStage:stage3|snapshot[3][13]         ; 3       ;
; Ad9233FrameCapture:U2_frame_capture|Ad9233MultistageDecimator:anti_alias_fir|FirDecimatingStage:stage3|snapshot[7][13]         ; 3       ;
; Ad9233FrameCapture:U2_frame_capture|Ad9233MultistageDecimator:anti_alias_fir|FirDecimatingStage:stage3|snapshot[11][13]        ; 3       ;
; Ad9233FrameCapture:U2_frame_capture|Ad9233MultistageDecimator:anti_alias_fir|FirDecimatingStage:stage3|snapshot[12][13]        ; 3       ;
; Ad9233FrameCapture:U2_frame_capture|Ad9233MultistageDecimator:anti_alias_fir|FirDecimatingStage:stage3|snapshot[0][13]         ; 3       ;
; Ad9233FrameCapture:U2_frame_capture|Ad9233MultistageDecimator:anti_alias_fir|FirDecimatingStage:stage3|snapshot[8][13]         ; 3       ;
; Ad9233FrameCapture:U2_frame_capture|Ad9233MultistageDecimator:anti_alias_fir|FirDecimatingStage:stage3|snapshot[4][13]         ; 3       ;
; Ad9233FrameCapture:U2_frame_capture|Ad9233MultistageDecimator:anti_alias_fir|FirDecimatingStage:stage3|snapshot[14][13]        ; 3       ;
; Ad9233FrameCapture:U2_frame_capture|Ad9233MultistageDecimator:anti_alias_fir|FirDecimatingStage:stage3|snapshot[2][13]         ; 3       ;
; Ad9233FrameCapture:U2_frame_capture|Ad9233MultistageDecimator:anti_alias_fir|FirDecimatingStage:stage3|snapshot[10][13]        ; 3       ;
; Ad9233FrameCapture:U2_frame_capture|Ad9233MultistageDecimator:anti_alias_fir|FirDecimatingStage:stage3|snapshot[6][13]         ; 3       ;
; Ad9233FrameCapture:U2_frame_capture|Ad9233MultistageDecimator:anti_alias_fir|FirDecimatingStage:stage3|snapshot[13][13]        ; 3       ;
; Ad9233FrameCapture:U2_frame_capture|Ad9233MultistageDecimator:anti_alias_fir|FirDecimatingStage:stage3|snapshot[1][13]         ; 3       ;
; Ad9233FrameCapture:U2_frame_capture|Ad9233MultistageDecimator:anti_alias_fir|FirDecimatingStage:stage3|snapshot[5][13]         ; 3       ;
; Ad9233FrameCapture:U2_frame_capture|Ad9233MultistageDecimator:anti_alias_fir|FirDecimatingStage:stage3|snapshot[9][13]         ; 3       ;
; Ad9233FrameCapture:U2_frame_capture|Ad9233MultistageDecimator:anti_alias_fir|FirDecimatingStage:stage3|snapshot[31][13]        ; 3       ;
; Ad9233FrameCapture:U2_frame_capture|Ad9233MultistageDecimator:anti_alias_fir|FirDecimatingStage:stage3|snapshot[19][13]        ; 3       ;
; Ad9233FrameCapture:U2_frame_capture|Ad9233MultistageDecimator:anti_alias_fir|FirDecimatingStage:stage3|snapshot[23][13]        ; 3       ;
; Ad9233FrameCapture:U2_frame_capture|Ad9233MultistageDecimator:anti_alias_fir|FirDecimatingStage:stage3|snapshot[27][13]        ; 3       ;
; Ad9233FrameCapture:U2_frame_capture|Ad9233MultistageDecimator:anti_alias_fir|FirDecimatingStage:stage3|snapshot[28][13]        ; 3       ;
; Ad9233FrameCapture:U2_frame_capture|Ad9233MultistageDecimator:anti_alias_fir|FirDecimatingStage:stage3|snapshot[16][13]        ; 3       ;
; Ad9233FrameCapture:U2_frame_capture|Ad9233MultistageDecimator:anti_alias_fir|FirDecimatingStage:stage3|snapshot[24][13]        ; 3       ;
; Ad9233FrameCapture:U2_frame_capture|Ad9233MultistageDecimator:anti_alias_fir|FirDecimatingStage:stage3|snapshot[20][13]        ; 3       ;
; Ad9233FrameCapture:U2_frame_capture|Ad9233MultistageDecimator:anti_alias_fir|FirDecimatingStage:stage3|snapshot[29][13]        ; 3       ;
; Ad9233FrameCapture:U2_frame_capture|Ad9233MultistageDecimator:anti_alias_fir|FirDecimatingStage:stage3|snapshot[17][13]        ; 3       ;
; Ad9233FrameCapture:U2_frame_capture|Ad9233MultistageDecimator:anti_alias_fir|FirDecimatingStage:stage3|snapshot[21][13]        ; 3       ;
; Ad9233FrameCapture:U2_frame_capture|Ad9233MultistageDecimator:anti_alias_fir|FirDecimatingStage:stage3|snapshot[25][13]        ; 3       ;
; Ad9233FrameCapture:U2_frame_capture|Ad9233MultistageDecimator:anti_alias_fir|FirDecimatingStage:stage3|snapshot[30][13]        ; 3       ;
; Ad9233FrameCapture:U2_frame_capture|Ad9233MultistageDecimator:anti_alias_fir|FirDecimatingStage:stage3|snapshot[18][13]        ; 3       ;
; Ad9233FrameCapture:U2_frame_capture|Ad9233MultistageDecimator:anti_alias_fir|FirDecimatingStage:stage3|snapshot[26][13]        ; 3       ;
; Ad9233FrameCapture:U2_frame_capture|Ad9233MultistageDecimator:anti_alias_fir|FirDecimatingStage:stage3|snapshot[22][13]        ; 3       ;
; Ad9233FrameCapture:U2_frame_capture|Ad9233MultistageDecimator:anti_alias_fir|FirDecimatingStage:stage3|snapshot[38][12]        ; 3       ;
; Ad9233FrameCapture:U2_frame_capture|Ad9233MultistageDecimator:anti_alias_fir|FirDecimatingStage:stage3|snapshot[36][12]        ; 3       ;
; Ad9233FrameCapture:U2_frame_capture|Ad9233MultistageDecimator:anti_alias_fir|FirDecimatingStage:stage3|snapshot[35][12]        ; 3       ;
; Ad9233FrameCapture:U2_frame_capture|Ad9233MultistageDecimator:anti_alias_fir|FirDecimatingStage:stage3|snapshot[32][12]        ; 3       ;
; Ad9233FrameCapture:U2_frame_capture|Ad9233MultistageDecimator:anti_alias_fir|FirDecimatingStage:stage3|snapshot[34][12]        ; 3       ;
; Ad9233FrameCapture:U2_frame_capture|Ad9233MultistageDecimator:anti_alias_fir|FirDecimatingStage:stage3|snapshot[33][12]        ; 3       ;
; Ad9233FrameCapture:U2_frame_capture|Ad9233MultistageDecimator:anti_alias_fir|FirDecimatingStage:stage3|snapshot[37][12]        ; 3       ;
; Ad9233FrameCapture:U2_frame_capture|Ad9233MultistageDecimator:anti_alias_fir|FirDecimatingStage:stage3|snapshot[15][12]        ; 3       ;
; Ad9233FrameCapture:U2_frame_capture|Ad9233MultistageDecimator:anti_alias_fir|FirDecimatingStage:stage3|snapshot[3][12]         ; 3       ;
; Ad9233FrameCapture:U2_frame_capture|Ad9233MultistageDecimator:anti_alias_fir|FirDecimatingStage:stage3|snapshot[7][12]         ; 3       ;
; Ad9233FrameCapture:U2_frame_capture|Ad9233MultistageDecimator:anti_alias_fir|FirDecimatingStage:stage3|snapshot[11][12]        ; 3       ;
; Ad9233FrameCapture:U2_frame_capture|Ad9233MultistageDecimator:anti_alias_fir|FirDecimatingStage:stage3|snapshot[12][12]        ; 3       ;
; Ad9233FrameCapture:U2_frame_capture|Ad9233MultistageDecimator:anti_alias_fir|FirDecimatingStage:stage3|snapshot[0][12]         ; 3       ;
; Ad9233FrameCapture:U2_frame_capture|Ad9233MultistageDecimator:anti_alias_fir|FirDecimatingStage:stage3|snapshot[8][12]         ; 3       ;
; Ad9233FrameCapture:U2_frame_capture|Ad9233MultistageDecimator:anti_alias_fir|FirDecimatingStage:stage3|snapshot[4][12]         ; 3       ;
; Ad9233FrameCapture:U2_frame_capture|Ad9233MultistageDecimator:anti_alias_fir|FirDecimatingStage:stage3|snapshot[14][12]        ; 3       ;
; Ad9233FrameCapture:U2_frame_capture|Ad9233MultistageDecimator:anti_alias_fir|FirDecimatingStage:stage3|snapshot[2][12]         ; 3       ;
; Ad9233FrameCapture:U2_frame_capture|Ad9233MultistageDecimator:anti_alias_fir|FirDecimatingStage:stage3|snapshot[10][12]        ; 3       ;
; Ad9233FrameCapture:U2_frame_capture|Ad9233MultistageDecimator:anti_alias_fir|FirDecimatingStage:stage3|snapshot[6][12]         ; 3       ;
; Ad9233FrameCapture:U2_frame_capture|Ad9233MultistageDecimator:anti_alias_fir|FirDecimatingStage:stage3|snapshot[13][12]        ; 3       ;
; Ad9233FrameCapture:U2_frame_capture|Ad9233MultistageDecimator:anti_alias_fir|FirDecimatingStage:stage3|snapshot[1][12]         ; 3       ;
; Ad9233FrameCapture:U2_frame_capture|Ad9233MultistageDecimator:anti_alias_fir|FirDecimatingStage:stage3|snapshot[5][12]         ; 3       ;
; Ad9233FrameCapture:U2_frame_capture|Ad9233MultistageDecimator:anti_alias_fir|FirDecimatingStage:stage3|snapshot[9][12]         ; 3       ;
; Ad9233FrameCapture:U2_frame_capture|Ad9233MultistageDecimator:anti_alias_fir|FirDecimatingStage:stage3|snapshot[31][12]        ; 3       ;
; Ad9233FrameCapture:U2_frame_capture|Ad9233MultistageDecimator:anti_alias_fir|FirDecimatingStage:stage3|snapshot[19][12]        ; 3       ;
; Ad9233FrameCapture:U2_frame_capture|Ad9233MultistageDecimator:anti_alias_fir|FirDecimatingStage:stage3|snapshot[23][12]        ; 3       ;
; Ad9233FrameCapture:U2_frame_capture|Ad9233MultistageDecimator:anti_alias_fir|FirDecimatingStage:stage3|snapshot[27][12]        ; 3       ;
; Ad9233FrameCapture:U2_frame_capture|Ad9233MultistageDecimator:anti_alias_fir|FirDecimatingStage:stage3|snapshot[28][12]        ; 3       ;
; Ad9233FrameCapture:U2_frame_capture|Ad9233MultistageDecimator:anti_alias_fir|FirDecimatingStage:stage3|snapshot[16][12]        ; 3       ;
; Ad9233FrameCapture:U2_frame_capture|Ad9233MultistageDecimator:anti_alias_fir|FirDecimatingStage:stage3|snapshot[24][12]        ; 3       ;
; Ad9233FrameCapture:U2_frame_capture|Ad9233MultistageDecimator:anti_alias_fir|FirDecimatingStage:stage3|snapshot[20][12]        ; 3       ;
; Ad9233FrameCapture:U2_frame_capture|Ad9233MultistageDecimator:anti_alias_fir|FirDecimatingStage:stage3|snapshot[29][12]        ; 3       ;
; Ad9233FrameCapture:U2_frame_capture|Ad9233MultistageDecimator:anti_alias_fir|FirDecimatingStage:stage3|snapshot[17][12]        ; 3       ;
; Ad9233FrameCapture:U2_frame_capture|Ad9233MultistageDecimator:anti_alias_fir|FirDecimatingStage:stage3|snapshot[21][12]        ; 3       ;
; Ad9233FrameCapture:U2_frame_capture|Ad9233MultistageDecimator:anti_alias_fir|FirDecimatingStage:stage3|snapshot[25][12]        ; 3       ;
; Ad9233FrameCapture:U2_frame_capture|Ad9233MultistageDecimator:anti_alias_fir|FirDecimatingStage:stage3|snapshot[30][12]        ; 3       ;
; Ad9233FrameCapture:U2_frame_capture|Ad9233MultistageDecimator:anti_alias_fir|FirDecimatingStage:stage3|snapshot[18][12]        ; 3       ;
; Ad9233FrameCapture:U2_frame_capture|Ad9233MultistageDecimator:anti_alias_fir|FirDecimatingStage:stage3|snapshot[26][12]        ; 3       ;
; Ad9233FrameCapture:U2_frame_capture|Ad9233MultistageDecimator:anti_alias_fir|FirDecimatingStage:stage3|snapshot[22][12]        ; 3       ;
; Ad9233FrameCapture:U2_frame_capture|Ad9233MultistageDecimator:anti_alias_fir|FirDecimatingStage:stage3|snapshot[38][11]        ; 3       ;
; Ad9233FrameCapture:U2_frame_capture|Ad9233MultistageDecimator:anti_alias_fir|FirDecimatingStage:stage3|snapshot[36][11]        ; 3       ;
; Ad9233FrameCapture:U2_frame_capture|Ad9233MultistageDecimator:anti_alias_fir|FirDecimatingStage:stage3|snapshot[37][11]        ; 3       ;
; Ad9233FrameCapture:U2_frame_capture|Ad9233MultistageDecimator:anti_alias_fir|FirDecimatingStage:stage3|snapshot[35][11]        ; 3       ;
; Ad9233FrameCapture:U2_frame_capture|Ad9233MultistageDecimator:anti_alias_fir|FirDecimatingStage:stage3|snapshot[32][11]        ; 3       ;
; Ad9233FrameCapture:U2_frame_capture|Ad9233MultistageDecimator:anti_alias_fir|FirDecimatingStage:stage3|snapshot[33][11]        ; 3       ;
; Ad9233FrameCapture:U2_frame_capture|Ad9233MultistageDecimator:anti_alias_fir|FirDecimatingStage:stage3|snapshot[34][11]        ; 3       ;
; Ad9233FrameCapture:U2_frame_capture|Ad9233MultistageDecimator:anti_alias_fir|FirDecimatingStage:stage3|snapshot[15][11]        ; 3       ;
; Ad9233FrameCapture:U2_frame_capture|Ad9233MultistageDecimator:anti_alias_fir|FirDecimatingStage:stage3|snapshot[3][11]         ; 3       ;
; Ad9233FrameCapture:U2_frame_capture|Ad9233MultistageDecimator:anti_alias_fir|FirDecimatingStage:stage3|snapshot[7][11]         ; 3       ;
; Ad9233FrameCapture:U2_frame_capture|Ad9233MultistageDecimator:anti_alias_fir|FirDecimatingStage:stage3|snapshot[11][11]        ; 3       ;
; Ad9233FrameCapture:U2_frame_capture|Ad9233MultistageDecimator:anti_alias_fir|FirDecimatingStage:stage3|snapshot[12][11]        ; 3       ;
; Ad9233FrameCapture:U2_frame_capture|Ad9233MultistageDecimator:anti_alias_fir|FirDecimatingStage:stage3|snapshot[0][11]         ; 3       ;
; Ad9233FrameCapture:U2_frame_capture|Ad9233MultistageDecimator:anti_alias_fir|FirDecimatingStage:stage3|snapshot[8][11]         ; 3       ;
; Ad9233FrameCapture:U2_frame_capture|Ad9233MultistageDecimator:anti_alias_fir|FirDecimatingStage:stage3|snapshot[4][11]         ; 3       ;
; Ad9233FrameCapture:U2_frame_capture|Ad9233MultistageDecimator:anti_alias_fir|FirDecimatingStage:stage3|snapshot[14][11]        ; 3       ;
; Ad9233FrameCapture:U2_frame_capture|Ad9233MultistageDecimator:anti_alias_fir|FirDecimatingStage:stage3|snapshot[2][11]         ; 3       ;
; Ad9233FrameCapture:U2_frame_capture|Ad9233MultistageDecimator:anti_alias_fir|FirDecimatingStage:stage3|snapshot[10][11]        ; 3       ;
; Ad9233FrameCapture:U2_frame_capture|Ad9233MultistageDecimator:anti_alias_fir|FirDecimatingStage:stage3|snapshot[6][11]         ; 3       ;
; Ad9233FrameCapture:U2_frame_capture|Ad9233MultistageDecimator:anti_alias_fir|FirDecimatingStage:stage3|snapshot[13][11]        ; 3       ;
; Ad9233FrameCapture:U2_frame_capture|Ad9233MultistageDecimator:anti_alias_fir|FirDecimatingStage:stage3|snapshot[1][11]         ; 3       ;
; Ad9233FrameCapture:U2_frame_capture|Ad9233MultistageDecimator:anti_alias_fir|FirDecimatingStage:stage3|snapshot[5][11]         ; 3       ;
; Ad9233FrameCapture:U2_frame_capture|Ad9233MultistageDecimator:anti_alias_fir|FirDecimatingStage:stage3|snapshot[9][11]         ; 3       ;
; Ad9233FrameCapture:U2_frame_capture|Ad9233MultistageDecimator:anti_alias_fir|FirDecimatingStage:stage3|snapshot[31][11]        ; 3       ;
; Ad9233FrameCapture:U2_frame_capture|Ad9233MultistageDecimator:anti_alias_fir|FirDecimatingStage:stage3|snapshot[21][11]        ; 3       ;
; Ad9233FrameCapture:U2_frame_capture|Ad9233MultistageDecimator:anti_alias_fir|FirDecimatingStage:stage3|snapshot[29][11]        ; 3       ;
; Ad9233FrameCapture:U2_frame_capture|Ad9233MultistageDecimator:anti_alias_fir|FirDecimatingStage:stage3|snapshot[23][11]        ; 3       ;
; Ad9233FrameCapture:U2_frame_capture|Ad9233MultistageDecimator:anti_alias_fir|FirDecimatingStage:stage3|snapshot[26][11]        ; 3       ;
; Ad9233FrameCapture:U2_frame_capture|Ad9233MultistageDecimator:anti_alias_fir|FirDecimatingStage:stage3|snapshot[16][11]        ; 3       ;
; Ad9233FrameCapture:U2_frame_capture|Ad9233MultistageDecimator:anti_alias_fir|FirDecimatingStage:stage3|snapshot[18][11]        ; 3       ;
; Ad9233FrameCapture:U2_frame_capture|Ad9233MultistageDecimator:anti_alias_fir|FirDecimatingStage:stage3|snapshot[24][11]        ; 3       ;
; Ad9233FrameCapture:U2_frame_capture|Ad9233MultistageDecimator:anti_alias_fir|FirDecimatingStage:stage3|snapshot[27][11]        ; 3       ;
; Ad9233FrameCapture:U2_frame_capture|Ad9233MultistageDecimator:anti_alias_fir|FirDecimatingStage:stage3|snapshot[17][11]        ; 3       ;
; Ad9233FrameCapture:U2_frame_capture|Ad9233MultistageDecimator:anti_alias_fir|FirDecimatingStage:stage3|snapshot[25][11]        ; 3       ;
; Ad9233FrameCapture:U2_frame_capture|Ad9233MultistageDecimator:anti_alias_fir|FirDecimatingStage:stage3|snapshot[19][11]        ; 3       ;
; Ad9233FrameCapture:U2_frame_capture|Ad9233MultistageDecimator:anti_alias_fir|FirDecimatingStage:stage3|snapshot[30][11]        ; 3       ;
; Ad9233FrameCapture:U2_frame_capture|Ad9233MultistageDecimator:anti_alias_fir|FirDecimatingStage:stage3|snapshot[20][11]        ; 3       ;
; Ad9233FrameCapture:U2_frame_capture|Ad9233MultistageDecimator:anti_alias_fir|FirDecimatingStage:stage3|snapshot[22][11]        ; 3       ;
; Ad9233FrameCapture:U2_frame_capture|Ad9233MultistageDecimator:anti_alias_fir|FirDecimatingStage:stage3|snapshot[28][11]        ; 3       ;
; Ad9233FrameCapture:U2_frame_capture|Ad9233MultistageDecimator:anti_alias_fir|FirDecimatingStage:stage3|snapshot[38][10]        ; 3       ;
; Ad9233FrameCapture:U2_frame_capture|Ad9233MultistageDecimator:anti_alias_fir|FirDecimatingStage:stage3|snapshot[36][10]        ; 3       ;
; Ad9233FrameCapture:U2_frame_capture|Ad9233MultistageDecimator:anti_alias_fir|FirDecimatingStage:stage3|snapshot[35][10]        ; 3       ;
; Ad9233FrameCapture:U2_frame_capture|Ad9233MultistageDecimator:anti_alias_fir|FirDecimatingStage:stage3|snapshot[32][10]        ; 3       ;
; Ad9233FrameCapture:U2_frame_capture|Ad9233MultistageDecimator:anti_alias_fir|FirDecimatingStage:stage3|snapshot[34][10]        ; 3       ;
; Ad9233FrameCapture:U2_frame_capture|Ad9233MultistageDecimator:anti_alias_fir|FirDecimatingStage:stage3|snapshot[33][10]        ; 3       ;
; Ad9233FrameCapture:U2_frame_capture|Ad9233MultistageDecimator:anti_alias_fir|FirDecimatingStage:stage3|snapshot[37][10]        ; 3       ;
; Ad9233FrameCapture:U2_frame_capture|Ad9233MultistageDecimator:anti_alias_fir|FirDecimatingStage:stage3|snapshot[15][10]        ; 3       ;
; Ad9233FrameCapture:U2_frame_capture|Ad9233MultistageDecimator:anti_alias_fir|FirDecimatingStage:stage3|snapshot[10][10]        ; 3       ;
; Ad9233FrameCapture:U2_frame_capture|Ad9233MultistageDecimator:anti_alias_fir|FirDecimatingStage:stage3|snapshot[11][10]        ; 3       ;
; Ad9233FrameCapture:U2_frame_capture|Ad9233MultistageDecimator:anti_alias_fir|FirDecimatingStage:stage3|snapshot[14][10]        ; 3       ;
; Ad9233FrameCapture:U2_frame_capture|Ad9233MultistageDecimator:anti_alias_fir|FirDecimatingStage:stage3|snapshot[5][10]         ; 3       ;
; Ad9233FrameCapture:U2_frame_capture|Ad9233MultistageDecimator:anti_alias_fir|FirDecimatingStage:stage3|snapshot[0][10]         ; 3       ;
; Ad9233FrameCapture:U2_frame_capture|Ad9233MultistageDecimator:anti_alias_fir|FirDecimatingStage:stage3|snapshot[1][10]         ; 3       ;
; Ad9233FrameCapture:U2_frame_capture|Ad9233MultistageDecimator:anti_alias_fir|FirDecimatingStage:stage3|snapshot[4][10]         ; 3       ;
; Ad9233FrameCapture:U2_frame_capture|Ad9233MultistageDecimator:anti_alias_fir|FirDecimatingStage:stage3|snapshot[7][10]         ; 3       ;
; Ad9233FrameCapture:U2_frame_capture|Ad9233MultistageDecimator:anti_alias_fir|FirDecimatingStage:stage3|snapshot[2][10]         ; 3       ;
; Ad9233FrameCapture:U2_frame_capture|Ad9233MultistageDecimator:anti_alias_fir|FirDecimatingStage:stage3|snapshot[6][10]         ; 3       ;
; Ad9233FrameCapture:U2_frame_capture|Ad9233MultistageDecimator:anti_alias_fir|FirDecimatingStage:stage3|snapshot[3][10]         ; 3       ;
; Ad9233FrameCapture:U2_frame_capture|Ad9233MultistageDecimator:anti_alias_fir|FirDecimatingStage:stage3|snapshot[13][10]        ; 3       ;
; Ad9233FrameCapture:U2_frame_capture|Ad9233MultistageDecimator:anti_alias_fir|FirDecimatingStage:stage3|snapshot[8][10]         ; 3       ;
; Ad9233FrameCapture:U2_frame_capture|Ad9233MultistageDecimator:anti_alias_fir|FirDecimatingStage:stage3|snapshot[9][10]         ; 3       ;
; Ad9233FrameCapture:U2_frame_capture|Ad9233MultistageDecimator:anti_alias_fir|FirDecimatingStage:stage3|snapshot[12][10]        ; 3       ;
; Ad9233FrameCapture:U2_frame_capture|Ad9233MultistageDecimator:anti_alias_fir|FirDecimatingStage:stage3|snapshot[31][10]        ; 3       ;
; Ad9233FrameCapture:U2_frame_capture|Ad9233MultistageDecimator:anti_alias_fir|FirDecimatingStage:stage3|snapshot[21][10]        ; 3       ;
; Ad9233FrameCapture:U2_frame_capture|Ad9233MultistageDecimator:anti_alias_fir|FirDecimatingStage:stage3|snapshot[23][10]        ; 3       ;
; Ad9233FrameCapture:U2_frame_capture|Ad9233MultistageDecimator:anti_alias_fir|FirDecimatingStage:stage3|snapshot[29][10]        ; 3       ;
; Ad9233FrameCapture:U2_frame_capture|Ad9233MultistageDecimator:anti_alias_fir|FirDecimatingStage:stage3|snapshot[26][10]        ; 3       ;
; Ad9233FrameCapture:U2_frame_capture|Ad9233MultistageDecimator:anti_alias_fir|FirDecimatingStage:stage3|snapshot[16][10]        ; 3       ;
; Ad9233FrameCapture:U2_frame_capture|Ad9233MultistageDecimator:anti_alias_fir|FirDecimatingStage:stage3|snapshot[24][10]        ; 3       ;
; Ad9233FrameCapture:U2_frame_capture|Ad9233MultistageDecimator:anti_alias_fir|FirDecimatingStage:stage3|snapshot[18][10]        ; 3       ;
; Ad9233FrameCapture:U2_frame_capture|Ad9233MultistageDecimator:anti_alias_fir|FirDecimatingStage:stage3|snapshot[30][10]        ; 3       ;
; Ad9233FrameCapture:U2_frame_capture|Ad9233MultistageDecimator:anti_alias_fir|FirDecimatingStage:stage3|snapshot[20][10]        ; 3       ;
; Ad9233FrameCapture:U2_frame_capture|Ad9233MultistageDecimator:anti_alias_fir|FirDecimatingStage:stage3|snapshot[28][10]        ; 3       ;
; Ad9233FrameCapture:U2_frame_capture|Ad9233MultistageDecimator:anti_alias_fir|FirDecimatingStage:stage3|snapshot[22][10]        ; 3       ;
; Ad9233FrameCapture:U2_frame_capture|Ad9233MultistageDecimator:anti_alias_fir|FirDecimatingStage:stage3|snapshot[27][10]        ; 3       ;
; Ad9233FrameCapture:U2_frame_capture|Ad9233MultistageDecimator:anti_alias_fir|FirDecimatingStage:stage3|snapshot[17][10]        ; 3       ;
; Ad9233FrameCapture:U2_frame_capture|Ad9233MultistageDecimator:anti_alias_fir|FirDecimatingStage:stage3|snapshot[19][10]        ; 3       ;
; Ad9233FrameCapture:U2_frame_capture|Ad9233MultistageDecimator:anti_alias_fir|FirDecimatingStage:stage3|snapshot[25][10]        ; 3       ;
; Ad9233FrameCapture:U2_frame_capture|Ad9233MultistageDecimator:anti_alias_fir|FirDecimatingStage:stage3|snapshot[38][9]         ; 3       ;
; Ad9233FrameCapture:U2_frame_capture|Ad9233MultistageDecimator:anti_alias_fir|FirDecimatingStage:stage3|snapshot[36][9]         ; 3       ;
; Ad9233FrameCapture:U2_frame_capture|Ad9233MultistageDecimator:anti_alias_fir|FirDecimatingStage:stage3|snapshot[37][9]         ; 3       ;
; Ad9233FrameCapture:U2_frame_capture|Ad9233MultistageDecimator:anti_alias_fir|FirDecimatingStage:stage3|snapshot[35][9]         ; 3       ;
; Ad9233FrameCapture:U2_frame_capture|Ad9233MultistageDecimator:anti_alias_fir|FirDecimatingStage:stage3|snapshot[32][9]         ; 3       ;
; Ad9233FrameCapture:U2_frame_capture|Ad9233MultistageDecimator:anti_alias_fir|FirDecimatingStage:stage3|snapshot[33][9]         ; 3       ;
; Ad9233FrameCapture:U2_frame_capture|Ad9233MultistageDecimator:anti_alias_fir|FirDecimatingStage:stage3|snapshot[34][9]         ; 3       ;
; Ad9233FrameCapture:U2_frame_capture|Ad9233MultistageDecimator:anti_alias_fir|FirDecimatingStage:stage3|snapshot[15][9]         ; 3       ;
; Ad9233FrameCapture:U2_frame_capture|Ad9233MultistageDecimator:anti_alias_fir|FirDecimatingStage:stage3|snapshot[10][9]         ; 3       ;
; Ad9233FrameCapture:U2_frame_capture|Ad9233MultistageDecimator:anti_alias_fir|FirDecimatingStage:stage3|snapshot[14][9]         ; 3       ;
; Ad9233FrameCapture:U2_frame_capture|Ad9233MultistageDecimator:anti_alias_fir|FirDecimatingStage:stage3|snapshot[11][9]         ; 3       ;
; Ad9233FrameCapture:U2_frame_capture|Ad9233MultistageDecimator:anti_alias_fir|FirDecimatingStage:stage3|snapshot[5][9]          ; 3       ;
; Ad9233FrameCapture:U2_frame_capture|Ad9233MultistageDecimator:anti_alias_fir|FirDecimatingStage:stage3|snapshot[0][9]          ; 3       ;
; Ad9233FrameCapture:U2_frame_capture|Ad9233MultistageDecimator:anti_alias_fir|FirDecimatingStage:stage3|snapshot[1][9]          ; 3       ;
; Ad9233FrameCapture:U2_frame_capture|Ad9233MultistageDecimator:anti_alias_fir|FirDecimatingStage:stage3|snapshot[4][9]          ; 3       ;
; Ad9233FrameCapture:U2_frame_capture|Ad9233MultistageDecimator:anti_alias_fir|FirDecimatingStage:stage3|snapshot[13][9]         ; 3       ;
; Ad9233FrameCapture:U2_frame_capture|Ad9233MultistageDecimator:anti_alias_fir|FirDecimatingStage:stage3|snapshot[8][9]          ; 3       ;
; Ad9233FrameCapture:U2_frame_capture|Ad9233MultistageDecimator:anti_alias_fir|FirDecimatingStage:stage3|snapshot[12][9]         ; 3       ;
; Ad9233FrameCapture:U2_frame_capture|Ad9233MultistageDecimator:anti_alias_fir|FirDecimatingStage:stage3|snapshot[9][9]          ; 3       ;
; Ad9233FrameCapture:U2_frame_capture|Ad9233MultistageDecimator:anti_alias_fir|FirDecimatingStage:stage3|snapshot[7][9]          ; 3       ;
; Ad9233FrameCapture:U2_frame_capture|Ad9233MultistageDecimator:anti_alias_fir|FirDecimatingStage:stage3|snapshot[2][9]          ; 3       ;
; Ad9233FrameCapture:U2_frame_capture|Ad9233MultistageDecimator:anti_alias_fir|FirDecimatingStage:stage3|snapshot[3][9]          ; 3       ;
; Ad9233FrameCapture:U2_frame_capture|Ad9233MultistageDecimator:anti_alias_fir|FirDecimatingStage:stage3|snapshot[6][9]          ; 3       ;
; Ad9233FrameCapture:U2_frame_capture|Ad9233MultistageDecimator:anti_alias_fir|FirDecimatingStage:stage3|snapshot[31][9]         ; 3       ;
; Ad9233FrameCapture:U2_frame_capture|Ad9233MultistageDecimator:anti_alias_fir|FirDecimatingStage:stage3|snapshot[21][9]         ; 3       ;
; Ad9233FrameCapture:U2_frame_capture|Ad9233MultistageDecimator:anti_alias_fir|FirDecimatingStage:stage3|snapshot[29][9]         ; 3       ;
; Ad9233FrameCapture:U2_frame_capture|Ad9233MultistageDecimator:anti_alias_fir|FirDecimatingStage:stage3|snapshot[23][9]         ; 3       ;
; Ad9233FrameCapture:U2_frame_capture|Ad9233MultistageDecimator:anti_alias_fir|FirDecimatingStage:stage3|snapshot[26][9]         ; 3       ;
; Ad9233FrameCapture:U2_frame_capture|Ad9233MultistageDecimator:anti_alias_fir|FirDecimatingStage:stage3|snapshot[16][9]         ; 3       ;
; Ad9233FrameCapture:U2_frame_capture|Ad9233MultistageDecimator:anti_alias_fir|FirDecimatingStage:stage3|snapshot[18][9]         ; 3       ;
; Ad9233FrameCapture:U2_frame_capture|Ad9233MultistageDecimator:anti_alias_fir|FirDecimatingStage:stage3|snapshot[24][9]         ; 3       ;
; Ad9233FrameCapture:U2_frame_capture|Ad9233MultistageDecimator:anti_alias_fir|FirDecimatingStage:stage3|snapshot[27][9]         ; 3       ;
; Ad9233FrameCapture:U2_frame_capture|Ad9233MultistageDecimator:anti_alias_fir|FirDecimatingStage:stage3|snapshot[17][9]         ; 3       ;
; Ad9233FrameCapture:U2_frame_capture|Ad9233MultistageDecimator:anti_alias_fir|FirDecimatingStage:stage3|snapshot[25][9]         ; 3       ;
; Ad9233FrameCapture:U2_frame_capture|Ad9233MultistageDecimator:anti_alias_fir|FirDecimatingStage:stage3|snapshot[19][9]         ; 3       ;
; Ad9233FrameCapture:U2_frame_capture|Ad9233MultistageDecimator:anti_alias_fir|FirDecimatingStage:stage3|snapshot[30][9]         ; 3       ;
; Ad9233FrameCapture:U2_frame_capture|Ad9233MultistageDecimator:anti_alias_fir|FirDecimatingStage:stage3|snapshot[20][9]         ; 3       ;
; Ad9233FrameCapture:U2_frame_capture|Ad9233MultistageDecimator:anti_alias_fir|FirDecimatingStage:stage3|snapshot[22][9]         ; 3       ;
; Ad9233FrameCapture:U2_frame_capture|Ad9233MultistageDecimator:anti_alias_fir|FirDecimatingStage:stage3|snapshot[28][9]         ; 3       ;
; Ad9233FrameCapture:U2_frame_capture|Ad9233MultistageDecimator:anti_alias_fir|FirDecimatingStage:stage3|snapshot[38][8]         ; 3       ;
; Ad9233FrameCapture:U2_frame_capture|Ad9233MultistageDecimator:anti_alias_fir|FirDecimatingStage:stage3|snapshot[36][8]         ; 3       ;
; Ad9233FrameCapture:U2_frame_capture|Ad9233MultistageDecimator:anti_alias_fir|FirDecimatingStage:stage3|snapshot[35][8]         ; 3       ;
; Ad9233FrameCapture:U2_frame_capture|Ad9233MultistageDecimator:anti_alias_fir|FirDecimatingStage:stage3|snapshot[32][8]         ; 3       ;
; Ad9233FrameCapture:U2_frame_capture|Ad9233MultistageDecimator:anti_alias_fir|FirDecimatingStage:stage3|snapshot[34][8]         ; 3       ;
; Ad9233FrameCapture:U2_frame_capture|Ad9233MultistageDecimator:anti_alias_fir|FirDecimatingStage:stage3|snapshot[33][8]         ; 3       ;
; Ad9233FrameCapture:U2_frame_capture|Ad9233MultistageDecimator:anti_alias_fir|FirDecimatingStage:stage3|snapshot[37][8]         ; 3       ;
; Ad9233FrameCapture:U2_frame_capture|Ad9233MultistageDecimator:anti_alias_fir|FirDecimatingStage:stage3|snapshot[15][8]         ; 3       ;
; Ad9233FrameCapture:U2_frame_capture|Ad9233MultistageDecimator:anti_alias_fir|FirDecimatingStage:stage3|snapshot[10][8]         ; 3       ;
; Ad9233FrameCapture:U2_frame_capture|Ad9233MultistageDecimator:anti_alias_fir|FirDecimatingStage:stage3|snapshot[11][8]         ; 3       ;
; Ad9233FrameCapture:U2_frame_capture|Ad9233MultistageDecimator:anti_alias_fir|FirDecimatingStage:stage3|snapshot[14][8]         ; 3       ;
; Ad9233FrameCapture:U2_frame_capture|Ad9233MultistageDecimator:anti_alias_fir|FirDecimatingStage:stage3|snapshot[5][8]          ; 3       ;
; Ad9233FrameCapture:U2_frame_capture|Ad9233MultistageDecimator:anti_alias_fir|FirDecimatingStage:stage3|snapshot[0][8]          ; 3       ;
; Ad9233FrameCapture:U2_frame_capture|Ad9233MultistageDecimator:anti_alias_fir|FirDecimatingStage:stage3|snapshot[4][8]          ; 3       ;
; Ad9233FrameCapture:U2_frame_capture|Ad9233MultistageDecimator:anti_alias_fir|FirDecimatingStage:stage3|snapshot[1][8]          ; 3       ;
; Ad9233FrameCapture:U2_frame_capture|Ad9233MultistageDecimator:anti_alias_fir|FirDecimatingStage:stage3|snapshot[7][8]          ; 3       ;
; Ad9233FrameCapture:U2_frame_capture|Ad9233MultistageDecimator:anti_alias_fir|FirDecimatingStage:stage3|snapshot[2][8]          ; 3       ;
; Ad9233FrameCapture:U2_frame_capture|Ad9233MultistageDecimator:anti_alias_fir|FirDecimatingStage:stage3|snapshot[6][8]          ; 3       ;
; Ad9233FrameCapture:U2_frame_capture|Ad9233MultistageDecimator:anti_alias_fir|FirDecimatingStage:stage3|snapshot[3][8]          ; 3       ;
; Ad9233FrameCapture:U2_frame_capture|Ad9233MultistageDecimator:anti_alias_fir|FirDecimatingStage:stage3|snapshot[13][8]         ; 3       ;
; Ad9233FrameCapture:U2_frame_capture|Ad9233MultistageDecimator:anti_alias_fir|FirDecimatingStage:stage3|snapshot[8][8]          ; 3       ;
; Ad9233FrameCapture:U2_frame_capture|Ad9233MultistageDecimator:anti_alias_fir|FirDecimatingStage:stage3|snapshot[9][8]          ; 3       ;
; Ad9233FrameCapture:U2_frame_capture|Ad9233MultistageDecimator:anti_alias_fir|FirDecimatingStage:stage3|snapshot[12][8]         ; 3       ;
; Ad9233FrameCapture:U2_frame_capture|Ad9233MultistageDecimator:anti_alias_fir|FirDecimatingStage:stage3|snapshot[31][8]         ; 3       ;
; Ad9233FrameCapture:U2_frame_capture|Ad9233MultistageDecimator:anti_alias_fir|FirDecimatingStage:stage3|snapshot[21][8]         ; 3       ;
; Ad9233FrameCapture:U2_frame_capture|Ad9233MultistageDecimator:anti_alias_fir|FirDecimatingStage:stage3|snapshot[23][8]         ; 3       ;
; Ad9233FrameCapture:U2_frame_capture|Ad9233MultistageDecimator:anti_alias_fir|FirDecimatingStage:stage3|snapshot[29][8]         ; 3       ;
; Ad9233FrameCapture:U2_frame_capture|Ad9233MultistageDecimator:anti_alias_fir|FirDecimatingStage:stage3|snapshot[26][8]         ; 3       ;
; Ad9233FrameCapture:U2_frame_capture|Ad9233MultistageDecimator:anti_alias_fir|FirDecimatingStage:stage3|snapshot[16][8]         ; 3       ;
; Ad9233FrameCapture:U2_frame_capture|Ad9233MultistageDecimator:anti_alias_fir|FirDecimatingStage:stage3|snapshot[24][8]         ; 3       ;
; Ad9233FrameCapture:U2_frame_capture|Ad9233MultistageDecimator:anti_alias_fir|FirDecimatingStage:stage3|snapshot[18][8]         ; 3       ;
; Ad9233FrameCapture:U2_frame_capture|Ad9233MultistageDecimator:anti_alias_fir|FirDecimatingStage:stage3|snapshot[30][8]         ; 3       ;
; Ad9233FrameCapture:U2_frame_capture|Ad9233MultistageDecimator:anti_alias_fir|FirDecimatingStage:stage3|snapshot[20][8]         ; 3       ;
; Ad9233FrameCapture:U2_frame_capture|Ad9233MultistageDecimator:anti_alias_fir|FirDecimatingStage:stage3|snapshot[28][8]         ; 3       ;
; Ad9233FrameCapture:U2_frame_capture|Ad9233MultistageDecimator:anti_alias_fir|FirDecimatingStage:stage3|snapshot[22][8]         ; 3       ;
; Ad9233FrameCapture:U2_frame_capture|Ad9233MultistageDecimator:anti_alias_fir|FirDecimatingStage:stage3|snapshot[27][8]         ; 3       ;
; Ad9233FrameCapture:U2_frame_capture|Ad9233MultistageDecimator:anti_alias_fir|FirDecimatingStage:stage3|snapshot[17][8]         ; 3       ;
; Ad9233FrameCapture:U2_frame_capture|Ad9233MultistageDecimator:anti_alias_fir|FirDecimatingStage:stage3|snapshot[19][8]         ; 3       ;
; Ad9233FrameCapture:U2_frame_capture|Ad9233MultistageDecimator:anti_alias_fir|FirDecimatingStage:stage3|snapshot[25][8]         ; 3       ;
; Ad9233FrameCapture:U2_frame_capture|Ad9233MultistageDecimator:anti_alias_fir|FirDecimatingStage:stage3|snapshot[38][7]         ; 3       ;
; Ad9233FrameCapture:U2_frame_capture|Ad9233MultistageDecimator:anti_alias_fir|FirDecimatingStage:stage3|snapshot[36][7]         ; 3       ;
; Ad9233FrameCapture:U2_frame_capture|Ad9233MultistageDecimator:anti_alias_fir|FirDecimatingStage:stage3|snapshot[37][7]         ; 3       ;
; Ad9233FrameCapture:U2_frame_capture|Ad9233MultistageDecimator:anti_alias_fir|FirDecimatingStage:stage3|snapshot[35][7]         ; 3       ;
; Ad9233FrameCapture:U2_frame_capture|Ad9233MultistageDecimator:anti_alias_fir|FirDecimatingStage:stage3|snapshot[32][7]         ; 3       ;
; Ad9233FrameCapture:U2_frame_capture|Ad9233MultistageDecimator:anti_alias_fir|FirDecimatingStage:stage3|snapshot[33][7]         ; 3       ;
; Ad9233FrameCapture:U2_frame_capture|Ad9233MultistageDecimator:anti_alias_fir|FirDecimatingStage:stage3|snapshot[34][7]         ; 3       ;
; Ad9233FrameCapture:U2_frame_capture|Ad9233MultistageDecimator:anti_alias_fir|FirDecimatingStage:stage3|snapshot[15][7]         ; 3       ;
; Ad9233FrameCapture:U2_frame_capture|Ad9233MultistageDecimator:anti_alias_fir|FirDecimatingStage:stage3|snapshot[10][7]         ; 3       ;
; Ad9233FrameCapture:U2_frame_capture|Ad9233MultistageDecimator:anti_alias_fir|FirDecimatingStage:stage3|snapshot[14][7]         ; 3       ;
; Ad9233FrameCapture:U2_frame_capture|Ad9233MultistageDecimator:anti_alias_fir|FirDecimatingStage:stage3|snapshot[11][7]         ; 3       ;
; Ad9233FrameCapture:U2_frame_capture|Ad9233MultistageDecimator:anti_alias_fir|FirDecimatingStage:stage3|snapshot[5][7]          ; 3       ;
; Ad9233FrameCapture:U2_frame_capture|Ad9233MultistageDecimator:anti_alias_fir|FirDecimatingStage:stage3|snapshot[0][7]          ; 3       ;
; Ad9233FrameCapture:U2_frame_capture|Ad9233MultistageDecimator:anti_alias_fir|FirDecimatingStage:stage3|snapshot[1][7]          ; 3       ;
; Ad9233FrameCapture:U2_frame_capture|Ad9233MultistageDecimator:anti_alias_fir|FirDecimatingStage:stage3|snapshot[4][7]          ; 3       ;
; Ad9233FrameCapture:U2_frame_capture|Ad9233MultistageDecimator:anti_alias_fir|FirDecimatingStage:stage3|snapshot[13][7]         ; 3       ;
; Ad9233FrameCapture:U2_frame_capture|Ad9233MultistageDecimator:anti_alias_fir|FirDecimatingStage:stage3|snapshot[8][7]          ; 3       ;
; Ad9233FrameCapture:U2_frame_capture|Ad9233MultistageDecimator:anti_alias_fir|FirDecimatingStage:stage3|snapshot[12][7]         ; 3       ;
; Ad9233FrameCapture:U2_frame_capture|Ad9233MultistageDecimator:anti_alias_fir|FirDecimatingStage:stage3|snapshot[9][7]          ; 3       ;
; Ad9233FrameCapture:U2_frame_capture|Ad9233MultistageDecimator:anti_alias_fir|FirDecimatingStage:stage3|snapshot[7][7]          ; 3       ;
; Ad9233FrameCapture:U2_frame_capture|Ad9233MultistageDecimator:anti_alias_fir|FirDecimatingStage:stage3|snapshot[2][7]          ; 3       ;
; Ad9233FrameCapture:U2_frame_capture|Ad9233MultistageDecimator:anti_alias_fir|FirDecimatingStage:stage3|snapshot[3][7]          ; 3       ;
; Ad9233FrameCapture:U2_frame_capture|Ad9233MultistageDecimator:anti_alias_fir|FirDecimatingStage:stage3|snapshot[6][7]          ; 3       ;
; Ad9233FrameCapture:U2_frame_capture|Ad9233MultistageDecimator:anti_alias_fir|FirDecimatingStage:stage3|snapshot[31][7]         ; 3       ;
; Ad9233FrameCapture:U2_frame_capture|Ad9233MultistageDecimator:anti_alias_fir|FirDecimatingStage:stage3|snapshot[21][7]         ; 3       ;
; Ad9233FrameCapture:U2_frame_capture|Ad9233MultistageDecimator:anti_alias_fir|FirDecimatingStage:stage3|snapshot[29][7]         ; 3       ;
; Ad9233FrameCapture:U2_frame_capture|Ad9233MultistageDecimator:anti_alias_fir|FirDecimatingStage:stage3|snapshot[23][7]         ; 3       ;
; Ad9233FrameCapture:U2_frame_capture|Ad9233MultistageDecimator:anti_alias_fir|FirDecimatingStage:stage3|snapshot[26][7]         ; 3       ;
; Ad9233FrameCapture:U2_frame_capture|Ad9233MultistageDecimator:anti_alias_fir|FirDecimatingStage:stage3|snapshot[16][7]         ; 3       ;
; Ad9233FrameCapture:U2_frame_capture|Ad9233MultistageDecimator:anti_alias_fir|FirDecimatingStage:stage3|snapshot[18][7]         ; 3       ;
; Ad9233FrameCapture:U2_frame_capture|Ad9233MultistageDecimator:anti_alias_fir|FirDecimatingStage:stage3|snapshot[24][7]         ; 3       ;
; Ad9233FrameCapture:U2_frame_capture|Ad9233MultistageDecimator:anti_alias_fir|FirDecimatingStage:stage3|snapshot[27][7]         ; 3       ;
; Ad9233FrameCapture:U2_frame_capture|Ad9233MultistageDecimator:anti_alias_fir|FirDecimatingStage:stage3|snapshot[17][7]         ; 3       ;
; Ad9233FrameCapture:U2_frame_capture|Ad9233MultistageDecimator:anti_alias_fir|FirDecimatingStage:stage3|snapshot[25][7]         ; 3       ;
; Ad9233FrameCapture:U2_frame_capture|Ad9233MultistageDecimator:anti_alias_fir|FirDecimatingStage:stage3|snapshot[19][7]         ; 3       ;
; Ad9233FrameCapture:U2_frame_capture|Ad9233MultistageDecimator:anti_alias_fir|FirDecimatingStage:stage3|snapshot[30][7]         ; 3       ;
; Ad9233FrameCapture:U2_frame_capture|Ad9233MultistageDecimator:anti_alias_fir|FirDecimatingStage:stage3|snapshot[20][7]         ; 3       ;
; Ad9233FrameCapture:U2_frame_capture|Ad9233MultistageDecimator:anti_alias_fir|FirDecimatingStage:stage3|snapshot[22][7]         ; 3       ;
; Ad9233FrameCapture:U2_frame_capture|Ad9233MultistageDecimator:anti_alias_fir|FirDecimatingStage:stage3|snapshot[28][7]         ; 3       ;
; Ad9233FrameCapture:U2_frame_capture|Ad9233MultistageDecimator:anti_alias_fir|FirDecimatingStage:stage3|snapshot[38][6]         ; 3       ;
; Ad9233FrameCapture:U2_frame_capture|Ad9233MultistageDecimator:anti_alias_fir|FirDecimatingStage:stage3|snapshot[36][6]         ; 3       ;
; Ad9233FrameCapture:U2_frame_capture|Ad9233MultistageDecimator:anti_alias_fir|FirDecimatingStage:stage3|snapshot[35][6]         ; 3       ;
; Ad9233FrameCapture:U2_frame_capture|Ad9233MultistageDecimator:anti_alias_fir|FirDecimatingStage:stage3|snapshot[32][6]         ; 3       ;
; Ad9233FrameCapture:U2_frame_capture|Ad9233MultistageDecimator:anti_alias_fir|FirDecimatingStage:stage3|snapshot[34][6]         ; 3       ;
; Ad9233FrameCapture:U2_frame_capture|Ad9233MultistageDecimator:anti_alias_fir|FirDecimatingStage:stage3|snapshot[33][6]         ; 3       ;
; Ad9233FrameCapture:U2_frame_capture|Ad9233MultistageDecimator:anti_alias_fir|FirDecimatingStage:stage3|snapshot[37][6]         ; 3       ;
; Ad9233FrameCapture:U2_frame_capture|Ad9233MultistageDecimator:anti_alias_fir|FirDecimatingStage:stage3|snapshot[15][6]         ; 3       ;
; Ad9233FrameCapture:U2_frame_capture|Ad9233MultistageDecimator:anti_alias_fir|FirDecimatingStage:stage3|snapshot[10][6]         ; 3       ;
; Ad9233FrameCapture:U2_frame_capture|Ad9233MultistageDecimator:anti_alias_fir|FirDecimatingStage:stage3|snapshot[11][6]         ; 3       ;
; Ad9233FrameCapture:U2_frame_capture|Ad9233MultistageDecimator:anti_alias_fir|FirDecimatingStage:stage3|snapshot[14][6]         ; 3       ;
; Ad9233FrameCapture:U2_frame_capture|Ad9233MultistageDecimator:anti_alias_fir|FirDecimatingStage:stage3|snapshot[5][6]          ; 3       ;
; Ad9233FrameCapture:U2_frame_capture|Ad9233MultistageDecimator:anti_alias_fir|FirDecimatingStage:stage3|snapshot[0][6]          ; 3       ;
; Ad9233FrameCapture:U2_frame_capture|Ad9233MultistageDecimator:anti_alias_fir|FirDecimatingStage:stage3|snapshot[4][6]          ; 3       ;
; Ad9233FrameCapture:U2_frame_capture|Ad9233MultistageDecimator:anti_alias_fir|FirDecimatingStage:stage3|snapshot[1][6]          ; 3       ;
; Ad9233FrameCapture:U2_frame_capture|Ad9233MultistageDecimator:anti_alias_fir|FirDecimatingStage:stage3|snapshot[7][6]          ; 3       ;
; Ad9233FrameCapture:U2_frame_capture|Ad9233MultistageDecimator:anti_alias_fir|FirDecimatingStage:stage3|snapshot[2][6]          ; 3       ;
; Ad9233FrameCapture:U2_frame_capture|Ad9233MultistageDecimator:anti_alias_fir|FirDecimatingStage:stage3|snapshot[6][6]          ; 3       ;
; Ad9233FrameCapture:U2_frame_capture|Ad9233MultistageDecimator:anti_alias_fir|FirDecimatingStage:stage3|snapshot[3][6]          ; 3       ;
; Ad9233FrameCapture:U2_frame_capture|Ad9233MultistageDecimator:anti_alias_fir|FirDecimatingStage:stage3|snapshot[13][6]         ; 3       ;
; Ad9233FrameCapture:U2_frame_capture|Ad9233MultistageDecimator:anti_alias_fir|FirDecimatingStage:stage3|snapshot[8][6]          ; 3       ;
; Ad9233FrameCapture:U2_frame_capture|Ad9233MultistageDecimator:anti_alias_fir|FirDecimatingStage:stage3|snapshot[9][6]          ; 3       ;
; Ad9233FrameCapture:U2_frame_capture|Ad9233MultistageDecimator:anti_alias_fir|FirDecimatingStage:stage3|snapshot[12][6]         ; 3       ;
; Ad9233FrameCapture:U2_frame_capture|Ad9233MultistageDecimator:anti_alias_fir|FirDecimatingStage:stage3|snapshot[31][6]         ; 3       ;
; Ad9233FrameCapture:U2_frame_capture|Ad9233MultistageDecimator:anti_alias_fir|FirDecimatingStage:stage3|snapshot[21][6]         ; 3       ;
; Ad9233FrameCapture:U2_frame_capture|Ad9233MultistageDecimator:anti_alias_fir|FirDecimatingStage:stage3|snapshot[23][6]         ; 3       ;
; Ad9233FrameCapture:U2_frame_capture|Ad9233MultistageDecimator:anti_alias_fir|FirDecimatingStage:stage3|snapshot[29][6]         ; 3       ;
; Ad9233FrameCapture:U2_frame_capture|Ad9233MultistageDecimator:anti_alias_fir|FirDecimatingStage:stage3|snapshot[26][6]         ; 3       ;
; Ad9233FrameCapture:U2_frame_capture|Ad9233MultistageDecimator:anti_alias_fir|FirDecimatingStage:stage3|snapshot[16][6]         ; 3       ;
; Ad9233FrameCapture:U2_frame_capture|Ad9233MultistageDecimator:anti_alias_fir|FirDecimatingStage:stage3|snapshot[24][6]         ; 3       ;
; Ad9233FrameCapture:U2_frame_capture|Ad9233MultistageDecimator:anti_alias_fir|FirDecimatingStage:stage3|snapshot[18][6]         ; 3       ;
; Ad9233FrameCapture:U2_frame_capture|Ad9233MultistageDecimator:anti_alias_fir|FirDecimatingStage:stage3|snapshot[30][6]         ; 3       ;
; Ad9233FrameCapture:U2_frame_capture|Ad9233MultistageDecimator:anti_alias_fir|FirDecimatingStage:stage3|snapshot[20][6]         ; 3       ;
; Ad9233FrameCapture:U2_frame_capture|Ad9233MultistageDecimator:anti_alias_fir|FirDecimatingStage:stage3|snapshot[28][6]         ; 3       ;
; Ad9233FrameCapture:U2_frame_capture|Ad9233MultistageDecimator:anti_alias_fir|FirDecimatingStage:stage3|snapshot[22][6]         ; 3       ;
; Ad9233FrameCapture:U2_frame_capture|Ad9233MultistageDecimator:anti_alias_fir|FirDecimatingStage:stage3|snapshot[27][6]         ; 3       ;
; Ad9233FrameCapture:U2_frame_capture|Ad9233MultistageDecimator:anti_alias_fir|FirDecimatingStage:stage3|snapshot[17][6]         ; 3       ;
; Ad9233FrameCapture:U2_frame_capture|Ad9233MultistageDecimator:anti_alias_fir|FirDecimatingStage:stage3|snapshot[19][6]         ; 3       ;
; Ad9233FrameCapture:U2_frame_capture|Ad9233MultistageDecimator:anti_alias_fir|FirDecimatingStage:stage3|snapshot[25][6]         ; 3       ;
; Ad9233FrameCapture:U2_frame_capture|Ad9233MultistageDecimator:anti_alias_fir|FirDecimatingStage:stage3|snapshot[38][5]         ; 3       ;
; Ad9233FrameCapture:U2_frame_capture|Ad9233MultistageDecimator:anti_alias_fir|FirDecimatingStage:stage3|snapshot[36][5]         ; 3       ;
; Ad9233FrameCapture:U2_frame_capture|Ad9233MultistageDecimator:anti_alias_fir|FirDecimatingStage:stage3|snapshot[37][5]         ; 3       ;
; Ad9233FrameCapture:U2_frame_capture|Ad9233MultistageDecimator:anti_alias_fir|FirDecimatingStage:stage3|snapshot[35][5]         ; 3       ;
; Ad9233FrameCapture:U2_frame_capture|Ad9233MultistageDecimator:anti_alias_fir|FirDecimatingStage:stage3|snapshot[32][5]         ; 3       ;
; Ad9233FrameCapture:U2_frame_capture|Ad9233MultistageDecimator:anti_alias_fir|FirDecimatingStage:stage3|snapshot[33][5]         ; 3       ;
; Ad9233FrameCapture:U2_frame_capture|Ad9233MultistageDecimator:anti_alias_fir|FirDecimatingStage:stage3|snapshot[34][5]         ; 3       ;
; Ad9233FrameCapture:U2_frame_capture|Ad9233MultistageDecimator:anti_alias_fir|FirDecimatingStage:stage3|snapshot[15][5]         ; 3       ;
; Ad9233FrameCapture:U2_frame_capture|Ad9233MultistageDecimator:anti_alias_fir|FirDecimatingStage:stage3|snapshot[10][5]         ; 3       ;
; Ad9233FrameCapture:U2_frame_capture|Ad9233MultistageDecimator:anti_alias_fir|FirDecimatingStage:stage3|snapshot[14][5]         ; 3       ;
; Ad9233FrameCapture:U2_frame_capture|Ad9233MultistageDecimator:anti_alias_fir|FirDecimatingStage:stage3|snapshot[11][5]         ; 3       ;
; Ad9233FrameCapture:U2_frame_capture|Ad9233MultistageDecimator:anti_alias_fir|FirDecimatingStage:stage3|snapshot[5][5]          ; 3       ;
; Ad9233FrameCapture:U2_frame_capture|Ad9233MultistageDecimator:anti_alias_fir|FirDecimatingStage:stage3|snapshot[0][5]          ; 3       ;
; Ad9233FrameCapture:U2_frame_capture|Ad9233MultistageDecimator:anti_alias_fir|FirDecimatingStage:stage3|snapshot[1][5]          ; 3       ;
; Ad9233FrameCapture:U2_frame_capture|Ad9233MultistageDecimator:anti_alias_fir|FirDecimatingStage:stage3|snapshot[4][5]          ; 3       ;
; Ad9233FrameCapture:U2_frame_capture|Ad9233MultistageDecimator:anti_alias_fir|FirDecimatingStage:stage3|snapshot[13][5]         ; 3       ;
; Ad9233FrameCapture:U2_frame_capture|Ad9233MultistageDecimator:anti_alias_fir|FirDecimatingStage:stage3|snapshot[8][5]          ; 3       ;
; Ad9233FrameCapture:U2_frame_capture|Ad9233MultistageDecimator:anti_alias_fir|FirDecimatingStage:stage3|snapshot[12][5]         ; 3       ;
; Ad9233FrameCapture:U2_frame_capture|Ad9233MultistageDecimator:anti_alias_fir|FirDecimatingStage:stage3|snapshot[9][5]          ; 3       ;
; Ad9233FrameCapture:U2_frame_capture|Ad9233MultistageDecimator:anti_alias_fir|FirDecimatingStage:stage3|snapshot[7][5]          ; 3       ;
; Ad9233FrameCapture:U2_frame_capture|Ad9233MultistageDecimator:anti_alias_fir|FirDecimatingStage:stage3|snapshot[2][5]          ; 3       ;
; Ad9233FrameCapture:U2_frame_capture|Ad9233MultistageDecimator:anti_alias_fir|FirDecimatingStage:stage3|snapshot[3][5]          ; 3       ;
; Ad9233FrameCapture:U2_frame_capture|Ad9233MultistageDecimator:anti_alias_fir|FirDecimatingStage:stage3|snapshot[6][5]          ; 3       ;
; Ad9233FrameCapture:U2_frame_capture|Ad9233MultistageDecimator:anti_alias_fir|FirDecimatingStage:stage3|snapshot[31][5]         ; 3       ;
; Ad9233FrameCapture:U2_frame_capture|Ad9233MultistageDecimator:anti_alias_fir|FirDecimatingStage:stage3|snapshot[21][5]         ; 3       ;
; Ad9233FrameCapture:U2_frame_capture|Ad9233MultistageDecimator:anti_alias_fir|FirDecimatingStage:stage3|snapshot[29][5]         ; 3       ;
; Ad9233FrameCapture:U2_frame_capture|Ad9233MultistageDecimator:anti_alias_fir|FirDecimatingStage:stage3|snapshot[23][5]         ; 3       ;
; Ad9233FrameCapture:U2_frame_capture|Ad9233MultistageDecimator:anti_alias_fir|FirDecimatingStage:stage3|snapshot[26][5]         ; 3       ;
; Ad9233FrameCapture:U2_frame_capture|Ad9233MultistageDecimator:anti_alias_fir|FirDecimatingStage:stage3|snapshot[16][5]         ; 3       ;
; Ad9233FrameCapture:U2_frame_capture|Ad9233MultistageDecimator:anti_alias_fir|FirDecimatingStage:stage3|snapshot[18][5]         ; 3       ;
; Ad9233FrameCapture:U2_frame_capture|Ad9233MultistageDecimator:anti_alias_fir|FirDecimatingStage:stage3|snapshot[24][5]         ; 3       ;
; Ad9233FrameCapture:U2_frame_capture|Ad9233MultistageDecimator:anti_alias_fir|FirDecimatingStage:stage3|snapshot[27][5]         ; 3       ;
; Ad9233FrameCapture:U2_frame_capture|Ad9233MultistageDecimator:anti_alias_fir|FirDecimatingStage:stage3|snapshot[17][5]         ; 3       ;
; Ad9233FrameCapture:U2_frame_capture|Ad9233MultistageDecimator:anti_alias_fir|FirDecimatingStage:stage3|snapshot[25][5]         ; 3       ;
; Ad9233FrameCapture:U2_frame_capture|Ad9233MultistageDecimator:anti_alias_fir|FirDecimatingStage:stage3|snapshot[19][5]         ; 3       ;
; Ad9233FrameCapture:U2_frame_capture|Ad9233MultistageDecimator:anti_alias_fir|FirDecimatingStage:stage3|snapshot[30][5]         ; 3       ;
; Ad9233FrameCapture:U2_frame_capture|Ad9233MultistageDecimator:anti_alias_fir|FirDecimatingStage:stage3|snapshot[20][5]         ; 3       ;
; Ad9233FrameCapture:U2_frame_capture|Ad9233MultistageDecimator:anti_alias_fir|FirDecimatingStage:stage3|snapshot[22][5]         ; 3       ;
; Ad9233FrameCapture:U2_frame_capture|Ad9233MultistageDecimator:anti_alias_fir|FirDecimatingStage:stage3|snapshot[28][5]         ; 3       ;
; Ad9233FrameCapture:U2_frame_capture|Ad9233MultistageDecimator:anti_alias_fir|FirDecimatingStage:stage3|snapshot[38][4]         ; 3       ;
; Ad9233FrameCapture:U2_frame_capture|Ad9233MultistageDecimator:anti_alias_fir|FirDecimatingStage:stage3|snapshot[36][4]         ; 3       ;
; Ad9233FrameCapture:U2_frame_capture|Ad9233MultistageDecimator:anti_alias_fir|FirDecimatingStage:stage3|snapshot[35][4]         ; 3       ;
; Ad9233FrameCapture:U2_frame_capture|Ad9233MultistageDecimator:anti_alias_fir|FirDecimatingStage:stage3|snapshot[32][4]         ; 3       ;
; Ad9233FrameCapture:U2_frame_capture|Ad9233MultistageDecimator:anti_alias_fir|FirDecimatingStage:stage3|snapshot[34][4]         ; 3       ;
; Ad9233FrameCapture:U2_frame_capture|Ad9233MultistageDecimator:anti_alias_fir|FirDecimatingStage:stage3|snapshot[33][4]         ; 3       ;
; Ad9233FrameCapture:U2_frame_capture|Ad9233MultistageDecimator:anti_alias_fir|FirDecimatingStage:stage3|snapshot[37][4]         ; 3       ;
; Ad9233FrameCapture:U2_frame_capture|Ad9233MultistageDecimator:anti_alias_fir|FirDecimatingStage:stage3|snapshot[15][4]         ; 3       ;
; Ad9233FrameCapture:U2_frame_capture|Ad9233MultistageDecimator:anti_alias_fir|FirDecimatingStage:stage3|snapshot[10][4]         ; 3       ;
; Ad9233FrameCapture:U2_frame_capture|Ad9233MultistageDecimator:anti_alias_fir|FirDecimatingStage:stage3|snapshot[11][4]         ; 3       ;
; Ad9233FrameCapture:U2_frame_capture|Ad9233MultistageDecimator:anti_alias_fir|FirDecimatingStage:stage3|snapshot[14][4]         ; 3       ;
; Ad9233FrameCapture:U2_frame_capture|Ad9233MultistageDecimator:anti_alias_fir|FirDecimatingStage:stage3|snapshot[5][4]          ; 3       ;
; Ad9233FrameCapture:U2_frame_capture|Ad9233MultistageDecimator:anti_alias_fir|FirDecimatingStage:stage3|snapshot[0][4]          ; 3       ;
; Ad9233FrameCapture:U2_frame_capture|Ad9233MultistageDecimator:anti_alias_fir|FirDecimatingStage:stage3|snapshot[4][4]          ; 3       ;
; Ad9233FrameCapture:U2_frame_capture|Ad9233MultistageDecimator:anti_alias_fir|FirDecimatingStage:stage3|snapshot[1][4]          ; 3       ;
; Ad9233FrameCapture:U2_frame_capture|Ad9233MultistageDecimator:anti_alias_fir|FirDecimatingStage:stage3|snapshot[7][4]          ; 3       ;
; Ad9233FrameCapture:U2_frame_capture|Ad9233MultistageDecimator:anti_alias_fir|FirDecimatingStage:stage3|snapshot[2][4]          ; 3       ;
; Ad9233FrameCapture:U2_frame_capture|Ad9233MultistageDecimator:anti_alias_fir|FirDecimatingStage:stage3|snapshot[6][4]          ; 3       ;
; Ad9233FrameCapture:U2_frame_capture|Ad9233MultistageDecimator:anti_alias_fir|FirDecimatingStage:stage3|snapshot[3][4]          ; 3       ;
; Ad9233FrameCapture:U2_frame_capture|Ad9233MultistageDecimator:anti_alias_fir|FirDecimatingStage:stage3|snapshot[13][4]         ; 3       ;
; Ad9233FrameCapture:U2_frame_capture|Ad9233MultistageDecimator:anti_alias_fir|FirDecimatingStage:stage3|snapshot[8][4]          ; 3       ;
; Ad9233FrameCapture:U2_frame_capture|Ad9233MultistageDecimator:anti_alias_fir|FirDecimatingStage:stage3|snapshot[9][4]          ; 3       ;
; Ad9233FrameCapture:U2_frame_capture|Ad9233MultistageDecimator:anti_alias_fir|FirDecimatingStage:stage3|snapshot[12][4]         ; 3       ;
; Ad9233FrameCapture:U2_frame_capture|Ad9233MultistageDecimator:anti_alias_fir|FirDecimatingStage:stage3|snapshot[31][4]         ; 3       ;
; Ad9233FrameCapture:U2_frame_capture|Ad9233MultistageDecimator:anti_alias_fir|FirDecimatingStage:stage3|snapshot[21][4]         ; 3       ;
; Ad9233FrameCapture:U2_frame_capture|Ad9233MultistageDecimator:anti_alias_fir|FirDecimatingStage:stage3|snapshot[23][4]         ; 3       ;
; Ad9233FrameCapture:U2_frame_capture|Ad9233MultistageDecimator:anti_alias_fir|FirDecimatingStage:stage3|snapshot[29][4]         ; 3       ;
; Ad9233FrameCapture:U2_frame_capture|Ad9233MultistageDecimator:anti_alias_fir|FirDecimatingStage:stage3|snapshot[26][4]         ; 3       ;
; Ad9233FrameCapture:U2_frame_capture|Ad9233MultistageDecimator:anti_alias_fir|FirDecimatingStage:stage3|snapshot[16][4]         ; 3       ;
; Ad9233FrameCapture:U2_frame_capture|Ad9233MultistageDecimator:anti_alias_fir|FirDecimatingStage:stage3|snapshot[24][4]         ; 3       ;
; Ad9233FrameCapture:U2_frame_capture|Ad9233MultistageDecimator:anti_alias_fir|FirDecimatingStage:stage3|snapshot[18][4]         ; 3       ;
; Ad9233FrameCapture:U2_frame_capture|Ad9233MultistageDecimator:anti_alias_fir|FirDecimatingStage:stage3|snapshot[30][4]         ; 3       ;
; Ad9233FrameCapture:U2_frame_capture|Ad9233MultistageDecimator:anti_alias_fir|FirDecimatingStage:stage3|snapshot[20][4]         ; 3       ;
; Ad9233FrameCapture:U2_frame_capture|Ad9233MultistageDecimator:anti_alias_fir|FirDecimatingStage:stage3|snapshot[28][4]         ; 3       ;
; Ad9233FrameCapture:U2_frame_capture|Ad9233MultistageDecimator:anti_alias_fir|FirDecimatingStage:stage3|snapshot[22][4]         ; 3       ;
; Ad9233FrameCapture:U2_frame_capture|Ad9233MultistageDecimator:anti_alias_fir|FirDecimatingStage:stage3|snapshot[27][4]         ; 3       ;
; Ad9233FrameCapture:U2_frame_capture|Ad9233MultistageDecimator:anti_alias_fir|FirDecimatingStage:stage3|snapshot[17][4]         ; 3       ;
; Ad9233FrameCapture:U2_frame_capture|Ad9233MultistageDecimator:anti_alias_fir|FirDecimatingStage:stage3|snapshot[19][4]         ; 3       ;
; Ad9233FrameCapture:U2_frame_capture|Ad9233MultistageDecimator:anti_alias_fir|FirDecimatingStage:stage3|snapshot[25][4]         ; 3       ;
; Ad9233FrameCapture:U2_frame_capture|Ad9233MultistageDecimator:anti_alias_fir|FirDecimatingStage:stage3|snapshot[38][3]         ; 3       ;
; Ad9233FrameCapture:U2_frame_capture|Ad9233MultistageDecimator:anti_alias_fir|FirDecimatingStage:stage3|snapshot[36][3]         ; 3       ;
; Ad9233FrameCapture:U2_frame_capture|Ad9233MultistageDecimator:anti_alias_fir|FirDecimatingStage:stage3|snapshot[37][3]         ; 3       ;
; Ad9233FrameCapture:U2_frame_capture|Ad9233MultistageDecimator:anti_alias_fir|FirDecimatingStage:stage3|snapshot[35][3]         ; 3       ;
; Ad9233FrameCapture:U2_frame_capture|Ad9233MultistageDecimator:anti_alias_fir|FirDecimatingStage:stage3|snapshot[32][3]         ; 3       ;
; Ad9233FrameCapture:U2_frame_capture|Ad9233MultistageDecimator:anti_alias_fir|FirDecimatingStage:stage3|snapshot[33][3]         ; 3       ;
; Ad9233FrameCapture:U2_frame_capture|Ad9233MultistageDecimator:anti_alias_fir|FirDecimatingStage:stage3|snapshot[34][3]         ; 3       ;
; Ad9233FrameCapture:U2_frame_capture|Ad9233MultistageDecimator:anti_alias_fir|FirDecimatingStage:stage3|snapshot[15][3]         ; 3       ;
; Ad9233FrameCapture:U2_frame_capture|Ad9233MultistageDecimator:anti_alias_fir|FirDecimatingStage:stage3|snapshot[10][3]         ; 3       ;
; Ad9233FrameCapture:U2_frame_capture|Ad9233MultistageDecimator:anti_alias_fir|FirDecimatingStage:stage3|snapshot[14][3]         ; 3       ;
; Ad9233FrameCapture:U2_frame_capture|Ad9233MultistageDecimator:anti_alias_fir|FirDecimatingStage:stage3|snapshot[11][3]         ; 3       ;
; Ad9233FrameCapture:U2_frame_capture|Ad9233MultistageDecimator:anti_alias_fir|FirDecimatingStage:stage3|snapshot[5][3]          ; 3       ;
; Ad9233FrameCapture:U2_frame_capture|Ad9233MultistageDecimator:anti_alias_fir|FirDecimatingStage:stage3|snapshot[0][3]          ; 3       ;
; Ad9233FrameCapture:U2_frame_capture|Ad9233MultistageDecimator:anti_alias_fir|FirDecimatingStage:stage3|snapshot[1][3]          ; 3       ;
; Ad9233FrameCapture:U2_frame_capture|Ad9233MultistageDecimator:anti_alias_fir|FirDecimatingStage:stage3|snapshot[4][3]          ; 3       ;
; Ad9233FrameCapture:U2_frame_capture|Ad9233MultistageDecimator:anti_alias_fir|FirDecimatingStage:stage3|snapshot[13][3]         ; 3       ;
; Ad9233FrameCapture:U2_frame_capture|Ad9233MultistageDecimator:anti_alias_fir|FirDecimatingStage:stage3|snapshot[8][3]          ; 3       ;
; Ad9233FrameCapture:U2_frame_capture|Ad9233MultistageDecimator:anti_alias_fir|FirDecimatingStage:stage3|snapshot[12][3]         ; 3       ;
; Ad9233FrameCapture:U2_frame_capture|Ad9233MultistageDecimator:anti_alias_fir|FirDecimatingStage:stage3|snapshot[9][3]          ; 3       ;
; Ad9233FrameCapture:U2_frame_capture|Ad9233MultistageDecimator:anti_alias_fir|FirDecimatingStage:stage3|snapshot[7][3]          ; 3       ;
; Ad9233FrameCapture:U2_frame_capture|Ad9233MultistageDecimator:anti_alias_fir|FirDecimatingStage:stage3|snapshot[2][3]          ; 3       ;
; Ad9233FrameCapture:U2_frame_capture|Ad9233MultistageDecimator:anti_alias_fir|FirDecimatingStage:stage3|snapshot[3][3]          ; 3       ;
; Ad9233FrameCapture:U2_frame_capture|Ad9233MultistageDecimator:anti_alias_fir|FirDecimatingStage:stage3|snapshot[6][3]          ; 3       ;
; Ad9233FrameCapture:U2_frame_capture|Ad9233MultistageDecimator:anti_alias_fir|FirDecimatingStage:stage3|snapshot[31][3]         ; 3       ;
; Ad9233FrameCapture:U2_frame_capture|Ad9233MultistageDecimator:anti_alias_fir|FirDecimatingStage:stage3|snapshot[21][3]         ; 3       ;
; Ad9233FrameCapture:U2_frame_capture|Ad9233MultistageDecimator:anti_alias_fir|FirDecimatingStage:stage3|snapshot[29][3]         ; 3       ;
; Ad9233FrameCapture:U2_frame_capture|Ad9233MultistageDecimator:anti_alias_fir|FirDecimatingStage:stage3|snapshot[23][3]         ; 3       ;
; Ad9233FrameCapture:U2_frame_capture|Ad9233MultistageDecimator:anti_alias_fir|FirDecimatingStage:stage3|snapshot[26][3]         ; 3       ;
; Ad9233FrameCapture:U2_frame_capture|Ad9233MultistageDecimator:anti_alias_fir|FirDecimatingStage:stage3|snapshot[16][3]         ; 3       ;
; Ad9233FrameCapture:U2_frame_capture|Ad9233MultistageDecimator:anti_alias_fir|FirDecimatingStage:stage3|snapshot[18][3]         ; 3       ;
; Ad9233FrameCapture:U2_frame_capture|Ad9233MultistageDecimator:anti_alias_fir|FirDecimatingStage:stage3|snapshot[24][3]         ; 3       ;
; Ad9233FrameCapture:U2_frame_capture|Ad9233MultistageDecimator:anti_alias_fir|FirDecimatingStage:stage3|snapshot[27][3]         ; 3       ;
; Ad9233FrameCapture:U2_frame_capture|Ad9233MultistageDecimator:anti_alias_fir|FirDecimatingStage:stage3|snapshot[17][3]         ; 3       ;
; Ad9233FrameCapture:U2_frame_capture|Ad9233MultistageDecimator:anti_alias_fir|FirDecimatingStage:stage3|snapshot[25][3]         ; 3       ;
; Ad9233FrameCapture:U2_frame_capture|Ad9233MultistageDecimator:anti_alias_fir|FirDecimatingStage:stage3|snapshot[19][3]         ; 3       ;
; Ad9233FrameCapture:U2_frame_capture|Ad9233MultistageDecimator:anti_alias_fir|FirDecimatingStage:stage3|snapshot[30][3]         ; 3       ;
; Ad9233FrameCapture:U2_frame_capture|Ad9233MultistageDecimator:anti_alias_fir|FirDecimatingStage:stage3|snapshot[20][3]         ; 3       ;
; Ad9233FrameCapture:U2_frame_capture|Ad9233MultistageDecimator:anti_alias_fir|FirDecimatingStage:stage3|snapshot[22][3]         ; 3       ;
; Ad9233FrameCapture:U2_frame_capture|Ad9233MultistageDecimator:anti_alias_fir|FirDecimatingStage:stage3|snapshot[28][3]         ; 3       ;
; Ad9233FrameCapture:U2_frame_capture|Ad9233MultistageDecimator:anti_alias_fir|FirDecimatingStage:stage3|snapshot[38][2]         ; 3       ;
; Ad9233FrameCapture:U2_frame_capture|Ad9233MultistageDecimator:anti_alias_fir|FirDecimatingStage:stage3|snapshot[36][2]         ; 3       ;
; Ad9233FrameCapture:U2_frame_capture|Ad9233MultistageDecimator:anti_alias_fir|FirDecimatingStage:stage3|snapshot[35][2]         ; 3       ;
; Ad9233FrameCapture:U2_frame_capture|Ad9233MultistageDecimator:anti_alias_fir|FirDecimatingStage:stage3|snapshot[32][2]         ; 3       ;
; Ad9233FrameCapture:U2_frame_capture|Ad9233MultistageDecimator:anti_alias_fir|FirDecimatingStage:stage3|snapshot[34][2]         ; 3       ;
; Ad9233FrameCapture:U2_frame_capture|Ad9233MultistageDecimator:anti_alias_fir|FirDecimatingStage:stage3|snapshot[33][2]         ; 3       ;
; Ad9233FrameCapture:U2_frame_capture|Ad9233MultistageDecimator:anti_alias_fir|FirDecimatingStage:stage3|snapshot[37][2]         ; 3       ;
; Ad9233FrameCapture:U2_frame_capture|Ad9233MultistageDecimator:anti_alias_fir|FirDecimatingStage:stage3|snapshot[15][2]         ; 3       ;
; Ad9233FrameCapture:U2_frame_capture|Ad9233MultistageDecimator:anti_alias_fir|FirDecimatingStage:stage3|snapshot[10][2]         ; 3       ;
; Ad9233FrameCapture:U2_frame_capture|Ad9233MultistageDecimator:anti_alias_fir|FirDecimatingStage:stage3|snapshot[11][2]         ; 3       ;
; Ad9233FrameCapture:U2_frame_capture|Ad9233MultistageDecimator:anti_alias_fir|FirDecimatingStage:stage3|snapshot[14][2]         ; 3       ;
; Ad9233FrameCapture:U2_frame_capture|Ad9233MultistageDecimator:anti_alias_fir|FirDecimatingStage:stage3|snapshot[5][2]          ; 3       ;
; Ad9233FrameCapture:U2_frame_capture|Ad9233MultistageDecimator:anti_alias_fir|FirDecimatingStage:stage3|snapshot[0][2]          ; 3       ;
; Ad9233FrameCapture:U2_frame_capture|Ad9233MultistageDecimator:anti_alias_fir|FirDecimatingStage:stage3|snapshot[4][2]          ; 3       ;
; Ad9233FrameCapture:U2_frame_capture|Ad9233MultistageDecimator:anti_alias_fir|FirDecimatingStage:stage3|snapshot[1][2]          ; 3       ;
; Ad9233FrameCapture:U2_frame_capture|Ad9233MultistageDecimator:anti_alias_fir|FirDecimatingStage:stage3|snapshot[7][2]          ; 3       ;
; Ad9233FrameCapture:U2_frame_capture|Ad9233MultistageDecimator:anti_alias_fir|FirDecimatingStage:stage3|snapshot[2][2]          ; 3       ;
; Ad9233FrameCapture:U2_frame_capture|Ad9233MultistageDecimator:anti_alias_fir|FirDecimatingStage:stage3|snapshot[6][2]          ; 3       ;
; Ad9233FrameCapture:U2_frame_capture|Ad9233MultistageDecimator:anti_alias_fir|FirDecimatingStage:stage3|snapshot[3][2]          ; 3       ;
; Ad9233FrameCapture:U2_frame_capture|Ad9233MultistageDecimator:anti_alias_fir|FirDecimatingStage:stage3|snapshot[13][2]         ; 3       ;
; Ad9233FrameCapture:U2_frame_capture|Ad9233MultistageDecimator:anti_alias_fir|FirDecimatingStage:stage3|snapshot[8][2]          ; 3       ;
; Ad9233FrameCapture:U2_frame_capture|Ad9233MultistageDecimator:anti_alias_fir|FirDecimatingStage:stage3|snapshot[9][2]          ; 3       ;
; Ad9233FrameCapture:U2_frame_capture|Ad9233MultistageDecimator:anti_alias_fir|FirDecimatingStage:stage3|snapshot[12][2]         ; 3       ;
; Ad9233FrameCapture:U2_frame_capture|Ad9233MultistageDecimator:anti_alias_fir|FirDecimatingStage:stage3|snapshot[31][2]         ; 3       ;
; Ad9233FrameCapture:U2_frame_capture|Ad9233MultistageDecimator:anti_alias_fir|FirDecimatingStage:stage3|snapshot[21][2]         ; 3       ;
; Ad9233FrameCapture:U2_frame_capture|Ad9233MultistageDecimator:anti_alias_fir|FirDecimatingStage:stage3|snapshot[23][2]         ; 3       ;
; Ad9233FrameCapture:U2_frame_capture|Ad9233MultistageDecimator:anti_alias_fir|FirDecimatingStage:stage3|snapshot[29][2]         ; 3       ;
; Ad9233FrameCapture:U2_frame_capture|Ad9233MultistageDecimator:anti_alias_fir|FirDecimatingStage:stage3|snapshot[26][2]         ; 3       ;
; Ad9233FrameCapture:U2_frame_capture|Ad9233MultistageDecimator:anti_alias_fir|FirDecimatingStage:stage3|snapshot[16][2]         ; 3       ;
; Ad9233FrameCapture:U2_frame_capture|Ad9233MultistageDecimator:anti_alias_fir|FirDecimatingStage:stage3|snapshot[24][2]         ; 3       ;
; Ad9233FrameCapture:U2_frame_capture|Ad9233MultistageDecimator:anti_alias_fir|FirDecimatingStage:stage3|snapshot[18][2]         ; 3       ;
; Ad9233FrameCapture:U2_frame_capture|Ad9233MultistageDecimator:anti_alias_fir|FirDecimatingStage:stage3|snapshot[30][2]         ; 3       ;
; Ad9233FrameCapture:U2_frame_capture|Ad9233MultistageDecimator:anti_alias_fir|FirDecimatingStage:stage3|snapshot[20][2]         ; 3       ;
; Ad9233FrameCapture:U2_frame_capture|Ad9233MultistageDecimator:anti_alias_fir|FirDecimatingStage:stage3|snapshot[28][2]         ; 3       ;
; Ad9233FrameCapture:U2_frame_capture|Ad9233MultistageDecimator:anti_alias_fir|FirDecimatingStage:stage3|snapshot[22][2]         ; 3       ;
; Ad9233FrameCapture:U2_frame_capture|Ad9233MultistageDecimator:anti_alias_fir|FirDecimatingStage:stage3|snapshot[27][2]         ; 3       ;
; Ad9233FrameCapture:U2_frame_capture|Ad9233MultistageDecimator:anti_alias_fir|FirDecimatingStage:stage3|snapshot[17][2]         ; 3       ;
; Ad9233FrameCapture:U2_frame_capture|Ad9233MultistageDecimator:anti_alias_fir|FirDecimatingStage:stage3|snapshot[19][2]         ; 3       ;
; Ad9233FrameCapture:U2_frame_capture|Ad9233MultistageDecimator:anti_alias_fir|FirDecimatingStage:stage3|snapshot[25][2]         ; 3       ;
; Ad9233FrameCapture:U2_frame_capture|Ad9233MultistageDecimator:anti_alias_fir|FirDecimatingStage:stage3|snapshot[38][1]         ; 3       ;
; Ad9233FrameCapture:U2_frame_capture|Ad9233MultistageDecimator:anti_alias_fir|FirDecimatingStage:stage3|snapshot[36][1]         ; 3       ;
; Ad9233FrameCapture:U2_frame_capture|Ad9233MultistageDecimator:anti_alias_fir|FirDecimatingStage:stage3|snapshot[37][1]         ; 3       ;
; Ad9233FrameCapture:U2_frame_capture|Ad9233MultistageDecimator:anti_alias_fir|FirDecimatingStage:stage3|snapshot[35][1]         ; 3       ;
; Ad9233FrameCapture:U2_frame_capture|Ad9233MultistageDecimator:anti_alias_fir|FirDecimatingStage:stage3|snapshot[32][1]         ; 3       ;
; Ad9233FrameCapture:U2_frame_capture|Ad9233MultistageDecimator:anti_alias_fir|FirDecimatingStage:stage3|snapshot[33][1]         ; 3       ;
; Ad9233FrameCapture:U2_frame_capture|Ad9233MultistageDecimator:anti_alias_fir|FirDecimatingStage:stage3|snapshot[34][1]         ; 3       ;
; Ad9233FrameCapture:U2_frame_capture|Ad9233MultistageDecimator:anti_alias_fir|FirDecimatingStage:stage3|snapshot[15][1]         ; 3       ;
; Ad9233FrameCapture:U2_frame_capture|Ad9233MultistageDecimator:anti_alias_fir|FirDecimatingStage:stage3|snapshot[10][1]         ; 3       ;
; Ad9233FrameCapture:U2_frame_capture|Ad9233MultistageDecimator:anti_alias_fir|FirDecimatingStage:stage3|snapshot[14][1]         ; 3       ;
; Ad9233FrameCapture:U2_frame_capture|Ad9233MultistageDecimator:anti_alias_fir|FirDecimatingStage:stage3|snapshot[11][1]         ; 3       ;
; Ad9233FrameCapture:U2_frame_capture|Ad9233MultistageDecimator:anti_alias_fir|FirDecimatingStage:stage3|snapshot[5][1]          ; 3       ;
; Ad9233FrameCapture:U2_frame_capture|Ad9233MultistageDecimator:anti_alias_fir|FirDecimatingStage:stage3|snapshot[0][1]          ; 3       ;
; Ad9233FrameCapture:U2_frame_capture|Ad9233MultistageDecimator:anti_alias_fir|FirDecimatingStage:stage3|snapshot[1][1]          ; 3       ;
; Ad9233FrameCapture:U2_frame_capture|Ad9233MultistageDecimator:anti_alias_fir|FirDecimatingStage:stage3|snapshot[4][1]          ; 3       ;
; Ad9233FrameCapture:U2_frame_capture|Ad9233MultistageDecimator:anti_alias_fir|FirDecimatingStage:stage3|snapshot[13][1]         ; 3       ;
; Ad9233FrameCapture:U2_frame_capture|Ad9233MultistageDecimator:anti_alias_fir|FirDecimatingStage:stage3|snapshot[8][1]          ; 3       ;
; Ad9233FrameCapture:U2_frame_capture|Ad9233MultistageDecimator:anti_alias_fir|FirDecimatingStage:stage3|snapshot[12][1]         ; 3       ;
; Ad9233FrameCapture:U2_frame_capture|Ad9233MultistageDecimator:anti_alias_fir|FirDecimatingStage:stage3|snapshot[9][1]          ; 3       ;
; Ad9233FrameCapture:U2_frame_capture|Ad9233MultistageDecimator:anti_alias_fir|FirDecimatingStage:stage3|snapshot[7][1]          ; 3       ;
; Ad9233FrameCapture:U2_frame_capture|Ad9233MultistageDecimator:anti_alias_fir|FirDecimatingStage:stage3|snapshot[2][1]          ; 3       ;
; Ad9233FrameCapture:U2_frame_capture|Ad9233MultistageDecimator:anti_alias_fir|FirDecimatingStage:stage3|snapshot[3][1]          ; 3       ;
; Ad9233FrameCapture:U2_frame_capture|Ad9233MultistageDecimator:anti_alias_fir|FirDecimatingStage:stage3|snapshot[6][1]          ; 3       ;
; Ad9233FrameCapture:U2_frame_capture|Ad9233MultistageDecimator:anti_alias_fir|FirDecimatingStage:stage3|snapshot[31][1]         ; 3       ;
; Ad9233FrameCapture:U2_frame_capture|Ad9233MultistageDecimator:anti_alias_fir|FirDecimatingStage:stage3|snapshot[21][1]         ; 3       ;
; Ad9233FrameCapture:U2_frame_capture|Ad9233MultistageDecimator:anti_alias_fir|FirDecimatingStage:stage3|snapshot[29][1]         ; 3       ;
; Ad9233FrameCapture:U2_frame_capture|Ad9233MultistageDecimator:anti_alias_fir|FirDecimatingStage:stage3|snapshot[23][1]         ; 3       ;
; Ad9233FrameCapture:U2_frame_capture|Ad9233MultistageDecimator:anti_alias_fir|FirDecimatingStage:stage3|snapshot[26][1]         ; 3       ;
; Ad9233FrameCapture:U2_frame_capture|Ad9233MultistageDecimator:anti_alias_fir|FirDecimatingStage:stage3|snapshot[16][1]         ; 3       ;
; Ad9233FrameCapture:U2_frame_capture|Ad9233MultistageDecimator:anti_alias_fir|FirDecimatingStage:stage3|snapshot[18][1]         ; 3       ;
; Ad9233FrameCapture:U2_frame_capture|Ad9233MultistageDecimator:anti_alias_fir|FirDecimatingStage:stage3|snapshot[24][1]         ; 3       ;
; Ad9233FrameCapture:U2_frame_capture|Ad9233MultistageDecimator:anti_alias_fir|FirDecimatingStage:stage3|snapshot[27][1]         ; 3       ;
; Ad9233FrameCapture:U2_frame_capture|Ad9233MultistageDecimator:anti_alias_fir|FirDecimatingStage:stage3|snapshot[17][1]         ; 3       ;
; Ad9233FrameCapture:U2_frame_capture|Ad9233MultistageDecimator:anti_alias_fir|FirDecimatingStage:stage3|snapshot[25][1]         ; 3       ;
; Ad9233FrameCapture:U2_frame_capture|Ad9233MultistageDecimator:anti_alias_fir|FirDecimatingStage:stage3|snapshot[19][1]         ; 3       ;
; Ad9233FrameCapture:U2_frame_capture|Ad9233MultistageDecimator:anti_alias_fir|FirDecimatingStage:stage3|snapshot[30][1]         ; 3       ;
; Ad9233FrameCapture:U2_frame_capture|Ad9233MultistageDecimator:anti_alias_fir|FirDecimatingStage:stage3|snapshot[20][1]         ; 3       ;
; Ad9233FrameCapture:U2_frame_capture|Ad9233MultistageDecimator:anti_alias_fir|FirDecimatingStage:stage3|snapshot[22][1]         ; 3       ;
; Ad9233FrameCapture:U2_frame_capture|Ad9233MultistageDecimator:anti_alias_fir|FirDecimatingStage:stage3|snapshot[28][1]         ; 3       ;
; Ad9233FrameCapture:U2_frame_capture|Ad9233MultistageDecimator:anti_alias_fir|FirDecimatingStage:stage3|snapshot[38][0]         ; 3       ;
; Ad9233FrameCapture:U2_frame_capture|Ad9233MultistageDecimator:anti_alias_fir|FirDecimatingStage:stage3|snapshot[36][0]         ; 3       ;
; Ad9233FrameCapture:U2_frame_capture|Ad9233MultistageDecimator:anti_alias_fir|FirDecimatingStage:stage3|snapshot[35][0]         ; 3       ;
; Ad9233FrameCapture:U2_frame_capture|Ad9233MultistageDecimator:anti_alias_fir|FirDecimatingStage:stage3|snapshot[32][0]         ; 3       ;
; Ad9233FrameCapture:U2_frame_capture|Ad9233MultistageDecimator:anti_alias_fir|FirDecimatingStage:stage3|snapshot[34][0]         ; 3       ;
; Ad9233FrameCapture:U2_frame_capture|Ad9233MultistageDecimator:anti_alias_fir|FirDecimatingStage:stage3|snapshot[33][0]         ; 3       ;
; Ad9233FrameCapture:U2_frame_capture|Ad9233MultistageDecimator:anti_alias_fir|FirDecimatingStage:stage3|snapshot[37][0]         ; 3       ;
; Ad9233FrameCapture:U2_frame_capture|Ad9233MultistageDecimator:anti_alias_fir|FirDecimatingStage:stage3|snapshot[15][0]         ; 3       ;
; Ad9233FrameCapture:U2_frame_capture|Ad9233MultistageDecimator:anti_alias_fir|FirDecimatingStage:stage3|snapshot[10][0]         ; 3       ;
; Ad9233FrameCapture:U2_frame_capture|Ad9233MultistageDecimator:anti_alias_fir|FirDecimatingStage:stage3|snapshot[11][0]         ; 3       ;
; Ad9233FrameCapture:U2_frame_capture|Ad9233MultistageDecimator:anti_alias_fir|FirDecimatingStage:stage3|snapshot[14][0]         ; 3       ;
; Ad9233FrameCapture:U2_frame_capture|Ad9233MultistageDecimator:anti_alias_fir|FirDecimatingStage:stage3|snapshot[5][0]          ; 3       ;
; Ad9233FrameCapture:U2_frame_capture|Ad9233MultistageDecimator:anti_alias_fir|FirDecimatingStage:stage3|snapshot[0][0]          ; 3       ;
; Ad9233FrameCapture:U2_frame_capture|Ad9233MultistageDecimator:anti_alias_fir|FirDecimatingStage:stage3|snapshot[4][0]          ; 3       ;
; Ad9233FrameCapture:U2_frame_capture|Ad9233MultistageDecimator:anti_alias_fir|FirDecimatingStage:stage3|snapshot[1][0]          ; 3       ;
; Ad9233FrameCapture:U2_frame_capture|Ad9233MultistageDecimator:anti_alias_fir|FirDecimatingStage:stage3|snapshot[7][0]          ; 3       ;
; Ad9233FrameCapture:U2_frame_capture|Ad9233MultistageDecimator:anti_alias_fir|FirDecimatingStage:stage3|snapshot[2][0]          ; 3       ;
; Ad9233FrameCapture:U2_frame_capture|Ad9233MultistageDecimator:anti_alias_fir|FirDecimatingStage:stage3|snapshot[6][0]          ; 3       ;
; Ad9233FrameCapture:U2_frame_capture|Ad9233MultistageDecimator:anti_alias_fir|FirDecimatingStage:stage3|snapshot[3][0]          ; 3       ;
; Ad9233FrameCapture:U2_frame_capture|Ad9233MultistageDecimator:anti_alias_fir|FirDecimatingStage:stage3|snapshot[13][0]         ; 3       ;
; Ad9233FrameCapture:U2_frame_capture|Ad9233MultistageDecimator:anti_alias_fir|FirDecimatingStage:stage3|snapshot[8][0]          ; 3       ;
; Ad9233FrameCapture:U2_frame_capture|Ad9233MultistageDecimator:anti_alias_fir|FirDecimatingStage:stage3|snapshot[9][0]          ; 3       ;
; Ad9233FrameCapture:U2_frame_capture|Ad9233MultistageDecimator:anti_alias_fir|FirDecimatingStage:stage3|snapshot[12][0]         ; 3       ;
; Ad9233FrameCapture:U2_frame_capture|Ad9233MultistageDecimator:anti_alias_fir|FirDecimatingStage:stage3|snapshot[31][0]         ; 3       ;
; Ad9233FrameCapture:U2_frame_capture|Ad9233MultistageDecimator:anti_alias_fir|FirDecimatingStage:stage3|snapshot[21][0]         ; 3       ;
; Ad9233FrameCapture:U2_frame_capture|Ad9233MultistageDecimator:anti_alias_fir|FirDecimatingStage:stage3|snapshot[23][0]         ; 3       ;
; Ad9233FrameCapture:U2_frame_capture|Ad9233MultistageDecimator:anti_alias_fir|FirDecimatingStage:stage3|snapshot[29][0]         ; 3       ;
; Ad9233FrameCapture:U2_frame_capture|Ad9233MultistageDecimator:anti_alias_fir|FirDecimatingStage:stage3|snapshot[26][0]         ; 3       ;
; Ad9233FrameCapture:U2_frame_capture|Ad9233MultistageDecimator:anti_alias_fir|FirDecimatingStage:stage3|snapshot[16][0]         ; 3       ;
; Ad9233FrameCapture:U2_frame_capture|Ad9233MultistageDecimator:anti_alias_fir|FirDecimatingStage:stage3|snapshot[24][0]         ; 3       ;
; Ad9233FrameCapture:U2_frame_capture|Ad9233MultistageDecimator:anti_alias_fir|FirDecimatingStage:stage3|snapshot[18][0]         ; 3       ;
; Ad9233FrameCapture:U2_frame_capture|Ad9233MultistageDecimator:anti_alias_fir|FirDecimatingStage:stage3|snapshot[30][0]         ; 3       ;
; Ad9233FrameCapture:U2_frame_capture|Ad9233MultistageDecimator:anti_alias_fir|FirDecimatingStage:stage3|snapshot[20][0]         ; 3       ;
; Ad9233FrameCapture:U2_frame_capture|Ad9233MultistageDecimator:anti_alias_fir|FirDecimatingStage:stage3|snapshot[28][0]         ; 3       ;
; Ad9233FrameCapture:U2_frame_capture|Ad9233MultistageDecimator:anti_alias_fir|FirDecimatingStage:stage3|snapshot[22][0]         ; 3       ;
; Ad9233FrameCapture:U2_frame_capture|Ad9233MultistageDecimator:anti_alias_fir|FirDecimatingStage:stage3|snapshot[27][0]         ; 3       ;
; Ad9233FrameCapture:U2_frame_capture|Ad9233MultistageDecimator:anti_alias_fir|FirDecimatingStage:stage3|snapshot[17][0]         ; 3       ;
; Ad9233FrameCapture:U2_frame_capture|Ad9233MultistageDecimator:anti_alias_fir|FirDecimatingStage:stage3|snapshot[19][0]         ; 3       ;
; Ad9233FrameCapture:U2_frame_capture|Ad9233MultistageDecimator:anti_alias_fir|FirDecimatingStage:stage3|snapshot[25][0]         ; 3       ;
; AnalyzerSpiSlave:U3_analyzer_spi|crc16_word~25                                                                                 ; 3       ;
; AnalyzerSpiSlave:U3_analyzer_spi|crc16_word~23                                                                                 ; 3       ;
; AnalyzerSpiSlave:U3_analyzer_spi|next_word~78                                                                                  ; 3       ;
; AnalyzerSpiSlave:U3_analyzer_spi|next_word~74                                                                                  ; 3       ;
; AnalyzerSpiSlave:U3_analyzer_spi|crc16_word~21                                                                                 ; 3       ;
; AnalyzerSpiSlave:U3_analyzer_spi|next_word~67                                                                                  ; 3       ;
; AnalyzerSpiSlave:U3_analyzer_spi|response_crc[12]                                                                              ; 3       ;
; AnalyzerSpiSlave:U3_analyzer_spi|response_crc[5]                                                                               ; 3       ;
; AnalyzerSpiSlave:U3_analyzer_spi|crc~28                                                                                        ; 3       ;
; AnalyzerSpiSlave:U3_analyzer_spi|next_word~59                                                                                  ; 3       ;
; Ad9233FrameCapture:U2_frame_capture|frame_id[0]                                                                                ; 3       ;
; AnalyzerSpiSlave:U3_analyzer_spi|next_word~58                                                                                  ; 3       ;
; AnalyzerSpiSlave:U3_analyzer_spi|response_crc[13]                                                                              ; 3       ;
; AnalyzerSpiSlave:U3_analyzer_spi|response_crc[6]                                                                               ; 3       ;
; Ad9233FrameCapture:U2_frame_capture|Ad9233MultistageDecimator:anti_alias_fir|FirDecimatingStage:stage1|issue_batch[2]          ; 3       ;
; Ad9233FrameCapture:U2_frame_capture|Ad9233MultistageDecimator:anti_alias_fir|FirDecimatingStage:stage1|issue_batch[3]          ; 3       ;
; Ad9233FrameCapture:U2_frame_capture|Ad9233MultistageDecimator:anti_alias_fir|FirDecimatingStage:stage1|issue_batch[4]          ; 3       ;
; Ad9233FrameCapture:U2_frame_capture|Ad9233MultistageDecimator:anti_alias_fir|FirDecimatingStage:stage1|issue_batch[5]          ; 3       ;
; Ad9233FrameCapture:U2_frame_capture|Ad9233MultistageDecimator:anti_alias_fir|FirDecimatingStage:stage2|issue_batch[4]          ; 3       ;
; Ad9233FrameCapture:U2_frame_capture|Ad9233MultistageDecimator:anti_alias_fir|FirDecimatingStage:stage2|issue_batch[5]          ; 3       ;
; AnalyzerSpiSlave:U3_analyzer_spi|tx_shift[0]~12                                                                                ; 3       ;
; Ad9233FrameCapture:U2_frame_capture|Ad9233MultistageDecimator:anti_alias_fir|FirDecimatingStage:stage1|product_pipe[2][35]     ; 3       ;
; Ad9233FrameCapture:U2_frame_capture|Ad9233MultistageDecimator:anti_alias_fir|FirDecimatingStage:stage1|warmup_count[0]         ; 3       ;
; Ad9233FrameCapture:U2_frame_capture|Ad9233MultistageDecimator:anti_alias_fir|FirDecimatingStage:stage2|warmup_count[0]         ; 3       ;
; Ad9233FrameCapture:U2_frame_capture|Ad9233MultistageDecimator:anti_alias_fir|FirDecimatingStage:stage3|operand_valid           ; 3       ;
; Ad9233FrameCapture:U2_frame_capture|Ad9233MultistageDecimator:anti_alias_fir|FirDecimatingStage:stage3|warmup_count[0]         ; 3       ;
; AnalyzerSpiSlave:U3_analyzer_spi|crc~9                                                                                         ; 3       ;
; AnalyzerSpiSlave:U3_analyzer_spi|crc~7                                                                                         ; 3       ;
; AnalyzerSpiSlave:U3_analyzer_spi|crc~6                                                                                         ; 3       ;
; AnalyzerSpiSlave:U3_analyzer_spi|response_read_latched~4                                                                       ; 3       ;
; AnalyzerSpiSlave:U3_analyzer_spi|request_command[1]                                                                            ; 3       ;
; AnalyzerSpiSlave:U3_analyzer_spi|tx_shift[0]~9                                                                                 ; 3       ;
; AnalyzerSpiSlave:U3_analyzer_spi|always2~2                                                                                     ; 3       ;
; AnalyzerSpiSlave:U3_analyzer_spi|LessThan2~1                                                                                   ; 3       ;
; AnalyzerSpiSlave:U3_analyzer_spi|LessThan2~0                                                                                   ; 3       ;
; AnalyzerSpiSlave:U3_analyzer_spi|tx_bits_remaining[4]                                                                          ; 3       ;
; Ad9233FrameCapture:U2_frame_capture|Ad9233MultistageDecimator:anti_alias_fir|FirDecimatingStage:stage1|saturation_count[0]~21  ; 3       ;
; Ad9233FrameCapture:U2_frame_capture|Ad9233MultistageDecimator:anti_alias_fir|FirDecimatingStage:stage1|Add13~34                ; 3       ;
; Ad9233FrameCapture:U2_frame_capture|Ad9233MultistageDecimator:anti_alias_fir|FirDecimatingStage:stage2|Add12~58                ; 3       ;
; Ad9233FrameCapture:U2_frame_capture|Ad9233MultistageDecimator:anti_alias_fir|FirDecimatingStage:stage2|Add12~57                ; 3       ;
; Ad9233FrameCapture:U2_frame_capture|Ad9233MultistageDecimator:anti_alias_fir|FirDecimatingStage:stage2|Add12~51                ; 3       ;
; Ad9233FrameCapture:U2_frame_capture|Ad9233MultistageDecimator:anti_alias_fir|FirDecimatingStage:stage3|Add10~51                ; 3       ;
; Ad9233FrameCapture:U2_frame_capture|Ad9233MultistageDecimator:anti_alias_fir|FirDecimatingStage:stage1|decimation_count[0]     ; 3       ;
; Ad9233FrameCapture:U2_frame_capture|Ad9233MultistageDecimator:anti_alias_fir|FirDecimatingStage:stage1|decimation_count[1]     ; 3       ;
; Ad9233FrameCapture:U2_frame_capture|Ad9233MultistageDecimator:anti_alias_fir|FirDecimatingStage:stage2|decimation_count[0]     ; 3       ;
; Ad9233FrameCapture:U2_frame_capture|Ad9233MultistageDecimator:anti_alias_fir|FirDecimatingStage:stage2|decimation_count[1]     ; 3       ;
; Ad9233FrameCapture:U2_frame_capture|Ad9233MultistageDecimator:anti_alias_fir|FirDecimatingStage:stage3|overrun_count[15]~15    ; 3       ;
; Ad9233FrameCapture:U2_frame_capture|Ad9233MultistageDecimator:anti_alias_fir|FirDecimatingStage:stage3|Equal0~0                ; 3       ;
; Ad9233FrameCapture:U2_frame_capture|arm_sync[1]                                                                                ; 3       ;
; AnalyzerSpiSlave:U3_analyzer_spi|arm_toggle~0                                                                                  ; 3       ;
; AnalyzerSpiSlave:U3_analyzer_spi|rx_bit_count[1]                                                                               ; 3       ;
; AnalyzerSpiSlave:U3_analyzer_spi|request_crc[2]                                                                                ; 3       ;
; AnalyzerSpiSlave:U3_analyzer_spi|request_crc[1]                                                                                ; 3       ;
; AnalyzerSpiSlave:U3_analyzer_spi|crc~0                                                                                         ; 3       ;
; AnalyzerSpiSlave:U3_analyzer_spi|request_crc[6]                                                                                ; 3       ;
; AnalyzerSpiSlave:U3_analyzer_spi|request_crc[5]                                                                                ; 3       ;
; AnalyzerSpiSlave:U3_analyzer_spi|request_crc[4]                                                                                ; 3       ;
; AnalyzerSpiSlave:U3_analyzer_spi|request_crc[3]                                                                                ; 3       ;
; Ad9233SpiInit:U1_ad9233_spi_init|Selector2~0                                                                                   ; 3       ;
; Ad9233SpiInit:U1_ad9233_spi_init|Equal2~0                                                                                      ; 3       ;
; Ad9233SpiInit:U1_ad9233_spi_init|state.STATE_DONE                                                                              ; 3       ;
; Ad9233FrameCapture:U2_frame_capture|frame_ready                                                                                ; 3       ;
; AnalyzerSpiSlave:U3_analyzer_spi|crc_error_count[0]                                                                            ; 3       ;
; adc_raw_sample[10]                                                                                                             ; 3       ;
; adc_raw_sample[9]                                                                                                              ; 3       ;
; adc_raw_sample[8]                                                                                                              ; 3       ;
; adc_raw_sample[7]                                                                                                              ; 3       ;
; adc_raw_sample[6]                                                                                                              ; 3       ;
; adc_raw_sample[5]                                                                                                              ; 3       ;
; adc_raw_sample[4]                                                                                                              ; 3       ;
; adc_raw_sample[3]                                                                                                              ; 3       ;
; adc_raw_sample[2]                                                                                                              ; 3       ;
; adc_raw_sample[1]                                                                                                              ; 3       ;
; adc_raw_sample[0]                                                                                                              ; 3       ;
; Ad9233SpiInit:U1_ad9233_spi_init|cfg_done                                                                                      ; 3       ;
; AnalyzerSpiSlave:U3_analyzer_spi|tx_shift[5]~4                                                                                 ; 3       ;
; Ad9233FrameCapture:U2_frame_capture|otr_count[0]                                                                               ; 3       ;
; Ad9233FrameCapture:U2_frame_capture|otr_count[1]                                                                               ; 3       ;
; Ad9233FrameCapture:U2_frame_capture|otr_count[2]                                                                               ; 3       ;
; Ad9233FrameCapture:U2_frame_capture|otr_count[3]                                                                               ; 3       ;
; Ad9233FrameCapture:U2_frame_capture|otr_count[4]                                                                               ; 3       ;
; Ad9233FrameCapture:U2_frame_capture|otr_count[5]                                                                               ; 3       ;
; Ad9233FrameCapture:U2_frame_capture|otr_count[6]                                                                               ; 3       ;
; Ad9233FrameCapture:U2_frame_capture|otr_count[7]                                                                               ; 3       ;
; Ad9233FrameCapture:U2_frame_capture|otr_count[8]                                                                               ; 3       ;
; Ad9233FrameCapture:U2_frame_capture|otr_count[9]                                                                               ; 3       ;
; Ad9233FrameCapture:U2_frame_capture|otr_count[10]                                                                              ; 3       ;
; Ad9233FrameCapture:U2_frame_capture|otr_count[11]                                                                              ; 3       ;
+--------------------------------------------------------------------------------------------------------------------------------+---------+


+----------------------------------------------------------------------------------------------------------------------------------------------------------------------------------------------------------------------------------------------------------------------------------------------------------------------------------------------------------------------------------------------------------------------------------------------------------------------------------------------------------------------------------------------------------------------------------------------------------------------------------------------------------------+
; Fitter RAM Summary                                                                                                                                                                                                                                                                                                                                                                                                                                                                                                                                                                                                                                             ;
+------------------------------------------------------------------------------------------------------+------+------------------+-------------+--------------+--------------+--------------+--------------+------------------------+-------------------------+------------------------+-------------------------+-------+-----------------------------+-----------------------------+-----------------------------+-----------------------------+---------------------+------+------+------------------------------------------------------------------------------------------------+----------------------+-----------------+-----------------+---------------+
; Name                                                                                                 ; Type ; Mode             ; Clock Mode  ; Port A Depth ; Port A Width ; Port B Depth ; Port B Width ; Port A Input Registers ; Port A Output Registers ; Port B Input Registers ; Port B Output Registers ; Size  ; Implementation Port A Depth ; Implementation Port A Width ; Implementation Port B Depth ; Implementation Port B Width ; Implementation Bits ; M9Ks ; MIF  ; Location                                                                                       ; Mixed Width RDW Mode ; Port A RDW Mode ; Port B RDW Mode ; Fits in MLABs ;
+------------------------------------------------------------------------------------------------------+------+------------------+-------------+--------------+--------------+--------------+--------------+------------------------+-------------------------+------------------------+-------------------------+-------+-----------------------------+-----------------------------+-----------------------------+-----------------------------+---------------------+------+------+------------------------------------------------------------------------------------------------+----------------------+-----------------+-----------------+---------------+
; Ad9233FrameCapture:U2_frame_capture|altsyncram:capture_ram|altsyncram_bl51:auto_generated|ALTSYNCRAM ; M9K  ; Simple Dual Port ; Dual Clocks ; 4096         ; 12           ; 4096         ; 12           ; yes                    ; no                      ; yes                    ; yes                     ; 49152 ; 4096                        ; 12                          ; 4096                        ; 12                          ; 49152               ; 6    ; None ; M9K_X15_Y18_N0, M9K_X15_Y22_N0, M9K_X15_Y23_N0, M9K_X15_Y19_N0, M9K_X15_Y20_N0, M9K_X15_Y21_N0 ; Don't care           ; Old data        ; Old data        ; Yes           ;
+------------------------------------------------------------------------------------------------------+------+------------------+-------------+--------------+--------------+--------------+--------------+------------------------+-------------------------+------------------------+-------------------------+-------+-----------------------------+-----------------------------+-----------------------------+-----------------------------+---------------------+------+------+------------------------------------------------------------------------------------------------+----------------------+-----------------+-----------------+---------------+
Note: Fitter may spread logical memories into multiple blocks to improve timing. The actual required RAM blocks can be found in the Fitter Resource Usage section.


+-----------------------------------------------------------------------------------------------+
; Fitter DSP Block Usage Summary                                                                ;
+---------------------------------------+-------------+---------------------+-------------------+
; Statistic                             ; Number Used ; Available per Block ; Maximum Available ;
+---------------------------------------+-------------+---------------------+-------------------+
; Simple Multipliers (9-bit)            ; 0           ; 2                   ; 46                ;
; Simple Multipliers (18-bit)           ; 7           ; 1                   ; 23                ;
; Embedded Multiplier Blocks            ; 7           ; --                  ; 23                ;
; Embedded Multiplier 9-bit elements    ; 14          ; 2                   ; 46                ;
; Signed Embedded Multipliers           ; 7           ; --                  ; --                ;
; Unsigned Embedded Multipliers         ; 0           ; --                  ; --                ;
; Mixed Sign Embedded Multipliers       ; 0           ; --                  ; --                ;
; Variable Sign Embedded Multipliers    ; 0           ; --                  ; --                ;
; Dedicated Input Shift Register Chains ; 0           ; --                  ; --                ;
+---------------------------------------+-------------+---------------------+-------------------+


+-----------------------------------------------------------------------------------------------------------------------------------------------------------------------------------------------------------------------------------------------------------------------------------------------------------------------------------------------------------+
; DSP Block Details                                                                                                                                                                                                                                                                                                                                         ;
+------------------------------------------------------------------------------------------------------------------------------------------------------------+----------------------------+--------------------+---------------------+--------------------------------+-----------------------+-----------------------+-------------------+-----------------+
; Name                                                                                                                                                       ; Mode                       ; Location           ; Sign Representation ; Has Input Shift Register Chain ; Data A Input Register ; Data B Input Register ; Pipeline Register ; Output Register ;
+------------------------------------------------------------------------------------------------------------------------------------------------------------+----------------------------+--------------------+---------------------+--------------------------------+-----------------------+-----------------------+-------------------+-----------------+
; Ad9233FrameCapture:U2_frame_capture|Ad9233MultistageDecimator:anti_alias_fir|FirDecimatingStage:stage3|product_pipe[0][0]                                  ; Simple Multiplier (18-bit) ; DSPOUT_X20_Y14_N2  ;                     ; No                             ;                       ;                       ;                   ; yes             ;
;    Ad9233FrameCapture:U2_frame_capture|Ad9233MultistageDecimator:anti_alias_fir|FirDecimatingStage:stage3|lpm_mult:Mult0|mult_c6t:auto_generated|mac_mult1 ;                            ; DSPMULT_X20_Y14_N0 ; Signed              ;                                ; no                    ; no                    ; no                ;                 ;
; Ad9233FrameCapture:U2_frame_capture|Ad9233MultistageDecimator:anti_alias_fir|FirDecimatingStage:stage2|lpm_mult:Mult1|mult_c6t:auto_generated|mac_out2     ; Simple Multiplier (18-bit) ; DSPOUT_X20_Y3_N2   ;                     ; No                             ;                       ;                       ;                   ; no              ;
;    Ad9233FrameCapture:U2_frame_capture|Ad9233MultistageDecimator:anti_alias_fir|FirDecimatingStage:stage2|lpm_mult:Mult1|mult_c6t:auto_generated|mac_mult1 ;                            ; DSPMULT_X20_Y3_N0  ; Signed              ;                                ; yes                   ; yes                   ; no                ;                 ;
; Ad9233FrameCapture:U2_frame_capture|Ad9233MultistageDecimator:anti_alias_fir|FirDecimatingStage:stage2|product_pipe[0][0]                                  ; Simple Multiplier (18-bit) ; DSPOUT_X20_Y5_N2   ;                     ; No                             ;                       ;                       ;                   ; yes             ;
;    Ad9233FrameCapture:U2_frame_capture|Ad9233MultistageDecimator:anti_alias_fir|FirDecimatingStage:stage2|lpm_mult:Mult0|mult_c6t:auto_generated|mac_mult1 ;                            ; DSPMULT_X20_Y5_N0  ; Signed              ;                                ; no                    ; no                    ; no                ;                 ;
; Ad9233FrameCapture:U2_frame_capture|Ad9233MultistageDecimator:anti_alias_fir|FirDecimatingStage:stage1|lpm_mult:Mult3|mult_c6t:auto_generated|mac_out2     ; Simple Multiplier (18-bit) ; DSPOUT_X20_Y22_N2  ;                     ; No                             ;                       ;                       ;                   ; yes             ;
;    Ad9233FrameCapture:U2_frame_capture|Ad9233MultistageDecimator:anti_alias_fir|FirDecimatingStage:stage1|lpm_mult:Mult3|mult_c6t:auto_generated|mac_mult1 ;                            ; DSPMULT_X20_Y22_N0 ; Signed              ;                                ; no                    ; no                    ; no                ;                 ;
; Ad9233FrameCapture:U2_frame_capture|Ad9233MultistageDecimator:anti_alias_fir|FirDecimatingStage:stage1|lpm_mult:Mult2|mult_c6t:auto_generated|mac_out2     ; Simple Multiplier (18-bit) ; DSPOUT_X20_Y21_N2  ;                     ; No                             ;                       ;                       ;                   ; no              ;
;    Ad9233FrameCapture:U2_frame_capture|Ad9233MultistageDecimator:anti_alias_fir|FirDecimatingStage:stage1|lpm_mult:Mult2|mult_c6t:auto_generated|mac_mult1 ;                            ; DSPMULT_X20_Y21_N0 ; Signed              ;                                ; yes                   ; yes                   ; no                ;                 ;
; Ad9233FrameCapture:U2_frame_capture|Ad9233MultistageDecimator:anti_alias_fir|FirDecimatingStage:stage1|lpm_mult:Mult1|mult_c6t:auto_generated|mac_out2     ; Simple Multiplier (18-bit) ; DSPOUT_X20_Y19_N2  ;                     ; No                             ;                       ;                       ;                   ; no              ;
;    Ad9233FrameCapture:U2_frame_capture|Ad9233MultistageDecimator:anti_alias_fir|FirDecimatingStage:stage1|lpm_mult:Mult1|mult_c6t:auto_generated|mac_mult1 ;                            ; DSPMULT_X20_Y19_N0 ; Signed              ;                                ; yes                   ; yes                   ; no                ;                 ;
; Ad9233FrameCapture:U2_frame_capture|Ad9233MultistageDecimator:anti_alias_fir|FirDecimatingStage:stage1|lpm_mult:Mult0|mult_c6t:auto_generated|mac_out2     ; Simple Multiplier (18-bit) ; DSPOUT_X20_Y18_N2  ;                     ; No                             ;                       ;                       ;                   ; no              ;
;    Ad9233FrameCapture:U2_frame_capture|Ad9233MultistageDecimator:anti_alias_fir|FirDecimatingStage:stage1|lpm_mult:Mult0|mult_c6t:auto_generated|mac_mult1 ;                            ; DSPMULT_X20_Y18_N0 ; Signed              ;                                ; yes                   ; yes                   ; no                ;                 ;
+------------------------------------------------------------------------------------------------------------------------------------------------------------+----------------------------+--------------------+---------------------+--------------------------------+-----------------------+-----------------------+-------------------+-----------------+


+-------------------------------------------------+
; Routing Usage Summary                           ;
+-----------------------+-------------------------+
; Routing Resource Type ; Usage                   ;
+-----------------------+-------------------------+
; Block interconnects   ; 6,395 / 32,401 ( 20 % ) ;
; C16 interconnects     ; 49 / 1,326 ( 4 % )      ;
; C4 interconnects      ; 2,606 / 21,816 ( 12 % ) ;
; Direct links          ; 1,481 / 32,401 ( 5 % )  ;
; Global clocks         ; 5 / 10 ( 50 % )         ;
; Local interconnects   ; 3,226 / 10,320 ( 31 % ) ;
; R24 interconnects     ; 54 / 1,289 ( 4 % )      ;
; R4 interconnects      ; 3,237 / 28,186 ( 11 % ) ;
+-----------------------+-------------------------+


+-----------------------------------------------------------------------------+
; LAB Logic Elements                                                          ;
+---------------------------------------------+-------------------------------+
; Number of Logic Elements  (Average = 13.69) ; Number of LABs  (Total = 417) ;
+---------------------------------------------+-------------------------------+
; 1                                           ; 14                            ;
; 2                                           ; 6                             ;
; 3                                           ; 9                             ;
; 4                                           ; 8                             ;
; 5                                           ; 20                            ;
; 6                                           ; 0                             ;
; 7                                           ; 2                             ;
; 8                                           ; 3                             ;
; 9                                           ; 9                             ;
; 10                                          ; 3                             ;
; 11                                          ; 2                             ;
; 12                                          ; 0                             ;
; 13                                          ; 7                             ;
; 14                                          ; 19                            ;
; 15                                          ; 44                            ;
; 16                                          ; 271                           ;
+---------------------------------------------+-------------------------------+


+--------------------------------------------------------------------+
; LAB-wide Signals                                                   ;
+------------------------------------+-------------------------------+
; LAB-wide Signals  (Average = 1.84) ; Number of LABs  (Total = 417) ;
+------------------------------------+-------------------------------+
; 1 Async. clear                     ; 112                           ;
; 1 Clock                            ; 346                           ;
; 1 Clock enable                     ; 192                           ;
; 1 Sync. clear                      ; 6                             ;
; 1 Sync. load                       ; 3                             ;
; 2 Async. clears                    ; 2                             ;
; 2 Clock enables                    ; 105                           ;
; 2 Clocks                           ; 3                             ;
+------------------------------------+-------------------------------+


+------------------------------------------------------------------------------+
; LAB Signals Sourced                                                          ;
+----------------------------------------------+-------------------------------+
; Number of Signals Sourced  (Average = 21.09) ; Number of LABs  (Total = 417) ;
+----------------------------------------------+-------------------------------+
; 0                                            ; 7                             ;
; 1                                            ; 14                            ;
; 2                                            ; 2                             ;
; 3                                            ; 5                             ;
; 4                                            ; 7                             ;
; 5                                            ; 5                             ;
; 6                                            ; 3                             ;
; 7                                            ; 1                             ;
; 8                                            ; 3                             ;
; 9                                            ; 4                             ;
; 10                                           ; 13                            ;
; 11                                           ; 1                             ;
; 12                                           ; 3                             ;
; 13                                           ; 1                             ;
; 14                                           ; 4                             ;
; 15                                           ; 5                             ;
; 16                                           ; 27                            ;
; 17                                           ; 1                             ;
; 18                                           ; 10                            ;
; 19                                           ; 13                            ;
; 20                                           ; 12                            ;
; 21                                           ; 16                            ;
; 22                                           ; 29                            ;
; 23                                           ; 28                            ;
; 24                                           ; 20                            ;
; 25                                           ; 27                            ;
; 26                                           ; 36                            ;
; 27                                           ; 28                            ;
; 28                                           ; 34                            ;
; 29                                           ; 16                            ;
; 30                                           ; 13                            ;
; 31                                           ; 11                            ;
; 32                                           ; 18                            ;
+----------------------------------------------+-------------------------------+


+---------------------------------------------------------------------------------+
; LAB Signals Sourced Out                                                         ;
+-------------------------------------------------+-------------------------------+
; Number of Signals Sourced Out  (Average = 7.33) ; Number of LABs  (Total = 417) ;
+-------------------------------------------------+-------------------------------+
; 0                                               ; 7                             ;
; 1                                               ; 22                            ;
; 2                                               ; 25                            ;
; 3                                               ; 27                            ;
; 4                                               ; 34                            ;
; 5                                               ; 68                            ;
; 6                                               ; 29                            ;
; 7                                               ; 32                            ;
; 8                                               ; 31                            ;
; 9                                               ; 36                            ;
; 10                                              ; 20                            ;
; 11                                              ; 19                            ;
; 12                                              ; 12                            ;
; 13                                              ; 7                             ;
; 14                                              ; 8                             ;
; 15                                              ; 4                             ;
; 16                                              ; 26                            ;
; 17                                              ; 4                             ;
; 18                                              ; 0                             ;
; 19                                              ; 1                             ;
; 20                                              ; 0                             ;
; 21                                              ; 0                             ;
; 22                                              ; 0                             ;
; 23                                              ; 2                             ;
; 24                                              ; 0                             ;
; 25                                              ; 0                             ;
; 26                                              ; 0                             ;
; 27                                              ; 0                             ;
; 28                                              ; 0                             ;
; 29                                              ; 1                             ;
; 30                                              ; 0                             ;
; 31                                              ; 0                             ;
; 32                                              ; 2                             ;
+-------------------------------------------------+-------------------------------+


+------------------------------------------------------------------------------+
; LAB Distinct Inputs                                                          ;
+----------------------------------------------+-------------------------------+
; Number of Distinct Inputs  (Average = 13.13) ; Number of LABs  (Total = 417) ;
+----------------------------------------------+-------------------------------+
; 0                                            ; 0                             ;
; 1                                            ; 10                            ;
; 2                                            ; 2                             ;
; 3                                            ; 9                             ;
; 4                                            ; 17                            ;
; 5                                            ; 15                            ;
; 6                                            ; 29                            ;
; 7                                            ; 21                            ;
; 8                                            ; 37                            ;
; 9                                            ; 31                            ;
; 10                                           ; 23                            ;
; 11                                           ; 18                            ;
; 12                                           ; 20                            ;
; 13                                           ; 17                            ;
; 14                                           ; 10                            ;
; 15                                           ; 11                            ;
; 16                                           ; 16                            ;
; 17                                           ; 15                            ;
; 18                                           ; 17                            ;
; 19                                           ; 17                            ;
; 20                                           ; 10                            ;
; 21                                           ; 10                            ;
; 22                                           ; 8                             ;
; 23                                           ; 7                             ;
; 24                                           ; 7                             ;
; 25                                           ; 6                             ;
; 26                                           ; 9                             ;
; 27                                           ; 6                             ;
; 28                                           ; 3                             ;
; 29                                           ; 3                             ;
; 30                                           ; 1                             ;
; 31                                           ; 0                             ;
; 32                                           ; 5                             ;
; 33                                           ; 4                             ;
; 34                                           ; 0                             ;
; 35                                           ; 0                             ;
; 36                                           ; 3                             ;
+----------------------------------------------+-------------------------------+


+------------------------------------------+
; I/O Rules Summary                        ;
+----------------------------------+-------+
; I/O Rules Statistic              ; Total ;
+----------------------------------+-------+
; Total I/O Rules                  ; 30    ;
; Number of I/O Rules Passed       ; 15    ;
; Number of I/O Rules Failed       ; 0     ;
; Number of I/O Rules Unchecked    ; 0     ;
; Number of I/O Rules Inapplicable ; 15    ;
+----------------------------------+-------+


+----------------------------------------------------------------------------------------------------------------------------------------------------------------------------------------------------------------------------------------------------------------------------+
; I/O Rules Details                                                                                                                                                                                                                                                          ;
+--------------+-----------+-----------------------------------+------------------------------------------------------------------------------------------------------+----------+-------------------------------------------------+---------------------+-------------------+
; Status       ; ID        ; Category                          ; Rule Description                                                                                     ; Severity ; Information                                     ; Area                ; Extra Information ;
+--------------+-----------+-----------------------------------+------------------------------------------------------------------------------------------------------+----------+-------------------------------------------------+---------------------+-------------------+
; Pass         ; IO_000001 ; Capacity Checks                   ; Number of pins in an I/O bank should not exceed the number of locations available.                   ; Critical ; 0 such failures found.                          ; I/O                 ;                   ;
; Pass         ; IO_000002 ; Capacity Checks                   ; Number of clocks in an I/O bank should not exceed the number of clocks available.                    ; Critical ; 0 such failures found.                          ; I/O                 ;                   ;
; Pass         ; IO_000003 ; Capacity Checks                   ; Number of pins in a Vrefgroup should not exceed the number of locations available.                   ; Critical ; 0 such failures found.                          ; I/O                 ;                   ;
; Inapplicable ; IO_000004 ; Voltage Compatibility Checks      ; The I/O bank should support the requested VCCIO.                                                     ; Critical ; No IOBANK_VCCIO assignments found.              ; I/O                 ;                   ;
; Inapplicable ; IO_000005 ; Voltage Compatibility Checks      ; The I/O bank should not have competing VREF values.                                                  ; Critical ; No VREF I/O Standard assignments found.         ; I/O                 ;                   ;
; Pass         ; IO_000006 ; Voltage Compatibility Checks      ; The I/O bank should not have competing VCCIO values.                                                 ; Critical ; 0 such failures found.                          ; I/O                 ;                   ;
; Pass         ; IO_000007 ; Valid Location Checks             ; Checks for unavailable locations.                                                                    ; Critical ; 0 such failures found.                          ; I/O                 ;                   ;
; Inapplicable ; IO_000008 ; Valid Location Checks             ; Checks for reserved locations.                                                                       ; Critical ; No reserved LogicLock region found.             ; I/O                 ;                   ;
; Pass         ; IO_000009 ; I/O Properties Checks for One I/O ; The location should support the requested I/O standard.                                              ; Critical ; 0 such failures found.                          ; I/O                 ;                   ;
; Pass         ; IO_000010 ; I/O Properties Checks for One I/O ; The location should support the requested I/O direction.                                             ; Critical ; 0 such failures found.                          ; I/O                 ;                   ;
; Inapplicable ; IO_000011 ; I/O Properties Checks for One I/O ; The location should support the requested Current Strength.                                          ; Critical ; No Current Strength assignments found.          ; I/O                 ;                   ;
; Pass         ; IO_000012 ; I/O Properties Checks for One I/O ; The location should support the requested On Chip Termination value.                                 ; Critical ; 0 such failures found.                          ; I/O                 ;                   ;
; Inapplicable ; IO_000013 ; I/O Properties Checks for One I/O ; The location should support the requested Bus Hold value.                                            ; Critical ; No Enable Bus-Hold Circuitry assignments found. ; I/O                 ;                   ;
; Pass         ; IO_000014 ; I/O Properties Checks for One I/O ; The location should support the requested Weak Pull Up value.                                        ; Critical ; 0 such failures found.                          ; I/O                 ;                   ;
; Pass         ; IO_000015 ; I/O Properties Checks for One I/O ; The location should support the requested PCI Clamp Diode.                                           ; Critical ; 0 such failures found.                          ; I/O                 ;                   ;
; Inapplicable ; IO_000018 ; I/O Properties Checks for One I/O ; The I/O standard should support the requested Current Strength.                                      ; Critical ; No Current Strength assignments found.          ; I/O                 ;                   ;
; Pass         ; IO_000019 ; I/O Properties Checks for One I/O ; The I/O standard should support the requested On Chip Termination value.                             ; Critical ; 0 such failures found.                          ; I/O                 ;                   ;
; Pass         ; IO_000020 ; I/O Properties Checks for One I/O ; The I/O standard should support the requested PCI Clamp Diode.                                       ; Critical ; 0 such failures found.                          ; I/O                 ;                   ;
; Pass         ; IO_000021 ; I/O Properties Checks for One I/O ; The I/O standard should support the requested Weak Pull Up value.                                    ; Critical ; 0 such failures found.                          ; I/O                 ;                   ;
; Inapplicable ; IO_000022 ; I/O Properties Checks for One I/O ; The I/O standard should support the requested Bus Hold value.                                        ; Critical ; No Enable Bus-Hold Circuitry assignments found. ; I/O                 ;                   ;
; Inapplicable ; IO_000023 ; I/O Properties Checks for One I/O ; The I/O standard should support the Open Drain value.                                                ; Critical ; No open drain assignments found.                ; I/O                 ;                   ;
; Pass         ; IO_000024 ; I/O Properties Checks for One I/O ; The I/O direction should support the On Chip Termination value.                                      ; Critical ; 0 such failures found.                          ; I/O                 ;                   ;
; Inapplicable ; IO_000026 ; I/O Properties Checks for One I/O ; On Chip Termination and Current Strength should not be used at the same time.                        ; Critical ; No Current Strength assignments found.          ; I/O                 ;                   ;
; Inapplicable ; IO_000027 ; I/O Properties Checks for One I/O ; Weak Pull Up and Bus Hold should not be used at the same time.                                       ; Critical ; No Enable Bus-Hold Circuitry assignments found. ; I/O                 ;                   ;
; Inapplicable ; IO_000045 ; I/O Properties Checks for One I/O ; The I/O standard should support the requested Slew Rate value.                                       ; Critical ; No Slew Rate assignments found.                 ; I/O                 ;                   ;
; Inapplicable ; IO_000046 ; I/O Properties Checks for One I/O ; The location should support the requested Slew Rate value.                                           ; Critical ; No Slew Rate assignments found.                 ; I/O                 ;                   ;
; Inapplicable ; IO_000047 ; I/O Properties Checks for One I/O ; On Chip Termination and Slew Rate should not be used at the same time.                               ; Critical ; No Slew Rate assignments found.                 ; I/O                 ;                   ;
; Pass         ; IO_000033 ; Electromigration Checks           ; Current density for consecutive I/Os should not exceed 240mA for row I/Os and 240mA for column I/Os. ; Critical ; 0 such failures found.                          ; I/O                 ;                   ;
; Inapplicable ; IO_000034 ; SI Related Distance Checks        ; Single-ended outputs should be 5 LAB row(s) away from a differential I/O.                            ; High     ; No Differential I/O Standard assignments found. ; I/O                 ;                   ;
; Inapplicable ; IO_000042 ; SI Related SSO Limit Checks       ; No more than 20 outputs are allowed in a VREF group when VREF is being read from.                    ; High     ; No VREF I/O Standard assignments found.         ; I/O                 ;                   ;
; ----         ; ----      ; Disclaimer                        ; OCT rules are checked but not reported.                                                              ; None     ; ----                                            ; On Chip Termination ;                   ;
+--------------+-----------+-----------------------------------+------------------------------------------------------------------------------------------------------+----------+-------------------------------------------------+---------------------+-------------------+


+-----------------------------------------------------------------------------------------------------------------------------------------------------------------------------------------------------------------------------------------------------------------------------------------------------------------------------------------------------------------------------------------------------------------------------------------------------------------+
; I/O Rules Matrix                                                                                                                                                                                                                                                                                                                                                                                                                                                ;
+--------------------+-----------+--------------+-----------+--------------+--------------+-----------+-----------+--------------+-----------+-----------+--------------+--------------+--------------+--------------+--------------+--------------+--------------+--------------+--------------+--------------+--------------+--------------+--------------+--------------+--------------+--------------+--------------+-----------+--------------+--------------+
; Pin/Rules          ; IO_000001 ; IO_000002    ; IO_000003 ; IO_000004    ; IO_000005    ; IO_000006 ; IO_000007 ; IO_000008    ; IO_000009 ; IO_000010 ; IO_000011    ; IO_000012    ; IO_000013    ; IO_000014    ; IO_000015    ; IO_000018    ; IO_000019    ; IO_000020    ; IO_000021    ; IO_000022    ; IO_000023    ; IO_000024    ; IO_000026    ; IO_000027    ; IO_000045    ; IO_000046    ; IO_000047    ; IO_000033 ; IO_000034    ; IO_000042    ;
+--------------------+-----------+--------------+-----------+--------------+--------------+-----------+-----------+--------------+-----------+-----------+--------------+--------------+--------------+--------------+--------------+--------------+--------------+--------------+--------------+--------------+--------------+--------------+--------------+--------------+--------------+--------------+--------------+-----------+--------------+--------------+
; Total Pass         ; 42        ; 13           ; 42        ; 0            ; 0            ; 42        ; 42        ; 0            ; 42        ; 42        ; 0            ; 10           ; 0            ; 2            ; 19           ; 0            ; 10           ; 19           ; 2            ; 0            ; 0            ; 10           ; 0            ; 0            ; 0            ; 0            ; 0            ; 42        ; 0            ; 0            ;
; Total Unchecked    ; 0         ; 0            ; 0         ; 0            ; 0            ; 0         ; 0         ; 0            ; 0         ; 0         ; 0            ; 0            ; 0            ; 0            ; 0            ; 0            ; 0            ; 0            ; 0            ; 0            ; 0            ; 0            ; 0            ; 0            ; 0            ; 0            ; 0            ; 0         ; 0            ; 0            ;
; Total Inapplicable ; 0         ; 29           ; 0         ; 42           ; 42           ; 0         ; 0         ; 42           ; 0         ; 0         ; 42           ; 32           ; 42           ; 40           ; 23           ; 42           ; 32           ; 23           ; 40           ; 42           ; 42           ; 32           ; 42           ; 42           ; 42           ; 42           ; 42           ; 0         ; 42           ; 42           ;
; Total Fail         ; 0         ; 0            ; 0         ; 0            ; 0            ; 0         ; 0         ; 0            ; 0         ; 0         ; 0            ; 0            ; 0            ; 0            ; 0            ; 0            ; 0            ; 0            ; 0            ; 0            ; 0            ; 0            ; 0            ; 0            ; 0            ; 0            ; 0            ; 0         ; 0            ; 0            ;
; mcu_spi_miso       ; Pass      ; Inapplicable ; Pass      ; Inapplicable ; Inapplicable ; Pass      ; Pass      ; Inapplicable ; Pass      ; Pass      ; Inapplicable ; Inapplicable ; Inapplicable ; Inapplicable ; Inapplicable ; Inapplicable ; Inapplicable ; Inapplicable ; Inapplicable ; Inapplicable ; Inapplicable ; Inapplicable ; Inapplicable ; Inapplicable ; Inapplicable ; Inapplicable ; Inapplicable ; Pass      ; Inapplicable ; Inapplicable ;
; clk_driver         ; Pass      ; Inapplicable ; Pass      ; Inapplicable ; Inapplicable ; Pass      ; Pass      ; Inapplicable ; Pass      ; Pass      ; Inapplicable ; Pass         ; Inapplicable ; Inapplicable ; Inapplicable ; Inapplicable ; Pass         ; Inapplicable ; Inapplicable ; Inapplicable ; Inapplicable ; Pass         ; Inapplicable ; Inapplicable ; Inapplicable ; Inapplicable ; Inapplicable ; Pass      ; Inapplicable ; Inapplicable ;
; IO_data[0]         ; Pass      ; Inapplicable ; Pass      ; Inapplicable ; Inapplicable ; Pass      ; Pass      ; Inapplicable ; Pass      ; Pass      ; Inapplicable ; Inapplicable ; Inapplicable ; Inapplicable ; Inapplicable ; Inapplicable ; Inapplicable ; Inapplicable ; Inapplicable ; Inapplicable ; Inapplicable ; Inapplicable ; Inapplicable ; Inapplicable ; Inapplicable ; Inapplicable ; Inapplicable ; Pass      ; Inapplicable ; Inapplicable ;
; IO_data[1]         ; Pass      ; Inapplicable ; Pass      ; Inapplicable ; Inapplicable ; Pass      ; Pass      ; Inapplicable ; Pass      ; Pass      ; Inapplicable ; Inapplicable ; Inapplicable ; Inapplicable ; Inapplicable ; Inapplicable ; Inapplicable ; Inapplicable ; Inapplicable ; Inapplicable ; Inapplicable ; Inapplicable ; Inapplicable ; Inapplicable ; Inapplicable ; Inapplicable ; Inapplicable ; Pass      ; Inapplicable ; Inapplicable ;
; IO_data[2]         ; Pass      ; Inapplicable ; Pass      ; Inapplicable ; Inapplicable ; Pass      ; Pass      ; Inapplicable ; Pass      ; Pass      ; Inapplicable ; Inapplicable ; Inapplicable ; Inapplicable ; Inapplicable ; Inapplicable ; Inapplicable ; Inapplicable ; Inapplicable ; Inapplicable ; Inapplicable ; Inapplicable ; Inapplicable ; Inapplicable ; Inapplicable ; Inapplicable ; Inapplicable ; Pass      ; Inapplicable ; Inapplicable ;
; IO_data[3]         ; Pass      ; Inapplicable ; Pass      ; Inapplicable ; Inapplicable ; Pass      ; Pass      ; Inapplicable ; Pass      ; Pass      ; Inapplicable ; Inapplicable ; Inapplicable ; Inapplicable ; Inapplicable ; Inapplicable ; Inapplicable ; Inapplicable ; Inapplicable ; Inapplicable ; Inapplicable ; Inapplicable ; Inapplicable ; Inapplicable ; Inapplicable ; Inapplicable ; Inapplicable ; Pass      ; Inapplicable ; Inapplicable ;
; IO_data[4]         ; Pass      ; Inapplicable ; Pass      ; Inapplicable ; Inapplicable ; Pass      ; Pass      ; Inapplicable ; Pass      ; Pass      ; Inapplicable ; Inapplicable ; Inapplicable ; Inapplicable ; Inapplicable ; Inapplicable ; Inapplicable ; Inapplicable ; Inapplicable ; Inapplicable ; Inapplicable ; Inapplicable ; Inapplicable ; Inapplicable ; Inapplicable ; Inapplicable ; Inapplicable ; Pass      ; Inapplicable ; Inapplicable ;
; IO_data[5]         ; Pass      ; Inapplicable ; Pass      ; Inapplicable ; Inapplicable ; Pass      ; Pass      ; Inapplicable ; Pass      ; Pass      ; Inapplicable ; Pass         ; Inapplicable ; Inapplicable ; Inapplicable ; Inapplicable ; Pass         ; Inapplicable ; Inapplicable ; Inapplicable ; Inapplicable ; Pass         ; Inapplicable ; Inapplicable ; Inapplicable ; Inapplicable ; Inapplicable ; Pass      ; Inapplicable ; Inapplicable ;
; IO_data[6]         ; Pass      ; Inapplicable ; Pass      ; Inapplicable ; Inapplicable ; Pass      ; Pass      ; Inapplicable ; Pass      ; Pass      ; Inapplicable ; Pass         ; Inapplicable ; Inapplicable ; Inapplicable ; Inapplicable ; Pass         ; Inapplicable ; Inapplicable ; Inapplicable ; Inapplicable ; Pass         ; Inapplicable ; Inapplicable ; Inapplicable ; Inapplicable ; Inapplicable ; Pass      ; Inapplicable ; Inapplicable ;
; IO_data[7]         ; Pass      ; Inapplicable ; Pass      ; Inapplicable ; Inapplicable ; Pass      ; Pass      ; Inapplicable ; Pass      ; Pass      ; Inapplicable ; Inapplicable ; Inapplicable ; Inapplicable ; Inapplicable ; Inapplicable ; Inapplicable ; Inapplicable ; Inapplicable ; Inapplicable ; Inapplicable ; Inapplicable ; Inapplicable ; Inapplicable ; Inapplicable ; Inapplicable ; Inapplicable ; Pass      ; Inapplicable ; Inapplicable ;
; IO_data[8]         ; Pass      ; Inapplicable ; Pass      ; Inapplicable ; Inapplicable ; Pass      ; Pass      ; Inapplicable ; Pass      ; Pass      ; Inapplicable ; Pass         ; Inapplicable ; Inapplicable ; Inapplicable ; Inapplicable ; Pass         ; Inapplicable ; Inapplicable ; Inapplicable ; Inapplicable ; Pass         ; Inapplicable ; Inapplicable ; Inapplicable ; Inapplicable ; Inapplicable ; Pass      ; Inapplicable ; Inapplicable ;
; IO_data[9]         ; Pass      ; Inapplicable ; Pass      ; Inapplicable ; Inapplicable ; Pass      ; Pass      ; Inapplicable ; Pass      ; Pass      ; Inapplicable ; Pass         ; Inapplicable ; Inapplicable ; Inapplicable ; Inapplicable ; Pass         ; Inapplicable ; Inapplicable ; Inapplicable ; Inapplicable ; Pass         ; Inapplicable ; Inapplicable ; Inapplicable ; Inapplicable ; Inapplicable ; Pass      ; Inapplicable ; Inapplicable ;
; IO_data[10]        ; Pass      ; Inapplicable ; Pass      ; Inapplicable ; Inapplicable ; Pass      ; Pass      ; Inapplicable ; Pass      ; Pass      ; Inapplicable ; Pass         ; Inapplicable ; Inapplicable ; Inapplicable ; Inapplicable ; Pass         ; Inapplicable ; Inapplicable ; Inapplicable ; Inapplicable ; Pass         ; Inapplicable ; Inapplicable ; Inapplicable ; Inapplicable ; Inapplicable ; Pass      ; Inapplicable ; Inapplicable ;
; IO_data[11]        ; Pass      ; Inapplicable ; Pass      ; Inapplicable ; Inapplicable ; Pass      ; Pass      ; Inapplicable ; Pass      ; Pass      ; Inapplicable ; Pass         ; Inapplicable ; Inapplicable ; Inapplicable ; Inapplicable ; Pass         ; Inapplicable ; Inapplicable ; Inapplicable ; Inapplicable ; Pass         ; Inapplicable ; Inapplicable ; Inapplicable ; Inapplicable ; Inapplicable ; Pass      ; Inapplicable ; Inapplicable ;
; IO_data[12]        ; Pass      ; Inapplicable ; Pass      ; Inapplicable ; Inapplicable ; Pass      ; Pass      ; Inapplicable ; Pass      ; Pass      ; Inapplicable ; Pass         ; Inapplicable ; Inapplicable ; Inapplicable ; Inapplicable ; Pass         ; Inapplicable ; Inapplicable ; Inapplicable ; Inapplicable ; Pass         ; Inapplicable ; Inapplicable ; Inapplicable ; Inapplicable ; Inapplicable ; Pass      ; Inapplicable ; Inapplicable ;
; IO_data[13]        ; Pass      ; Inapplicable ; Pass      ; Inapplicable ; Inapplicable ; Pass      ; Pass      ; Inapplicable ; Pass      ; Pass      ; Inapplicable ; Pass         ; Inapplicable ; Inapplicable ; Inapplicable ; Inapplicable ; Pass         ; Inapplicable ; Inapplicable ; Inapplicable ; Inapplicable ; Pass         ; Inapplicable ; Inapplicable ; Inapplicable ; Inapplicable ; Inapplicable ; Pass      ; Inapplicable ; Inapplicable ;
; dac_gnd            ; Pass      ; Inapplicable ; Pass      ; Inapplicable ; Inapplicable ; Pass      ; Pass      ; Inapplicable ; Pass      ; Pass      ; Inapplicable ; Pass         ; Inapplicable ; Inapplicable ; Inapplicable ; Inapplicable ; Pass         ; Inapplicable ; Inapplicable ; Inapplicable ; Inapplicable ; Pass         ; Inapplicable ; Inapplicable ; Inapplicable ; Inapplicable ; Inapplicable ; Pass      ; Inapplicable ; Inapplicable ;
; adc_clk_o          ; Pass      ; Inapplicable ; Pass      ; Inapplicable ; Inapplicable ; Pass      ; Pass      ; Inapplicable ; Pass      ; Pass      ; Inapplicable ; Inapplicable ; Inapplicable ; Inapplicable ; Inapplicable ; Inapplicable ; Inapplicable ; Inapplicable ; Inapplicable ; Inapplicable ; Inapplicable ; Inapplicable ; Inapplicable ; Inapplicable ; Inapplicable ; Inapplicable ; Inapplicable ; Pass      ; Inapplicable ; Inapplicable ;
; adc_oeb_o          ; Pass      ; Inapplicable ; Pass      ; Inapplicable ; Inapplicable ; Pass      ; Pass      ; Inapplicable ; Pass      ; Pass      ; Inapplicable ; Inapplicable ; Inapplicable ; Inapplicable ; Inapplicable ; Inapplicable ; Inapplicable ; Inapplicable ; Inapplicable ; Inapplicable ; Inapplicable ; Inapplicable ; Inapplicable ; Inapplicable ; Inapplicable ; Inapplicable ; Inapplicable ; Pass      ; Inapplicable ; Inapplicable ;
; adc_pwdn_o         ; Pass      ; Inapplicable ; Pass      ; Inapplicable ; Inapplicable ; Pass      ; Pass      ; Inapplicable ; Pass      ; Pass      ; Inapplicable ; Inapplicable ; Inapplicable ; Inapplicable ; Inapplicable ; Inapplicable ; Inapplicable ; Inapplicable ; Inapplicable ; Inapplicable ; Inapplicable ; Inapplicable ; Inapplicable ; Inapplicable ; Inapplicable ; Inapplicable ; Inapplicable ; Pass      ; Inapplicable ; Inapplicable ;
; adc_spi_cs_n_o     ; Pass      ; Inapplicable ; Pass      ; Inapplicable ; Inapplicable ; Pass      ; Pass      ; Inapplicable ; Pass      ; Pass      ; Inapplicable ; Inapplicable ; Inapplicable ; Inapplicable ; Inapplicable ; Inapplicable ; Inapplicable ; Inapplicable ; Inapplicable ; Inapplicable ; Inapplicable ; Inapplicable ; Inapplicable ; Inapplicable ; Inapplicable ; Inapplicable ; Inapplicable ; Pass      ; Inapplicable ; Inapplicable ;
; adc_spi_sclk_o     ; Pass      ; Inapplicable ; Pass      ; Inapplicable ; Inapplicable ; Pass      ; Pass      ; Inapplicable ; Pass      ; Pass      ; Inapplicable ; Inapplicable ; Inapplicable ; Inapplicable ; Inapplicable ; Inapplicable ; Inapplicable ; Inapplicable ; Inapplicable ; Inapplicable ; Inapplicable ; Inapplicable ; Inapplicable ; Inapplicable ; Inapplicable ; Inapplicable ; Inapplicable ; Pass      ; Inapplicable ; Inapplicable ;
; adc_spi_sdio_o     ; Pass      ; Inapplicable ; Pass      ; Inapplicable ; Inapplicable ; Pass      ; Pass      ; Inapplicable ; Pass      ; Pass      ; Inapplicable ; Inapplicable ; Inapplicable ; Inapplicable ; Inapplicable ; Inapplicable ; Inapplicable ; Inapplicable ; Inapplicable ; Inapplicable ; Inapplicable ; Inapplicable ; Inapplicable ; Inapplicable ; Inapplicable ; Inapplicable ; Inapplicable ; Pass      ; Inapplicable ; Inapplicable ;
; adc_dco_i          ; Pass      ; Inapplicable ; Pass      ; Inapplicable ; Inapplicable ; Pass      ; Pass      ; Inapplicable ; Pass      ; Pass      ; Inapplicable ; Inapplicable ; Inapplicable ; Inapplicable ; Pass         ; Inapplicable ; Inapplicable ; Pass         ; Inapplicable ; Inapplicable ; Inapplicable ; Inapplicable ; Inapplicable ; Inapplicable ; Inapplicable ; Inapplicable ; Inapplicable ; Pass      ; Inapplicable ; Inapplicable ;
; mcu_spi_sck        ; Pass      ; Inapplicable ; Pass      ; Inapplicable ; Inapplicable ; Pass      ; Pass      ; Inapplicable ; Pass      ; Pass      ; Inapplicable ; Inapplicable ; Inapplicable ; Pass         ; Pass         ; Inapplicable ; Inapplicable ; Pass         ; Pass         ; Inapplicable ; Inapplicable ; Inapplicable ; Inapplicable ; Inapplicable ; Inapplicable ; Inapplicable ; Inapplicable ; Pass      ; Inapplicable ; Inapplicable ;
; mcu_uart_rx        ; Pass      ; Inapplicable ; Pass      ; Inapplicable ; Inapplicable ; Pass      ; Pass      ; Inapplicable ; Pass      ; Pass      ; Inapplicable ; Inapplicable ; Inapplicable ; Pass         ; Pass         ; Inapplicable ; Inapplicable ; Pass         ; Pass         ; Inapplicable ; Inapplicable ; Inapplicable ; Inapplicable ; Inapplicable ; Inapplicable ; Inapplicable ; Inapplicable ; Pass      ; Inapplicable ; Inapplicable ;
; rstn               ; Pass      ; Inapplicable ; Pass      ; Inapplicable ; Inapplicable ; Pass      ; Pass      ; Inapplicable ; Pass      ; Pass      ; Inapplicable ; Inapplicable ; Inapplicable ; Inapplicable ; Pass         ; Inapplicable ; Inapplicable ; Pass         ; Inapplicable ; Inapplicable ; Inapplicable ; Inapplicable ; Inapplicable ; Inapplicable ; Inapplicable ; Inapplicable ; Inapplicable ; Pass      ; Inapplicable ; Inapplicable ;
; clk                ; Pass      ; Inapplicable ; Pass      ; Inapplicable ; Inapplicable ; Pass      ; Pass      ; Inapplicable ; Pass      ; Pass      ; Inapplicable ; Inapplicable ; Inapplicable ; Inapplicable ; Pass         ; Inapplicable ; Inapplicable ; Pass         ; Inapplicable ; Inapplicable ; Inapplicable ; Inapplicable ; Inapplicable ; Inapplicable ; Inapplicable ; Inapplicable ; Inapplicable ; Pass      ; Inapplicable ; Inapplicable ;
; adc_data_i[0]      ; Pass      ; Pass         ; Pass      ; Inapplicable ; Inapplicable ; Pass      ; Pass      ; Inapplicable ; Pass      ; Pass      ; Inapplicable ; Inapplicable ; Inapplicable ; Inapplicable ; Pass         ; Inapplicable ; Inapplicable ; Pass         ; Inapplicable ; Inapplicable ; Inapplicable ; Inapplicable ; Inapplicable ; Inapplicable ; Inapplicable ; Inapplicable ; Inapplicable ; Pass      ; Inapplicable ; Inapplicable ;
; adc_data_i[1]      ; Pass      ; Pass         ; Pass      ; Inapplicable ; Inapplicable ; Pass      ; Pass      ; Inapplicable ; Pass      ; Pass      ; Inapplicable ; Inapplicable ; Inapplicable ; Inapplicable ; Pass         ; Inapplicable ; Inapplicable ; Pass         ; Inapplicable ; Inapplicable ; Inapplicable ; Inapplicable ; Inapplicable ; Inapplicable ; Inapplicable ; Inapplicable ; Inapplicable ; Pass      ; Inapplicable ; Inapplicable ;
; adc_data_i[2]      ; Pass      ; Pass         ; Pass      ; Inapplicable ; Inapplicable ; Pass      ; Pass      ; Inapplicable ; Pass      ; Pass      ; Inapplicable ; Inapplicable ; Inapplicable ; Inapplicable ; Pass         ; Inapplicable ; Inapplicable ; Pass         ; Inapplicable ; Inapplicable ; Inapplicable ; Inapplicable ; Inapplicable ; Inapplicable ; Inapplicable ; Inapplicable ; Inapplicable ; Pass      ; Inapplicable ; Inapplicable ;
; adc_data_i[3]      ; Pass      ; Pass         ; Pass      ; Inapplicable ; Inapplicable ; Pass      ; Pass      ; Inapplicable ; Pass      ; Pass      ; Inapplicable ; Inapplicable ; Inapplicable ; Inapplicable ; Pass         ; Inapplicable ; Inapplicable ; Pass         ; Inapplicable ; Inapplicable ; Inapplicable ; Inapplicable ; Inapplicable ; Inapplicable ; Inapplicable ; Inapplicable ; Inapplicable ; Pass      ; Inapplicable ; Inapplicable ;
; adc_data_i[4]      ; Pass      ; Pass         ; Pass      ; Inapplicable ; Inapplicable ; Pass      ; Pass      ; Inapplicable ; Pass      ; Pass      ; Inapplicable ; Inapplicable ; Inapplicable ; Inapplicable ; Pass         ; Inapplicable ; Inapplicable ; Pass         ; Inapplicable ; Inapplicable ; Inapplicable ; Inapplicable ; Inapplicable ; Inapplicable ; Inapplicable ; Inapplicable ; Inapplicable ; Pass      ; Inapplicable ; Inapplicable ;
; adc_data_i[5]      ; Pass      ; Pass         ; Pass      ; Inapplicable ; Inapplicable ; Pass      ; Pass      ; Inapplicable ; Pass      ; Pass      ; Inapplicable ; Inapplicable ; Inapplicable ; Inapplicable ; Pass         ; Inapplicable ; Inapplicable ; Pass         ; Inapplicable ; Inapplicable ; Inapplicable ; Inapplicable ; Inapplicable ; Inapplicable ; Inapplicable ; Inapplicable ; Inapplicable ; Pass      ; Inapplicable ; Inapplicable ;
; adc_data_i[6]      ; Pass      ; Pass         ; Pass      ; Inapplicable ; Inapplicable ; Pass      ; Pass      ; Inapplicable ; Pass      ; Pass      ; Inapplicable ; Inapplicable ; Inapplicable ; Inapplicable ; Pass         ; Inapplicable ; Inapplicable ; Pass         ; Inapplicable ; Inapplicable ; Inapplicable ; Inapplicable ; Inapplicable ; Inapplicable ; Inapplicable ; Inapplicable ; Inapplicable ; Pass      ; Inapplicable ; Inapplicable ;
; adc_data_i[7]      ; Pass      ; Pass         ; Pass      ; Inapplicable ; Inapplicable ; Pass      ; Pass      ; Inapplicable ; Pass      ; Pass      ; Inapplicable ; Inapplicable ; Inapplicable ; Inapplicable ; Pass         ; Inapplicable ; Inapplicable ; Pass         ; Inapplicable ; Inapplicable ; Inapplicable ; Inapplicable ; Inapplicable ; Inapplicable ; Inapplicable ; Inapplicable ; Inapplicable ; Pass      ; Inapplicable ; Inapplicable ;
; adc_data_i[8]      ; Pass      ; Pass         ; Pass      ; Inapplicable ; Inapplicable ; Pass      ; Pass      ; Inapplicable ; Pass      ; Pass      ; Inapplicable ; Inapplicable ; Inapplicable ; Inapplicable ; Pass         ; Inapplicable ; Inapplicable ; Pass         ; Inapplicable ; Inapplicable ; Inapplicable ; Inapplicable ; Inapplicable ; Inapplicable ; Inapplicable ; Inapplicable ; Inapplicable ; Pass      ; Inapplicable ; Inapplicable ;
; adc_data_i[9]      ; Pass      ; Pass         ; Pass      ; Inapplicable ; Inapplicable ; Pass      ; Pass      ; Inapplicable ; Pass      ; Pass      ; Inapplicable ; Inapplicable ; Inapplicable ; Inapplicable ; Pass         ; Inapplicable ; Inapplicable ; Pass         ; Inapplicable ; Inapplicable ; Inapplicable ; Inapplicable ; Inapplicable ; Inapplicable ; Inapplicable ; Inapplicable ; Inapplicable ; Pass      ; Inapplicable ; Inapplicable ;
; adc_data_i[10]     ; Pass      ; Pass         ; Pass      ; Inapplicable ; Inapplicable ; Pass      ; Pass      ; Inapplicable ; Pass      ; Pass      ; Inapplicable ; Inapplicable ; Inapplicable ; Inapplicable ; Pass         ; Inapplicable ; Inapplicable ; Pass         ; Inapplicable ; Inapplicable ; Inapplicable ; Inapplicable ; Inapplicable ; Inapplicable ; Inapplicable ; Inapplicable ; Inapplicable ; Pass      ; Inapplicable ; Inapplicable ;
; adc_data_i[11]     ; Pass      ; Pass         ; Pass      ; Inapplicable ; Inapplicable ; Pass      ; Pass      ; Inapplicable ; Pass      ; Pass      ; Inapplicable ; Inapplicable ; Inapplicable ; Inapplicable ; Pass         ; Inapplicable ; Inapplicable ; Pass         ; Inapplicable ; Inapplicable ; Inapplicable ; Inapplicable ; Inapplicable ; Inapplicable ; Inapplicable ; Inapplicable ; Inapplicable ; Pass      ; Inapplicable ; Inapplicable ;
; adc_otr_i          ; Pass      ; Pass         ; Pass      ; Inapplicable ; Inapplicable ; Pass      ; Pass      ; Inapplicable ; Pass      ; Pass      ; Inapplicable ; Inapplicable ; Inapplicable ; Inapplicable ; Pass         ; Inapplicable ; Inapplicable ; Pass         ; Inapplicable ; Inapplicable ; Inapplicable ; Inapplicable ; Inapplicable ; Inapplicable ; Inapplicable ; Inapplicable ; Inapplicable ; Pass      ; Inapplicable ; Inapplicable ;
; mcu_spi_mosi       ; Pass      ; Inapplicable ; Pass      ; Inapplicable ; Inapplicable ; Pass      ; Pass      ; Inapplicable ; Pass      ; Pass      ; Inapplicable ; Inapplicable ; Inapplicable ; Inapplicable ; Pass         ; Inapplicable ; Inapplicable ; Pass         ; Inapplicable ; Inapplicable ; Inapplicable ; Inapplicable ; Inapplicable ; Inapplicable ; Inapplicable ; Inapplicable ; Inapplicable ; Pass      ; Inapplicable ; Inapplicable ;
+--------------------+-----------+--------------+-----------+--------------+--------------+-----------+-----------+--------------+-----------+-----------+--------------+--------------+--------------+--------------+--------------+--------------+--------------+--------------+--------------+--------------+--------------+--------------+--------------+--------------+--------------+--------------+--------------+-----------+--------------+--------------+


+---------------------------------------------------------------------------------------------+
; Fitter Device Options                                                                       ;
+------------------------------------------------------------------+--------------------------+
; Option                                                           ; Setting                  ;
+------------------------------------------------------------------+--------------------------+
; Enable user-supplied start-up clock (CLKUSR)                     ; Off                      ;
; Enable device-wide reset (DEV_CLRn)                              ; Off                      ;
; Enable device-wide output enable (DEV_OE)                        ; Off                      ;
; Enable INIT_DONE output                                          ; Off                      ;
; Configuration scheme                                             ; Active Serial            ;
; Error detection CRC                                              ; Off                      ;
; Enable open drain on CRC_ERROR pin                               ; Off                      ;
; Enable input tri-state on active configuration pins in user mode ; Off                      ;
; Configuration Voltage Level                                      ; Auto                     ;
; Force Configuration Voltage Level                                ; Off                      ;
; nCEO                                                             ; Unreserved               ;
; Data[0]                                                          ; As input tri-stated      ;
; Data[1]/ASDO                                                     ; As input tri-stated      ;
; Data[7..2]                                                       ; Unreserved               ;
; FLASH_nCE/nCSO                                                   ; As input tri-stated      ;
; Other Active Parallel pins                                       ; Unreserved               ;
; DCLK                                                             ; As output driving ground ;
; Base pin-out file on sameframe device                            ; Off                      ;
+------------------------------------------------------------------+--------------------------+


+------------------------------------+
; Operating Settings and Conditions  ;
+---------------------------+--------+
; Setting                   ; Value  ;
+---------------------------+--------+
; Nominal Core Voltage      ; 1.20 V ;
; Low Junction Temperature  ; 0 °C   ;
; High Junction Temperature ; 85 °C  ;
+---------------------------+--------+


+------------------------------------------------------------+
; Estimated Delay Added for Hold Timing Summary              ;
+-----------------+----------------------+-------------------+
; Source Clock(s) ; Destination Clock(s) ; Delay Added in ns ;
+-----------------+----------------------+-------------------+
; I/O             ; mcu_spi_sck          ; 9.9               ;
; mcu_spi_sck,I/O ; mcu_spi_sck          ; 2.0               ;
+-----------------+----------------------+-------------------+
Note: For more information on problematic transfers, consider running the Fitter again with the Optimize hold timing option (Settings Menu) turned off.
This will disable optimization of problematic paths and expose them for further analysis using the TimeQuest Timing Analyzer.


+--------------------------------------------------------------------------------------------------------------------------------------------------------------------------------------------------------+
; Estimated Delay Added for Hold Timing Details                                                                                                                                                          ;
+--------------------------------------------------------+---------------------------------------------------------------------------------------------------------------------------+-------------------+
; Source Register                                        ; Destination Register                                                                                                      ; Delay Added in ns ;
+--------------------------------------------------------+---------------------------------------------------------------------------------------------------------------------------+-------------------+
; mcu_spi_mosi                                           ; AnalyzerSpiSlave:U3_analyzer_spi|request_command[0]                                                                       ; 1.231             ;
; mcu_spi_sck                                            ; AnalyzerSpiSlave:U3_analyzer_spi|response_seen                                                                            ; 1.048             ;
; AnalyzerSpiSlave:U3_analyzer_spi|rx_shift[11]          ; AnalyzerSpiSlave:U3_analyzer_spi|request_crc[0]                                                                           ; 0.602             ;
; AnalyzerSpiSlave:U3_analyzer_spi|rx_shift[3]           ; AnalyzerSpiSlave:U3_analyzer_spi|request_crc[0]                                                                           ; 0.602             ;
; AnalyzerSpiSlave:U3_analyzer_spi|rx_shift[7]           ; AnalyzerSpiSlave:U3_analyzer_spi|request_crc[0]                                                                           ; 0.602             ;
; AnalyzerSpiSlave:U3_analyzer_spi|rx_shift[14]          ; AnalyzerSpiSlave:U3_analyzer_spi|request_crc[12]                                                                          ; 0.598             ;
; AnalyzerSpiSlave:U3_analyzer_spi|rx_shift[6]           ; AnalyzerSpiSlave:U3_analyzer_spi|request_crc[12]                                                                          ; 0.598             ;
; AnalyzerSpiSlave:U3_analyzer_spi|request_word_index.00 ; AnalyzerSpiSlave:U3_analyzer_spi|request_crc[12]                                                                          ; 0.598             ;
; Ad9233FrameCapture:U2_frame_capture|write_address[3]   ; Ad9233FrameCapture:U2_frame_capture|altsyncram:capture_ram|altsyncram_bl51:auto_generated|ram_block1a4~porta_address_reg0 ; 0.329             ;
; Ad9233FrameCapture:U2_frame_capture|write_address[2]   ; Ad9233FrameCapture:U2_frame_capture|altsyncram:capture_ram|altsyncram_bl51:auto_generated|ram_block1a4~porta_address_reg0 ; 0.329             ;
; AnalyzerSpiSlave:U3_analyzer_spi|rx_shift[12]          ; AnalyzerSpiSlave:U3_analyzer_spi|request_crc[5]                                                                           ; 0.302             ;
; AnalyzerSpiSlave:U3_analyzer_spi|rx_shift[4]           ; AnalyzerSpiSlave:U3_analyzer_spi|request_crc[5]                                                                           ; 0.302             ;
; AnalyzerSpiSlave:U3_analyzer_spi|rx_shift[8]           ; AnalyzerSpiSlave:U3_analyzer_spi|request_crc[5]                                                                           ; 0.302             ;
; AnalyzerSpiSlave:U3_analyzer_spi|rx_shift[10]          ; AnalyzerSpiSlave:U3_analyzer_spi|request_crc[5]                                                                           ; 0.302             ;
; AnalyzerSpiSlave:U3_analyzer_spi|request_crc[0]        ; AnalyzerSpiSlave:U3_analyzer_spi|request_crc[12]                                                                          ; 0.134             ;
; AnalyzerSpiSlave:U3_analyzer_spi|request_crc[4]        ; AnalyzerSpiSlave:U3_analyzer_spi|request_crc[12]                                                                          ; 0.134             ;
; AnalyzerSpiSlave:U3_analyzer_spi|request_crc[8]        ; AnalyzerSpiSlave:U3_analyzer_spi|request_crc[12]                                                                          ; 0.134             ;
; AnalyzerSpiSlave:U3_analyzer_spi|request_command[1]    ; AnalyzerSpiSlave:U3_analyzer_spi|response_read_latched                                                                    ; 0.091             ;
; AnalyzerSpiSlave:U3_analyzer_spi|rx_ignore             ; AnalyzerSpiSlave:U3_analyzer_spi|rx_bit_count[1]                                                                          ; 0.033             ;
; AnalyzerSpiSlave:U3_analyzer_spi|crc_error_count[15]   ; AnalyzerSpiSlave:U3_analyzer_spi|crc_error_count[15]                                                                      ; 0.029             ;
+--------------------------------------------------------+---------------------------------------------------------------------------------------------------------------------------+-------------------+
Note: This table only shows the top 20 path(s) that have the largest delay added for hold.


+-----------------+
; Fitter Messages ;
+-----------------+
Info (11104): Parallel Compilation has detected 16 hyper-threaded processors. However, the extra hyper-threaded processors will not be used by default. Parallel Compilation will use 10 of the 10 physical processors detected instead.
Info (119006): Selected device EP4CE10F17C8 for design "DAC904_HighSpeedDAC"
Info (21077): Low junction temperature is 0 degrees C
Info (21077): High junction temperature is 85 degrees C
Info (15535): Implemented PLL "Ad9233Pll62m5:U0_adc_pll62m5_inst|altpll:altpll_component|Ad9233Pll62m5_altpll:auto_generated|pll1" as Cyclone IV E PLL type
    Info (15099): Implementing clock multiplication of 5, clock division of 4, and phase shift of 0 degrees (0 ps) for Ad9233Pll62m5:U0_adc_pll62m5_inst|altpll:altpll_component|Ad9233Pll62m5_altpll:auto_generated|wire_pll1_clk[0] port
Info (171003): Fitter is performing an Auto Fit compilation, which may decrease Fitter effort to reduce compilation time
Info (176444): Device migration not selected. If you intend to use device migration later, you may need to change the pin assignments as they may be incompatible with other devices
    Info (176445): Device EP4CE6F17C8 is compatible
    Info (176445): Device EP4CE15F17C8 is compatible
    Info (176445): Device EP4CE22F17C8 is compatible
Info (169124): Fitter converted 4 user pins into dedicated programming pins
    Info (169125): Pin ~ALTERA_ASDO_DATA1~ is reserved at location C1
    Info (169125): Pin ~ALTERA_FLASH_nCE_nCSO~ is reserved at location D2
    Info (169125): Pin ~ALTERA_DCLK~ is reserved at location H1
    Info (169125): Pin ~ALTERA_DATA0~ is reserved at location H2
Warning (15714): Some pins have incomplete I/O assignments. Refer to the I/O Assignment Warnings report for details
Info (176045): Design uses memory blocks. Violating setup or hold times of memory block address registers for either read or write operations could cause memory contents to be corrupted. Make sure that all memory block address registers meet the setup and hold time requirements.
Info (332104): Reading SDC File: 'DAC904_HighSpeedDAC.sdc'
Info (332110): Deriving PLL clocks
    Info (332110): create_generated_clock -source {U0_adc_pll62m5_inst|altpll_component|auto_generated|pll1|inclk[0]} -divide_by 4 -multiply_by 5 -duty_cycle 50.00 -name {U0_adc_pll62m5_inst|altpll_component|auto_generated|pll1|clk[0]} {U0_adc_pll62m5_inst|altpll_component|auto_generated|pll1|clk[0]}
Info (332151): Clock uncertainty is not calculated until you update the timing netlist.
Info (332154): The derive_clock_uncertainty command did not apply clock uncertainty to any clock-to-clock transfers.
Info (332129): Detected timing requirements -- optimizing circuit to achieve only the specified requirements
Info (332111): Found 4 clocks
    Info (332111):   Period   Clock Name
    Info (332111): ======== ============
    Info (332111):   16.000      adc_dco
    Info (332111):   20.000      clk_50m
    Info (332111):   83.333  mcu_spi_sck
    Info (332111):   16.000 U0_adc_pll62m5_inst|altpll_component|auto_generated|pll1|clk[0]
Info (176353): Automatically promoted node Ad9233Pll62m5:U0_adc_pll62m5_inst|altpll:altpll_component|Ad9233Pll62m5_altpll:auto_generated|wire_pll1_clk[0] (placed in counter C1 of PLL_1)
    Info (176355): Automatically promoted destinations to use location or clock signal Global Clock CLKCTRL_G4
Info (176352): Promoted node adc_dco_i~input (placed in PIN G2 (DIFFIO_L4p, DQS0L/CQ1L,DPCLK0))
    Info (176354): Promoted destinations to use location or clock signal Global Clock CLKCTRL_G0
Info (176353): Automatically promoted node clk~input (placed in PIN M2 (CLK2, DIFFCLK_1p))
    Info (176355): Automatically promoted destinations to use location or clock signal Global Clock CLKCTRL_G1
Info (176353): Automatically promoted node rstn~input (placed in PIN M1 (CLK3, DIFFCLK_1n))
    Info (176355): Automatically promoted destinations to use location or clock signal Global Clock CLKCTRL_G3
    Info (176356): Following destination nodes may be non-global or may not use global or regional clocks
        Info (176357): Destination node AnalyzerSpiSlave:U3_analyzer_spi|spi_miso~1
        Info (176357): Destination node Ad9233FrameCapture:U2_frame_capture|Ad9233MultistageDecimator:anti_alias_fir|FirDecimatingStage:stage3|snapshot[28][13]~1
        Info (176357): Destination node Ad9233FrameCapture:U2_frame_capture|Ad9233MultistageDecimator:anti_alias_fir|FirDecimatingStage:stage2|snapshot[15][10]~2
        Info (176357): Destination node Ad9233FrameCapture:U2_frame_capture|Ad9233MultistageDecimator:anti_alias_fir|FirDecimatingStage:stage1|snapshot[11][16]~0
        Info (176357): Destination node Ad9233FrameCapture:U2_frame_capture|Ad9233MultistageDecimator:anti_alias_fir|FirDecimatingStage:stage1|history[6][12]~0
Info (176353): Automatically promoted node AnalyzerSpiSlave:U3_analyzer_spi|spi_miso~1 
    Info (176355): Automatically promoted destinations to use location or clock signal Global Clock
Info (176233): Starting register packing
Info (176235): Finished register packing
    Extra Info (176218): Packed 12 registers into blocks of type EC
    Extra Info (176218): Packed 127 registers into blocks of type Embedded multiplier block
    Extra Info (176218): Packed 104 registers into blocks of type Embedded multiplier output
    Extra Info (176218): Packed 13 registers into blocks of type I/O Input Buffer
Warning (15058): PLL "Ad9233Pll62m5:U0_adc_pll62m5_inst|altpll:altpll_component|Ad9233Pll62m5_altpll:auto_generated|pll1" is in normal or source synchronous mode with output clock "compensate_clock" set to clk[0] that is not fully compensated because it feeds an output pin -- only PLLs in zero delay buffer mode can fully compensate output pins
Warning (15064): PLL "Ad9233Pll62m5:U0_adc_pll62m5_inst|altpll:altpll_component|Ad9233Pll62m5_altpll:auto_generated|pll1" output port clk[0] feeds output pin "adc_clk_o~output" via non-dedicated routing -- jitter performance depends on switching rate of other design elements. Use PLL dedicated clock outputs to ensure jitter performance
Info (171121): Fitter preparation operations ending: elapsed time is 00:00:08
Info (170189): Fitter placement preparation operations beginning
Info (170190): Fitter placement preparation operations ending: elapsed time is 00:00:05
Info (170191): Fitter placement operations beginning
Info (170137): Fitter placement was successful
Info (170192): Fitter placement operations ending: elapsed time is 00:00:08
Info (170193): Fitter routing operations beginning
Info (170195): Router estimated average interconnect usage is 10% of the available device resources
    Info (170196): Router estimated peak interconnect usage is 17% of the available device resources in the region that extends from location X11_Y12 to location X22_Y24
Info (170194): Fitter routing operations ending: elapsed time is 00:00:09
Info (170199): The Fitter performed an Auto Fit compilation.  Optimizations were skipped to reduce compilation time.
    Info (170201): Optimizations that may affect the design's routability were skipped
    Info (170200): Optimizations that may affect the design's timing were skipped
Info (11888): Total time spent on timing analysis during the Fitter is 6.83 seconds.
Info (334003): Started post-fitting delay annotation
Info (334004): Delay annotation completed successfully
Info (334003): Started post-fitting delay annotation
Info (334004): Delay annotation completed successfully
Info (11218): Fitter post-fit operations ending: elapsed time is 00:00:06
Warning (171167): Found invalid Fitter assignments. See the Ignored Assignments panel in the Fitter Compilation Report for more information.
Warning (169177): 19 pins must meet Altera requirements for 3.3-, 3.0-, and 2.5-V interfaces. For more information, refer to AN 447: Interfacing Cyclone IV E Devices with 3.3/3.0/2.5-V LVTTL/LVCMOS I/O Systems.
    Info (169178): Pin adc_dco_i uses I/O standard 3.3-V LVCMOS at G2
    Info (169178): Pin mcu_spi_sck uses I/O standard 3.3-V LVTTL at E6
    Info (169178): Pin mcu_uart_rx uses I/O standard 3.3-V LVTTL at A8
    Info (169178): Pin rstn uses I/O standard 2.5 V at M1
    Info (169178): Pin clk uses I/O standard 2.5 V at M2
    Info (169178): Pin adc_data_i[0] uses I/O standard 3.3-V LVCMOS at R10
    Info (169178): Pin adc_data_i[1] uses I/O standard 3.3-V LVCMOS at T11
    Info (169178): Pin adc_data_i[2] uses I/O standard 3.3-V LVCMOS at R9
    Info (169178): Pin adc_data_i[3] uses I/O standard 3.3-V LVCMOS at T10
    Info (169178): Pin adc_data_i[4] uses I/O standard 3.3-V LVCMOS at R8
    Info (169178): Pin adc_data_i[5] uses I/O standard 3.3-V LVCMOS at T9
    Info (169178): Pin adc_data_i[6] uses I/O standard 3.3-V LVCMOS at R7
    Info (169178): Pin adc_data_i[7] uses I/O standard 3.3-V LVCMOS at T8
    Info (169178): Pin adc_data_i[8] uses I/O standard 3.3-V LVCMOS at R6
    Info (169178): Pin adc_data_i[9] uses I/O standard 3.3-V LVCMOS at T7
    Info (169178): Pin adc_data_i[10] uses I/O standard 3.3-V LVCMOS at R5
    Info (169178): Pin adc_data_i[11] uses I/O standard 3.3-V LVCMOS at T6
    Info (169178): Pin adc_otr_i uses I/O standard 3.3-V LVCMOS at R4
    Info (169178): Pin mcu_spi_mosi uses I/O standard 3.3-V LVTTL at D5
Info (144001): Generated suppressed messages file D:/diansai2025/26Diansai_G_62m5/FPGA_sendwave/prj/DAC904_HighSpeedDAC.fit.smsg
Info: Quartus II 64-Bit Fitter was successful. 0 errors, 5 warnings
    Info: Peak virtual memory: 5885 megabytes
    Info: Processing ended: Fri Jul 31 18:46:31 2026
    Info: Elapsed time: 00:00:51
    Info: Total CPU time (on all processors): 00:00:46


+----------------------------+
; Fitter Suppressed Messages ;
+----------------------------+
The suppressed messages can be found in D:/diansai2025/26Diansai_G_62m5/FPGA_sendwave/prj/DAC904_HighSpeedDAC.fit.smsg.


