:020000040800F2
:100000008833022441040008512E0108011D010813
:10001000492E010859270008416A01080000000024
:100020000000000000000000000000005938010836
:100030008139000800000000C92E01083144010880
:100040005F0400085F0400085F0400085F04000804
:100050005F0400085F0400085F0400085F040008F4
:100060005F0400085F0400085F040008C12E000858
:10007000D12E0008E12E0008F12E00085F040008D0
:100080005F0400085F040008D92600085F04000828
:100090005F0400085F0400085F0400085F040008B4
:1000A0005F0400085F0400085F0400085F040008A4
:1000B0005F040008B14601085F0400085F040008FF
:1000C0005F0400085F0400085F0400085F04000884
:1000D0005F0400085F040008B9690108316A01087B
:1000E0005F0400085F040008000000005F040008CF
:1000F0005F0400085F0400085F0400085F04000854
:100100005F0400085F0400085F040008C9350108A7
:100110005F0400085F0400085F0400085F04000833
:100120005F0400085F0400085F0400085F04000823
:100130005F0400085F0400085F0400085F04000813
:1001400000000000000000000000000000000000AF
:100150005F0400085F0400085F0400085F040008F3
:100160005F0400085F0400085F0400085F040008E3
:100170005F0400085F0400085F040008000000003E
:100180005F0400085F0400085F0400085F040008C3
:100190005F0400085F0400085F0400085F040008B3
:1001A0005F0400085F0400085F0400085F040008A3
:1001B0005F0400085F0400085F0400085F04000893
:1001C0005F0400085F0400085F0400085F04000883
:1001D0005F0400085F0400085F0400085F04000873
:1001E0005F0400085F0400085F0400085F04000863
:1001F0005F0400085F0400085F0400085F04000853
:100200005F0400085F0400085F0400085F04000842
:100210005F0400085F0400085F0400085F04000832
:100220005F0400085F0400085F040008000000008D
:100230005F0400085F040008000000005F0400087D
:100240005F0400085F0400085F0400085F04000802
:100250005F0400085F0400085F0400085F040008F2
:100260005F0400085F0400085F0400085F040008E2
:100270005F0400085F0400085F040008000000003D
:100280005F0400085F0400085F040008000000002D
:10029000000000005F04000800F002F800F0C0F861
:1002A00014A696E8000CB244B344DA4501D100F03C
:1002B000B7F8BAE80F000FA696E83000A5EB0405E2
:1002C00004EB0607AAEB0704A7F101074FEA15158F
:1002D0004FEA3414A4F10104AC4201D300F0A0F8B9
:1002E00013F0010F18BFFB1A43F0010300F001F8EF
:1002F000DBE7184768040300880403000A4410F889
:10030000014B14F00F0508BF10F8015B240908BF6A
:1003100010F8014B6D1E05D010F8013B6D1E01F861
:10032000013BF9D1641E03D0641E01F8015BFBD1CF
:100330009142E4D37047000070470000002300247E
:1003400000250026103A28BF78C1FBD8520728BFE5
:1003500030C148BF0B6070476E2900F0BF82702922
:1003600000F01584662919F0C887652919F0C5873A
:10037000672919F0C287612919F0C18703681B0A30
:1003800028BF41F08001692900F06C82642900F0E7
:100390006982752900F066826F2900F0A3837829AD
:1003A00000F0E183E92900F03D83E42900F03A837D
:1003B000F52900F03783EF2900F0A083F82900F039
:1003C000E0830368DB0928BF41F08001632901F065
:1003D000E580732901F0EA80E32901F0F580F32933
:1003E00001F0FA80002070471FB519F079FF9DE8F1
:1003F000030001F0EBFB01F0E9F90400002000210B
:1004000019F058FF401C60600020002119F03CFFEB
:10041000E06001F0E9F81FBD10B501F04EF910BD24
:1004200001F0A6F91146FFF7DFFF18F0C5FD01F056
:100430006DFB03B4FFF7F0FF03BC01F045FD0000C6
:100440000A4880470A4880470A480047FEE7FEE717
:10045000FEE7FEE7FEE7FEE7FEE7FEE7FEE7FEE774
:1004600005480649064A074B70470000193F000837
:100470002145010899020008882D022488330224AE
:10048000882F0224882F022453EA020C00F069808E
:100490002DE9F04B4FF00006002B1FBFB3FA83F598
:1004A00003FA05F424FA05F65E4012BF1643B2FAC9
:1004B00082F502FA05F4C5F120051EBF22FA05FCFB
:1004C00044EA0C04203556EA044C4FEA144418BFA1
:1004D000641C4FF000084FF00009904271EB030CD0
:1004E00039D3002919BFB1FA81F701FA07F6B0FA3A
:1004F00080F700FA07F6C7F120071EBF20FA07FCB5
:1005000046EA0C062037B6FBF4FCA7EB0507103FC4
:1005100007F01F0BCBF120062CFA06F60CFA0BFBAA
:1005200044BFB3460026202FA4BF5E464FF0000B09
:100530005BEA060C08BF4FF0010B19EB0B0948EB07
:100540000608ABFB027C06FB02CC0BFB03CCC01BFA
:1005500071EB0C01C1E70B46024641464846BDE837
:10056000F08B13B5084318BF4FF0FF300146AFF3CF
:100570000080BDE81C4070470FB4044910B503AAC1
:10058000029800F0DFF910BC5DF814FBB4400024C1
:100590000FB41CB50C0007AA009007D04142A1423D
:1005A00002D32044401E01E04FF0FF30074B7B4454
:1005B00069460190069800F0AAF90021002C01D0AC
:1005C000009A11701CBC5DF814FB0000830300004E
:1005D00010B5431C02E010F8011B71B18107FAD17C
:1005E0004FF0013202C88C1A8C4314EAC211F9D0C0
:1005F000C01A0A0603D0C01E10BDC01A10BD0A04DE
:1006000001D0801E10BD0902FCD0401E10BD10B5E7
:10061000203AC0F00B80B1E81850A0E81850B1E8BB
:100620001850A0E81850203ABFF4F5AF5FEA027CFA
:1006300024BFB1E81850A0E8185044BF18C918C02A
:10064000BDE810405FEA827C24BF51F8043B40F8CB
:10065000043B08BF7047D20728BF31F8023B48BFB0
:1006600011F8012B28BF20F8023B48BF00F8012BEE
:1006700070474FF000020429C0F0128010F0030C04
:1006800000F01B80CCF1040CBCF1020F18BF00F885
:10069000012BA8BF20F8022BA1EB0C0100F00DB834
:1006A0005FEAC17C24BF00F8012B00F8012B48BF92
:1006B00000F8012B70474FF0000200B51346944636
:1006C0009646203922BFA0E80C50A0E80C50B1F1AA
:1006D0002001BFF4F7AF090728BFA0E80C5048BFBE
:1006E0000CC05DF804EB890028BF40F8042B08BF5C
:1006F000704748BF20F8022B11F0804F18BF00F858
:10070000012B70470000000030B44FF0013C50F85E
:10071000042BCCFA52F451F8043BD51A20D1FCB981
:1007200050F8042BCCFA52F451F8043BD51A17D1E7
:10073000B4B950F8042BCCFA52F451F8043BD51A52
:100740000ED16CB950F8042BCCFA52F451F8043B9A
:10075000D51A05D1002CDAD030BC4FF0000070471C
:1007600029BAB1FA81F111F01801D1F120008440C9
:10077000F2D1CA40CB4012F0FF0213F0FF0330BCAD
:10078000D01A704770477047704710B500F0CEFA26
:10079000006810BD10B5044600F0C8FA046010BD32
:1007A00070B5044685690068C10601D5302600E0B1
:1007B0002026C00707D070BDD4E9012130469047FC
:1007C000206A401C20626D1EF6D570BD70B50446CF
:1007D00085690078C00707D170BDD4E901212020C8
:1007E0009047206A401C20626D1EF6D570BD0968D6
:1007F0004A0501D540B27047C905FCD500B2704723
:1008000009684A0501D5C0B27047C905FCD580B258
:10081000704770B50C460546012A05D02878800639
:1008200000D5EA69002302E0012305E05B1C934246
:1008300002D2E05C0028F9D1A869E618C01AA861C4
:10084000286A184428622846FFF7AAFF04E0D5E981
:10085000012114F8010B9047B442F8D32846FFF762
:10086000B5FF70BD2DE9F0410646002410687529DA
:10087000314616A510D0FFF7BAFF002802DA404231
:1008800013A507E031688A0701D512A502E04907E0
:1008900004D511A5012401E0FFF7B2FF00210A22CF
:1008A00006F1240709E0B0FBF2FCB0FBF2F302FB17
:1008B0001C00303078541846491C0028F3D12346D8
:1008C0002A463046BDE8F04100F079BA0000000049
:1008D0002D0000002B0000002000000011680268BD
:1008E000006A530501D508700AE0D30501D50880D8
:1008F00006E0130603D5C217C1E9000200E0086054
:100900000120704701694A1C02610878704700B5F0
:100910008FB0CDE901310021059105497944CDE938
:1009200003101146684600F03DF90FB000BD00000D
:10093000E5FFFFFFD1E900239A4202D2531C0B606E
:1009400010707047074B70B50D467B44FFF7DFFF13
:100950000446284600F044FE10B14FF0FF3070BD51
:10096000204670BD438601002DE9FF5F15468A468B
:100970000446DFF8AC80F8440027D8E900103E4672
:10098000CDE9001010E03AF816106A4602A800F00F
:10099000C7FE411C07D02178890603D5E2693918C2
:1009A00091420DD80744761C2078800602D5E06974
:1009B000B84205DDAE42E6DB3AF816000028E2D187
:1009C000A069C01BA0612046FFF7EAFED8E900102D
:1009D000CDE90010002017E03AF818106A4602A886
:1009E00000F09EFEB0F1FF3F81460BD000250DF1D7
:1009F000080B05E0D4E901211BF8050090476D1CA8
:100A00004D45F7D308F10100B0428046E4DB206A8F
:100A1000384420622046FFF7D9FEBDE8FF9F000062
:100A20008A9901002DE9F0418046D21D22F007028B
:100A30000025D2E90002F52915A614D0011E72F195
:100A4000000106DA0023D0EB030063EB020211A6DB
:100A500008E0D8F800108B0701D50FA602E049077F
:100A600001D50EA601251146002408F1240704E053
:100A700000F060F930323A55641C50EA0102F7D1B7
:100A80002B46324621464046BDE8F04100F097B97A
:100A9000000000002D0000002B00000020000000DE
:100AA00030B4002100F1240408E002F00705D20868
:100AB000303542EA4372DB086554491C52EA0305AB
:100AC000F3D10468002310A2250708D504F0200400
:100AD0000C4304D0C46901230CA2641EC46130BC61
:100AE00000F06DB910B5044621461068FFF788FE86
:100AF00002462046BDE810400023D1E7D21D22F077
:100B00000701D1E90023CBE700000000300000001E
:100B1000F0B40D460188090502D5214C7C4402E061
:100B20001F4C7C440E34002100F1240608E002F042
:100B30000F071209E75D42EA03721B097754491C4B
:100B400052EA0307F3D102780023120704D5702D6F
:100B500006D009B1022311342246F0BC00F02FB9AF
:100B600001231034F8E770B504460D46214610689D
:100B7000FFF746FE024629462046BDE870400023A6
:100B8000C6E7D21D22F00703D3E90023C0E70368BC
:100B9000126843F0200303600823C3610023B7E712
:100BA000EC9701002DE9F05F894604464FF0000AFA
:100BB000DFF874B1FB44C0F820A02046E168884704
:100BC000002874D0252806D0D4E901219047206A56
:100BD000401C2062F1E700265F462046E168884716
:100BE0002028054607DB312D05D2781910F8200C96
:100BF00008B10643F1E7B00701D526F00406C4F8B2
:100C00001CA00027C4F818A02A2D09D0284619F0E6
:100C100033FB38B304EB8708303DC8F8185019E0AF
:100C200059F8041B204604EB87029161E16888476C
:100C3000012F054618D1E069002820DA26F02006A9
:100C40001DE0D8F8180000EB800005EB40003038BC
:100C5000C8F818002046E1688847054619F00CFBE3
:100C60000028EED1012F0AD02E2D08D12046E168B0
:100C700088477F1C0546022F46F02006C4DBA0698A
:100C8000002803DA404246F00106A061F00701D0D7
:100C900026F010066C2D0BD0682D09D04C2D39D0C4
:100CA0006A2D35D0742D35D07A2D33D016E038E04A
:100CB000E1682F4620468847B842054609D16C2F87
:100CC00026D04FF48060E1680643204688470546F9
:100CD00004E06C2F1AD04FF4807006430DB3A5F1D9
:100CE0004100192802D8203546F400664A462946B4
:100CF000204626604E46FFF72FFB80B101280BD01F
:100D0000F61D26F0070000F1080956E74020E4E749
:100D10008020D8E70020D6E706F104094DE72846F1
:100D200052E7206ABDE8F09F7C97010000487047B9
:100D30005C41002430B5B0F10A0271F100034FEAC2
:100D4000900E4EEA817EB0EB0E0061EB91014FEA0E
:100D5000101E4EEA017E10EB0E0041EB11114FEA1E
:100D6000102E4EEA016E10EB0E0041EB11214FEAFE
:100D7000104E4EEA014E10EB0E0041EB11414018AF
:100D800041F100014FEAD00040EA41704FEAD10141
:100D90004FEA810444EA907410EB800544EB0104AF
:100DA0006D1944EB0404521BA3414FF0000348BFEC
:100DB0000A3200D530BD401C41F1000130BD2DE9A3
:100DC000F0470D4699469246044600F12408016812
:100DD000880604D5E06921F01001216000E00120BF
:100DE000A84201DD471B00E00027A1697A1902EB48
:100DF0000900081AA0612078C00602D42046FFF737
:100E0000CFFC002608E0D4E901211AF8060090473B
:100E1000206A401C761C20624E45F4DB2078C00618
:100E20000AD52046FFF7BCFC06E0D4E901213020BA
:100E30009047206A401C2062381EA7F10107F4DCAD
:100E400007E0D4E9012118F805009047206A401C0A
:100E50002062281EA5F10105F3DC2046FFF7B6FC51
:100E60002078000602D50220BDE8F0870120FBE7CC
:100E70002DE9FF4F0C461E464FF0FF378BB0D2E9ED
:100E80000001DDF860800A908A46C1F30A5505B971
:100E90003D46002108464FF00000BAF1000F00F473
:100EA000400005DA00EB80004FF4400101EA5000F9
:100EB0004FEA9059B9F1010F00DDB9460A9850EA9E
:100EC0004A000ED044F61050A5F2FF3545432F14CA
:100ED000B8F1000F1ED07542291E1EDDC9F10002B7
:100EE0001CE0B8F1010F4FF0000001D0302103E009
:100EF000F24305E02154401CB042FBDB30460022A7
:100F0000002121540B99C1F80880C1E900200FB0DD
:100F1000BDE8F08FBD1B6D1CDEE74A4600DA694272
:100F200006A800F0BFFC06AB93E8070003AB83E81C
:100F3000070050460A9918F006FA8DE80700A0F558
:100F400000501F3800900398002D0ADD42F21F0167
:100F50004A460844002303A90390684618F070FC31
:100F600009E0A0F500504A461F38002303A903906A
:100F7000684618F07AFC8DE807000004000C03D0E6
:100F80004FF0FF30410800E01046B8F1000F03D0E9
:100F90000022009215461EE0751E05D4FFF7CAFE1A
:100FA000303262556D1EF9D5B3460122084302D096
:100FB00000227F1C04E02078302801D100227F1E0F
:100FC000002A099784D01DE0112D07DAFFF7B2FE41
:100FD000303262556D1C50EA0102F5D1084302D04F
:100FE0000098C8B10EE00021681E05E0235C625C39
:100FF00063542254401E491C8142F7DBAB46A81BB8
:10100000401E0990002004F80B000B98099AC0F8C4
:101010000880C0E9002B7AE711264FF0000857E757
:101020002DE9F04F88460446D21D22F0070191B009
:10103000D1E90001CDE90A0118F04EFD02460B98F6
:10104000C00F01D02D2007E02068810701D52B209B
:1010500002E0202101EAC000032A099001D0072AFA
:1010600005DB03464146204600F0DCFB0BE120781F
:10107000800601D5E06900E00620B8F1650F8146E1
:1010800006D0B8F1660F18D0B8F1670F70D131E013
:101090000020B9F1110F009001DB112301E009F1EB
:1010A00001030AAA01A90CA8FFF7E2FEDDE90C7012
:1010B000002609F10105834647E001204B460090D8
:1010C0004FF000470AAA01A90CA8FFF7D1FEDDE9FD
:1010D0000DB00C995D46002610B909F101000D18FC
:1010E000B9EB050003D4C0F1FF3609F10105A5EB0A
:1010F00009002BE0B9F1010F01DA4FF001090020DE
:10110000B9F1110F0090484601DD112300E00346BC
:101110000AAA01A90CA8FFF7ABFEDDE90C704D4649
:1011200000268346207800070AD4AB4500DA5D46E6
:1011300001A8012D04DD411911F8011C302907D047
:101140004F4502DA17F1040F04DA012082460FE05E
:101150006D1EEEE7002F02DCED1B3E4403E0781C21
:10116000A84200DD7D1CB81B00F1010A4FF00047CA
:101170002078000703D4AA4501DB4FF0FF3A002195
:10118000B7F1004F0DF143088DF8431024D0022031
:101190002B23002F01DA7F422D230A21021EA0F10A
:1011A000010000DC5FB197FBF1FC97FBF1F201FB62
:1011B0001C7C17460CF1300C08F801CDEEE7A8F1C5
:1011C000010003702188090501D5452100E0652152
:1011D000A0F1010800F8011C09980FA9A1EB08076C
:1011E000FF1D00B10120411901EBEA70A1693844EB
:1011F000081A401EA0612078C00602D42046FFF7DE
:10120000CFFA099828B1D4E901219047206A401CFF
:1012100020622078C00622D52046FFF7C1FA1EE0E2
:10122000002E04DBB34502DD01A8805D00E0302024
:10123000D4E901219047206A401C2062761CAAF163
:1012400001005FEA000A0AD100F0C0FAC068016834
:10125000405CD4E901219047206A401C2062281E8E
:10126000A5F10105DCDC07E0D4E9012118F8010B48
:101270009047206A401C2062381EA7F10107F3DC6A
:101280002046FFF7A3FA032011B041E62DE9F04F05
:1012900004460D46D21D22F0070089B0D0E9009720
:1012A0004846394618F018FC0246F80F01D02D23A5
:1012B00007E02068810701D52B2302E0202101EA05
:1012C000C0038DF820300BB1012000E00020032A7C
:1012D000824601D0072A04DB2946204600F0A2FA04
:1012E0003FE12078800601D40D2500E0E569C7F3D1
:1012F0000A560D2D49DA00214FEA175B08464FF0D8
:101300000000002F00F4400007DA00EB80004FF4EB
:10131000400100EBD07001EA60008115012901DD78
:101320004FF0FF3100224FEA850CBCF1180F06D3B5
:101330001346ACF118004FF08052C24003E04FF466
:10134000801323FA0CF30CF10C0CBCF1200F04D326
:10135000ACF1200C09FA0CF001E007FA0CF00029BE
:101360004FF0004801DD18B90FE00ED140450CD315
:1013700019EB02095F4121B9404502D19F4329EA97
:101380000209BBEB175F00D0761C2088000502D550
:101390007B48784402E07A487844193808AA302318
:1013A00002F80A30037C0AF10101002E0AF1020A58
:1013B00053546A4602DC4FF0300101E04FF0310136
:1013C0004FF001088DF8001002D0A6F2FF3603E0BE
:1013D00059EA470100D06B4E002D02DC2178090745
:1013E00004D54FF002082E218DF80110C4460021CB
:1013F0000BE0C7F303433F01C35C491C6D1E02F8B9
:101400000830052908F1010801DA002DF1DC00217E
:101410000CE000EB1973491C1B786D1E082902F8BB
:1014200008304FEA091908F1010801DA002DF0DC53
:1014300021688B0602D516E0A8F10108E04505DD1C
:1014400002EB080313F8013C302BF5D0B8F1000F84
:1014500009DD02EB080313F8013C2E2B03D1090729
:1014600001D4A8F10108002D05DD3E2102F8081085
:101470006D1E08F10108407C002E02F8080008F1FA
:10148000010804DA2D20764202F8080002E02B2041
:1014900002F808000A214FF47A70864208F1010828
:1014A0000BDB96FBF0F3303302F8083096FBF0F3D9
:1014B00008F1010800FB136601E0642E0CDB6420D8
:1014C00096FBF0F3303302F8083096FBF0F308F1A6
:1014D000010800FB136601E00A2E06DB96FBF1F023
:1014E000303002F8080008F1010896FBF1F001FB2A
:1014F0001060303002F80800A16908F1010808EB1B
:10150000050202EB0A00081AA0612078C00602D486
:101510002046FFF745F9216A08AE01EB0A00206278
:1015200004E0D4E9012116F8010B9047BAF1010A51
:10153000F7D22078C00602D52046FFF731F96E4673
:1015400009E016F8010B3E280FD0D4E9012190479D
:10155000206A401C2062B8F10108F2D22046FFF751
:1015600035F909B00320BDE8F08F206A28442062D5
:1015700003E0D4E90121302090476D1EEBD3F8E75A
:10158000E58F010002FCFFFF10B5436913B1AFF313
:10159000008001E0FFF73DF9012010BD127800F155
:1015A00024010A7000224A700122EDE711684FF011
:1015B000FF32E9E710B5436913B1AFF3008001E0F2
:1015C000FFF7D2F9012010BD128800F124018284B6
:1015D0000022C2840122EDE711684FF0FF32E9E7F3
:1015E000007B00F08000704710B542485421FFF79F
:1015F00062F841485421FFF75EF840485421FFF754
:101600005AF83F493B483C4A3F4B08603D490A6015
:101610003A491960531C0365481C10650120086590
:101620003B48344A39A1784400F0D2F920B938480F
:1016300078440A3800F073FA37482F4A35A17844C5
:1016400000F0C6F920B9344878440A3800F067FA47
:1016500032482A4A2FA1784400F0BAF920B92F481D
:1016600078440A3800F05BFA40232248DC0000216D
:10167000224600F089F920B125487844543800F01A
:101680004EFA1D4822464023002100F07DF920B18A
:1016900021487844543800F042FA18482246102372
:1016A000002100F071F9002806D01C487844BDE8FC
:1016B0001040563800F033BA10BD104870B5006DB8
:1016C00020F001040B4800F0FBF90B4800F0F8F99A
:1016D0000A4800F0F5F909E0206D20F001052046E8
:1016E00000F0EEF9204600F075F82C46002CF3D1FE
:1016F00070BD000060400024B44000240841002474
:1017000000000024040000240800002472000000EF
:10171000648D010077000000508D01003C8D0100B8
:101720002DE9F04116460C46054600F047F80368DF
:1017300093F80101012807D0FF2C12D8185D80B161
:1017400001202C70BDE8F081D3F807013246214614
:1017500003F20713C7182846BC46BDE8F041002332
:1017600060474FF0FF30EDE7004870475C410024D0
:101770007546FFF7F9FFAE4605006946534620F06F
:101780000700854618B020B5FEF76AFEBDE8204088
:101790004FF000064FF000074FF000084FF0000B2D
:1017A000AC46ACE8C009ACE8C009ACE8C009ACE89C
:1017B000C00921F007018D467047000010B500F008
:1017C00005F8001D10BD00BFED8A010000487047FC
:1017D0007C41002470B50446051F00F0DBF9006869
:1017E000002C14BF446870BD002C18BFAC423CBF35
:1017F00020466468F8D301680A18AA4218BF4560F9
:1018000003D12A6805461144016028684119A142A4
:101810001CBF6C6070BD6168696021680844286005
:1018200070BD00002DE9F0411F4604460326016803
:10183000072A01F4006004DB08B116A505E016A52F
:1018400003E008B115A500E015A521F01000206007
:10185000A069C01EA0610FB1401EA0612046FEF726
:101860009FFF4FB1D4E9012138469047206A401CC0
:101870002062C01C206206E0206AFAE7D4E9012158
:1018800015F8010B9047761EF8D22046FEF79EFF12
:10189000BDE8F0814E414E006E616E00494E46003B
:1018A000696E66002DE9F047814616468AB03548D4
:1018B00078440DC88DE80D0032487844801C03AC94
:1018C0000DC884E80D0041F69B300844372190FB99
:1018D000F1F290FBF1F5A5F1800501FB12041B3C30
:1018E00002D56442012000E00020DFF898A0804685
:1018F0000027FA44AAF1BE0A0EE0E0070AD03246F9
:10190000684607EB470101230AEB810117F0ADFFA1
:101910008DE8070064107F1C002CEED1194F7F4426
:10192000AE3F19E0E80715D007EB04100DF1180AD7
:1019300090E80E008AE80E00C068F04201D19819C4
:1019400008903246012306A903A817F08EFF03ABC7
:1019500083E807006D10641C002DE3D14FF00103F4
:1019600032466946B8F1000F03A802D017F068FFAD
:1019700001E017F07AFFC9E90001C9F808200AB0B0
:10198000BDE8F087648B010070B5C468A50713D06B
:10199000650211D4B2F5807F09D0B2F5007F06D080
:1019A000B2F5806F08D1012300F1240106E05D1E2D
:1019B0006FF07F46B54201D3012070BD0161C36164
:1019C000416024F470611143C160002070BD0000CB
:1019D0002DE9F0410C461646070047D0104600F0AE
:1019E0006FF82078611C61280AD0722802D077280D
:1019F0003CD102E00125002405E00225042402E098
:101A0000082448F2020511F8010B2B2806D06228A1
:101A100009D011F8010C74280AD00BE045F0030539
:101A200044F00204EFE745F0040544F00104EAE75E
:101A300044F010043846214600F078F8411C15D0D7
:101A40000021316171604FF40071F560F1617061E6
:101A5000200704D530460222002100F015F9306D30
:101A600040F0010030653046BDE8F0810020FBE722
:101A70002DE9F0410D460646104C206DC10704D0FB
:101A8000410804D020F00104F7E722460EE054207C
:101A900000F0CBF807000ED0206D47F0010108439D
:101AA000542120653846FEF706FE3A462946304660
:101AB000BDE8F0418CE70020D6E70000604000243C
:101AC0002DE9F04704464FF0FF380026C568D4E9F9
:101AD0000497A80718D0204600F092F9384600F085
:101AE0002FF8002800DA4646280502D54846FFF7B9
:101AF00071FE4C212046FEF7DEFD206D20F0010036
:101B000020653046BDE8F0874046FBE710B5044647
:101B1000AFF300802046BDE81040FEF78ABC10B548
:101B200000F0B8F9BDE8104000F0AEB90EB5CDE94F
:101B30000001FEF74DFD029069460120ABBE0EBDCF
:101B400008B5694600900220ABBE08BD1FB58DE800
:101B5000070069460520ABBE04B010BD1FB58DE877
:101B60000F0069460620ABBEF6E708B5694600904F
:101B70000920ABBE08BD1CB5CDE9000169460A20AD
:101B8000ABBE1CBD704708B5694600900C20ABBECB
:101B900008BD00000048704764410024704770474A
:101BA0007047704738B504460A4600206946AFF3CF
:101BB0000080002808BF38BD02460099204600F08A
:101BC00090F9012038BD012000F0DFB9F8B5AFF37E
:101BD0000080054600200C460C2000BF0646A819D0
:101BE000A0420DD9324669460020AFF300800700BD
:101BF00008BF00F0CAF90098A04218BF0546C419F2
:101C0000FFF7C8FF05600746F01D20F007004619E2
:101C1000284600F060F9B44208BFF8BDA21B314667
:101C20003868BDE8F84000F05CB970B50646FFF7CB
:101C3000B1FF056806F10B0020F00704B4429CBF19
:101C4000002070BD2B466A68BAB11068A04210D35C
:101C500004F1080188423CBF5068586007D35168BE
:101C6000101941601168091B016058601460101D53
:101C700070BD13465268002AE7D121462846FFF777
:101C800091FF0028DED170BD2DE9F04104461646D3
:101C90000D464769007B80072ED03846FFF765FF69
:101CA00050BB3EB3012E02D0022E25D104E02046C7
:101CB00000F031F905441DE03846FFF764FFE168A4
:101CC000002841F01001E16005DA204600F058F8E4
:101CD0000120BDE8F081C9030BD56268E16A914239
:101CE00000D81146A26911442269891A814200DD97
:101CF00008460544002D01DA0220EAE7E16A60683F
:101D0000E268814206D29103E06203D522F40031F9
:101D100041F01002A6690027AE4213DCE16A81425D
:101D200001D90B4600E0034603EB060C2369ACEB3C
:101D3000030CAC4506DD814201D98C4600E08446A7
:101D40009C4505D1A760276042F02000A5620DE008
:101D5000AD1BE669AE1B8142A66000D90846C01AD9
:101D6000281A20605819606022F0200003490840BA
:101D7000E060002084F84870ABE70000BFCFD7FFD9
:101D8000C16821F4001141F08001C160002181602F
:101D9000016070472DE9F74F15460C464FF0FF3BA9
:101DA0003848D768D2F814A0074209D05046A9692C
:101DB000FFF7E1FE002819DB3248C0430740EF601F
:101DC0004FF000496FF000484C4501D3464600E013
:101DD000264600993B4650463246FFF7B7FEA969B2
:101DE00020F00042B21A1144A96128B12846FFF739
:101DF000C7FF5846BDE8FE8FA41BE5D10020F9E7D8
:101E000070B504460569C06A6168884200D8084612
:101E1000E16821F42011E160C90312D5A84208D07D
:101E20002246411B2846FFF7B5FF10B14FF0FF30A7
:101E300070BD0020E562C4E90150E06820F4803004
:101E4000E060002070BD10B50446C06820F020009E
:101E5000E060A16AA06988420DD02046FFF7D0FF5C
:101E6000E06820F4405040F01000E060A06AA061FB
:101E70002069E062606044F24001E0688843E0600D
:101E800010BD000010000200002801D000F01CB8B6
:101E90007047000010B5014602A000F05DF8012077
:101EA00010BD000053494752545245443A205265F0
:101EB0006469726563743A2063616E2774206F7081
:101EC000656E3A200000000001491820ABBEFEE715
:101ED00026000200704700210160416070470C201D
:101EE0007047034640688C46002818BF88423CBFB4
:101EF00003464068F8D318681844884207D00CF1AC
:101F0000030020F00700001D411A521A0146081D67
:101F10000A60FFF75FBC10B50146C268900703D0A6
:101F2000900607D5886A0AE0FEF700FF01210160EC
:101F3000881E10BD8B69486818440B69C01A91F857
:101F400048301BB191F84910401A10BD1103FCD55F
:101F50000028FADD401E10BD70B505460C460A206B
:101F600000E06D1C00F018F835B128780028F8D191
:101F700002E0641C00F010F814B120780028F8D1B9
:101F8000BDE870400A2000F007B810B500F00CF86A
:101F9000BDE81040FFF778BF08B569468DF800002E
:101FA0000320ABBE08BD000010B5012805D00021FC
:101FB00003A0FFF7D1FF012010BD09A1F8E7000041
:101FC00053494752544D454D3A204F7574206F6622
:101FD0002068656170206D656D6F7279000000008A
:101FE0003A2048656170206D656D6F727920636F6E
:101FF000727275707465640080B584B00390039844
:10200000006842F20001C4F20201884209D0FFE7F1
:102010000398006842F20011C4F20201884209D11B
:10202000FFE742F20830C4F20200006810F4403FBB
:1020300009D129E046F20830C5F60200006810F424
:10204000403F21D0FFE70AF0D7FA0290039840689A
:102050000190B0F5803F0AD0FFE70198B0F5003F4E
:1020600005D0FFE70198B0F5403F07D00AE003989C
:10207000C1880298B0FBF1F0029004E00298800859
:10208000029000E0FFE75FE04FF40020002108F03D
:10209000EFF90290039840680090B0F5802F32D09D
:1020A000FFE70098B0F5002F2DD0FFE70098B0F5BE
:1020B000402F28D0FFE70098B0F5801F23D0FFE71E
:1020C0000098B0F5A01F1ED0FFE70098B0F5C01F24
:1020D00019D0FFE70098B0F5E01F1FD0FFE7009888
:1020E000B0F5001F1ED0FFE70098B0F5101F1DD0FF
:1020F000FFE70098B0F5201F1CD0FFE70098B0F56F
:10210000301F1BD01EE0039841686FF0010000EA09
:1021100051410298B0FBF1F0029014E002980009DE
:10212000029010E00298400902900CE002988009A9
:10213000029008E00298C009029004E00298000AA8
:10214000029000E0FFE7FFE707F0EAFB41F203013E
:10215000884217D8FFE7029842F60151C0F23111C8
:10216000884207D3FFE703980168886840F48070CD
:10217000886006E003980168886820F480708860B1
:10218000FFE743E0029840080290029845F610618C
:10219000C0F25F01884209D8FFE7039800688068B1
:1021A00020F440700399096888602EE002984BF68D
:1021B0002041C0F2BE0188420AD8FFE703980068B8
:1021C0008068012161F309200399096888601BE098
:1021D000029847F64001C0F27D1188420AD8FFE715
:1021E000039800688068022161F309200399096857
:1021F000886008E003980068806840F440700399A4
:1022000009688860FFE7FFE7FFE7FFE704B080BDEC
:1022100080B58AB008900791002005900798049037
:10222000089800680FF0CCFE0290089800680FF044
:102230007BFE0190029828B9FFE70198002800F082
:10224000A880FFE708980068C0688001002836D59C
:10225000FFE70898407D012831D1FFE70898007D0D
:1022600001282CD1FFE701200490FFE708980068BF
:10227000006800F040010020B0EB911F1AD1FFE789
:1022800005984DF60041C0F20C0188420ED3FFE7DD
:102290000899486D40F0100048650899886D40F035
:1022A0000100886501208DF8270076E0059801304F
:1022B0000590DBE70898016840200860FFE7049874
:1022C000022813D0FFE7089800680FF079FE60B18C
:1022D000FFE7089800680FF053FE28B9FFE7089859
:1022E00000680FF0C9FEFFE7FFE7FFE70498012849
:1022F00013D0FFE7089800680FF016FE60B1FFE703
:10230000089800680FF03CFE28B9FFE708980068BD
:102310000FF01EFEFFE7FFE7FFE70498009002289A
:1023200007D0FFE70098032806D1FFE70C200390B1
:1023300005E00820039002E004200390FFE707F087
:10234000F7FA0690FFE7089800688068039908424A
:102350001ED0FFE707F0ECFA0699401A062816D3BC
:10236000FFE7089800688068039908420ED0FFE7ED
:102370000899486D40F0100048650899886D40F054
:102380000100886501208DF8270006E0FFE7DAE705
:10239000FFE700208DF82700FFE79DF827000AB02F
:1023A00080BD00000000000080B582B0019001985F
:1023B000806B00900098406D10F0500F4AD1FFE7FD
:1023C0000099486D40F40070486500980068006806
:1023D0000007002821D5FFE7009800680FF000FEF5
:1023E000D0B1FFE700980068C0688004002812D4CC
:1023F000FFE70099486D20F4807048650098406DB3
:10240000C004002806D4FFE70099486D40F00100A1
:102410004865FFE7FFE7FFE718E000980068C0683D
:10242000800790B9FFE70099486D20F480704865F7
:102430000098406DC004002806D4FFE70099486D5D
:1024400040F001004865FFE7FFE7FFE7009802F072
:1024500013FD10E00098406DC006002804D5FFE78A
:10246000009802F021FD05E00098C06CC16C019855
:102470008847FFE7FFE702B080BD000000000000D2
:1024800080B582B001900198806B00900099486DF2
:1024900040F0400048650099886D40F00400886570
:1024A000009802F001FD02B080BD000000000000B5
:1024B00080B582B001900198806B0090009802F086
:1024C000EFFC02B080BD000080B584B0029002989D
:1024D00000680FF055FD0090029800680FF058FD5D
:1024E00000284BD0FFE70098002847D1FFE702986B
:1024F0000068806800F00D00012809D1FFE702980C
:1025000000680FF0BDFC02980168032008600DE030
:102510000299486D40F0100048650299886D40F0BE
:102520000100886501208DF80F002BE007F000FA0C
:102530000190FFE7029800688068C007E8B1FFE7F4
:1025400007F0F6F90199401A032815D3FFE702981E
:1025500000688068C00770B1FFE70299486D40F0DD
:10256000100048650299886D40F0010088650120DF
:102570008DF80F0006E0FFE7DCE7FFE700208DF8AD
:102580000F00FFE79DF80F0004B080BD00000000C1
:1025900080B586B00490049800680FF0F9FC00281C
:1025A00040F09280FFE70498006880683F21C8F2FD
:1025B000000108420ED0FFE70499486D40F010007A
:1025C00048650499886D40F00100886501208DF808
:1025D00017007DE0049800680FF06EFC07F0A8F982
:1025E000039004980168012042F20002C4F2020242
:1025F000914201900CD0FFE7049800684DF60071FD
:10260000CBF6FD710844B0FA80F040090190FFE775
:102610000198C10746F20030C5F6020000291CBF30
:1026200042F20030C4F202000FF076FC02900498EF
:10263000006842F20011C4F20201884206D1FFE7AD
:1026400042F20000C4F20200009003E00498006827
:102650000090FFE7009804990968884203D0FFE7DB
:10266000029880BBFFE7FFE7049800680068C00796
:1026700040BBFFE7049800680FF08AFC28B9FFE729
:10268000049800680FF018FCFFE707F051F9039970
:10269000401A032815D3FFE7049800680068C007B4
:1026A00070B9FFE70499486D40F01000486504993F
:1026B000886D40F00100886501208DF8170007E063
:1026C000FFE7D1E7FFE7FFE700208DF81700FFE7FE
:1026D0009DF8170006B080BD80B542F6F400C2F246
:1026E000024002F0E5FB80BD80B584B00390ADF8F8
:1026F0000A10ADF808204FF6FF70ADF806000399F8
:102700004AF25A500880BDF80A0003994880BDF883
:10271000080003998880BDF806000399098800F035
:102720001FF8ADF80600BDF806000399498800F0CF
:1027300017F8ADF80600BDF806000399898800F087
:102740000FF8ADF80600BDF806000399C88004B084
:1027500080BD000000000000FFE7FEE70000000071
:1027600083B0ADF80A00ADF8081000200190FFE733
:1027700001980F2828D8FFE7BDF80800C00BADF876
:102780000200BDF80A00C00BADF80000BDF80A0059
:102790004000ADF80A00BDF80200BDF80010484046
:1027A00008D0FFE7BDF80A0041F221014840ADF82A
:1027B0000A00FFE7BDF808004000ADF80800FFE799
:1027C000019801300190D3E7BDF80A0003B07047CB
:1027D00085B0049003914FF0FF30029000200190EB
:1027E000FFE701980399884224D2FFE704980199F2
:1027F000415C02984840029000200090FFE700985A
:10280000072812D8FFE7029A500848F22031CEF686
:10281000B85181EA5201D207002A18BF0846029037
:10282000FFE7009801300090E9E7FFE701980130E9
:102830000190D6E70298C04305B070470000000041
:1028400086B004908DED030A9DED030A9FED251AD5
:10285000B4EE410AF1EE10FA04DCFFE704980068D8
:1028600005903BE09DED030A9FED1F1AB4EE410A6F
:10287000F1EE10FA05DBFFE70498D0F8C4000590EC
:102880002CE09DED030A9FED171A80EE010ABFEEC2
:10289000001A30EE010A8DED020A9DED020ABCEE2F
:1028A000C00A8DED010A9DED020A9DED011AB8EEF8
:1028B000411A30EE410A8DED000A0498019900EBAF
:1028C00081009DED001A90ED000A90ED012A32EE94
:1028D000402AA1EE020A8DED050AFFE79DED050AEB
:1028E00006B0704700401C460024F4480000000079
:1028F00080B582B08DF807009DF80700B0FA80F02F
:10290000420940F60000C5F60200402106F0F0FF43
:1029100002B080BD0000000080B582B042F6B10177
:10292000C2F202410020087042F61041C2F2024198
:1029300000910968486242F6F400C2F2024044F293
:10294000BC11C2F200414FF4805202F0C9FF0146AF
:1029500000988DF807100CF007FBFFE742F6B10076
:10296000C2F20240007808B9FFE7F7E742F61040EC
:10297000C2F202400CF074FB42F6F400C2F20240D4
:1029800003F09EF842F6B101C2F202410020087045
:1029900002B080BD000000004EF2CC31C2F2004116
:1029A000002008707047000080B582B04EF2CC3035
:1029B000C2F2004000780146019148B1FFE701985A
:1029C000012806D1FFE7FFF7E7FF00F0C1F801E0BB
:1029D000FFE7FFE702B080BD80B582B001900198AB
:1029E00000F002F802B080BD80B582B0019001987D
:1029F00008B9FFE73DE0FFF7CFFF019840F27951BA
:102A0000C0F60201FDF780FE68B9FFE742F6B001AB
:102A1000C2F202410120087040F24D50C0F602009F
:102A2000FDF7AAFD25E0019840F28151C0F60201B0
:102A3000FDF76AFE68B9FFE742F6B001C2F2024153
:102A40000220087040F25E50C0F60200FDF794FDCF
:102A50000FE0019840F27351C0F60201FDF754FEF9
:102A600038B9FFE74EF2CC31C2F2004101200870C4
:102A7000FFE702B080BD000080B586B00590ADF8DC
:102A800012100020ADF81000FFE7BDF81000BDF8EF
:102A90001210884259DAFFE70598BDF81010405C23
:102AA0008DF80F009DF80F000A2805D0FFE79DF86C
:102AB0000F000D281BD1FFE748F21040C2F2014081
:102AC000008898B1FFE748F21040C2F2014001903F
:102AD000028848F2D030C2F20140002102918154B4
:102AE000FFF77AFF019902980880FFE726E048F295
:102AF0001040C2F2014000883E2810D8FFE79DF840
:102B00000F0048F21041C2F201410B8848F2D03266
:102B1000C2F20142D0540888013008800DE048F22A
:102B20001041C2F201410020088048F2D030C2F2C8
:102B300001404021FDF79DFDFFE7FFE7FFE7BDF8FE
:102B400010000130ADF810009FE706B080BD000016
:102B500070B59AB042F6D400C2F202400088B0F5D7
:102B6000805F06D0FFE701F097FB08B1FFE785E043
:102B7000FFE7FFF7D1FE08B1FFE77FE069464FF4BA
:102B800080500790486046F2D030C2F20140049075
:102B9000086042F6D400C2F20240039044F2BC1135
:102BA000C2F2004146F2BC12C2F2004206924EF25C
:102BB000D033C2F2004305930FF086FE0399049AC6
:102BC000059BEC464FF40050CCF800000AA80FF02B
:102BD00073FD0698079A0A9BDDF82CC0DDF830E0FB
:102BE0000D9C0E9D0F9E40F66801C2F202410891B5
:102BF0004E610D61CC60C1F808E0C1F804C00B6003
:102C0000109BDDF844C0DDF848E0139C149D159E30
:102C1000CE628D624C62C1F820E0C1F81CC08B61AD
:102C2000169BDDF85CC0DDF860E0199CCC63C1F850
:102C300038E0C1F834C00B630FF0D2FD0020ADF8CE
:102C40002600FFE7BDF826100020B0EB113F15D19C
:102C5000FFE7BDF8261044F2BC10C2F2004030F885
:102C6000111040F29730C0F60200FDF785FCFFE737
:102C7000BDF826000130ADF82600E3E71AB070BDBC
:102C800080B582B042F6F040C2F2024048F21241F2
:102C9000C2F2014180220CF07BFC8DF807009DF808
:102CA0000700002840F0F880FFE742F6F040C2F24B
:102CB0000240D0F8800000681021C4F2020188426E
:102CC00000F0D180FFE742F6F040C2F20240D0F8B7
:102CD000800000682821C4F20201884200F0C3800D
:102CE000FFE742F6F040C2F20240D0F880000068F0
:102CF0004021C4F20201884200F0B580FFE742F6AD
:102D0000F040C2F20240D0F8800000685821C4F2BE
:102D10000201884200F0A780FFE742F6F040C2F2CD
:102D20000240D0F8800000687021C4F2020188429D
:102D300000F09980FFE742F6F040C2F20240D0F87E
:102D4000800000688821C4F20201884200F08B8074
:102D5000FFE742F6F040C2F20240D0F8800000687F
:102D6000A021C4F2020188427DD0FFE742F6F04084
:102D7000C2F20240D0F880000068B821C4F202011B
:102D8000884270D0FFE742F6F040C2F20240D0F82D
:102D90008000006840F21041C4F20201884262D013
:102DA000FFE742F6F040C2F20240D0F8800000682F
:102DB00040F22841C4F20201884254D0FFE742F6B3
:102DC000F040C2F20240D0F88000006840F240417A
:102DD000C4F20201884246D0FFE742F6F040C2F258
:102DE0000240D0F88000006840F25841C4F202016D
:102DF000884238D0FFE742F6F040C2F20240D0F8F5
:102E00008000006840F27041C4F2020188422AD07A
:102E1000FFE742F6F040C2F20240D0F880000068BE
:102E200040F28841C4F2020188421CD0FFE742F61A
:102E3000F040C2F20240D0F88000006840F2A041A9
:102E4000C4F2020188420ED0FFE742F6F040C2F21F
:102E50000240D0F88000006840F2B841C4F202019C
:102E600088420CD1FFE742F6F040C2F20240D0F8AF
:102E700080000168086820F0080008600BE042F656
:102E8000F040C2F20240D0F880000168086820F0EB
:102E900004000860FFE7FFE79DF8070002B080BD6F
:102EA00081B042F6B001C2F2024108788DF8030009
:102EB000002008709DF8030001B07047000000007A
:102EC00080B542F6C020C2F2024004F0C5F880BDD1
:102ED00080B542F65810C2F2024004F0BDF880BD41
:102EE00080B542F64820C2F2024004F0B5F880BD39
:102EF00080B542F6D010C2F2024004F0ADF880BDB9
:102F000083B002900298016801201022C4F20202EC
:102F10009142009000F0A380FFE702980168012031
:102F20002822C4F202029142009000F09880FFE74C
:102F30000298016801204022C4F2020291420090EE
:102F400000F08D80FFE70298016801205822C4F24A
:102F500002029142009000F08280FFE7029801682F
:102F600001207022C4F202029142009077D0FFE764
:102F70000298016801208822C4F202029142009066
:102F80006DD0FFE7029801680120A022C4F202027E
:102F90009142009063D0FFE7029801680120B822B7
:102FA000C4F202029142009059D0FFE702980168F2
:102FB000012040F21042C4F20202914200904ED031
:102FC000FFE702980168012040F22842C4F20202A1
:102FD0009142009043D0FFE702980168012040F23F
:102FE0004042C4F202029142009038D0FFE70298BA
:102FF0000168012040F25842C4F20202914200905E
:103000002DD0FFE702980168012040F27042C4F21F
:1030100002029142009022D0FFE70298016801204D
:1030200040F28842C4F202029142009017D0FFE7BA
:1030300002980168012040F2A042C4F202029142CB
:1030400000900CD0FFE7029800684FF64831CBF6AD
:10305000FD710844B0FA80F040090090FFE7009845
:10306000C00740B3FFE70298007810384AF6AB215A
:10307000CAF6AA21A0FB011000090190019800F0F6
:1030800007014AF24040C0F60100405C0299C86561
:103090000198042807D3FFE702990868042262F325
:1030A0000900886506E00299086840F2FF32904303
:1030B0008865FFE705E00299086820F0FF00886551
:1030C000FFE70298806D03B0704700000000000029
:1030D00084B0039003980068019003980168012070
:1030E00045F20842C5F60202914200904ED0FFE739
:1030F00003980168012045F21C42C5F60202914284
:10310000009043D0FFE703980168012045F2304268
:10311000C5F602029142009038D0FFE7039801689B
:10312000012045F24442C5F60202914200902DD0A2
:10313000FFE703980168012045F25842C5F60202F4
:103140009142009022D0FFE703980168012045F2E8
:103150006C42C5F602029142009017D0FFE7039837
:103160000168012045F28042C5F6020291420090BA
:103170000CD0FFE7039800684AF66C31CAF2FD7183
:103180000844B0FA80F040090090FFE70098C007BB
:1031900010B3FFE70398007808384CF6CD41CCF621
:1031A000CC41A0FB011000090290029945F60000F5
:1031B000C5F6020000EB810003990866039945F605
:1031C0008000C5F602004866029800F01F01012049
:1031D00088400399886635E00398007810384AF6ED
:1031E000AB21CAF6AA21A0FB0110000902900198A8
:1031F00040F2B841C4F2020188420CD8FFE70198BE
:1032000040F21041C4F20201884204D3FFE7029861
:1032100008300290FFE7029940F60000C4F2020075
:1032200000EB810003990866039940F68000C4F220
:1032300002004866029800F01F01012088400399AF
:103240008866FFE704B0704783B002900298007967
:1032500001900198002800F08A80FFE70198082873
:1032600000F28580FFE702980168012045F20842DC
:10327000C5F60202914200904ED0FFE70298016825
:10328000012045F21C42C5F602029142009043D053
:10329000FFE702980168012045F23042C5F60202BC
:1032A0009142009038D0FFE702980168012045F272
:1032B0004442C5F60202914200902DD0FFE70298E9
:1032C0000168012045F25842C5F602029142009081
:1032D00022D0FFE702980168012045F26C42C5F652
:1032E00002029142009017D0FFE702980168012086
:1032F00045F28042C5F60202914200900CD0FFE7F1
:10330000029800684AF66C31CAF2FD710844B0FABE
:1033100080F040090090FFE70098C00780B1FFE708
:10332000019945F6FC00C5F6020000EB8100029908
:10333000C866029945F64010C5F6020008670FE01E
:10334000019940F6FC00C4F2020000EB81000299F2
:10335000C866029940F64010C4F202000867FFE711
:103360000198411E0120884002994867FFE703B099
:10337000704700000000000085B0049000208DF828
:103380000F000498806918BBFFE70498806A0290D8
:1033900003281BD80299DFE801F0020D02180498F7
:1033A00090F82F00C00720B1FFE701208DF80F0033
:1033B000FFE70CE00498C06AB0F1C07F04D1FFE7DA
:1033C00001208DF80F00FFE701E000E0FFE747E094
:1033D00004988069B0F5005F26D1FFE70498806A01
:1033E000019003281ED80199DFE801F002060211BE
:1033F00001208DF80F0016E0049890F82F00C00708
:1034000020B1FFE701208DF80F00FFE70BE00498E3
:10341000C06AB0F1C07F04D1FFE701208DF80F0032
:10342000FFE700E0FFE71AE00498806A00900328B5
:1034300004D3FFE70098032804D00EE001208DF8A4
:103440000F000BE0049890F82F00C00720B1FFE7B1
:1034500001208DF80F00FFE700E0FFE7FFE7FFE73F
:103460009DF80F0005B0704789B00890079106924B
:1034700005930898806D04900898806D03900898D3
:10348000016801201022C4F202029142029000F071
:103490000381FFE70898016801202822C4F2020294
:1034A0009142029000F0F880FFE70898016801203F
:1034B0004022C4F202029142029000F0ED80FFE748
:1034C0000898016801205822C4F202029142029039
:1034D00000F0E280FFE70898016801207022C4F242
:1034E00002029142029000F0D780FFE7089801683D
:1034F00001208822C4F202029142029000F0CC80A6
:10350000FFE7089801680120A022C4F2020291425C
:10351000029000F0C180FFE7089801680120B822FE
:10352000C4F202029142029000F0B680FFE70898D0
:103530000168012040F21042C4F20202914202905E
:1035400000F0AA80FFE708980168012040F22842B5
:10355000C4F202029142029000F09E80FFE70898B8
:103560000168012040F24042C4F2020291420290FE
:1035700000F09280FFE708980168012040F258426D
:10358000C4F202029142029000F08680FFE70898A0
:103590000168012040F27042C4F20202914202909E
:1035A0007AD0FFE708980168012040F28842C4F20F
:1035B0000202914202906FD0FFE708980168012053
:1035C00040F2A042C4F202029142029064D0FFE7AE
:1035D00008980168012040F2B842C4F20202914208
:1035E000029059D0FFE708980168012045F208428F
:1035F000C5F60202914202904ED0FFE7089801689A
:10360000012045F21C42C5F602029142029043D0CD
:10361000FFE708980168012045F23042C5F6020232
:103620009142029038D0FFE708980168012045F2E6
:103630004442C5F60202914202902DD0FFE708985D
:103640000168012045F25842C5F6020291420290FB
:1036500022D0FFE708980168012045F26C42C5F6C8
:1036600002029142029017D0FFE7089801680120FA
:1036700045F28042C5F60202914202900CD0FFE76B
:10368000089800684AF66C31CAF2FD710844B0FA35
:1036900080F040090290FFE70298C00770B1FFE791
:1036A0000898416E806E48600898C06E28B1FFE7A8
:1036B0000898016F406F4860FFE7FFE708980168CE
:1036C00001201022C4F202029142019000F0A38076
:1036D000FFE70898016801202822C4F20202914203
:1036E000019000F09880FFE70898016801204022CF
:1036F000C4F202029142019000F08D80FFE7089829
:10370000016801205822C4F202029142019000F0A7
:103710008280FFE70898016801207022C4F202024B
:103720009142019077D0FFE7089801680120882234
:10373000C4F20202914201906DD0FFE7089801683F
:103740000120A022C4F202029142019063D0FFE75F
:10375000089801680120B822C4F202029142019047
:1037600059D0FFE708980168012040F21042C4F2E6
:103770000202914201904ED0FFE7089801680120B3
:1037800040F22842C4F202029142019043D0FFE786
:1037900008980168012040F24042C4F202029142BE
:1037A000019038D0FFE708980168012040F25842A4
:1037B000C4F20202914201902DD0FFE708980168FF
:1037C000012040F27042C4F202029142019022D0E4
:1037D000FFE708980168012040F28842C4F2020223
:1037E0009142019017D0FFE708980168012040F24C
:1037F000A042C4F20202914201900CD0FFE7089867
:1038000000684FF64831CBF6FD710844B0FA80F0FD
:1038100040090190FFE70198C00750B3FFE70898FF
:10382000C06D00F01F013F2088400499886008980F
:103830000168086820F480200860059808990968E4
:10384000486008988068402809D1FFE706980899E1
:1038500009688860079808990968C86008E00798AF
:10386000089909688860069808990968C860FFE7A0
:1038700082E008980168012045F20842C5F602027C
:10388000914200904ED0FFE708980168012045F270
:103890001C42C5F602029142009043D0FFE708980F
:1038A0000168012045F23042C5F6020291420090C3
:1038B00038D0FFE708980168012045F24442C5F678
:1038C0000202914200902DD0FFE708980168012084
:1038D00045F25842C5F602029142009022D0FFE71D
:1038E00008980168012045F26C42C5F60202914237
:1038F000009017D0FFE708980168012045F2804248
:10390000C5F60202914200900CD0FFE708980068CB
:103910004AF66C31CAF2FD710844B0FA80F04009F1
:103920000090FFE70098C00720B3FFE70898C06D3C
:1039300000F01F010120884003994860059808990C
:103940000968486008988068402809D1FFE7069810
:10395000089909688860079808990968C86008E0AC
:103960000798089909688860069808990968C860E6
:10397000FFE700E0FFE7FFE709B070470000000045
:10398000704700000000000010B5ADF51A7D999059
:1039900046F62830C4F2EE3018901420179040F20A
:1039A00019401690002014901390129011900E90D0
:1039B00017981590FFE715981699884217D8FFE7D2
:1039C000159940F6A800C2F2024000EB810090ED8C
:1039D000001A9DED120A30EE010A8DED120A1198BF
:1039E00001301190FFE7159801301590E3E7119829
:1039F00098B1FFE79DED120AB1EE001A20EE010A20
:103A00009DED111AB8EE411A9FEDDB2A21EE021A44
:103A100080EE010A8DED030A04E09FEDD80A8DEDDA
:103A2000030AFFE79DED030A8DED100A9DED100AD4
:103A3000B1EE081A20EE010A9FEDD11A80FE010AAC
:103A40008DED0F0A179818B9FFE701201790FFE7CF
:103A5000169840F2FF71884204D3FFE740F2FE70EF
:103A60001690FFE717981590FFE71598169988426A
:103A700000F21481FFE7159940F6A800C2F2024057
:103A800000EB810090ED000A10ED011AB4EE410A3E
:103A9000F1EE10FA11DDFFE7159940F6A800C2F229
:103AA000024000EB810090ED000A90ED011AB4EEA7
:103AB000410AF1EE10FA01DAFFE7EBE0159940F662
:103AC000A800C2F2024000EB810151F8041C0D91E4
:103AD000159950F821100C91159900EB8100406860
:103AE0000B909DED0D0A9DED0C1AB8EE002AA1EE8B
:103AF000020A9DED0B1A30EE010A8DED070A9DEDCD
:103B0000070AB0EEC00A9FEDB81AB4EE410AF1EE12
:103B100010FA11DDFFE79DED0D0A9DED0B1A30EE59
:103B2000410AB6EE001A20EE010A9DED071A80EE5A
:103B3000010A8DED020A04E09FEDA70A8DED020A4D
:103B4000FFE79DED020A8DED0A0A9DED0A0ABEEE21
:103B5000001AB4EE410AF1EE10FA04DAFFE74FF072
:103B60003F400A90FFE79DED0A0AB6EE001AB4EE58
:103B7000410AF1EE10FA04DDFFE74FF07C500A90A5
:103B8000FFE79DED0C0A9DED0D2A9DED0B1A31EE20
:103B9000421AB5EE002A21EE021A9DED0A2AA1EE84
:103BA000020AB1EE001A20EE010A9FED901A20EEF3
:103BB000010A8DED090A139808900898202803D36C
:103BC000FFE71F200890FFE7FFE70899002001901A
:103BD00089B1FFE7089919A800EB011010ED030A5D
:103BE0009DED091A0020B4EE410AF1EE10FAB8BFBB
:103BF00001200190FFE70198C007E0B1FFE70898B6
:103C00001F2814D8FFE708980DF1640E0EEB001181
:103C1000040151F810CC51F80C0C51F8082C51F853
:103C2000043C4EF804C0CB608A604860FFE7089807
:103C300001380890C9E708981F282AD8FFE79DEDAA
:103C4000150AB8EE400A9DED0A1A30EE010A9FED02
:103C5000681A20EE010A089819A901EB001080EDFE
:103C6000000A0998089A01EB02125060089801EBCB
:103C70000012012010721598089A01EB0211C86019
:103C800013981F2804D8FFE7139801301390FFE71B
:103C9000FFE7FFE7159801301590E6E6139818B195
:103CA000FFE71A980E90FFE79DED0F0A9DED0E1AA3
:103CB0009FED4A2A21EE021A9FED492A21EE021AAF
:103CC00080FE010A8DED0F0A00201590FFE715997F
:103CD000139A00209142009007D2FFE71499002028
:103CE000032938BF01200090FFE70098C007002893
:103CF00069D0FFE701208DF81B00159919A800EB8A
:103D0000011090ED010A9DED0F1AB4EE410AF1EE9B
:103D100010FA01DAFFE756E000200590FFE705986A
:103D2000149988422ED2FFE7159919A800EB0110CB
:103D300090ED000A9998059901EB410100EB810093
:103D400090ED001A30EE410AB0EEC00A8DED040A83
:103D50009DED040A9FED231AB4EE410AF1EE10FA2C
:103D600004DAFFE700208DF81B000BE0FFE7059861
:103D700001300590D3E700BF00008045000000003F
:103D80004B70583F9DF81B00C0B1FFE7999B1498FA
:103D9000411C149100EB400C03EB8C01DDF854E066
:103DA00019A800EB0E124FEA0E1E50F80E0043F851
:103DB0002C00506892688A604860FFE7FFE715981A
:103DC0000130159083E79998149910F055FA1498DA
:103DD0000DF51A7D10BD00BF000000000AD7A33CFE
:103DE000CDCC4C3F286B6E4508E53C1E0000803969
:103DF000286BEE430000000072B6FFE7FEE700000C
:103E000088B00790069107980068059000200490FC
:103E1000FFE7049802287AD8FFE70020029001907B
:103E20000390FFE70398069988425AD2FFE7079864
:103E3000039901EB410100EB810090ED000A9DED3B
:103E4000051A80EE010AB6EE001A30EE010ABBFE3A
:103E5000400ABCEEC00A8DED000A009818B9FFE7D1
:103E600001200090FFE70098332803D3FFE73220BA
:103E70000090FFE700980799039A02EB420201EBDA
:103E8000820108729DED000AB8EE400A0798039976
:103E900001EB410100EB810090ED001A90ED012A49
:103EA00020EE011A9DED020AA1EE020A8DED020A32
:103EB0000098404300EE100AB8EE401A07980399A4
:103EC00001EB410100EB810090ED012A9DED010A1B
:103ED000A1EE020A8DED010AFFE70398013003907D
:103EE000A0E79DED010AB5EE400AF1EE10FA09DDFA
:103EF000FFE79DED020A9DED011A80EE010A8DEDAE
:103F0000050AFFE7FFE704980130049081E79DED83
:103F1000050A08B07047000044F60C01C5F602011E
:103F2000086840F002000860FFE744F60400C5F6A8
:103F3000020000688004002801D4FFE7F5E770471D
:103F400040F66400C2F202400078704700000000B2
:103F500040F22000C2F2004018307047000000001C
:103F60004AF2AC30C2F2004070470000000000008E
:103F700080B58AB0002001900890079006900590C7
:103F800004904AF2A831C2F2004108704AF2AC3102
:103F9000C2F200410291C861886148610861C8604D
:103FA00088604860086040F66401C2F2024108700F
:103FB00048F65201C2F20141087048F65301C2F2BC
:103FC00001410870FFE744F2E040C5F602000168D5
:103FD00041F008010160006800F0080003900398B8
:103FE000FFE74020049001200590069002200790F2
:103FF00040F60000C5F6020004A905F089FA002089
:10400000FEF776FC0FF09CFA20B1FFE701208DF857
:10401000270018E04AF2A931C2F2004100200090C6
:10402000087005F085FC0146009842F6AC02C2F229
:10403000024211604AF2A832C2F20042012111701C
:104040008DF82700FFE79DF827000AB080BD00002B
:1040500040F66401C2F20241002008704AF2A93120
:10406000C2F200410120087070470000000000000B
:1040700080B54AF2A830C2F20040007890B1FFE764
:104080004AF2A930C2F20040007803280AD1FFE7C3
:104090000020FEF72DFC48F65201C2F2014101203A
:1040A0000870FFE780BD000080B54AF2A830C2F278
:1040B0000040007850B1FFE70020FEF719FC48F6F9
:1040C0005301C2F2014101200870FFE780BD0000EA
:1040D00080B582B04AF2A830C2F20040007808B938
:1040E000FFE7D7E04AF2A930C2F20040007801466B
:1040F0000191042800F2CD800199DFE801F003313D
:104100004C86C90005F014FC42F6AC01C2F2024133
:104110000968401A782822D3FFE70FF0A9F8A8B160
:10412000FFE74AF2AC30C2F20040007870B1FFE71E
:104130004AF2AC30C2F20040407838B1FFE74AF2B0
:10414000A931C2F200410120087007E005F0F0FB40
:1041500042F6AC01C2F202410860FFE7FFE799E0D6
:104160000FF07EFB70B9FFE74AF2A931C2F20041BD
:104170000220087005F0DCFB42F6AC01C2F20241FD
:10418000086007E04AF2AC31C2F2004188690130B0
:104190008861FFE77EE005F0CBFB42F6AC01C2F29E
:1041A00002410968401A03282ED3FFE705F0C0FB3F
:1041B00042F6AC01C2F2024108600FF059F810B3A8
:1041C000FFE74AF2AC30C2F20040C078D8B1FFE756
:1041D0004AF2AC30C2F200404079A0B9FFE710F0DB
:1041E000B3F838B9FFE74AF2A931C2F2004103201F
:1041F000087007E04AF2AC31C2F20041C8690130F0
:10420000C861FFE7FFE7FFE744E048F65300C2F26A
:1042100001400078A0B1FFE748F65301C2F2014126
:10422000002008704AF2AC31C2F20041C869013086
:10423000C8614AF2A931C2F200410120087026E0AB
:1042400048F65200C2F201400078F8B1FFE748F6A4
:104250005201C2F201410020087012F0F5FB68B172
:10426000FFE740F66401C2F20241012008704AF201
:10427000A931C2F200410420087006E04AF2A931D7
:10428000C2F2004101200870FFE7FFE7FFE701E00D
:10429000FFE7FFE702B080BD80B582B042F6E400E0
:1042A000C2F202404FF4007112F00EFF8DF80600CA
:1042B0009DF9060028B1FFE79DF806008DF807007C
:1042C00030E042F6B400C2F202404FF4806112F0D6
:1042D000FBFE8DF806009DF9060028B1FFE79DF86A
:1042E00006008DF807001DE042F6C400C2F202404D
:1042F0004FF4006112F0E8FE8DF806009DF906000B
:1043000028B1FFE79DF806008DF807000AE042F6A5
:10431000D400C2F202404FF4805112F0D5FE8DF865
:104320000700FFE79DF9070002B080BD0000000014
:1043300081B0009001B0704781B0009001B070472B
:1043400081B0009001B0704781B0009001B070471B
:1043500081B0009001B0704780B5A6B02490239141
:1043600000208DF88B002398006808B1FFE7FFE775
:10437000FFE7249890F85000012804D1FFE70220BD
:104380008DF897002DE12499012081F85000FFE776
:10439000FFE700201D901E902498006842F2000163
:1043A000C4F20201884206D1FFE742F20010C4F2D3
:1043B0000200089002E000200890FFE7089878B912
:1043C000FFE72499486D40F020004865FFE72499F5
:1043D000002081F85000FFE701208DF8970000E1F0
:1043E00008980DF0F5FD0790249800680DF0F0FD99
:1043F000002840F0E280FFE70798002840F0DD80C9
:10440000FFE724980168012042F20002C4F2020290
:10441000914206900CD0FFE7249800684DF6007199
:10442000CBF6FD710844B0FA80F040090690FFE732
:104430000698C10746F20030C5F6020000291CBFED
:1044400042F20030C4F20200219023980068002854
:104450005ED0FFE72198806820F4404023994968A6
:1044600008432199886024980168012042F20002E3
:10447000C4F20202914205900CD0FFE72498006834
:104480004DF60071CBF6FD710844B0FA80F040099A
:104490000590FFE70598C10746F20030C5F6020017
:1044A00000291CBF42F20030C4F2020042F2003187
:1044B000C4F20201884212D1FFE742F20000C4F2C6
:1044C00002000DF06DFD039042F20010C4F20200F4
:1044D0000DF066FD014603980843049007E046F29C
:1044E0000000C5F602000DF05BFD0490FFE70498A4
:1044F00068B9FFE72198806840F61F718843239AC6
:10450000116892681143084321998860FFE753E0DE
:104510002199886820F4404088602498016801202F
:1045200042F20002C4F20202914202900CD0FFE774
:10453000249800684DF60071CBF6FD710844B0FA7E
:1045400080F040090290FFE70298C10746F2003070
:10455000C5F6020000291CBF42F20030C4F202007E
:1045600042F20031C4F20201884212D1FFE742F266
:104570000000C4F202000DF013FD009042F20010A2
:10458000C4F202000DF00CFD0146009808430190B2
:1045900007E046F20000C5F602000DF001FD0190B3
:1045A000FFE7019838B9FFE72199886840F61F7244
:1045B00090438860FFE7FFE708E02499486D40F0EA
:1045C0002000486501208DF88B00FFE7FFE7249964
:1045D000002081F85000FFE79DF88B008DF89700D0
:1045E000FFE79DF8970026B080BD000000000000A6
:1045F00080B5AAB02690259100208DF893002190D7
:10460000269890F83800012801D1FFE700E0FFE785
:104610002698006846F20001C5F60201884201D1E1
:10462000FFE7FFE72598C0680021C4F2FF718842C8
:1046300001D0FFE71EE02698006842F20001C4F2B4
:104640000201884201D1FFE7FFE72698006842F2A5
:104650000011C4F20201884201D1FFE7FFE726986A
:10466000006846F20001C5F60201884201D1FFE769
:10467000FFE7FFE7FFE7269890F85000012804D1F4
:10468000FFE702208DF89F00F1E32699012081F8D1
:104690005000FFE7FFE7269800680DF091FC002826
:1046A00040F0D183FFE72598C078000600282DD47C
:1046B000FFE725980068000330B9FFE725980068F8
:1046C000C0F384601E9015E02598006890FAA0F071
:1046D0002890289820B9FFE720208DF8A70005E052
:1046E0002898B0FA80F08DF8A700FFE79DF8A700A2
:1046F0001E90FFE71E9800F01F01012000FA01F252
:1047000026980168C8691043C861FFE726980068C9
:1047100025990A6849680DF07FFC269800680DF01D
:104720004FFC2090269800680DF0FEFB1F9020980B
:10473000002840F0B580FFE71F98002840F0B080C7
:10474000FFE726980068259A116892680DF0D4FC5E
:1047500041F20000C5F60040006800F07040B0F182
:10476000805F0BD1FFE72598406926990968C968E1
:1047700001F01C01490888401D901FE02698006840
:10478000C068C00600280BD4FFE725984069269929
:104790000968C96801F01C01490888401C900AE0BA
:1047A0002598406926990968C96801F010014908EF
:1047B00088401C90FFE71C981D90FFE71D982390F0
:1047C00025980069042821D0FFE7269800682599DC
:1047D0000A680969239B0DF0FBFC26980068259A5E
:1047E0001169527E013AB2FA82F25209D2070DF0F3
:1047F0000BFD26980068259A1169127E013AB2FADB
:1048000082F25209D2020DF0CFFC48E026980068EF
:10481000006E00F0F84025990968B0EB816F07D170
:10482000FFE726980168086E20F000400866FFE761
:1048300026980068406E00F0F84025990968B0EBB2
:10484000816F07D1FFE726980168486E20F000408D
:104850004866FFE726980068806E00F0F8402599CA
:104860000968B0EB816F07D1FFE726980168886E71
:1048700020F000408866FFE726980068C06E00F0D0
:10488000F84025990968B0EB816F07D1FFE72698BA
:104890000168C86E20F00040C866FFE7FFE7FFE749
:1048A000269800680DF074FB002840F0CB82FFE7EB
:1048B00026980068259A1168D2680DF039FC259871
:1048C000C0680021C4F2FF71884240F05781FFE7C1
:1048D000269800681B9042F20001C4F2020188424F
:1048E00040F0A480FFE7259800680221C0F2304123
:1048F000884203D1FFE701201A9094E025980068D0
:104900000421C0F66001884205D1FFE74020C1F6CE
:104910002010199084E0259800680821C0F6904185
:10492000884205D1FFE78020C1F65050189074E00E
:10493000259800681021C1F2C001884206D1FFE726
:1049400040F20010C2F28010179063E025980068D2
:104950002021C1F2F041884206D1FFE740F2002059
:10496000C2F2B050169052E02598006840F2004123
:10497000C2F60021884206D1FFE740F60000C2F6E9
:104980003060159040E02598006840F60001C2F6BE
:104990003061884206D1FFE741F20000C3F2602097
:1049A00014902EE02598006841F20001C3F26021C6
:1049B000884206D1FFE742F20000C3F290601390F4
:1049C0001CE0259800680021C4F22131884205D1FD
:1049D000FFE70020C4F2527012900CE025980168A5
:1049E0000022C4F684320020914204BF0020C4F6A5
:1049F000B8701290FFE712981390FFE71398149085
:104A0000FFE714981590FFE715981690FFE71698A2
:104A10001790FFE717981890FFE718981990FFE78D
:104A200019981A90FFE71A981190A2E0269800684A
:104A300042F20011C4F20201884240F09480FFE784
:104A4000259800680221C0F23041884203D1FFE777
:104A50000120109084E0259800680421C0F66001D0
:104A6000884205D1FFE74020C1F620100F9074E086
:104A7000259800680821C0F69041884205D1FFE7DB
:104A80008020C1F650500E9064E0259800681021F7
:104A9000C1F2C001884206D1FFE740F20010C2F225
:104AA00080100D9053E0259800682021C1F2F0415C
:104AB000884206D1FFE740F20020C2F2B0500C90CD
:104AC00042E02598006840F20041C2F60021884289
:104AD00006D1FFE740F60000C2F630600B9030E0F0
:104AE0002598006840F60001C2F63061884206D180
:104AF000FFE741F20000C3F260200A901EE0259813
:104B0000006841F20001C3F26021884206D1FFE74C
:104B100042F20000C3F2906009900CE02598016811
:104B20000022C4F684320020914204BF0020C4F663
:104B3000B8700990FFE709980A90FFE70A980B9070
:104B4000FFE70B980C90FFE70C980D90FFE70D988E
:104B50000E90FFE70E980F90FFE70F981090FFE779
:104B60001098089002E000200890FFE70898119044
:104B7000FFE71B9811990DF08FFAFFE72598C07891
:104B80000006002840F15D81FFE7269801680120BA
:104B900042F20002C4F20202914207900CD0FFE7F9
:104BA000269800684DF60071CBF6FD710844B0FA06
:104BB00080F040090790FFE70798C10746F20030F0
:104BC000C5F6020000291CBF42F20030C4F2020008
:104BD0000DF092F92290269801684FF0010042F200
:104BE0000002C4F20202914206900CD0FFE7269820
:104BF00000684DF60071CBF6FD710844B0FA80F004
:104C000040090690FFE70698C10746F20030C5F656
:104C1000020000291CBF42F20030C4F2020042F23E
:104C20000031C4F20201884212D1FFE742F20000D3
:104C3000C4F202000DF0ACF9049042F20010C4F28C
:104C400002000DF0A5F9014604980843059007E01D
:104C500046F20000C5F602000DF09AF90590FFE754
:104C60000598002840F0E380FFE7259800680021C0
:104C7000CCF68431884255D1FFE79DF88A000006C2
:104C800000284FD4FFE72698006846F20001C5F6D9
:104C90000201884245D1FFE726980168012042F2CF
:104CA0000002C4F20202914203900CD0FFE7269862
:104CB00000684DF60071CBF6FD710844B0FA80F043
:104CC00040090390FFE70398C10746F20030C5F69C
:104CD000020000291CBF42F20030C4F202002299F7
:104CE00041F400010DF050FA40F21000C2F2004011
:104CF00000684FEA901042F66351C0F23E51A0FBAB
:104D000001104FEA90114FF0020000EB410021909A
:104D1000FFE7219820B1FFE7219801382190F8E7BB
:104D2000FFE783E0259800680021CCF252718842A9
:104D300038D1FFE79DF88B00C00798BBFFE72698A6
:104D4000006846F20001C5F60201884229D1FFE75A
:104D500026980168012042F20002C4F20202914248
:104D600002900CD0FFE7269800684DF60071CBF654
:104D7000FD710844B0FA80F040090290FFE7029804
:104D8000C10746F20030C5F6020000291CBF42F2FE
:104D90000030C4F20200229941F080710DF0F4F964
:104DA000FFE742E0259800680021CCF6B871884200
:104DB00039D1FFE79DF88A004006002833D4FFE789
:104DC0002698006846F20001C5F60201884229D102
:104DD000FFE726980168012042F20002C4F20202B5
:104DE000914201900CD0FFE7269800684DF60071C3
:104DF000CBF6FD710844B0FA80F040090190FFE75E
:104E00000198C10746F20030C5F6020000291CBF18
:104E100042F20030C4F20200229941F480010DF008
:104E2000B3F9FFE700E0FFE7FFE7FFE708E02699B7
:104E3000486D40F02000486501208DF89300FFE7A1
:104E4000FFE7FFE708E02699486D40F0200048653D
:104E500001208DF89300FFE7FFE72699002081F8F5
:104E60005000FFE79DF893008DF89F00FFE79DF845
:104E70009F002AB080BD000081B00090009842F6EB
:104E8000F401C2F20241884207D1FFE742F6B101C4
:104E9000C2F2024101200870FFE701B07047000034
:104EA00081B0009001B0704781B0009001B07047B0
:104EB00080B590B00F9000200E900F9800680068A9
:104EC0000D900F98006840680C900F9801680120C1
:104ED00042F20002C4F20202914206900CD0FFE7B7
:104EE0000F9800684DF60071CBF6FD710844B0FADA
:104EF00080F040090690FFE70698C10746F20030AF
:104F0000C5F6020000291CBF42F20030C4F20200C4
:104F10000DF002F807909DF834004FEA80700028E9
:104F20001AD5FFE79DF830008007002814D5FFE769
:104F30000F98406DC006002806D4FFE70F99486D12
:104F400040F400604865FFE70F98FFF7F1F90F980C
:104F5000016802200860FFE79DF834004007002840
:104F600006D5FFE70C9800F0040004280ED0FFE7F8
:104F70009DF834000007002840F19F80FFE79DF86E
:104F800030000007002840F19880FFE70F98406D3F
:104F9000C006002806D4FFE70F99486D40F4007062
:104FA0004865FFE70F9800680DF01AF800287CD0DC
:104FB000FFE70F98006842F20011C4F20201884234
:104FC00006D1FFE742F20000C4F20200059003E0C0
:104FD0000F9800680590FFE705980F9909688842C7
:104FE0000BD0FFE7079840B1FFE70798052804D0EA
:104FF000FFE70798092805D1FFE70F980068C06808
:10500000099018E00F98006842F20011C4F2020102
:10501000884206D1FFE742F20000C4F20200049089
:1050200003E00F9800680490FFE704980890089840
:10503000C0680990FFE7099800F40050B0F5005FE0
:1050400032D0FFE70F9800680068000700282AD5D3
:10505000FFE70F9800680CF0B3FFC0B9FFE70F98A7
:105060000168486820F00C0048600F99486D20F4F2
:10507000807048650F98406DC004002806D4FFE793
:105080000F99486D40F001004865FFE70AE00F996D
:10509000486D40F0100048650F99886D40F00100A0
:1050A0008865FFE7FFE7FFE7FFE70F98FFF7E4FEFC
:1050B0000F9801680C200860FFE79DF83400800617
:1050C000002806D5FFE70C9800F0200020280ED01D
:1050D000FFE79DF834004006002840F1B680FFE766
:1050E0009DF830004006002840F1AF80FFE70F98A0
:1050F000406DC006002806D4FFE70F99486D40F4C4
:1051000000504865FFE70F9800680CF015FF0B9002
:105110000F9800680CF064FF0A900F98006842F244
:105120000011C4F20201884206D1FFE742F20000FA
:10513000C4F20200039003E00F9800680390FFE7B9
:1051400003980F99096888420BD0FFE7079840B190
:10515000FFE70798062804D0FFE70798072805D13E
:10516000FFE70F980068C068099018E00F98006882
:1051700042F20011C4F20201884206D1FFE742F276
:105180000000C4F20200029003E00F980068029051
:10519000FFE7029808900898C0680990FFE70B980D
:1051A00000284AD0FFE79DF82700800700280AD58D
:1051B000FFE70A9800283FD0FFE79DF8250080060A
:1051C000002839D4FFE70F980068006840060028DF
:1051D00031D5FFE79DF82600800600282AD4FFE796
:1051E0000F9800680CF0A0FEC0B9FFE70F980168A7
:1051F000486820F0600048600F99486D20F48050A6
:1052000048650F98406DC005002806D4FFE70F9948
:10521000486D40F001004865FFE70AE00F99486DCE
:1052200040F0100048650F99886D40F001008865D6
:10523000FFE7FFE7FFE7FFE7FFE70F98FFF77CF8DF
:105240000F98016860200860FFE79DF834000006B1
:10525000002813D5FFE79DF83000000600280DD583
:10526000FFE70F99486D40F4803048650F9800F0D3
:105270009FFA0F98016880200860FFE79DF83500CD
:10528000C00798B1FFE79DF83100C00770B1FFE794
:105290000F99486D40F4003048650F98FFF754F8B7
:1052A0000F9801684FF480700860FFE79DF83500A3
:1052B0008007002814D5FFE79DF8310080070028FB
:1052C0000ED5FFE70F99486D40F4802048650F9890
:1052D000FFF73EF80F9801684FF400700860FFE791
:1052E0009DF83400C00600285DD5FFE79DF830002A
:1052F000C006002857D5FFE70F98006B18B9FFE7E5
:1053000001200E9038E0079858B3FFE70F98016826
:10531000012042F20002C4F20202914201900CD03C
:10532000FFE70F9800684DF60071CBF6FD71084459
:10533000B0FA80F040090190FFE70198C10746F2FA
:105340000030C5F6020000291CBF42F20030C4F252
:1053500002000CF0D9FD18B1FFE701200E90FFE725
:1053600009E00F980068C068800718B1FFE70120C6
:105370000E90FFE7FFE7FFE70E9801280ED1FFE749
:105380000F99486D40F4806048650F99886D40F032
:10539000020088650F98FFF787FDFFE70F98016807
:1053A00010200860FFE79DF835004007002819D558
:1053B000FFE79DF831004007002813D5FFE70F995C
:1053C000486D40F4804048650F99886D40F00800B2
:1053D00088650F9801684FF4806008600F98FEF7A9
:1053E000AFFFFFE710B080BD10B58CB00A90002071
:1053F0008DF8270006900A9820B9FFE701208DF864
:105400002F00D1E10A98C06838B1FFE70A98007F01
:10541000012801D1FFE7FFE7FFE70A98406D50B987
:10542000FFE70A9800F0C8F90A99002088650A99F0
:1054300081F85000FFE70A9800680CF099FD28B148
:10544000FFE70A9800680CF02BFDFFE70A98006858
:105450000CF0AEFDE8B9FFE70A9800680CF03CFDDF
:1054600040F21000C2F200400068800942F6635129
:10547000C0F23E51A0FB0101012000EB911006900B
:10548000FFE7069820B1FFE7069801380690F8E795
:10549000FFE70A9800680CF08BFD70B9FFE70A99E6
:1054A000486D40F0100048650A99886D40F0010091
:1054B000886501208DF82700FFE70A9800680CF046
:1054C0007FFD07900A98406DC006002800F15E81BC
:1054D000FFE70798002840F05981FFE70A98406DE0
:1054E00040F0020020F480700A9948650A9800682C
:1054F0000CF04EFD002870D1FFE70A9801680120EA
:1055000042F20002C4F20202914203900CD0FFE783
:105510000A9800684DF60071CBF6FD710844B0FAA8
:1055200080F040090390FFE70398C10746F200307E
:10553000C5F6020000291CBF42F20030C4F202008E
:1055400042F20031C4F20201884212D1FFE742F276
:105550000000C4F202000CF01BFD019042F20010AA
:10556000C4F202000CF014FD0146019808430290B9
:1055700007E046F20000C5F602000CF009FD0290BB
:10558000FFE7029840BBFFE70A980168012042F25A
:105590000002C4F20202914200900CD0FFE70A9888
:1055A00000684DF60071CBF6FD710844B0FA80F04A
:1055B00040090090FFE70098C10746F20030C5F6A9
:1055C000020000291CBF42F20030C4F202000A9916
:1055D00049680CF0C9FDFFE7FFE704F0A1F941F2CB
:1055E0000401884213D3FFE70A98806810280ED17F
:1055F000FFE70A994A7D086B40EA42308A68104307
:10560000097F40EA014040F00C0008900BE00A9945
:105610004A7D086B40EA42308A681043097F40EABD
:1056200001400890FFE70A98007F01280BD1FFE7AF
:105630000A98016A0020CFF6FE7000EB41410898FD
:1056400008430890FFE70A98406A50B1FFE70A99BB
:10565000486A896A00F47870014308980843089002
:10566000FFE70A980068C0684CF20301CFF6F071BA
:105670000840089908430A990968C8600A980068B0
:105680000CF09EFC05900A9800680CF04DFC04900C
:105690000598002859D1FFE70498002855D1FFE765
:1056A0000A98017DC06A40EA813008900A98006833
:1056B000C06844F203018843089908430A990968BD
:1056C000C8600A9890F83800012829D1FFE70A98A5
:1056D000406A20B1FFE70A98806A08B9FFE7FFE750
:1056E0000A98006800694FF61E01CFF6004100EAF3
:1056F00001020A9B1968DC6BD3F840E0D3F844C080
:105700000020CFF6FF7000EB044040EA0E0040EAB4
:105710000C009B6C1843104340F00100086106E048
:105720000A980168086920F001000861FFE70A98FB
:105730000068006920F070400A9A1168526B1043AB
:1057400008610A98FCF758FCFFE70A98C06801282E
:105750000CD1FFE70A980068006B20F00F000A9A4E
:1057600011689269013A1043086306E00A980168DB
:10577000086B20F00F000863FFE70A98406D40F0C7
:10578000010020F002000A99486508E00A99486D76
:1057900040F01000486501208DF82700FFE79DF8D4
:1057A00027008DF82F00FFE79DF82F000CB010BDEB
:1057B00081B0009001B0704780B5BCB03B90002034
:1057C0003A90399038903790369006A8C021FAF771
:1057D00072FF3B98006842F20001C4F20201884265
:1057E0007AD1FFE7002007904FF4002106910221B3
:1057F00008910C2209920A910B910C91C0210D91F4
:1058000020210E910F902F9006A805F059FC18B199
:10581000FFE7FEF7F1FAFFE7FFE744F2D840C5F6ED
:105820000200016841F020010160006800F02000E2
:1058300005900598FFE7FFE744F2E040C5F6020057
:10584000016841F001010160006800F0010004906E
:105850000498FFE7802036900320379000200290C4
:1058600038900020C5F6020036A903F051FE0299D7
:1058700042F65810C2F2024003902822C4F20202FB
:105880000260092242608160C1604FF4806202615F
:105890004FF4006242614FF400528261C1610162C3
:1058A000416202F0B9FC18B1FFE7FEF7A5FAFFE785
:1058B000FFE73B9842F65811C2F20241C1643B989F
:1058C0008863FFE7122001900022114604F064F97A
:1058D000019804F055F9FFE73CB080BD00000000DE
:1058E00080B588B006900591049206980168012061
:1058F00042F20002C4F20202914201900CD0FFE792
:10590000069800684DF60071CBF6FD710844B0FAB8
:1059100080F040090190FFE70198C10746F200308E
:10592000C5F6020000291CBF42F20030C4F202009A
:105930000CF0F2FA0290069800680CF041FB002887
:1059400040F0AF80FFE7FFE7069890F8500001288D
:1059500004D1FFE702208DF81F00ABE0069901207B
:1059600081F85000FFE7FFE7029848B1FFE702988F
:10597000052805D0FFE70298092840F08780FFE757
:105980000698FCF705FE8DF80F009DF80F00002823
:1059900074D1FFE70698406D40F4807040F60161D5
:1059A0008843069948650698006842F20011C4F2DF
:1059B0000201884206D1FFE742F20000C4F2020071
:1059C000009003E0069800680090FFE700980699B1
:1059D0000968884203D0FFE7029830B9FFE70699CB
:1059E000486D20F480104865FFE70698406DC004BC
:1059F000002806D5FFE70699886D20F00600886527
:105A000003E0069900208865FFE70698C16C42F222
:105A1000A930C0F60000C8630698C16C42F2B140DC
:105A2000C0F6000008640698C16C42F28140C0F6DE
:105A30000000C864069801681C200860FFE706990A
:105A4000002081F85000FFE706980168486840F0A0
:105A50001000486006990868C96A0CF0CDFA0698EB
:105A60000168C06C4031059A049B03F085F88DF8FD
:105A70000F00069800680CF0EFFA06E0FFE70699C1
:105A8000002081F85000FFE7FFE709E001208DF8D2
:105A90000F00FFE70699002081F85000FFE7FFE7BD
:105AA00003E002208DF80F00FFE79DF80F008DF84E
:105AB0001F00FFE79DF81F0008B080BD0000000038
:105AC00080B584B00290FFE7029890F8500001285A
:105AD00004D1FFE702208DF80F005DE0029901205C
:105AE00081F85000FFE7FFE702980321FCF790FBE5
:105AF0008DF807009DF80700002842D1FFE70298C3
:105B00000068C06820F0030002990968C860029824
:105B1000C06C90F83500022811D1FFE70298C06CE4
:105B200000F03EF88DF807009DF8070030B1FFE760
:105B30000299486D40F040004865FFE7FFE7029892
:105B40000168486820F0100048609DF8070030B9EF
:105B5000FFE70298FCF7B8FC8DF8070003E0029815
:105B6000FCF7B2FCFFE79DF8070048B9FFE7029891
:105B7000406D40F0010020F4885002994865FFE72D
:105B8000FFE7FFE70299002081F85000FFE79DF84A
:105B900007008DF80F00FFE79DF80F0004B080BDEF
:105BA00080B58AB0089003F0C3FE0490089828B925
:105BB000FFE701208DF8270000F0AABC089890F8B4
:105BC000350002280ED0FFE7089980204865FFE7DE
:105BD0000899002081F83400FFE701208DF82700A4
:105BE00000F096BC089800681021C4F202018842B7
:105BF00000F08180FFE7089800682821C4F20201C4
:105C0000884278D0FFE7089800684021C4F202017A
:105C1000884270D0FFE7089800685821C4F202015A
:105C2000884268D0FFE7089800687021C4F202013A
:105C3000884260D0FFE7089800688821C4F202011A
:105C4000884258D0FFE708980068A021C4F20201FA
:105C5000884250D0FFE708980068B821C4F20201DA
:105C6000884248D0FFE70898006840F21041C4F22B
:105C7000020188423FD0FFE70898006840F22841BF
:105C8000C4F20201884236D0FFE70898006840F26B
:105C90004041C4F2020188422DD0FFE70898006815
:105CA00040F25841C4F20201884224D0FFE708982C
:105CB000006840F27041C4F2020188421BD0FFE745
:105CC0000898006840F28841C4F20201884212D06C
:105CD000FFE70898006840F2A041C4F20201884240
:105CE00009D0FFE70898006840F2B841C4F2020109
:105CF000884207D1FFE708980168086820F0010092
:105D0000086006E008980168086820F00100086053
:105D1000FFE70898016801201022C4F202029142B4
:105D2000039000F0A380FFE7089801680120282273
:105D3000C4F202029142039000F09880FFE70898B5
:105D4000016801204022C4F202029142039000F057
:105D50008D80FFE70898016801205822C4F20202F2
:105D60009142039000F08280FFE7089801680120CB
:105D70007022C4F202029142039077D0FFE70898A4
:105D8000016801208822C4F20202914203906DD082
:105D9000FFE7089801680120A022C4F202029142A4
:105DA000039063D0FFE7089801680120B822C4F28D
:105DB00002029142039059D0FFE708980168012040
:105DC00040F21042C4F20202914203904ED0FFE72B
:105DD00008980168012040F22842C4F20202914270
:105DE000039043D0FFE708980168012040F2404249
:105DF000C4F202029142039038D0FFE7089801688C
:105E0000012040F25842C4F20202914203902DD088
:105E1000FFE708980168012040F27042C4F20202D4
:105E20009142039022D0FFE708980168012040F2D8
:105E30008842C4F202029142039017D0FFE708980B
:105E40000168012040F2A042C4F202029142039094
:105E50000CD0FFE7089800684FF64831CBF6FD718B
:105E60000844B0FA80F040090390FFE70398C007A8
:105E700080B1FFE708980168086820F01E000860FC
:105E800008980168486920F0800048610898006817
:105E9000059009E008980168086820F00E00086085
:105EA000089800680590FFE7089801680120102213
:105EB000C4F202029142029000F00381FFE70898C9
:105EC000016801202822C4F202029142029000F0EF
:105ED000F880FFE70898016801204022C4F202021E
:105EE0009142029000F0ED80FFE7089801680120E0
:105EF0005822C4F202029142029000F0E280FFE7D1
:105F00000898016801207022C4F2020291420290B6
:105F100000F0D780FFE70898016801208822C4F2CA
:105F200002029142029000F0CC80FFE708980168DD
:105F30000120A022C4F202029142029000F0C1802E
:105F4000FFE7089801680120B822C4F202029142DA
:105F5000029000F0B680FFE708980168012040F247
:105F60001042C4F202029142029000F0AA80FFE7C0
:105F700008980168012040F22842C4F202029142CE
:105F8000029000F09E80FFE708980168012040F22F
:105F90004042C4F202029142029000F09280FFE778
:105FA00008980168012040F25842C4F2020291426E
:105FB000029000F08680FFE708980168012040F217
:105FC0007042C4F20202914202907AD0FFE7089830
:105FD0000168012040F28842C4F20202914202901C
:105FE0006FD0FFE708980168012040F2A042C4F298
:105FF00002029142029064D0FFE7089801680120F4
:1060000040F2B842C4F202029142029059D0FFE736
:1060100008980168012045F20842C5F60202914243
:1060200002904ED0FFE708980168012045F21C421B
:10603000C5F602029142029043D0FFE7089801683A
:10604000012045F23042C5F602029142029038D05A
:10605000FFE708980168012045F24442C5F60202B4
:10606000914202902DD0FFE708980168012045F287
:106070005842C5F602029142029022D0FFE70898EA
:106080000168012045F26C42C5F60202914202907D
:1060900017D0FFE708980168012045F28042C5F655
:1060A0000202914202900CD0FFE7089800684AF67D
:1060B0006C31CAF2FD710844B0FA80F040090290D8
:1060C000FFE70298C00738B1FFE70898016E08683B
:1060D00020F480700860FFE7FFE705980068C007BC
:1060E000C8B1FFE703F024FC0499401A062811D335
:1060F000FFE70899202048650899032081F83500BA
:10610000FFE70899002081F83400FFE701208DF8AF
:106110002700FDE1E1E70898016801201022C4F2A0
:1061200002029142019000F0A380FFE70898016805
:1061300001202822C4F202029142019000F09880CE
:10614000FFE70898016801204022C4F20202914250
:10615000019000F08D80FFE7089801680120582227
:10616000C4F202029142019000F08280FFE7089899
:10617000016801207022C4F202029142019077D09E
:10618000FFE70898016801208822C4F202029142C8
:1061900001906DD0FFE7089801680120A022C4F2A9
:1061A00002029142019063D0FFE708980168012044
:1061B000B822C4F202029142019059D0FFE7089838
:1061C0000168012040F21042C4F2020291420190A3
:1061D0004ED0FFE708980168012040F22842C4F23F
:1061E00002029142019043D0FFE708980168012024
:1061F00040F24042C4F202029142019038D0FFE7DF
:1062000008980168012040F25842C4F2020291420B
:1062100001902DD0FFE708980168012040F27042FC
:10622000C4F202029142019022D0FFE7089801686F
:10623000012040F28842C4F202029142019017D03C
:10624000FFE708980168012040F2A042C4F2020270
:10625000914201900CD0FFE7089800684FF6483152
:10626000CBF6FD710844B0FA80F040090190FFE7D9
:106270000198C00760B1FFE70898806D0790089803
:10628000C06D00F01F013F208840079988600BE037
:106290000898806D06900898C06D00F01F010120DD
:1062A000884006994860FFE708980168012010229D
:1062B000C4F202029142009000F00381FFE70898C7
:1062C000016801202822C4F202029142009000F0ED
:1062D000F880FFE70898016801204022C4F202021A
:1062E0009142009000F0ED80FFE7089801680120DE
:1062F0005822C4F202029142009000F0E280FFE7CF
:106300000898016801207022C4F2020291420090B4
:1063100000F0D780FFE70898016801208822C4F2C6
:1063200002029142009000F0CC80FFE708980168DB
:106330000120A022C4F202029142009000F0C1802C
:10634000FFE7089801680120B822C4F202029142D6
:10635000009000F0B680FFE708980168012040F245
:106360001042C4F202029142009000F0AA80FFE7BE
:1063700008980168012040F22842C4F202029142CA
:10638000009000F09E80FFE708980168012040F22D
:106390004042C4F202029142009000F09280FFE776
:1063A00008980168012040F25842C4F2020291426A
:1063B000009000F08680FFE708980168012040F215
:1063C0007042C4F20202914200907AD0FFE708982E
:1063D0000168012040F28842C4F20202914200901A
:1063E0006FD0FFE708980168012040F2A042C4F294
:1063F00002029142009064D0FFE7089801680120F2
:1064000040F2B842C4F202029142009059D0FFE734
:1064100008980168012045F20842C5F6020291423F
:1064200000904ED0FFE708980168012045F21C4219
:10643000C5F602029142009043D0FFE70898016838
:10644000012045F23042C5F602029142009038D058
:10645000FFE708980168012045F24442C5F60202B0
:10646000914200902DD0FFE708980168012045F285
:106470005842C5F602029142009022D0FFE70898E8
:106480000168012045F26C42C5F60202914200907B
:1064900017D0FFE708980168012045F28042C5F651
:1064A0000202914200900CD0FFE7089800684AF67B
:1064B0006C31CAF2FD710844B0FA80F040090090D6
:1064C000FFE70098C007A0B1FFE70898416E806E13
:1064D00048600898C06E58B1FFE70898C16E086818
:1064E00020F4807008600898016F406F4860FFE7F3
:1064F000FFE70899012081F83500FFE7089900209F
:1065000081F83400FFE7FFE700208DF82700FFE760
:106510009DF827000AB080BD80B586B0049004982D
:1065200020B9FFE701208DF8170046E3049890F8A2
:106530003500022807D0FFE7049980204865012034
:106540008DF8170039E30498016801201022C4F285
:1065500002029142029000F0A380FFE704980168D4
:1065600001202822C4F202029142029000F0988099
:10657000FFE70498016801204022C4F20202914220
:10658000029000F08D80FFE70498016801205822F6
:10659000C4F202029142029000F08280FFE7049868
:1065A000016801207022C4F202029142029077D069
:1065B000FFE70498016801208822C4F20202914298
:1065C00002906DD0FFE7049801680120A022C4F278
:1065D00002029142029063D0FFE704980168012013
:1065E000B822C4F202029142029059D0FFE7049807
:1065F0000168012040F21042C4F20202914202906E
:106600004ED0FFE704980168012040F22842C4F20E
:1066100002029142029043D0FFE7049801680120F2
:1066200040F24042C4F202029142029038D0FFE7A9
:1066300004980168012040F25842C4F202029142DB
:1066400002902DD0FFE704980168012040F27042CB
:10665000C4F202029142029022D0FFE7049801683E
:10666000012040F28842C4F202029142029017D007
:10667000FFE704980168012040F2A042C4F2020240
:10668000914202900CD0FFE7049800684FF6483121
:10669000CBF6FD710844B0FA80F040090290FFE7A4
:1066A0000298C007002800F09D80FFE704990420AD
:1066B00081F83500049800681021C4F20201884274
:1066C00000F08180FFE7049800682821C4F20201ED
:1066D000884278D0FFE7049800684021C4F20201A4
:1066E000884270D0FFE7049800685821C4F2020184
:1066F000884268D0FFE7049800687021C4F2020164
:10670000884260D0FFE7049800688821C4F2020143
:10671000884258D0FFE704980068A021C4F2020123
:10672000884250D0FFE704980068B821C4F2020103
:10673000884248D0FFE70498006840F21041C4F254
:10674000020188423FD0FFE70498006840F22841E8
:10675000C4F20201884236D0FFE70498006840F294
:106760004041C4F2020188422DD0FFE7049800683E
:1067700040F25841C4F20201884224D0FFE7049855
:10678000006840F27041C4F2020188421BD0FFE76A
:106790000498006840F28841C4F20201884212D095
:1067A000FFE70498006840F2A041C4F20201884269
:1067B00009D0FFE70498006840F2B841C4F2020132
:1067C000884207D1FFE704980168086820F00100BB
:1067D000086006E004980168086820F0010008607D
:1067E000FFE7E5E1049800681021C4F20201884245
:1067F00000F08180FFE7049800682821C4F20201BC
:10680000884278D0FFE7049800684021C4F2020172
:10681000884270D0FFE7049800685821C4F2020152
:10682000884268D0FFE7049800687021C4F2020132
:10683000884260D0FFE7049800688821C4F2020112
:10684000884258D0FFE704980068A021C4F20201F2
:10685000884250D0FFE704980068B821C4F20201D2
:10686000884248D0FFE70498006840F21041C4F223
:10687000020188423FD0FFE70498006840F22841B7
:10688000C4F20201884236D0FFE70498006840F263
:106890004041C4F2020188422DD0FFE7049800680D
:1068A00040F25841C4F20201884224D0FFE7049824
:1068B000006840F27041C4F2020188421BD0FFE739
:1068C0000498006840F28841C4F20201884212D064
:1068D000FFE70498006840F2A041C4F20201884238
:1068E00009D0FFE70498006840F2B841C4F2020101
:1068F000884207D1FFE704980168086820F001008A
:10690000086006E004980168086820F0010008604B
:10691000FFE704980168086820F00E0008600498FA
:10692000016801201022C4F202029142019000F09D
:106930000381FFE70498016801202822C4F20202C3
:106940009142019000F0F880FFE70498016801206F
:106950004022C4F202029142019000F0ED80FFE774
:106960000498016801205822C4F202029142019069
:1069700000F0E280FFE70498016801207022C4F271
:1069800002029142019000F0D780FFE7049801686D
:1069900001208822C4F202029142019000F0CC80D2
:1069A000FFE7049801680120A022C4F2020291428C
:1069B000019000F0C180FFE7049801680120B8222F
:1069C000C4F202029142019000F0B680FFE7049801
:1069D0000168012040F21042C4F20202914201908B
:1069E00000F0AA80FFE704980168012040F22842E5
:1069F000C4F202029142019000F09E80FFE70498E9
:106A00000168012040F24042C4F20202914201902A
:106A100000F09280FFE704980168012040F258429C
:106A2000C4F202029142019000F08680FFE70498D0
:106A30000168012040F27042C4F2020291420190CA
:106A40007AD0FFE704980168012040F28842C4F23E
:106A50000202914201906FD0FFE704980168012083
:106A600040F2A042C4F202029142019064D0FFE7DA
:106A700004980168012040F2B842C4F20202914237
:106A8000019059D0FFE704980168012045F20842BF
:106A9000C5F60202914201904ED0FFE704980168CA
:106AA000012045F21C42C5F602029142019043D0FA
:106AB000FFE704980168012045F23042C5F6020262
:106AC0009142019038D0FFE704980168012045F217
:106AD0004442C5F60202914201902DD0FFE704988E
:106AE0000168012045F25842C5F602029142019028
:106AF00022D0FFE704980168012045F26C42C5F6F8
:106B000002029142019017D0FFE70498016801202A
:106B100045F28042C5F60202914201900CD0FFE797
:106B2000049800684AF66C31CAF2FD710844B0FA64
:106B300080F040090190FFE70198C00728B3FFE704
:106B40000498016E086820F4807008600498806DD5
:106B500003900498C06D00F01F0101208840039944
:106B600048600498416E806E48600498C06E58B1C9
:106B7000FFE70498C16E086820F4807008600498EC
:106B8000016F406F4860FFE7FFE70499012081F83B
:106B90003500FFE70499002081F83400FFE70498EE
:106BA000006D20B1FFE70498016D8847FFE7FFE71C
:106BB000FFE700208DF81700FFE79DF8170006B0EB
:106BC00080BD00000000000080B588B006900698E7
:106BD00020B9FFE701208DF81F002FE2069800681A
:106BE0001021C4F20201884200F08180FFE706987C
:106BF00000682821C4F20201884278D0FFE7069895
:106C000000684021C4F20201884270D0FFE7069874
:106C100000685821C4F20201884268D0FFE7069854
:106C200000687021C4F20201884260D0FFE7069834
:106C300000688821C4F20201884258D0FFE7069814
:106C40000068A021C4F20201884250D0FFE70698F4
:106C50000068B821C4F20201884248D0FFE70698D4
:106C6000006840F21041C4F2020188423FD0FFE7C1
:106C70000698006840F22841C4F20201884236D0EA
:106C8000FFE70698006840F24041C4F202018842E2
:106C90002DD0FFE70698006840F25841C4F2020187
:106CA000884224D0FFE70698006840F27041C4F2A1
:106CB000020188421BD0FFE70698006840F2884135
:106CC000C4F20201884212D0FFE70698006840F241
:106CD000A041C4F20201884209D0FFE7069800688B
:106CE00040F2B841C4F20201884207D1FFE706989A
:106CF0000168086820F00100086006E00698016855
:106D0000086820F001000860FFE70698016801208C
:106D10001022C4F202029142039000F0A380FFE728
:106D20000698016801202822C4F2020291420390D1
:106D300000F09880FFE70698016801204022C4F225
:106D400002029142039000F08D80FFE706980168EF
:106D500001205822C4F202029142039000F0828086
:106D6000FFE70698016801207022C4F202029142F6
:106D7000039077D0FFE70698016801208822C4F2CB
:106D80000202914203906DD0FFE70698016801204E
:106D9000A022C4F202029142039063D0FFE706985A
:106DA00001680120B822C4F202029142039059D036
:106DB000FFE706980168012040F21042C4F2020287
:106DC000914203904ED0FFE706980168012040F2FF
:106DD0002842C4F202029142039043D0FFE7069892
:106DE0000168012040F24042C4F202029142039045
:106DF00038D0FFE706980168012040F25842C4F2FB
:106E00000202914203902DD0FFE70698016801200D
:106E100040F27042C4F202029142039022D0FFE796
:106E200006980168012040F28842C4F202029142B1
:106E3000039017D0FFE706980168012040F2A042B6
:106E4000C4F20202914203900CD0FFE7069800685A
:106E50004FF64831CBF6FD710844B0FA80F0400996
:106E60000390FFE70398C00708B3FFE7069801689F
:106E700000200860069909684860069909688860DA
:106E800006990968C860069909680861069801684A
:106E9000212048610698FCF733F805900698C06DEC
:106EA00000F01F013F208840059988607EE0069829
:106EB0000168012045F20842C5F6020291420290A3
:106EC0004ED0FFE706980168012045F21C42C5F646
:106ED00002029142029043D0FFE706980168012028
:106EE00045F23042C5F602029142029038D0FFE7E7
:106EF00006980168012045F24442C5F6020291421B
:106F000002902DD0FFE706980168012045F2584213
:106F1000C5F602029142029022D0FFE7069801686E
:106F2000012045F26C42C5F602029142029017D050
:106F3000FFE706980168012045F28042C5F602028B
:106F4000914202900CD0FFE7069800684AF66C3137
:106F5000CAF2FD710844B0FA80F040090290FFE7E0
:106F60000298C007E8B1FFE70698016800200860B2
:106F70000699096848600699096888600699096851
:106F8000C8600699096808610698FBF7B9FF049084
:106F90000698C06D00F01F010120884004994860E8
:106FA00003E001208DF81F0048E0FFE70698FCF79A
:106FB0008FF80698006E48B1FFE70698016E002032
:106FC00008600698416E806E4860FFE7069840684A
:106FD00088B1FFE70698406808280CD8FFE70698B4
:106FE000FCF732F90698C16E002008600698016F20
:106FF000406F4860FFE7069900200190C866069937
:107000000867069948670699C8630699086406994F
:107010004864069988640699C864069908650699C3
:107020004865069981F83500FFE70699002081F848
:107030003400FFE700208DF81F00FFE79DF81F00D8
:1070400008B080BD0000000081B000900098406D45
:1070500001B070470000000080B590B00F90002094
:107060000B9040F21000C2F20040006848F2B511E7
:10707000C1F64E31A0FB0110800A0A900F98806D76
:1070800009900F98806D0890099800680E900898F4
:1070900000680D900F98016801201022C4F20202CE
:1070A0009142079000F0A380FFE70F98016801204C
:1070B0002822C4F202029142079000F09880FFE774
:1070C0000F98016801204022C4F202029142079009
:1070D00000F08D80FFE70F98016801205822C4F26C
:1070E00002029142079000F08280FFE70F9801684A
:1070F00001207022C4F202029142079077D0FFE78C
:107100000F98016801208822C4F202029142079080
:107110006DD0FFE70F9801680120A022C4F202029F
:107120009142079063D0FFE70F9801680120B822D1
:10713000C4F202029142079059D0FFE70F9801680C
:10714000012040F21042C4F20202914207904ED058
:10715000FFE70F980168012040F22842C4F20202C2
:107160009142079043D0FFE70F980168012040F259
:107170004042C4F202029142079038D0FFE70F98D4
:107180000168012040F25842C4F202029142079085
:107190002DD0FFE70F980168012040F27042C4F241
:1071A00002029142079022D0FFE70F980168012068
:1071B00040F28842C4F202029142079017D0FFE7E2
:1071C0000F980168012040F2A042C4F202029142ED
:1071D00007900CD0FFE70F9800684FF64831CBF6C8
:1071E000FD710844B0FA80F040090790FFE7079866
:1071F000C007002800F01385FFE70E980F99C96DAE
:1072000001F01F01C8400007002840F1B080FFE7EF
:107210000F9800681021C4F20201884200F08180BA
:10722000FFE70F9800682821C4F20201884278D055
:10723000FFE70F9800684021C4F20201884270D035
:10724000FFE70F9800685821C4F20201884268D015
:10725000FFE70F9800687021C4F20201884260D0F5
:10726000FFE70F9800688821C4F20201884258D0D5
:10727000FFE70F980068A021C4F20201884250D0B5
:10728000FFE70F980068B821C4F20201884248D095
:10729000FFE70F98006840F21041C4F202018842F3
:1072A0003FD0FFE70F98006840F22841C4F2020186
:1072B000884236D0FFE70F98006840F24041C4F2A0
:1072C000020188422DD0FFE70F98006840F2584134
:1072D000C4F20201884224D0FFE70F98006840F210
:1072E0007041C4F2020188421BD0FFE70F9800688A
:1072F00040F28841C4F20201884212D0FFE70F98A1
:10730000006840F2A041C4F20201884209D0FFE7C0
:107310000F98006840F2B841C4F20201884207D1D8
:10732000FFE70F980068006800F00400069006E090
:107330000F980068006800F008000690FFE70698C4
:10734000A0B1FFE70F980168086820F0040008600A
:107350000F98C06D00F01F010820884009998860CF
:107360000F99486D40F001004865FFE7FFE70E9870
:107370000F99C96D01F01F01C840C007002800F037
:10738000A980FFE70F9800681021C4F2020188422B
:1073900000F08180FFE70F9800682821C4F2020105
:1073A000884278D0FFE70F9800684021C4F20201BC
:1073B000884270D0FFE70F9800685821C4F202019C
:1073C000884268D0FFE70F9800687021C4F202017C
:1073D000884260D0FFE70F9800688821C4F202015C
:1073E000884258D0FFE70F980068A021C4F202013C
:1073F000884250D0FFE70F980068B821C4F202011C
:10740000884248D0FFE70F98006840F21041C4F26C
:10741000020188423FD0FFE70F98006840F2284100
:10742000C4F20201884236D0FFE70F98006840F2AC
:107430004041C4F2020188422DD0FFE70F98006856
:1074400040F25841C4F20201884224D0FFE70F986D
:10745000006840F27041C4F2020188421BD0FFE78D
:107460000F98006840F28841C4F20201884212D0AD
:10747000FFE70F98006840F2A041C4F20201884281
:1074800009D0FFE70F98006840F2B841C4F202014A
:10749000884207D1FFE70F980068406900F080003C
:1074A000059005E00F980068006800200590FFE750
:1074B000059870B1FFE70F98C06D00F01F01012023
:1074C0008840099988600F99486D40F0020048652E
:1074D000FFE7FFE70E980F99C96D01F01F01C84043
:1074E0004007002840F1A980FFE70F9800681021AD
:1074F000C4F20201884200F08180FFE70F98006823
:107500002821C4F20201884278D0FFE70F98006872
:107510004021C4F20201884270D0FFE70F98006852
:107520005821C4F20201884268D0FFE70F98006832
:107530007021C4F20201884260D0FFE70F98006812
:107540008821C4F20201884258D0FFE70F980068F2
:10755000A021C4F20201884250D0FFE70F980068D2
:10756000B821C4F20201884248D0FFE70F980068B2
:1075700040F21041C4F2020188423FD0FFE70F9869
:10758000006840F22841C4F20201884236D0FFE789
:107590000F98006840F24041C4F2020188422DD0A9
:1075A000FFE70F98006840F25841C4F20201884298
:1075B00024D0FFE70F98006840F27041C4F2020146
:1075C00088421BD0FFE70F98006840F28841C4F260
:1075D0000201884212D0FFE70F98006840F2A041F4
:1075E000C4F20201884209D0FFE70F98006840F218
:1075F000B841C4F20201884207D1FFE70F98006842
:10760000006800F00200049005E00F980068006830
:1076100000200490FFE7049870B1FFE70F98C06D59
:1076200000F01F0104208840099988600F99486D77
:1076300040F004004865FFE7FFE70E980F99C96D19
:1076400001F01F01C840C006002840F1DE80FFE7BE
:107650000F9800681021C4F20201884200F0818076
:10766000FFE70F9800682821C4F20201884278D011
:10767000FFE70F9800684021C4F20201884270D0F1
:10768000FFE70F9800685821C4F20201884268D0D1
:10769000FFE70F9800687021C4F20201884260D0B1
:1076A000FFE70F9800688821C4F20201884258D091
:1076B000FFE70F980068A021C4F20201884250D071
:1076C000FFE70F980068B821C4F20201884248D051
:1076D000FFE70F98006840F21041C4F202018842AF
:1076E0003FD0FFE70F98006840F22841C4F2020142
:1076F000884236D0FFE70F98006840F24041C4F25C
:10770000020188422DD0FFE70F98006840F25841EF
:10771000C4F20201884224D0FFE70F98006840F2CB
:107720007041C4F2020188421BD0FFE70F98006845
:1077300040F28841C4F20201884212D0FFE70F985C
:10774000006840F2A041C4F20201884209D0FFE77C
:107750000F98006840F2B841C4F20201884207D194
:10776000FFE70F980068006800F00800039006E04B
:107770000F980068006800F004000390FFE703988A
:10778000002841D0FFE70F98C06D00F01F011020C6
:107790008840099988600F980068006840030028B5
:1077A0001AD5FFE70F98006800680003002809D485
:1077B000FFE70F98006C20B1FFE70F98016C884736
:1077C000FFE708E00F98806C20B1FFE70F98816C0D
:1077D0008847FFE7FFE716E00F9800680068C005DC
:1077E000002807D4FFE70F980168086820F0080018
:1077F0000860FFE70F98006C20B1FFE70F98016C5D
:107800008847FFE7FFE7FFE7FFE70E980F99C96D8D
:1078100001F01F01C8408006002840F12681FFE7E3
:107820000F9800681021C4F20201884200F08180A4
:10783000FFE70F9800682821C4F20201884278D03F
:10784000FFE70F9800684021C4F20201884270D01F
:10785000FFE70F9800685821C4F20201884268D0FF
:10786000FFE70F9800687021C4F20201884260D0DF
:10787000FFE70F9800688821C4F20201884258D0BF
:10788000FFE70F980068A021C4F20201884250D09F
:10789000FFE70F980068B821C4F20201884248D07F
:1078A000FFE70F98006840F21041C4F202018842DD
:1078B0003FD0FFE70F98006840F22841C4F2020170
:1078C000884236D0FFE70F98006840F24041C4F28A
:1078D000020188422DD0FFE70F98006840F258411E
:1078E000C4F20201884224D0FFE70F98006840F2FA
:1078F0007041C4F2020188421BD0FFE70F98006874
:1079000040F28841C4F20201884212D0FFE70F988A
:10791000006840F2A041C4F20201884209D0FFE7AA
:107920000F98006840F2B841C4F20201884207D1C2
:10793000FFE70F980068006800F01000029006E072
:107940000F980068006800F002000290FFE70298BC
:10795000002800F08980FFE70F98C06D00F01F013C
:1079600020208840099988600F9890F835000428F5
:1079700037D1FFE70F980168086820F0160008600B
:107980000F980168486920F0800048610F98006CEA
:1079900020B9FFE70F98806C38B1FFE70F980168B6
:1079A000086820F008000860FFE70F98C06D00F03D
:1079B0001F013F208840099988600F99012081F8B4
:1079C0003500FFE70F99002081F83400FFE70F989A
:1079D000006D20B1FFE70F98016D8847FFE700F0C9
:1079E00019BC0F9800680068400300281AD5FFE70B
:1079F0000F98006800680003002809D5FFE70F987A
:107A0000406C20B1FFE70F98416C8847FFE708E022
:107A10000F98C06B20B1FFE70F98C16B8847FFE755
:107A2000FFE720E00F9800680068C005002811D427
:107A3000FFE70F980168086820F0100008600F99B0
:107A4000012081F83500FFE70F99002081F834000C
:107A5000FFE7FFE70F98C06B20B1FFE70F98C16BFE
:107A60008847FFE7FFE7FFE7FFE70F98406D002833
:107A700000F0D480FFE70F98406DC007002800F0A9
:107A8000C480FFE70F99042081F835000F98006843
:107A90001021C4F20201884200F08180FFE70F98B4
:107AA00000682821C4F20201884278D0FFE70F98CD
:107AB00000684021C4F20201884270D0FFE70F98AD
:107AC00000685821C4F20201884268D0FFE70F988D
:107AD00000687021C4F20201884260D0FFE70F986D
:107AE00000688821C4F20201884258D0FFE70F984D
:107AF0000068A021C4F20201884250D0FFE70F982D
:107B00000068B821C4F20201884248D0FFE70F980C
:107B1000006840F21041C4F2020188423FD0FFE702
:107B20000F98006840F22841C4F20201884236D022
:107B3000FFE70F98006840F24041C4F2020188421A
:107B40002DD0FFE70F98006840F25841C4F20201BF
:107B5000884224D0FFE70F98006840F27041C4F2D9
:107B6000020188421BD0FFE70F98006840F288416D
:107B7000C4F20201884212D0FFE70F98006840F279
:107B8000A041C4F20201884209D0FFE70F980068C3
:107B900040F2B841C4F20201884207D1FFE70F98D2
:107BA0000168086820F00100086006E00F9801688D
:107BB000086820F001000860FFE7FFE70B9801303C
:107BC0000B900A99884201D9FFE707E0FFE70F9879
:107BD00000680068C0070028F0D1FFE70F98006830
:107BE0000068C00728B1FFE70F99032081F835002E
:107BF00004E00F99012081F83500FFE7FFE70F99B6
:107C0000002081F83400FFE7FFE70F98C06C20B137
:107C1000FFE70F98C16C8847FFE7FFE7FAE20F988C
:107C20000168012045F20842C5F602029142019026
:107C30004ED0FFE70F980168012045F21C42C5F6BF
:107C400002029142019043D0FFE70F9801680120A2
:107C500045F23042C5F602029142019038D0FFE76A
:107C60000F980168012045F24442C5F60202914294
:107C700001902DD0FFE70F980168012045F258428E
:107C8000C5F602029142019022D0FFE70F980168E9
:107C9000012045F26C42C5F602029142019017D0D4
:107CA000FFE70F980168012045F28042C5F6020205
:107CB000914201900CD0FFE70F9800684AF66C31B2
:107CC000CAF2FD710844B0FA80F040090190FFE764
:107CD0000198C007002800F09B82FFE70F9800681A
:107CE00000680C900D980F99C96D01F01F01C840F4
:107CF0004007002840F1D780FFE79DF8300040079B
:107D0000002840F1D080FFE70F98C06D00F01F0100
:107D100004208840089948609DF83100000600283A
:107D200018D5FFE79DF83200C00748B1FFE70F986C
:107D3000806C20B1FFE70F98816C8847FFE708E06F
:107D40000F98006C20B1FFE70F98016C8847FFE7A0
:107D5000FFE7A7E09DF830008006002800F1998039
:107D6000FFE70F9800681021C4F20201884200F07A
:107D70008180FFE70F9800682821C4F20201884241
:107D800078D0FFE70F9800684021C4F202018842D2
:107D900070D0FFE70F9800685821C4F202018842B2
:107DA00068D0FFE70F9800687021C4F20201884292
:107DB00060D0FFE70F9800688821C4F20201884272
:107DC00058D0FFE70F980068A021C4F20201884252
:107DD00050D0FFE70F980068B821C4F20201884232
:107DE00048D0FFE70F98006840F21041C4F202014A
:107DF00088423FD0FFE70F98006840F22841C4F264
:107E00000201884236D0FFE70F98006840F24041F7
:107E1000C4F2020188422DD0FFE70F98006840F2BB
:107E20005841C4F20201884224D0FFE70F9800684D
:107E300040F27041C4F2020188421BD0FFE70F9864
:107E4000006840F28841C4F20201884212D0FFE784
:107E50000F98006840F2A041C4F20201884209D0A4
:107E6000FFE70F98006840F2B841C4F2020188426F
:107E700007D1FFE70F980168086820F00800086044
:107E800006E00F980168086820F004000860FFE72A
:107E9000FFE70F98006C20B1FFE70F98016C88474F
:107EA000FFE7FFE7B3E10D980F99C96D01F01F01DE
:107EB000C8408007002840F1E180FFE79DF83000CE
:107EC0008007002840F1DA80FFE70F98C06D00F0CE
:107ED0001F0102208840089948609DF83100000683
:107EE000002818D5FFE79DF83200C00748B9FFE722
:107EF0000F98406C20B1FFE70F98416C8847FFE76F
:107F000008E00F98C06B20B1FFE70F98C16B88475E
:107F1000FFE7FFE7B1E09DF830008006002800F1A0
:107F2000A380FFE70F9800681021C4F20201884285
:107F300000F08180FFE70F9800682821C4F2020159
:107F4000884278D0FFE70F9800684021C4F2020110
:107F5000884270D0FFE70F9800685821C4F20201F0
:107F6000884268D0FFE70F9800687021C4F20201D0
:107F7000884260D0FFE70F9800688821C4F20201B0
:107F8000884258D0FFE70F980068A021C4F2020190
:107F9000884250D0FFE70F980068B821C4F2020170
:107FA000884248D0FFE70F98006840F21041C4F2C1
:107FB000020188423FD0FFE70F98006840F2284155
:107FC000C4F20201884236D0FFE70F98006840F201
:107FD0004041C4F2020188422DD0FFE70F980068AB
:107FE00040F25841C4F20201884224D0FFE70F98C2
:107FF000006840F27041C4F2020188421BD0FFE7E2
:108000000F98006840F28841C4F20201884212D001
:10801000FFE70F98006840F2A041C4F202018842D5
:1080200009D0FFE70F98006840F2B841C4F202019E
:10803000884207D1FFE70F980168086820F0140014
:10804000086006E00F980168086820F00A000860E0
:10805000FFE70F99012081F83500FFE70F99002015
:1080600081F83400FFE7FFE70F98C06B20B1FFE70E
:108070000F98C16B8847FFE7FFE7C7E00D980F999E
:10808000C96D01F01F01C8400007002840F1BC8005
:10809000FFE79DF830000007002840F1B580FFE7BA
:1080A0000F9800681021C4F20201884200F081801C
:1080B000FFE70F9800682821C4F20201884278D0B7
:1080C000FFE70F9800684021C4F20201884270D097
:1080D000FFE70F9800685821C4F20201884268D077
:1080E000FFE70F9800687021C4F20201884260D057
:1080F000FFE70F9800688821C4F20201884258D037
:10810000FFE70F980068A021C4F20201884250D016
:10811000FFE70F980068B821C4F20201884248D0F6
:10812000FFE70F98006840F21041C4F20201884254
:108130003FD0FFE70F98006840F22841C4F20201E7
:10814000884236D0FFE70F98006840F24041C4F201
:10815000020188422DD0FFE70F98006840F2584195
:10816000C4F20201884224D0FFE70F98006840F271
:108170007041C4F2020188421BD0FFE70F980068EB
:1081800040F28841C4F20201884212D0FFE70F9802
:10819000006840F2A041C4F20201884209D0FFE722
:1081A0000F98006840F2B841C4F20201884207D13A
:1081B000FFE70F980168086820F01C00086006E0DF
:1081C0000F980168086820F00E000860FFE70F981C
:1081D000C06D00F01F01012000FA01F1089A516002
:1081E0000F9948650F9981F83500FFE70F99002036
:1081F00081F83400FFE70F98C06C20B1FFE70F98BB
:10820000C16C8847FFE700E0FFE7FFE7FFE700E01A
:10821000FFE7FFE710B080BD10B58EB00C9001F005
:1082200087FB0A900C9828B9FFE701208DF83700EA
:1082300000F09EBC0C98016801201022C4F20202DA
:108240009142079000F0A380FFE70C98016801209D
:108250002822C4F202029142079000F09880FFE7C2
:108260000C98016801204022C4F20202914207905A
:1082700000F08D80FFE70C98016801205822C4F2BD
:1082800002029142079000F08280FFE70C9801689B
:1082900001207022C4F202029142079077D0FFE7DA
:1082A0000C98016801208822C4F2020291420790D2
:1082B0006DD0FFE70C9801680120A022C4F20202F1
:1082C0009142079063D0FFE70C9801680120B82223
:1082D000C4F202029142079059D0FFE70C9801685E
:1082E000012040F21042C4F20202914207904ED0A7
:1082F000FFE70C980168012040F22842C4F2020214
:108300009142079043D0FFE70C980168012040F2AA
:108310004042C4F202029142079038D0FFE70C9825
:108320000168012040F25842C4F2020291420790D3
:108330002DD0FFE70C980168012040F27042C4F292
:1083400002029142079022D0FFE70C9801680120B9
:1083500040F28842C4F202029142079017D0FFE730
:108360000C980168012040F2A042C4F2020291423E
:1083700007900CD0FFE70C9800684FF64831CBF619
:10838000FD710844B0FA80F040090790FFE70798B4
:10839000C007002800F07881FFE70C98406A08B118
:1083A000FFE7FFE70C99022081F83500FFE70C9901
:1083B000002081F83400FFE70C9800681021C4F217
:1083C0000201884200F08180FFE70C9800682821B4
:1083D000C4F20201884278D0FFE70C98006840217F
:1083E000C4F20201884270D0FFE70C98006858215F
:1083F000C4F20201884268D0FFE70C98006870213F
:10840000C4F20201884260D0FFE70C98006888211E
:10841000C4F20201884258D0FFE70C980068A021FE
:10842000C4F20201884250D0FFE70C980068B821DE
:10843000C4F20201884248D0FFE70C98006840F27D
:108440001041C4F2020188423FD0FFE70C98006857
:1084500040F22841C4F20201884236D0FFE70C986E
:10846000006840F24041C4F2020188422DD0FFE78B
:108470000C98006840F25841C4F20201884224D0AE
:10848000FFE70C98006840F27041C4F20201884294
:108490001BD0FFE70C98006840F28841C4F202014B
:1084A000884212D0FFE70C98006840F2A041C4F265
:1084B0000201884209D0FFE70C98006840F2B841F9
:1084C000C4F20201884207D1FFE70C9801680868EE
:1084D00020F00100086006E00C980168086820F0B0
:1084E00001000860FFE7FFE70C9800680068C0071C
:1084F00098B1FFE701F01CFA0A99401A06280BD33D
:10850000FFE70C99202048650C99032081F835007D
:1085100001208DF837002BE3E6E70C98006800682F
:108520000B900B9848F23F01CFF6106108400B907A
:108530000C998868D1F80CC00B694A6940EA0C00B4
:10854000184310438A691043CA691043096A0143FA
:108550000B9808430B900C98406A042808D1FFE759
:108560000C99C86A096B01430B9808430B90FFE70D
:1085700041F20000C5F6004000684FF6FF718843E5
:10858000B0F1005F3FD3FFE70C984068292807D37C
:10859000FFE70C98416801202F2906902AD3FFE7B6
:1085A0000C9840683F2807D3FFE70C9841680120EA
:1085B000432906901ED3FFE70C984068472807D34D
:1085C000FFE70C98416801204929069012D3FFE784
:1085D0000C98416800204F29059008D3FFE70C98BC
:1085E00041680020532938BF01200590FFE7059816
:1085F0000690FFE70698C00728B1FFE70B9840F404
:1086000080100B90FFE70B980C99096808600C9894
:10861000006840690B900B9820F007000B900C98B5
:10862000416A0B9808430B900C98406A04281AD1B1
:10863000FFE70C98816A0B9808430B900C98C06A6E
:1086400080B1FFE70C98FAF797FE50B1FFE70C995D
:10865000402048650C99012081F835008DF83700DD
:1086600086E2FFE7FFE70B980C99096848610C98D0
:10867000FAF746FC09900C98C06D00F01F013F20EE
:1086800088400999886026E10C980168012045F22C
:108690000842C5F60202914204904ED0FFE70C98C2
:1086A0000168012045F21C42C5F602029142049085
:1086B00043D0FFE70C980168012045F23042C5F62F
:1086C00002029142049038D0FFE70C980168012023
:1086D00045F24442C5F60202914204902DD0FFE7D4
:1086E0000C980168012045F25842C5F602029142F9
:1086F000049022D0FFE70C980168012045F26C42FB
:10870000C5F602029142049017D0FFE70C98016869
:10871000012045F28042C5F60202914204900CD03D
:10872000FFE70C9800684AF66C31CAF2FD71084404
:10873000B0FA80F040090490FFE70498C0070028D1
:1087400000F0BD80FFE70C980168012045F2084267
:10875000C5F60202914203904ED0FFE70C980168E3
:10876000012045F21C42C5F602029142039043D01B
:10877000FFE70C980168012045F23042C5F602027D
:108780009142039038D0FFE70C980168012045F230
:108790004442C5F60202914203902DD0FFE70C98A7
:1087A0000168012045F25842C5F602029142039049
:1087B00022D0FFE70C980168012045F26C42C5F613
:1087C00002029142039017D0FFE70C980168012044
:1087D00045F28042C5F60202914203900CD0FFE7B9
:1087E0000C9800684AF66C31CAF2FD710844B0FA80
:1087F00080F040090390FFE70398C00708B1FFE746
:10880000FFE70C99022081F83500FFE70C99002062
:1088100081F83400FFE70C98006800680B900B9813
:108820006FF310100B900C988068402803D1FFE77D
:108830001020029008E00C9880688038B0FA80F030
:10884000400980030290FFE702980C99CA680B69FF
:10885000D1F814C0D1F818E0CC694EEA040E4CEA05
:108860000E0C43EA0C031A4340EAD200096A40EABC
:1088700011110B9808430B900B980C99096808602C
:108880000C9908684AF6F832CAF2FD7210444CF6A8
:10889000CD42CCF6CC42A0FB02026FF0030000EA0E
:1088A0009200C8650C98FAF72BFB08900C98C06DE5
:1088B00000F01F0101208840089948600AE00C99E7
:1088C000402048650C99032081F8350001208DF87F
:1088D00037004DE1FFE70C98016801201022C4F237
:1088E00002029142019000F00381FFE70C980168B9
:1088F00001202822C4F202029142019000F0F88087
:10890000FFE70C98016801204022C4F20202914264
:10891000019000F0ED80FFE70C98016801205822DB
:10892000C4F202029142019000F0E280FFE70C984D
:10893000016801207022C4F202029142019000F00D
:10894000D780FFE70C98016801208822C4F2020258
:108950009142019000F0CC80FFE70C980168012063
:10896000A022C4F202029142019000F0C180FFE710
:108970000C9801680120B822C4F2020291420190D1
:1089800000F0B680FFE70C980168012040F2104229
:10899000C4F202029142019000F0AA80FFE70C9815
:1089A0000168012040F22842C4F202029142019083
:1089B00000F09E80FFE70C980168012040F24042E1
:1089C000C4F202029142019000F09280FFE70C98FD
:1089D0000168012040F25842C4F202029142019023
:1089E00000F08680FFE70C980168012040F2704299
:1089F000C4F20202914201907AD0FFE70C9801681C
:108A0000012040F28842C4F20202914201906FD0EC
:108A1000FFE70C980168012040F2A042C4F2020274
:108A20009142019064D0FFE70C980168012040F268
:108A3000B842C4F202029142019059D0FFE70C986B
:108A40000168012045F20842C5F6020291420190F8
:108A50004ED0FFE70C980168012045F21C42C5F694
:108A600002029142019043D0FFE70C980168012077
:108A700045F23042C5F602029142019038D0FFE73C
:108A80000C980168012045F24442C5F60202914269
:108A900001902DD0FFE70C980168012045F2584263
:108AA000C5F602029142019022D0FFE70C980168BE
:108AB000012045F26C42C5F602029142019017D0A6
:108AC000FFE70C980168012045F28042C5F60202DA
:108AD000914201900CD0FFE70C9800684AF66C3187
:108AE000CAF2FD710844B0FA80F040090190FFE736
:108AF0000198C00790B3FFE70C98FAF7E9FA0C98D1
:108B00008068802804D1FFE70C9900204860FFE7C7
:108B10000C990879096E08600C98416E806E486067
:108B20000C98406888B1FFE70C98406808280CD87A
:108B3000FFE70C98FAF788FB0C98C16E00200860DC
:108B40000C98016F406F486007E00C990020C866E0
:108B50000C9908670C994867FFE7FFE70C9900201C
:108B600048650C9A012182F835108DF83700FFE72F
:108B70009DF837000EB010BD80B588B00690059105
:108B80000492039300208DF80B00069820B9FFE7AC
:108B900001208DF81F006CE3FFE7069890F8340081
:108BA000012804D1FFE702208DF81F0061E3069938
:108BB000012081F83400FFE7FFE7069890F83500C0
:108BC000012840F04383FFE70699022081F8350031
:108BD000069900204865069800681021C4F2020139
:108BE000884200F08180FFE7069800682821C4F2DF
:108BF0000201884278D0FFE7069800684021C4F25D
:108C00000201884270D0FFE7069800685821C4F23C
:108C10000201884268D0FFE7069800687021C4F21C
:108C20000201884260D0FFE7069800688821C4F2FC
:108C30000201884258D0FFE706980068A021C4F2DC
:108C40000201884250D0FFE706980068B821C4F2BC
:108C50000201884248D0FFE70698006840F21041C0
:108C6000C4F2020188423FD0FFE70698006840F254
:108C70002841C4F20201884236D0FFE70698006816
:108C800040F24041C4F2020188422DD0FFE706982D
:108C9000006840F25841C4F20201884224D0FFE744
:108CA0000698006840F27041C4F2020188421BD06D
:108CB000FFE70698006840F28841C4F2020188424A
:108CC00012D0FFE70698006840F2A041C4F202010A
:108CD000884209D0FFE70698006840F2B841C4F224
:108CE0000201884207D1FFE706980168086820F072
:108CF0000100086006E006980168086820F001009D
:108D00000860FFE706980599049A039BFAF7ACFB05
:108D10000698016801201022C4F2020291420190DB
:108D200000F0A380FFE70698016801202822C4F222
:108D300002029142019000F09880FFE706980168D6
:108D400001204022C4F202029142019000F08D8085
:108D5000FFE70698016801205822C4F202029142FE
:108D6000019000F08280FFE70698016801207022E0
:108D7000C4F202029142019077D0FFE706980168A1
:108D800001208822C4F20202914201906DD0FFE7D7
:108D9000069801680120A022C4F2020291420190CB
:108DA00063D0FFE7069801680120B822C4F20202EE
:108DB0009142019059D0FFE706980168012040F2E6
:108DC0001042C4F20202914201904ED0FFE7069891
:108DD0000168012040F22842C4F20202914201904F
:108DE00043D0FFE706980168012040F24042C4F2F8
:108DF00002029142019038D0FFE7069801680120F5
:108E000040F25842C4F20202914201902DD0FFE795
:108E100006980168012040F27042C4F202029142B9
:108E2000019022D0FFE706980168012040F28842B5
:108E3000C4F202029142019017D0FFE70698016840
:108E4000012040F2A042C4F20202914201900CD0F3
:108E5000FFE7069800684FF64831CBF6FD710844ED
:108E6000B0FA80F040090190FFE70198C007A8B16F
:108E7000FFE70698006800680B2161F3440006993B
:108E8000096808600698006C38B1FFE70698016829
:108E9000086840F008000860FFE714E006980068E2
:108EA0000068052161F34300069909680860069887
:108EB000006C38B1FFE706980168086840F00400CC
:108EC0000860FFE7FFE70698016801201022C4F25E
:108ED00002029142009000F00381FFE706980168CA
:108EE00001202822C4F202029142009000F0F88092
:108EF000FFE70698016801204022C4F20202914275
:108F0000009000F0ED80FFE70698016801205822EC
:108F1000C4F202029142009000F0E280FFE706985E
:108F2000016801207022C4F202029142009000F018
:108F3000D780FFE70698016801208822C4F2020268
:108F40009142009000F0CC80FFE706980168012074
:108F5000A022C4F202029142009000F0C180FFE71B
:108F6000069801680120B822C4F2020291420090E2
:108F700000F0B680FFE706980168012040F2104239
:108F8000C4F202029142009000F0AA80FFE7069826
:108F90000168012040F22842C4F20202914200908E
:108FA00000F09E80FFE706980168012040F24042F1
:108FB000C4F202029142009000F09280FFE706980E
:108FC0000168012040F25842C4F20202914200902E
:108FD00000F08680FFE706980168012040F27042A9
:108FE000C4F20202914200907AD0FFE7069801682D
:108FF000012040F28842C4F20202914200906FD0F8
:10900000FFE706980168012040F2A042C4F2020284
:109010009142009064D0FFE706980168012040F279
:10902000B842C4F202029142009059D0FFE706987C
:109030000168012045F20842C5F602029142009003
:109040004ED0FFE706980168012045F21C42C5F6A4
:1090500002029142009043D0FFE706980168012088
:1090600045F23042C5F602029142009038D0FFE747
:1090700006980168012045F24442C5F60202914279
:1090800000902DD0FFE706980168012045F2584274
:10909000C5F602029142009022D0FFE706980168CF
:1090A000012045F26C42C5F602029142009017D0B1
:1090B000FFE706980168012045F28042C5F60202EA
:1090C000914200900CD0FFE7069800684AF66C3198
:1090D000CAF2FD710844B0FA80F040090090FFE741
:1090E0000098C007D0B1FFE70698006E0068C00383
:1090F000002807D5FFE70698016E086840F48070E5
:109100000860FFE70698C06E38B1FFE70698C16EA9
:10911000086840F480700860FFE7FFE70698006881
:109120001021C4F20201884200F08180FFE7069816
:1091300000682821C4F20201884278D0FFE706982F
:1091400000684021C4F20201884270D0FFE706980F
:1091500000685821C4F20201884268D0FFE70698EF
:1091600000687021C4F20201884260D0FFE70698CF
:1091700000688821C4F20201884258D0FFE70698AF
:109180000068A021C4F20201884250D0FFE706988F
:109190000068B821C4F20201884248D0FFE706986F
:1091A000006840F21041C4F2020188423FD0FFE75C
:1091B0000698006840F22841C4F20201884236D085
:1091C000FFE70698006840F24041C4F2020188427D
:1091D0002DD0FFE70698006840F25841C4F2020122
:1091E000884224D0FFE70698006840F27041C4F23C
:1091F000020188421BD0FFE70698006840F28841D0
:10920000C4F20201884212D0FFE70698006840F2DB
:10921000A041C4F20201884209D0FFE70698006825
:1092200040F2B841C4F20201884207D1FFE7069834
:109230000168086840F00100086006E006980168CF
:10924000086840F001000860FFE70DE006994FF460
:1092500000604865FFE70699002081F83400FFE7C9
:1092600001208DF80B00FFE79DF80B008DF81F0023
:10927000FFE79DF81F0008B080BD0000000000005F
:1092800080B584B0039000F053FB029003980190E6
:109290000198013048B1FFE740F21900C2F20040E6
:1092A0000178019808440190FFE7FFE700F040FBD8
:1092B0000299401A0199884201D2FFE7F6E704B00B
:1092C00080BD00000000000090B00F900E910020C3
:1092D0000D908020C5F600000A90FFE70E980D99CA
:1092E000C840002800F01181FFE70E980D9A012177
:1092F000914008400C900C98002800F00281FFE794
:109300000D9820F0030040F20841C5F600014058D6
:109310000B900D9800F0030081000F2000FA01F17E
:109320000B9808400B900B9809900F980021C5F6F8
:109330000201884203D1FFE7002008907AE00F98ED
:1093400040F20041C5F60201884203D1FFE7012047
:1093500007906CE00F9840F60001C5F602018842C4
:1093600003D1FFE7022006905EE00F9840F600412F
:10937000C5F60201884203D1FFE70320059050E0C3
:109380000F9841F20001C5F60201884203D1FFE7C0
:109390000420049042E00F9841F20041C5F602011A
:1093A000884203D1FFE70520039034E00F9841F68F
:1093B0000001C5F60201884203D1FFE706200290B2
:1093C00026E00F9841F60041C5F60201884203D11C
:1093D000FFE70720019018E00F9842F20001C5F660
:1093E0000201884203D1FFE7082000900AE00F99AC
:1093F00042F20042C5F602020A20914208BF09204B
:109400000090FFE700980190FFE701980290FFE7C6
:1094100002980390FFE703980490FFE704980590F3
:10942000FFE705980690FFE706980790FFE7079883
:109430000890FFE7099808990D9A02F0030292003C
:10944000914088422AD1FFE70C9A0A990868904314
:1094500008600C9A0A994868904348600C9A042165
:10946000C5F600010868904308600C9A4FF0B041BF
:109470000868904308600D9800F0030081000F20F9
:1094800088400B900B9B0D9820F0030140F208429E
:10949000C5F60002885898438850FFE70D984100B0
:1094A000032000FA01F30F9A116819431160DDF8E7
:1094B00034C00CF007018A000F2101FA02F30F9962
:1094C0006FF0030202EA5C020A44116A99431162D6
:1094D0000D99490000FA01F30F9AD1689943D160C0
:1094E0000D9A012101FA02F30F9A516899435160D4
:1094F0000D99490000FA01F20F998868904388603D
:10950000FFE70D9801300D90E8E610B070470000BD
:1095100090B00F900E9100200D908020C5F60000B5
:109520000A90FFE70E9800680D99C840002800F0E7
:10953000DB81FFE70E9800680D9A012191400840F9
:109540000C900C98002800F0CB81FFE70E98406843
:1095500000F00300012807D0FFE70E98406800F0F4
:10956000030002282FD1FFE70F9880680B900D9819
:109570004100032000FA01F10B9888430B900E98EC
:10958000C0680D99490000FA01F10B9808430B904F
:109590000B980F9988600F9840680B900D990120E7
:1095A00000FA01F10B9888430B900E984068C0F3C5
:1095B00000100D9900FA01F10B9808430B900B98DD
:1095C0000F994860FFE70E98406800F003000328F9
:1095D0000CD1FFE70E98406800F0030003281DD16E
:1095E000FFE70E988068012818D0FFE70F98C06841
:1095F0000B900D984100032000FA01F10B9888436D
:109600000B900E9880680D99490000FA01F10B98B3
:1096100008430B900B980F99C860FFE70E984068BD
:1096200000F00300022826D1FFE70F980D996FF094
:10963000030202EA51010844006A0B900D9800F001
:10964000070081000F2000FA01F10B9888430B906E
:109650000E9800690D9901F00701890000FA01F1E7
:109660000B9808430B900B980F990D9B02EA53023D
:1096700011440862FFE70F9800680B900D984100B5
:10968000032000FA01F10B9888430B900E98406874
:1096900000F003000D99490000FA01F10B9808430E
:1096A0000B900B980F9908600E988079800700281E
:1096B00000F01581FFE7FFE744F2F440C5F6020031
:1096C000016841F002010160006800F002000990A9
:1096D0000998FFE70D9820F0030040F20841C5F615
:1096E000000140580B900D9800F0030081000F20FE
:1096F00000FA01F10B9888430B900F980021C5F6F2
:109700000201884203D1FFE7002008907AE00F9819
:1097100040F20041C5F60201884203D1FFE7012073
:1097200007906CE00F9840F60001C5F602018842F0
:1097300003D1FFE7022006905EE00F9840F600415B
:10974000C5F60201884203D1FFE70320059050E0EF
:109750000F9841F20001C5F60201884203D1FFE7EC
:109760000420049042E00F9841F20041C5F6020146
:10977000884203D1FFE70520039034E00F9841F6BB
:109780000001C5F60201884203D1FFE706200290DE
:1097900026E00F9841F60041C5F60201884203D148
:1097A000FFE70720019018E00F9842F20001C5F68C
:1097B0000201884203D1FFE7082000900AE00F99D8
:1097C00042F20042C5F602020A20914208BF092077
:1097D0000090FFE700980190FFE701980290FFE7F3
:1097E00002980390FFE703980490FFE70498059020
:1097F000FFE705980690FFE706980790FFE70798B0
:109800000890FFE708980D9901F00301890000FA1C
:1098100001F10B9808430B900B980D9921F003016F
:1098200040F20842C5F6000288504FF0B040006890
:109830000B900C990B9888430B900E988079C0067A
:10984000002805D5FFE70C990B9808430B90FFE71C
:109850000B984FF0B04108600420C5F60000006886
:109860000B900C990B9888430B900E98807980068A
:10987000002805D5FFE70C990B9808430B90FFE7EC
:109880000B980421C5F6000108600A9840680B9007
:109890000C990B9888430B900E98807980070028CC
:1098A00005D5FFE70C990B9808430B90FFE70B9841
:1098B0000A9948600A9800680B900C990B988843A5
:1098C0000B900E988079C00728B1FFE70C990B9890
:1098D00008430B90FFE70B980A990860FFE7FFE742
:1098E0000D9801300D901DE610B07047000000008B
:1098F00082B00190ADF802108DF801209DF80100B2
:1099000028B1FFE7BDF802000199886105E0BDF8C4
:109910000200000401998861FFE702B0704700006F
:1099200041F20000C5F600400068000C70470000DE
:1099300042F68450C2F20240006870470000000006
:1099400040F21900C2F20040027842F68451C2F29D
:1099500002410868104408607047000000000000E1
:1099600080B582B0032000F02FF902F099FE44F296
:109970001842C5F602021168C1F303234AF23041CE
:10998000C0F60101CB5C03F01F03D84000900098A3
:10999000126802F00F02895C01F01F01C84040F21A
:1099A0001401C2F200410860009840F21001C2F2B6
:1099B000004108600F2000F013F820B1FFE70120FC
:1099C0008DF8070005E000F0BBF800208DF80700D7
:1099D000FFE79DF8070002B080BD00000000000016
:1099E00080B582B0009040F21900C2F200400078C9
:1099F00020B9FFE701208DF8070030E040F21000A9
:109A0000C2F20040006840F21901C2F200410A7837
:109A10004FF47A71B1FBF2F1B0FBF1F005F068F9A7
:109A200020B1FFE701208DF8070018E000980F280B
:109A30000DD8FFE700994FF0FF30002200F0ACF89E
:109A4000009840F21C01C2F20041086003E00120CE
:109A50008DF8070003E000208DF80700FFE79DF870
:109A6000070002B080BD000010B581B000900098E2
:109A700040784EF69851CEF2000108604EF6A051A3
:109A8000CEF20001086820F00100086000984068EC
:109A90004EF69C52CEF200021060DDF800E09EF817
:109AA0000C0000079EF80B2040EA02609EF80020A0
:109AB0009EF808309EF809C09EF80A4040EAC4406B
:109AC0009EF80D4040EA84409EF80E4040EA444033
:109AD0009EF80FE040EA0E4040EA0C2040EA4300C6
:109AE0001043086001B010BDBFF35F8F4EF62451E4
:109AF000CEF20001086820F4803008604EF69451E0
:109B0000CEF2000100200860704700000000000055
:109B100081B00090009840F001004EF69451CEF2D2
:109B2000000108604EF62451CEF20001086840F4AE
:109B300080300860BFF34F8FBFF36F8F01B0704765
:109B400081B0FFE744F2F440C5F60200016841F03D
:109B500002010160006800F0020000900098FFE739
:109B600001B070470000000080B582B0ADF806007B
:109B7000BDF906000DF008F802B080BD000000003D
:109B800080B582B0ADF80600BDF906000DF018F8FA
:109B900002B080BD0000000080B586B0ADF81600B0
:109BA000049103920DF044F80290BDF91600019063
:109BB00002980499039A09F04FF9014601980DF0B3
:109BC0003FF806B080BD000080B582B001900198DA
:109BD0000DF05AF802B080BD80B584B0029044F612
:109BE0000C00C5F60200006800F004010020B0EB94
:109BF000910F13D1FFE744F60C00C5F60200006890
:109C000000F007000299884204D0FFE701208DF898
:109C10000F002EE000208DF80F002AE044F60C0122
:109C2000C5F60201086820F00700029A1043086098
:109C3000FFF77EFE0190FFE744F60400C5F6020040
:109C4000006800F400510020B0EB513F0DD1FFE758
:109C5000FFF76EFE0199401AB0F57A7F04D9FFE74D
:109C600001208DF80F0004E0E6E700208DF80F00DA
:109C7000FFE79DF80F0004B080BD00000000000069
:109C800080B502F0B9FC44F22041C5F60201096832
:109C9000C1F302124AF23041C0F60101895C01F0C1
:109CA0001F01C84080BD000088B0079044F22840E2
:109CB000C5F60200016801F0030106910068C0F3D7
:109CC0000510059044F22C40C5F60200006800F033
:109CD00001000490049844F23441C5F60201096879
:109CE00089B2C908484300EE100AB8EE400A8DED6B
:109CF000020A0598002800F01181FFE706980090FD
:109D000048B1FFE70098012865D0FFE700980228D6
:109D100000F08380A3E044F20040C5F60200006832
:109D200000F020010020B0EB511F31D0FFE744F2DA
:109D30000040C5F602000068C0F3C10149F200000E
:109D4000C0F2D030C84003909DED030AB8EE400A3F
:109D50009DED051AB8EE411A80EE010A44F230403A
:109D6000C5F6020000686FF35F2001EE100AB8EE3E
:109D7000411A9DED022A9FED6F3A02EE031AB7EEEB
:109D8000002A31EE021A20EE010A8DED010A21E0CF
:109D90009DED050AB8EE401A9FED680A80EE010AB3
:109DA00044F23040C5F6020000686FF35F2001EE18
:109DB000100AB8EE411A9DED022A9FED5E3A02EEBE
:109DC000031AB7EE002A31EE021A20EE010A8DEDD9
:109DD000010AFFE765E09DED050AB8EE401A9FED28
:109DE000560A80EE010A44F23040C5F602000068CF
:109DF0006FF35F2001EE100AB8EE411A9DED022AC2
:109E00009FED4C3A02EE031AB7EE002A31EE021A29
:109E100020EE010A8DED010A43E09DED050AB8EE42
:109E2000401A9FED430A80EE010A44F23040C5F625
:109E3000020000686FF35F2001EE100AB8EE411ACD
:109E40009DED022A9FED3B3A02EE031AB7EE002A7F
:109E500031EE021A20EE010A8DED010A21E09DED9E
:109E6000050AB8EE401A9FED350A80EE010A44F269
:109E70003040C5F6020000686FF35F2001EE100A63
:109E8000B8EE411A9DED022A9FED2A3A02EE031A1E
:109E9000B7EE002A31EE021A20EE010A8DED010A1A
:109EA000FFE79DED010A44F23040C5F6020001686B
:109EB00089B2490A01EE101AB8EE411AB7EE002A2B
:109EC00031EE021A80EE010A0799BCEEC00A81ED5C
:109ED000000A9DED010A0168C1F3064101EE101A66
:109EE000B8EE411A31EE021A80EE010A0799BCEE73
:109EF000C00A81ED010A9DED010A0068C0F3066009
:109F000001EE100AB8EE411A31EE021A80EE010A93
:109F10000798BCEEC00A80ED020A07E0079900200E
:109F200008600799486007998860FFE708B07047A4
:109F300020BCBE4B000000390024744A0024744C3D
:109F400088B0079044F22840C5F60200016801F08D
:109F5000030106910068C0F30530059044F22C40DF
:109F6000C5F602000068C0F300100490049844F2A3
:109F70003C41C5F60201096889B2C908484300EEB0
:109F8000100AB8EE400A8DED020A0598002800F08C
:109F90001181FFE70698009048B1FFE7009801287B
:109FA00065D0FFE70098022800F08380A3E044F228
:109FB0000040C5F60200006800F020010020B0EB70
:109FC000511F31D0FFE744F20040C5F6020000689F
:109FD000C0F3C10149F20000C0F2D030C840039084
:109FE0009DED030AB8EE400A9DED051AB8EE411A40
:109FF00080EE010A44F23840C5F6020000686FF3B3
:10A000005F2001EE100AB8EE411A9DED022A9FED85
:10A010006F3A02EE031AB7EE002A31EE021A20EE72
:10A02000010A8DED010A21E09DED050AB8EE401A06
:10A030009FED680A80EE010A44F23840C5F602003E
:10A0400000686FF35F2001EE100AB8EE411A9DED33
:10A05000022A9FED5E3A02EE031AB7EE002A31EEB5
:10A06000021A20EE010A8DED010AFFE765E09DED81
:10A07000050AB8EE401A9FED560A80EE010A44F236
:10A080003840C5F6020000686FF35F2001EE100A49
:10A09000B8EE411A9DED022A9FED4C3A02EE031AEA
:10A0A000B7EE002A31EE021A20EE010A8DED010A08
:10A0B00043E09DED050AB8EE401A9FED430A80EE9D
:10A0C000010A44F23840C5F6020000686FF35F20D1
:10A0D00001EE100AB8EE411A9DED022A9FED3B3ABF
:10A0E00002EE031AB7EE002A31EE021A20EE010A40
:10A0F0008DED010A21E09DED050AB8EE401A9FEDB5
:10A10000340A80EE010A44F23840C5F602000068C5
:10A110006FF35F2001EE100AB8EE411A9DED022A9E
:10A120009FED2A3A02EE031AB7EE002A31EE021A28
:10A1300020EE010A8DED010AFFE79DED010A44F2D0
:10A140003840C5F60200016889B2490A01EE101ACA
:10A15000B8EE411AB7EE002A31EE021A80EE010A7B
:10A160000799BCEEC00A81ED000A9DED010A016865
:10A17000C1F3064101EE101AB8EE411A31EE021A8F
:10A1800080EE010A0799BCEEC00A81ED010A9DED3F
:10A19000010A0068C0F3066001EE100AB8EE411A29
:10A1A00031EE021A80EE010A0798BCEEC00A80ED7B
:10A1B000020A07E00799002008600799486007999C
:10A1C0008860FFE708B0704720BCBE4B0000003934
:10A1D0000024744A0024744C88B0079044F228404C
:10A1E000C5F60200016801F0030106910068C0F3A2
:10A1F0000550059044F22C40C5F602000068C0F3FB
:10A2000000200490049844F24441C5F60201096814
:10A2100089B2C908484300EE100AB8EE400A8DED35
:10A22000020A0598002800F01181FFE706980090C7
:10A2300048B1FFE70098012865D0FFE700980228A1
:10A2400000F08380A3E044F20040C5F602000068FD
:10A2500000F020010020B0EB511F31D0FFE744F2A5
:10A260000040C5F602000068C0F3C10149F20000D9
:10A27000C0F2D030C84003909DED030AB8EE400A0A
:10A280009DED051AB8EE411A80EE010A44F24040F5
:10A29000C5F6020000686FF35F2001EE100AB8EE09
:10A2A000411A9DED022A9FED6F3A02EE031AB7EEB6
:10A2B000002A31EE021A20EE010A8DED010A21E09A
:10A2C0009DED050AB8EE401A9FED680A80EE010A7E
:10A2D00044F24040C5F6020000686FF35F2001EED3
:10A2E000100AB8EE411A9DED022A9FED5E3A02EE89
:10A2F000031AB7EE002A31EE021A20EE010A8DEDA4
:10A30000010AFFE765E09DED050AB8EE401A9FEDF2
:10A31000560A80EE010A44F24040C5F60200006889
:10A320006FF35F2001EE100AB8EE411A9DED022A8C
:10A330009FED4C3A02EE031AB7EE002A31EE021AF4
:10A3400020EE010A8DED010A43E09DED050AB8EE0D
:10A35000401A9FED430A80EE010A44F24040C5F6E0
:10A36000020000686FF35F2001EE100AB8EE411A98
:10A370009DED022A9FED3B3A02EE031AB7EE002A4A
:10A3800031EE021A20EE010A8DED010A21E09DED69
:10A39000050AB8EE401A9FED340A80EE010A44F235
:10A3A0004040C5F6020000686FF35F2001EE100A1E
:10A3B000B8EE411A9DED022A9FED2A3A02EE031AE9
:10A3C000B7EE002A31EE021A20EE010A8DED010AE5
:10A3D000FFE79DED010A44F24040C5F60200016826
:10A3E00089B2490A01EE101AB8EE411AB7EE002AF6
:10A3F00031EE021A80EE010A0799BCEEC00A81ED27
:10A40000000A9DED010A0168C1F3064101EE101A30
:10A41000B8EE411A31EE021A80EE010A0799BCEE3D
:10A42000C00A81ED010A9DED010A0068C0F30660D3
:10A4300001EE100AB8EE411A31EE021A80EE010A5E
:10A440000798BCEEC00A80ED020A07E007990020D9
:10A4500008600799486007998860FFE708B070476F
:10A4600020BCBE4B000000390024744A0024744C08
:10A4700080B59AB0199118901898199980F4807045
:10A480000843002840F0A880FFE744F25040C5F69A
:10A490000200006800F007000D900D980A90042853
:10A4A00000F295800A99DFE801F00316298C3C0040
:10A4B00044F20040C5F6020000688001002806D57D
:10A4C000FFE715A8FFF7F0FB16980E9002E00020BA
:10A4D0000E90FFE77EE044F20040C5F602000068FF
:10A4E0000001002806D5FFE712A8FFF729FD129802
:10A4F0000E9002E000200E90FFE76BE044F2004077
:10A50000C5F6020000688000002806D5FFE70FA806
:10A51000FFF762FE0F980E9002E000200E90FFE71A
:10A5200058E044F24C40C5F60200006800F040508C
:10A530000C9044F20040C5F6020000684007002875
:10A5400011D5FFE70C9870B9FFE744F20040C5F65B
:10A5500002000068C0F3C10149F20000C0F2D0302F
:10A56000C8400E902CE044F20040C5F6020000689E
:10A57000C00500280BD5FFE70C98B0F1805F06D12D
:10A58000FFE740F60010C0F23D000E9017E044F2E5
:10A590000040C5F602000068800300280BD5FFE7E5
:10A5A0000C98B0F1005F06D1FFE747F64000C0F21B
:10A5B0007D100E9002E000200E90FFE7FFE7FFE71E
:10A5C00008E048F20000C0F2BB000E9002E000205C
:10A5D0000E90FFE700F06EBD1898199980F4007096
:10A5E0000843002840F0B380FFE744F25040C5F62E
:10A5F0000200006800F4E0700D900D98099090B191
:10A60000FFE70998402821D0FFE70998802830D03B
:10A61000FFE70998C02800F08F80FFE70998B0F5A0
:10A62000807F39D08EE044F20040C5F60200006819
:10A630008001002806D5FFE715A8FFF735FB16981F
:10A640000E9002E000200E90FFE77EE044F2004012
:10A65000C5F6020000680001002806D5FFE712A831
:10A66000FFF76EFC12980E9002E000200E90FFE7BC
:10A670006BE044F20040C5F602000068800000284C
:10A6800006D5FFE70FA8FFF7A7FD0F980E9002E091
:10A6900000200E90FFE758E044F24C40C5F602005F
:10A6A000006800F040500C9044F20040C5F60200F3
:10A6B00000684007002811D5FFE70C9870B9FFE744
:10A6C00044F20040C5F602000068C0F3C10149F23F
:10A6D0000000C0F2D030C8400E902CE044F20040A0
:10A6E000C5F602000068C00500280BD5FFE70C98EE
:10A6F000B0F1805F06D1FFE740F60010C0F23D00E8
:10A700000E9017E044F20040C5F602000068800396
:10A7100000280BD5FFE70C98B0F1005F06D1FFE7EA
:10A7200047F64000C0F27D100E9002E000200E902F
:10A73000FFE7FFE7FFE708E048F20000C0F2BB00D8
:10A740000E9002E000200E90FFE700F0B2BC1898D7
:10A75000199980F480600843002840F0B580FFE735
:10A7600044F25840C5F60200006800F460000D9005
:10A770000D980890A8B1FFE70898B0F5001F23D006
:10A78000FFE70898B0F5800F31D0FFE70898B0F5E3
:10A79000C00F00F08F80FFE70898B0F5000F39D0A8
:10A7A0008EE044F20040C5F60200006880010028F7
:10A7B00006D5FFE715A8FFF777FA16980E9002E086
:10A7C00000200E90FFE77EE044F20040C5F6020054
:10A7D00000680001002806D5FFE712A8FFF7B0FBCC
:10A7E00012980E9002E000200E90FFE76BE044F21A
:10A7F0000040C5F6020000688000002806D5FFE78B
:10A800000FA8FFF7E9FC0F980E9002E000200E90D1
:10A81000FFE758E044F24C40C5F60200006800F043
:10A8200040500C9044F20040C5F60200006840071A
:10A83000002811D5FFE70C9870B9FFE744F20040FB
:10A84000C5F602000068C0F3C10149F20000C0F281
:10A85000D030C8400E902CE044F20040C5F6020013
:10A860000068C00500280BD5FFE70C98B0F1805FA9
:10A8700006D1FFE740F60010C0F23D000E9017E051
:10A8800044F20040C5F602000068800300280BD5A2
:10A89000FFE70C98B0F1005F06D1FFE747F64000F4
:10A8A000C0F27D100E9002E000200E90FFE7FFE75F
:10A8B000FFE708E048F20000C0F2BB000E9002E0A3
:10A8C00000200E90FFE7F3E31898199980F40060D8
:10A8D0000843002840F0B580FFE744F25840C5F631
:10A8E0000200006800F0E0600D900D980790A8B19C
:10A8F000FFE70798B0F1807F23D0FFE70798B0F11A
:10A90000007F31D0FFE70798B0F1407F00F08F80E3
:10A91000FFE70798B0F1806F39D08EE044F2004035
:10A92000C5F6020000688001002806D5FFE715A8DB
:10A93000FFF7BAF916980E9002E000200E90FFE79C
:10A940007EE044F20040C5F60200006800010028E5
:10A9500006D5FFE712A8FFF7F3FA12980E9002E06F
:10A9600000200E90FFE76BE044F20040C5F60200C5
:10A9700000688000002806D5FFE70FA8FFF72CFC31
:10A980000F980E9002E000200E90FFE758E044F28E
:10A990004C40C5F60200006800F040500C9044F2B4
:10A9A0000040C5F6020000684007002811D5FFE707
:10A9B0000C9870B9FFE744F20040C5F60200006849
:10A9C000C0F3C10149F20000C0F2D030C8400E907F
:10A9D0002CE044F20040C5F602000068C0050028E3
:10A9E0000BD5FFE70C98B0F1805F06D1FFE740F68A
:10A9F0000010C0F23D000E9017E044F20040C5F692
:10AA000002000068800300280BD5FFE70C98B0F126
:10AA1000005F06D1FFE747F64000C0F27D100E90C0
:10AA200002E000200E90FFE7FFE7FFE708E048F2B2
:10AA30000000C0F2BB000E9002E000200E90FFE785
:10AA400035E31898199980F480500843002840F0A5
:10AA5000B580FFE744F25040C5F60200006800F4FC
:10AA6000E0400B900B980690A8B1FFE70698B0F570
:10AA7000805F23D0FFE70698B0F5005F31D0FFE795
:10AA80000698B0F5405F00F08F80FFE70698B0F5BC
:10AA9000804F39D08EE044F20040C5F602000068D5
:10AAA0008001002806D5FFE715A8FFF7FDF81698E6
:10AAB0000E9002E000200E90FFE77EE044F200409E
:10AAC000C5F6020000680001002806D5FFE712A8BD
:10AAD000FFF736FA12980E9002E000200E90FFE782
:10AAE0006BE044F20040C5F60200006880000028D8
:10AAF00006D5FFE70FA8FFF76FFB0F980E9002E057
:10AB000000200E90FFE758E044F24C40C5F60200EA
:10AB1000006800F040500C9044F20040C5F602007E
:10AB200000684007002811D5FFE70C9870B9FFE7CF
:10AB300044F20040C5F602000068C0F3C10149F2CA
:10AB40000000C0F2D030C8400E902CE044F200402B
:10AB5000C5F602000068C00500280BD5FFE70C9879
:10AB6000B0F1805F06D1FFE740F60010C0F23D0073
:10AB70000E9017E044F20040C5F602000068800322
:10AB800000280BD5FFE70C98B0F1005F06D1FFE776
:10AB900047F64000C0F27D100E9002E000200E90BB
:10ABA000FFE7FFE7FFE708E048F20000C0F2BB0064
:10ABB0000E9002E000200E90FFE777E218981999B6
:10ABC00080F400500843002840F09580FFE744F2ED
:10ABD0005040C5F60200006800F4E0200B900B988E
:10ABE0000590C8B1FFE70598B0F5803F18D0FFE7A2
:10ABF0000598B0F5003F26D0FFE70598B0F5403F37
:10AC000034D0FFE70598B0F5802F4AD0FFE70598CC
:10AC1000B0F5A02F58D06AE001F01AFD0E9069E05F
:10AC200044F20040C5F6020000680001002806D585
:10AC3000FFE712A8FFF784F913980E9002E00020B6
:10AC40000E90FFE756E044F20040C5F602000068AF
:10AC50008000002806D5FFE70FA8FFF7BDFA10987F
:10AC60000E9002E000200E90FFE743E044F2004027
:10AC7000C5F602000068400700280ED5FFE744F241
:10AC80000040C5F602000068C0F3C10149F20000AF
:10AC9000C0F2D030C8400E9002E000200E90FFE7D6
:10ACA00028E044F20040C5F602000068C005002814
:10ACB00006D5FFE740F60010C0F23D000E9002E01E
:10ACC00000200E90FFE715E044F20040C5F60200B8
:10ACD00000688003002806D5FFE747F64000C0F271
:10ACE0007D100E9002E000200E90FFE702E00020B1
:10ACF0000E90FFE7D9E11898199980F400200843D5
:10AD0000002840F09180FFE744F25840C5F6020069
:10AD1000006800F440300B900B98049050B1FFE7AE
:10AD20000498B0F5803F18D0FFE70498B0F5003FD5
:10AD300026D075E044F20040C5F60200006800012C
:10AD4000002806D5FFE712A8FFF7FAF812980E9030
:10AD500002E000200E90FFE765E044F20040C5F6F7
:10AD6000020000688000002806D5FFE70FA8FFF763
:10AD700033FA11980E9002E000200E90FFE752E0A7
:10AD800044F24C40C5F60200006800F040500C90C0
:10AD900044F20040C5F6020000684007002811D5C3
:10ADA000FFE70C9870B9FFE744F20040C5F60200D7
:10ADB0000068C0F3C10149F20000C0F2D030C840C1
:10ADC0000E902CE044F20040C5F602000068C00579
:10ADD00000280BD5FFE70C98B0F1805F06D1FFE7A4
:10ADE00040F60010C0F23D000E9017E044F2004023
:10ADF000C5F602000068800300280BD5FFE70C9819
:10AE0000B0F1005F06D1FFE747F64000C0F27D10C9
:10AE10000E9002E000200E90FFE7FFE7FFE702E060
:10AE200000200E90FFE73FE11898199980F48030D8
:10AE30000843D8BBFFE744F24C40C5F60200006867
:10AE400000F480300B900B98039028B1FFE7039833
:10AE5000B0F5803F13D025E044F20040C5F6020073
:10AE600000688001002806D5FFE715A8FEF71CFF43
:10AE700016980E9002E000200E90FFE715E044F2D5
:10AE80000040C5F6020000680001002806D5FFE773
:10AE900012A8FFF755F814980E9002E000200E90CB
:10AEA000FFE702E000200E90FFE7FCE018981999F8
:10AEB00080F480400843002840F09580FFE744F28A
:10AEC0005840C5F60200006800F0E0400B900B9877
:10AED0000290C8B1FFE70298B0F1805F18D0FFE799
:10AEE0000298B0F1005F26D0FFE70298B0F1405F12
:10AEF00034D0FFE70298B0F1804F4AD0FFE70298C4
:10AF0000B0F1A04F58D06AE0FEF7BAFE0E9069E0AB
:10AF100044F20040C5F6020000680001002806D592
:10AF2000FFE712A8FFF70CF813980E9002E000203C
:10AF30000E90FFE756E044F20040C5F602000068BC
:10AF40008000002806D5FFE70FA8FFF745F9109805
:10AF50000E9002E000200E90FFE743E044F2004034
:10AF6000C5F602000068400700280ED5FFE744F24E
:10AF70000040C5F602000068C0F3C10149F20000BC
:10AF8000C0F2D030C8400E9002E000200E90FFE7E3
:10AF900028E044F20040C5F602000068C005002821
:10AFA00006D5FFE740F60010C0F23D000E9002E02B
:10AFB00000200E90FFE715E044F20040C5F60200C5
:10AFC00000688003002806D5FFE747F64000C0F27E
:10AFD0007D100E9002E000200E90FFE702E00020BE
:10AFE0000E90FFE75EE01898199980F4004008433E
:10AFF000002853D1FFE744F25040C5F60200006834
:10B0000000F040500B900B98019050B1FFE7019871
:10B01000B0F1805F18D0FFE70198B0F1005F26D053
:10B0200038E044F20040C5F60200006880030028C2
:10B0300006D5FFE747F64000C0F27D100E9002E013
:10B0400000200E90FFE728E044F20040C5F6020021
:10B0500000688001002806D5FFE715A8FEF724FE4A
:10B0600016980E9002E000200E90FFE715E044F2E3
:10B070000040C5F6020000680001002806D5FFE781
:10B0800012A8FEF75DFF13980E9002E000200E90CC
:10B09000FFE702E000200E90FFE702E000200E90A4
:10B0A000FFE7FFE7FFE7FFE7FFE7FFE7FFE7FFE770
:10B0B000FFE7FFE70E981AB080BD00000000000017
:10B0C00080B59AB0189000208DF857008DF8560082
:10B0D0001898C0780007002848D5FFE71898806EB8
:10B0E000149078B1FFE71498B0F5801F13D0FFE7F4
:10B0F0001498B0F5001F16D0FFE71498B0F5401F64
:10B1000019D019E044F22C41C5F60201086840F458
:10B110000030086014E018980830022107F0D8FECB
:10B120008DF857000CE018982830022107F0B8FF7E
:10B130008DF8570004E003E001208DF85700FFE789
:10B140009DF8570060B9FFE744F25041C5F602018F
:10B15000086820F44010189A926E1043086004E0CA
:10B160009DF857008DF85600FFE7FFE718984078E4
:10B17000C007002840D0FFE71898806D139004287E
:10B1800020D81399DFE801F0030C141C1D0044F2D1
:10B190002C41C5F60201086840F40030086015E053
:10B1A00018980830002107F093FE8DF857000DE045
:10B1B00018982830002107F073FF8DF8570005E03C
:10B1C00004E003E001208DF85700FFE79DF85700E9
:10B1D00060B9FFE744F25041C5F60201086820F06B
:10B1E0000700189A926D1043086004E09DF857001C
:10B1F0008DF85600FFE7FFE7189840788007002891
:10B200004BD5FFE71898C06D129088B1FFE71298F0
:10B21000402816D0FFE7129880281AD0FFE712982E
:10B22000C0281ED0FFE71298B0F5807F1AD01AE030
:10B2300044F22C41C5F60201086840F40030086071
:10B2400015E018980830002107F042FE8DF85700ED
:10B250000DE018982830002107F022FF8DF85700E4
:10B2600005E004E003E001208DF85700FFE79DF8BA
:10B27000570060B9FFE744F25041C5F60201086883
:10B2800020F4E070189AD26D1043086004E09DF835
:10B2900057008DF85600FFE7FFE718984078400701
:10B2A000002850D5FFE71898D0F8A8001190A0B159
:10B2B000FFE71198B0F5001F18D0FFE71198B0F51F
:10B2C000800F1BD0FFE71198B0F5C00F1ED0FFE72D
:10B2D0001198B0F5000F1AD01AE044F22C41C5F6CF
:10B2E0000201086840F40030086015E01898083042
:10B2F000002107F0EDFD8DF857000DE0189828307B
:10B30000002107F0CDFE8DF8570005E004E003E0D2
:10B3100001208DF85700FFE79DF8570068B9FFE757
:10B3200044F25841C5F60201086820F46000189AFA
:10B33000D2F8A8201043086004E09DF857008DF86B
:10B340005600FFE7FFE7189840780007002850D51F
:10B35000FFE71898D0F8AC001090A0B1FFE7109864
:10B36000B0F1807F18D0FFE71098B0F1007F1BD0BC
:10B37000FFE71098B0F1407F1ED0FFE71098B0F1C2
:10B38000806F1AD01AE044F22C41C5F60201086819
:10B3900040F40030086015E018980830002107F0EC
:10B3A00097FD8DF857000DE018982830002107F020
:10B3B00077FE8DF8570005E004E003E001208DF8EA
:10B3C0005700FFE79DF8570068B9FFE744F258417E
:10B3D000C5F60201086820F0E060189AD2F8AC20A7
:10B3E0001043086004E09DF857008DF85600FFE711
:10B3F000FFE71898C078800700283ED5FFE7189827
:10B40000C06C0F90F0B1FFE70F98102808D0FFE74D
:10B410000F9820280DD0FFE70F98302811D012E0A8
:10B4200044F22C41C5F60201086840F4003008607F
:10B430000DE018980830022107F04AFD8DF85700FA
:10B4400005E004E003E001208DF85700FFE79DF8D8
:10B45000570060B9FFE744F24C41C5F602010868A5
:10B4600020F03000189AD26C1043086004E09DF878
:10B4700057008DF85600FFE7FFE718984078C006A0
:10B4800000284ED5FFE71898006E0E90A0B1FFE798
:10B490000E98B0F5805F18D0FFE70E98B0F5005F0A
:10B4A0001BD0FFE70E98B0F5405F1ED0FFE70E9867
:10B4B000B0F5804F1AD01AE044F22C41C5F60201D3
:10B4C000086840F40030086015E018980830002142
:10B4D00007F0FEFC8DF857000DE018982830002189
:10B4E00007F0DEFD8DF8570005E004E003E00120E1
:10B4F0008DF85700FFE79DF8570060B9FFE744F269
:10B500005041C5F60201086820F4E040189A126E16
:10B510001043086004E09DF857008DF85600FFE7DF
:10B52000FFE718984078800600284CD5FFE7189868
:10B53000406E0D90C8B1FFE70D98B0F5803F15D073
:10B54000FFE70D98B0F5003F18D0FFE70D98B0F574
:10B55000403F1BD0FFE70D98B0F5802F17D0FFE7D5
:10B560000D98B0F5A02F13D013E016E0189808300E
:10B57000012107F0ADFC8DF857000EE01898283037
:10B58000012107F08DFD8DF8570006E005E004E08D
:10B5900003E001208DF85700FFE79DF8570060B9E0
:10B5A000FFE744F25041C5F60201086820F4E020AC
:10B5B000189A526E1043086004E09DF857008DF809
:10B5C0005600FFE7FFE718984078400600284ED560
:10B5D000FFE71898D0F8B0000C90C8B1FFE70C98BE
:10B5E000B0F1805F15D0FFE70C98B0F1005F18D084
:10B5F000FFE70C98B0F1405F1BD0FFE70C98B0F16B
:10B60000804F17D0FFE70C98B0F1A04F13D013E094
:10B6100016E018980830012107F05AFC8DF8570001
:10B620000EE018982830012107F03AFD8DF85700F8
:10B6300006E005E004E003E001208DF85700FFE795
:10B640009DF8570068B9FFE744F25841C5F602017A
:10B65000086820F0E040189AD2F8B0201043086043
:10B6600004E09DF857008DF85600FFE7FFE71898B3
:10B670004078000600283BD5FFE71898006F0B9034
:10B68000D8B1FFE70B98B0F1805F05D0FFE70B98CA
:10B69000B0F1005F09D011E044F22C41C5F602017F
:10B6A000086840F4003008600CE018980830012168
:10B6B00007F00EFC8DF8570004E003E001208DF840
:10B6C0005700FFE79DF8570060B9FFE744F250418B
:10B6D000C5F60201086820F04050189A126F104316
:10B6E000086004E09DF857008DF85600FFE7FFE77B
:10B6F0001898C078C007002837D0FFE71898806CEA
:10B700000A90032817D80A99DFE801F014020B13F6
:10B7100044F22C41C5F60201086840F4003008608C
:10B720000DE018980830022107F0D2FB8DF8570081
:10B7300005E004E003E001208DF85700FFE79DF8E5
:10B74000570060B9FFE744F24C41C5F602010868B2
:10B7500020F00300189A926C1043086004E09DF8F2
:10B7600057008DF85600FFE7FFE7189880784006ED
:10B77000002840F1B480FFE744F60001C5F602015D
:10B78000086840F480700860FEF7D2F81690FFE772
:10B7900044F60000C5F602000068C00500280CD47D
:10B7A000FFE7FEF7C5F81699401A652804D3FFE7AE
:10B7B00003208DF8570000E0EAE79DF857000028C5
:10B7C00040F08780FFE744F27040C5F60200006851
:10B7D00000F440701899D1F8B41001F44071884217
:10B7E00013D0FFE744F27041C5F60201086820F467
:10B7F00040701790086840F480300860086820F4B2
:10B800008030086017980860FFE71898D0F8B400F7
:10B81000B0F5807F1FD1FFE7FEF78AF81690FFE7AB
:10B8200044F27040C5F60200006800F002010020FA
:10B83000B0EB510F0ED1FFE7FEF77AF81699401AD8
:10B8400041F28931884204D3FFE703208DF8570085
:10B8500000E0E5E7FFE79DF85700A0BBFFE7FFE743
:10B860001898D0F8B40000F44070B0F5407F13D1C0
:10B87000FFE744F21041C5F60201086820F47C504D
:10B88000189AD2F8B4204FF6F043C0F6FF731A406E
:10B8900040EA1210086008E044F21041C5F60201C7
:10B8A000086820F47C500860FFE71898D0F8B420AE
:10B8B0006FF31F3244F27041C5F60201086810436D
:10B8C0000860FFE704E09DF857008DF85600FFE799
:10B8D00004E09DF857008DF85600FFE7FFE7189841
:10B8E0000068C007002800F04C80FFE71898C06F80
:10B8F000099028282BD80999DFE801F01529292972
:10B900002929292916292929292929291E292929C5
:10B91000292929292629292929292929272929299C
:10B9200029292929280016E018980830012107F054
:10B93000CFFA8DF857000EE018982830012107F053
:10B94000AFFB8DF8570006E005E004E003E00120BE
:10B950008DF85700FFE79DF8570060B9FFE744F204
:10B960005441C5F60201086820F03800189AD26FD9
:10B970001043086004E09DF857008DF85600FFE77B
:10B98000FFE7189800788007002839D5FFE7189856
:10B99000806F0890052819D80899DFE801F00304A2
:10B9A0000C14151616E018980830012107F090FACB
:10B9B0008DF857000EE018982830012107F070FB31
:10B9C0008DF8570006E005E004E003E001208DF863
:10B9D0005700FFE79DF8570060B9FFE744F2544174
:10B9E000C5F60201086820F00700189A926F10430C
:10B9F000086004E09DF857008DF85600FFE7FFE768
:10BA000018980078400700283BD5FFE71898D0F831
:10BA100094000790052819D80799DFE801F003047E
:10BA20000C14151616E018980830012107F050FA8A
:10BA30008DF857000EE018982830012107F030FBF0
:10BA40008DF8570006E005E004E003E001208DF8E2
:10BA50005700FFE79DF8570068B9FFE744F25841E7
:10BA6000C5F60201086820F00700189AD2F8942061
:10BA70001043086004E09DF857008DF85600FFE77A
:10BA8000FFE718980078800600284ED5FFE7189841
:10BA9000D0F890000690C8B1FFE70698B0F1805F3B
:10BAA00015D0FFE70698B0F1005F18D0FFE70698C1
:10BAB000B0F1405F1BD0FFE70698B0F1804F17D080
:10BAC000FFE70698B0F1A04F13D013E016E01898E6
:10BAD0000830002107F0FCF98DF857000EE01898A7
:10BAE0002830022107F0DCFA8DF8570006E005E067
:10BAF00004E003E001208DF85700FFE79DF85700B0
:10BB000068B9FFE744F25441C5F60201086820F025
:10BB1000E040189AD2F890201043086004E09DF8A5
:10BB200057008DF85600FFE7FFE7189800784006A9
:10BB300000284ED5FFE71898D0F89C000590C8B1B2
:10BB4000FFE70598B0F5806F15D0FFE70598B0F5D1
:10BB5000006F18D0FFE70598B0F5406F1BD0FFE7E6
:10BB60000598B0F5805F17D0FFE70598B0F5A05FA6
:10BB700013D013E016E018980830002107F0A8F958
:10BB80008DF857000EE018982830022107F088FA47
:10BB90008DF8570006E005E004E003E001208DF891
:10BBA0005700FFE79DF8570068B9FFE744F2584196
:10BBB000C5F60201086820F4E050189AD2F89C20DB
:10BBC0001043086004E09DF857008DF85600FFE729
:10BBD000FFE718980078000600284ED5FFE7189870
:10BBE000D0F8A0000490C8B1FFE70498B0F5005F5A
:10BBF00015D0FFE70498B0F5804F18D0FFE7049800
:10BC0000B0F5C04F1BD0FFE70498B0F5004F17D038
:10BC1000FFE70498B0F5204F13D013E016E0189812
:10BC20000830002107F054F98DF857000EE01898FD
:10BC30002830022107F034FA8DF8570006E005E0BD
:10BC400004E003E001208DF85700FFE79DF857005E
:10BC500068B9FFE744F25841C5F60201086820F4CC
:10BC60006040189AD2F8A0201043086004E09DF8C4
:10BC700057008DF85600FFE7FFE718980078000797
:10BC8000002820D5FFE71898D0F88400B0F5805F31
:10BC90000CD1FFE718982830022107F001FA20B1F3
:10BCA000FFE701208DF85600FFE7FFE744F254411B
:10BCB000C5F60201086820F44050189AD2F8842092
:10BCC00010430860FFE718980078C006002820D5C8
:10BCD000FFE71898D0F89800B0F5807F0CD1FFE707
:10BCE00018982830022107F0DBF920B1FFE7012086
:10BCF0008DF85600FFE7FFE744F25841C5F6020110
:10BD0000086820F44070189AD2F898201043086010
:10BD1000FFE718988078000700283CD5FFE71898BF
:10BD2000D0F8A400039050B1FFE70398B0F5803F2E
:10BD30000DD0FFE70398B0F5003F10D010E0189841
:10BD40000830002107F0C4F88DF857000CE018986F
:10BD50002830022107F0A4F98DF8570004E003E031
:10BD600001208DF85700FFE79DF8570068B9FFE7FD
:10BD700044F25841C5F60201086820F44030189A90
:10BD8000D2F8A4201043086004E09DF857008DF815
:10BD90005600FFE7FFE718988078400700283FD556
:10BDA000FFE71898D0F888000290B0F5801F0AD0FD
:10BDB000FFE70298B0F5001F0ED0FFE70298B0F53C
:10BDC000401F11D011E044F22C41C5F60201086871
:10BDD00040F4003008600CE018982830012107F08A
:10BDE0005FF98DF8570004E003E001208DF857005B
:10BDF000FFE79DF8570068B9FFE744F25441C5F6E4
:10BE00000201086820F44010189AD2F888201043E4
:10BE1000086004E09DF857008DF85600FFE7FFE743
:10BE200018988078C007A8B3FFE71898006D0190B4
:10BE300028B1FFE70198B0F5803F09D010E044F247
:10BE40002C41C5F60201086840F4003008600BE0A0
:10BE500018980830022107F03BF88DF8570003E0EE
:10BE600001208DF85700FFE79DF8570060B9FFE704
:10BE700044F24C41C5F60201086820F48030189A5B
:10BE8000126D1043086004E09DF857008DF85600CD
:10BE9000FFE7FFE71898C078800600280CD5FFE779
:10BEA00018982830022107F0FBF820B1FFE70120A5
:10BEB0008DF85600FFE7FFE7189880788007002884
:10BEC0003CD5FFE71898D0F880000090D0B1FFE78C
:10BED0000098B0F5807F0AD0FFE70098B0F5007FAA
:10BEE0000ED0FFE70098B0F5407F0AD00BE044F297
:10BEF0002C41C5F60201086840F40030086006E0F5
:10BF000005E004E003E001208DF85700FFE79DF80D
:10BF1000570068B9FFE744F25441C5F602010868CA
:10BF200020F44070189AD2F880201043086004E092
:10BF30009DF857008DF85600FFE7FFE718988078C6
:10BF4000C00600280CD5FFE744F25041C5F60201B7
:10BF5000086820F00040189A526F10430860FFE70D
:10BF60001898C078C00600280DD5FFE744F21041AC
:10BF7000C5F60201086820F48040189AD2F8B8206B
:10BF800010430860FFE718988078800600280CD5D9
:10BF9000FFE744F25041C5F60201086820F08070C6
:10BFA000189AD26E10430860FFE71898C0784006D0
:10BFB000002811D5FFE7FFE744F21041C5F6020162
:10BFC000086820F4004008601898D0F8BC20086881
:10BFD00010430860FFE7FFE71898C07800060028C4
:10BFE0000CD5FFE744F24C41C5F60201086820F089
:10BFF0004050189A526D10430860FFE718988078F7
:10C00000000600280DD5FFE744F25441C5F60201B1
:10C01000086820F44000189AD2F88C201043086079
:10C02000FFE718980079C00790B1FFE7189808302B
:10C03000002106F04DFF8DF857009DF8570008B914
:10C04000FFE704E09DF857008DF85600FFE7FFE793
:10C05000189800798007002812D5FFE71898083053
:10C06000012106F035FF8DF857009DF8570008B9FB
:10C07000FFE704E09DF857008DF85600FFE7FFE763
:10C08000189800794007002812D5FFE71898083063
:10C09000022106F01DFF8DF857009DF8570008B9E2
:10C0A000FFE704E09DF857008DF85600FFE7FFE733
:10C0B000189800790007002812D5FFE71898283053
:10C0C000002106F0EDFF8DF857009DF8570008B9E4
:10C0D000FFE704E09DF857008DF85600FFE7FFE703
:10C0E00018980079C006002812D5FFE71898283064
:10C0F000012106F0D5FF8DF857009DF8570008B9CB
:10C10000FFE704E09DF857008DF85600FFE7FFE7D2
:10C11000189800798006002812D5FFE71898283073
:10C12000022106F0BDFF8DF857009DF8570008B9B1
:10C13000FFE704E09DF857008DF85600FFE7FFE7A2
:10C140009DF8560020B9FFE700208DF8670003E056
:10C1500001208DF86700FFE79DF867001AB080BDE9
:10C1600080B586B004900391049820B9FFE70120C0
:10C170008DF817003CE2039842F20001C5F200215D
:10C18000096801F00F01884216D9FFE742F200006A
:10C19000C5F20020016821F00F01039A11430160EC
:10C1A000006800F00F000399884204D0FFE70120E7
:10C1B0008DF817001CE2FFE704980078400700287C
:10C1C00019D5FFE70498006944F21841C5F6020149
:10C1D000096801F0700188420CD9FFE744F2184168
:10C1E000C5F60201086820F07000049A1269104335
:10C1F0000860FFE7FFE7049800780007002819D5DA
:10C20000FFE70498406944F21C41C5F60201096841
:10C2100001F0700188420CD9FFE744F21C41C5F6D9
:10C220000201086820F07000049A52691043086007
:10C23000FFE7FFE704980078C006002819D5FFE75C
:10C240000498806944F21C41C5F60201096801F4B2
:10C25000E06188420CD9FFE744F21C41C5F60201B7
:10C26000086820F4E060049A926910430860FFE7D0
:10C27000FFE7049800788006002819D5FFE70498A6
:10C28000C06944F22041C5F60201096801F070015D
:10C2900088420CD9FFE744F22041C5F60201086844
:10C2A00020F07000049AD26910430860FFE7FFE7AE
:10C2B000049800788007002819D5FFE70498C06823
:10C2C00044F21841C5F60201096801F00F018842E5
:10C2D0000CD9FFE744F21841C5F60201086820F0C6
:10C2E0000F00049AD26810430860FFE7FFE7049844
:10C2F0000078C007002800F08C80FFE744F2184166
:10C30000C5F60201086820F47060049A9268104330
:10C31000086004984068022811D1FFE744F2004009
:10C32000C5F60200006800F400310020B0EB514F68
:10C3300004D1FFE701208DF8170059E13EE0049891
:10C340004068032811D1FFE744F20040C5F602001F
:10C35000006800F000710020B0EB516F04D1FFE7DE
:10C3600001208DF8170043E127E004984068012878
:10C3700011D1FFE744F20040C5F60200006800F466
:10C3800080710020B0EB112F04D1FFE701208DF860
:10C3900017002DE110E044F20040C5F602000068ED
:10C3A00000F004010020B0EB910F04D1FFE7012061
:10C3B0008DF817001CE1FFE7FFE7FFE744F21041AB
:10C3C000C5F60201086820F00700049A526810437D
:10C3D0000860FDF7ADFA0190FFE744F21040C5F6A2
:10C3E0000200006800F0380004994968B0EBC10F02
:10C3F0000ED0FFE7FDF79CFA0199401A41F289310E
:10C40000884204D3FFE703208DF81700F0E0E4E74B
:10C41000FFE7049800788007002819D5FFE7049803
:10C42000C06844F21841C5F60201096801F00F0125
:10C4300088420CD2FFE744F21841C5F602010868B1
:10C4400020F00F00049AD26810430860FFE7FFE76E
:10C45000039842F20001C5F20021096801F00F01C2
:10C46000884216D2FFE742F20000C5F200200168C0
:10C4700021F00F01039A11430160006800F00F00E2
:10C480000399884204D0FFE701208DF81700AFE040
:10C49000FFE7049800784007002819D5FFE70498C3
:10C4A000006944F21841C5F60201096801F0700103
:10C4B00088420CD2FFE744F21841C5F60201086831
:10C4C00020F07000049A126910430860FFE7FFE74C
:10C4D000049800780007002819D5FFE70498406900
:10C4E00044F21C41C5F60201096801F0700188425E
:10C4F0000CD2FFE744F21C41C5F60201086820F0A7
:10C500007000049A526910430860FFE7FFE704983F
:10C510000078C006002819D5FFE70498806944F226
:10C520001C41C5F60201096801F4E06188420CD2A1
:10C53000FFE744F21C41C5F60201086820F4E06000
:10C54000049A926910430860FFE7FFE704980078B7
:10C550008006002819D5FFE70498C06944F22041FD
:10C56000C5F60201096801F0700188420CD2FFE7AC
:10C5700044F22041C5F60201086820F07000049AD8
:10C58000D26910430860FFE7FFE700F089F844F242
:10C590001842C5F602021168C1F303234AF2304182
:10C5A000C0F60101CB5C03F01F03D8400090009857
:10C5B000126802F00F02895C01F01F01C84040F2CE
:10C5C0001401C2F200410860009840F21001C2F26A
:10C5D0000041086040F21C00C2F200400068FDF714
:10C5E000FFF98DF80B009DF80B008DF81700FFE7A1
:10C5F0009DF8170006B080BD80B582B000F050F8FD
:10C6000044F21842C5F602021168C1F303234AF24C
:10C610003041C0F60101CB5C03F01F03D84001900C
:10C620000198126802F00F02895C01F01F0120FAE4
:10C6300001F140F21400C2F200400160019940F2A1
:10C640001002C2F200421160006802B080BD00001A
:10C6500080B5FFF7D1FF44F21C41C5F6020109681D
:10C66000C1F302124AF23041C0F60101895C01F0C7
:10C670001F01C84080BD000080B5FFF7BDFF44F238
:10C680001C41C5F602010968C1F302224AF2304199
:10C69000C0F60101895C01F01F01C84080BD0000A7
:10C6A0008AB044F21040C5F60200006800F038007D
:10C6B00001460191182800F25F810199DFE811F02D
:10C6C00019005C015C015C015C015C015C015C01C6
:10C6D0003A005C015C015C015C015C015C015C0195
:10C6E00040005C015C015C015C015C015C015C017F
:10C6F000460044F20040C5F60200006800F0200148
:10C700000020B0EB511F0ED0FFE744F20040C5F609
:10C7100002000068C0F3C10149F20000C0F2D0304D
:10C72000C840029005E049F20000C0F2D03002900B
:10C73000FFE727E140F60010C0F23D00029021E142
:10C7400047F64000C0F27D1002901BE144F2284001
:10C75000C5F60200016801F0030108910068C0F30A
:10C760000510079044F22C40C5F60200006800F066
:10C7700001000690069844F23441C5F602010968AA
:10C7800089B2C908484300EE100AB8EE400A8DEDA0
:10C79000040A0798002800F0EB80FFE70898009053
:10C7A00048B1FFE70098012865D0FFE7009802280C
:10C7B00000F08380A3E044F20040C5F60200006868
:10C7C00000F020010020B0EB511F31D0FFE744F210
:10C7D0000040C5F602000068C0F3C10149F2000044
:10C7E000C0F2D030C84005909DED050AB8EE400A71
:10C7F0009DED071AB8EE411A80EE010A44F230406E
:10C80000C5F6020000686FF35F2001EE100AB8EE73
:10C81000411A9DED042A9FED5E3A02EE031AB7EE2F
:10C82000002A31EE021A20EE010A8DED030A21E002
:10C830009DED070AB8EE401A9FED570A80EE010AF7
:10C8400044F23040C5F6020000686FF35F2001EE4D
:10C85000100AB8EE411A9DED042A9FED4D3A02EE02
:10C86000031AB7EE002A31EE021A20EE010A8DED0E
:10C87000030AFFE765E09DED070AB8EE401A9FED59
:10C88000450A80EE010A44F23040C5F60200006815
:10C890006FF35F2001EE100AB8EE411A9DED042AF5
:10C8A0009FED3B3A02EE031AB7EE002A31EE021A70
:10C8B00020EE010A8DED030A43E09DED070AB8EE74
:10C8C000401A9FED320A80EE010A44F23040C5F66C
:10C8D000020000686FF35F2001EE100AB8EE411A03
:10C8E0009DED042A9FED2A3A02EE031AB7EE002AC4
:10C8F00031EE021A20EE010A8DED030A21E09DEDD2
:10C90000070AB8EE401A9FED230A80EE010A44F2AE
:10C910003040C5F6020000686FF35F2001EE100A98
:10C92000B8EE411A9DED042A9FED193A02EE031A62
:10C93000B7EE002A31EE021A20EE010A8DED030A4D
:10C94000FFE744F23040C5F60200006881B20120E2
:10C9500000EB512009909DED030A9DED091AB8EEF8
:10C96000411A80EE010ABCEEC00A8DED020A02E017
:10C9700000200290FFE705E040F60010C0F23D0005
:10C980000290FFE702980AB0704700BF20BCBE4B80
:10C99000000000390024744A0024744C0000000098
:10C9A00080B58CB00A900A9828B9FFE701208DF86D
:10C9B0002F0000F09DBD0A980078C007002800F005
:10C9C000B980FFE744F21040C5F60200006800F0AD
:10C9D0003800069044F22840C5F602000068059031
:10C9E000069810280AD0FFE7069818281CD1FFE700
:10C9F000059800F00300022816D1FFE744F200403A
:10CA0000C5F60200006800F400310020B0EB514F81
:10CA100009D0FFE70A98406828B9FFE701208DF8A0
:10CA20002F0000F065BD84E0FFE70A984068B0F58C
:10CA3000803F09D1FFE744F20041C5F602010868D2
:10CA400040F48030086032E00A98406868B9FFE737
:10CA500044F20041C5F60201086820F48030086005
:10CA6000086820F48020086020E00A984068B0F54B
:10CA7000A02F0DD1FFE744F20041C5F6020108687E
:10CA800040F480200860086840F4803008600CE0C2
:10CA900044F20041C5F60201086820F480300860C5
:10CAA000086820F480200860FFE7FFE7FFE7FFE762
:10CAB0000A984068F0B1FFE7FCF73AFF0990FFE7FA
:10CAC00044F20040C5F60200006800F40031002086
:10CAD000B0EB514F0DD1FFE7FCF72AFF0999401A3F
:10CAE000652805D3FFE703208DF82F0000F000BD77
:10CAF000E6E71DE0FCF71CFF0990FFE744F2004069
:10CB0000C5F60200006800F400310020B0EB514F80
:10CB10000DD0FFE7FCF70CFF0999401A652805D3F3
:10CB2000FFE703208DF82F0000F0E2BCE6E7FFE707
:10CB3000FFE7FFE70A9800788007002840F1168198
:10CB4000FFE744F21040C5F60200006800F038002C
:10CB5000049044F22840C5F602000068039004984F
:10CB600050B1FFE70498182878D1FFE79DF80C0032
:10CB70008007002872D1FFE744F20040C5F60200AA
:10CB8000006800F004010020B0EB910F09D0FFE72E
:10CB90000A98C06828B9FFE701208DF82F0000F03F
:10CBA000A7BC44F20041C5F60201086820F0190054
:10CBB0000A9AD26810430860FCF7BAFE0990FFE7B2
:10CBC00044F20040C5F60200006800F004010020B5
:10CBD000B0EB910F0DD1FFE7FCF7AAFE0999401ABF
:10CBE000032805D3FFE703208DF82F0000F080BC59
:10CBF000E6E7FFE7FCF794FE41F2030188421DD807
:10CC0000FFE70A98006940280AD1FFE744F204418F
:10CC1000C5F602010868202262F3113008600CE0BA
:10CC200044F20441C5F60201086820F47C300A9AF7
:10CC3000126940EA02300860FFE70CE044F2044168
:10CC4000C5F60201086820F0FE400A9A126940EA1F
:10CC500002600860FFE7FFE7FFE786E00A98C06828
:10CC600000285CD0FFE744F20041C5F602010868E5
:10CC700020F019000A9AD26810430860FCF758FEA9
:10CC80000990FFE744F20040C5F60200006800F09A
:10CC900004010020B0EB910F0DD1FFE7FCF748FE37
:10CCA0000999401A032805D3FFE703208DF82F00C8
:10CCB00000F01EBCE6E7FFE7FCF732FE41F203019D
:10CCC00088421DD8FFE70A98006940280AD1FFE78B
:10CCD00044F20441C5F602010868202262F31130D3
:10CCE00008600CE044F20441C5F60201086820F433
:10CCF0007C300A9A126940EA02300860FFE70CE0D3
:10CD000044F20441C5F60201086820F0FE400A9A88
:10CD1000126940EA02600860FFE7FFE724E044F29E
:10CD20000041C5F60201086820F001000860FCF728
:10CD3000FFFD0990FFE744F20040C5F602000068DD
:10CD400000F004010020B0EB910F0CD0FFE7FCF7DE
:10CD5000EFFD0999401A032804D3FFE703208DF85B
:10CD60002F00C5E3E7E7FFE7FFE7FFE70A98007852
:10CD7000C006002840F1EB80FFE744F21040C5F602
:10CD80000200006800F03800029044F22840C5F626
:10CD9000020000680190029808280AD0FFE7029874
:10CDA000182850D1FFE7019800F0030001284AD16C
:10CDB000FFE744F20040C5F60200006800F480710D
:10CDC0000020B0EB112F09D0FFE70A98C069802836
:10CDD00004D0FFE701208DF82F0089E3FFE7FCF77F
:10CDE0009FFD41F2030188421DD8FFE70A98006ABF
:10CDF00020280AD1FFE744F20441C5F60201086881
:10CE0000102262F39E6008600CE044F20441C5F613
:10CE10000201086820F0F8400A9A126A40EA82602B
:10CE20000860FFE70CE044F20C41C5F60201086817
:10CE300020F07C500A9A126A40EA02600860FFE71C
:10CE4000FFE7FFE782E00A98C069002858D0FFE7B3
:10CE500044F20041C5F60201086840F08000086015
:10CE6000FCF766FD0990FFE744F20040C5F60200BA
:10CE7000006800F480710020B0EB112F0CD1FFE7A7
:10CE8000FCF756FD0999401A032804D3FFE7032055
:10CE90008DF82F002CE3E7E7FFE7FCF741FD41F2B7
:10CEA000030188421DD8FFE70A98006A20280AD1AA
:10CEB000FFE744F20441C5F602010868102262F35C
:10CEC0009E6008600CE044F20441C5F60201086867
:10CED00020F0F8400A9A126A40EA82600860FFE790
:10CEE0000CE044F20C41C5F60201086820F07C50C9
:10CEF0000A9A126A40EA02600860FFE7FFE724E04E
:10CF000044F20041C5F60201086820F08000086084
:10CF1000FCF70EFD0990FFE744F20040C5F6020061
:10CF2000006800F480710020B0EB112F0CD0FFE7F7
:10CF3000FCF7FEFC0999401A032804D3FFE70320FD
:10CF40008DF82F00D4E2E7E7FFE7FFE7FFE70A9855
:10CF50000078000700284FD5FFE70A98406928B3FA
:10CF6000FFE744F27441C5F60201086840F0010091
:10CF70000860FCF7DDFC0990FFE744F27440C5F659
:10CF80000200006800F002010020B0EB510F0CD14C
:10CF9000FFE7FCF7CDFC0999401A032804D3FFE70B
:10CFA00003208DF82F00A3E2E7E724E044F2744168
:10CFB000C5F60201086820F001000860FCF7B8FC23
:10CFC0000990FFE744F27440C5F60200006800F0E3
:10CFD00002010020B0EB510F0CD0FFE7FCF7A8FCDA
:10CFE0000999401A032804D3FFE703208DF82F0086
:10CFF0007EE2E7E7FFE7FFE70A980078800600286F
:10D000004FD5FFE70A98806928B3FFE744F2004153
:10D01000C5F60201086840F480500860FCF788FCFF
:10D020000990FFE744F20040C5F60200006800F4F2
:10D0300000510020B0EB513F0CD1FFE7FCF778FC2A
:10D040000999401A032804D3FFE703208DF82F0025
:10D050004EE2E7E724E044F20041C5F60201086829
:10D0600020F480500860FCF763FC0990FFE744F26D
:10D070000040C5F60200006800F400510020B0EB4B
:10D08000513F0CD0FFE7FCF753FC0999401A0328E5
:10D0900004D3FFE703208DF82F0029E2E7E7FFE73D
:10D0A000FFE70A9800784007002840F1A780FFE7D3
:10D0B00044F60001C5F60201086840F4807008607B
:10D0C000FCF736FC0990FFE744F60000C5F60200C5
:10D0D0000068C00500280CD4FFE7FCF729FC09997B
:10D0E000401A652804D3FFE703208DF82F00FFE1E5
:10D0F000EAE7FFE70A988068012809D1FFE744F2D0
:10D100007041C5F60201086840F00100086031E096
:10D110000A98806868B9FFE744F27041C5F60201D9
:10D12000086820F001000860086820F0040008602A
:10D130001FE00A98806805280DD1FFE744F270418E
:10D14000C5F60201086840F004000860086840F075
:10D15000010008600CE044F27041C5F60201086865
:10D1600020F001000860086820F004000860FFE774
:10D17000FFE7FFE7FFE70A988068F8B1FFE7FCF7F1
:10D18000D7FB0990FFE744F27040C5F60200006843
:10D1900000F002010020B0EB510F0ED1FFE7FCF7C9
:10D1A000C7FB0999401A41F28931884204D3FFE74D
:10D1B00003208DF82F009BE1E5E71EE0FCF7B8FBAC
:10D1C0000990FFE744F27040C5F60200006800F0E5
:10D1D00002010020B0EB510F0ED0FFE7FCF7A8FBD7
:10D1E0000999401A41F28931884204D3FFE70320AC
:10D1F0008DF82F007CE1E5E7FFE7FFE70A98406A3A
:10D20000002800F07181FFE744F21040C5F60200EB
:10D21000006800F03800182800F0E080FFE70A9866
:10D22000406A022840F0B480FFE744F20041C5F6AE
:10D230000201086820F080700860FCF779FB099013
:10D24000FFE744F20040C5F60200006800F00071FC
:10D250000020B0EB516F0CD0FFE7FCF769FB099998
:10D26000401A032804D3FFE703208DF82F003FE185
:10D27000E7E7FFE744F22841C5F60201086840F2FB
:10D28000F33290430A9B9A6ADB6A42EA0312104324
:10D2900008600A99086BD1F834C08B6BCA6B0138EF
:10D2A0006FF35F204FF60061CFF6FF7101EB4C2169
:10D2B00089B208440021CFF6FF7101EB034101F46C
:10D2C000FE0108444FF07F4101EB026101F0FE4195
:10D2D000084444F23041C5F602010860FFE744F219
:10D2E0002C41C5F602010091086820F00100086099
:10D2F00044F23442C5F6020210684FF6F8739843C0
:10D300000A9B9B6C40EAC3001060086820F00C0088
:10D310000A9A126C10430860086820F002000A9A0A
:10D32000526C10430860086840F480300860086858
:10D3300040F400300860086840F480200860086805
:10D3400040F00100086044F20041C5F6020108689F
:10D3500040F080700860FCF7EBFA0990FFE744F2B8
:10D360000040C5F60200006800F000710020B0EB3C
:10D37000516F0CD1FFE7FCF7DBFA0999401A03283B
:10D3800004D3FFE703208DF82F00B1E0E7E724E0A6
:10D3900044F20041C5F60201086820F08070086080
:10D3A000FCF7C6FA0990FFE744F20040C5F6020018
:10D3B000006800F000710020B0EB516F0CD0FFE767
:10D3C000FCF7B6FA0999401A032804D3FFE70320B3
:10D3D0008DF82F008CE0E7E7FFE784E044F2284077
:10D3E000C5F602000068089044F23040C5F602001D
:10D3F000006807900A98406A012837D0FFE708982C
:10D4000000F003000A99896A88422FD1FFE7089843
:10D4100000F47C710A98C06AB0EB111F26D1FFE7B7
:10D4200007986FF35F200A99096B013988421DD173
:10D43000FFE7BDF81C100A98406B0138B0EB512F84
:10D4400014D1FFE7079800F4FE010A98806B0138B9
:10D45000B0EB114F0AD1FFE7079800F0FE410A98A0
:10D46000C06B0138B0EB116F04D0FFE701208DF8DD
:10D470002F003DE044F23440C5F60200006880B25F
:10D48000C00808900A98806C0899884229D0FFE764
:10D4900044F22C41C5F60201086820F00100086042
:10D4A000FCF746FA0990FFE7FCF742FA0999401A9F
:10D4B00008B9FFE7F8E744F23441C5F6020108680D
:10D4C0004FF6F87290430A9A926C40EAC2000860E4
:10D4D00044F22C41C5F60201086840F001000860E2
:10D4E000FFE7FFE7FFE7FFE700208DF82F00FFE7EA
:10D4F0009DF82F000CB080BD80B582B000900098E0
:10D5000020B9FFE701208DF807001DE000990220F7
:10D5100081F8810000980168086820F00100086027
:10D52000009800F049FB00990020C1F884000099A0
:10D5300081F88100FFE70099002081F88000FFE773
:10D5400000208DF80700FFE79DF8070002B080BDBE
:10D5500080B582B00190019842F68831C2F2024152
:10D56000884203D1FFE7F6F79FFDFFE702B080BDD9
:10D5700081B000900098D0F8840001B0704700009E
:10D5800081B00090009890F8810001B070470000D1
:10D5900080B588B0079007980068006906900798E2
:10D5A000006840690590069805990840049007981E
:10D5B00000688068039000200290079890F881002E
:10D5C0008DF8070007980068303000909DF815002E
:10D5D0000007002810D5FFE79DF818000007002875
:10D5E0000AD5FFE707980168886940F40060886100
:10D5F000079800F019FC91E19DF810004006002802
:10D6000015D4FFE79DF81000800600280FD4FFE72F
:10D610009DF810004007002809D5FFE70798416FE3
:10D6200088470798016F884701200290FFE79DF81F
:10D6300010004006002811D4FFE79DF81000C00735
:10D6400060B1FFE79DF810004007002806D4FFE70F
:10D650000798016F884701200290FFE79DF81000AE
:10D660008006002812D4FFE79DF8100080070028EC
:10D670000CD5FFE79DF810004007002806D4FFE70F
:10D680000798416F884701200290FFE7029808B190
:10D69000FFE743E19DF810000007002840F1898072
:10D6A000FFE707980168886940F0080088610798DB
:10D6B0000168886940F010008861079801688869EE
:10D6C00040F40060886107980168086920F008004C
:10D6D000086107980068806810F4404F3AD1FFE76E
:10D6E000FFE70798B0F86A0098B3FFE70798C068AB
:10D6F00010280BD3FFE707980068006B0799496E65
:10D7000008600799486E043048661BE00798C068B7
:10D7100008280AD3FFE7009800880799496E088017
:10D720000799486E023048660BE00798006890F849
:10D7300030000799496E08700799486E01304866B5
:10D74000FFE7FFE70799B1F86A000138A1F86A001E
:10D75000C7E7FFE7079805F03FFF0799012081F829
:10D7600081000798D0F8840020B1FFE70798FFF701
:10D77000EFFED3E09DF80700052804D1FFE70798E6
:10D7800001F0A2FA14E09DF80700042804D1FFE795
:10D79000079800F045FB0AE09DF80700032804D134
:10D7A000FFE7079801F08CFA00E0FFE7FFE7FFE7EB
:10D7B000B4E0BDF8100010F4587F00F0AF80FFE730
:10D7C0009DF81000400600280ED5FFE70799D1F814
:10D7D000840040F00400C1F884000798016888695B
:10D7E00040F040008861FFE79DF8110080070028A5
:10D7F0000ED5FFE70799D1F8840040F00100C1F889
:10D80000840007980168886940F400708861FFE728
:10D810009DF81100C00770B1FFE70799D1F88400A7
:10D8200040F00800C1F8840007980168886940F456
:10D8300080708861FFE79DF81000800600280ED5F3
:10D84000FFE70799D1F8840040F08000C1F8840018
:10D8500007980168886940F020008861FFE7079811
:10D86000D0F88400002858D0FFE7079801680868BE
:10D8700020F00100086007980168086940F26B32E7
:10D8800090430861039800F44040B0F5404F3BD10D
:10D89000FFE707980168886820F44040886007988F
:10D8A000C06FB0B1FFE70798C16F43F2F160C0F6F7
:10D8B000010008650798C06FF8F72EFE40B1FFE73A
:10D8C0000799D1F8840040F04000C1F88400FFE7D8
:10D8D000FFE70798806FB0B1FFE70798816F43F2C9
:10D8E000F160C0F6010008650798806FF8F714FE34
:10D8F00040B1FFE70799D1F8840040F04000C1F83B
:10D900008400FFE7FFE707E00799012081F8810025
:10D910000798FFF71DFEFFE7FFE7FFE708B080BDB0
:10D9200080B586B00490049820B9FFE701208DF8F7
:10D9300017003AE10498406A08B9FFE7FFE7049945
:10D94000002088620498006843F20001C4F20101DB
:10D9500088421BD0FFE70498006843F60001C4F238
:10D960000001884212D0FFE70498006843F60041A6
:10D97000C4F20001884209D0FFE70498C06810286B
:10D9800004D3FFE701208DF817000EE1049805F09D
:10D9900017FF02900498006843F20001C4F20101ED
:10D9A000884216D0FFE70498006843F60001C4F2ED
:10D9B000000188420DD0FFE70498006843F600415B
:10D9C000C4F20001884204D0FFE7029808281FD85B
:10D9D000FFE70498006843F20001C4F201018842A5
:10D9E00012D0FFE70498006843F60001C4F200017A
:10D9F000884209D0FFE70498006843F60041C4F26A
:10DA00000001884208D1FFE70298112804D3FFE7FC
:10DA100001208DF81700C8E0049890F8810040B903
:10DA2000FFE70499002081F88000049800F0F8F8DE
:10DA3000FFE70499022081F88100049801680868D2
:10DA400020F00100086004980068806800F4F81075
:10DA5000039004988069B0F1806F1BD1FFE70498B0
:10DA60004068B0F5800F04D1FFE70498806B50B197
:10DA7000FFE70498406868B9FFE70498806BB0F14D
:10DA8000805F07D1FFE704980168086840F4805080
:10DA90000860FFE7049880794006002810D5FFE76A
:10DAA0000498C06807280BD3FFE704980068006853
:10DAB00020F48070049A1168126D1043086006E02B
:10DAC00004980168086820F480700860FFE7049BF0
:10DAD0001968DA68D869D3F828C040EA0C00DDF884
:10DAE0000CC040EA0C00DB6B184310438860049ABA
:10DAF0000192506B516A0843916B08439169084346
:10DB00001168D2F804C09368D2F810E040EA0E0021
:10DB1000D2F814E040EA0E00D2F820E040EA0E000D
:10DB200040EA0C00D2F84CC040EA0C001843936C59
:10DB30001843926D1043C8600498406898B9FFE795
:10DB4000049800688068012161F3CC200499096879
:10DB50008860049800688068022161F34A20049973
:10DB600009688860FFE704980168086D20F00100EB
:10DB7000086504988079400600280BD5FFE70498D3
:10DB80000068C06820F00040049A1168526D10438C
:10DB9000C860FFE704990020C1F88400049A0121BD
:10DBA00082F881108DF81700FFE79DF8170006B086
:10DBB00080BD00000000000080B582B00190019897
:10DBC000006843F60041C4F20001884223D1FFE718
:10DBD00044F2E841C5F60201086820F400400860FC
:10DBE0003320FBF7C1FF40F20040C5F602000421DC
:10DBF000FBF76AFB40F60000C5F602004FF44061F7
:10DC0000FBF762FB0198806FF8F7DEFF0198C06FA9
:10DC1000F8F7DAFFFFE702B080BD00000000000067
:10DC200080B5C4B0439000204290419040903F9016
:10DC30003E900EA8C021F2F73EFD4398006843F6DF
:10DC40000041C4F20001884240F0E580FFE7002077
:10DC50000F904FF480510E9126900EA8FDF730FAE8
:10DC600018B1FFE7F6F7C8F8FFE7FFE744F2E8402E
:10DC7000C5F60200016841F400410160006800F44B
:10DC800000400D900D98FFE733200A9001210022FB
:10DC9000FBF782FF0A98FBF773FFFFE744F2E040CF
:10DCA000C5F60200016841F002010160006800F061
:10DCB00002000C900C98FFE7FFE744F2E040C5F645
:10DCC0000200016841F004010160006800F00400F6
:10DCD0000B900B98FFE704203E90022001903F90AC
:10DCE000002008904090032002904190072042902D
:10DCF00040F20040C5F602003EA90591FBF708FC82
:10DD0000019B02980599089A4FF4806CCDF818C0D1
:10DD1000CDF8F8C03F934092419006200390429086
:10DD200040F60000C5F602000490FBF7F1FBDDF8B9
:10DD300004C0029B039A049805994FF4006ECDF835
:10DD40001CE0CDF8F8E0CDF8FCC0CDF800C141935F
:10DD50004292FBF7DDFB069B079A089942F64820A2
:10DD6000C2F20240099040F2400CC4F2020CC0F82A
:10DD700000C04FF03E0CC0F804C04FF0400CC0F89B
:10DD800008C0C160036142614FF400528261C16109
:10DD90004FF4403202624162FAF73EFA18B1FFE7EF
:10DDA000F6F72AF8FFE7FFE7439842F64821C2F268
:10DDB0000241816743988863FFE742F6D010C2F2C0
:10DDC000024000905821C4F2020101603D214160EF
:10DDD00000218160C1604FF4806202614FF40062F3
:10DDE00042614FF400528261C1614FF440320262DD
:10DDF0004162FAF711FA18B1FFE7F5F7FDFFFFE707
:10DE0000FFE7439842F6D011C2F20241C16743983E
:10DE10008863FFE7FFE744B080BD0000000000001A
:10DE200081B0009001B0704781B0009001B07047A0
:10DE300080B588B006900591ADF81220039306983E
:10DE4000006820300290FBF773FD0190069890F86F
:10DE50008100012804D0FFE702208DF81F00D5E1E2
:10DE6000059820B1FFE7BDF8120020B9FFE70120B7
:10DE70008DF81F00CAE1FFE7069890F8800001289E
:10DE800004D1FFE702208DF81F00BFE106990120B1
:10DE900081F88000FFE7FFE70699032081F8810001
:10DEA00006990020C1F884000599069AD165BDF84D
:10DEB0001210069AA2F86010BDF81210069AA2F885
:10DEC0006210069948660699A1F868000699A1F8BB
:10DED0006A00069948670699086706988068B0F551
:10DEE000C02F07D1FFE706980168086840F400607A
:10DEF000086009E006980068C068012161F352409B
:10DF000006990968C860FFE70698006840684FF600
:10DF1000FF718843BDF812100844069909684860EB
:10DF200006980168086840F001000860069840689B
:10DF3000B0F5800F07D1FFE706980168086840F444
:10DF400000700860FFE70698C068102848D3FFE714
:10DF5000FFE70698B0F86200002840D0FFE7069877
:10DF6000006840698007002810D5FFE7069801681F
:10DF7000C06D006808620699C86D0430C8650699CE
:10DF8000B1F862000138A1F8620027E0FBF7D0FC8D
:10DF90000199401A0399884204D3FFE7039801309E
:10DFA00018B9FFE70398C0B9FFE7069805F014FB1E
:10DFB0000699D1F8840040F48070C1F88400069975
:10DFC000012081F88100FFE70699002081F8800098
:10DFD000FFE703208DF81F0018E1FFE7B9E7E8E04D
:10DFE0000698C068082863D3FFE7FFE70698B0F8F3
:10DFF000620000285BD0FFE7069800684069800750
:10E0000000282BD5FFE70698B0F86200022814D349
:10E01000FFE70698C06B80B1FFE706980168C06D06
:10E02000006808620699C86D0430C8650699B1F8A1
:10E0300062000238A1F862000FE00698C06D008807
:10E04000029908800699C86D0230C8650699B1F832
:10E0500062000138A1F86200FFE727E0FBF768FCE7
:10E060000199401A0399884204D3FFE703980130CD
:10E0700018B9FFE70398C0B9FFE7069805F0ACFAB6
:10E080000699D1F8840040F48070C1F884000699A4
:10E09000012081F88100FFE70699002081F88000C7
:10E0A000FFE703208DF81F00B0E0FFE79EE77FE069
:10E0B000FFE70698B0F86200002878D0FFE70698DE
:10E0C000006840698007002848D5FFE70698B0F847
:10E0D0006200042815D3FFE70698C06B412810D3CF
:10E0E000FFE706980168C06D006808620699C86D70
:10E0F0000430C8650699B1F862000438A1F86200DE
:10E100002BE00698B0F86200022814D3FFE70698C7
:10E11000C06B80B1FFE70698C06D00880299088047
:10E120000699C86D0230C8650699B1F862000238D8
:10E13000A1F8620010E006980168C06D007881F8CF
:10E1400020000699C86D0130C8650699B1F86200D3
:10E150000138A1F86200FFE7FFE727E0FBF7E8FBE3
:10E160000199401A0399884204D3FFE703980130CC
:10E1700018B9FFE70398C0B9FFE7069805F02CFA35
:10E180000699D1F8840040F48070C1F884000699A3
:10E19000012081F88100FFE70699002081F88000C6
:10E1A000FFE703208DF81F0030E0FFE781E7FFE77E
:10E1B000FFE70698039B01996A4611600821002237
:10E1C00005F016FB40B1FFE70699D1F8840040F056
:10E1D0002000C1F88400FFE7069805F0FDF90699D4
:10E1E000012081F88100FFE70699002081F8800076
:10E1F000FFE70698D0F8840020B1FFE701208DF8F2
:10E200001F0003E000208DF81F00FFE79DF81F00AE
:10E2100008B080BD0000000080B590B0DDF848C0B7
:10E220000E900D910C92ADF82E300E9800682030B3
:10E230000A900E980068303009900E98C16B01204A
:10E2400000EB5110ADF81200FBF772FB0890BDF81F
:10E250002E00ADF81600BDF82E00ADF814000E9893
:10E2600090F88100012804D0FFE702208DF83F00DC
:10E2700050E30D9838B1FFE70C9820B1FFE7BDF8E7
:10E280002E0020B9FFE701208DF83F0042E3FFE7B1
:10E290000E9890F88000012804D1FFE702208DF845
:10E2A0003F0037E30E99012081F88000FFE7FFE788
:10E2B0000E99052081F881000E990020C1F8840094
:10E2C0000C990E9A5166BDF82E100E9AA2F86A109B
:10E2D000BDF82E100E9AA2F868100D990E9AD1650D
:10E2E000BDF82E100E9AA2F86210BDF82E100E9AEC
:10E2F000A2F860100E9908670E9948670E9800689A
:10E30000C06820F4C0200E990968C8600E980068A3
:10E3100043F20001C4F20101884212D0FFE70E98D7
:10E32000006843F60001C4F20001884209D0FFE70B
:10E330000E98006843F60041C4F20001884203D100
:10E34000FFE71020079002E008200790FFE70E98F3
:10E35000006840684FF6FF718843BDF82E100844EE
:10E360000E99096848600E980168086840F001003D
:10E3700008600E984068B0F5800F07D1FFE70E984F
:10E380000168086840F400700860FFE70E98C068F4
:10E390001028C0F0B580FFE7079880080790FFE7D6
:10E3A000BDF816100120039039B9FFE7BDF814003D
:10E3B000002818BF01200390FFE70398C00700283A
:10E3C00000F09D80FFE70E980068406980070028F4
:10E3D00022D5FFE7BDF81600F0B1FFE7BDF8140045
:10E3E000BDF81610079A1144884215D2FFE70E981F
:10E3F0000168C06D006808620E99C86D0430C86578
:10E400000E99B1F862000138A1F862000E98B0F8D8
:10E410006200ADF81600FFE70E98006840690690AC
:10E42000BDF81400002869D0FFE70E980068406925
:10E43000C007B0B1FFE70E980068006B0E99496EF7
:10E4400008600E99486E043048660E99B1F86A006B
:10E450000138A1F86A000E98B0F86A00ADF814000F
:10E460004BE0BDF81400BDF8121088421CDAFFE73B
:10E470009DF819000006002816D5FFE70E980068E1
:10E48000006B0E99496E08600E99486E043048661C
:10E490000E99B1F86A000138A1F86A000E98B0F838
:10E4A0006A00ADF8140027E0FBF742FA0899401A19
:10E4B0001299884204D3FFE71298013018B9FFE798
:10E4C0001298C0B9FFE70E9805F086F80E99D1F8BA
:10E4D000840040F48070C1F884000E99012081F816
:10E4E0008100FFE70E99002081F88000FFE70320FC
:10E4F0008DF83F000EE2FFE7FFE7FFE750E7DCE1C2
:10E500000E98C0680828C0F0DE80FFE70798400832
:10E510000790FFE7BDF816100120029039B9FFE718
:10E52000BDF81400002818BF01200290FFE70298F0
:10E53000C007002800F0C680FFE70E980068406919
:10E540008007002822D5FFE7BDF81600F0B1FFE7ED
:10E55000BDF81400BDF81610079A1144884215D270
:10E56000FFE70E98C06D00880A9908800E99C86D63
:10E570000230C8650E99B1F862000138A1F8620056
:10E580000E98B0F86200ADF81600FFE70E9800682C
:10E5900040690690BDF81400002800F09280FFE763
:10E5A0000E9800684069C007A8B1FFE70998008885
:10E5B0000E99496E08800E99486E023048660E9991
:10E5C000B1F86A000138A1F86A000E98B0F86A0044
:10E5D000ADF8140074E0BDF81400BDF812108842C4
:10E5E00024DAFFE79DF81900000600281ED5FFE792
:10E5F000099800880E99496E08800E99486E02307D
:10E600004866099800880E99496E08800E99486EF0
:10E61000023048660E99B1F86A000238A1F86A0023
:10E620000E98B0F86A00ADF8140048E0BDF8140088
:10E6300001281BD1FFE79DF819008006002815D599
:10E64000FFE7099800880E99496E08800E99486E78
:10E65000023048660E99B1F86A000138A1F86A00E4
:10E660000E98B0F86A00ADF8140027E0FBF760F9E7
:10E670000899401A1299884204D3FFE71298013092
:10E6800018B9FFE71298C0B9FFE70E9804F0A4FF8D
:10E690000E99D1F8840040F48070C1F884000E997E
:10E6A000012081F88100FFE70E99002081F88000A9
:10E6B000FFE703208DF83F002CE1FFE7FFE7FFE7CE
:10E6C000FFE727E7F8E0FFE7BDF81610012001900B
:10E6D00039B9FFE7BDF81400002818BF01200190E8
:10E6E000FFE70198C007002800F0E580FFE70E98DB
:10E6F000006840698007002823D5FFE7BDF81600B1
:10E70000F8B1FFE7BDF81400BDF81610079A1144E0
:10E71000884216D2FFE70E980168C06D007881F834
:10E7200020000E99C86D0130C8650E99B1F86200DD
:10E730000138A1F862000E98B0F86200ADF816003A
:10E74000FFE70E98006840690690BDF814000028A5
:10E7500000F0B080FFE70E9800684069C007B8B1CC
:10E76000FFE70E98006890F830000E99496E087027
:10E770000E99486E013048660E99B1F86A0001386A
:10E78000A1F86A000E98B0F86A00ADF8140090E0A5
:10E79000BDF81400BDF8121088423EDAFFE79DF87C
:10E7A00019000006002838D5FFE70E98006890F899
:10E7B00030000E99496E08700E99486E0130486617
:10E7C0000E98006890F830000E99496E08700E9906
:10E7D000486E013048660E98006890F830000E9937
:10E7E000496E08700E99486E013048660E980068B0
:10E7F00090F830000E99496E08700E99486E0130FD
:10E8000048660E99B1F86A000438A1F86A000E98BB
:10E81000B0F86A00ADF814004AE0BDF8140003280F
:10E820001DD8FFE79DF8190010F0600F17D0FFE723
:10E830000E98006890F830000E99496E08700E9995
:10E84000486E013048660E99B1F86A000138A1F8A7
:10E850006A000E98B0F86A00ADF8140027E0FBF7E4
:10E8600067F80899401A1299884204D3FFE7129872
:10E87000013018B9FFE71298C0B9FFE70E9804F00D
:10E88000ABFE0E99D1F8840040F48070C1F884008A
:10E890000E99012081F88100FFE70E99002081F890
:10E8A0008000FFE703208DF83F0033E0FFE7FFE73C
:10E8B000FFE7FFE708E7FFE7FFE70E98129B0899DD
:10E8C0006A4611600821002204F092FF40B1FFE780
:10E8D0000E99D1F8840040F02000C1F88400FFE7D1
:10E8E0000E9804F079FE0E99012081F88100FFE76F
:10E8F0000E99002081F88000FFE70E98D0F8840080
:10E9000020B1FFE701208DF83F0003E000208DF8E3
:10E910003F00FFE79DF83F0010B080BD0000000001
:10E9200080B586B0049003910292ADF80630049849
:10E9300090F88100012804D0FFE702208DF817002D
:10E94000B9E1039838B1FFE7029820B1FFE7BDF8BD
:10E95000060020B9FFE701208DF81700ABE1FFE7C3
:10E96000049890F88000012804D1FFE702208DF878
:10E970001700A0E10499012081F88000FFE7FFE77C
:10E980000499052081F8810004990020C1F88400D1
:10E990000399049AD165BDF80610049AA2F8601094
:10E9A000BDF80610049AA2F862100299049A516602
:10E9B000BDF80610049AA2F86810BDF80610049A73
:10E9C000A2F86A10049908670499486704980068D7
:10E9D000C06820F4C02004990968C86004980168E0
:10E9E000886820F4404088600498C06810280ED3DE
:10E9F000FFE70498C06F8069B0F5804F28D1FFE72A
:10EA00000498806F8069B0F5804F21D1FFE70498AA
:10EA1000C068082826D3FFE70498C06F8069B0F566
:10EA2000005F07D0FFE70498C06F8069B0F5804FA2
:10EA30000ED1FFE70498806F8069B0F5005F11D0B8
:10EA4000FFE70498806F8069B0F5804F0AD0FFE738
:10EA5000FFE70499002081F88000FFE701208DF88E
:10EA6000170028E10498C068072841D8FFE70498F8
:10EA7000806F8069B0F5005F09D1FFE70498B0F8B6
:10EA80006200013040080499A1F86200FFE7049891
:10EA9000806F8069B0F5804F09D1FFE70498B0F826
:10EAA0006200033080080499A1F86200FFE704982F
:10EAB000C06F8069B0F5005F09D1FFE70498B0F836
:10EAC0006A00013040080499A1F86A00FFE7049841
:10EAD000C06F8069B0F5804F09D1FFE70498B0F8A6
:10EAE0006A00033080080499A1F86A00FFE727E074
:10EAF0000498C0680F2821D8FFE70498806F8069C8
:10EB0000B0F5804F09D1FFE70498B0F862000130FA
:10EB100040080499A1F86200FFE70498C06F80697B
:10EB2000B0F5804F09D1FFE70498B0F86A000130D2
:10EB300040080499A1F86A00FFE700E0FFE7FFE75B
:10EB40000498C16F43F26170C0F601000864049834
:10EB5000C16F43F27970C0F60100C8630498C16FB9
:10EB600043F22170C0F60100C8640498C16F002010
:10EB70000865049B19685A6ED86F3031B3F86A3053
:10EB8000F9F7FAFFA8B1FFE70499D1F8840040F043
:10EB90001000C1F884000499012081F88100FFE78A
:10EBA0000499002081F88000FFE701208DF817000C
:10EBB00081E004980168886840F480408860049887
:10EBC000816F002008640499896FC8630499896F74
:10EBD00008650498816F43F22170C0F60100C86493
:10EBE000049B1A68D96D986F2032B3F86230F9F738
:10EBF000C3FFC8B1FFE70498C06FF6F7D1FF0499CF
:10EC0000D1F8840040F01000C1F88400049901207C
:10EC100081F88100FFE70499002081F88000FFE778
:10EC200001208DF8170046E00498806FC069B0F5A8
:10EC3000807F0AD1FFE70498006840684FF6FF71B3
:10EC400088430499096848600CE0049800684068AB
:10EC50004FF6FF718843BDF806100844049909680F
:10EC60004860FFE704980168886840F400408860C5
:10EC700004980168086940F45870086104980168B4
:10EC8000086840F00100086004984068B0F5800F03
:10EC900007D1FFE704980168086840F40070086035
:10ECA000FFE7FFE70499002081F88000FFE70020DC
:10ECB0008DF81700FFE79DF8170006B080BD000033
:10ECC00081B0009001B0704780B582B0019001988A
:10ECD00042F68831C2F20241884203D1FFE7F5F7DC
:10ECE000C7F9FFE702B080BD81B0009001B0704766
:10ECF00080B582B00190019805F06EFB02B080BD36
:10ED000081B0009001B0704781B0009001B07047B1
:10ED100081B0009001B0704785B003900291FFE789
:10ED2000039890F83C00012804D1FFE702208DF8F9
:10ED3000130099E00399012081F83C00FFE7FFE709
:10ED40000399022081F83D00039800684068019013
:10ED50000398006880680090039800680021C4F25E
:10ED60000101884209D0FFE70398006840F20041A2
:10ED7000C4F2010188420AD1FFE7019820F4700033
:10ED8000019002984168019808430190FFE70198BB
:10ED900020F07000019002980168019808430190EA
:10EDA0000198039909684860039800680021C4F23B
:10EDB000010188423CD0FFE703980068B0F1804F22
:10EDC00036D0FFE70398006840F20041C4F200012A
:10EDD00088422DD0FFE70398006840F60001C4F296
:10EDE0000001884224D0FFE70398006840F6004104
:10EDF000C4F2000188421BD0FFE70398006840F28C
:10EE00000041C4F20101884212D0FFE70398006874
:10EE100041F60001C4F20001884209D0FFE70398DF
:10EE2000006844F20001C4F2010188420ED1FFE7FC
:10EE3000009820F0800000900298816800980843B4
:10EE400000900098039909688860FFE70399012002
:10EE500081F83D00FFE70399002081F83C00FFE7BF
:10EE600000208DF81300FFE79DF8130005B07047F0
:10EE700080B582B00090009820B9FFE701208DF89E
:10EE8000070045E0009890F83D0040B9FFE7009981
:10EE9000002081F83C00009800F03EF8FFE7009960
:10EEA000022081F83D00009951F8040B05F008FCA0
:10EEB0000099012081F84800FFE70099012081F8BE
:10EEC0003E00009981F83F00009981F840000099C8
:10EED00081F84100009981F84200009981F84300CF
:10EEE000FFE7FFE70099012081F84400009981F8CD
:10EEF0004500009981F84600009981F84700FFE736
:10EF00000099012081F83D0000208DF80700FFE7FF
:10EF10009DF8070002B080BD80B584B003900398CF
:10EF2000006840F20041C4F20001884219D1FFE7B5
:10EF3000FFE744F2E840C5F60200016841F0020133
:10EF40000160006800F0020002900298FFE71D20B7
:10EF5000019000221146FAF71FFE0198FAF710FE01
:10EF6000FFE704B080BD000083B00190019890F8E5
:10EF70003D00012804D0FFE701208DF80B006BE075
:10EF80000199022081F83D00019800680021C4F237
:10EF9000010188423CD0FFE701980068B0F1804F42
:10EFA00036D0FFE70198006840F20041C4F200014A
:10EFB00088422DD0FFE70198006840F60001C4F2B6
:10EFC0000001884224D0FFE70198006840F6004124
:10EFD000C4F2000188421BD0FFE70198006840F2AC
:10EFE0000041C4F20101884212D0FFE70198006895
:10EFF00041F60001C4F20001884209D0FFE7019800
:10F00000006844F20001C4F20101884219D1FFE70F
:10F010000198006880680721C0F201010840009053
:10F02000009806280CD0FFE70098B0F5803F07D085
:10F03000FFE701980168086840F001000860FFE7F9
:10F0400006E001980168086840F001000860FFE7E9
:10F0500000208DF80B00FFE79DF80B0003B0704710
:10F0600081B00090FFE700980068006A41F211113A
:10F07000C0F21101084210D1FFE700980068006A51
:10F0800040F24441084207D1FFE700980168086850
:10F0900020F001000860FFE7FFE7FFE7009901208B
:10F0A00081F83D00002001B0704700000000000022
:10F0B00080B586B00490039100208DF80B00FFE727
:10F0C000049890F83C00012804D1FFE702208DF855
:10F0D0001700D1E00499012081F83C00FFE7FFE729
:10F0E0000499022081F83D0004980068806801902E
:10F0F00001984FF68871CFF6CE71084001900198C3
:10F1000020F47F4001900198049909688860039871
:10F1100000680090002800F09580FFE70098102814
:10F1200000F09080FFE70098202800F08B80FFE738
:10F130000098302800F08680FFE70098402874D0BF
:10F14000FFE70098502856D0FFE7009860285FD06E
:10F15000FFE7009870282AD0FFE70098B0F5805F9D
:10F1600024D0FFE70098B0F5005F35D0FFE70098A6
:10F17000B0F5801F66D0FFE70098B0F1101F61D096
:10F18000FFE700982021C0F2100188425AD0FFE723
:10F1900000983021C0F21001884253D0FFE7009858
:10F1A0004021C0F2100188424CD052E055E0049852
:10F1B0000068039B5A689968DB6805F055FB049862
:10F1C000006880680190019840F0770001900198F4
:10F1D00004990968886040E004980068039B5A68B5
:10F1E0009968DB6805F040FB04980168886840F482
:10F1F0008040886031E004980068039A5168D268C2
:10F2000005F066FB04980068502105F049FB24E0F6
:10F2100004980068039A5168D26805F0B1FB04981D
:10F220000068602105F03CFB17E004980068039A31
:10F230005168D26805F04CFB04980068402105F045
:10F240002FFB0AE0049800680399096805F028FB81
:10F2500003E001208DF80B00FFE70499012081F8FD
:10F260003D00FFE70499002081F83C00FFE79DF88E
:10F270000B008DF81700FFE79DF8170006B080BD62
:10F2800081B0009001B0704780B584B003900398BE
:10F290000068C068029003980068006901909DF8BA
:10F2A00004008007002824D5FFE79DF808008007A8
:10F2B00000281DD5FFE7039801686FF00200086180
:10F2C000039901200877039800688069800720B1BE
:10F2D000FFE70398FFF7D4FF06E0039800F0FCF87F
:10F2E000039800F0FDF8FFE7039900200877FFE797
:10F2F000FFE79DF804004007002825D5FFE79DF8AB
:10F300000800400700281ED5FFE7039801686FF04A
:10F310000400086103990220087703980068806957
:10F3200010F4407F04D0FFE70398FFF7A9FF06E041
:10F33000039800F0D1F8039800F0D2F8FFE70399A2
:10F3400000200877FFE7FFE79DF80400000700288A
:10F3500024D5FFE79DF80800000700281DD5FFE72A
:10F36000039801686FF0080008610399042008778A
:10F3700003980068C069800720B1FFE70398FFF792
:10F380007FFF06E0039800F0A7F8039800F0A8F8C4
:10F39000FFE7039900200877FFE7FFE79DF80400E7
:10F3A000C006002825D5FFE79DF80800C006002804
:10F3B0001ED5FFE7039801686FF0100008610399FC
:10F3C0000820087703980068C06910F4407F04D0D3
:10F3D000FFE70398FFF754FF06E0039800F07CF87E
:10F3E000039800F07DF8FFE7039900200877FFE716
:10F3F000FFE79DF80400C00778B1FFE79DF808001B
:10F40000C00748B1FFE7039801686FF00100086189
:10F41000039800F069F8FFE7FFE7019800F080002B
:10F42000802806D0FFE79DF805008006002810D54B
:10F43000FFE79DF808000006002809D5FFE70398BC
:10F4400001686FF4025008610398FFF75DFCFFE765
:10F45000FFE79DF80500C00780B1FFE79DF80800B1
:10F460000006002809D5FFE7039801686FF4807053
:10F4700008610398FFF744FCFFE7FFE79DF80400ED
:10F480004006002810D5FFE79DF808004006002838
:10F4900009D5FFE7039801686FF040000861039801
:10F4A00000F032F8FFE7FFE79DF80400800600282F
:10F4B00010D5FFE79DF808008006002809D5FFE772
:10F4C000039801686FF0200008610398FFF720FCA3
:10F4D000FFE7FFE704B080BD81B0009001B0704746
:10F4E00081B0009001B0704781B00090009842F662
:10F4F0001041C2F20241884201D1FFE7FFE701B0AB
:10F50000704700000000000081B0009001B070471B
:10F5100083B00190FFE7019890F88400012804D19E
:10F52000FFE702208DF80B002CE00199012081F803
:10F530008400FFE7FFE701992420C1F888000198C3
:10F5400000680068009001980168086820F00100D8
:10F550000860009820F00050009001990020486653
:10F56000009801990968086001992020C1F8880075
:10F57000FFE70199002081F88400FFE700208DF863
:10F580000B00FFE79DF80B0003B070470000000080
:10F5900080B586B004900391ADF80A200498D0F8A5
:10F5A0008C00202844D1FFE7039820B1FFE7BDF885
:10F5B0000A0020B9FFE701208DF817003CE004990C
:10F5C0000120C86604990020086704980399BDF8D3
:10F5D0000A2006F0BDFF8DF809009DF8090010BB58
:10F5E000FFE70498C06E012818D1FFE7049801686E
:10F5F00010200862FFE7FFE70498006850E8000F5A
:10F6000040F010000190FFE701990498026842E879
:10F6100000100028F0D1FFE7FFE703E001208DF89C
:10F620000900FFE7FFE79DF809008DF8170003E0E8
:10F6300002208DF81700FFE79DF8170006B080BD87
:10F6400080B582B00190ADF80210019842F6F04109
:10F65000C2F20241884205D1FFE7BDF8020007F07F
:10F66000B3F9FFE702B080BD81B0009001B07047F0
:10F6700080B584B002900191FFE7029890F8840071
:10F68000012804D1FFE702208DF80F0032E0029933
:10F69000012081F88400FFE7FFE702992420C1F8E8
:10F6A0008800029800680068009002980168086865
:10F6B00020F00100086002980068806820F0606017
:10F6C00001990843029909688860029805F0B8F921
:10F6D000009802990968086002992020C1F8880002
:10F6E000FFE70299002081F88400FFE700208DF8F1
:10F6F0000F00FFE79DF80F0004B080BD0000000080
:10F7000080B584B002900191FFE7029890F88400E0
:10F71000012804D1FFE702208DF80F0032E00299A2
:10F72000012081F88400FFE7FFE702992420C1F857
:10F7300088000298006800680090029801680868D4
:10F7400020F00100086002980068806820F06040A6
:10F7500001990843029909688860029805F070F9D8
:10F76000009802990968086002992020C1F8880071
:10F77000FFE70299002081F88400FFE700208DF860
:10F780000F00FFE79DF80F0004B080BD00000000EF
:10F7900081B0009001B0704781B0009001B0704717
:10F7A00080B584B00290029820B9FFE701208DF85F
:10F7B0000F0029E002992420C1F88800029801680E
:10F7C0000020019008600299096848600299096860
:10F7D0008860029800F014FC01980299C1F890002A
:10F7E0000299C1F888000299C1F88C000299C86694
:10F7F00002990867FFE70299002081F88400FFE77B
:10F8000000208DF80F00FFE79DF80F0004B080BDC9
:10F8100080B582B001900198006844F20041C4F2C2
:10F820000001884210D1FFE70198016808200862B2
:10F8300042F65C40C2F2024042F63B31C2F2024163
:10F84000012200F041FEFFE702B080BD0000000091
:10F8500080B592B0119011980068C069109011980D
:10F86000006800680F901198006880680E901098EA
:10F8700040F60F0108400D900D98E0B9FFE79DF8A4
:10F8800040008006002815D5FFE79DF83C00800663
:10F89000002806D4FFE79DF83B00C006002809D5E4
:10F8A000FFE71198406F20B1FFE71198416F88473B
:10F8B000FFE74AE3FFE70D98002800F00C81FFE71F
:10F8C0000E980121C1F20001084209D1FFE70F980B
:10F8D00040F22011C0F20041084200F0FC80FFE736
:10F8E0009DF84000C00788B1FFE79DF83D00C007C4
:10F8F00060B1FFE711980168012008621199D1F801
:10F90000900040F00100C1F89000FFE79DF8400032
:10F910008007002811D5FFE79DF83800C00760B1C7
:10F92000FFE711980168022008621199D1F8900050
:10F9300040F00400C1F89000FFE79DF84000400748
:10F94000002811D5FFE79DF83800C00760B1FFE738
:10F9500011980168042008621199D1F8900040F0D4
:10F960000200C1F89000FFE79DF840000007002862
:10F9700019D5FFE79DF83C008006002807D4FFE773
:10F980000E980121C1F2000108420CD0FFE7119846
:10F990000168082008621199D1F8900040F0080031
:10F9A000C1F89000FFE79DF841000007002813D53B
:10F9B000FFE79DF83F00400700280DD5FFE71198AD
:10F9C00001684FF4006008621199D1F8900040F08E
:10F9D0002000C1F89000FFE71198D0F890000028AF
:10F9E00078D0FFE79DF840008006002815D5FFE796
:10F9F0009DF83C008006002806D4FFE79DF83B00F8
:10FA0000C006002809D5FFE71198406F20B1FFE735
:10FA10001198416F8847FFE7FFE71198D0F89000F1
:10FA20000C9011980068806800F04000402806D0D3
:10FA3000FFE79DF8300010F0280F42D0FFE7119843
:10FA400005F0C2FB1198006880684006002833D595
:10FA5000FFE7FFE7FFE71198006850E8020F20F08A
:10FA600040000B90FFE70B991198026842E80210E2
:10FA70000028F0D1FFE7FFE71198D0F88000B0B17F
:10FA8000FFE71198D0F8801044F65950C0F60100F5
:10FA900008651198D0F88000F6F73EFD30B1FFE719
:10FAA0001198D0F88000016D8847FFE703E01198B6
:10FAB000FFF7AEFEFFE703E01198FFF7A9FEFFE7AF
:10FAC00007E01198FFF7A4FE11990020C1F89000FB
:10FAD000FFE7FFE739E21198C06E012840F0D681B8
:10FAE000FFE79DF84000C006002840F1CF81FFE706
:10FAF0009DF83C00C006002840F1C881FFE711983E
:10FB0000016810200862119800688068400600288B
:10FB100040F15A81FFE71198D0F880000068102169
:10FB2000C4F20201884200F0A280FFE71198D0F8E9
:10FB3000800000682821C4F20201884200F097800A
:10FB4000FFE71198D0F8800000684021C4F202015C
:10FB5000884200F08C80FFE71198D0F880000068A0
:10FB60005821C4F20201884200F08180FFE7119819
:10FB7000D0F8800000687021C4F20201884276D07B
:10FB8000FFE71198D0F8800000688821C4F20201D4
:10FB900088426CD0FFE71198D0F880000068A0215F
:10FBA000C4F20201884262D0FFE71198D0F88000C9
:10FBB0000068B821C4F20201884258D0FFE71198CA
:10FBC000D0F88000006840F21041C4F2020188427F
:10FBD0004DD0FFE71198D0F88000006840F228412E
:10FBE000C4F20201884242D0FFE71198D0F88000A9
:10FBF000006840F24041C4F20201884237D0FFE77A
:10FC00001198D0F88000006840F25841C4F2020117
:10FC100088422CD0FFE71198D0F88000006840F2AD
:10FC20007041C4F20201884221D0FFE71198D0F858
:10FC30008000006840F28841C4F20201884216D078
:10FC4000FFE71198D0F88000006840F2A041C4F2AC
:10FC5000020188420BD0FFE71198D0F880000068BD
:10FC600040F2B841C4F20201884207D1FFE711987F
:10FC7000D0F8800000684068019006E01198D0F844
:10FC80008000006840680190FFE70198ADF82A0005
:10FC9000BDF82A0000287BD0FFE7BDF82A001199A3
:10FCA000B1F85C10884273DAFFE7BDF82A001199B9
:10FCB000A1F85E001198D0F88000C069B0F5807F8F
:10FCC00059D0FFE7FFE7FFE71198006850E8000F01
:10FCD00020F480700990FFE709991198026842E8C2
:10FCE00000100028F0D1FFE7FFE7FFE7FFE71198DA
:10FCF000006850E8020F20F001000890FFE7089923
:10FD00001198026842E802100028F0D1FFE7FFE7EF
:10FD1000FFE7FFE71198006850E8020F20F040006D
:10FD20000790FFE707991198026842E8021000283F
:10FD3000F0D1FFE7FFE711992020C1F88C0011995D
:10FD40000020C866FFE7FFE71198006850E8000F41
:10FD500020F010000690FFE706991198026842E82B
:10FD600000100028F0D1FFE7FFE71198D0F88000DD
:10FD7000F5F716FFFFE71199022008671198B0F810
:10FD80005C10B0F85E20891A89B2FFF759FC1AE0BE
:10FD9000BDF82A001199B1F85C10884212D1FFE732
:10FDA0001198D0F88000C069B0F5807F09D1FFE7D5
:10FDB0001199022008671198B0F85C10FFF740FC19
:10FDC000FFE7FFE7FFE7C0E01199B1F85C00B1F889
:10FDD0005E10401AADF816001198B0F85E000028C9
:10FDE00053D0FFE7BDF8160000284ED0FFE7FFE72D
:10FDF000FFE71198006850E8000F20F4907004901D
:10FE0000FFE704991198026842E800100028F0D139
:10FE1000FFE7FFE7FFE7FFE71198006850E8020FF0
:10FE20004FF6FE71CEF6FF7108400390FFE703998D
:10FE30001198026842E802100028EDD1FFE7FFE7C1
:10FE400011992020C1F88C0011990020C8661199E1
:10FE50004867FFE7FFE71198006850E8000F20F0BF
:10FE600010000290FFE702991198026842E8001022
:10FE70000028F0D1FFE7FFE71199022008671198E9
:10FE8000BDF81610FFF7DCFBFFE75EE09DF84200CF
:10FE9000C00600280FD5FFE79DF83A00400600286D
:10FEA00009D5FFE7119801684FF480100862119896
:10FEB000FFF772FC49E09DF840000006002815D5C8
:10FEC000FFE79DF83C000006002806D4FFE79DF8F8
:10FED0003A000006002809D5FFE71198806F20B18D
:10FEE000FFE71198816F8847FFE72EE09DF84000FB
:10FEF000400600280AD5FFE79DF83C004006002890
:10FF000004D5FFE7119805F0AFF91EE09DF8420017
:10FF1000000600280AD5FFE79DF83F0040060028AC
:10FF200004D5FFE71198FFF733FC0EE09DF843007E
:10FF3000C00750B1FFE79DF83F000006002804D538
:10FF4000FFE71198FFF790FBFFE712B080BD0000BC
:10FF500080B582B00090009820B9FFE701208DF8AD
:10FF6000070046E00098806908B1FFE700E0FFE77E
:10FF70000098D0F8880040B9FFE70099002081F888
:10FF80008400009800F09CF8FFE700992420C1F855
:10FF9000880000980168086820F001000860009857
:10FFA000806A20B1FFE7009804F08EFDFFE700981B
:10FFB00005F03AFE012804D1FFE701208DF8070083
:10FFC00017E000980168486820F490404860009865
:10FFD0000168886820F02A00886000980168086835
:10FFE00040F001000860009804F012FE8DF8070050
:10FFF000FFE79DF8070002B080BD00000000000090
:020000040801F1
:1000000080B582B001900198006844F20041C4F2CA
:100010000001884212D1FFE744F2E841C5F602012F
:10002000086820F4003008600020C5F602000C21AA
:10003000F9F74AF92620F9F797FD3CE001980068A6
:1000400044F60001C4F20001884219D1FFE744F2EE
:10005000E841C5F60201086820F48020086040F6F7
:100060000040C5F602004FF44071F9F72DF90198F0
:10007000D0F88000F6F7A8FD2720F9F775FD19E004
:100080000198006841F20041C4F20101884210D198
:10009000FFE744F2F041C5F60201086820F02000B5
:1000A000086040F60000C5F60200C021F9F70CF91F
:1000B000FFE7FFE7FFE702B080BD0000000000009F
:1000C00080B5C2B04190002040903F903E903D905E
:1000D0003C900CA8C021F0F7EEFA4198006844F279
:1000E0000041C4F20001884245D1FFE700200D9095
:1000F00002210C912A900CA8FAF7E2FF18B1FFE751
:10010000F3F77AFEFFE7FFE744F2E840C5F60200A6
:10011000016841F400310160006800F400300B9088
:100120000B98FFE7FFE744F2E040C5F602000168E4
:1001300041F001010160006800F001000A900A9896
:10014000FFE70C203C9002203D90002004903E9060
:100150003F90072040900020C5F602003CA9F9F727
:10016000D7F9049A262005901146F9F715FD059850
:10017000F9F706FDBEE04198006844F60001C4F2BC
:10018000000188426FD1FFE700200D9002210C9101
:100190002A900CA8FAF794FF18B1FFE7F3F72CFEAA
:1001A000FFE7FFE744F2E840C5F60200016841F4CA
:1001B00080210160006800F4802009900998FFE721
:1001C000FFE744F2E040C5F60200016841F0080193
:1001D0000160006800F0080008900898FFE74FF4FD
:1001E00040703C9002203D90002002903E903F9055
:1001F0000720409040F60040C5F602003CA9F9F700
:1002000087F9029942F6C020C2F202400390102200
:10021000C4F2020202602D2242608160C1604FF48C
:100220008062026141618161C16101624162F7F7EF
:10023000F3FF18B1FFE7F3F7DFFDFFE7FFE74198B2
:1002400042F6C021C2F20241C0F880104198886392
:10025000FFE72720019000221146F9F79DFC019845
:10026000F9F78EFC45E04198006841F20041C4F284
:10027000010188423CD1FFE700200D9001210C9143
:100280002B900CA8FAF71CFF18B1FFE7F3F7B4FDA9
:10029000FFE7FFE744F2F040C5F60200016841F0D5
:1002A00020010160006800F0200007900798FFE738
:1002B000FFE744F2E040C5F60200016841F00401A6
:1002C0000160006800F0040006900698FFE7C02077
:1002D0003C9002203D9000203E903F9007204090AF
:1002E00040F60000C5F602003CA9F9F711F9FFE756
:1002F000FFE7FFE742B080BD80B58AB00890079164
:10030000ADF81A2005930898D0F88C00202840F00A
:10031000D280FFE7079820B1FFE7BDF81A0020B9A7
:10032000FFE701208DF82700C9E008990020C1F8F7
:100330009000089A2221C2F88C100899C866F9F733
:10034000F7FA0190BDF81A000899A1F85C00BDF811
:100350001A000899A1F85E00FFE708988068B0F5D8
:10036000805F10D1FFE70898006930B9FFE708996E
:1003700040F2FF10A1F8600004E00899FF20A1F806
:100380006000FFE72EE00898806878B9FFE70898DA
:10039000006928B9FFE70899FF20A1F8600004E090
:1003A00008997F20A1F86000FFE71AE008988068AC
:1003B000B0F1805F0FD1FFE70898006928B9FFE727
:1003C00008997F20A1F8600004E008993F20A1F877
:1003D0006000FFE704E008990020A1F86000FFE753
:1003E000FFE7FFE7FFE70898B0F86000ADF80A0004
:1003F00008988068B0F5805F09D1FFE70898006928
:1004000028B9FFE7002004900798039004E00798BC
:10041000049000200390FFE7FFE70898B0F85E0023
:10042000002840D0FFE70898019B05996A461160B3
:100430002021002206F038FA40B1FFE70899202079
:10044000C1F88C0003208DF8270038E0049860B9CB
:10045000FFE708980068406ABDF80A100840039951
:1004600008800398023003900BE008980068406A07
:100470009DF80A100840049908700498013004900F
:10048000FFE70898D0F88C00222807D1FFE70899E9
:10049000B1F85E000138A1F85E0003E001208DF89C
:1004A00027000CE0B9E708992020C1F88C00002053
:1004B0008DF8270003E002208DF82700FFE79DF864
:1004C00027000AB080BD000080B586B0049003917B
:1004D000ADF80A200498D0F88C0020283CD1FFE722
:1004E000039820B1FFE7BDF80A0020B9FFE701201B
:1004F0008DF8170034E004990020C866049800685D
:1005000040F60041C5F6000188421CD0FFE7049880
:10051000006840680002002814D5FFE7FFE7FFE706
:100520000498006850E8000F40F080600190FFE7F9
:1005300001990498026842E800100028F0D1FFE712
:10054000FFE7FFE7FFE704980399BDF80A2006F0EC
:1005500097F88DF8170003E002208DF81700FFE7E9
:100560009DF8170006B080BD80B582B0019001985B
:10057000006844F20041C4F2000188423AD1FFE72A
:1005800042F63930C2F202400078013000F03F00FC
:100590008DF803009DF8030042F68631C2F2024155
:1005A000097888420AD1FFE742F68631C2F2024159
:1005B0000878013000F03F000870FFE742F63B3159
:1005C000C2F20241087842F63932C2F2024292F88F
:1005D00000C042F64633C2F2024303F80C009DF815
:1005E0000300107042F65C40C2F202400122FFF7A5
:1005F0006BFFFFE702B080BD81B0009001B0704793
:1006000080B58AB008900791ADF81A200593089834
:10061000D0F88800202840F09580FFE7079820B1A7
:10062000FFE7BDF81A0020B9FFE701208DF8270089
:100630008CE008990020C1F8900008992120C1F8A9
:100640008800F9F775F90290BDF81A000899A1F829
:100650005400BDF81A000899A1F85600089880685F
:10066000B0F5805F09D1FFE70898006928B9FFE776
:10067000002004900798039004E00798049000205D
:100680000390FFE7FFE70898B0F8560000283ED037
:10069000FFE70898029B05996A46116080210022B5
:1006A00006F002F940B1FFE708992020C1F8880060
:1006B00003208DF8270049E0049858B9FFE7039814
:1006C00000886FF35F2008990968886203980230F8
:1006D000039008E0049800780899096888620498F3
:1006E00001300490FFE70898D0F8880000F021005E
:1006F000212807D1FFE70899B1F856000138A1F881
:10070000560003E001208DF827001FE0BBE70898A2
:10071000029B05996A4611604021002206F0C4F848
:1007200040B1FFE708992020C1F8880003208DF828
:1007300027000BE008992020C1F8880000208DF8E0
:10074000270003E002208DF82700FFE79DF827002F
:100750000AB080BD0000000081B0009001B0704779
:1007600080B582B04FF4FA70F8F78AFD4FF4165056
:1007700001F0B2FA40F24E60C0F6020001F080FAD9
:1007800050200190F8F77CFD4FF4E13001F0A4FA1D
:100790000198F8F775FD40F25A60C0F6020001F0CA
:1007A0006FFA40F26260C0F6020001F069FA40F2AE
:1007B0006E60C0F6020001F063FA2820F8F760FDD1
:1007C00040F27C60C0F6020001F05AFA42F639317C
:1007D000C2F202410020087042F68631C2F20241A4
:1007E0000870262006F004FA0146002918BF0121EE
:1007F00042F63C30C2F202400170007860B1FFE77F
:1008000042F65C40C2F2024042F63B31C2F2024183
:100810000122FFF759FEFFE701F0D6F900F008FDCD
:1008200040F2C770C0F6020000F046F802B080BD8A
:1008300080B582B042F63C30C2F20240007828B364
:10084000FFE7FFE742F68630C2F20240007842F648
:100850003931C2F202410978884216D0FFE742F6E8
:100860008631C2F202410A7842F64630C2F20240B4
:10087000805C8DF807000878013000F03F000870B8
:100880009DF8070001F0D0F8DCE711E0FFE742F641
:100890005C40C2F202400DF1070101220023FFF784
:1008A0002BFD28B9FFE79DF8070001F0BDF8EEE742
:1008B00002B080BD0000000080B58EB00D900D9894
:1008C0000C9043F23870ADF82E000D9840F2435171
:1008D000C0F60201EFF718FF48B1FFE70D9840F2AC
:1008E0007271C0F60201EFF70FFF50B9FFE740F257
:1008F0007270C0F602000C904FF6ED20ADF82E009D
:100900001FE00D9840F2A161C0F60201EFF7FCFE76
:1009100030B9FFE740F2C770C0F602000C900FE05C
:100920000D9840F29061C0F60201EFF7EDFE30B98C
:10093000FFE740F23A70C0F602000C90FFE7FFE7D5
:10094000FFE7694640F606100A90086040F25A3008
:10095000069012210791922208922623099301F012
:1009600033F806980799089A099BBDF82EC0EE4601
:10097000CEF800C000F0B8FABDF82E304FF45B702E
:100980002521052200F09CF90A980C9A69460A6113
:100990000022CA6088604FF6FF704860022008603D
:1009A00040F27A3019216E22182300F0ADFE0EB00D
:1009B00080BD00000000000010B5A4B0239022917B
:1009C0002192239838B1FFE7229820B1FFE72198C0
:1009D000012801D8FFE76EE1694640F6C500119095
:1009E000086040F22A3012909821A0220F9226230C
:1009F0000C9300F0E9FF239890ED030AB7EEC00ACC
:100A0000684680ED000B40F29962C0F602020B923C
:100A100015AC30210D912046EFF7BAFDDDF844C04A
:100A20000F9A12986B461C6102210E91D960C3F88F
:100A300008C042F2986CC3F804C0196097212823BB
:100A4000109300F061FE0C9B119912980F9AEC46DE
:100A5000CCF80010DE2100F0B7FF0B9A0D99239817
:100A600090ED040AB7EEC00A684680ED000B204600
:100A7000EFF78EFD0E990F9A109BDDF844E0129867
:100A8000EC46CCF81040CCF80C10CCF808E045F659
:100A90009F5ECCF804E0CCF80010DD2100F034FEBD
:100AA0000C9B119912980F9AEC46CCF800104FF459
:100AB000927100F089FF0D99239890ED020A9FED45
:100AC0007F1A80EE010AB7EEC00A684680ED000B7F
:100AD00040F23172C0F602022046EFF759FD0E993E
:100AE0000F9A109BDDF844E01298EC46CCF81040C9
:100AF000CCF80C10CCF808E04FF22B6ECCF804E0E8
:100B0000CCF8001040F2231100F0FEFD694640F6DB
:100B1000061008604FF42A7040F2CF114FF498721B
:100B2000692300F051FF00201490FFE71498022879
:100B300000F2B380FFE7149800EB00114FF4E97066
:100B400000EB4100ADF84E0014982399097D8842CE
:100B500080F08480FFE72398149900EB0110037E56
:100B600040F28272C0F6020215AC0994302106915F
:100B70002046EFF70DFDBDF84E106A4614610120C6
:100B80000590D06040F60610079090604FF6FF7019
:100B9000506002200A90106040F2B22034221C23E0
:100BA000089300F0B1FD06992398149A00EB021007
:100BB00090ED070A9FED411A80EE010AB7EEC00AD8
:100BC000684680ED000B40F22872C0F60202204613
:100BD000EFF7DEFCDDF81CC0089BDDF814E00A9896
:100BE000BDF84E106A461461C2F80CE0C2F808C0A5
:100BF00045F69F5CC2F804C0106040F2F6207E22E9
:100C000000F082FD06990998239A149B02EB0312C7
:100C100092ED080AB7EEC00A6A4682ED000B40F278
:100C20009962C0F60202EFF7B3FCDDF81CC0089B26
:100C3000DDF824E00A98BDF84E106A46C2F810E0CC
:100C4000D060C2F808C04FF22B6CC2F804C010602C
:100C50004FF45D70642200F057FD19E0BDF84E10AE
:100C600040F24260C0F602006A4610610120D06086
:100C700040F60610906049F2B240506002201060C9
:100C800040F2B2204FF491721C2300F03DFDFFE7CB
:100C9000FFE714980130149048E72298219900F05A
:100CA000F3FD239800F054F940F23A70C0F60200C8
:100CB000FFF702FEFFE724B010BD00BF00007A443A
:100CC00080B590B0ADF83E00ADF83C10ADF83A20DC
:100CD000ADF83830BDF83E30BDF83C00BDF83A20E4
:100CE000BDF838C06946C1F808C04A60086040F2E3
:100CF000DB62C0F6020204A803902821EFF748FC4B
:100D0000039800F0BDFF10B080BD0000000000009F
:100D100080B594B084461698ADF84EC0ADF84C102E
:100D2000ADF84A20ADF84830ADF84600BDF84E3079
:100D3000BDF84C00BDF84A20BDF848C0BDF846E0FB
:100D40006946C1F80CE0C1F808C04A60086040F28A
:100D5000EC62C0F602020DF1160004903021EFF7AC
:100D600017FC049800F08CFF14B080BD0000000058
:100D7000F0B593B042F29860ADF84A0041F6CA105F
:100D8000ADF8480040F21801C2F2004110910A7813
:100D900040F60610012A024608BF40F6C502ADF82B
:100DA00046200978032908BF40F6C500ADF8440085
:100DB000BDF84600694608604FF4D77067210D9171
:100DC00060220E9222230F9300F0FEFD0D990E9AE1
:100DD0000F9BBDF84400EC46CCF800004FF40670C1
:100DE00000F0F2FD10980078012804D1FFE7BDF86B
:100DF0004A000C9003E0BDF848000C90FFE70C9807
:100E000080B2694608604FF4D770672160222223C0
:100E100000F06AF840F21800C2F20040007803289F
:100E200004D1FFE7BDF84A000B9003E0BDF848008D
:100E30000B90FFE70B9880B2694608604FF406708C
:100E40000690672160220892222300F04DF8089A4C
:100E500040F21800C2F200400A90007849F2B24411
:100E60000128204608BF4FF6FF70BDF8463040F21B
:100E7000997CC0F6020C6946C1F810C00126CE600C
:100E80008B6048600220059008604FF4D7706B219A
:100E900007911823099300F037FCDDF814C0069879
:100EA0000799089A099BDDF828E09EF800E0BEF15A
:100EB000030F08BF4FF6FF74BDF8445040F29F7710
:100EC000C0F60207EE46CEF81070CEF80C60CEF8F1
:100ED0000850CEF80440CEF800C000F015FC13B066
:100EE000F0BD00000000000080B594B08446169864
:100EF000ADF84EC0ADF84C10ADF84A20ADF8483012
:100F0000ADF84600BDF84E30BDF84CC0BDF84A0003
:100F10001844013880B2BDF84810614401398AB2E2
:100F2000BDF846E06946C1F80CE0C1F800C08A602F
:100F3000486040F21472C0F602020DF116000490EF
:100F40003021EFF725FB049800F09AFE14B080BD25
:100F500080B58AB0099000200390089000F0F8F85E
:100F600003980790FFE707980999097D88421AD2EC
:100F7000FFE70998079900EB011090ED080A9DED35
:100F8000081AB4EE410AF1EE10FA07DDFFE70998FE
:100F9000079900EB0110006A0890FFE7FFE7079848
:100FA00001300790DFE79DED080AB5EE400AF1EE4B
:100FB00010FA01DCFFE7BEE000200790FFE707988A
:100FC0000999097D884280F0B680FFE70998079962
:100FD00000EB0110C069069040F23D20ADF816000C
:100FE00040F21F20ADF810009DED060AB5EE400A54
:100FF000F1EE10FA0ADBFFE79DED060A9FED4F1AAE
:10100000B4EE410AF1EE10FA01DDFFE78FE09DED4D
:10101000060A9FED4B1AB4EE410AF1EE10FA06DD16
:10102000FFE742F20040C4F6F4000690FFE79DEDB2
:10103000060ABDF8160001EE100AB8EEC11A20EE3D
:10104000010A9FED3F1A80EE010A9FED3E1A30EE35
:10105000010ABCEEC00A10EE100AADF81400BDF88B
:10106000100000EE100AB8EEC00A0998079900EBCC
:10107000011090ED081A9FED342A21EE021A9DED21
:10108000082A81EE021A30EE010ABCEEC00A10EE08
:10109000100AADF81200BDF814000238BDF81010A7
:1010A000BDF81230EC464FF22B620292CCF80020D1
:1010B00082B21046FFF72CFE029ABDF814000138E8
:1010C000BDF81010BDF81230EC46CCF8002082B20A
:1010D0001046FFF71DFE0298BDF81420BDF8101051
:1010E000BDF81230EC46CCF800001046FFF710FEB9
:1010F000029ABDF814000130BDF81010BDF812308E
:10110000EC46CCF8002082B21046FFF701FE029AAE
:10111000BDF814000230BDF81010BDF81230EC46D6
:10112000CCF8002082B21046FFF7F2FDFFE70798E7
:101130000130079043E70AB080BD00BF00A1F4482A
:101140000024F44800002C420000B8C20000000057
:1011500080B588B06946C42008602820029040F21B
:10116000B31103914FF4117204927823059300F0A8
:101170002BFC02980399049A059BEE4641F6CA1C83
:10118000CEF800C0FFF7B0FE0120ADF81E00FFE76B
:10119000BDF81E00042822D8FFE7BDF81E004FF45A
:1011A0001171484343F23431C3F23331A0FB0110D3
:1011B0002830ADF81C00BDF81C20694640F62A50C6
:1011C000086040F2B31140F22A231046FFF7A0FD59
:1011D000FFE7BDF81E000130ADF81E00D8E7012082
:1011E000ADF81E00FFE7BDF81E0003281ED8FFE77C
:1011F000BDF81E00C0EB0010C10040F2B31000EBC0
:101200009100ADF81A00BDF81A30694640F62A5030
:101210000860282040F26B221946FFF779FDFFE7AE
:10122000BDF81E000130ADF81E00DCE708B080BD3F
:10123000F0B5B3B040F28860C0F6020000F020FDC7
:10124000684640F606141194046000262D964FF46B
:10125000806248233046314600F0B6FB694641F6CD
:10126000CA101D90086040F2FF32472330461946ED
:10127000FFF74EFD1F2023210E2242F298631493A4
:10128000FFF71EFD40F25D70C0F60200694608617E
:10129000CE608C604FF6FF754D600220289008608C
:1012A000372012900C214FF4FA72139226231893D0
:1012B00000F02AFA1298139A289940F2A57CC0F6F9
:1012C000020C6B46C3F810C0DE609C6049F2B24C61
:1012D000CDF8B0C0C3F804C019602C2118232B939B
:1012E00000F012FA189B6846046040F25A301590DC
:1012F000122116919222179200F066FBDDF850C081
:1013000015981699179A189BEE46CEF800C0FFF76D
:10131000EBFD4FF45B702521052243F23873FFF794
:10132000CFFC28982B9B40F23F72C0F60202694620
:101330000A61CE608C604D60086040F27A301921FD
:101340006E2200F0E1F96846046014201B905C21D5
:1013500019914FF41B721C924FF487731A9300F08B
:1013600033FB19991A9B1B981C9ADDF874C0EE4642
:10137000CEF800C0FFF7B8FD19991A9B68460460C3
:101380004FF425701E904FF4AC72209200F01CFBBD
:1013900019991A9BDDF874C01E98209AEE46CEF873
:1013A00000C0FFF7A1FD1B981C9A69460C604FF422
:1013B000BF711F91C623219300F006FB1B981C9A56
:1013C000DDF874C01F99219BEE46CEF800C0FFF7F0
:1013D0008BFD1E981F99209A219BEC46CCF800406B
:1013E00000F0F2FADDF874C01E981F99209A219B34
:1013F000EE46CEF800C0FFF777FD289840F28772DE
:10140000C0F6020269460A61CE608C604D600860D9
:101410002820229067212391F0221E23279300F099
:1014200073F92298279B289940F2907CC0F6020C11
:101430006A46C2F810C0D66094605560116040F2F0
:10144000891125914FF4967200F05EF92399279B3C
:10145000289840F2CC7CC0F6020C6A46C2F810C054
:10146000D6609460556010604FF42A7024904FF459
:101470008C72269200F048F924982599269A279B89
:10148000DDF8A0C040F25477C0F60207EE46CEF871
:101490001070CEF80C60CEF80840CEF80450CEF8AC
:1014A00000C000F031F900F077F9FFF751FEFFF7C7
:1014B0005FFC2C9A28982B9BDDF8B4C040F2966E06
:1014C000C0F6020E6946C1F810E0C1F80CC08C608D
:1014D0004A6008602A202A9040F24F112991502238
:1014E00000F012F9289829992A9A2B9BDDF8B0E090
:1014F00040F2D965C0F60205EC46CCF81050CCF8A5
:101500000C00CCF80840CCF804E0CCF8000040F225
:101510003F2000F0F9F82D98ADF8CA00FFE7BDF8BC
:10152000CA0005282FD8FFE7BDF8CA00642100FBD8
:1015300001F340F2B562C0F602020DF1BA0010905C
:101540001021EFF725F81099BDF8CA007422504316
:1015500023306A4611610121D16040F60611916085
:1015600049F2B24151600221116080B24FF40B7117
:101570003222182300F0C8F8FFE7BDF8CA00013096
:10158000ADF8CA00CBE7684640F6C5050F95056083
:101590004FF42A7009908C214FF498720A923A23E2
:1015A000069300F011FA069B09980A9A69460D60A5
:1015B000D22100F009FA069B09980A9A69460D6043
:1015C0004FF48C7100F000FA40F24D70C0F602004A
:1015D000694608610024CC608D6049F2B2400B90EE
:1015E000486002200C90086040F2B62007909221DB
:1015F0007422089218230E9300F086F80798089A30
:101600000C990E9BDDF82CE040F24476C0F6020601
:10161000EC46CCF81060CCF80C40CCF80850CCF874
:1016200004E0CCF80010D82100F06EF80798089A72
:101630000C990E9BDDF82CE040F27976C0F602069C
:10164000EC46CCF81060CCF80C40CCF80850CCF844
:1016500004E0CCF800104FF48F7100F055F80998B1
:101660000A9A0F996B4619604FF4D7711E2300F048
:10167000ABF9DDF83CC00B9A0C980E9B40F2D57E7E
:10168000C0F6020E6946C1F810E0CC60C1F808C08F
:101690004A6008604FF42C7040F2B1110D913C2269
:1016A00000F032F8DDF82CC00C980D990E9BDDF897
:1016B0003CE040F27D75C0F602056A461561D460D3
:1016C000C2F808E0C2F804C010604FF440706E2207
:1016D00000F01AF8DDF82CC00C980D990E9BDDF87F
:1016E0003CE040F24F75C0F602056A461561D460D1
:1016F000C2F808E0C2F804C0106040F28A3042220A
:1017000000F002F833B0F0BDF0B5B9B09C46964693
:101710000C4605464298419840993F9A3E9BADF849
:10172000E250ADF8E040ADF8DEE0ADF8DCC08DF899
:10173000DB30ADF8D820ADF8D6108DF8D500BDF867
:10174000E230BDF8E000BDF8DE20BDF8DCC09DF859
:10175000DBE0BDF8D840BDF8D6509DF8D560429F7B
:101760006946CF618E614D610C61C1F80CE0C1F832
:1017700008C04A60086040F21C62C0F602020DF127
:1017800025000890B021EEF703FF089800F078FAE2
:1017900039B0F0BD0000000080B588B06946C420B3
:1017A000086028200290912103914FF41172049255
:1017B000BE23059300F008F902980399049A059B4B
:1017C000EE4641F6CA1CCEF800C0FFF78DFB0120A3
:1017D000ADF81E00FFE7BDF81E0007281DD8FFE783
:1017E000BDF81E004FF411714143282000EBD100D9
:1017F000ADF81C00BDF81C20694640F62A50086070
:1018000091214FF4A7731046FFF782FAFFE7BDF866
:101810001E000130ADF81E00DDE70120ADF81E000E
:10182000FFE7BDF81E00052820D8FFE7BDF81E0021
:10183000BE2148434AF6AB21C2F6AA21A0FB011003
:101840009130ADF81A00BDF81A30694640F62A50BA
:101850000860282040F26B221946FFF759FAFFE78B
:10186000BDF81E000130ADF81E00DAE7694641F60A
:10187000CA100860282040F26B22F0231946FFF7B7
:1018800047FA08B080BD000080B58AB00990089181
:1018900009980088ADF81E0009980088ADF81C0072
:1018A0002820ADF8120001200590FFE7059808995F
:1018B000884225D2FFE70998059930F91100BDF952
:1018C0001E10884207DAFFE70998059930F81100E1
:1018D000ADF81E00FFE70998059930F91100BDF930
:1018E0001C10884207DDFFE70998059930F81100C0
:1018F000ADF81C00FFE7FFE7059801300590D5E73C
:10190000FFF74AFFBDF91C00BDF91E10401A0690F2
:1019100006980F280CDCFFE7694642F298600860E1
:10192000282040F26B22F0231946FFF7F1F948E036
:101930000998B0F90000BDF91E10069A00F068F988
:10194000ADF8100005200590FFE705988008902865
:1019500037D8FFE7059808990139484346F20B311B
:10196000CEF26021A0FB0110400A039005982830B8
:10197000ADF80A000998039930F91100BDF91E105D
:10198000069A00F045F9ADF80800BDF81200BDF860
:101990001010BDF80A20BDF80830EE4642F2986CEF
:1019A000CEF800C0FFF7B4F9BDF80A00ADF8120098
:1019B000BDF80800ADF81000FFE705980530059068
:1019C000C3E70AB080BD000080B594B08446169885
:1019D000ADF84EC0ADF84C10ADF84A20ADF8483027
:1019E000ADF84600BDF84E30BDF84C00BDF84A20B9
:1019F000BDF848C0BDF846E06946C1F80CE0C1F842
:101A000008C04A60086040F20072C0F602020DF1A0
:101A1000160004903021EEF7BBFD049800F030F979
:101A200014B080BD0000000080B582B08DF80700C2
:101A300042F63830C2F202400078C8B1FFE742F601
:101A40003831C2F20241002008709DF807003128A9
:101A500004D1FFE7012000F0F3F84CE09DF8070007
:101A6000332804D1FFE7032000F0EAF843E0FFE762
:101A70009DF80700412807D1FFE742F63831C2F24E
:101A800002410120087036E042F63A30C2F20240CC
:101A90000078A8B9FFE79DF8070067280FD1FFE796
:101AA0009DF8070042F63A33C2F202431A78511CFD
:101AB000197042F63D31C2F202418854FFE71AE044
:101AC0009DF8071042F63A30C2F2024003785A1CE1
:101AD000027042F63D32C2F20242D1540078092827
:101AE00009D1FFE700F00CF842F63A31C2F20241A8
:101AF00000200870FFE702B080BD00000000000079
:101B000080B582B042F63D30C2F2024000786728CC
:101B100018D1FFE742F63D30C2F202408079FF283B
:101B200010D1FFE742F63D30C2F20240C079FF28F3
:101B300008D1FFE742F63D30C2F20240007AFF28AA
:101B400001D0FFE73CE042F63D30C2F2024042786D
:101B5000817841EA0221ADF80610C178007940EAA7
:101B60000120ADF80400BDF80400642828D3FFE785
:101B7000BDF804008C2823D8FFE7BDF80600B0F5B7
:101B8000D47F0AD9FFE7BDF806008008842804D86E
:101B9000FFE7012000F054F811E0BDF80600B0F5B1
:101BA000057F0BD3FFE7BDF8060040F27D21884298
:101BB00004D8FFE7032000F043F8FFE7FFE7FFE763
:101BC00002B080BD0000000080B58AB00020019006
:101BD000FFE701980A2818D8FFE701994AF2484020
:101BE000C0F6010050F8213040F24562C0F6020212
:101BF00002A800902021EEF7CBFC009800F040F8FE
:101C0000FFE7019801300190E3E70AB080BD0000D2
:101C100083B0ADF80A00ADF808100192BDF90A00D2
:101C2000BDF90810401AA62148430199B0FBF1F014
:101C30000090009940F24310401A00B203B0704780
:101C400080B582B08DF807009DF80700012805D007
:101C5000FFE79DF8070003280ED1FFE79DF8070076
:101C600040F21801C2F2004108709DF8070002F02E
:101C7000E7F9FFF77DF8FFE702B080BD0000000044
:101C800080B582B0019001980090EEF7A1FC01466A
:101C9000009889B200F00CF84AF27440C0F60100D6
:101CA000032100F005F802B080BD00000000000034
:101CB00080B582B00190ADF802100199BDF8022004
:101CC00042F65C40C2F202405023FEF799FC02B09B
:101CD00080BD00000000000080B582B0019042F697
:101CE0005C40C2F202400090FDF75AFD0098019955
:101CF0004160FEF72DF902B080BD00000000000039
:101D0000FFE7FEE70000000080B5CAB08DED490A8C
:101D100048904791469247984000013006900EA89F
:101D2000E021EEF7C8FC00200590FFE705990020B0
:101D3000B0EB113F40F09980FFE79DED050AB8EE4A
:101D4000400A9FED4D1A80EE010A8DED020A4FF018
:101D50007E50079000200490FFE70498479988423E
:101D600033D2FFE79DED490A9FED441A20EE010AA8
:101D70004898049901EB410100EB8100007A01EEE3
:101D8000100AB8EE411A20EE010A9DED021A20EE6B
:101D9000010A8DED010A9DED010A08F01FF8049972
:101DA00007A8009000EBC10080ED010A9DED010A3B
:101DB00008F0BCF80098049900EBC10080ED020A1D
:101DC000FFE7049801300490C7E700200490FFE784
:101DD00004980699884243D2FFE7049907A800EBCC
:101DE000810090ED001A059A4AF2CC30C2F2004010
:101DF00000EB820090ED002A0EA800EB411006993E
:101E000000EB810090ED000AA1EE020A80ED000ACD
:101E100000200390FFE70398069988421BD2FFE752
:101E2000049A07A800EB820191ED001A039900EBD8
:101E3000810090ED002A0EA800EB421000EB81001B
:101E400090ED000AA1EE020A80ED000AFFE7039878
:101E500001300390DFE7FFE7049801300490B7E713
:101E6000FFE705980130059060E70699469A0EA8AD
:101E700002F0F6F84AB080BD286BEE49DB0FC9408E
:101E800081B00090009880684FF6C071C7F6FF716E
:101E9000084002300099886001B0704700000000DF
:101EA00081B00090009988684FF6C072C5F6FF7245
:101EB0001040886001B0704781B000900098806841
:101EC0004FF6C071C7F6FF71084001300099886075
:101ED00001B070470000000081B000900098806859
:101EE00040F080504FF6C071C7F6FF71084000996E
:101EF000886001B07047000081B000900098806851
:101F000000F0E07001B0704781B0009000988068E8
:101F100000F4404001B0704781B0009000988068A4
:101F200000F01F0001B0704781B0009000988068F9
:101F3000C0F3C00001B0704781B000900098C06C41
:101F400000F4C070B0FA80F0400901B070470000A2
:101F500081B00090009880684FF6C071C7F6FF719D
:101F6000084020300099886001B0704700000000F0
:101F700081B0009000988068C0F3407001B0704755
:101F800081B0009000988068C0F3400001B07047B5
:101F900081B000900098806800F0010001B07047A7
:101FA00081B000900098806800F0010001B0704797
:101FB00081B0009000988068C0F3007001B0704755
:101FC00081B0009000988068C0F3800001B0704735
:101FD00081B0009000988068C0F3800001B0704725
:101FE00081B000900098C06800F44060B0FA80F0C2
:101FF000400901B07047000082B001900091019843
:10200000C06820F00300009908430199C86002B03D
:10201000704700000000000084B00390029101921C
:102020000398029901F4407100EB91103030009058
:1020300000980068029901F01F021F219140884317
:102040000199C1F38461914008430099086004B08C
:10205000704700000000000081B000900098806888
:102060004FF6C071C7F6FF710840043000998860D0
:1020700001B070470000000081B0009000988068B7
:102080004FF6C071C7F6FF710840103000998860A4
:1020900001B070470000000085B0029001910198E6
:1020A000000328B9FFE70198C0F38460009014E0B2
:1020B000019890FAA0F00390039820B9FFE7202040
:1020C0008DF8130005E00398B0FA80F08DF8130046
:1020D000FFE79DF813000090FFE7009800F01F0154
:1020E000012000FA01F20299C8691043C86105B0E5
:1020F000704700000000000084B00390029101923C
:102100000398029901F0007100EBD1501430009057
:10211000009800680299C1F3045207219140884356
:102120000199914008430099086004B0704700008D
:1021300083B00290019100920298D0F8C0000199FA
:102140006FF31F518843009A02F018034FF6FF7295
:10215000C0F20F02DA40114008440299C1F8C000F1
:1021600003B070470000000082B001900091019818
:10217000806820F47C10009908430199886002B0BF
:10218000704700000000000082B0019000910198AB
:10219000806820F0E070009908430199886002B0DF
:1021A000704700000000000083B00290019100928F
:1021B0000298006920F4F0400099019A02F01F0291
:1021C000914008430299086103B070470000000085
:1021D00085B004900391029201930498039900EB57
:1021E0008100603000900098006800F00040029983
:1021F00001F0F841019A114308430099086005B0C5
:10220000704700000000000084B00390029101922A
:102210000398029900EB81006030009000980068FC
:1022200020F00040019908430099086004B070470D
:1022300080B586B000200190059004900390029034
:10224000F7F752FC019801218DF808108DF809006C
:1022500003901F228DF8102087228DF811208DF811
:1022600012008DF813008DF814108DF815108DF8EC
:1022700016008DF8170002A8F7F7F6FB0420F7F711
:1022800047FC06B080BD000080B58CB000220092F3
:102290000B920A9209920892079206920592049272
:1022A0000392029242F6F400C2F20240019042F21E
:1022B0000001C4F20201016042608260C260042138
:1022C0000161027542750121816102774FF49063CB
:1022D00043624FF480638362C1620263426380F8A9
:1022E0003820C163F3F780F818B1FFE7F1F784FDF8
:1022F000FFE70020099042F6F400C2F2024009A96B
:10230000F2F72AF818B1FFE7F1F776FDFFE7802032
:10231000C1F650500290062003900020049040F235
:10232000FF7105910421069107908DF8210042F676
:10233000F400C2F2024002A9F2F75AF918B1FFE71D
:10234000F1F75AFDFFE70CB080BD0000000000006F
:1023500080B588B0FFE744F2D840C5F602000168B6
:1023600041F001010160006800F00100079007984A
:10237000FFE70B200190002205921146F7F70CFCB5
:102380000198F7F7FDFB059A0C2002901146F7F72C
:1023900003FC0298F7F7F4FB059A0D200390012146
:1023A0000491F7F7F9FB0398F7F7EAFB0499059A0C
:1023B0000E200690F7F7F0FB0698F7F7E1FB08B060
:1023C00080BD00000000000080B58EB000200D90A0
:1023D0000C900B900A900990FFE744F2E040C5F69C
:1023E0000200016841F080010160006800F0800097
:1023F00008900898FFE7FFE744F2E040C5F60200C6
:10240000016841F001010160006800F001000790DF
:102410000798FFE7FFE744F2E040C5F602000168D5
:1024200041F002010160006800F002000690069889
:10243000FFE7FFE744F2E040C5F60200016841F023
:1024400008010160006800F0080005900598FFE7AA
:10245000FFE744F2E040C5F60200016841F00401E4
:102460000160006800F0040004900498FFE740F663
:102470000000C5F602000390402101910122029262
:10248000F7F736FA019A0299039809920A910B918B
:1024900003210C9109A9F7F73BF80EB080BD0000AD
:1024A00080B582B042F68830C2F20240009043F616
:1024B0000041C4F2000101604FF48001416000213D
:1024C000019181600F22C2604FF000720261416190
:1024D0004FF0806282614FF04052C26101624162FE
:1024E0008162C16241638163C1630164416481644B
:1024F000C16401654FF0004242658165FBF710FA47
:1025000018B1FFE7F1F778FCFFE702B080BD0000EB
:1025100080B588B000210091079106910591049142
:1025200003910291019142F61040C2F2024040F242
:102530000042C4F200020260416081607422C26005
:10254000016180218161FCF793FC18B1FFE7F1F78D
:1025500053FCFFE74FF48050049042F61040C2F263
:10256000024004A9FCF7A4FD18B1FFE7F1F744FC11
:10257000FFE7202001900020039042F61040C2F2B5
:10258000024001A9FCF7C8FB18B1FFE7F1F734FCE2
:10259000FFE708B080BD000080B582B042F65C4025
:1025A000C2F20240009044F20041C4F20001016016
:1025B0004FF4E1314160002101918160C16001610E
:1025C0000C2242618161C161016241628162FDF759
:1025D000BFFC18B1FFE7F1F70FFCFFE742F65C40E4
:1025E000C2F202400021FDF78BF818B1FFE7F1F7C6
:1025F00003FCFFE742F65C40C2F202400021FDF717
:1026000037F818B1FFE7F1F7F7FBFFE742F65C4058
:10261000C2F20240FCF77CFF18B1FFE7F1F7ECFBD8
:10262000FFE702B080BD000080B582B042F6F04006
:10263000C2F20240009044F60001C4F200010160C1
:102640004FF461314160002101918160C1600161FD
:102650000C2242618161C161016241628162FDF7C8
:1026600077FC18B1FFE7F1F7C7FBFFE742F6F04050
:10267000C2F202400021FDF743F818B1FFE7F1F77D
:10268000BBFBFFE742F6F040C2F202400021FCF73C
:10269000EFFF18B1FFE7F1F7AFFBFFE742F6F040BD
:1026A000C2F20240FCF734FF18B1FFE7F1F7A4FBD8
:1026B000FFE702B080BD0000B0B590B08C46089036
:1026C0001499CDF83CC00E920D93ADF83210402114
:1026D000EDF7F1FF0F9800F0D7FAADF830000020C9
:1026E000ADF82C000A900E9878B1FFE70D9860B114
:1026F000FFE7BDF8300040B1FFE7BDF83200BDF89C
:102700003010B0EB410F01D2FFE740E00E98BDF86A
:10271000301049080AAA00F057F98DF82700002068
:102720008DF82600FFE79DF826009DF827108842C7
:102730002CDAFFE79DF826100AA830F81100ADF852
:1027400024000F9807900E9905910D9906919DF818
:1027500026100491BDF82440214600F01DF8DDF854
:1027600010C00599069A089B05460798EE46CEF8D4
:102770000850CEF80440CEF800C000F0B5FAFFE7EC
:102780009DF8260001308DF82600CCE7FFE710B059
:10279000B0BD00000000000080B584B00290ADF82C
:1027A0000610029800F070FAADF80400BDF80400BD
:1027B00018B9FFE7002003900CE0BDF806004FF4C5
:1027C000FA11A0FB0101BDF804200023EDF75CFE27
:1027D0000390FFE7039804B080BD000000000000F4
:1027E00080B588B007900691ADF8162000200290C1
:1027F000069808B9FFE765E0069900208863069906
:10280000C863079820B1FFE7BDF8160008B9FFE7D5
:1028100058E007980068049007980068039000202B
:10282000ADF80600FFE7BDF80600BDF816108842B7
:102830002FDAFFE70798BDF8061050F82100009046
:102840009DED000A9DED041AB4EE410AF1EE10FA76
:1028500003DAFFE700980490FFE79DED000A9DED85
:10286000031AB4EE410AF1EE10FA03DDFFE7009817
:102870000390FFE79DED001A9DED020AA1EE010A0B
:102880008DED020AFFE7BDF806000130ADF8060045
:10289000C9E79DED030A9DED041A30EE410A069842
:1028A00080ED0E0A9DED020ABDF8160001EE100A39
:1028B000B8EE411A80EE010A07F000FC069880EDA0
:1028C0000F0AFFE708B080BD80B588B084460B983A
:1028D000DDF828E0CDF81CC0069105920493ADF810
:1028E0000E00079860B1FFE7069848B1FFE705982A
:1028F00030B1FFE7049818B1FFE70A9808B9FFE77D
:102900005AE0079800F0C0F9ADF80C00BDF80C00D3
:1029100038B1FFE7BDF80E00BDF80C10884201DAAF
:10292000FFE749E00020ADF80A00FFE7BDF80A0024
:10293000BDF80C10884231DAFFE70698BDF80A109E
:1029400030F8110000EE100AB8EE400A9FED1B1A95
:1029500030EE010A9FED1A1A80EE010A9FED191A56
:1029600020EE010A8DED010A01980599BDF80A20B3
:1029700041F8220001980499BDF80A2041F832007C
:102980000498BDF80A1000EBC10100204860FFE781
:10299000BDF80A000130ADF80A00C7E707980499AE
:1029A0000022012304F0E8F904980A99BDF80C20EC
:1029B000520805F025FBFFE708B080BD00AAAAC6B3
:1029C00000FF7F47333353408DB004AB01930B902E
:1029D000ADF82A10099200200890079006908DF813
:1029E00017000B9840B1FFE7099828B1FFE7BDF841
:1029F0002A00012804D8FFE700208DF833003CE1CD
:102A000000208DF81600FFE79DF8160002280DD86B
:102A1000FFE709999DF81620002021F81200FFE732
:102A20009DF8160001308DF81600EDE70120ADF895
:102A30001400FFE7BDF81400BDF82A10884280F2A8
:102A40008E80FFE70B98BDF8141050F82100049019
:102A5000BDF81400022810D3FFE7019890ED000A9A
:102A60000B98BDF8141000EB810010ED011AB4EEC4
:102A7000410AF1EE10FA18DDFFE7BDF8140001304D
:102A8000BDF82A10884211D2FFE7019890ED000AA4
:102A90000B98BDF8141000EB810090ED011AB4EE14
:102AA000410AF1EE10FA01DAFFE752E000208DF85A
:102AB0000F00FFE79DF80F00022849D8FFE70198B3
:102AC00090ED000A9DF80F1006A800EB810090ED34
:102AD000001AB4EE410AF1EE10FA32DDFFE70220EF
:102AE0008DF80E00FFE79DF80E009DF80F1088424C
:102AF00019DDFFE79DF80E2006A901EB820050F8D2
:102B0000040C41F8220009999DF80E2001EB4200C7
:102B100030F8020C21F81200FFE79DF80E00013892
:102B20008DF80E00DFE704989DF80F2006A941F804
:102B30002200BDF8140009999DF80F2021F8120019
:102B400006E0FFE79DF80F0001308DF80F00B1E7B8
:102B5000FFE7BDF814000130ADF814006AE70198F2
:102B600090ED020AB5EE400AF1EE10FA04DCFFE740
:102B700000208DF8330080E0FFE79DF8171000205B
:102B80000229009020D8FFE709989DF8171030F827
:102B9000111000200090B9B1FFE701989DF81720AF
:102BA00006A901EB820191ED000A90ED021A9FED5A
:102BB000352A21EE021A0020B4EE410AF1EE10FA95
:102BC000A8BF01200090FFE70098C00730B1FFE7E1
:102BD0009DF8170001308DF81700CEE700208DF822
:102BE0000D00FFE79DF80D009DF8171088423FDAB1
:102BF000FFE79DF80D0001308DF80C00FFE79DF810
:102C00000C009DF8171088422BDAFFE709999DF810
:102C10000D0031F810009DF80C2031F81210884298
:102C200018DDFFE709989DF80D1030F81100ADF898
:102C30000A0009999DF80C0031F810009DF80D204C
:102C400021F81200BDF80A0009999DF80C2021F81E
:102C50001200FFE7FFE79DF80C0001308DF80C0033
:102C6000CDE7FFE79DF80D0001308DF80D00B9E7C5
:102C70009DF817008DF83300FFE79DF833000DB085
:102C8000704700BF0AD7233C83B00190019820B958
:102C9000FFE70020ADF80A001FE001980088014618
:102CA0000091B0F5007F0FD0FFE70098B0F5806F7E
:102CB0000AD0FFE70098B0F5006F05D0FFE7009855
:102CC000B0F5805F05D1FFE701980088ADF80A00F4
:102CD00003E00020ADF80A00FFE7BDF80A0003B0EA
:102CE000704700000000000080B588B08C46864622
:102CF0000C980B980A99CDF81CE0CDF818C00592F5
:102D000004938DF80F10ADF80C000798FFF7BCFF87
:102D1000ADF80A000698A0B1FFE7049888B1FFE774
:102D20009DF80F0002280CD8FFE7BDF80A0040B15B
:102D3000FFE7BDF80C00BDF80A10B0EB510F01D34E
:102D4000FFE750E0BDF80C0004999DF80F2021F832
:102D500012000C9804999DF80F2001EB8201886005
:102D60000698BDF80C1050F8210004999DF80F202A
:102D700001EB820108620698BDF80C1000EB81009F
:102D800090ED000ABDF80A0000F036F804989DF8AE
:102D90000F1000EB810080ED050A059818B3FFE7DE
:102DA0000598BDF80C1050F8310001900598BDF859
:102DB0000C1000EBC100406800909DED000ADDEDB5
:102DC000010A06F0B5FE9FED091A20EE010A9FEDFB
:102DD000081A80EE010A04989DF80F1000EB81009C
:102DE00080ED0B0AFFE708B080BD00BF0000344350
:102DF000DB0F49400000000084B002A9009181ED82
:102E0000000AADF80600BDF8060018B9FFE700207B
:102E1000039011E0009890ED000AB1EE001A20EE48
:102E2000010ABDF8061001EE101AB8EE411A80EE44
:102E3000010A80ED010AFFE7009890ED010A04B055
:102E40007047000000000000FFE7FEE70000000000
:102E5000FFE7FEE70000000088B0079006910592AA
:102E6000079800F0070004900498C0F107000528B7
:102E700003D3FFE70420019004E00498C0F10700A9
:102E80000190FFE70198039004980430062803D8C6
:102E9000FFE70020009003E0049803380090FFE76C
:102EA0000098029006980399012202FA01F1013973
:102EB0000840029B984005999A40013A1140084306
:102EC00008B07047000000007047000000000000DC
:102ED00080B586B00490039100208DF8070044F27D
:102EE0002840C5F60200006800F00300032804D162
:102EF000FFE701208DF81700CBE044F20041C5F652
:102F00000201086820F080600860F6F711FD029069
:102F1000FFE744F20040C5F60200006800F00061DF
:102F20000020B0EBD16F0CD0FFE7F6F701FD02995E
:102F3000401A032804D3FFE703208DF81700A8E008
:102F4000E7E7FFE744F22841C5F60201086820F4EC
:102F50007C30049A126840EA02300860049948689C
:102F6000D1F808C0CB680A6901386FF35F204FF6CB
:102F70000061CFF6FF7101EB4C2189B208440021BA
:102F8000CFF6FF7101EB034101F4FE0108444FF05D
:102F90007F4101EB026101F0FE41084444F23841F7
:102FA000C5F602010860FFE744F22C41C5F60201B4
:102FB0000091086820F0C000049A5269104308602C
:102FC000086820F02000049A92691043086008689D
:102FD00020F01000086044F23C42C5F6020210687E
:102FE0004FF6F8739843049BDB6940EAC300106016
:102FF000086840F010000860039848B9FFE744F201
:103000002C41C5F60201086840F40020086016E073
:103010000398012809D1FFE744F22C41C5F60201CB
:10302000086840F48010086008E044F22C41C5F6BE
:103030000201086840F400100860FFE7FFE744F26F
:103040000041C5F60201086840F080600860F6F7AC
:103050006FFC0290FFE744F20040C5F602000068F2
:1030600000F000610020B0EBD16F0CD1FFE7F6F764
:103070005FFC0299401A032804D3FFE703208DF870
:10308000170006E0E7E7FFE79DF807008DF8170057
:10309000FFE79DF8170006B080BD000000000000AB
:1030A00080B586B00490039100208DF8070044F2AB
:1030B0002840C5F60200006800F00300032804D190
:1030C000FFE701208DF81700CBE044F20041C5F680
:1030D0000201086820F080500860F6F729FC029091
:1030E000FFE744F20040C5F60200006800F000511E
:1030F0000020B0EB517F0CD0FFE7F6F719FC0299E6
:10310000401A032804D3FFE703208DF81700A8E036
:10311000E7E7FFE744F22841C5F60201086820F01E
:103120007C70049A126840EA02500860049948686A
:10313000D1F808C0CB680A6901386FF35F204FF6F9
:103140000061CFF6FF7101EB4C2189B208440021E8
:10315000CFF6FF7101EB034101F4FE0108444FF08B
:103160007F4101EB026101F0FE41084444F240411D
:10317000C5F602010860FFE744F22C41C5F60201E2
:103180000091086820F44060049A52691043086076
:10319000086820F40070049A926910430860086877
:1031A00020F48070086044F24442C5F602021068C0
:1031B0004FF6F8739843049BDB6940EAC300106044
:1031C000086840F480700860039848B9FFE744F24B
:1031D0002C41C5F60201086840F48000086016E042
:1031E0000398012809D1FFE744F22C41C5F60201FA
:1031F000086840F40000086008E044F22C41C5F67D
:103200000201086840F080700860FFE7FFE744F2C1
:103210000041C5F60201086840F080500860F6F7EA
:1032200087FB0290FFE744F20040C5F60200006809
:1032300000F000510020B0EB517F0CD1FFE7F6F712
:1032400077FB0299401A032804D3FFE703208DF887
:10325000170006E0E7E7FFE79DF807008DF8170085
:10326000FFE79DF8170006B080BD000000000000D9
:10327000F0B591B04FF6FF70ADF8400042F240005B
:10328000C2F200400C9000220B9202834261026164
:10329000C26082604260026040F22001C2F20041DE
:1032A0000D910A834A610A61CA608A604A600A60B5
:1032B0000221EFF719FA0120EFF71AFB0C990D9A8A
:1032C0006B461420186042F68830C2F202400D238B
:1032D000FAF7A2FFB0B3FFE70020EFF709FB4AF2CD
:1032E000AC31C2F20041886901308861F6F720FBF9
:1032F00042F6A801C2F202410968401AB0F57A7F8D
:103300001CD3FFE7F6F714FB42F6A801C2F2024114
:10331000086042F68830C2F202400990FAF728F9B4
:10332000014609980A91FAF72BF90A99024640F2E8
:10333000F250C0F60200EDF71FF9FFE700208DF80C
:103340004300F7E00020EFF7D3FA40F22000C2F28A
:103350000040008945F6A52188421BD1FFE740F2D5
:103360002000C2F200404089022813D1FFE740F25A
:103370002000C2F20040008A40F2A171884209D1C7
:10338000FFE740F22000C2F20040408AB0F5805FC3
:103390004AD0FFE74AF2AC31C2F2004188690130FD
:1033A0008861F6F7C5FA42F6A801C2F2024109683F
:1033B000401AB0F57A7F33D3FFE7F6F7B9FA42F651
:1033C000A801C2F20241086040F2200CC2F2004C97
:1033D000CDF820C0BCF80810BCF80A20BCF80C30AE
:1033E000BCF80E00BCF810E0BCF81240BCF8145059
:1033F000BCF81660BCF81870EC46CCF81470CCF829
:103400001060CCF80C50CCF80840CCF804E0CCF8B4
:10341000000040F28D50C0F60200EDF7ADF8FFE776
:1034200000208DF8430085E004200F90FFE70F98FF
:103430000B2812D8FFE7BDF840000F9A40F2200198
:10344000C2F2004131F81210EFF78AF9ADF84000EE
:10345000FFE70F9801300F90E9E7BDF8400040F218
:103460002001C2F20041098B88422CD0FFE74AF2CA
:10347000AC31C2F20041486901304861F6F758FAB0
:1034800042F6A801C2F202410968401AB0F57A7FFB
:1034900015D3FFE7F6F74CFA42F6A801C2F2024153
:1034A0000860BDF8401040F22000C2F20040028BDC
:1034B00040F2C450C0F60200EDF75EF8FFE70020CE
:1034C0008DF8430036E040F22000C2F200408189CE
:1034D000ADF83A109DF83A1001F001024AF2AC3111
:1034E000C2F2004107910A70BDF83A20C2F34002CF
:1034F0004A70BDF83A20C2F380028A70BDF83A20C3
:10350000C2F3C002CA70BDF83A20C2F300120A71B9
:10351000BDF83A20C2F340124A71BDF83A20C2F316
:1035200080128A71C2890A814069C86001208DF8C1
:103530004300FFE79DF8430011B0F0BD000000001C
:1035400080B584B042F68830C2F20240F9F7D4FF69
:1035500020B1FFE701208DF80F0030E042F68830FF
:10356000C2F20240019043F60041C4F20001016042
:103570004FF4800141600021029181600F22C260FE
:103580004FF00072026141614FF0806282614FF042
:103590004052C261016241628162C16241638163E2
:1035A000C163016441648164C16401654FF00042FC
:1035B00042658165FAF7B4F98DF80F00FFE79DF8D1
:1035C0000F0004B080BD000080B542F68830C2F222
:1035D0000240F9F7DDFF80BD82B0019001980068DC
:1035E0004069009001980168886940F0080088618E
:1035F00001980168886940F01000886101980168AD
:10360000086820F00100086001980168086940F22C
:103610006F329043086101980168886820F4404047
:103620008860019890F88100042815D0FFE79DF884
:103630000000800600280ED5FFE70199D1F884002C
:1036400040F08000C1F8840001980168886940F06A
:1036500020008861FFE7FFE7019890F881000328C8
:1036600015D0FFE79DF80000400600280ED5FFE7C3
:103670000199D1F8840040F00400C1F88400019859
:103680000168886940F040008861FFE7FFE79DF826
:103690000100800700280ED5FFE70199D1F88400CA
:1036A00040F00100C1F8840001980168886940F485
:1036B00000708861FFE79DF80100C00770B1FFE767
:1036C0000199D1F8840040F00800C1F88400019805
:1036D0000168886940F480708861FFE701990020E3
:1036E000A1F862000199A1F86A0002B070470000D9
:1036F00080B582B001900198806B00900099002005
:10370000A1F86A000099A1F862000099012081F8EF
:1037100081000098F9F71CFF02B080BD0000000096
:1037200080B582B001900198806B00900198F3F70A
:103730008BFC022812D0FFE70098FFF74DFF00999D
:10374000D1F8840040F01000C1F8840000990120F5
:1037500081F881000098F9F7FBFEFFE702B080BD19
:1037600080B582B001900198806B00900098FBF7C3
:10377000BBFA02B080BD000080B582B00190019814
:10378000806B0090009890F88100072813D0FFE725
:103790000098806FC069B0F5807F04D1FFE7009882
:1037A000FBF792FA06E000980168086940F008000B
:1037B0000861FFE7FFE702B080BD000000000000E5
:1037C00083B002900298C16B012000EB5110019070
:1037D0000298C0680130009000980730C00800903F
:1037E00000980199484303B07047000000000000B2
:1037F00080B586B0DDF820C0049003918DF80B20D1
:103800000193FFE704980068406903990840401A53
:10381000B0FA80F040099DF80B10884214D1FFE700
:10382000F6F786F80899401A0199884204D3FFE711
:103830000198013018B9FFE7019820B9FFE703208C
:103840008DF8170004E0DDE700208DF81700FFE792
:103850009DF8170006B080BD704700000000000012
:1038600080B584B042F24000C2F2004001900121D4
:10387000009100220292EEF737FF0098EFF738F838
:10388000019942F68830C2F2024004221423FAF76A
:10389000CFFA014602988DF80F10EFF729F89DF83E
:1038A0000F0004B080BD000040F20C00C2F20040E6
:1038B000007870470000000048F29240C2F20140D8
:1038C000704700000000000080B584B048F6540046
:1038D000C2F201404FF4805103F0F6FB4AF210208F
:1038E000C2F2004002904FF4CC71ECF7E4FE029972
:1038F0000420086000200390FFE70398312817D8C0
:10390000FFE703994AF21020C2F2004000EB810267
:1039100046F27151C4F217015160039900EB810125
:103920000020C1F8CC00FFE7039801300390E4E7E2
:103930004AF21020C2F2004001904FF4CA71EEF733
:1039400047FF0199C1F8940100F022F84EF6FC50AF
:10395000CEF200000068C001002809D4FFE74EF64F
:10396000FC51CEF20001086840F080700860FFE76B
:1039700041F20401CEF200010020086041F2000192
:10398000CEF20001086840F00100086004B080BD7C
:1039900080B582B00020C0F61E000190019800F0B2
:1039A000CBFA02B080BD000080B5B0B02E902D9152
:1039B0002C922B9300201A904FF2CA21C7F2491182
:1039C00018914FF2CA21CFF24911179116902E98F3
:1039D00018B1FFE72B9820B9FFE700208DF8BF0052
:1039E00098E241F20400CEF20000006815902B9896
:1039F0005021ECF760FE22A82421ECF75CFE0020A9
:103A00001490FFE714990020B0EB113F13D1FFE7AA
:103A10002E98149930F9110000EE100AB8EEC01A71
:103A20009DED1A0A30EE010A8DED1A0AFFE714988F
:103A300001301490E6E79DED1A0A9FEDDE1A20EEA4
:103A4000010A8DED1A0A00201490FFE71499002056
:103A5000B0EB113F47D1FFE79DED140AB8EE400AE5
:103A60009FEDD51A20EE010A9FEDD41A80EE010ACF
:103A700004F00AFBB0EE401ABEEE002AB6EE000AD1
:103A8000A1EE020A8DED110A2E98149930F9110059
:103A900000EE100AB8EEC00A9DED1A1A30EE410A87
:103AA0004AF2CC30C2F2004000EB810181ED000A05
:103AB000149900EB810090ED000A9DED111A20EEA3
:103AC000010A48F66400C2F2014000EBC10181ED39
:103AD000000A149900EBC10100204860FFE7149828
:103AE00001301490B2E748F65400C2F2014048F6A3
:103AF0006401C2F2014105910022012303F03CF967
:103B0000059840F6A801C2F202414FF4006204F0A9
:103B100077FA22A8EFF738FF1290129820B9FFE742
:103B200000208DF8BF00F5E1129922A8F0F768F99E
:103B30008DED190A9DED190A9FEDA11AB4EE410A07
:103B4000F1EE10FA0ADBFFE79DED190A9FED9D1AD1
:103B5000B4EE410AF1EE10FA04DDFFE700208DF823
:103B6000BF00D7E19DED190A9FED971AB4EE410A07
:103B7000F1EE10FA06DAFFE744F20000C4F21C602E
:103B80001990FFE79DED190A9FEDE51AB4EE410A81
:103B9000F1EE10FA06DDFFE742F20040C4F6F40051
:103BA0001990FFE79DED190A129922A81BAAFEF7AA
:103BB000ABF820B9FFE700208DF8BF00AAE12D98EF
:103BC0002B99486019982B99886012982B99087541
:103BD0002C982B99886400201390FFE71398129972
:103BE00088427DD2FFE713991BA800EBC101496809
:103BF0001091139900EBC10080680F909DED190A98
:103C0000139800EB400122A8049000EB8100007A99
:103C100001EE100AB8EE411A20EE010A8DED0E0AEF
:103C20009DED0E0A4AF21020C2F2004003900430CB
:103C3000EEF706FE03988DED0D0A9DED0E0ACC30D1
:103C4000EEF7FEFD8DED0C0A9DED101A9DED0F0AAD
:103C500020EE000AA1EE010A06F030FA9DED0D1AE1
:103C600020EE010A8DED0B0A9DED0F0AB1EE400A20
:103C7000DDED100A05F05CFF04989DED0C1A30EEA6
:103C8000010A8DED0A0A139A02EB420100EB810052
:103C9000007A2B9901EB021108760E982B99139A52
:103CA00001EB0211C8610B982B99139A01EB0211D9
:103CB00008620A982B99139A01EB021148629DED54
:103CC0000B2AB6EE000A22EE001A9DED160AA1EEAE
:103CD000020A8DED160AFFE71398013013907DE775
:103CE0009DED160A06F0EAF92B9880ED040A0020F3
:103CF0001490FFE714990020B0EB113F66D1FFE765
:103D00009DED140AB8EE400A9FED861A20EE010AD6
:103D10009FED821A20EE010A8DED090A002008901D
:103D20001390FFE713981299884224D2FFE72B984B
:103D3000139900EB0110017E00EE101AB8EE401A44
:103D40009DED092A90ED080A8DED020A90ED090A11
:103D5000A1EE020A06F042F89DED021AB0EE402AEA
:103D60009DED080AA1EE020A8DED080AFFE71398FF
:103D700001301390D6E79DED080A9DED181AB4EEB8
:103D8000410AF1EE10FA03DAFFE708981890FFE70E
:103D90009DED080A9DED171AB4EE410AF1EE10FAF6
:103DA00003DDFFE708981790FFE7FFE7149801305D
:103DB00014909FE700008039DB0FC94000F07F4579
:103DC000A7CC14469B5FF44800401C469DED170AA3
:103DD0009DED181A30EE410A2B9880ED030A002061
:103DE0001490FFE7149840090E2876D8FFE740F2B8
:103DF0000C00C2F20040007800EE100AB8EE400A53
:103E00009FED481A20EE010A9DED141AB8EE411AF2
:103E100020EE010A9FED441A80EE010A8DED070A9B
:103E2000002006901390FFE713981299884224D23D
:103E3000FFE72B98139900EB0110017E00EE101A9A
:103E4000B8EE401A9DED072A90ED080A8DED010AA3
:103E500090ED090AA1EE020A05F0C0FF9DED011ADE
:103E6000B0EE402A9DED060AA1EE020A8DED060A8B
:103E7000FFE7139801301390D6E79DED060A9FEDFA
:103E80002B1AB4EE410AF1EE10FA06DDFFE74FF609
:103E90000060C4F2FF600690FFE79DED060A9FED0B
:103EA000241AB4EE410AF1EE10FA04DAFFE74FF0FB
:103EB00047400690FFE79DED060ABDEEC00A10EEF2
:103EC000100A149A48F29241C2F2014121F81200FC
:103ED000FFE714980130149084E741F20400CEF219
:103EE000000000681599401A40F21001C2F200412A
:103EF00009684DF68362C4F21B32A1FB0221890CD2
:103F0000B0FBF1F02B99C8642B99012008708DF853
:103F1000BF00FFE79DF8BF0030B080BD00008039D2
:103F20000024F448DB0FC9400080EF4300FEFF4649
:103F3000000000C70000000080B584B00290029825
:103F400028B1FFE702980068042804D0FFE70020AA
:103F50008DF80F006EE002984FF4CA71EEF738FC4E
:103F6000019001980299D1F89411884204D0FFE79A
:103F700000208DF80F005DE000200090FFE7009822
:103F800031284AD8FFE7002048B9FFE70298009996
:103F900000EB8100406802F0EBFD70B934E002985C
:103FA000009900EB810090ED010AB7EEC00A51ECD8
:103FB000100B02F0CDFD38B3FFE70298009900EB3B
:103FC000810090ED010AB5EE400AF1EE10FA1BDD1A
:103FD000FFE7002050B9FFE70298009900EB81004D
:103FE000D0F8CC0002F0C4FD90B90DE00298009921
:103FF00000EB810090ED330AB7EEC00A51EC100BD4
:1040000002F0A6FD20B9FFE700208DF80F0011E0B7
:10401000FFE7009801300090B1E702994AF21020C2
:10402000C2F200404FF4CC72ECF7F1FA01208DF8A7
:104030000F00FFE79DF80F0004B080BD00000000F6
:1040400081B08DF803009DF80300032818BF0120FC
:1040500040F20C01C2F20041087001B0704700004C
:104060008DB00B900A91099200200890FFE7089804
:104070000A99884280F0DC80FFE70B98089900EBF2
:10408000411000EB810090ED000AB0EEC00A8DED0A
:10409000040A08980690089801300790FFE70798EF
:1040A0000A99884221D2FFE70B98079900EB41104B
:1040B000089900EB810090ED000AB0EEC00A8DED8A
:1040C000030A9DED030A9DED041AB4EE410AF1EED8
:1040D00010FA05DDFFE70398049007980690FFE7C4
:1040E000FFE7079801300790D9E79DED040A9FED9F
:1040F000601AB4EE410AF1EE10FA04DAFFE700208C
:104100008DF83300AFE00698089988422AD0FFE77F
:1041100008980590FFE705980A99884221D8FFE79B
:104120000B98089900EB4110059950F82100029076
:104130000B99069801EB4010059A50F82200089B55
:1041400001EB431141F8220002980B99069A01EB0A
:104150004211059A41F82200FFE7059801300590C9
:10416000D9E7FFE70B98089900EB411050F82100C0
:10417000019008980590FFE705980A99884214D89D
:10418000FFE79DED011A0B98089900EB4110059986
:1041900000EB810090ED000A80EE010A80ED000A3C
:1041A000FFE7059801300590E6E700200790FFE75C
:1041B00007980A99884236D2FFE7079808998842FB
:1041C0002CD0FFE70B98079900EB4110089950F8A5
:1041D0002100009008980590FFE705980A99884209
:1041E0001BD8FFE79DED001A0B98089900EB4112D0
:1041F000059902EB810292ED002A079A00EB42102A
:1042000000EB810090ED000AA1EE420A80ED000A69
:10421000FFE7059801300590DFE7FFE7FFE7079824
:1042200001300790C4E7FFE70898013008901EE7C7
:1042300000200790FFE707980A9988420FD2FFE70E
:104240000B98079A00EB42100A9950F8210009993F
:1042500041F82200FFE7079801300790EBE70120C3
:104260008DF83300FFE79DF833000DB0704700BFB5
:1042700077CC2B320000000080B587B00690059106
:1042800000200490FFE704980599884257D2FFE781
:10429000049801300390FFE703980599884249D2BA
:1042A000FFE70698039901EB410100EB810191EDD5
:1042B000000A049901EB410100EB810090ED001A26
:1042C000B4EE410AF1EE10FA2FDAFFE706980499EE
:1042D00001EB410200EB820150F822000090486897
:1042E000896802910190069B049800EB400C03EB57
:1042F0008C01039800EB400003EB800253F8200090
:1043000043F82C00506892688A604860DDF818C055
:10431000039800EB400E0CEB8E01009B0198029A73
:104320004CF82E308A604860FFE7FFE703980130C1
:104330000390B1E7FFE7049801300490A3E707B0CA
:1043400080BD00000000000080B586B042F2400051
:10435000C2F20040039042F21A010191ECF7ABF96E
:10436000019940F22000C2F200400490ECF7A3F95A
:104370000398032100220292EEF7B6F9029848F65C
:104380005201C2F20141087048F65301C2F20141E4
:10439000087042F6A801C2F2024108600120EEF75F
:1043A000A7FA0399049A42F68830C2F2024041F219
:1043B0000D03FAF7B5FA38B1FFE70020EEF798FAE7
:1043C00001208DF8170003E000208DF81700FFE7AB
:1043D0009DF8170006B080BD80B582B000900098AF
:1043E0000138B0F1807F03D3FFE70120019019E08D
:1043F000009801384EF21401CEF2000108604FF02F
:10440000FF300F2102F01CFC4EF21801CEF2000129
:10441000002008604EF21002CEF200020721116067
:104420000190FFE7019802B080BD0000000000008D
:1044300080B5F5F785FA80BD80B59EB00BA84C21FC
:10444000ECF739F9002001900A9009900890079044
:1044500006900590049003900220F5F7BDFBFFE75E
:104460000020029044F61800C5F60200016841F4ED
:1044700040410160006800F44040029040F22C404E
:10448000C5F60000016841F001010160006800F01C
:10449000010002900298FFE7FFE744F61800C5F616
:1044A0000200006800F40050B0F5005F01D0FFE7A3
:1044B000F3E701200B904FF480300C900220149011
:1044C000159005211691C0221792189019911A90F3
:1044D00008201B9000201C901D900BA8F8F760FA94
:1044E00018B1FFE7EFF788FCFFE73F2003900320B8
:1044F0000490002005900820069040200790089026
:104500004FF4806109910A9003A80421F7F728FE6F
:1045100018B1FFE7EFF770FCFFE71EB080BD0000A9
:1045200081B04EF68851CEF20001086840F4700068
:10453000086042F20000C5F20020006800F00F00A1
:1045400006280AD8FFE742F20001C5F200210868F8
:10455000072262F303000860FFE744F20041C5F65A
:104560000201086840F00100086044F21042C5F6FC
:1045700002020020106008684EF67F52CEF6F62246
:104580001040086042F20000C5F20020006800F010
:104590000F0008280AD3FFE742F20001C5F200210C
:1045A0000868072262F303000860FFE744F218413D
:1045B000C5F6020100200090086044F21C41C5F6D7
:1045C0000201086044F22041C5F60201086044F28D
:1045D0002842C5F6020240F20021C0F20221116019
:1045E00044F22C42C5F602020021C0F2FF11116014
:1045F00044F23042C5F6020240F28021C0F20111BD
:10460000116044F23442C5F60202106044F23842AE
:10461000C5F60202116044F23C42C5F60202106087
:1046200044F24042C5F60202116044F24441C5F62C
:104630000201086044F20042C5F60202116821F44A
:104640008021116044F26041C5F60201086041F228
:104650000001C5F600410968B0EB517F07D1FFE7C3
:1046600048F20811C5F2001101200860FFE744F28A
:10467000D440C5F602000068C004002814D4FFE747
:1046800044F2D441C5F60201086840F48050086045
:1046900044F20002C5F2002243F2D2001060086822
:1046A00020F480500860FFE701B070470000000070
:1046B00080B542F61040C2F20240FAF7E5FD80BD37
:1046C00083B0029001910298006800900298002146
:1046D000C4F20101884225D0FFE70298B0F1804F73
:1046E00020D0FFE7029840F20041C4F20001884266
:1046F00018D0FFE7029840F60001C4F2000188429A
:1047000010D0FFE7029840F60041C4F20001884251
:1047100008D0FFE7029840F20041C4F2010188424C
:104720000AD1FFE7009820F07000009001984168DE
:10473000009808430090FFE702980021C4F20101AD
:1047400088423DD0FFE70298B0F1804F38D0FFE7B4
:10475000029840F20041C4F20001884230D0FFE7E5
:10476000029840F60001C4F20001884228D0FFE719
:10477000029840F60041C4F20001884220D0FFE7D1
:10478000029840F20041C4F20101884218D0FFE7CC
:10479000029844F20001C4F20101884210D0FFE700
:1047A000029844F20041C4F20101884208D0FFE7B8
:1047B000029844F60001C4F2010188420AD1FFE7E1
:1047C000009820F4407000900198C1680098084358
:1047D0000090FFE7009820F08000019949690843A4
:1047E0000090019880680299C86201980068029957
:1047F000886202980021C4F20101884220D0FFE7BC
:10480000029840F20041C4F20101884218D0FFE74B
:10481000029844F20001C4F20101884210D0FFE77F
:10482000029844F20041C4F20101884208D0FFE737
:10483000029844F60001C4F20101884205D1FFE765
:104840000198006902990863FFE70299086840F03F
:1048500004000860029901204861009802990860EC
:1048600003B070470000000085B0049003910292ED
:104870000193049880680090009820F47F40009095
:1048800003980299019A41EA0221014300980843E2
:10489000009000980499886005B0704700000000FF
:1048A00083B00290019102988068009000984FF6C2
:1048B0008F71CFF6CF71084000900198009908439E
:1048C00040F00700009000980299886003B070479C
:1048D00085B00490039102920498006A00900499B4
:1048E000086A20F00100086204980021C4F2010166
:1048F000884220D0FFE7049840F20041C4F2010151
:10490000884218D0FFE7049844F20001C4F2010184
:10491000884210D0FFE7049844F20041C4F201013C
:10492000884208D0FFE7049844F60001C4F2010170
:10493000884206D1FFE70499086A20F00400086263
:10494000FFE7049880690190019820F0F000019041
:104950000299019840EA01100190009820F00A00A5
:104960000090039900980843009001980499886189
:1049700000980499086205B070470000000000002C
:1049800085B00490039102920498006A0090049903
:10499000086A20F01000086204980021C4F20101A6
:1049A000884229D0FFE7049840F20041C4F2010197
:1049B000884221D0FFE7049844F20001C4F20101CB
:1049C000884203D1FFE70020B0B9FFE7049844F222
:1049D0000041C4F20101884203D1FFE7002058B929
:1049E000FFE7049844F60001C4F20101884209D1AE
:1049F000FFE7012030B9FFE70499086A20F0400082
:104A00000862FFE7049880690190019820F47040E3
:104A100001900299019840EA01300190009820F03D
:104A2000A00000900399009840EA011000900198BE
:104A30000499886100980499086205B070470000E5
:104A400082B001900198406E40B9FFE701990120C2
:104A5000A1F86A000199A1F8680032E010208DF8F1
:104A600003008DF80200019800688068C0F342607E
:104A70008DF80100019800688068400F8DF80000F3
:104A80009DF802009DF800204AF27F43C0F6010322
:104A9000995C48434AF27741C0F601018A5CB0FB59
:104AA000F2F0019AA2F86A009DF803009DF8012037
:104AB0009B5C5843895CB0FBF1F00199A1F8680058
:104AC000FFE702B07047000081B00090009890F8B6
:104AD0002800000700280BD5FFE700980068406811
:104AE00020F40040009A1168926B10434860FFE781
:104AF000009890F82800C00758B1FFE700980068B8
:104B0000406820F40030009A1168D26A104348606F
:104B1000FFE7009890F82800800700280BD5FFE7F2
:104B200000980068406820F48030009A1168126B89
:104B300010434860FFE7009890F8280040070028DD
:104B40000BD5FFE700980068406820F48020009AA9
:104B50001168526B10434860FFE7009890F82800F6
:104B6000C00600280BD5FFE700980068806820F495
:104B70008050009A1168D26B10438860FFE700985C
:104B800090F82800800600280BD5FFE70098006801
:104B9000806820F40050009A1168126C10438860FD
:104BA000FFE7009890F82800400600281CD5FFE792
:104BB00000980068406820F48010009A1168526CD8
:104BC000104348600098406CB0F5801F0BD1FFE7A0
:104BD00000980068406820F4C000009A1168926C48
:104BE00010434860FFE7FFE7009890F828000006B0
:104BF00000280BD5FFE700980068406820F40020EB
:104C0000009A1168D26C10434860FFE701B070470A
:104C100080B588B0069006990020C1F89000F4F79E
:104C200087FE0590069800680068000700282FD5C9
:104C3000FFE70698059B6A466FF07E4111604FF4CE
:104C40000011002201F030FE08B3FFE7FFE7FFE7A5
:104C50000698006850E8000F20F080000490FFE7FD
:104C600004990698026842E800100028F0D1FFE796
:104C7000FFE706992020C1F88800FFE70699002089
:104C800081F88400FFE703208DF81F005FE0FFE755
:104C90000698006800684007002842D5FFE706989C
:104CA000059B6A466FF07E4111604FF4800100223F
:104CB00001F0FAFDA0B3FFE7FFE7FFE70698006801
:104CC00050E8000F20F490700390FFE703990698D6
:104CD000026842E800100028F0D1FFE7FFE7FFE795
:104CE000FFE70698006850E8020F20F001000290EC
:104CF000FFE702990698026842E802100028F0D106
:104D0000FFE7FFE706992020C1F88C00FFE706992E
:104D1000002081F88400FFE703208DF81F0016E0D3
:104D2000FFE706992020C1F888000699C1F88C0099
:104D300006990020C86606990867FFE706990020D3
:104D400081F88400FFE700208DF81F00FFE79DF841
:104D50001F0008B080BD000080B582B001900198AE
:104D6000806B00900098FAF753FD02B080BD000000
:104D700080B584B003900398806B02900298D0F8BD
:104D8000880001900298D0F88C000090029800688A
:104D900080680006002808D5FFE70198212804D183
:104DA000FFE7029800F084FAFFE702980068806845
:104DB0004006002808D5FFE70098222804D1FFE725
:104DC000029800F001FAFFE70299D1F8900040F054
:104DD0001000C1F890000298FAF71AFD04B080BDE7
:104DE00080B588B007900798806B06900798C069D7
:104DF000B0F5807F5BD0FFE706990020A1F85E0048
:104E0000FFE7FFE70698006850E8000F20F4807085
:104E10000590FFE705990698026842E8001000280F
:104E2000F0D1FFE7FFE7FFE7FFE70698006850E8EB
:104E3000020F20F001000490FFE704990698026831
:104E400042E802100028F0D1FFE7FFE7FFE7FFE7A5
:104E50000698006850E8020F20F040000390FFE73A
:104E600003990698026842E802100028F0D1FFE793
:104E7000FFE706992020C1F88C000698C06E012833
:104E800014D1FFE7FFE7FFE70698006850E8000F3E
:104E900020F010000290FFE702990698026842E8AD
:104EA00000100028F0D1FFE7FFE7FFE7FFE70699D2
:104EB000002008670698C06E012840F0B380FFE725
:104EC00006990020A1F85E00079800681021C4F23E
:104ED0000201884200F08180FFE7079800682821DE
:104EE000C4F20201884278D0FFE7079800684021A9
:104EF000C4F20201884270D0FFE707980068582189
:104F0000C4F20201884268D0FFE707980068702168
:104F1000C4F20201884260D0FFE707980068882148
:104F2000C4F20201884258D0FFE707980068A02128
:104F3000C4F20201884250D0FFE707980068B82108
:104F4000C4F20201884248D0FFE70798006840F2A7
:104F50001041C4F2020188423FD0FFE70798006881
:104F600040F22841C4F20201884236D0FFE7079898
:104F7000006840F24041C4F2020188422DD0FFE7B0
:104F80000798006840F25841C4F20201884224D0D8
:104F9000FFE70798006840F27041C4F202018842BE
:104FA0001BD0FFE70798006840F28841C4F2020175
:104FB000884212D0FFE70798006840F2A041C4F28F
:104FC0000201884209D0FFE70798006840F2B84123
:104FD000C4F20201884205D1FFE7079800684068E3
:104FE000009004E00798006840680090FFE7009890
:104FF000ADF80600BDF806000699B1F85C108842CD
:1050000006DAFFE7BDF806000699A1F85E00FFE7A3
:105010000698B0F85C10B0F85E20891A89B2FAF7E9
:105020000FFB03E00698FBF79FFAFFE708B080BD8F
:1050300080B584B003900398806B029002990120A0
:1050400008670298C06E012840F0B580FFE702991A
:10505000B1F85C004008A1F85E00039800681021D8
:10506000C4F20201884200F08180FFE703980068E3
:105070002821C4F20201884278D0FFE70398006833
:105080004021C4F20201884270D0FFE70398006813
:105090005821C4F20201884268D0FFE703980068F3
:1050A0007021C4F20201884260D0FFE703980068D3
:1050B0008821C4F20201884258D0FFE703980068B3
:1050C000A021C4F20201884250D0FFE70398006893
:1050D000B821C4F20201884248D0FFE70398006873
:1050E00040F21041C4F2020188423FD0FFE703982A
:1050F000006840F22841C4F20201884236D0FFE73E
:105100000398006840F24041C4F2020188422DD069
:10511000FFE70398006840F25841C4F20201884258
:1051200024D0FFE70398006840F27041C4F2020106
:1051300088421BD0FFE70398006840F28841C4F220
:105140000201884212D0FFE70398006840F2A041B4
:10515000C4F20201884209D0FFE70398006840F2D8
:10516000B841C4F20201884205D1FFE70398006804
:105170004068009004E00398006840680090FFE7F2
:105180000098ADF80600BDF806000299B1F85C1071
:10519000884206DCFFE7BDF806000299A1F85E0030
:1051A000FFE70298B0F85C10B0F85E20891A89B267
:1051B000FAF746FA03E00298FBF71EFAFFE704B09D
:1051C00080BD00000000000084B00390FFE7FFE70F
:1051D0000398006850E8000F20F490700290FFE7F9
:1051E00002990398026842E800100028F0D1FFE716
:1051F000FFE7FFE7FFE70398006850E8020F4FF66C
:10520000FE71CEF6FF7108400190FFE70199039807
:10521000026842E802100028EDD1FFE7FFE703989B
:10522000C06E012814D1FFE7FFE7FFE7039800688D
:1052300050E8000F20F010000090FFE7009903985D
:10524000026842E800100028F0D1FFE7FFE7FFE71F
:1052500003992020C1F88C0003990020C8660399A7
:10526000486704B07047000080B582B00190FFE746
:10527000FFE70198006850E8000F20F04000009020
:10528000FFE700990198026842E800100028F0D179
:10529000FFE7FFE701992020C1F88800019900206D
:1052A00088670198FBF758FA02B080BD0000000043
:1052B00083B00290FFE7FFE70298006850E8000F14
:1052C00020F0C0000190FFE701990298026842E8CF
:1052D00000100028F0D1FFE7FFE7FFE7FFE70298A3
:1052E000006850E8020F20F400000090FFE70099EA
:1052F0000298026842E802100028F0D1FFE7FFE7B9
:1053000002992020C1F8880003B070470000000017
:1053100080B588B007900798B0F86000ADF8160027
:105320000798D0F88C00222840F0AB80FFE7079860
:105330000068406AADF814000798806D0690BDF8CB
:105340001400BDF816100840069908800799886D6A
:10535000023088650799B1F85E000138A1F85E0057
:105360000798B0F85E00002840F08A80FFE7FFE76A
:10537000FFE70798006850E8000F20F49070049051
:10538000FFE704990798026842E800100028F0D16E
:10539000FFE7FFE7FFE7FFE70798006850E8020F25
:1053A00020F001000390FFE703990798026842E8A4
:1053B00002100028F0D1FFE7FFE707992020C1F88D
:1053C0008C000799002048670799086707980068CC
:1053D00040F60041C5F6000188421CD0FFE707985F
:1053E000006840680002002814D5FFE7FFE7FFE7E8
:1053F0000798006850E8000F20F080600290FFE7F7
:1054000002990798026842E800100028F0D1FFE7EF
:10541000FFE7FFE7FFE70798C06E01282BD1FFE702
:1054200007990020C866FFE7FFE70798006850E883
:10543000000F20F010000190FFE701990798026823
:1054400042E800100028F0D1FFE7FFE70798006866
:10545000C06900F010010120B0EB111F05D1FFE77A
:105460000798016810200862FFE70798B0F85C1001
:10547000FAF7E6F803E00798FBF776F8FFE7FFE7AF
:1054800006E007980168886940F008008861FFE736
:1054900008B080BD0000000080B58EB00D900D9862
:1054A000B0F86000ADF82E000D980068C069099052
:1054B0000D980068006808900D9800688068079053
:1054C0000D98D0F88C00222840F06181FFE70D98FC
:1054D000B0F86800ADF82A00FFE7BDF82A100020F8
:1054E000009031B1FFE79DF82400C0F34010009018
:1054F000FFE70098C007002800F00A81FFE70D9839
:105500000068406AADF82C000D98806D0C90BDF8D5
:105510002C00BDF82E1008400C9908800D99886D5C
:10552000023088650D99B1F85E000138A1F85E007F
:105530000D980068C06909909DF824004007002874
:1055400052D0FFE79DF82400C00788B1FFE79DF81F
:105550002100C00760B1FFE70D98016801200862D3
:105560000D99D1F8900040F00100C1F89000FFE7DC
:105570009DF824008007002811D5FFE79DF81C0046
:10558000C00760B1FFE70D980168022008620D991D
:10559000D1F8900040F00400C1F89000FFE79DF8BA
:1055A00024004007002811D5FFE79DF81C00C00724
:1055B00060B1FFE70D980168042008620D99D1F8E9
:1055C000900040F00200C1F89000FFE70D98D0F87D
:1055D000900040B1FFE70D98FAF71AF90D990020F5
:1055E000C1F89000FFE7FFE70D98B0F85E000028D3
:1055F00040F08D80FFE7FFE7FFE70D98006850E877
:10560000000F20F480700690FFE706990D9802685D
:1056100042E800100028F0D1FFE7FFE7FFE7FFE7CF
:105620000D98006850E8020F4FF6FE71CEF6FF713C
:1056300008400590FFE705990D98026842E80210BE
:105640000028EDD1FFE7FFE70D992020C1F88C007D
:105650000D99002048670D9908670D98006840F67D
:105660000041C5F6000188421CD0FFE70D98006894
:1056700040680002002814D5FFE7FFE7FFE70D9818
:10568000006850E8000F20F080600490FFE7049964
:105690000D98026842E800100028F0D1FFE7FFE70C
:1056A000FFE7FFE70D98C06E01282BD1FFE70D99AA
:1056B0000020C866FFE7FFE70D98006850E8000F7C
:1056C00020F010000390FFE703990D98026842E86C
:1056D00000100028F0D1FFE7FFE70D980068C069CF
:1056E00000F010010120B0EB111F05D1FFE70D986C
:1056F000016810200862FFE70D98B0F85C10F9F718
:105700009FFF03E00D98FAF72FFFFFE700E0E4E6C4
:105710000D98B0F85E00ADF82800BDF82800A8B3D9
:10572000FFE7BDF828000D99B1F8681088422DDA1E
:10573000FFE7FFE7FFE70D98006850E8020F20F051
:1057400080500290FFE702990D98026842E802102B
:105750000028F0D1FFE7FFE70D9945F21130C0F6C0
:1057600001004867FFE7FFE70D98006850E8000F69
:1057700040F020000190FFE701990D98026842E88F
:1057800000100028F0D1FFE7FFE7FFE706E00D98E3
:105790000168886940F008008861FFE70EB080BDAD
:1057A00080B586B005900598B0F86000ADF812009D
:1057B0000598D0F88C00222840F0A980FFE70598D2
:1057C0000068406AADF81000BDF810009DF8121096
:1057D00008400599896D08700599886D01308865C4
:1057E0000599B1F85E000138A1F85E000598B0F89F
:1057F0005E00002840F08A80FFE7FFE7FFE705989A
:10580000006850E8000F20F490700390FFE70399C0
:105810000598026842E800100028F0D1FFE7FFE792
:10582000FFE7FFE70598006850E8020F20F001004D
:105830000290FFE702990598026842E802100028EA
:10584000F0D1FFE7FFE705992020C1F88C0005990A
:1058500000204867059908670598006840F60041F0
:10586000C5F6000188421CD0FFE705980068406833
:105870000002002814D5FFE7FFE7FFE7059800685E
:1058800050E8000F20F080600190FFE70199059833
:10589000026842E800100028F0D1FFE7FFE7FFE7C9
:1058A000FFE70598C06E01282BD1FFE7059900207E
:1058B000C866FFE7FFE70598006850E8000F20F092
:1058C00010000090FFE700990598026842E8001078
:1058D0000028F0D1FFE7FFE705980068C06900F0F5
:1058E00010010120B0EB111F05D1FFE705980168F9
:1058F00010200862FFE70598B0F85C10F9F7A0FEE9
:1059000003E00598FAF730FEFFE7FFE706E00598A9
:105910000168886940F008008861FFE706B080BD33
:1059200080B58EB00D900D98B0F86000ADF83200E3
:105930000D980068C0690A900D9800680068099089
:105940000D980068806808900D98D0F88C00222887
:1059500040F05F81FFE70D98B0F86800ADF82E00C9
:10596000FFE7BDF82E100020019031B1FFE79DF850
:105970002800C0F340100190FFE70198C0070028FD
:1059800000F00881FFE70D980068406AADF830002C
:10599000BDF830009DF8321008400D99896D0870EF
:1059A0000D99886D013088650D99B1F85E00013858
:1059B000A1F85E000D980068C0690A909DF8280063
:1059C0004007002852D0FFE79DF82800C00788B1A3
:1059D000FFE79DF82500C00760B1FFE70D9801685B
:1059E000012008620D99D1F8900040F00100C1F843
:1059F0009000FFE79DF828008007002811D5FFE7F9
:105A00009DF82000C00760B1FFE70D9801680220F3
:105A100008620D99D1F8900040F00400C1F89000A0
:105A2000FFE79DF828004007002811D5FFE79DF803
:105A30002000C00760B1FFE70D98016804200862EC
:105A40000D99D1F8900040F00200C1F89000FFE7F6
:105A50000D98D0F8900040B1FFE70D98F9F7D8FE07
:105A60000D990020C1F89000FFE7FFE70D98B0F80E
:105A70005E00002840F08D80FFE7FFE7FFE70D980C
:105A8000006850E8000F20F480700790FFE7079946
:105A90000D98026842E800100028F0D1FFE7FFE708
:105AA000FFE7FFE70D98006850E8020F4FF6FE7120
:105AB000CEF6FF7108400690FFE706990D98026840
:105AC00042E802100028EDD1FFE7FFE70D99202002
:105AD000C1F88C000D99002048670D9908670D9852
:105AE000006840F60041C5F6000188421CD0FFE77F
:105AF0000D98006840680002002814D5FFE7FFE712
:105B0000FFE70D98006850E8000F20F080600590D6
:105B1000FFE705990D98026842E800100028F0D1CF
:105B2000FFE7FFE7FFE7FFE70D98C06E01282BD1E5
:105B3000FFE70D990020C866FFE7FFE70D980068B2
:105B400050E8000F20F010000490FFE704990D9832
:105B5000026842E800100028F0D1FFE7FFE70D9847
:105B60000068C06900F010010120B0EB111F05D1E1
:105B7000FFE70D98016810200862FFE70D98B0F864
:105B80005C10F9F75DFD03E00D98FAF7EDFCFFE717
:105B900000E0E6E60D98B0F85E00ADF82C00BDF828
:105BA0002C00A8B3FFE7BDF82C000D99B1F86810E0
:105BB00088422DDAFFE7FFE7FFE70D98006850E81D
:105BC000020F20F080500390FFE703990D980268C0
:105BD00042E802100028F0D1FFE7FFE70D9945F2F7
:105BE000A170C0F601004867FFE7FFE70D98006865
:105BF00050E8000F40F020000290FFE702990D9856
:105C0000026842E800100028F0D1FFE7FFE7FFE755
:105C100006E00D980168886940F008008861FFE798
:105C20000EB080BD0000000080B59CB01B9000202D
:105C30008DF85F001B98006840F60041C5F6000132
:105C4000884201D1FFE700E0FFE71B9988680B69F4
:105C50004A69C9691843104308431A901B980068A1
:105C6000006846F6F311CCF6FF7108401A99084314
:105C70001B99096808601B980068406820F4405030
:105C80001B9A1168D268104348601B9880691A906B
:105C90001B98006840F60041C5F60001884206D016
:105CA000FFE71B98016A1A9808431A90FFE71B98B0
:105CB000006880684FF2FF41C1F2FF1108401A9955
:105CC00008431B99096888601B980068C06A20F027
:105CD0000F001B9A1168526A1043C862FFE71B98B5
:105CE000006841F20001C4F20101884240F04180A5
:105CF000FFE744F25440C5F60200006800F03800A7
:105D000001460E9128282FD80E99DFE801F0152DB5
:105D10002D2D2D2D2D2D192D2D2D2D2D2D2D1D2DD7
:105D20002D2D2D2D2D2D212D2D2D2D2D2D2D252DB7
:105D30002D2D2D2D2D2D290001208DF8650017E02A
:105D400004208DF8650013E008208DF865000FE051
:105D500010208DF865000BE020208DF8650007E02D
:105D600040208DF8650003E080208DF86500FFE796
:105D7000D6E11B98006844F20041C4F20001884259
:105D80002ED1FFE744F25440C5F60200006800F04F
:105D9000070001460D9105281DD80D99DFE801F097
:105DA00003070B0F131700208DF8650017E0042080
:105DB0008DF8650013E008208DF865000FE01020D5
:105DC0008DF865000BE020208DF8650007E040208D
:105DD0008DF8650003E080208DF86500FFE79EE107
:105DE0001B98006844F60001C4F2000188422ED1DD
:105DF000FFE744F25440C5F60200006800F00700D7
:105E000001460C9105281DD80C99DFE801F0030725
:105E10000B0F131700208DF8650017E004208DF894
:105E2000650013E008208DF865000FE010208DF864
:105E300065000BE020208DF8650007E040208DF81C
:105E4000650003E080208DF86500FFE766E11B98A0
:105E5000006844F60041C4F2000188422ED1FFE7F9
:105E600044F25440C5F60200006800F00700014605
:105E70000B9105281DD80B99DFE801F003070B0FE4
:105E8000131700208DF8650017E004208DF86500D9
:105E900013E008208DF865000FE010208DF86500F4
:105EA0000BE020208DF8650007E040208DF86500AC
:105EB00003E080208DF86500FFE72EE11B98006865
:105EC00045F20001C4F2000188422ED1FFE744F2FE
:105ED0005440C5F60200006800F0070001460A9130
:105EE00005281DD80A99DFE801F003070B0F1317E7
:105EF00000208DF8650017E004208DF8650013E0A0
:105F000008208DF865000FE010208DF865000BE08B
:105F100020208DF8650007E040208DF8650003E043
:105F200080208DF86500FFE7F6E01B98006841F2DD
:105F30000041C4F20101884240F04180FFE744F291
:105F40005440C5F60200006800F03800014609918F
:105F500028282FD80999DFE801F0152D2D2D2D2D9A
:105F60002D2D192D2D2D2D2D2D2D1D2D2D2D2D2D85
:105F70002D2D212D2D2D2D2D2D2D252D2D2D2D2D65
:105F80002D2D290001208DF8650017E004208DF8E3
:105F9000650013E008208DF865000FE010208DF8F3
:105FA00065000BE020208DF8650007E040208DF8AB
:105FB000650003E080208DF86500FFE7ABE01B98EB
:105FC000006847F60001C4F2000188422ED1FFE7C5
:105FD00044F25440C5F60200006800F00700014694
:105FE000089105281DD80899DFE801F003070B0F79
:105FF000131700208DF8650017E004208DF8650068
:1060000013E008208DF865000FE010208DF8650082
:106010000BE020208DF8650007E040208DF865003A
:1060200003E080208DF86500FFE773E01B980068AF
:1060300047F60041C4F2000188422ED1FFE744F246
:106040005440C5F60200006800F0070001460791C1
:1060500005281DD80799DFE801F003070B0F131778
:1060600000208DF8650017E004208DF8650013E02E
:1060700008208DF865000FE010208DF865000BE01A
:1060800020208DF8650007E040208DF8650003E0D2
:1060900080208DF86500FFE73BE01B98006840F624
:1060A0000041C5F6000188422ED1FFE744F2584076
:1060B000C5F60200006800F00700014606910528B9
:1060C0001DD80699DFE801F003070B0F1317022014
:1060D0008DF8650017E004208DF8650013E00820B6
:1060E0008DF865000FE010208DF865000BE0202092
:1060F0008DF8650007E040208DF8650003E0802002
:106100008DF86500FFE703E080208DF86500FFE76C
:10611000FFE7FFE7FFE7FFE7FFE7FFE7FFE7FFE74F
:10612000FFE71B98006840F60041C5F60001884271
:1061300040F0B480FFE79DF8650001460591022814
:1061400014D0FFE70598042814D0FFE70598082825
:1061500016D0FFE70598102818D0FFE705982028EB
:1061600035D0FFE70598402837D03AE0F3F788FDAF
:106170000F903CE013A8F3F7E3FE14980F9036E07D
:1061800010A8F4F729F811980F9030E044F200407D
:10619000C5F60200006800F020010020B0EB511F9E
:1061A0000ED0FFE744F20040C5F602000068C0F3DD
:1061B000C10149F20000C0F2D030C8400F9005E0A4
:1061C00049F20000C0F2D0300F90FFE70FE040F638
:1061D0000010C0F23D000F9009E04FF400400F9016
:1061E00005E000200F9001208DF85F00FFE70F9879
:1061F000002852D0FFE70F981B994A6A4AF288415B
:10620000C0F6010131F81210B0FBF1F016901698AB
:106210001B99496801EB4101884207D3FFE71698B3
:106220001B994968B0EB013F04D9FFE701208DF8C5
:106230005F0031E00F981B994A6803924A6A4AF25C
:106240008841C0F6010131F8122000230493194659
:10625000EAF71AF9039A049B090241EA1061000265
:1062600010EB520041F10001EAF70EF9189018986E
:10627000B0F5407F0BD3FFE718990020B0EB115F1A
:1062800005D1FFE718981B990968C86003E0012051
:106290008DF85F00FFE7FFE7FFE746E11B98C06965
:1062A000B0F5004F40F0A880FFE79DF8650001467B
:1062B0000291402800F263800299DFE801F0212575
:1062C0006060296060602F60606060606060356061
:1062D00060606060606060606060606060605660C8
:1062E00060606060606060606060606060606060AE
:1062F00060606060606060606060606060605C0002
:10630000F6F7A6F90F9040E0F6F7B6F90F903CE0EB
:1063100013A8F3F715FE14980F9036E010A8F3F7C2
:106320005BFF11980F9030E044F20040C5F6020088
:10633000006800F020010020B0EB511F0ED0FFE7F5
:1063400044F20040C5F602000068C0F3C10149F202
:106350000000C0F2D030C8400F9005E049F20000C4
:10636000C0F2D0300F90FFE70FE040F60010C0F20F
:106370003D000F9009E04FF400400F9005E0002031
:106380000F9001208DF85F00FFE70F9898B3FFE7AB
:106390000F981B9A5168536A4AF28842C0F601026C
:1063A00032F81320B0FBF2F0400000EB5100B0FBDC
:1063B000F1F018901898102818D3FFE7BDF8620084
:1063C000A0B9FFE7189820F00F00ADF86600189804
:1063D00000F00E01BDF8660040EA5100ADF866001D
:1063E000BDF866001B990968C86003E001208DF8BC
:1063F0005F00FFE7FFE797E09DF865000146019128
:10640000402800F263800199DFE801F021256060F7
:10641000296060602F60606060606060356060600F
:106420006060606060606060606060605660606076
:10643000606060606060606060606060606060605C
:106440006060606060606060606060605C00F6F783
:10645000FFF80F9040E0F6F70FF90F903CE013A81B
:10646000F3F76EFD14980F9036E010A8F3F7B4FE22
:1064700011980F9030E044F20040C5F60200006829
:1064800000F020010020B0EB511F0ED0FFE744F2D6
:106490000040C5F602000068C0F3C10149F20000E7
:1064A000C0F2D030C8400F9005E049F20000C0F2C1
:1064B000D0300F90FFE70FE040F60010C0F23D0033
:1064C0000F9009E04FF400400F9005E000200F907E
:1064D00001208DF85F00FFE70F9820B3FFE70F98CA
:1064E0001B9A5168536A4AF28842C0F6010232F898
:1064F0001320B0FBF2F000EB5100B0FBF1F018906C
:10650000189810280AD3FFE7BDF8620030B9FFE7FA
:10651000BDF860001B990968C86003E001208DF890
:106520005F00FFE7FFE7FFE7FFE71B990120A1F806
:106530006A001B99A1F868001B99002048671B9905
:1065400088679DF85F001CB080BD0000000000005F
:1065500080B588B006900591ADF81220059806998F
:106560008865BDF812000699A1F85C000699002024
:10657000C1F8900006992220C1F88C000698D0F846
:106580008000B0B3FFE70698D0F8801044F6E150E1
:10659000C0F60100C8630698D0F8801045F23100BB
:1065A000C0F6010008640698D0F8801044F67150D7
:1065B000C0F60100C8640698D0F880100020086575
:1065C00006980168826DD0F880002431BDF8123041
:1065D000F2F7D2FA60B1FFE706991020C1F89000F7
:1065E00006992020C1F88C0001208DF81F0042E0A0
:1065F000FFE706980069A0B1FFE7FFE7FFE706980D
:10660000006850E8000F40F480700390FFE70399A2
:106610000698026842E800100028F0D1FFE7FFE783
:10662000FFE7FFE7FFE70698006850E8020F40F039
:1066300001000290FFE702990698026842E8021002
:106640000028F0D1FFE7FFE7FFE7FFE706980068C3
:1066500050E8020F40F040000190FFE701990698D2
:10666000026842E802100028F0D1FFE7FFE70020AF
:106670008DF81F00FFE79DF81F0008B080BD0000E7
:1066800088B007900691ADF816200698079988659E
:10669000BDF816000799A1F85C00BDF8160007992F
:1066A000A1F85E00079900204867FFE70798806817
:1066B000B0F5805F10D1FFE70798006930B9FFE7B8
:1066C000079940F2FF10A1F8600004E00799FF204D
:1066D000A1F86000FFE72EE00798806878B9FFE72F
:1066E0000798006928B9FFE70799FF20A1F8600023
:1066F00004E007997F20A1F86000FFE71AE00798FF
:106700008068B0F1805F0FD1FFE70798006928B972
:10671000FFE707997F20A1F8600004E007993F2078
:10672000A1F86000FFE704E007990020A1F86000ED
:10673000FFE7FFE7FFE7FFE707990020C1F89000B8
:1067400007992220C1F88C00FFE7FFE7079800684F
:1067500050E8020F40F001000490FFE70499079809
:10676000026842E802100028F0D1FFE7FFE707982F
:10677000406EB0F1005F4CD1FFE7BDF816000799FD
:10678000B1F86810884244DBFFE707988068B0F5ED
:10679000805F0BD1FFE70798006938B9FFE70799D9
:1067A00045F29940C0F60100486706E0079945F6B2
:1067B0002110C0F601004867FFE707980069A0B103
:1067C000FFE7FFE7FFE70798006850E8000F40F495
:1067D00080700390FFE703990798026842E8001071
:1067E0000028F0D1FFE7FFE7FFE7FFE7FFE70798A3
:1067F000006850E8020F40F080500290FFE70299D5
:106800000798026842E802100028F0D1FFE7FFE78E
:1068100044E007988068B0F5805F0BD1FFE70798E8
:10682000006938B9FFE7079945F21130C0F6010059
:10683000486706E0079945F2A170C0F60100486775
:10684000FFE707980069A0B1FFE7FFE7FFE70798B8
:10685000006850E8000F40F490700190FFE7019944
:106860000798026842E800100028F0D1FFE7FFE730
:1068700013E0FFE7FFE70798006850E8000F40F0DB
:1068800020000090FFE700990798026842E8001096
:106890000028F0D1FFE7FFE7FFE7FFE7002008B09F
:1068A000704700000000000080B586B0DDF820C011
:1068B000049003918DF80B200193FFE70498006882
:1068C000C06903990840401AB0FA80F040099DF869
:1068D0000B10884266D1FFE708980130002860D08D
:1068E000FFE7F3F725F80199401A0899884203D881
:1068F000FFE7089820B9FFE703208DF8170055E05F
:106900000498006800684007002849D5FFE703980D
:10691000802845D0FFE70398402841D0FFE704983E
:106920000068C06900F008010120B0EBD10F16D15A
:10693000FFE7049801680820009008620498FEF7B9
:1069400043FC00980499C1F89000FFE704990020E7
:1069500081F88400FFE701208DF8170026E00498F5
:106960000068C06900F400610120B0EBD12F16D19E
:10697000FFE7049801684FF4006008620498FEF78E
:1069800023FC04992020C1F89000FFE7049900201F
:1069900081F88400FFE703208DF8170006E0FFE789
:1069A000FFE78BE700208DF81700FFE79DF8170041
:1069B00006B080BD0000000080B542F65C40C2F227
:1069C0000240F8F745FF80BD80B582B0ADF8060003
:1069D000BDF80600812804D3FFE78020ADF806004B
:1069E000FFE7BDF8061048F21240C2F20140ECF792
:1069F00043F8ECF745F902B080BD0000000000004C
:106A000080B548F21240C2F201408021E9F731FE20
:106A100048F2D030C2F201404021E9F72AFE48F2A4
:106A20001041C2F2014100200880ECF729F980BD35
:106A300080B542F6F040C2F20240F8F709FF80BD8F
:106A4000FFE7FEE70000000080B584B04FF6FF705E
:106A5000ADF80C000420019041F20C00009040F2CF
:106A60002000C2F20040008945F6A52188421BD1D2
:106A7000FFE740F22000C2F200404089022813D113
:106A8000FFE740F22000C2F20040008A40F2A1710C
:106A9000884209D1FFE740F22000C2F20040408A5C
:106AA000B0F5805F0BD0FFE74AF2AC31C2F2004193
:106AB00088690130886100208DF80F0044E00420CF
:106AC0000290FFE7029841F20B01884212D8FFE7DB
:106AD000BDF80C00029A40F22001C2F2004131F8E8
:106AE0001210EBF73DFEADF80C00FFE70298013005
:106AF0000290E7E7BDF80C0040F22001C2F200412D
:106B000042F21802895A88420BD0FFE74AF2AC31B0
:106B1000C2F2004148690130486100208DF80F0041
:106B200012E040F22000C2F20040C2894AF2AC31C9
:106B3000C2F200410A814069C860086901300861F9
:106B400001208DF80F00FFE79DF80F0004B080BD15
:106B500082B041EC100B8DED000B0198C0F30A5090
:106B600040F2FF71401A18BF012002B070470000C8
:106B700081B000EE100A00900098C0F3C750FF38B3
:106B800018BF012001B0704781B0ADF80200BDF917
:106B90000200002812D4FFE7BDF9021001F01F0225
:106BA000012090404A094EF28011CEF2000141F8D6
:106BB0002200BFF34F8FBFF36F8FFFE701B0704725
:106BC00081B0ADF80200BDF9020000280ED4FFE745
:106BD000BDF9021001F01F02012090404A094EF257
:106BE0000011CEF2000141F82200FFE701B070472A
:106BF00082B0ADF80200BDF90200002812D4FFE710
:106C0000BDF9020041094EF20010CEF2000050F82A
:106C10002100BDF8021001F01F01C84000F0010082
:106C2000019002E000200190FFE7019802B0704758
:106C30004EF60C50CEF200000068C0F30220704700
:106C400082B0ADF806000091BDF9060000280AD414
:106C5000FFE700980001BDF906104EF20042CEF2A7
:106C6000000288540BE000980001BDF8061001F006
:106C70000F014EF61452CEF200028854FFE702B024
:106C8000704700000000000083B00290029800F0FE
:106C9000070000904EF60C51CEF2000108680190FA
:106CA00001984FF6FF02104001900198009A40EAC7
:106CB00002200022C0F2FA521043019001980860AD
:106CC00003B070470000000082B08DED000A00980C
:106CD00001909DED010AB1EEC00A8DED010A9DED16
:106CE000010A02B07047000087B00690ADF8161098
:106CF000049200200190FFE70198BDF81610884229
:106D000037D2FFE70498019930F81100800803900A
:106D10000498019900EB4100408880080290069891
:106D2000039950F8210000900699029851F820002C
:106D3000039A41F8220000980699029A41F822002D
:106D40000698039900EB810040680090069902982C
:106D500001EB80004068039A01EB820148600098D3
:106D60000699029A01EB8201486001980230019075
:106D7000C2E707B07047000080B588B00790069161
:106D80008DF817208DF816300798008804909DF82C
:106D9000170001281BD1FFE706980430019000205E
:106DA0000390FFE70398049988420FD2FFE7019808
:106DB00090ED000AB1EE400A80ED000A019808301B
:106DC0000190FFE7039801300390EBE7FFE7049899
:106DD0000090102825D0FFE70098202826D0FFE754
:106DE0000098402827D0FFE70098802819D0FFE7B7
:106DF0000098B0F5807F19D0FFE70098B0F5007FCC
:106E000019D0FFE70098B0F5806F0AD0FFE700982F
:106E1000B0F5006F0AD0FFE70098B0F5805F0AD0A8
:106E200012E00798069900F0C3F90DE0079806995B
:106E300000F0B6FB08E00698BDF81010079A5268FB
:106E4000012301F0A1F9FFE79DF8160038B1FFE733
:106E50000698079A91899268FFF746FFFFE79DF829
:106E60001700012831D1FFE79DED040AB8EE401A62
:106E7000B7EE000A80EE010A8DED020A0698019035
:106E800000200390FFE70398049988421CD2FFE793
:106E90009DED021A0198011D019190ED000A20EE6E
:106EA000010A80ED000A019890ED000A9DED021A9A
:106EB00020EE410A80ED000A019804300190FFE7BE
:106EC000039801300390DEE7FFE708B080BD0000C3
:106ED00082B0019000208DF80300019A4FF4806188
:106EE0001180019948604FF67810C0F60100818941
:106EF000019A91818168019A916040680199486086
:106F00009DF9030002B0704782B0019000208DF817
:106F10000300019A80211180019948604FF6881082
:106F2000C0F601008189019A91818168019A91607E
:106F30004068019948609DF9030002B07047000065
:106F400082B0019000208DF80300019A1021118079
:106F5000019948604FF69810C0F601008189019AA6
:106F600091818168019A91604068019948609DF91A
:106F7000030002B07047000082B0019000208DF83D
:106F80000300019A4FF400611180019948604FF6A7
:106F9000A810C0F601008189019A91818168019A47
:106FA00091604068019948609DF9030002B0704704
:106FB00082B0019000208DF80300019A4FF4807197
:106FC0001180019948604FF6B810C0F60100818920
:106FD000019A91818168019A9160406801994860A5
:106FE0009DF9030002B0704782B0019000208DF837
:106FF0000300019A20211180019948604FF6C810C2
:10700000C0F601008189019A91818168019A91609D
:107010004068019948609DF9030002B07047000084
:1070200082B0019000208DF80300019A4FF4805146
:107030001180019948604FF6D810C0F6010081898F
:10704000019A91818168019A916040680199486034
:107050009DF9030002B0704782B0019000208DF8C6
:107060000300019A4FF400711180019948604FF6B6
:10707000E810C0F601008189019A91818168019A26
:1070800091604068019948609DF9030002B0704723
:1070900082B0019000208DF80300019A40211180F8
:1070A000019948604FF6F810C0F601008189019AF5
:1070B00091818168019A91604068019948609DF9C9
:1070C000030002B07047000080B584B00390ADF8B3
:1070D0000A1000208DF80900BDF80A000146019150
:1070E000102855D0FFE7019820284BD0FFE70198E2
:1070F000402841D0FFE70198802837D0FFE701986A
:10710000B0F5807F2CD0FFE70198B0F5007F21D04B
:10711000FFE70198B0F5806F16D0FFE70198B0F552
:10712000006F0BD0FFE70198B0F5805F36D1FFE725
:107130000398FFF775FF8DF8090033E00398FFF718
:107140001BFF8DF809002DE00398FFF7C1FE8DF8B5
:10715000090027E00398FFF77FFF8DF8090021E081
:107160000398FFF725FF8DF809001BE00398FFF750
:10717000CBFE8DF8090015E00398FFF789FF8DF825
:1071800009000FE00398FFF72FFF8DF8090009E0D1
:107190000398FFF7D5FE8DF8090003E0FF208DF876
:1071A0000900FFE79DF9090004B080BD0000000060
:1071B00080B5A2B021902091219800881F9020983E
:1071C0001F9900EB81001A9021984068199020982F
:1071D0001E901A981D901F9840081F9020981F9984
:1071E00000EB81001C901A981F9900EB81001B9006
:1071F0001F9880080290FFE70298002800F0BA81EB
:10720000FFE7209800681590209840681690209815
:10721000806817902098C06818901A98006811909C
:107220001A98406812901A98806813901A98C0684B
:1072300014901C9800680D901C9840680E901C9843
:1072400080680F901C98C06810901B980068099087
:107250001B9840680A901B9880680B901B98C06828
:107260000C909DED150A9DED111A30EE010A209843
:10727000011D209180ED000A9DED160A9DED121A68
:1072800030EE010A2098011D209180ED000A9DED4D
:10729000170A9DED131A30EE010A2098011D209166
:1072A00080ED000A9DED180A9DED141A30EE010ADA
:1072B0002098011D209180ED000A9DED150A9DED9D
:1072C000111A30EE410A8DED110A9DED160A9DED61
:1072D000121A30EE410A8DED120A9DED170A9DED4E
:1072E000131A30EE410A8DED130A9DED180A9DED3B
:1072F000141A30EE410A8DED140A9DED0D0A9DED34
:10730000091A30EE010A1C98011D1C9180ED000A3B
:107310009DED0E0A9DED0A1A30EE010A1C98011D22
:107320001C9180ED000A9DED0F0A9DED0B1A30EEC9
:10733000010A1C98011D1C9180ED000A9DED100AA8
:107340009DED0C1A30EE010A1C98011D1C9180ED78
:10735000000A9DED090A9DED0D1A30EE410A8DEDF2
:10736000090A9DED0A0A9DED0E1A30EE410A8DEDD7
:107370000A0A9DED0B0A9DED0F1A30EE410A8DEDC4
:107380000B0A9DED0C0A9DED101A30EE410A8DEDB1
:107390000C0A1998011D1991006808901998011D8F
:1073A0001991006807909DED110A9DED081A20EED5
:1073B000010A8DED060A9DED120A9DED071A20EED9
:1073C000010A8DED050A9DED120A9DED081A20EEC9
:1073D000010A8DED040A9DED110A9DED071A20EEBC
:1073E000010A8DED030A9DED060A9DED051A30EEAA
:1073F000010A1A98011D1A9180ED000A9DED040AF8
:107400009DED031A30EE410A1A98011D1A9180ED84
:10741000000A9DED090A9DED071A20EE010A8DED87
:10742000060A9DED0A0A9DED081A20EE010A8DED6F
:10743000050A9DED0A0A9DED071A20EE010A8DED61
:10744000040A9DED090A9DED081A20EE010A8DED52
:10745000030A9DED060A9DED051A30EE410A1B98C0
:10746000011D1B9180ED000A9DED040A9DED031A9C
:1074700030EE010A1B98011D1B9180ED000A19983E
:10748000011D1991006808901998011D1991006853
:1074900007909DED130A9DED081A20EE010A8DED6F
:1074A000060A9DED140A9DED071A20EE010A8DEDE6
:1074B000050A9DED140A9DED081A20EE010A8DEDD6
:1074C000040A9DED130A9DED071A20EE010A8DEDC9
:1074D000030A9DED060A9DED051A30EE010A1A9881
:1074E000011D1A9180ED000A9DED040A9DED031A1D
:1074F00030EE410A1A98011D1A9180ED000A9DEDA7
:107500000B0A9DED071A20EE010A8DED060A9DED8E
:107510000C0A9DED081A20EE010A8DED050A9DED7D
:107520000C0A9DED071A20EE010A8DED040A9DED6F
:107530000B0A9DED081A20EE010A8DED030A9DED60
:10754000060A9DED051A30EE410A1B98011D1B919C
:1075500080ED000A9DED040A9DED031A30EE010A4C
:107560001B98011D1B9180ED000AFFE7029801386E
:10757000029041E61E98BDF87C10219A52680223C1
:10758000019300F001FE019B1D98BDF87C10219A2B
:10759000526800F0F9FD22B080BD0000000000003C
:1075A00080B5ACB02B902A912B9800884008299088
:1075B0002A98299900EB81001D901D98299900EBCC
:1075C00081001C901C98299900EB81001B902A983F
:1075D00028901D9827901C9826901B9825901D9800
:1075E000043824901C98043823901B980438229067
:1075F0002298299900EB810021902B9840681E90D9
:107600001F90209029984008299002200390042080
:107610000290062001902A9890ED000A1C9890EDA7
:10762000001A30EE010A8DED0C0A2A9890ED000A3E
:107630001C9890ED001A30EE410A8DED0B0A2A9845
:1076400090ED010A1C9890ED011A30EE010A8DEDC3
:107650000A0A2A9890ED010A1C9890ED011A30EE62
:10766000410A8DED090A9DED0B0A1D9890ED011A56
:1076700030EE010A1B9890ED011A30EE410A8DEDB3
:10768000170A9DED090A1D9890ED001A30EE410A87
:107690001B9890ED001A30EE010A8DED180A9DED51
:1076A0000C0A1D9890ED001A30EE410A1B9890EDDF
:1076B000001A30EE410A8DED130A9DED0A0A1D985D
:1076C00090ED011A30EE410A1B9890ED011A30EE50
:1076D000410A8DED140A9DED0B0A1D9890ED011ADB
:1076E00030EE410A1B9890ED011A30EE010A8DED43
:1076F0000F0A9DED090A1D9890ED001A30EE010A5F
:107700001B9890ED001A30EE410A8DED100A9DEDA8
:107710000C0A1D9890ED001A30EE010A1B9890EDAE
:10772000001A30EE010A2A98011D2A9180ED000A04
:107730009DED0A0A1D9890ED011A30EE010A1B9882
:1077400090ED011A30EE010A2A98011D2A9180ED70
:10775000000A17981D990A1D1D92086018981D9916
:107760000A1D1D92086013981C990A1D1C9208603E
:1077700014981C990A1D1C9208600F981B990A1DE9
:107780001B92086010981B990A1D1B9208600399B0
:10779000209800EB8100209002991F9800EB810057
:1077A0001F9001991E9800EB81001E9029980238C5
:1077B00040080490FFE70498002800F0AC82FFE73F
:1077C0002A9890ED000A1C9890ED001A30EE010AFC
:1077D0008DED0C0A2A9890ED000A1C9890ED001A85
:1077E00030EE410A8DED0B0A2A9890ED010A1C98A3
:1077F00090ED011A30EE010A8DED0A0A2A9890EDFB
:10780000010A1C9890ED011A30EE410A8DED090A2B
:107810009DED0B0A1D9890ED011A30EE010A1B98A0
:1078200090ED011A30EE410A8DED170A9DED090A1F
:107830001D9890ED001A30EE410A1B9890ED001A49
:1078400030EE010A8DED180A9DED0C0A1D9890EDA1
:10785000001A30EE410A1B9890ED001A30EE410AF2
:107860008DED130A9DED0A0A1D9890ED011A30EE78
:10787000410A1B9890ED011A30EE410A8DED140A71
:107880009DED0B0A1D9890ED011A30EE410A1B98F0
:1078900090ED011A30EE010A8DED0F0A9DED090AF7
:1078A0001D9890ED001A30EE010A1B9890ED001A19
:1078B00030EE410A8DED100A9DED0C0A1D9890EDF9
:1078C000001A30EE010A1B9890ED001A30EE010A02
:1078D0002A98011D2A9180ED000A9DED0A0A1D9843
:1078E00090ED011A30EE010A1B9890ED011A30EE6E
:1078F000010A2A98011D2A9180ED000A249810EDB2
:10790000010A229810ED011A30EE010A8DED0A0AE3
:10791000249810ED010A229810ED011A30EE410A68
:107920008DED090A249890ED000A229890ED001A36
:1079300030EE010A8DED0C0A249890ED000A229891
:1079400090ED001A30EE410A8DED0B0A239890ED70
:10795000000A219890ED001A30EE410A9DED091AB7
:1079600030EE010A8DED190A249890ED000A229854
:1079700090ED001A30EE410A239810ED011A30EE16
:10798000410A219810ED011A30EE010A8DED1A0A14
:107990009DED0A0A239810ED011A30EE410A219854
:1079A00010ED011A30EE410A8DED150A9DED0C0A1D
:1079B000239890ED001A30EE410A219890ED001ABC
:1079C00030EE410A8DED160A239890ED000A2198B9
:1079D00090ED001A30EE410A9DED091A30EE410A91
:1079E0008DED110A219810ED010A239810ED011A6E
:1079F00030EE410A9DED0B1A30EE410A8DED120A70
:107A00009DED0C0A239890ED001A30EE010A2198A2
:107A100090ED001A30EE010A2498011F249180EDA8
:107A2000000A9DED0A0A239810ED011A30EE010AB2
:107A3000219810ED011A30EE010A2498011F2491BB
:107A400080ED000A2098011D209100680E9020987A
:107A5000011D209100680D909DED170A9DED0E1AF5
:107A600020EE010A8DED080A9DED180A9DED0D1A14
:107A700020EE010A8DED070A9DED180A9DED0E1A04
:107A800020EE010A8DED060A9DED170A9DED0D1AF7
:107A900020EE010A8DED050A9DED080A9DED071AFD
:107AA00030EE010A1D98011D1D9180ED000A9DED2B
:107AB000060A9DED051A30EE410A1D98011D1D9123
:107AC00080ED000A9DED1A0A9DED0D1A20EE010AC7
:107AD0008DED080A9DED190A9DED0E1A20EE010AA2
:107AE0008DED070A9DED190A9DED0D1A20EE010A94
:107AF0008DED060A9DED1A0A9DED0E1A20EE010A83
:107B00008DED050A9DED080A9DED071A30EE410A3C
:107B10002398011F239180ED000A9DED060A9DED3B
:107B2000051A30EE010A2398011F239180ED000A07
:107B30001F9800680E901F9840680D9002991F983A
:107B400000EB81001F909DED130A9DED0E1A20EEB3
:107B5000010A8DED080A9DED140A9DED0D1A20EE27
:107B6000010A8DED070A9DED140A9DED0E1A20EE17
:107B7000010A8DED060A9DED130A9DED0D1A20EE0A
:107B8000010A8DED050A9DED080A9DED071A30EEFC
:107B9000010A1C98011D1C9180ED000A9DED060A4A
:107BA0009DED051A30EE410A1C98011D1C9180EDD7
:107BB000000A9DED160A9DED0E1A20EE410A8DED8C
:107BC000080A9DED150A9DED0D1A20EE010A8DEDB6
:107BD000070A9DED150A9DED0E1A20EE010A8DEDA6
:107BE000060A9DED160A9DED0D1A20EE010A8DED97
:107BF000050A9DED080A9DED071A30EE410A22980C
:107C0000011F229180ED000A9DED050A9DED061AE7
:107C100030EE410A2298011F229180ED000A1E9841
:107C200000680E901E9840680D9001991E9800EB18
:107C300081001E909DED0F0A9DED0E1A20EE010AA7
:107C40008DED080A9DED100A9DED0D1A20EE010A3A
:107C50008DED070A9DED100A9DED0E1A20EE010A2A
:107C60008DED060A9DED0F0A9DED0D1A20EE010A1D
:107C70008DED050A9DED080A9DED071A30EE010A0B
:107C80001B98011D1B9180ED000A9DED060A9DEDDC
:107C9000051A30EE410A1B98011D1B9180ED000A68
:107CA0009DED120A9DED0D1A20EE010A8DED080AD8
:107CB0009DED110A9DED0E1A20EE010A8DED070AC9
:107CC0009DED110A9DED0D1A20EE010A8DED060ABB
:107CD0009DED120A9DED0E1A20EE010A8DED050AAA
:107CE0009DED080A9DED071A30EE410A2198011F0B
:107CF000219180ED000A9DED060A9DED051A30EEFA
:107D0000010A2198011F219180ED000AFFE70498E4
:107D1000013804904FE52A9890ED000A1C9890EDE8
:107D2000001A30EE010A8DED0C0A2A9890ED000A37
:107D30001C9890ED001A30EE410A8DED0B0A2A983E
:107D400090ED010A1C9890ED011A30EE010A8DEDBC
:107D50000A0A2A9890ED010A1C9890ED011A30EE5B
:107D6000410A8DED090A9DED0B0A1D9890ED011A4F
:107D700030EE010A1B9890ED011A30EE410A8DEDAC
:107D8000170A9DED090A1D9890ED001A30EE410A80
:107D90001B9890ED001A30EE010A8DED180A9DED4A
:107DA0000C0A1D9890ED001A30EE410A1B9890EDD8
:107DB000001A30EE410A8DED130A9DED0A0A1D9856
:107DC00090ED011A30EE410A1B9890ED011A30EE49
:107DD000410A8DED140A9DED0B0A1D9890ED011AD4
:107DE00030EE410A1B9890ED011A30EE010A8DED3C
:107DF0000F0A9DED090A1D9890ED001A30EE010A58
:107E00001B9890ED001A30EE410A8DED100A9DEDA1
:107E10000C0A1D9890ED001A30EE010A1B9890EDA7
:107E2000001A30EE010A2A98011D2A9180ED000AFD
:107E30009DED0A0A1D9890ED011A30EE010A1B987B
:107E400090ED011A30EE010A2A98011D2A9180ED69
:107E5000000A209800680E90209840680D909DEDD3
:107E6000170A9DED0E1A20EE010A8DED080A9DED10
:107E7000180A9DED0D1A20EE010A8DED070A9DED01
:107E8000180A9DED0E1A20EE010A8DED060A9DEDF1
:107E9000170A9DED0D1A20EE010A8DED050A9DEDE4
:107EA000080A9DED071A30EE010A1D98011D1D916B
:107EB00080ED000A9DED060A9DED051A30EE410A9F
:107EC0001D98011D1D9180ED000A1F9800680E90FD
:107ED0001F9840680D909DED130A9DED0E1A20EE3F
:107EE000010A8DED080A9DED140A9DED0D1A20EE94
:107EF000010A8DED070A9DED140A9DED0E1A20EE84
:107F0000010A8DED060A9DED130A9DED0D1A20EE76
:107F1000010A8DED050A9DED080A9DED071A30EE68
:107F2000010A1C98011D1C9180ED000A9DED060AB6
:107F30009DED051A30EE410A1C98011D1C9180ED43
:107F4000000A1E9800680E901E9840680D909DEDE6
:107F50000F0A9DED0E1A20EE010A8DED080A9DED27
:107F6000100A9DED0D1A20EE010A8DED070A9DED18
:107F7000100A9DED0E1A20EE010A8DED060A9DED08
:107F80000F0A9DED0D1A20EE010A8DED050A9DEDFB
:107F9000080A9DED071A30EE010A1B98011D1B917E
:107FA00080ED000A9DED060A9DED051A30EE410AAE
:107FB0001B98011D1B9180ED000A2898BDF8A410A4
:107FC0002B9A52680423009300F0DEF8009B279858
:107FD000BDF8A4102B9A526800F0D6F8009B2698A2
:107FE000BDF8A4102B9A526800F0CEF8009B25989B
:107FF000BDF8A4102B9A526800F0C6F82CB080BDD2
:1080000080B58AB006900591049204980390FFE72A
:108010000398B0B3FFE70698011D0691006802902F
:108020000698011D0691006801909DED021A9DEDD4
:10803000010A20EE000AA1EE010A0598011D059132
:108040008DED080A07909DED080AB5EE400AF1EEA5
:1080500010FA0BDBFFE79DED080AFEF735FE0798E7
:1080600080ED000A00208DF8270006E00799002027
:108070000860FF208DF82700FFE703980138039080
:10808000C6E70AB080BD000089B08DED080A9DEDFD
:10809000081A9FED3A2AB5EE000AA1EE020A8DED0C
:1080A000050A9DED050ABDEEC00A8DED010A9DEDA4
:1080B000050AB5EE400AF1EE10FA04DAFFE701987E
:1080C00001380190FFE79DED050A9DED011AB8EE1C
:1080D000C11A30EE410A8DED050A9DED050A9FEDAE
:1080E000281A20EE010A8DED000A9DED000ABCEE73
:1080F000C00A10EE100AADF81200BDF81200B0F57B
:10810000007F0CDBFFE70020ADF812009DED000AB8
:108110009FED1C1A30EE010A8DED000AFFE79DED80
:10812000000ABDF8120001EE100AB8EE411A30EE56
:10813000410A8DED060ABDF812104FF60820C0F670
:10814000010050F821100391BDF8121000EB8100DE
:10815000406802909DED060AB7EE001A31EE401A13
:108160009DED032A9DED023A20EE030AA1EE020ADC
:108170008DED070A9DED070A09B0704783F9223E8D
:1081800000000044000000C4BCB03B90ADF8EA1011
:108190003992ADF8E23040F2F340C3F6357000900A
:1081A000BDF8EA002690FFE7269827902698C00899
:1081B000269000203090FFE73098269908442F90B1
:1081C0002F98269908442E902E98269908442D9091
:1081D0002D98269908442C902C98269908442B9089
:1081E0002B98269908442A902A9826990844299081
:1081F0003B98309900EBC10191ED000A2C9900EBFE
:10820000C10090ED001A30EE010A8DED240A3B9872
:10821000309900EBC10191ED000A2C9900EBC100EF
:1082200090ED001A30EE410A8DED200A3B982F990F
:1082300000EBC10191ED000A2B9900EBC10090ED1C
:10824000001A30EE010A8DED230A3B982F9900EBBE
:10825000C10191ED000A2B9900EBC10090ED001ACD
:1082600030EE410A8DED1F0A3B982E9900EBC101BB
:1082700091ED000A2A9900EBC10090ED001A30EE52
:10828000010A8DED220A3B982E9900EBC10191ED78
:10829000000A2A9900EBC10090ED001A30EE410A65
:1082A0008DED1E0A3B982D9900EBC10191ED000A5E
:1082B000299900EBC10090ED001A30EE010A8DED16
:1082C000210A3B982D9900EBC10191ED000A2999F3
:1082D00000EBC10090ED001A30EE410A8DED1D0A51
:1082E0009DED240A9DED221A30EE410A8DED1C0A07
:1082F0009DED240A9DED221A30EE010A8DED240A2F
:108300009DED230A9DED211A30EE410A8DED220AE2
:108310009DED230A9DED211A30EE010A8DED230A11
:108320009DED240A9DED231A30EE010A3B98309909
:1083300000EBC10080ED000A9DED240A9DED231A9B
:1083400030EE410A3B982C9900EBC10080ED000A09
:108350003B98309900EBC10191ED010A2C9900EB9B
:10836000C10090ED011A30EE010A8DED240A3B9810
:10837000309900EBC10191ED010A2C9900EBC1008D
:1083800090ED011A30EE410A8DED160A3B982F99B7
:1083900000EBC10191ED010A2B9900EBC10090EDBA
:1083A000011A30EE010A8DED230A3B982F9900EB5C
:1083B000C10191ED010A2B9900EBC10090ED011A6A
:1083C00030EE410A8DED150A3B982E9900EBC10164
:1083D00091ED010A2A9900EBC10090ED011A30EEEF
:1083E000010A8DED180A3B982E9900EBC10191ED21
:1083F000010A2A9900EBC10090ED011A30EE410A02
:108400008DED140A3B982D9900EBC10191ED010A05
:10841000299900EBC10090ED011A30EE010A8DEDB3
:10842000210A3B982D9900EBC10191ED010A299990
:1084300000EBC10090ED011A30EE410A8DED130AF8
:108440009DED240A9DED181A30EE410A8DED1B0AB0
:108450009DED240A9DED181A30EE010A8DED240AD7
:108460009DED230A9DED211A30EE410A8DED180A8B
:108470009DED230A9DED211A30EE010A8DED230AB0
:108480009DED240A9DED231A30EE010A3B983099A8
:1084900000EBC10080ED010A9DED240A9DED231A39
:1084A00030EE410A3B982C9900EBC10080ED010AA7
:1084B0009DED1C0A9DED181A30EE010A3B982E998D
:1084C00000EBC10080ED000A9DED1C0A9DED181A1D
:1084D00030EE410A3B982A9900EBC10080ED000A7A
:1084E0009DED1B0A9DED221A30EE410A3B982E9914
:1084F00000EBC10080ED010A9DED1B0A9DED221AE3
:1085000030EE010A3B982A9900EBC10080ED010A88
:108510009DED1F0A9DED1D1A30EE410A9FED6A1A6E
:1085200020EE010A8DED240A9DED1F0A9DED1D2A06
:1085300030EE020A20EE010A8DED1F0A9DED150AAC
:108540009DED132A30EE420A20EE010A8DED230A3A
:108550009DED150A9DED132A30EE020A20EE010A68
:108560008DED150A9DED200A9DED241A30EE410A8D
:108570008DED1C0A9DED200A9DED241A30EE010AB6
:108580008DED200A9DED1E0A9DED1F1A30EE410A69
:108590008DED1D0A9DED1E0A9DED1F1A30EE010A9C
:1085A0008DED1E0A9DED160A9DED231A30EE410A4F
:1085B0008DED1B0A9DED160A9DED231A30EE010A82
:1085C0008DED160A9DED140A9DED151A30EE410A47
:1085D0008DED130A9DED140A9DED151A30EE010A7A
:1085E0008DED140A9DED200A9DED141A30EE010A5E
:1085F0003B982F9900EBC10080ED000A9DED200A09
:108600009DED141A30EE410A3B98299900EBC10008
:1086100080ED000A9DED1C0A9DED131A30EE010A53
:108620003B982B9900EBC10080ED000A9DED1C0AE0
:108630009DED131A30EE410A3B982D9900EBC100D5
:1086400080ED000A9DED160A9DED1E1A30EE410ADE
:108650003B982F9900EBC10080ED010A9DED160AB1
:108660009DED1E1A30EE010A3B98299900EBC100DE
:1086700080ED010A9DED1B0A9DED1D1A30EE410AA9
:108680003B982B9900EBC10080ED010A9DED1B0A80
:108690009DED1D1A30EE010A3B982D9900EBC100AB
:1086A00080ED010A2799309808443090FFE7309810
:1086B000BDF8EA108842FFF47FADFFE7269807284F
:1086C00004D8FFE700F05DBCF304353F002037908D
:1086D00001202590FFE73798BDF8E2100844289064
:1086E00028983790379828990844369036982899D2
:1086F000084435903598289908443490349828993E
:108700000844339033982899084432903298289935
:10871000084431903998379950F831000E903998C3
:10872000369950F831000D903998359950F831004C
:108730000C903998349950F831000B90399833994E
:1087400050F831000A903998329950F83100099068
:108750003998319950F8310008903998379900EBE1
:10876000C100406807903998369900EBC100406815
:1087700006903998359900EBC1004068059039980A
:10878000349900EBC100406804903998339900EBAC
:10879000C100406803903998329900EBC1004068ED
:1087A00002903998319900EBC100406801902598FA
:1087B0003090FFE73098269908442F902F982699FB
:1087C00008442E902E98269908442D902D9826998D
:1087D00008442C902C98269908442B902B98269985
:1087E00008442A902A982699084429903B98309961
:1087F00000EBC10191ED000A2C9900EBC10090ED56
:10880000001A30EE010A8DED240A3B98309900EBF6
:10881000C10191ED000A2C9900EBC10090ED001A06
:1088200030EE410A8DED200A3B982F9900EBC101F3
:1088300091ED000A2B9900EBC10090ED001A30EE8B
:10884000010A8DED230A3B982F9900EBC10191EDB0
:10885000000A2B9900EBC10090ED001A30EE410A9E
:108860008DED1F0A3B982E9900EBC10191ED000A96
:108870002A9900EBC10090ED001A30EE010A8DED4F
:10888000220A3B982E9900EBC10191ED000A2A992A
:1088900000EBC10090ED001A30EE410A8DED1E0A8A
:1088A0003B982D9900EBC10191ED000A299900EB4D
:1088B000C10090ED001A30EE010A8DED210A3B98BF
:1088C0002D9900EBC10191ED000A299900EBC1003F
:1088D00090ED001A30EE410A8DED1D0A9DED240A3F
:1088E0009DED221A30EE410A8DED1C0A9DED240A01
:1088F0009DED221A30EE010A8DED240A9DED230A2A
:108900009DED211A30EE410A8DED220A9DED230ADC
:108910009DED211A30EE010A8DED230A9DED240A0A
:108920009DED231A30EE010A3B98309900EBC1000F
:1089300080ED000A9DED240A9DED231A30EE410AD8
:108940008DED230A3B98309900EBC10191ED010AAE
:108950002C9900EBC10090ED011A30EE010A8DED6B
:108960001A0A3B98309900EBC10191ED010A2C994C
:1089700000EBC10090ED011A30EE410A8DED160AB0
:108980003B982F9900EBC10191ED010A2B9900EB67
:10899000C10090ED011A30EE010A8DED190A3B98E5
:1089A0002F9900EBC10191ED010A2B9900EBC10059
:1089B00090ED011A30EE410A8DED150A3B982E9983
:1089C00000EBC10191ED010A2A9900EBC10090ED85
:1089D000011A30EE010A8DED180A3B982E9900EB32
:1089E000C10191ED010A2A9900EBC10090ED011A35
:1089F00030EE410A8DED140A3B982D9900EBC10130
:108A000091ED010A299900EBC10090ED011A30EEB9
:108A1000010A8DED170A3B982D9900EBC10191EDEC
:108A2000010A299900EBC10090ED011A30EE410ACC
:108A30008DED130A9DED1A0A9DED181A30EE410ACC
:108A40008DED1B0A9DED1A0A9DED181A30EE010AF4
:108A50008DED1A0A9DED190A9DED171A30EE410AA7
:108A60008DED180A9DED190A9DED171A30EE010AD9
:108A70008DED190A9DED1C0A9DED181A30EE010AC4
:108A80008DED240A9DED1C0A9DED181A30EE410A69
:108A90008DED1C0A9DED1A0A9DED191A30EE010AA2
:108AA0003B98309900EBC10080ED010A9DED1A0A58
:108AB0009DED191A30EE410A8DED190A9DED1B0A44
:108AC0009DED221A30EE410A8DED1A0A9DED1B0A2A
:108AD0009DED221A30EE010A8DED1B0A9DED0B0A69
:108AE0009DED231A20EE010A8DED120A9DED040A78
:108AF0009DED191A20EE010A8DED110A9DED0B0A6C
:108B00009DED191A20EE010A8DED100A9DED040A63
:108B10009DED231A20EE010A8DED0F0A9DED120A3C
:108B20009DED111A30EE010A3B982C9900EBC10023
:108B300080ED000A9DED100A9DED0F1A30EE410AFE
:108B40003B982C9900EBC10080ED010A9DED0D0AC8
:108B50009DED241A20EE010A8DED120A9DED060A04
:108B60009DED1A1A20EE010A8DED110A9DED0D0AF8
:108B70009DED1A1A20EE010A8DED100A9DED060AF0
:108B80009DED241A20EE010A8DED0F0A9DED120ACB
:108B90009DED111A30EE010A3B982E9900EBC100B1
:108BA00080ED000A9DED100A9DED0F1A30EE410A8E
:108BB0003B982E9900EBC10080ED010A9DED090A5A
:108BC0009DED1C1A20EE010A8DED120A9DED020AA0
:108BD0009DED1B1A20EE010A8DED110A9DED090A8B
:108BE0009DED1B1A20EE010A8DED100A9DED020A83
:108BF0009DED1C1A20EE010A8DED0F0A9DED120A63
:108C00009DED111A30EE010A3B982A9900EBC10044
:108C100080ED000A9DED100A9DED0F1A30EE410A1D
:108C20003B982A9900EBC10080ED010A9DED1F0AD7
:108C30009DED1D1A30EE410A9FEDD31A20EE010A78
:108C40008DED240A9DED1F0A9DED1D2A30EE020ACE
:108C500020EE010A8DED1F0A9DED150A9DED132AE8
:108C600030EE420A20EE010A8DED1A0A9DED150A3A
:108C70009DED132A30EE020A20EE010A8DED150A51
:108C80009DED200A9DED241A30EE410A8DED1C0A5F
:108C90009DED200A9DED241A30EE010A8DED200A8B
:108CA0009DED1E0A9DED1F1A30EE410A8DED1D0A45
:108CB0009DED1E0A9DED1F1A30EE010A8DED1E0A74
:108CC0009DED160A9DED1A1A30EE410A8DED1B0A34
:108CD0009DED160A9DED1A1A30EE010A8DED160A69
:108CE0009DED140A9DED151A30EE410A8DED130A23
:108CF0009DED140A9DED151A30EE010A8DED140A52
:108D00009DED200A9DED141A30EE010A8DED240A26
:108D10009DED200A9DED141A30EE410A8DED200ADA
:108D20009DED1C0A9DED131A30EE010A8DED1F0A10
:108D30009DED1C0A9DED131A30EE410A8DED1C0AC3
:108D40009DED160A9DED1E1A30EE410A8DED1A0AB0
:108D50009DED160A9DED1E1A30EE010A8DED160AE4
:108D60009DED1B0A9DED1D1A30EE410A8DED150A91
:108D70009DED1B0A9DED1D1A30EE010A8DED1B0ABB
:108D80009DED0E0A9DED241A20EE010A8DED120ACA
:108D90009DED070A9DED1A1A20EE010A8DED110ACC
:108DA0009DED0E0A9DED1A1A20EE010A8DED100AB6
:108DB0009DED070A9DED241A20EE010A8DED0F0AA4
:108DC0009DED120A9DED111A30EE010A3B982F9984
:108DD00000EBC10080ED000A9DED100A9DED0F1A19
:108DE00030EE410A3B982F9900EBC10080ED010A5B
:108DF0009DED080A9DED201A20EE010A8DED120A64
:108E00009DED010A9DED161A20EE010A8DED110A65
:108E10009DED080A9DED161A20EE010A8DED100A4F
:108E20009DED010A9DED201A20EE010A8DED0F0A3D
:108E30009DED120A9DED111A30EE010A3B98299919
:108E400000EBC10080ED000A9DED100A9DED0F1AA8
:108E500030EE410A3B98299900EBC10080ED010AF0
:108E60009DED0A0A9DED1F1A20EE010A8DED120AF2
:108E70009DED030A9DED151A20EE010A8DED110AF4
:108E80009DED0A0A9DED151A20EE010A8DED100ADE
:108E90009DED030A9DED1F1A20EE010A8DED0F0ACC
:108EA0009DED120A9DED111A30EE010A3B982B99A7
:108EB00000EBC10080ED000A9DED100A9DED0F1A38
:108EC00030EE410A3B982B9900EBC10080ED010A7E
:108ED0009DED0C0A9DED1C1A20EE010A8DED120A83
:108EE0009DED050A9DED1B1A20EE010A8DED110A7C
:108EF0009DED0C0A9DED1B1A20EE010A8DED100A66
:108F00009DED050A9DED1C1A20EE010A8DED0F0A5C
:108F10009DED120A9DED111A30EE010A3B982D9934
:108F200000EBC10080ED000A9DED100A9DED0F1AC7
:108F300030EE410A3B982D9900EBC10080ED010A0B
:108F40002799309808443090FFE73098BDF8EA1030
:108F50008842FFF42FACFFE7259801302590FFE70A
:108F6000259826998842FFF4B6ABFFE7BDF8E200EA
:108F7000C000ADF8E200FFE7269807283FF614A9E5
:108F8000FFE73CB0704700BFF304353F000000002E
:108F900080B584B00390029103988DF8070042F6E3
:108FA000F040C2F202400DF1070101220A23F7F757
:108FB00027FB039804B080BD2DE9F04F9BB0002043
:108FC0001A90F9F735F9F0F7CBFCFBF735FAF9F71A
:108FD000FBF9F9F7BDF9F9F757F9F9F761FAF9F77C
:108FE00097FAF9F7D9FAF9F71FFBFDF709FDFAF738
:108FF0006BFCF7F7B5FBEAF7BBFF38B1FFE740F2D0
:109000002030C0F60200E7F7B7FAFFE740F20C2085
:10901000C0F60200E7F7B0FA40F24620C0F60200C0
:10902000E7F7AAFA40F60000C5F602000068C0F3B0
:10903000815140F60C00C5F602000068C0F3815271
:1090400040F62400C5F602000068C0F3033340F682
:109050001000C5F602000068C0F3C020EC46CCF852
:10906000000040F29C30C0F60200E7F785FA40F2BB
:10907000DB40C0F60200E7F77FFAFFE7E9F794FC70
:10908000F7F7D6FBEBF724F8F0F752FC4AF20C2185
:10909000C2F200410968401AB0F57A7F5DD3FFE75C
:1090A000EAF75EFF1990F0F743FC4AF20C21C2F296
:1090B0000041086019980E90437901780F91427829
:1090C0008178109190F803E00489C56806694769C2
:1090D000D0F81880D0F81C9040F60000C5F60200C9
:1090E0000068C0F3815A40F60C00C5F60200006823
:1090F000C0F3815B40F62400C5F602000068C0F3AF
:10910000033C40F61000C5F602000068C0F3C02022
:1091100069461191C8620F991198C0F828C010983B
:10912000DDF844C0CCF824B0CCF820A0CCF81C90DA
:10913000CCF81880CCF81470CCF81060CCF80C5037
:10914000CCF80840CCF804E0CCF8000040F2CD3078
:10915000C0F60200E7F710FAFFE7EAF7F1FE002891
:1091600000F0F080FFE7EAF7FBFE1890EAF7F0FE68
:109170001790E9F795FE8DF85B001798189A1189FA
:10918000D2684AF2BC13C2F20043FAF70DFC002881
:1091900064D0FFE74AF2BC10C2F20040416890ED93
:1091A000020A90ED031A90ED042AB7EEC00AB7EE5A
:1091B000C11AB7EEC22A027D836CD0F84CC0684653
:1091C000C0F818C04361026180ED022B80ED001BE6
:1091D00053EC102B40F27C40C0F60200E7F7CCF9CC
:1091E00000201590FFE715984AF2BC11C2F2004129
:1091F000097D884226D2FFE715994AF2BC10C2F2D7
:10920000004000EB0110017E90ED070A90ED081A76
:1092100090ED092AB7EEC00AB7EEC11AB7EEC22A1E
:10922000684680ED022B80ED001B53EC102B40F2C2
:10923000E720C0F60200E7F79FF9FFE71598013035
:109240001590D0E7FAF738FB01464AF2BC10C2F29B
:1092500000404FF4F072F7F7AFFB0EE040F24350DE
:10926000C0F60200F7F728FB1898018940F2433056
:10927000C0F60200E7F780F9FFE79DF85B000128E0
:1092800027D1FFE71898018940F28C20C0F6020030
:10929000E7F772F900201490FFE714990020B0EB73
:1092A000113F0FD1FFE71798149930F9111040F2D0
:1092B000E220C0F60200E7F75FF9FFE714980130FB
:1092C0001490EAE740F2C020C0F60200E7F754F934
:1092D00035E09DF85B00022830D1FFE7FAF7ECFAA1
:1092E0001390189800890D90FAF7DEFA0D9902464E
:1092F00040F26A30C0F602004FF4F073E7F73CF931
:1093000000201290FFE7129840090E280FD8FFE7BF
:109310001398129930F9111040F2E220C0F60200C1
:10932000E7F72AF9FFE7129801301290EBE740F2D5
:10933000CF20C0F60200E7F71FF9FFE7FFE7EAF7E3
:1093400087FEFFE79AE65FEA400C08BF91F0000F46
:109350004FEA8C234FEAC12243EA51514FEA1C5095
:1093600018BF00F5F0404FEA300018BF41F000414F
:109370005FEA6C5C00F02980BCF1FF3F08BF40F061
:1093800080407047130C06BF12044FF0100C4FF0D2
:10939000000C130E04BF12020CF1080C130F04BFD3
:1093A00012010CF1040C930F04BF92000CF1020C9B
:1093B000D30F04BF52000CF1010C11464FF0000214
:1093C000A0F11F00A0EB0C00704711F0004F08BF88
:1093D000704731F000413FF4D5AF0B0C06BF0904D4
:1093E0004FF0100C4FF0000C0B0E04BF09020CF1F3
:1093F000080C0B0F04BF09010CF1040C8B0F04BF08
:1094000089000CF1020CCB0F04BF49000CF1010CD8
:10941000CCF1200322FA03F341EA030102FA0CF231
:10942000A0EB0C0000F101007047000023F07F4723
:1094300020F07F4C80EA030000F00040ACEB070313
:1094400003F57C5303F1FF032DE9804909B44FEA8A
:10945000144324EA03484FEA154B25EA0B4E0FF25A
:10946000042606EB13273E7803FB0667C7F50007C3
:1094700007FB06F64FEAD64606F102064FEA5437D6
:1094800007FB066CCCF1005C4FEA1C472CEA074C4A
:109490000CFB06F507FB06F404EB15464FEA96169F
:1094A00049085FEA320234BF00204FF000404FEA23
:1094B000D13706FB07FC4FEA1C4C0CFB0BF7D21B09
:1094C00003FB0CF761EB07010CFB0EF7B0EB074059
:1094D00072EB17420CFB08F734BFA2EB0742B2EB6A
:1094E000074261EB17414FEA0C444FEA910706FB34
:1094F00007FC4FEA1C4C0CFB0BF7B0EBC74072EBC0
:10950000573203FB0CF734BFA2EBC742B2EBC742A2
:1095100061EB57310CFB0EF7B0EBC70072EB5772E3
:109520000CFB08F734BFA2EBC702B2EBC70261EB3A
:1095300057714FEA816141EA92114FEA826242EA31
:1095400090124FEA806004EBCC04039F4FEAD137BE
:1095500006FB07FC4FEA1C4C0CFB0BF7D21B03FB72
:109560000CF761EB07010CFB0EF7B0EB074072EB59
:1095700017420CFB08F734BFA2EB0742B2EB0742DD
:1095800061EB17414FEA8C5504EB9C244FEA91079D
:1095900006FB07FC4FEA1C4C0CFB0BF7B0EBC7407B
:1095A00072EB573203FB0CF734BFA2EBC742B2EBAE
:1095B000C74261EB57310CFB0EF7B0EBC70072EB03
:1095C00057720CFB08F734BFA2EBC702B2EBC7021D
:1095D00061EB57714FEA816141EA92114FEA826271
:1095E00042EA90124FEA806015EB4C2544F10004EA
:1095F0004FEAD13706FB07FC4FEA1C4C0CFB0BF77C
:10960000D21B03FB0CF761EB07010CFB0EF7B0EB71
:10961000074072EB17420CFB08F734BFA2EB07427E
:10962000B2EB074261EB17414FEA813141EA9241C7
:109630004FEA823242EA90424FEA80304FEA0C769B
:1096400015EB1C1544F1000448EA03434EEA0B48AD
:109650004FF0000EB2EB080C71EB030724BF62461B
:1096600039464EEB0E0E4FF0000B001852414941A7
:109670004BEB0B0BB2EB080C71EB03077BF1000B10
:1096800024BF624639464EEB0E0E4FF0000B001819
:10969000524149414BEB0B0BB2EB080C71EB03074A
:1096A0007BF1000B24BF624639464EEB0E0E51EAA9
:1096B000020718BF46F0010616EB0E7655F10002C0
:1096C00054F1000103D5BDE88901BDE80088BDE87B
:1096D0008901BDE80048B619524141EB0101A3F1EF
:1096E0000103704780807F7E7D7C7B7A79787776F6
:1096F00076757473727171706F6E6E6D6C6C6B6A6F
:109700006A6968686766666564646363626161600C
:10971000605F5F5E5E5D5D5C5C5B5B5A5A59595889
:1097200058575756565555555454535352525251F3
:10973000515050504F4F4F4E4E4D4D4D4C4C4C4B49
:109740004B4B4A4A4A494949484848474747474690
:1097500046464545454444444443434343424242CC
:10976000424141419C46002B30D477002BD04FEA38
:1097700037071CB503B44FF010004FF01001BAF1D9
:10978000000F06D0BCF1000FDCBF40F0080040F035
:1097900008014FF000000FBCBDE810400BF1010BB9
:1097A000BBF1010F08BF5FEA170722BF12F10102E8
:1097B00011F101014FF0004143F1000300F00040BE
:1097C00043EA00007047F9D35708D0E746EA064657
:1097D0004FEA164613F1400F1FDD13F1200FDFBFD4
:1097E00016430A46002120335B42BED0C3F1200756
:1097F00046EA06464FEA164602FA07F746EA070621
:1098000022FA03F2C3F1200701FA07F742EA07023E
:1098100021FA03F14FF00003A7E746EA020646EA01
:1098200006464FEA164646EA0106BCBF46EA064629
:10983000360C4FF000034FF000024FF0000194E7A8
:109840002DE9804C70B49A46934691E8380007C8D9
:1098500031EA400C48BF34EA430C03D5FFF7E6FD7C
:10986000FFF780FFF0BCBDE8008C2DE9804C70B4A0
:109870009A46934691E8380007C810F0804F08BF19
:1098800013F0804F03D100F005F8FFF76BFFF0BC39
:10989000BDE8008C20F07F4723F07F4C80EA030076
:1098A00000F0004007EB0C03A3F57C53A3F1FE038B
:1098B00092F0000F00F0B38095F0000F00F0778079
:1098C0002DE901494FEA114021EA00484FEA1446C8
:1098D00024EA064700FB06FC08FB06F607FB08F82F
:1098E00018EB06484CEB164C00FB07F718EB074843
:1098F0004CEB17404FEA124B22EA0B4E4FEA15464B
:1099000025EA06470BFB06FC0EFB06F607FB0EFEE0
:109910001EEB064E4CEB164C0BFB07F71EEB074EEF
:109920004CEB174B18EB0B0840F1000018EB0E0B3B
:1099300058EB000840F100008F1A4FF000014FF083
:1099400000063CBFC943661B14BFB5EB040C0021E5
:109950003CBFC943F61B4FEA174427EA04454FEAC8
:109960001C472CEA074C04FB076205FB07F70CFBBE
:1099700005F616EB074642EB174204FB0CFC16EB10
:109980000C4642EB1C421BEB060658EB020241411F
:109990004EEA8E0E46EA9E0601D5BDE80189B6194B
:1099A000524141EB0101A3F10103BDE801894FEAF6
:1099B000144524EA05464FEA114721EA074C05FB06
:1099C00007F406FB07F70CFB06F111EB074144EB2C
:1099D000174405FB0CFC11EB0C4144EB1C444FEA13
:1099E000124722EA074C05FB07F206FB07F70CFBC0
:1099F00006F616EB074642EB174205FB0CFC16EB8E
:109A00000C4642EB1C456A1854F1000148BF7047F0
:109A1000B619524141EB0101A3F10103704795F0E2
:109A2000000F37D04FEA114221EA02464FEA1447AD
:109A300024EA074C02FB07F106FB07F70CFB06F4D0
:109A400014EB074441EB174102FB0CFC14EB0C44F4
:109A500041EB1C414FEA154725EA074C02FB07F58D
:109A600006FB07F70CFB06F616EB074645EB17451A
:109A700002FB0CFC16EB0C4645EB1C42121951F193
:109A8000000148BF7047B619524141EB0101A3F1F3
:109A9000010370474FEA144524EA05464FEA11478F
:109AA00021EA074C05FB07F106FB07F70CFB06F262
:109AB00012EB074241EB174105FB0CFC12EB0C4289
:109AC00051EB1C414FF0000648BF7047921841EB24
:109AD0000101A3F10103704703B40198410000980C
:109AE00050EAC12018BF04204A0D18BF40F0010001
:109AF00040F2FF72B2EB515F08BF40F00200012854
:109B000008BF052002B070474100080218BF0420BA
:109B10000A0E18BF40F001004FF07F4232EA010107
:109B200008BF40F00200012808BF05207047000070
:109B300070B54FF068422DED048BF0EE408A18EEC0
:109B4000900AB0EE608A18EE101A02EB4003B3F1EF
:109B5000654F3CBF02EB4102B2F1654F7DD200BFC1
:109B6000C0F3C753C1F3C7529A1A1B2A09DD10F07C
:109B7000004F14BF9FED830A9FED830ABDEC048B59
:109B800070BD12F11A0F36DA11F0004F09D010F043
:109B9000004F0CBF9FED7D0A9FED7D0ABDEC048B4D
:109BA00070BD88EE889A19EE100AFFF7ADFF042801
:109BB00008BF00F0AFFA18EE900AFFF7A5FF0546C0
:109BC00018EE100AFFF7A0FF044619EE100AFFF77F
:109BD0009BFF042D18BF052D08D1042C18BF052CA0
:109BE00004D1002804BF0220E6F7D4FDB0EE490AF4
:109BF000BDEC048B70BD4200B2EB410F3AD910F0BE
:109C0000004F19BFDFED630A9FED630ADFED630AC2
:109C10009FED630AB0EE481A0A46B1EE688A80F0FA
:109C20000041F0EE418A10460A1A5200B2F1807FDC
:109C300034D2484010F0004FDFED5A1A9FED5A2AF7
:109C40001DBFBEEE001A70EEE10A30EE420AB6EE1B
:109C5000001A08BF70EEA10A00E040E008BF30EE35
:109C6000020AB0EE682A01EE482A08EE818AC2EEA6
:109C7000081A15E011F0004F04BF9FED4C0AF0EEFA
:109C8000400AD1D010F0004F19BFDFED490A9FED17
:109C9000490ADFED490A9FED490AC5E7C8EE881A6F
:109CA00021EEA11A9FED462ADFED462A41EE022A57
:109CB0009FED452A01EE222ADFED442A41EE022AD9
:109CC0009FED432ABDEC048B01EE222A21EE811A7E
:109CD00001EE020A30EE210A30EE200A70BD4FF08C
:109CE0007F42B2EB400F28BFB2EB410F09D2F0EE3A
:109CF000480AB0EE680ABDEC048BBDE8704000F085
:109D0000FDB940EA01035B0008BF41F0FF410BD001
:109D1000B2EB400F08BFB2EB410F08D120F08040FA
:109D200008EE900A21F0804108EE101A18E7B2EB15
:109D3000400F12BF5FEA410340F0FF4001F00041D5
:109D40003FF40EAFB2EB410F12BF5FEA400200F0EA
:109D5000004041F0FF413FF403AF4A0092EA400364
:109D60003FF5FEAE002AACBF9FED1A0A9FED1A0A1E
:109D700068EE808A28EE008A18EE900A18EE101A13
:109D8000EEE60000DB0FC9BFDB0FC93FDB0F494028
:109D9000DB0F49C00000C9BF22AAFDB90000C93FBE
:109DA00022AAFD390060ED3EC30ACE370000000054
:109DB000000049C022AA7DBA0000494022AA7D3A8B
:109DC0002DAD65BD8FB8D53D0FB511BE61C84C3EF8
:109DD000A8AAAABE0000804F0000802F10EE101A23
:109DE00008B5444A6846B2EB410F28D94FF0E64027
:109DF000B0EB410F94BF00204FF0FF30009000986F
:109E0000002861DB60EE000A10F0010F45D010F071
:109E1000020FDFED391A9FED391A00EEA11ADFEDBE
:109E2000381A40EE811A21EEA01AF0EE400A40EEF8
:109E3000010A08BFF1EE600AB0EE600A08BD314BBE
:109E400021F0004293423CD911F0004FDFED2E0A81
:109E500020EE201ADFED2D0A19BF31EE601A71EEE7
:109E6000200A31EE201A71EE600ABDEEE01A11EE02
:109E7000100A9FED271A00F0030000EEC10A9FEDC3
:109E8000251A009000EEC10A9FED231A00EEC10AC8
:109E90009FED221A00EEC10AB1E79FED211A9FED56
:109EA000210A10F0020F00EE810A9FED1F1A00EE4A
:109EB000801AB7EE000A00EE810A18BFB1EE400A20
:109EC00008BD00F02FF99AE710EE100A4000B0F13B
:109ED0007F4F3CBFB7EE000A08BD07D14FF001002D
:109EE000E6F758FCBDE8084000F00CB9BDE80840B2
:109EF00000F001B9B61F927E336D4CB9DA82083C8E
:109F0000A0AA2ABE490E494683F9223F0000004B11
:109F10000000C93F00A0FD390020A2331A61342C93
:109F2000B93AB2BACA9F2A3DDDFFFFBE00B510EEB6
:109F3000101A2DED028B81B0524A6846B2EB410FE8
:109F40002ED94FF0E640B0EB410F94BF00204FF008
:109F5000FF3000900098B0EE408A00286ADB10F0D5
:109F6000010F4BD068EE080A9FED471A9FED470A94
:109F700000EE810A9FED461A10F0020F00EE801AE3
:109F8000B7EE000A00EE810A02BF01B0BDEC028B01
:109F900000BD00BF01B0B1EE400ABDEC028B00BDB8
:109FA0003C4B21F00042934241D911F0004FDFEDCC
:109FB0003A0A20EE201ADFED390A19BF31EE601A95
:109FC00071EE200A31EE201A71EE600ABDEEE01A41
:109FD00011EE100A9FED321A00F0030000EEC10AE4
:109FE0009FED301A009000EEC10A9FED2F1A00EE8F
:109FF000C10A9FED2E1A00EEC10AABE728EE080A4F
:10A000009FED2B1ADFED2B0A10F0020F40EE010A34
:10A010009FED291A00EE201A61EE000AB0EE480A00
:10A0200008EE200AB6D101B0BDEC028B00BD00F0F5
:10A0300079F88FE718EE100A4000B0F17F4F0DD28B
:10A0400018EE100AFFF760FD042808BF00F062F860
:10A05000B0EE480A01B0BDEC028B00BD09D1012071
:10A06000E6F798FB01B0BDEC028B5DF804EB00F065
:10A0700049B801B0B0EE480ABDEC028B5DF804EBC4
:10A0800000F039B8B61F927EB93AB2BACA9F2A3DDB
:10A09000DDFFFFBE490E494683F9223F0000004B19
:10A0A0000000C93F00A0FD390020A2331A61342C02
:10A0B000336D4CB9DA82083CA0AA2ABE10B52DED4A
:10A0C000028BB1EEC08A18EE100A20F00040C0F1F9
:10A0D000FF40C00F0AD010EE100A20F00040C0F17F
:10A0E000FF40C00F04BF0120E6F754FBB0EE480A62
:10A0F000BDEC028B10BD30EE000A704730EE200A36
:10A1000070470000DFED020A80EEA00A70470000F1
:10A11000000000009FED020A20EE000A70470000D8
:10A12000000000102DE9F0014FF07F42B2EB410F2B
:10A130009FBF4FF0FF310160BDE8F00170474FF065
:10A14000004242EA0123C1F3C752783A551112F096
:10A150001F0C434CCCF120067C44C1F3C752A2F142
:10A1600078024FEA621204EB820254F8254008BFDD
:10A17000D2E9015612D0556804FA0CF425FA06F714
:10A180003C43976805FA0CF527FA06F8D26807FAF7
:10A190000CFCF24045EA08054CEA0206A4FB034C1D
:10A1A000A5FB0352A6FB03631D449D4234BF012659
:10A1B00000261319334416B1934202D903E09342A7
:10A1C00001D2012200E00022624402F1200C92063A
:10A1D000DC0C42EA443200EE102A5B03DFED210A78
:10A1E000F8EEC01A00EE103A4FEA9C1C11F0004F36
:10A1F000B8EE400AC0F800C020EE201A00EE105A57
:10A20000DFED190AB8EE400A20EE200A71EE810A4D
:10A2100070EE800A10EE902A02F500626FF30B02D6
:10A2200000EE902A70EEE11A31EEC11ADFED101A3D
:10A2300030EE411A9FED0D0A20EE800A01EE210A50
:10A240009FED0C1A00EE810A04BFBDE8F0017047D3
:10A25000CCF180510160BDE8F001B1EE400A7047D9
:10A26000EC010000000000360000802C22AAFD292D
:10A27000DB0FC92F0000C92F30380A2801D2012076
:10A28000704700207047000010B500290AD00878F8
:10A29000002807D005487844E6F736FA002801D0B0
:10A2A000002010BD0248784410BD0000E6640100A3
:10A2B000DE64010010B500290AD00878002807D014
:10A2C00005487844E6F720FA002801D0002010BDA8
:10A2D0000248784410BD0000D6640100CE6401003D
:10A2E000F1EE100A4FF6FF71C0F2C03120EA010012
:10A2F00040F04070E1EE100A7047E6F791BEE6F7D5
:10A30000C5BF000000000000000000003031323303
:10A310003435363738394142434445464030580099
:10A3200030313233343536373839616263646566CB
:10A330004030780004000008000000000000000227
:10A340000001000010000000000000006E83F9A270
:10A350002915444ED15727FCC0DD34F5999562DBB1
:10A360004190433CAB6351FE3031323334353637A4
:10A370003839616263646566787000303132333435
:10A3800035363738394142434445465850003A74CF
:10A3900074003A7474003A747400000002400000C3
:10A3A000000000A00000000005400000000000C800
:10A3B000000000000C4000000000409C0000000075
:10A3C000194000000020BCBE000000003440000026
:10A3D000BFC91B8E00000004B5400000504BCFD019
:10A3E0006607E2CF010000006C4100003E8251AAE6
:10A3F000DFEEA73401000000D9420000DCB5A0E286
:10A400003A301F97FFFFFFFFB4450000FD25A0C8AD
:10A41000E9A3C14FFFFFFFFFFF3F000000000080E6
:10A4200000000000FF3F000000000080000000006E
:10A4300000000000010203040102030406070809EA
:10A4400000061016000610167906020876050208A6
:10A450006B06020885060208B9060208C50602084E
:10A46000CB060208A7060208AD060208D1060208BC
:10A47000BE060208FFFFFF080402040801010101F3
:10A4800001010307010000000100020004000600B2
:10A4900008000A000C0010002000400080000001AD
:10A4A0000800001010000002180000122000000434
:10A4B0002800001430000006380000164000000894
:10A4C000480000185000000A5800001A6000000CF4
:10A4D0006800001C7000000E7800001E800000085C
:10A4E000880040109000400298004012A0004004F4
:10A4F000A8004014B0004006B8004016C000400854
:10A50000C8004018D000400AD800401AE000400CB3
:10A51000E800401CF000400EF800401E000100085A
:10A5200008018010100180021801801220018004AF
:10A53000280180143001800638018016400180080F
:10A54000480180185001800A5801801A6001800C6F
:10A550006801801C7001800E7801801E8001400817
:10A560008801C0109001C0029801C012A001C0046F
:10A57000A801C014B001C006B801C016C001C008CF
:10A58000C801C018D001C00AD801C01AE001C00C2F
:10A59000E801C01CF001C00EF801C01E0002000856
:10A5A0000802001110020003180200132002000527
:10A5B0002802001530020007380200174002000987
:10A5C000480200195002000B5802001B6002000DE7
:10A5D0006802001D7002000F7802001F80028008D0
:10A5E000880240119002400398024013A0024005E7
:10A5F000A8024015B0024007B8024017C002400947
:10A60000C8024019D002400BD802401BE002400DA6
:10A61000E802401DF002400FF802401F000340080E
:10A6200008038011100380031803801320038005A2
:10A630002803801530038007380380174003800902
:10A64000480380195003800B5803801B6003800D62
:10A650006803801D7003800F7803801F8003C0088B
:10A660008803C0119003C0039803C013A003C00562
:10A67000A803C015B003C007B803C017C003C009C2
:10A68000C803C019D003C00BD803C01BE003C00D22
:10A69000E803C01DF003C00FF803C01F0004001042
:10A6A00008040810100400111804081220040810EF
:10A6B0002804081430040806380408164004080862
:10A6C000480408185004080A5804081A6004080CC2
:10A6D0006804081C7004080E7804081E8004001822
:10A6E000880448109004001998044812A00408181F
:10A6F000A8044814B0044806B8044816C004480822
:10A70000C8044818D004480AD804481AE004480C81
:10A71000E804481CF004480EF804481E00054010E8
:10A7200008058810100540111805881220054810EA
:10A7300028058814300588063805881640058808DD
:10A74000480588185005880A5805881A6005880C3D
:10A750006805881C7005880E7805881E80054018DD
:10A760008805C810900540199805C812A00548181A
:10A77000A805C814B005C806B805C816C005C8089D
:10A78000C805C818D005C80AD805C81AE005C80CFD
:10A79000E805C81CF005C80EF805C81E00068010A4
:10A7A00008060811100680111806081320068810E4
:10A7B0002806081530060807380608174006080955
:10A7C000480608195006080B5806081B6006080DB5
:10A7D0006806081D7006080F7806081F8006801896
:10A7E000880648119006801998064813A006881814
:10A7F000A8064815B0064807B8064817C006480915
:10A80000C8064819D006480BD806481BE006480D74
:10A81000E806481DF006480FF806481F0007C0105C
:10A82000080788111007C011180788132007C810DF
:10A8300028078815300788073807881740078809D0
:10A84000480788195007880B5807881B6007880D30
:10A850006807881D7007880F7807881F8007C01851
:10A860008807C8119007C0199807C813A007C8180F
:10A87000A807C815B007C807B807C817C007C80990
:10A88000C807C819D007C80BD807C81BE007C80DF0
:10A89000E807C81DF007C80FF807C81F0808101000
:10A8A0001008400818081012200800112808101479
:10A8B0003008801138081016480810185008100A7F
:10A8C0005808101A6008100C6808101C7008100E48
:10A8D0007808101E8008000A880850109008000BA5
:10A8E00098085012A008080AA8085014B008080BCD
:10A8F000B8085016C008100AC8085018D008500AE6
:10A90000D808501AE008500CE808501CF008500E07
:10A91000F808501E080990101009800918099012B3
:10A920002009001928099014300980193809901657
:10A930004009000B480990185009900A5809901ACC
:10A940006009900C6809901C7009900E7809901E9F
:10A950008009400A8809D0109009400B9809D0124C
:10A96000A009480AA809D014B009480BB809D016A4
:10A97000C009500AC809D018D009D00AD809D01A7D
:10A98000E009D00CE809D01CF009D00EF809D01E5F
:10A99000080A1011180A1013200A4011280A10156D
:10A9A000300AC011380A1017480A1019500A100B43
:10A9B000580A101B600A100D680A101D700A100F4B
:10A9C000780A101F880A5011900A800B980A5013B9
:10A9D000A00A5011A80A5015B00A880BB80A5017DF
:10A9E000C00A800BC80A5019D00A500BD80A501B55
:10A9F000E00A500DE80A501DF00A500FF80A501FE7
:10AA0000080B9011180B9013200B4019280B901570
:10AA1000300BC019380B9017480B9019500B900B46
:10AA2000580B901B600B900D680B901D700B900FD6
:10AA3000780B901F880BD011900BC00B980BD01384
:10AA4000A00B5019A80BD015B00BC80BB80BD01722
:10AA5000C80BD019D80BD01BE00BD00DE80BD01DC4
:10AA6000F00BD00FF80BD01F000C0012080C1810C0
:10AA7000100C0013180C1812200C0812280C1814B3
:10AA8000300C0813380C1816400C1012480C18180B
:10AA9000500C1013580C181A600C1812680C181C63
:10AAA000700C180E780C181E800C001A880C5810A8
:10AAB000900C001B980C5812A00C081AA80C5814E3
:10AAC000B00C081BB80C5816C00C101AC80C58183B
:10AAD000D00C101BD80C581AE00C181AE80C581C93
:10AAE000F00C580EF80C581E000D4012080D98106E
:10AAF000100D4013180D9812200D4812280D9814AF
:10AB0000300D4813380D9816400D5012480D981806
:10AB1000500D5013580D981A600D5812680D981C5E
:10AB2000700D980E780D981E800D401A880DD81063
:10AB3000900D401B980DD812A00D481AA80DD814DE
:10AB4000B00D481BB80DD816C00D501AC80DD81836
:10AB5000D00D501BD80DD81AE00D581AE80DD81C8E
:10AB6000F00DD80EF80DD81E000E8012080E181128
:10AB7000100E8013180E1813200E8812280E1815A8
:10AB8000300E8813380E1817400E9012480E181900
:10AB9000500E9013580E181B600E9812680E181D58
:10ABA000700E180F780E181F800E801A880E58111C
:10ABB000900E801B980E5813A00E881AA80E5815D8
:10ABC000B00E881BB80E5817C00E901AC80E581930
:10ABD000D00E901BD80E581BE00E981AE80E581D88
:10ABE000F00E580FF80E581F000FC012080F9811E2
:10ABF000100FC013180F9813200FC812280F9815A4
:10AC0000300FC813380F9817400FD012480F9819FB
:10AC1000500FD013580F981B600FD812680F981D53
:10AC2000700F980F780F981F800FC01A880FD811D7
:10AC3000900FC01B980FD813A00FC81AA80FD815D3
:10AC4000B00FC81BB80FD817C00FD01AC80FD8192B
:10AC5000D00FD01BD80FD81BE00FD81AE80FD81D83
:10AC6000F00FD81BF80FD81F08102010101040103C
:10AC700018102012281020143010881038102016B8
:10AC80004010001148102018501040115810201A80
:10AC9000601008126810201C701088127810201E96
:10ACA0008010001288100812901040129810601244
:10ACB000A0102012A8106014B0106012B810601616
:10ACC000C0100013C8106018D0104013D810601ABC
:10ACD000E0101812E810601CF0109812F810601EB6
:10ACE00008112012101140111811A012201108187B
:10ACF0002811A014301188183811A0164811A01876
:10AD00005811A01A6011081A6811A01C7011881A35
:10AD10007811A01E80111012881118129011501273
:10AD20009811E012A0111818A811E014B011981889
:10AD3000B811E016C0111013C811E018D01150134B
:10AD4000D811E01AE011181AE811E01CF011981A55
:10AD5000F811E01E0012001808120818101240180E
:10AD600018122013201220182812201530126018F3
:10AD70003812201740120019481220195012401999
:10AD80005812201B601220196812201D7012C81260
:10AD90007812201F8012001A8812081A9012401A86
:10ADA00098126013A012201AA8126015B012601A2F
:10ADB000B8126017C012001BC8126019D012401BD5
:10ADC000D812601BE012201BE812601DF012601BFD
:10ADD000F812601F001310180813181810135018D9
:10ADE0001813A013201348182813A0153013C818DF
:10ADF0003813A017401310194813A01950135019F5
:10AE00005813A01B6013481A6813A01D7013C81AAA
:10AE10007813A01F8013101A8813181A9013501A51
:10AE20009813E013A0135818A813E015B013D818FE
:10AE3000B813E017C013101BC813E019D013501B30
:10AE4000D813E01BE013581AE813E01DF013D81ACA
:10AE5000F813E01F081420141014001518142015FE
:10AE600030140815381428164014001548142818F2
:10AE7000501410155814281A601420156814281C32
:10AE8000701418157814281E8014001C8814201CB7
:10AE90009014001D9814201DA014081CA814281C30
:10AEA000B014081DB8146816C014101CC814681813
:10AEB000D014101DD814681AE014181CE814681C6B
:10AEC000F014181DF814681E0815201510154015EB
:10AED00018156015201528182815281C3015481538
:10AEE0003815A8164815A8185815A81A6015281A54
:10AEF0006815A81C7015A81A7815A81E8015401C86
:10AF00008815601C9015401D9815601DA015481CE3
:10AF1000A815681CB015481DB815E816C015501CBA
:10AF2000C815E818D015501DD815E81AE015581C9A
:10AF3000E815E81CF015581DF815E81E0016001C51
:10AF40000816081C1016401C1816481C2016201C39
:10AF50002816281C3016601C381628174016001DAD
:10AF6000481628195016401D5816281B6016201D1B
:10AF70006816281D7016601D7816281F8016801C04
:10AF80008816A01C9016801D9816A01DA016881C5F
:10AF9000A816A81CB016881DB8166817C016901CF5
:10AFA000C8166819D016901DD816681BE016981C94
:10AFB000E816681DF016981DF816681F0017101C7B
:10AFC0000817181C1017501C1817581C2017681841
:10AFD0002817681C3017E8183817A8174017101DD5
:10AFE0004817A8195017501D5817A81B6017681A42
:10AFF0006817A81D7017E81A7817A81F8017C01CBB
:10B000008817E01C9017C01D9817E01DA017C81CDA
:10B01000A817E81CB017C81DB817E817C017D01C30
:10B02000C817E819D017D01DD817E81BE017D81C8F
:10B03000E817E81DF017D81DF817E81F1818601852
:10B04000301848183818601C5818301A6818301C06
:10B050007018181A7818301E8018001A8818081AE4
:10B060009018001B98186019A018201AA818281A00
:10B07000B018201BB818601DC018101AC818181A6C
:10B08000D018101BD818701AE018301AE818701C65
:10B09000F018581AF818701E081920191819601A93
:10B0A0002819081D301988193819881D4819201BBE
:10B0B0005819B01A6019081B6819B01C7019881B40
:10B0C0007819B01E8019401A8819481A9019401B27
:10B0D0009819601BA019601AA819181DB019601BD7
:10B0E000B819981DC019501AC819581AD019501BF0
:10B0F000D819F01AE019181BE819F01CF019981B60
:10B10000F819F01E381A701C581A301B681A301DB6
:10B11000701A181B781A301F901AC01A981AC81A79
:10B12000B01AE01AB81AE81AC01A801BC81A881B8D
:10B13000D01AC01BD81A701BE01AA01BE81A701D89
:10B14000F01AE01BF81A701F281B481D381BC81D79
:10B15000481B601B581BB01B681BB01D701BC81B15
:10B16000781BB01F901BC01B981BC81BA81B581D29
:10B17000B01BE01BB81BD81DD81BF01BE81BF01D33
:10B18000F81BF01F081C201C181C301C381C681CE5
:10B19000481C601C581C701C781C381E801C001E2B
:10B1A000881C201E901C001F981C201FA01C081E1D
:10B1B000A81C281EB01C081FB81C281FC01C101E6D
:10B1C000C81C301ED01C101FD81C301FE01C181EBD
:10B1D000E81C381EF01C181FF81C781E081D201DC6
:10B1E000181D301D381DA81D481D601D581D701DDF
:10B1F000681D281F781DB81E801D401E881D601EFA
:10B20000901D401F981D601FA01D481EA81D681E90
:10B21000B01D481FB81D681FC01D501EC81D701EE0
:10B22000D01D501FD81D701FE01D581EE81D781E30
:10B23000F01D581FF81DF81E081E201E181E301E77
:10B24000481E601E581E701E781E381F881EA01EC5
:10B25000901E801F981EA01FB01E881FB81EA81F1A
:10B26000C01E801FC81E881FD01E901FD81EB01F72
:10B27000E01EA01FE81EA81FF01E981FF81E781FD2
:10B28000081F201F181F301F481F601F581F701FE6
:10B29000781FB81F881FA01F901FC01F981FE01F96
:10B2A000B01FC81FB81FE81FC81FE01FD81FF01F1E
:10B2B000080000021000400018004002200080003A
:10B2C000280080023000C0003800C00240000001A9
:10B2D0004800000350004001580040036000800116
:10B2E000680080037000C0017800C0038000000285
:10B2F000880008029000000398004802A00008029D
:10B30000A8008802B000C800B800C802C000080148
:10B31000C8000803D0004801D8004803E0008801B5
:10B32000E8008803F000C801F800C8030801100213
:10B330001001400118015002200100032801900271
:10B34000300148013801D002480110035801500370
:10B3500060019001680190037001D0017801D00371
:10B3600080014002880118029001400398015802B0
:10B37000A0014802A8019802B0014803B801D80210
:10B38000C0015002C8011803D0015003D80158036E
:10B39000E0015802E8019803F0015803F801D803CE
:10B3A0000802200210024002180260022802A002D5
:10B3B000300260023802E00240020003480220032B
:10B3C0005002400358026003600220036802A00399
:10B3D000700260037802E0038802A00290028003FA
:10B3E0009802A003B0028803B802E802C0028003FA
:10B3F000C8022803D0029003D8026803E002A00329
:10B40000E802A803F0029803F802E8030803200307
:10B41000100340031803600328038803300360030C
:10B420003803980348036003580370036803B003AC
:10B430007803F0038803A0039003C0039803E0039C
:10B44000B003C803B803E803C803E003D803F0035C
:10B45000080040001800480010004000280050007C
:10B4600020004000380058003000480058006800B4
:10B470004800600068007000080000101000002004
:10B4800018000030200000022800001230000022C6
:10B49000380000324000000448000014500000242E
:10B4A0005800003460000006680000167000002696
:10B4B00078000036800000088800001890000028FE
:10B4C00098000038A000000AA800001AB000002A66
:10B4D000B800003AC000000CC800001CD000002CCE
:10B4E000D800003CE000000EE800001EF000002E36
:10B4F000F800003E00010004080140101001402047
:10B500001801403020014002280140123001402241
:10B5100038014032400140044801401450014024A9
:10B520005801403460014006680140167001402611
:10B530007801403680014008880140189001402879
:10B5400098014038A001400AA801401AB001402AE1
:10B55000B801403AC001400CC801401CD001402C49
:10B56000D801403CE001400EE801401EF001402EB1
:10B57000F801403E000200080802801010028020FE
:10B5800018028030200280022802801230028022BD
:10B590003802803240028004480280145002802425
:10B5A000580280346002800668028016700280268D
:10B5B00078028036800280088802801890028028F5
:10B5C00098028038A002800AA802801AB002802A5D
:10B5D000B802803AC002800CC802801CD002802CC5
:10B5E000D802803CE002800EE802801EF002802E2D
:10B5F000F802803E0003000C0803C0101003C020B6
:10B600001803C0302003800C2803C0123003C0226E
:10B610003803C0324003C0044803C0145003C024A0
:10B620005803C0346003C0066803C0167003C02608
:10B630007803C0368003C0088803C0189003C02870
:10B640009803C038A003C00AA803C01AB003C02AD8
:10B65000B803C03AC003C00CC803C01CD003C02C40
:10B66000D803C03CE003C00EE803C01EF003C02EA8
:10B67000F803C03E08040011100400211804003132
:10B680002004000C28040013300400233804003385
:10B6900040040005480400155004002558040035F6
:10B6A000600400076804001770040027780400375E
:10B6B00080040009880400199004002998040039C6
:10B6C000A004000BA804001BB004002BB804003B2E
:10B6D000C004000DC804001DD004002DD804003D96
:10B6E000E004000FE804001FF004002FF804003FFE
:10B6F0000805401110054021180540312005000DB6
:10B7000028054013300540233805403348054015CF
:10B71000500540255805403560054007680540172D
:10B720007005402778054037800540098805401995
:10B730009005402998054039A005400BA805401BFD
:10B74000B005402BB805403BC005400DC805401D65
:10B75000D005402DD805403DE005400FE805401FCD
:10B76000F005402FF805403F00064008080680110C
:10B7700010068021180680312006C0082806801394
:10B78000300680233806803340064009480680157D
:10B7900050068025580680356006800768068017A9
:10B7A0007006802778068037800680098806801911
:10B7B0009006802998068039A006800BA806801B79
:10B7C000B006802BB806803BC006800DC806801DE1
:10B7D000D006802DD806803DE006800FE806801F49
:10B7E000F006802FF806803F0007400C0807C011C4
:10B7F0001007C0211807C0312007C00C2807C0134C
:10B800003007C0233807C0334007400D4807C01534
:10B810005007C0255807C0356007C0076807C01724
:10B820007007C0277807C0378007C0098807C0198C
:10B830009007C0299807C039A007C00BA807C01BF4
:10B84000B007C02BB807C03BC007C00DC807C01D5C
:10B85000D007C02DD807C03DE007C00FE807C01FC4
:10B86000F007C02FF807C03F0008001008080810B4
:10B87000100808201808083020088010280808122E
:10B880003008082238080832400800114808081417
:10B890005008082458080834600880116808081601
:10B8A00070080826780808368008081088080818E4
:10B8B0009008082898080838A008080AA808081A54
:10B8C000B008082AB808083AC008080CC808081CBC
:10B8D000D008082CD808083CE008080EE808081E24
:10B8E000F008082EF808083E00090014080948105E
:10B8F00010094820180948302009801428094812E6
:10B9000030094822380948324009001548094814CE
:10B9100050094824580948346009801568094816B8
:10B92000700948267809483680090814880948189B
:10B930009009482898094838A009480AA809481ACF
:10B94000B009482AB809483AC009480CC809481C37
:10B95000D009482CD809483CE009480EE809481E9F
:10B96000F009482EF809483E000A0018080A881015
:10B97000100A8820180A8830200A8018280A88129D
:10B98000300A8822380A8832400A0019480A881486
:10B99000500A8824580A8834600A8019680A881670
:10B9A000700A8826780A8836800A0818880A881853
:10B9B000900A8828980A8838A00A8818A80A881A3D
:10B9C000B00A882AB80A883AC00A880CC80A881CB3
:10B9D000D00A882CD80A883CE00A880EE80A881E1B
:10B9E000F00A882EF80A883E000B001C080BC810CD
:10B9F000100BC820180BC830200B801C280BC81255
:10BA0000300BC822380BC832400B001D480BC8143D
:10BA1000500BC824580BC834600B801D680BC81627
:10BA2000700BC826780BC836800B081C880BC8180A
:10BA3000900BC828980BC838A00B881CA80BC81AF4
:10BA4000B00BC82AB80BC83AC00BC80CC80BC81C2E
:10BA5000D00BC82CD80BC83CE00BC80EE80BC81E96
:10BA6000F00BC82EF80BC83E000C4010080C081153
:10BA7000100C0821180C0831200CC010280C0813D9
:10BA8000300C0823380C0833400C4011480C0815C2
:10BA9000500C0825580C0835600CC011680C0817AC
:10BAA000700C0827780C0837800C4810880C08198F
:10BAB000900C0829980C0839A00CC810A80C081B79
:10BAC000B00C082BB80C083BC00C080DC80C081DA6
:10BAD000D00C082DD80C083DE00C080FE80C081F0E
:10BAE000F00C082FF80C083F000D4014080D481109
:10BAF000100D4821180D4831200DC014280D481391
:10BB0000300D4823380D4833400D4015480D481579
:10BB1000500D4825580D4835600DC015680D481763
:10BB2000700D4827780D4837800D4814880D481946
:10BB3000900D4829980D4839A00DC814A80D481B30
:10BB4000B00D482BB80D483BC00D4815C80D481D19
:10BB5000D00D482DD80D483DE00D480FE80D481F89
:10BB6000F00D482FF80D483F000E4018080E8811C0
:10BB7000100E8821180E8831200EC018280E881348
:10BB8000300E8823380E8833400E4019480E881531
:10BB9000500E8825580E8835600EC019680E88171B
:10BBA000700E8827780E8837800E4818880E8819FE
:10BBB000900E8829980E8839A00EC818A80E881BE8
:10BBC000B00E882BB80E883BC00E4819C80E881DD1
:10BBD000D00E882DD80E883DE00E880FE80E881F05
:10BBE000F00E882FF80E883F000F401C080FC81178
:10BBF000100FC821180FC831200FC01C280FC81300
:10BC0000300FC823380FC833400F401D480FC815E8
:10BC1000500FC825580FC835600FC01D680FC817D2
:10BC2000700FC827780FC837800F481C880FC819B5
:10BC3000900FC829980FC839A00FC81CA80FC81B9F
:10BC4000B00FC82BB80FC83BC00F481DC80FC81D88
:10BC5000D00FC82DD80FC83DE00FC81DE80FC81F72
:10BC6000F00FC82FF80FC83F001000200810101068
:10BC700010101020181010302010802028101012E2
:10BC800030101022381010324010002148101014CB
:10BC900050101024581010346010802168101016B5
:10BCA0007010102678101036801008208810101898
:10BCB0009010102898101038A0108820A810101A82
:10BCC000B010102AB810103AC0100821C810101C6B
:10BCD000D010102CD810103CE0108821E810101E55
:10BCE000F010102EF810103E00110024081110243E
:10BCF000101150201811503020118024281150129A
:10BD00003011502238115032401100254811501482
:10BD1000501150245811503460118025681150166C
:10BD2000701150267811503680110824881150184F
:10BD30009011502898115038A0118824A811501A39
:10BD4000B011502AB811503AC0110825C811501C22
:10BD5000D011502CD811503CE0118825E811501E0C
:10BD6000F011502EF811503E001200280812102831
:10BD70001012902018129030201280282812901251
:10BD8000301290223812903240120029481290143A
:10BD90005012902458129034601280296812901624
:10BDA0007012902678129036801208288812901807
:10BDB0009012902898129038A0128828A812901AF1
:10BDC000B012902AB812903AC0120829C812901CDA
:10BDD000D012902CD812903CE0128829E812901EC4
:10BDE000F012902EF812903E0013002C0813102C25
:10BDF0001013D0201813D0302013802C2813902C2F
:10BE00003013D0223813D0324013002D4813D014F1
:10BE10005013D0245813D0346013802D6813D016DB
:10BE20007013D0267813D0368013082C8813D018BE
:10BE30009013D0289813D038A013882CA813D01AA8
:10BE4000B013D02AB813D03AC013082DC813D01C91
:10BE5000D013D02CD813D03CE013882DE813D01E7B
:10BE6000F013D02EF813D03E0014402008145020B8
:10BE700010141021181410312014C0202814D020C0
:10BE80003014102338141033401440214814101576
:10BE900050141025581410356014C0216814101760
:10BEA0007014102778141037801448208814101943
:10BEB0009014102998141039A014C820A814101B2D
:10BEC000B014102BB814103BC0144821C814101D16
:10BED000D014102DD814103DE014C821E814101F00
:10BEE000F014102FF814103F0015402408155024AA
:10BEF00010155021181550312015C0242815D024B4
:10BF0000301550233815503340154025481550152D
:10BF100050155025581550356015C0256815501717
:10BF200070155027781550378015482488155019FA
:10BF30009015502998155039A015C824A815501BE4
:10BF4000B015502BB815503BC0154825C815501DCD
:10BF5000D015502DD815503DE015C825E815501FB7
:10BF6000F015502FF815503F00164028081650289D
:10BF700010169021181690312016C0282816D028A7
:10BF80003016902338169033401640294816502911
:10BF900050169025581690356016C02968169017CF
:10BFA00070169027781690378016482888169019B2
:10BFB0009016902998169039A016C828A816901B9C
:10BFC000B016902BB816903BC0164829C816901D85
:10BFD000D016902DD816903DE016C829E816901F6F
:10BFE000F016902FF816903F0017402C0817502C91
:10BFF0001017D0211817D0312017C02C2817D02C9B
:10C000003017D0233817D0334017402D4817502D04
:10C010005017D0255817D0356017C02D6817D01786
:10C020007017D0277817D0378017482C8817D01969
:10C030009017D0299817D039A017C82CA817D01B53
:10C04000B017D02BB817D03BC017482DC817D01D3C
:10C05000D017D02DD817D03DE017C82DE817D01F26
:10C06000F017D02FF817D03F001800300818103004
:10C070001018182018181830201880302818903000
:10C08000301818223818183240180031481810316A
:10C0900050181824581818346018803168189031D6
:10C0A0007018182678181836801808308818183034
:10C0B0009018182898181838A0188830A818181A36
:10C0C000B018182AB818183AC0180831C818181C1F
:10C0D000D018182CD818183CE0188831E818181E09
:10C0E000F018182EF818183E0019003408191034EA
:10C0F00010195820181958302019803428199034F4
:10C10000301958223819583240190035481910355D
:10C1100050195824581958346019803568199035C9
:10C120007019582678195836801908348819183427
:10C130009019582898195838A0198834A819581AED
:10C14000B019582AB819583AC0190835C819581CD6
:10C15000D019582CD819583CE0198835E819581EC0
:10C16000F019582EF819583E001A0038081A1038DD
:10C17000101A9820181A9830201A8038281A9038E7
:10C18000301A9822381A9832401A0039481A103951
:10C19000501A9824581A9834601A8039681A9039BD
:10C1A000701A9826781A9836801A0838881A18381B
:10C1B000901A9828981A9838A01A8838A81A983887
:10C1C000B01A982AB81A983AC01A0839C81A981C8E
:10C1D000D01A982CD81A983CE01A8839E81A981E78
:10C1E000F01A982EF81A983E001B003C081B103CD1
:10C1F000101BD820181BD830201B803C281B903CDB
:10C20000301BD822381BD832401B003D481B103D44
:10C21000501BD824581BD834601B803D681B903DB0
:10C22000701BD826781BD836801B083C881B183C0E
:10C23000901BD828981BD838A01B883CA81B983C7A
:10C24000B01BD82AB81BD83AC01B083DC81BD81C45
:10C25000D01BD82CD81BD83CE01B883DE81BD81E2F
:10C26000F01BD82EF81BD83E001C4030081C503064
:10C27000101C1821181C1831201CC030281CD0306C
:10C28000301C1823381C1833401C4031481C5031D6
:10C29000501C1825581C1835601CC031681CD03142
:10C2A000701C1827781C1837801C4830881C5830A0
:10C2B000901C1829981C1839A01CC830A81CD8300C
:10C2C000B01C182BB81C183BC01C4831C81C181DCA
:10C2D000D01C182DD81C183DE01CC831E81C181FB4
:10C2E000F01C182FF81C183F001D4034081D503456
:10C2F000101D5821181D5831201DC034281DD03460
:10C30000301D5823381D5833401D4035481D5035C9
:10C31000501D5825581D5835601DC035681DD03535
:10C32000701D5827781D5837801D4834881D583493
:10C33000901D5829981D5839A01DC834A81DD834FF
:10C34000B01D582BB81D583BC01D4835C81D583569
:10C35000D01D582DD81D583DE01DC835E81D581F6B
:10C36000F01D582FF81D583F001E4038081E503849
:10C37000101E9821181E9831201EC038281ED03853
:10C38000301E9823381E9833401E4039481E5039BD
:10C39000501E9825581E9835601EC039681ED03929
:10C3A000701E9827781E9837801E4838881E583887
:10C3B000901E9829981E9839A01EC838A81ED838F3
:10C3C000B01E982BB81E983BC01E4839C81E58395D
:10C3D000D01E982DD81E983DE01EC839E81E981F23
:10C3E000F01E982FF81E983F001F403C081F503C3D
:10C3F000101FD821181FD831201FC03C281FD03C47
:10C40000301FD823381FD833401F403D481F503DB0
:10C41000501FD825581FD835601FC03D681FD03D1C
:10C42000701FD827781FD837801F483C881F583C7A
:10C43000901FD829981FD839A01FC83CA81FD83CE6
:10C44000B01FD82BB81FD83BC01F483DC81F583D50
:10C45000D01FD82DD81FD83DE01FC83DE81FD83DBC
:10C46000F01FD82FF81FD83F082080201020202050
:10C470001820203028208028302020223820203208
:10C48000402000214820C020502020245820203463
:10C49000602010246820C0287020202678202036B4
:10C4A000882080309020202898202038A020083034
:10C4B000A8208038B020202AB820203AC0200821A7
:10C4C000C820C030D020202CD820203CE0200831CB
:10C4D000E820C038F020202EF820203E0021002443
:10C4E00008218021102110241821603020212024CF
:10C4F0002821802930216022382160324021002506
:10C500004821C021502160245821603460215024EA
:10C510006821C02970216026782160368021082496
:10C52000882180319021602898216038A02108342A
:10C53000A8218039B021602AB821603AC02108259D
:10C54000C821C031D021602CD821603CE0210835C1
:10C55000E821C039F021602EF821603E0022003031
:10C5600008228030102208301822A03020221030FB
:10C57000282288283022A0223822A03240224030AF
:10C580004822C0305022A0245822A03460225030CB
:10C590006822C8287022A0267822A0368022203067
:10C5A000882288309022A0289822A038A022183013
:10C5B000A8228838B022A02AB822A03AC02260302F
:10C5C000C822C830D022A02CD822A03CE0221831AA
:10C5D000E822C838F022A02EF822A03E0023003125
:10C5E00008238031102308311823E0302023103134
:10C5F00028238829302318313823E0324023403162
:10C600004823C0315023E0245823E03460235031C4
:10C610006823C8297023E0267823E0368023182475
:10C62000882388319023E0289823E038A023183409
:10C63000A8238839B023E02AB823E03AC02318257C
:10C64000C823C831D023E02CD823E03CE0231835A0
:10C65000E823C839F023E02EF823E03E08248024A4
:10C6600010242024182420312824802C3024103138
:10C6700038242033402400254824C0245024202579
:10C6800058242035602410256824C02C70242027CD
:10C690007824203788248034902420299824203935
:10C6A000A0244830A824803CB024202BB824203B70
:10C6B000C0240825C824C034D024202DD824203DEF
:10C6C000E0244831E824C03CF024202FF824203F07
:10C6D0000825802510252025182560312825802D46
:10C6E00030255031382560334825C0255025602538
:10C6F000582560356825C02D70256027782560375E
:10C70000882580359025602998256039A0254834F2
:10C71000A825803DB025602BB825603BC825C035D5
:10C72000D025602DD825603DE0254835E825C03D61
:10C73000F025602FF825603F00260034082680345D
:10C74000102608341826A031202610342826882CDC
:10C75000302618343826A033402640344826C034CA
:10C76000502648345826A035602650346826C82CF8
:10C770007026A0277826A037802620348826883483
:10C780009026A0299826A039A0265830A826883CB3
:10C79000B026A02BB826A03BC0266034C826C834DB
:10C7A000D026A02DD826A03DE0265831E826C83C4A
:10C7B000F026A02FF826A03F002700350827803557
:10C7C000102708351827E031202710352827882D15
:10C7D000302718353827E033402740354827C03503
:10C7E000502748355827E035602750356827C82D31
:10C7F0007027E0277827E03780272035882788357D
:10C800009027E0299827E039A0275834A827883DA9
:10C81000B027E02BB827E03BC0276035C827C835D4
:10C82000D027E02DD827E03DE0275835E827C83D40
:10C83000F027E02FF827E03F08282028102880283C
:10C840001828283028289028302888283828283286
:10C850004028002C4828202C5028802C5828283488
:10C860006028082C6828D0287028882C782828363A
:10C870008828903098282838A0282830A828903870
:10C88000B028282AB828283AC028102CC828D03028
:10C89000D028282CD828283CE028182CE828D03884
:10C8A000F028282EF828283E0029002C0829082CDA
:10C8B0001029102C182968302029202C282990298B
:10C8C0003029D030382968324029402C4829602C42
:10C8D0005029C02C582968346029482C6829D0294F
:10C8E0007029C82C782968368029802C88299031B5
:10C8F0009029282C98296838A0292834A82990390B
:10C90000B029682AB829683AC029502CC829D031E2
:10C91000D029682CD829683CE029582CE829D0393E
:10C92000F029682EF829683E002A0038082A2038A5
:10C93000102A8038182AA830202A0838282A2838AF
:10C94000302A8838382AA832402A003C482A203C1D
:10C95000502A803C582AA834602A083C682A283C7F
:10C96000702A883C782AA836802A1038882A98307D
:10C97000902A9038982AA838A02A1838A82A9838D7
:10C98000B02A9838B82AA83AC02A103CC82AD83009
:10C99000D02AA82CD82AA83CE02A183CE82AD83863
:10C9A000F02AA82EF82AA83E002B4038082B603821
:10C9B000102BC038182BE830202B4838282B68382B
:10C9C000302BC838382BE832402B403C482B603C99
:10C9D000502BC03C582BE834602B483C682B683CFB
:10C9E000702BC83C782BE836802B5038882B983138
:10C9F000902BD038982BE838A02B5838A82B983992
:10CA0000B02BD838B82BE83AC02B503CC82BD831C3
:10CA1000D02BE82CD82BE83CE02B583CE82BD8391D
:10CA2000F02BE82EF82BE83E082C202C102C802C24
:10CA3000182C2831282C902C302C9031382C28336D
:10CA4000402C002D482C202D502C802D582C283582
:10CA5000602C082D682CD02C702C882D782C283731
:10CA6000882C9034982C2839A02C6830A82C903C25
:10CA7000B02C6838B82C283BC02C102DC82CD034D2
:10CA8000D02C282DD82C283DE02C182DE82CD03C7B
:10CA9000F02C282FF82C283F082D202D102D802D2C
:10CAA000182D6831282D902D302DD031382D683338
:10CAB000482D602D502DC02D582D6835682DD02D56
:10CAC000702DC82D782D6837882D9035982D6839B0
:10CAD000A02D6834A82D903DB02D683CB82D683B42
:10CAE000C82DD035D82D683DE02D6835E82DD03DD6
:10CAF000F02D682FF82D683F002E0039082E2039C0
:10CB0000102E8039182EA831202E0839282E2839C9
:10CB1000302E8839382EA833402E003D482E203D37
:10CB2000502E803D582EA835602E083D682E283D99
:10CB3000702E883D782EA837802E1039882E983494
:10CB4000902E9039982EA839A02E1839A82E983CEE
:10CB5000B02E9839B82EA83BC02E103DC82ED83420
:10CB6000D02E903DD82EA83DE02E183DE82ED83C82
:10CB7000F02EA82FF82EA83F002F4039082F60393B
:10CB8000102FC039182FE831202F4839282F683945
:10CB9000302FC839382FE833402F403D482F603DB3
:10CBA000502FC03D582FE835602F483D682F683D15
:10CBB000702FC83D782FE837802F5039882F98354F
:10CBC000902FD039982FE839A02F5839A82F983DA9
:10CBD000B02FD839B82FE83BC02F503DC82FD835DB
:10CBE000D02FD03DD82FE83DE02F583DE82FD83D3D
:10CBF000F02FD83DF82FE83F183030303830303241
:10CC00004030003148300831503010315830303425
:10CC10006030203168302831703018347830303648
:10CC20008830A03098303038A830A038B0308838FC
:10CC3000B830303AC0308031C830E030D030903138
:10CC4000D830303CE0308831E830E038F030883996
:10CC5000F830303E003100340831083410311034DF
:10CC60001831183420312034283128343031303410
:10CC70003831703240310035483108355031103587
:10CC8000583170346031203568312835703158346E
:10CC900078317036803180348831A03190319034D1
:10CCA00098317038A0318834A831A039B031883C2F
:10CCB000B831703AC0318035C831E031D03190356B
:10CCC000D831703CE0318835E831E039F031883DC9
:10CCD000F831703E0032003808328038103208389F
:10CCE00018328838203210382832903830321838CC
:10CCF0003832B032403240384832C038503248388A
:10CD00005832B034603250386832D03870325838C7
:10CD10007832B036803220388832A03890322838C5
:10CD20009832B038A0323038A832A838B0329838AB
:10CD3000B832B03AC0326038C832E038D0326838E1
:10CD4000D832B03CE0327038E832E838F032983906
:10CD5000F832B03E003300390833803910330839D7
:10CD60001833883920331039283390393033183943
:10CD700038339839403340394833C0395033483913
:10CD80005833F034603350396833D0397033583900
:10CD90007833F036803320398833A03990332839FE
:10CDA0009833F038A0339834A833A839B033983C7E
:10CDB000B833F03AC0336039C833E039D03368391A
:10CDC000D833F03CE0339835E833E839F033983D18
:10CDD000F833F03E183430343834183940340035E4
:10CDE00048340835503410355834303560342035E7
:10CDF0006834283570341835783430378834A034A6
:10CE000098343039A834A03CB034C838B834303BFA
:10CE1000C0348035C834E034D0349035D834303D17
:10CE2000E0348835E834E03CF034C839F834303F39
:10CE300018353035383558395835703578357037BC
:10CE40008835A03598357039A835A03DB035C83C37
:10CE5000B835703BC835E035D835703DE835E03D34
:10CE6000F035C83DF835703F0036003C0836803C50
:10CE70001036083C1836883C2036103C2836903C4A
:10CE80003036183C3836983C4036403C4836C03C3A
:10CE90005036483C5836C83C6036503C6836D03C2A
:10CEA0007036583C7836B0378036203C8836A03C07
:10CEB0009036283C9836B039A036303CA836A83C8D
:10CEC000B036D838B836B03BC036603CC836E03CE7
:10CED000D036683CD836B03DE036703CE836E83CA9
:10CEE000F036D839F836B03F0037003D0837803D7E
:10CEF0001037083D1837883D2037103D2837903DC2
:10CF00003037183D3837983D4037403D4837C03DB1
:10CF10005037483D5837C83D6037503D6837D03DA1
:10CF20007037583D7837F0378037203D8837A03D3F
:10CF30009037283D9837F039A037303DA837A83DC5
:10CF4000B037D83CB837F03BC037603DC837E03D1C
:10CF5000D037683DD837F03DE037703DE837E83DE1
:10CF6000F037D83DF837F03F383898384038003936
:10CF7000483808395038103958381839603820394D
:10CF800068382839703830397838983CA838B03843
:10CF9000B838383AC0388039C8388839D0389039EC
:10CFA000D838383CE038A039E838F038F838383E1E
:10CFB000F038A8390039003C0839083C1039103CD9
:10CFC0001839183C2039203C2839283C3039303C6D
:10CFD0003839383C4039003D4839083D5039103D1A
:10CFE0005839183D6039203D6839283D7039303D49
:10CFF0007839D83C8039803C8839883C9039903CDD
:10D000009839983CA039A03CA839B039B839783A59
:10D01000B039A83CC039803DC839883DD039903DF1
:10D02000D839783CE039A03DE839F039F839783E14
:10D03000F039A83D083A103A103A203A183A303AF6
:10D04000203A803A283A903A303AA03A383AB03A00
:10D05000403A003B483A103B503A203B583A303B6C
:10D06000603A803B683A903B703AA03B783AB03BDC
:10D07000883AA03A983AB03AA83AB03AC03A083B4F
:10D08000C83A183BD03A283BD83AB83CE03A883BFB
:10D09000E83A983BF03AA83BF83AB83E003B003EED
:10D0A000083B103E103B203E183B303E203B803E6C
:10D0B000283B903E303BA03E383BB03E403B003FDB
:10D0C000483B103F503B203F583B303F603B803F48
:10D0D000683B903F703BA03F783BB03F803B083EB1
:10D0E000883B183E903B283E983B383EA03B883E0C
:10D0F000A83B983EB03BA83EB83BB83EC03B083F7B
:10D10000C83B183FD03B283FD83BF83CE03B883F2A
:10D11000E83B983FF03BA83FF83BF83E383C983C52
:10D12000403C003D483C083D503C103D583C183DBB
:10D13000603C203D683C283D703C303D783C983D4B
:10D14000A83CB03CB83CB03EC03C803DC83C883DAB
:10D15000D03C903DD83C383DE03CA03DE83CF03C24
:10D16000F03CA83DF83C383F383D983D783DD83DEF
:10D17000A83DB03DB83DB03FE83DF03D083E803EA3
:10D18000F83D783F103E803E183E883E203E803E6F
:10D19000283E903E303E883E383E983E403E003F1E
:10D1A000483E203F503E803F583EA03F603E083FF3
:10D1B000683E283F703E883F783EA83F883EA03EAC
:10D1C000983EA83EC03E103FA83EB03EC83E303F0D
:10D1D000D03E903FD83EB03FE03E183FE83E383F5B
:10D1E000F03E983F083F803FF83EB83F103F803FF9
:10D1F000183F883F203F803F283F903F303F883F87
:10D20000383F983F483F503F503F603F583F703F46
:10D21000603FC03F683FD03F703FE03F783FF03F06
:10D22000883FA03F983FA83FA83FB03FD83FF03F7E
:10D23000C83FE03FE83FF03F080000021000000454
:10D240001800000620004000280040023000400482
:10D2500038004006400080004800800250008004F2
:10D26000580080066000C0006800C0027000C00462
:10D270007800C006800000018800000390000005CF
:10D2800098000007A0004001A8004003B00040053E
:10D29000B8004007C0008001C8008003D0008005AE
:10D2A000D8008007E000C001E800C003F000C0051E
:10D2B000F800C0070001000208010802100108047C
:10D2C00018010806200180022801480230014804A4
:10D2D00038014806400100034801880250018804D3
:10D2E00058018806600180036801C8027001C80403
:10D2F0007801C8068001080288010803900108052A
:10D3000098010807A0018802A8014803B001480558
:10D31000B8014807C0010803C8018803D001880587
:10D32000D8018807E0018803E801C803F001C805B7
:10D33000F801C807080210020002000410021004DD
:10D340001802100620028004280250023002500405
:10D350003802500640020005480290025002900434
:10D3600058029006600280056802D0027002D00464
:10D370007802D0068002080488021003900210058B
:10D3800098021007A0028804A8025003B0025005BA
:10D39000B8025007C0020805C8029003D0029005E9
:10D3A000D8029007E0028805E802D003F002D00519
:10D3B000F802D00700030006080310061003180443
:10D3C000180318062003800628039006300358042B
:10D3D0003803580640030007480310075003980419
:10D3E0005803980660038007680390077003D80409
:10D3F0007803D806800308068803180690031805EA
:10D4000098031807A0038806A8039806B0035805D8
:10D41000B8035807C0030807C8031807D0039805C6
:10D42000D8039807E0038807E8039807F003D805B6
:10D43000F803D80708048004100420041804200608
:10D4400028048005300460043804600640040006A7
:10D45000480488045004A0045804A0066004100680
:10D46000680488057004E0047804E00688048006F7
:10D470009004200598042007A0040806A80480074B
:10D48000B0046005B8046007C0042006C80488061C
:10D49000D004A005D804A007E0041806E804880713
:10D4A000F004E005F804E0070805200510058005F4
:10D4B00018052806280590053005880538056806F2
:10D4C0004005000748052007500580075805A806B5
:10D4D0006005080768059805700588077805E8065F
:10D4E0008805900698052807A0052806A805900736
:10D4F000B0052807B8056807C0051007C8059806D5
:10D50000D0059007D805A807E0051807E805980793
:10D51000F0059807F805E807180630063806700683
:10D520004006000748068007500608075806B00660
:10D530006006100768069007700618077806F00660
:10D540008806A00698063007A806A007B006880738
:10D55000B8067007C0062007C806A007D00628072F
:10D56000D806B007E0063007E806A807F0069807D7
:10D57000F806F00748075007380798075007600774
:10D58000580770076007C0076807D0077807F007DB
:10D590007007E007B807F007A807B007D807F0073B
:10D5A000C807E007E807F007080040001000800007
:10D5B0001800C0002000400028004800300088000B
:10D5C0003800C80040008000480050005800D000DB
:10D5D000500090006000C0006800D000700098000B
:10D5E0007800D8008800C0009000A000A800D000FB
:10D5F0009800E000B000D000B800E800D800F000CB
:10D60000C800E000E800F000080000101000002052
:10D61000180000302000004028000050300000605A
:10D620003800007040000002480000125000002244
:10D630005800003260000042680000527000006232
:10D64000780000728000000488000014900000241C
:10D6500098000034A0000044A8000054B00000640A
:10D66000B8000074C0000006C8000016D0000026F4
:10D67000D8000036E0000046E8000056F0000066E2
:10D68000F8000076000100080801001810010028C9
:10D6900018010038200100482801005830010068B6
:10D6A000380100784001000A4801001A5001002AA0
:10D6B0005801003A6001004A6801005A7001006A8E
:10D6C0007801007A8001000C8801001C9001002C78
:10D6D0009801003CA001004CA801005CB001006C66
:10D6E000B801007CC001000EC801001ED001002E50
:10D6F000D801003EE001004EE801005EF001006E3E
:10D70000F801007E0802401010024020180240304C
:10D7100020024040280240503002406038024070F1
:10D7200048024012500240225802403260024042F9
:10D7300068024052700240627802407280024004E7
:10D74000880240149002402498024034A0024044D1
:10D75000A8024054B0024064B8024074C0024006BF
:10D76000C8024016D0024026D8024036E0024046A9
:10D77000E8024056F0024066F80240760003400896
:10D78000080340181003402818034038200340487D
:10D790002803405830034068380340784003400A6B
:10D7A0004803401A5003402A5803403A6003404A55
:10D7B0006803405A7003406A7803407A8003400C43
:10D7C0008803401C9003402C9803403CA003404C2D
:10D7D000A803405CB003406CB803407CC003400E1B
:10D7E000C803401ED003402ED803403EE003404E05
:10D7F000E803405EF003406EF803407E08048010AA
:10D8000010048020180480302004804028048050B8
:10D8100030048060380480704804801250048022F4
:10D820005804803260048042680480527004806230
:10D8300078048072880480149004802498048034D2
:10D84000A0048044A8048054B0048064B8048074A8
:10D85000C0048006C8048016D0048026D804803610
:10D86000E0048046E8048056F0048066F804807680
:10D8700000058008080580181005802818058038E4
:10D880002005804828058058300580683805807854
:10D890004005800A4805801A5005802A5805803ABC
:10D8A0006005804A6805805A7005806A7805807A2C
:10D8B0008005800C8805801C9005802C9805803C94
:10D8C000A005804CA805805CB005806CB805807C04
:10D8D000C005800EC805801ED005802ED805803E6C
:10D8E000E005804EE805805EF005806EF805807EDC
:10D8F0000806C0101006C0201806C0302006C04020
:10D900002806C0503006C0603806C0704806C012F5
:10D910005006C0225806C0326006C0426806C05297
:10D920007006C0627806C0728806C0149006C024D3
:10D930009806C034A006C044A806C054B006C0640F
:10D94000B806C074C806C016D006C026D806C036B1
:10D95000E006C046E806C056F006C066F806C07687
:10D960000007C0080807C0181007C0281807C038EB
:10D970002007C0482807C0583007C0683807C0785B
:10D980004007C00A4807C01A5007C02A5807C03AC3
:10D990006007C04A6807C05A7007C06A7807C07A33
:10D9A0008007C00C8807C01C9007C02C9807C03C9B
:10D9B000A007C04CA807C05CB007C06CB807C07C0B
:10D9C000C007C00EC807C01ED007C02ED807C03E73
:10D9D000E007C04EE807C05EF007C06EF807C07EE3
:10D9E0000808001110080021180800312008004123
:10D9F00028080051300800613808007148080013F9
:10DA0000500800235808003360080043680800539A
:10DA100070080063780800738808001590080025D6
:10DA200098080035A0080045A8080055B008006512
:10DA3000B8080075C8080017D0080027D8080037B4
:10DA4000E0080047E8080057F0080067F80800778A
:10DA5000080900191009002918090039200900498E
:10DA60002809005930090069380900794009000B7C
:10DA70004809001B5009002B5809003B6009004B66
:10DA80006809005B7009006B7809007B8009000D54
:10DA90008809001D9009002D9809003DA009004D3E
:10DAA000A809005DB009006DB809007DC009000F2C
:10DAB000C809001FD009002FD809003FE009004F16
:10DAC000E809005FF009006FF809007F080A4011BB
:10DAD000100A4021180A4031200A4041280A4051CA
:10DAE000300A4061380A4071480A4013500A402306
:10DAF000580A4033600A4043680A4053700A406342
:10DB0000780A4073880A4015900A4025980A4035E3
:10DB1000A00A4045A80A4055B00A4065B80A4075B9
:10DB2000C80A4017D00A4027D80A4037E00A4047C1
:10DB3000E80A4057F00A4067F80A4077080B401996
:10DB4000100B4029180B4039200B4049280B405935
:10DB5000300B4069380B4079480B401B500B402B71
:10DB6000580B403B600B404B680B405B700B406BAD
:10DB7000780B407B800B400D880B401D900B402D97
:10DB8000980B403DA00B404DA80B405DB00B406D85
:10DB9000B80B407DC00B400FC80B401FD00B402F6F
:10DBA000D80B403FE00B404FE80B405FF00B406F5D
:10DBB000F80B407F080C8011100C8021180C80316C
:10DBC000200C8041280C8051300C8061380C807111
:10DBD000480C8013500C8023580C8033600C804319
:10DBE000680C8053700C8063780C8073880C8015EF
:10DBF000900C8025980C8035A00C8045A80C805591
:10DC0000B00C8065B80C8075C80C8017D00C8027CC
:10DC1000D80C8037E00C8047E80C8057F00C806708
:10DC2000F80C8077080D8019100D8029180D8039A7
:10DC3000200D8049280D8059300D8069380D80797C
:10DC4000480D801B500D802B580D803B600D804B84
:10DC5000680D805B700D806B780D807B880D801D5A
:10DC6000900D802D980D803DA00D804DA80D805DFC
:10DC7000B00D806DB80D807DC00D800FC80D801F68
:10DC8000D00D802FD80D803FE00D804FE80D805FD4
:10DC9000F00D806FF80D807F080EC011100EC021AE
:10DCA000180EC031200EC041280EC051300EC06188
:10DCB000380EC071480EC013500EC023580EC0332A
:10DCC000600EC043680EC053700EC063780EC07300
:10DCD000880EC015900EC025980EC035A00EC04508
:10DCE000A80EC055B00EC065B80EC075C80EC017DE
:10DCF000D00EC027D80EC037E00EC047E80EC05780
:10DD0000F00EC067F80EC077080FC019100FC029B9
:10DD1000180FC039200FC049280FC059300FC069F3
:10DD2000380FC079480FC01B500FC02B580FC03B95
:10DD3000600FC04B680FC05B700FC06B780FC07B6B
:10DD4000880FC01D900FC02D980FC03DA00FC04D73
:10DD5000A80FC05DB00FC06DB80FC07DC80FC01F49
:10DD6000D00FC02FD80FC03FE00FC04FE80FC05FEB
:10DD7000F00FC06FF80FC07F101008201810083087
:10DD80002010084028100850301008603810087023
:10DD9000481008125010082258100832601008422B
:10DDA0006810085270100862781008728810081401
:10DDB0009010082498100834A0100844A8100854A3
:10DDC000B0100864B8100874C8100816D0100826DF
:10DDD000D8100836E0100846E8100856F01008661B
:10DDE000F8100876081108181011082818110838BA
:10DDF000201108482811085830110868381108788F
:10DE00004811081A5011082A5811083A6011084A96
:10DE10006811085A7011086A7811087A8811081C6C
:10DE20009011082C9811083CA011084CA811085C0E
:10DE3000B011086CB811087CC811081ED011082E4A
:10DE4000D811083EE011084EE811085EF011086E86
:10DE5000F811087E1012482018124830201248404D
:10DE60002812485030124860381248705012482228
:10DE70005812483260124842681248527012486282
:10DE80007812487288124814901248249812483424
:10DE9000A0124844A8124854B0124864B8124874FA
:10DEA000C8124816D0124826D8124836E012484602
:10DEB000E8124856F0124866F812487608134818D7
:10DEC0001013482818134838201348482813485876
:10DED00030134868381348784813481A5013482AB2
:10DEE0005813483A6013484A6813485A7013486AEE
:10DEF0007813487A8813481C9013482C9813483C90
:10DF0000A013484CA813485CB013486CB813487C65
:10DF1000C813481ED013482ED813483EE013484E6D
:10DF2000E813485EF013486EF813487E10148820FA
:10DF300018148830201488402814885030148860C1
:10DF4000381488705014882258148832601488421B
:10DF50006814885270148862781488729014882427
:10DF600098148834A0148844A8148854B014886481
:10DF7000B8148874C8148816D0148826D814883623
:10DF8000E0148846E8148856F0148866F8148876F9
:10DF900008158818101588281815883820158848FD
:10DFA0002815885830158868381588784815881AD3
:10DFB0005015882A5815883A6015884A6815885A75
:10DFC0007015886A7815887A8815881C9015882CB1
:10DFD0009815883CA015884CA815885CB015886CED
:10DFE000B815887CC815881ED015882ED815883E8F
:10DFF000E015884EE815885EF015886EF815887E65
:10E000001016C8201816C8302016C8402816C85048
:10E010003016C8603816C8705016C8225816C83254
:10E020006016C8426816C8527016C8627816C87260
:10E030009016C8249816C834A016C844A816C85408
:10E04000B016C864B816C874D016C826D816C83614
:10E05000E016C846E816C856F016C866F816C87620
:10E060000817C8181017C8281817C8382017C84824
:10E070002817C8583017C8683817C8784817C81AFA
:10E080005017C82A5817C83A6017C84A6817C85A9C
:10E090007017C86A7817C87A8817C81C9017C82CD8
:10E0A0009817C83CA017C84CA817C85CB017C86C14
:10E0B000B817C87CC817C81ED017C82ED817C83EB6
:10E0C000E017C84EE817C85EF017C86EF817C87E8C
:10E0D000101808211818083120180841281808516C
:10E0E0003018086138180871501808235818083378
:10E0F0006018084368180853701808637818087384
:10E100009018082598180835A0180845A81808552B
:10E11000B0180865B8180875D0180827D818083737
:10E12000E0180847E8180857F0180867F818087743
:10E1300010190829181908392019084928190859E7
:10E1400030190869381908794819081B5019082B23
:10E150005819083B6019084B6819085B7019086B5F
:10E160007819087B8819081D9019082D9819083D01
:10E17000A019084DA819085DB019086DB819087DD7
:10E18000C819081FD019082FD819083FE019084FDF
:10E19000E819085FF019086FF819087F101A48216C
:10E1A000181A4831201A4841281A4851301A486133
:10E1B000381A4871501A4823581A4833601A48438D
:10E1C000681A4853701A4863781A4873901A482599
:10E1D000981A4835A01A4845A81A4855B01A4865F3
:10E1E000B81A4875D01A4827D81A4837E01A48474D
:10E1F000E81A4857F01A4867F81A4877101B482958
:10E20000181B4839201B4849281B4859301B4869AE
:10E21000381B4879501B482B581B483B601B484B08
:10E22000681B485B701B486B781B487B881B481D2C
:10E23000901B482D981B483DA01B484DA81B485DCE
:10E24000B01B486DB81B487DC81B481FD01B482F0A
:10E25000D81B483FE01B484FE81B485FF01B486F46
:10E26000F81B487F101C8821181C8831201C88410D
:10E27000281C8851301C8861381C8871501C8823E8
:10E28000581C8833601C8843681C8853701C886342
:10E29000781C8873901C8825981C8835A01C88459C
:10E2A000A81C8855B01C8865B81C8875D01C8827A8
:10E2B000D81C8837E01C8847E81C8857F01C886702
:10E2C000F81C8877101D8829181D8839201D884959
:10E2D000281D8859301D8869381D8879501D882B64
:10E2E000581D883B601D884B681D885B701D886BBE
:10E2F000781D887B901D882D981D883DA01D884D18
:10E30000A81D885DB01D886DB81D887DC81D881F3B
:10E31000D01D882FD81D883FE01D884FE81D885FDD
:10E32000F01D886FF81D887F101EC821181EC83187
:10E33000201EC841281EC851301EC861381EC87131
:10E34000501EC823581EC833601EC843681EC853D9
:10E35000701EC863781EC873901EC825981EC835E5
:10E36000A01EC845A81EC855B01EC865B81EC875F1
:10E37000D01EC827D81EC837E01EC847E81EC85799
:10E38000F01EC867F81EC877101FC829181FC839A3
:10E39000201FC849281FC859301FC869381FC879AD
:10E3A000501FC82B581FC83B601FC84B681FC85B55
:10E3B000701FC86B781FC87B901FC82D981FC83D61
:10E3C000A01FC84DA81FC85DB01FC86DB81FC87D6D
:10E3D000D01FC82FD81FC83FE01FC84FE81FC85F15
:10E3E000F01FC86FF81FC87F182010302020104081
:10E3F000282010503020106038201070502010223B
:10E400005820103260201042682010527020106294
:10E41000782010729020102498201034A0201044EE
:10E42000A8201054B0201064B8201074D0201026FA
:10E43000D8201036E0201046E8201056F020106654
:10E44000F8201076102110281821103820211048AB
:10E450002821105830211068382110785021102AB6
:10E460005821103A6021104A6821105A7021106A10
:10E470007821107A9021102C9821103CA021104C6A
:10E48000A821105CB021106CB821107CD021102E76
:10E49000D821103EE021104EE821105EF021106ED0
:10E4A000F821107E1822503020225040282250504F
:10E4B0003022506038225070582250326022504230
:10E4C000682250527022506278225072902250245A
:10E4D00098225034A0225044A8225054B0225064B4
:10E4E000B8225074D0225026D8225036E02250460E
:10E4F000E8225056F0225066F82250761023502819
:10E50000182350382023504828235058302350686F
:10E51000382350785023502A5823503A6023504AC9
:10E520006823505A7023506A7823507A9023502CD5
:10E530009823503CA023504CA823505CB023506C2F
:10E54000B823507CD023502ED823503EE023504E89
:10E55000E823505EF023506EF823507E182490304C
:10E5600020249040282490503024906038249070CB
:10E570005824903260249042682490527024906213
:10E580007824907298249034A0249044A824905425
:10E59000B0249064B8249074D0249026D824903667
:10E5A000E0249046E8249056F0249066F824907673
:10E5B0001025902818259038202590482825905817
:10E5C00030259068382590785025902A5825903A23
:10E5D0006025904A6825905A7025906A7825907A2F
:10E5E0009025902C9825903CA025904CA825905CD7
:10E5F000B025906CB825907CD025902ED825903EE3
:10E60000E025904EE825905EF025906EF825907EEE
:10E610001826D0302026D0402826D0503026D06072
:10E620003826D0705826D0326026D0426826D05284
:10E630007026D0627826D0729826D034A026D04496
:10E64000A826D054B026D064B826D074D826D036A8
:10E65000E026D046E826D056F026D066F826D076BA
:10E660001027D0281827D0382027D0482827D0585E
:10E670003027D0683827D0785027D02A5827D03A6A
:10E680006027D04A6827D05A7027D06A7827D07A76
:10E690009027D02C9827D03CA027D04CA827D05C1E
:10E6A000B027D06CB827D07CD027D02ED827D03E2A
:10E6B000E027D04EE827D05EF027D06EF827D07E36
:10E6C00018281031202810412828105130281061B6
:10E6D00038281071582810336028104368281053C8
:10E6E000702810637828107398281035A0281045DA
:10E6F000A8281055B0281065B8281075D8281037EC
:10E70000E0281047E8281057F0281067F8281077FD
:10E710001829103920291049282910593029106941
:10E72000382910795029102B5829103B6029104B9B
:10E730006829105B7029106B7829107B9029102DA7
:10E740009829103DA029104DA829105DB029106D01
:10E75000B829107DD029102FD829103FE029104F5B
:10E76000E829105FF029106FF829107F182A50311E
:10E77000202A5041282A5051302A5061382A50719D
:10E78000582A5033602A5043682A5053702A5063E5
:10E79000782A5073982A5035A02A5045A82A5055F7
:10E7A000B02A5065B82A5075D82A5037E02A504709
:10E7B000E82A5057F02A5067F82A5077182B50391A
:10E7C000202B5049282B5059302B5069382B507929
:10E7D000582B503B602B504B682B505B702B506B71
:10E7E000782B507B902B502D982B503DA02B504DCB
:10E7F000A82B505DB02B506DB82B507DD02B502FD7
:10E80000D82B503FE02B504FE82B505FF02B506F30
:10E81000F82B507F182C9031202C9041282C9051AF
:10E82000302C9061382C9071582C9033602C904390
:10E83000682C9053702C9063782C9073982C9035A2
:10E84000A02C9045A82C9055B02C9065B82C9075B4
:10E85000D82C9037E02C9047E82C9057F02C9067FC
:10E86000F82C9077182D9039202D9049282D90590B
:10E87000302D9069382D9079582D903B602D904B1C
:10E88000682D905B702D906B782D907B982D903D2E
:10E89000A02D904DA82D905DB02D906DB82D907D40
:10E8A000D02D902FD82D903FE02D904FE82D905FE8
:10E8B000F02D906FF82D907F182ED031202ED04162
:10E8C000282ED051302ED061382ED071582ED03312
:10E8D000602ED043682ED053702ED063782ED07324
:10E8E000982ED035A02ED045A82ED055B02ED0656C
:10E8F000B82ED075D82ED037E02ED047E82ED0577E
:10E90000F02ED067F82ED077182FD039202FD0498D
:10E91000282FD059302FD069382FD079582FD03B9D
:10E92000602FD04B682FD05B702FD06B782FD07BAF
:10E93000982FD03DA02FD04DA82FD05DB02FD06DF7
:10E94000B82FD07DD82FD03FE02FD04FE82FD05F09
:10E95000F02FD06FF82FD07F20301840283018507B
:10E960003030186038301870583018326030184223
:10E970006830185270301862783018729830183435
:10E98000A0301844A8301854B0301864B830187447
:10E99000D8301836E0301846E8301856F03018668F
:10E9A000F83018761831183820311848283118589E
:10E9B00030311868383118785831183A6031184AAF
:10E9C0006831185A7031186A7831187A9831183CC1
:10E9D000A031184CA831185CB031186CB831187CD3
:10E9E000D831183EE031184EE831185EF031186E1B
:10E9F000F831187E20325840283258503032586052
:10EA00003832587060325842683258527032586208
:10EA10007832587298325834A0325844A832585438
:10EA2000B0325864B8325874D8325836E03258464A
:10EA3000E8325856F0325866F8325876183358385B
:10EA4000203358482833585830335868383358786A
:10EA50005833583A6033584A6833585A7033586AB2
:10EA60007833587A9833583CA033584CA833585CC4
:10EA7000B033586CB833587CD833583EE033584ED6
:10EA8000E833585EF033586EF833587E203498409F
:10EA900028349850303498603834987060349842F4
:10EAA000683498527034986278349872A0349844DC
:10EAB000A8349854B0349864B8349874D8349836DC
:10EAC000E0349846E8349856F0349866F8349876EE
:10EAD0001835983820359848283598583035986832
:10EAE000383598785835983A6035984A6835985A44
:10EAF0007035986A7835987A9835983CA035984C56
:10EB0000A835985CB035986CB835987CD835983E67
:10EB1000E035984EE835985EF035986EF835987E79
:10EB20002036D8402836D8503036D8603836D8709D
:10EB30006036D8426836D8527036D8627836D87285
:10EB4000A036D844A836D854B036D864B836D8746D
:10EB5000E036D846E836D856F036D866F836D87655
:10EB60001837D8382037D8482837D8583037D86899
:10EB70003837D8785837D83A6037D84A6837D85AAB
:10EB80007037D86A7837D87A9837D83CA037D84CBD
:10EB9000A837D85CB037D86CB837D87CD837D83ECF
:10EBA000E037D84EE837D85EF037D86EF837D87EE1
:10EBB0002038184128381851303818613838187101
:10EBC00060381843683818537038186378381873E9
:10EBD000A0381845A8381855B0381865B8381875D1
:10EBE000E0381847E8381857F0381867F8381877B9
:10EBF000203918492839185930391869383918799D
:10EC00005839183B6039184B6839185B7039186BE4
:10EC10007839187B9839183DA039184DA839185DF6
:10EC2000B039186DB839187DD839183FE039184F08
:10EC3000E839185FF039186FF839187F203A5841D1
:10EC4000283A5851303A5861383A5871603A584326
:10EC5000683A5853703A5863783A5873A03A58450E
:10EC6000A83A5855B03A5865B83A5875E03A5847F6
:10EC7000E83A5857F03A5867F83A5877203B5849DD
:10EC8000283B5859303B5869383B5879603B584BC2
:10EC9000683B585B703B586B783B587B983B583DC2
:10ECA000A03B584DA83B585DB03B586DB83B587DD4
:10ECB000D83B583FE03B584FE83B585FF03B586F1C
:10ECC000F83B587F203C9841283C9851303C986153
:10ECD000383C9871603C9843683C9853703C98630A
:10ECE000783C9873A03C9845A83C9855B03C9865F2
:10ECF000B83C9875E03C9847E83C9857F03C9867DA
:10ED0000F83C9877203D9849283D9859303D9869BE
:10ED1000383D9879603D984B683D985B703D986BA5
:10ED2000783D987BA03D984DA83D985DB03D986D8D
:10ED3000B83D987DD83D983FE03D984FE83D985FBD
:10ED4000F03D986FF83D987F203ED841283ED8513D
:10ED5000303ED861383ED871603ED843683ED853C3
:10ED6000703ED863783ED873A03ED845A83ED855AB
:10ED7000B03ED865B83ED875E03ED847E83ED85793
:10ED8000F03ED867F83ED877203FD849283FD85979
:10ED9000303FD869383FD879603FD84B683FD85B5F
:10EDA000703FD86B783FD87BA03FD84DA83FD85D47
:10EDB000B03FD86DB83FD87DE03FD84FE83FD85F2F
:10EDC000F03FD86FF83FD87F284020503040206077
:10EDD00038402070604020426840205270402062DD
:10EDE00078402072A0402044A8402054B0402064C5
:10EDF000B8402074E0402046E8402056F0402066AD
:10EE0000F840207620412048284120583041206891
:10EE1000384120786041204A6841205A7041206A78
:10EE20007841207AA041204CA841205CB041206C60
:10EE3000B841207CE041204EE841205EF041206E48
:10EE4000F841207E28426050304260603842607055
:10EE5000684260527042606278426072A0426044D0
:10EE6000A8426054B0426064B8426074E0426046B8
:10EE7000E8426056F0426066F8426076204360489F
:10EE80002843605830436068384360786043604A84
:10EE90006843605A7043606A7843607AA043604C6C
:10EEA000A843605CB043606CB843607CE043604E54
:10EEB000E843605EF043606EF843607E2844A050F3
:10EEC0003044A0603844A0706844A0527044A062EE
:10EED0007844A072A844A054B044A064B844A0747C
:10EEE000E044A046E844A056F044A066F844A0766A
:10EEF0002045A0482845A0583045A0683845A0784E
:10EF00006045A04A6845A05A7045A06A7845A07A35
:10EF1000A045A04CA845A05CB045A06CB845A07C1D
:10EF2000E045A04EE845A05EF045A06EF845A07E05
:10EF30002846E0503046E0603846E0706846E052CF
:10EF40007046E0627846E072A846E054B046E0645D
:10EF5000B846E074E846E056F046E066F846E076EB
:10EF60002047E0482847E0583047E0683847E078D5
:10EF70006047E04A6847E05A7047E06A7847E07ABD
:10EF8000A047E04CA847E05CB047E06CB847E07CA5
:10EF9000E047E04EE847E05EF047E06EF847E07E8D
:10EFA0002848205130482061384820716848205353
:10EFB0007048206378482073A8482055B0482065E1
:10EFC000B8482075E8482057F0482067F84820776F
:10EFD0002849205930492069384920796049204B17
:10EFE0006849205B7049206B7849207BA049204DFF
:10EFF000A849205DB049206DB849207DE049204FE7
:10F00000E849205FF049206FF849207F284A605185
:10F01000304A6061384A6071684A6053704A606380
:10F02000784A6073A84A6055B04A6065B84A60750E
:10F03000E84A6057F04A6067F84A6077284B6059A1
:10F04000304B6069384B6079684B605B704B606B2C
:10F05000784B607BA04B604DA84B605DB04B606D02
:10F06000B84B607DE04B604FE84B605FF04B606FEA
:10F07000F84B607F284CA051304CA061384CA071F7
:10F08000684CA053704CA063784CA073A84CA0555A
:10F09000B04CA065B84CA075E84CA057F04CA067E8
:10F0A000F84CA077284DA059304DA069384DA07973
:10F0B000684DA05B704DA06B784DA07BA84DA05D06
:10F0C000B04DA06DB84DA07DE04DA04FE84DA05FC4
:10F0D000F04DA06FF84DA07F284EE051304EE0611A
:10F0E000384EE071684EE053704EE063784EE07346
:10F0F000A84EE055B04EE065B84EE075E84EE057DA
:10F10000F04EE067F84EE077284FE059304FE06965
:10F11000384FE079684FE05B704FE06B784FE07BF1
:10F12000A84FE05DB04FE06DB84FE07DE84FE05F85
:10F13000F04FE06FF84FE07F305028603850287073
:10F14000685028527050286278502872A85028546D
:10F15000B0502864B8502874E8502856F0502866FB
:10F16000F850287628512858305128683851287886
:10F170006851285A7051286A7851287AA851285C19
:10F18000B051286CB851287CE851285EF051286EA7
:10F19000F851287E30526860385268707052686248
:10F1A00078526872A8526854B0526864B852687451
:10F1B000E8526856F0526866F852687628536858E4
:10F1C00030536868385368786853685A7053686A6F
:10F1D0007853687AA853685CB053686CB853687CFD
:10F1E000E853685EF053686EF853687E3054A86048
:10F1F0003854A8707054A8627854A872B054A864A7
:10F20000B854A874E854A856F054A866F854A876E0
:10F210002855A8583055A8683855A8786855A85A70
:10F220007055A86A7855A87AA855A85CB055A86CFE
:10F23000B855A87CE855A85EF055A86EF855A87E8C
:10F240003056E8603856E8707056E8627856E872D2
:10F25000B056E864B856E874F056E866F856E876B2
:10F260002857E8583057E8683857E8786857E85A18
:10F270007057E86A7857E87AA857E85CB057E86CA6
:10F28000B857E87CE857E85EF057E86EF857E87E34
:10F290003058286138582871705828637858287376
:10F2A000B0582865B8582875F0582867F858287756
:10F2B00030592869385928796859285B7059286B62
:10F2C0007859287BA859285DB059286DB859287DF0
:10F2D000E859285FF059286FF859287F305A68613B
:10F2E000385A6871705A6863785A6873B05A68659A
:10F2F000B85A6875F05A6867F85A6877305B686979
:10F30000385B6879705B686B785B687BA85B685D6D
:10F31000B05B686DB85B687DE85B685FF05B686FE9
:10F32000F85B687F305CA861385CA871705CA8638A
:10F33000785CA873B05CA865B85CA875F05CA86739
:10F34000F85CA877305DA869385DA879705DA86B16
:10F35000785DA87BB05DA86DB85DA87DE85DA85F0D
:10F36000F05DA86FF85DA87F305EE861385EE871F7
:10F37000705EE863785EE873B05EE865B85EE87575
:10F38000F05EE867F85EE877305FE869385FE87953
:10F39000705FE86B785FE87BB05FE86DB85FE87D31
:10F3A000F05FE86FF85FE87F38603070706030625F
:10F3B00078603072B0603064B8603074F06030668D
:10F3C000F860307630613068386130787061306A6A
:10F3D0007861307AB061306CB861307CF061306E49
:10F3E000F861307E3862707078627072B0627064FA
:10F3F000B8627074F0627066F8627076306370683C
:10F40000386370787063706A7863707AB063706C18
:10F41000B863707CF063706EF863707E3864B070AF
:10F420007864B072B864B074F064B066F864B076B2
:10F430003065B0683865B0787065B06A7865B07A64
:10F44000B065B06CB865B07CF065B06EF865B07E44
:10F450003866F0707866F072B866F074F866F07628
:10F460003067F0683867F0787067F06A7867F07A2C
:10F47000B067F06CB867F07CF067F06EF867F07E0C
:10F480003868307178683073B8683075F8683077EC
:10F49000386930797069306B7869307BB069306D6C
:10F4A000B869307DF069306FF869307F386A707103
:10F4B000786A7073B86A7075F86A7077386B7079AB
:10F4C000786B707BB06B706DB86B707DF06B706F2C
:10F4D000F86B707F386CB071786CB073B86CB075C5
:10F4E000F86CB077386DB079786DB07BB86DB07D61
:10F4F000F06DB06FF86DB07F386EF071786EF073AC
:10F50000B86EF075F86EF077386FF079786FF07B41
:10F51000B86FF07DF86FF07F78703872B87038741B
:10F52000F8703876387138787871387AB871387CF4
:10F53000F871387EB8727874F872787638737878A3
:10F540007873787AB873787CF873787EF874B876C4
:10F550003875B8787875B87AB875B87CF875B87EAB
:10F560003877F8787877F87AB877F87CF877F87E93
:10F570007879387BB879387DF879387FB87B787DB1
:10F58000F87B787FF87DB87F080000021000000447
:10F5900018000006200000082800000A3000000CB7
:10F5A0003800000E48004002500040045800400659
:10F5B000600040086800400A7000400C7800400E6F
:10F5C000880080029000800498008006A0008008D7
:10F5D000A800800AB000800CB800800EC800C002ED
:10F5E000D000C004D800C006E000C008E800C00A8F
:10F5F000F000C00CF800C00E080100031001000567
:10F6000018010007200100092801000B3001000D3E
:10F610003801000F480140035001400558014007E0
:10F62000600140096801400B7001400D7801400FF6
:10F63000880180039001800598018007A00180095E
:10F64000A801800BB001800DB801800FC801C00374
:10F65000D001C005D801C007E001C009E801C00B16
:10F66000F001C00DF801C00F1002080418020806CE
:10F67000200208082802080A3002080C3802080E86
:10F680005002480458024806600248086802480AC6
:10F690007002480C7802480E90028804980288068E
:10F6A000A0028808A802880AB002880CB802880E56
:10F6B000D002C804D802C806E002C808E802C80A96
:10F6C000F002C80CF802C80E10030805180308075A
:10F6D000200308092803080B3003080D3803080F1E
:10F6E0005003480558034807600348096803480B5E
:10F6F0007003480D7803480F900388059803880726
:10F70000A0038809A803880BB003880DB803880FED
:10F71000D003C805D803C807E003C809E803C80B2D
:10F72000F003C80DF803C80F1804100620041008D1
:10F730002804100A3004100C3804100E5804500627
:10F74000600450086804500A7004500C7804500E8D
:10F7500098049006A0049008A804900AB004900CA5
:10F76000B804900ED804D006E004D008E804D00A0B
:10F77000F004D00CF804D00E18051007200510096D
:10F780002805100B3005100D3805100F58055007CF
:10F79000600550096805500B7005500D7805500F35
:10F7A00098059007A0059009A805900BB005900D4D
:10F7B000B805900FD805D007E005D009E805D00BB3
:10F7C000F005D00DF805D00F200618082806180AF5
:10F7D0003006180C3806180E600658086806580AD5
:10F7E0007006580C7806580EA0069808A806980AC5
:10F7F000B006980CB806980EE006D808E806D80AB5
:10F80000F006D80CF806D80E200718092807180BA0
:10F810003007180D3807180F600758096807580B8C
:10F820007007580D7807580FA0079809A807980B7C
:10F83000B007980DB807980FE007D809E807D80B6C
:10F84000F007D80DF807D80F2808200A3008200C38
:10F850003808200E6808600A7008600C7808600E8E
:10F86000A808A00AB008A00CB808A00EE808E00A92
:10F87000F008E00CF808E00E2809200B3009200DF4
:10F880003809200F6809600B7009600D7809600F56
:10F89000A809A00BB009A00DB809A00FE809E00B5A
:10F8A000F009E00DF809E00F300A280C380A280E9C
:10F8B000700A680C780A680EB00AA80CB80AA80E7C
:10F8C000F00AE80CF80AE80E300B280D380B280F68
:10F8D000700B680D780B680FB00BA80DB80BA80F54
:10F8E000F00BE80DF80BE80F380C300E780C700EAA
:10F8F000B80CB00EF80CF00E380D300F780D700FFC
:10F90000B80DB00FF80DF00F080040001000800097
:10F910001800C000200000012800400130008001D4
:10F920003800C001500088005800C800600008017D
:10F9300068004801700088017800C8019800D00074
:10F94000A0001001A8005001B0009001B800D00143
:10F95000E0001801E8005801F0009801F800D80113
:10F96000280160013001A0013801E0017001A80107
:10F970007801E801B801F00100040000DC0702088A
:10F98000A0A401080807000080000000DC2702088E
:10F99000B0B20108D000000010000000DC2B02080B
:10F9A00050B4010814000000000800005C2C02089C
:10F9B00078B40108E00E0000000100005C6C020851
:10F9C00038D20108B8010000200000005C74020871
:10F9D000A8D5010830000000001000005C75020886
:10F9E00008D60108C00F0000000200005CF5020804
:10F9F00088F50108C0010000400000005C05030814
:10FA000008F901083800000000000000900E493C91
:10FA1000B00AC93C2CC3163D2FFB483D742B7B3DDF
:10FA200005A9963D80B6AF3D36BDC83D2EBCE13D33
:10FA300073B2FA3D86CF093E8340163EB6AB223EF6
:10FA4000A2102F3ECF6E3B3EC2C5473E0115543E2D
:10FA5000135C603E7F9A6C3ECCCF783EC07D823E88
:10FA6000938E883E229A8E3E31A0943E86A09A3E86
:10FA7000E59AA03E128FA63ED47CAC3EEF63B23E28
:10FA80002A44B83E4A1DBE3E15EFC33E53B9C93E97
:10FA9000CA7BCF3E4136D53E80E8DA3E4F92E03E0B
:10FAA0007533E63EBBCBEB3EEA5AF13ECBE0F63E89
:10FAB000275DFC3EE4E7003F3D9C033F824B063F51
:10FAC0009BF5083F6B9A0B3FDA390E3FCDD3103FC1
:10FAD0002A68133FD9F6153FC07F183FC6021B3F67
:10FAE000D17F1D3FCBF61F3F9967223F25D2243F90
:10FAF0005636273F1594293F4AEB2B3FDE3B2E3FDE
:10FB0000BB85303FC9C8323FF304353F233A373F06
:10FB10004268393F3B8F3B3FF9AE3D3F67C73F3FB0
:10FB200070D8413F00E2433F03E4453F65DE473F75
:10FB300012D1493FF8BB4B3F029F4D3F1F7A4F3FC9
:10FB40003D4D513F4918533F31DB543FE595563FFA
:10FB50005348583F6AF2593F1A945B3F532D5D3F1B
:10FB600005BE5E3F2146603F98C5613F5A3C633FFA
:10FB700059AA643F880F663FD86B673F3CBF683F18
:10FB8000A7096A3F0C4B6B3F5E836C3F93B26D3F9E
:10FB90009ED86E3F73F56F3F0809713F5213723F55
:10FBA0004714733FDD0B743F0BFA743FC6DE753F9D
:10FBB00007BA763FC58B773FF853783F9812793F65
:10FBC0009DC7793F02737A3FBE147B3FCDAC7B3F2C
:10FBD000283B7C3FC9BF7C3FAC3A7D3FCCAB7D3FEF
:10FBE00024137E3FB0707E3F6DC47E3F580E7F3F32
:10FBF0006D4E7F3FAB847F3F0FB17F3F98D37F3FF8
:10FC000043EC7F3F11FB7F3F0000803F11FB7F3FB4
:10FC100043EC7F3F98D37F3F0FB17F3FAB847F3F63
:10FC20006D4E7F3F580E7F3F6DC47E3FB0707E3F6C
:10FC300024137E3FCCAB7D3FAC3A7D3FC9BF7C3FB8
:10FC4000283B7C3FCDAC7B3FBE147B3F02737A3FA9
:10FC50009DC7793F9812793FF853783FC58B773F1E
:10FC600007BA763FC6DE753F0BFA743FDD0B743F73
:10FC70004714733F5213723F0809713F73F56F3F8A
:10FC80009ED86E3F93B26D3F5E836C3F0C4B6B3FD3
:10FC9000A7096A3F3CBF683FD86B673F880F663F44
:10FCA00059AA643F5A3C633F98C5613F2146603F73
:10FCB00005BE5E3F532D5D3F1A945B3F6AF2593F8C
:10FCC0005348583FE595563F31DB543F4918533F61
:10FCD0003D4D513F1F7A4F3F029F4D3FF8BB4B3F79
:10FCE00012D1493F65DE473F03E4453F00E2433F11
:10FCF00070D8413F67C73F3FF9AE3D3F3B8F3B3F29
:10FD00004268393F233A373FF304353FC9C8323F91
:10FD1000BB85303FDE3B2E3F4AEB2B3F1594293FFE
:10FD20005636273F25D2243F9967223FCBF61F3F07
:10FD3000D17F1D3FC6021B3FC07F183FD9F6153F3C
:10FD40002A68133FCDD3103FDA390E3F6B9A0B3F31
:10FD50009BF5083F824B063F3D9C033FE4E7003F95
:10FD6000275DFC3ECBE0F63EEA5AF13EBBCBEB3ED4
:10FD70007533E63E4F92E03E80E8DA3E4136D53EAE
:10FD8000CA7BCF3E53B9C93E15EFC33E4A1DBE3EA6
:10FD90002A44B83EEF63B23ED47CAC3E128FA63EFE
:10FDA000E59AA03E86A09A3E31A0943E229A8E3ECD
:10FDB000938E883EC07D823ECCCF783E7F9A6C3E4B
:10FDC000135C603E0115543EC2C5473ECF6E3B3EBC
:10FDD000A2102F3EB6AB223E8340163E86CF093E90
:10FDE00073B2FA3D2EBCE13D36BDC83D80B6AF3D95
:10FDF00005A9963D742B7B3D2FFB483D2CC3163D3A
:10FE0000B00AC93C900E493C00000000900E49BC6D
:10FE1000B00AC9BC2CC316BD2FFB48BD742B7BBDDB
:10FE200005A996BD80B6AFBD36BDC8BD2EBCE1BD2F
:10FE300073B2FABD86CF09BE834016BEB6AB22BEF2
:10FE4000A2102FBECF6E3BBEC2C547BE011554BE29
:10FE5000135C60BE7F9A6CBECCCF78BEC07D82BE84
:10FE6000938E88BE229A8EBE31A094BE86A09ABE82
:10FE7000E59AA0BE128FA6BED47CACBEEF63B2BE24
:10FE80002A44B8BE4A1DBEBE15EFC3BE53B9C9BE93
:10FE9000CA7BCFBE4136D5BE80E8DABE4F92E0BE07
:10FEA0007533E6BEBBCBEBBEEA5AF1BECBE0F6BE85
:10FEB000275DFCBEE4E700BF3D9C03BF824B06BF4D
:10FEC0009BF508BF6B9A0BBFDA390EBFCDD310BFBD
:10FED0002A6813BFD9F615BFC07F18BFC6021BBF63
:10FEE000D17F1DBFCBF61FBF996722BF25D224BF8C
:10FEF000563627BF159429BF4AEB2BBFDE3B2EBFDA
:10FF0000BB8530BFC9C832BFF30435BF233A37BF02
:10FF1000426839BF3B8F3BBFF9AE3DBF67C73FBFAC
:10FF200070D841BF00E243BF03E445BF65DE47BF71
:10FF300012D149BFF8BB4BBF029F4DBF1F7A4FBFC5
:10FF40003D4D51BF491853BF31DB54BFE59556BFF6
:10FF5000534858BF6AF259BF1A945BBF532D5DBF17
:10FF600005BE5EBF214660BF98C561BF5A3C63BFF6
:10FF700059AA64BF880F66BFD86B67BF3CBF68BF14
:10FF8000A7096ABF0C4B6BBF5E836CBF93B26DBF9A
:10FF90009ED86EBF73F56FBF080971BF521372BF51
:10FFA000471473BFDD0B74BF0BFA74BFC6DE75BF99
:10FFB00007BA76BFC58B77BFF85378BF981279BF61
:10FFC0009DC779BF02737ABFBE147BBFCDAC7BBF28
:10FFD000283B7CBFC9BF7CBFAC3A7DBFCCAB7DBFEB
:10FFE00024137EBFB0707EBF6DC47EBF580E7FBF2E
:10FFF0006D4E7FBFAB847FBF0FB17FBF98D37FBFF4
:020000040802F0
:1000000043EC7FBF11FB7FBF000080BF11FB7FBFB0
:1000100043EC7FBF98D37FBF0FB17FBFAB847FBF5F
:100020006D4E7FBF580E7FBF6DC47EBFB0707EBF68
:1000300024137EBFCCAB7DBFAC3A7DBFC9BF7CBFB4
:10004000283B7CBFCDAC7BBFBE147BBF02737ABFA5
:100050009DC779BF981279BFF85378BFC58B77BF1A
:1000600007BA76BFC6DE75BF0BFA74BFDD0B74BF6F
:10007000471473BF521372BF080971BF73F56FBF86
:100080009ED86EBF93B26DBF5E836CBF0C4B6BBFCF
:10009000A7096ABF3CBF68BFD86B67BF880F66BF40
:1000A00059AA64BF5A3C63BF98C561BF214660BF6F
:1000B00005BE5EBF532D5DBF1A945BBF6AF259BF88
:1000C000534858BFE59556BF31DB54BF491853BF5D
:1000D0003D4D51BF1F7A4FBF029F4DBFF8BB4BBF75
:1000E00012D149BF65DE47BF03E445BF00E243BF0D
:1000F00070D841BF67C73FBFF9AE3DBF3B8F3BBF25
:10010000426839BF233A37BFF30435BFC9C832BF8D
:10011000BB8530BFDE3B2EBF4AEB2BBF159429BFFA
:10012000563627BF25D224BF996722BFCBF61FBF03
:10013000D17F1DBFC6021BBFC07F18BFD9F615BF38
:100140002A6813BFCDD310BFDA390EBF6B9A0BBF2D
:100150009BF508BF824B06BF3D9C03BFE4E700BF91
:10016000275DFCBECBE0F6BEEA5AF1BEBBCBEBBED0
:100170007533E6BE4F92E0BE80E8DABE4136D5BEAA
:10018000CA7BCFBE53B9C9BE15EFC3BE4A1DBEBEA2
:100190002A44B8BEEF63B2BED47CACBE128FA6BEFA
:1001A000E59AA0BE86A09ABE31A094BE229A8EBEC9
:1001B000938E88BEC07D82BECCCF78BE7F9A6CBE47
:1001C000135C60BE011554BEC2C547BECF6E3BBEB8
:1001D000A2102FBEB6AB22BE834016BE86CF09BE8C
:1001E00073B2FABD2EBCE1BD36BDC8BD80B6AFBD91
:1001F00005A996BD742B7BBD2FFB48BD2CC316BD36
:10020000B00AC9BC900E49BC00000080414E414C70
:10021000595A45525F46572C4837343356495F3652
:10022000324D355F50524F544F434F4C5F56322C36
:100230006275696C643D32303236303733315F324B
:100240003230300D0A00414E414C595A45525F43FD
:10025000414C2C70726F66696C653D6164635F64CC
:1002600069726563742C7363616C653D302E393639
:10027000383933362C6D765F7065725F636F6465F5
:100280003D322E3336353536360D0A005741564548
:100290005F5241575F424547494E2C6672616D651A
:1002A0003D25752C66733D313935333132352E306D
:1002B00030302C636F756E743D343039360D0A0062
:1002C000574156455F5241575F454E440D0A00570E
:1002D0004156455F444953504C41595F454E440D8A
:1002E0000A0025640D0A00414E414C595A45525F9F
:1002F000434F4D504F4E454E542C6E3D25752C6648
:100300003D252E33662C7065616B5F6D763D252E25
:1003100033662C70686173653D252E36660D0A00C4
:10032000414E414C595A45525F4552524F522C66EC
:100330007067615F636170747572655F696E69741F
:100340000D0A00414E414C595A45525F4E4F5F567F
:10035000414C49445F434F4D504F4E454E542C66DF
:1003600072616D653D25750D0A00574156455F4424
:100370004953504C41595F424547494E2C66726182
:100380006D653D25752C706572696F64733D2575CB
:100390002C636F756E743D25750D0A0053504933FB
:1003A0005F50494E434845434B2C6D6F64653D2576
:1003B0006C752C707570643D256C752C61663D25DF
:1003C0006C752C6964723D256C750D0A00414E41B7
:1003D0004C595A45525F5354415455532C706C6CD0
:1003E0003D25752C6366673D25752C66696C7465C3
:1003F000723D25752C627573793D25752C7265618A
:1004000064793D25752C6672616D653D25752C6F8F
:1004100074723D256C752C676F6F643D256C752C6F
:100420006372633D256C752C70726F746F636F6CB3
:100430003D256C752C646D613D256C752C66773D92
:10044000323230302C706331315F6D6F64653D2521
:100450006C752C706331315F707570643D256C75FF
:100460002C706331315F61663D256C752C70633192
:10047000315F6964723D256C750D0A00414E414C37
:10048000595A45525F524553554C542C6672616D12
:10049000653D256C752C66303D252E33662C7570B8
:1004A000703D252E33662C75726D733D252E336697
:1004B0002C636F6D706F6E656E74733D25752C6F58
:1004C00074723D256C752C70726F63657373696E01
:1004D000675F75733D256C750D0A00414E414C599F
:1004E0005A45525F53544152542C7261775F667380
:1004F0003D36323530303030302C646563696D61A3
:1005000074696F6E3D33322C616E616C79736973FF
:100510005F66733D313935333132352E3030302C12
:100520006E3D343039362C70726F746F636F6C3D72
:10053000322C7370693D535049335F31324D487AE4
:100540000D0A004E4F205349474E414C005741562B
:10055000455F5241575F41524D45440D0A00574196
:1005600056455F444953504C41595F41524D4544B3
:100570000D0A0051756573310057617665526177D8
:100580000057617665446973706C61790053504916
:100590005F5241572C253034582C253034582C25A7
:1005A0003034582C253034582C253034582C2530F4
:1005B00034582C253034582C253034582C253034E0
:1005C000580D0A005350495F5241572C6372635FC4
:1005D00065787065637465643D253034582C6372AA
:1005E000635F72656365697665643D253034580DD7
:1005F0000A005350495F5241572C68616C5F657225
:10060000726F723D30782530386C582C7374617479
:10061000653D30782530386C580D0A007873747257
:100620002025752C25752C25752C25752C25752CCC
:1006300025752C25752C25752C312C312C222573F4
:1006400022002D2D007669732025732C3000626105
:1006500075643D31313532303000626B636D643D1D
:1006600030007265636D6F643D3000623000706110
:1006700067652070616765300073300073656E6474
:1006800078793D3100623100636C7320313634007B
:1006900056414C4944002D5500252E3166206D569B
:1006A000005245414459007446756E6400745065AB
:1006B00072696F640025756B00745570700074501A
:1006C00065616B73007455726D73007456726D734F
:1006D00000745374617475730074006369727320DD
:1006E00025752C25752C25752C2575006C696E6576
:1006F0002025752C25752C25752C25752C25750028
:1007000066696C6C2025752C25752C25752C257536
:100710002C257500647261772025752C25752C2594
:10072000752C25752C257500252E3266206B487A90
:1007300000252E3366206B487A00D3D0D0A700CA9C
:10074000B5CAB100D5E6D3D0D0A7D6B500B7E5B7C6
:10075000E5D6B500C6B5C2CAB7D6C1BF00D6DCC69D
:10076000DAD0C5BAC5B2E2C1BFB7D6CEF6D7B0D6D9
:10077000C300CEDED0C5BAC500BBF9B2A8C6B5C2AB
:10078000CA002575B4CE00CAB1D3F2B2A8D0CE004B
:10079000B5E7D1B9C6B5C6D70031D6DCC6DA003365
:1007A000D6DCC6DA003230323620C8ABB9FAB4F340
:1007B000D1A7C9FAB5E7D7D3C9E8BCC6BEBAC8FC49
:1007C000202D2047CCE200BECDD0F700B2E2C1BF61
:1007D000B2CECAFD00B4CECAFD0000000000803FCA
:1007E00000000000C4FE7F3F890FC93B11FB7F3F23
:1007F000900E493CE6F47F3FB6C9963C43EC7F3F00
:10080000B00AC93C29E17F3FB949FB3C98D37F3FFF
:100810002CC3163D8FC37F3F07E02F3D0FB17F3FB5
:100820002FFB483D189C7F3F6814623DAB847F3F9F
:10083000742B7B3DC76A7F3F0A208A3D6D4E7F3F08
:1008400005A9963D9D2F7F3F8C30A33D580E7F3FDD
:1008500080B6AF3D9DEA7E3FC33ABC3D6DC47E3F4E
:1008600036BDC83DC99B7E3FB93DD53DB0707E3F8A
:100870002EBCE13D23437E3F7638EE3D24137E3F80
:1008800073B2FA3DB1E07D3F0295033ECCAB7D3FB4
:1008900086CF093E74747D3FB708103EAC3A7D3F69
:1008A0008340163E73FE7C3FDE761C3EC9BF7C3F14
:1008B000B6AB223EB07E7C3FFCDE283E283B7C3F30
:1008C000A2102F3E31F57B3F9840353ECDAC7B3FAB
:1008D000CF6E3B3EFC617B3F379B413EBE147B3F6E
:1008E000C2C5473E16C57A3F60EE4D3E02737A3F61
:1008F0000115543E841E7A3F97395A3E9DC7793F71
:10090000135C603E4E6E793F667C663E9812793F7E
:100910007F9A6C3E7BB4783F51B6723EF853783F75
:10092000CCCF783E10F1773FE1E67E3EC58B773F36
:10093000C07D823E1724773FCE86853E07BA763F3C
:10094000938E883E974D763F07958B3EC6DE753F6A
:10095000229A8E3E976D753FDD9D913E0BFA743F56
:1009600031A0943E2284743F17A1973EDD0B743F63
:1009700086A09A3E3F91733F789E9D3E4714733FF9
:10098000E59AA03EF894723FC595A33E5213723F7C
:10099000128FA63E578F713FC486A93E0809713F4A
:1009A000D47CAC3E6680703F3A71AF3E73F56F3FCA
:1009B000EF63B23E30686F3FEC54B53E9ED86E3F59
:1009C0002A44B83EBE466E3FA031BB3E93B26D3F57
:1009D0004A1DBE3E1D1C6D3F1E07C13E5E836C3F1F
:1009E00015EFC33E58E86B3F29D5C63E0C4B6B3F15
:1009F00053B9C93E7BAB6A3F8B9BCC3EA7096A3F8C
:100A0000CA7BCF3E9165693F095AD23E3CBF683FE1
:100A10004136D53EA816683F6B10D83ED86B673F6D
:100A200080E8DA3ECCBE663F79BEDD3E880F663F89
:100A30004F92E03E0B5E653FFA63E33E59AA643F86
:100A40007533E63E73F4633FB700E93E5A3C633FBB
:100A5000BBCBEB3E1082623F7994EE3E98C5613F7E
:100A6000EA5AF13EF206613F071FF43E2146603F1D
:100A7000CBE0F63E27835F3F2DA0F93E05BE5E3FEB
:100A8000275DFC3EBEF65D3FB217FF3E532D5D3F36
:100A9000E4E7003FC7615C3FB142023F1A945B3F0D
:100AA0003D9C033F50C45A3F84F4043F6AF2593FCF
:100AB000824B063F6A1E593F36A1073F5348583FB5
:100AC0009BF5083F2670573FAD480A3FE595563FD6
:100AD0006B9A0B3F93B9553FD0EA0C3F31DB543F43
:100AE000DA390E3FC3FA533F84870F3F4918533F0B
:100AF000CDD3103FC633523FB01E123F3D4D513F44
:100B00002A68133FAF64503F39B0143F1F7A4F3FFC
:100B1000D9F6153F908D4E3F073C173F029F4D3F42
:100B2000C07F183F79AE4C3F00C2193FF8BB4B3F26
:100B3000C6021B3F7FC74A3F0C421C3F12D1493FB0
:100B4000D17F1D3FB3D8483F12BC1E3F65DE473FF3
:100B5000CBF61F3F2AE2463FF92F213F03E4453FF2
:100B60009967223FF5E3443FA99D233F00E2433FBD
:100B700025D2243F29DE423F0A05263F70D8413F57
:100B80005636273FDAD0403F0566283F67C73F3FCC
:100B90001594293F1BBC3E3F82C02A3FF9AE3D3F22
:100BA0004AEB2B3F03A03C3F69142D3F3B8F3B3F5B
:100BB000DE3B2E3FA47C3A3FA5612F3F4268393F80
:100BC000BB85303F1652383F1DA8313F233A373F8F
:100BD000C9C8323F6C20363FBCE7333FF304353F92
:100BE000F304353FBCE7333F6C20363FC9C8323F82
:100BF000233A373F1DA8313F1652383FBB85303F5F
:100C00004268393FA5612F3FA47C3A3FDE3B2E3F2F
:100C10003B8F3B3F69142D3F03A03C3F4AEB2B3FEA
:100C2000F9AE3D3F82C02A3F1BBC3E3F1594293F91
:100C300067C73F3F0566283FDAD0403F5636273F1B
:100C400070D8413F0A05263F29DE423F25D2243F86
:100C500000E2433FA99D233FF5E3443F9967223FCC
:100C600003E4453FF92F213F2AE2463FCBF61F3FE1
:100C700065DE473F12BC1E3FB3D8483FD17F1D3FC2
:100C800012D1493F0C421C3F7FC74A3FC6021B3F5F
:100C9000F8BB4B3F00C2193F79AE4C3FC07F183FB5
:100CA000029F4D3F073C173F908D4E3FD9F6153FB1
:100CB0001F7A4F3F39B0143FAF64503F2A68133F4B
:100CC0003D4D513FB01E123FC633523FCDD3103F72
:100CD0004918533F84870F3FC3FA533FDA390E3F19
:100CE00031DB543FD0EA0C3F93B9553F6B9A0B3F31
:100CF000E595563FAD480A3F2670573F9BF5083FA4
:100D00005348583F36A1073F6A1E593F824B063F62
:100D10006AF2593F84F4043F50C45A3F3D9C033F5C
:100D20001A945B3FB142023FC7615C3FE4E7003F7A
:100D3000532D5D3FB217FF3EBEF65D3F275DFC3E83
:100D400005BE5E3F2DA0F93E27835F3FCBE0F63E18
:100D50002146603F071FF43EF206613FEA5AF13E2A
:100D600098C5613F7994EE3E1082623FBBCBEB3E6B
:100D70005A3C633FB700E93E73F4633F7533E63E88
:100D800059AA643FFA63E33E0B5E653F4F92E03E33
:100D9000880F663F79BEDD3ECCBE663F80E8DA3E16
:100DA000D86B673F6B10D83EA816683F4136D53EDA
:100DB0003CBF683F095AD23E9165693FCA7BCF3E2E
:100DC000A7096A3F8B9BCC3E7BAB6A3F53B9C93EB8
:100DD0000C4B6B3F29D5C63E58E86B3F15EFC33E21
:100DE0005E836C3F1E07C13E1D1C6D3F4A1DBE3E0B
:100DF00093B26D3FA031BB3EBE466E3F2A44B83E23
:100E00009ED86E3FEC54B53E30686F3FEF63B23E04
:100E100073F56F3F3A71AF3E6680703FD47CAC3E55
:100E20000809713FC486A93E578F713F128FA63EB5
:100E30005213723FC595A33EF894723FE59AA03EC7
:100E40004714733F789E9D3E3F91733F86A09A3E24
:100E5000DD0B743F17A1973E2284743F31A0943E6E
:100E60000BFA743FDD9D913E976D753F229A8E3E41
:100E7000C6DE753F07958B3E974D763F938E883E35
:100E800007BA763FCE86853E1724773FC07D823EE7
:100E9000C58B773FE1E67E3E10F1773FCCCF783EC1
:100EA000F853783F51B6723E7BB4783F7F9A6C3EE0
:100EB0009812793F667C663E4E6E793F135C603EC9
:100EC0009DC7793F97395A3E841E7A3F0115543E9B
:100ED00002737A3F60EE4D3E16C57A3FC2C5473E6B
:100EE000BE147B3F379B413EFC617B3FCF6E3B3E58
:100EF000CDAC7B3F9840353E31F57B3FA2102F3E75
:100F0000283B7C3FFCDE283EB07E7C3FB6AB223ED9
:100F1000C9BF7C3FDE761C3E73FE7C3F8340163E9D
:100F2000AC3A7D3FB708103E74747D3F86CF093ED2
:100F3000CCAB7D3F0295033EB1E07D3F73B2FA3DFD
:100F400024137E3F7638EE3D23437E3F2EBCE13DA9
:100F5000B0707E3FB93DD53DC99B7E3F36BDC83D93
:100F60006DC47E3FC33ABC3D9DEA7E3F80B6AF3D37
:100F7000580E7F3F8C30A33D9D2F7F3F05A9963DA6
:100F80006D4E7F3F0A208A3DC76A7F3F742B7B3DB1
:100F9000AB847F3F6814623D189C7F3F2FFB483D28
:100FA0000FB17F3F07E02F3D8FC37F3F2CC3163D1E
:100FB00098D37F3FB949FB3C29E17F3FB00AC93C48
:100FC00043EC7F3FB6C9963CE6F47F3F900E493C28
:100FD00011FB7F3F890FC93BC4FE7F3F000000002B
:100FE0000000803F890FC9BBC4FE7F3F900E49BC03
:100FF00011FB7F3FB6C996BCE6F47F3FB00AC9BC7F
:1010000043EC7F3FB949FBBC29E17F3F2CC316BDB0
:1010100098D37F3F07E02FBD8FC37F3F2FFB48BD95
:101020000FB17F3F681462BD189C7F3F742B7BBD5E
:10103000AB847F3F0A208ABDC76A7F3F05A996BD62
:101040006D4E7F3F8C30A3BD9D2F7F3F80B6AFBDDF
:10105000580E7F3FC33ABCBD9DEA7E3F36BDC8BD3A
:101060006DC47E3FB93DD5BDC99B7E3F2EBCE1BD61
:10107000B0707E3F7638EEBD23437E3F73B2FABD3B
:1010800024137E3F029503BEB1E07D3F86CF09BEAB
:10109000CCAB7D3FB70810BE74747D3F834016BE55
:1010A000AC3A7D3FDE761CBE73FE7C3FB6AB22BE03
:1010B000C9BF7C3FFCDE28BEB07E7C3FA2102FBEA5
:1010C000283B7C3F984035BE31F57B3FCF6E3BBE21
:1010D000CDAC7B3F379B41BEFC617B3FC2C547BE69
:1010E000BE147B3F60EE4DBE16C57A3F011554BE5F
:1010F00002737A3F97395ABE841E7A3F135C60BEF2
:101100009DC7793F667C66BE4E6E793F7F9A6CBE06
:101110009812793F51B672BE7BB4783FCCCF78BE7F
:10112000F853783FE1E67EBE10F1773FC07D82BE86
:10113000C58B773FCE8685BE1724773F938E88BEBA
:1011400007BA763F07958BBE974D763F229A8EBEA3
:10115000C6DE753FDD9D91BE976D753F31A094BE93
:101160000BFA743F17A197BE2284743F86A09ABEE3
:10117000DD0B743F789E9DBE3F91733FE59AA0BE04
:101180004714733FC595A3BEF894723F128FA6BE55
:101190005213723FC486A9BE578F713FD47CACBE38
:1011A0000809713F3A71AFBE6680703FEF63B2BE0F
:1011B00073F56F3FEC54B5BE30686F3F2A44B8BE3C
:1011C0009ED86E3FA031BBBEBE466E3F4A1DBEBE1E
:1011D00093B26D3F1E07C1BE1D1C6D3F15EFC3BE10
:1011E0005E836C3F29D5C6BE58E86B3F53B9C9BE74
:1011F0000C4B6B3F8B9BCCBE7BAB6A3FCA7BCFBE9D
:10120000A7096A3F095AD2BE9165693F4136D5BEEA
:101210003CBF683F6B10D8BEA816683F80E8DABEB6
:10122000D86B673F79BEDDBECCBE663F4F92E0BE55
:10123000880F663FFA63E3BE0B5E653F7533E6BE1B
:1012400059AA643FB700E9BE73F4633FBBCBEBBE62
:101250005A3C633F7994EEBE1082623FEA5AF1BE77
:1012600098C5613F071FF4BEF206613FCBE0F6BEB2
:101270002146603F2DA0F9BE27835F3F275DFCBE5E
:1012800005BE5E3FB217FFBEBEF65D3FE4E700BF9E
:10129000532D5D3FB14202BFC7615C3F3D9C03BF20
:1012A0001A945B3F84F404BF50C45A3F824B06BF7C
:1012B0006AF2593F36A107BF6A1E593F9BF508BF26
:1012C0005348583FAD480ABF2670573F6B9A0BBF33
:1012D000E595563FD0EA0CBF93B9553FDA390EBFBA
:1012E00031DB543F84870FBFC3FA533FCDD310BFC8
:1012F0004918533FB01E12BFC633523F2A6813BF6E
:101300003D4D513F39B014BFAF64503FD9F615BFC2
:101310001F7A4F3F073C17BF908D4E3FC07F18BFCD
:10132000029F4D3F00C219BF79AE4C3FC6021BBFA2
:10133000F8BB4B3F0C421CBF7FC74A3FD17F1DBF4C
:1013400012D1493F12BC1EBFB3D8483FCBF61FBFD6
:1013500065DE473FF92F21BF2AE2463F996722BF4A
:1013600003E4453FA99D23BFF5E3443F25D224BFB5
:1013700000E2433F0A0526BF29DE423F563627BF1B
:1013800070D8413F056628BFDAD0403F159429BF89
:1013900067C73F3F82C02ABF1BBC3E3F4AEB2BBF03
:1013A000F9AE3D3F69142DBF03A03C3FDE3B2EBF8D
:1013B0003B8F3B3FA5612FBFA47C3A3FBB8530BF2D
:1013C0004268393F1DA831BF1652383FC9C832BFE5
:1013D000233A373FBCE733BF6C20363FF30435BFB9
:1013E000F304353F6C2036BFBCE7333F233A37BFA9
:1013F000C9C8323F165238BF1DA8313F426839BFB5
:10140000BB85303FA47C3ABFA5612F3F3B8F3BBFDC
:10141000DE3B2E3F03A03CBF69142D3FF9AE3DBF1C
:101420004AEB2B3F1BBC3EBF82C02A3F67C73FBF72
:101430001594293FDAD040BF0566283F70D841BFD8
:101440005636273F29DE42BF0A05263F00E243BF4A
:1014500025D2243FF5E344BFA99D233F03E445BFC4
:101460009967223F2AE246BFF92F213F65DE47BF39
:10147000CBF61F3FB3D848BF12BC1E3F12D149BFA5
:10148000D17F1D3F7FC74ABF0C421C3FF8BB4BBFFB
:10149000C6021B3F79AE4CBF00C2193F029F4DBF31
:1014A000C07F183F908D4EBF073C173F1F7A4FBF3C
:1014B000D9F6153FAF6450BF39B0143F3D4D51BF11
:1014C0002A68133FC63352BFB01E123F491853BF9C
:1014D000CDD3103FC3FA53BF84870F3F31DB54BFD6
:1014E000DA390E3F93B955BFD0EA0C3FE59556BFA8
:1014F0006B9A0B3F267057BFAD480A3F534858BF01
:101500009BF5083F6A1E59BF36A1073F6AF259BFD3
:10151000824B063F50C45ABF84F4043F1A945BBF09
:101520003D9C033FC7615CBFB142023F532D5DBF8D
:10153000E4E7003FBEF65DBFB217FF3E05BE5EBFEB
:10154000275DFC3E27835FBF2DA0F93E214660BF8B
:10155000CBE0F63EF20661BF071FF43E98C561BFBF
:10156000EA5AF13E108262BF7994EE3E5A3C63BF64
:10157000BBCBEB3E73F463BFB700E93E59AA64BF2F
:101580007533E63E0B5E65BFFA63E33E880F66BFC8
:101590004F92E03ECCBE66BF79BEDD3ED86B67BFE2
:1015A00080E8DA3EA81668BF6B10D83E3CBF68BF23
:1015B0004136D53E916569BF095AD23EA7096ABF37
:1015C000CA7BCF3E7BAB6ABF8B9BCC3E0C4B6BBFC9
:1015D00053B9C93E58E86BBF29D5C63E5E836CBF80
:1015E00015EFC33E1D1C6DBF1E07C13E93B26DBFFC
:1015F0004A1DBE3EBE466EBFA031BB3E9ED86EBFEA
:101600002A44B83E30686FBFEC54B53E73F56FBFE7
:10161000EF63B23E668070BF3A71AF3E080971BF9A
:10162000D47CAC3E578F71BFC486A93E521372BFA3
:10163000128FA63EF89472BFC595A33E471473BFA0
:10164000E59AA03E3F9173BF789E9D3EDD0B74BF2F
:1016500086A09A3E228474BF17A1973E0BFA74BFEE
:1016600031A0943E976D75BFDD9D913EC6DE75BF7E
:10167000229A8E3E974D76BF07958B3E07BA76BF6E
:10168000938E883E172477BFCE86853EC58B77BF65
:10169000C07D823E10F177BFE1E67E3EF85378BF11
:1016A000CCCF783E7BB478BF51B6723E981279BFEA
:1016B0007F9A6C3E4E6E79BF667C663E9DC779BF51
:1016C000135C603E841E7ABF97395A3E02737ABF1C
:1016D0000115543E16C57ABF60EE4D3EBE147BBF69
:1016E000C2C5473EFC617BBF379B413ECDAC7BBF53
:1016F000CF6E3B3E31F57BBF9840353E283B7CBFEB
:10170000A2102F3EB07E7CBFFCDE283EC9BF7CBF4E
:10171000B6AB223E73FE7CBFDE761C3EAC3A7DBF8C
:101720008340163E74747DBFB708103ECCAB7DBFBE
:1017300086CF093EB1E07DBF0295033E24137EBFF4
:1017400073B2FA3D23437EBF7638EE3DB0707EBF64
:101750002EBCE13DC99B7EBFB93DD53D6DC47EBF6A
:1017600036BDC83D9DEA7EBFC33ABC3D580E7FBF23
:1017700080B6AF3D9D2F7FBF8C30A33D6D4E7FBFA8
:1017800005A9963DC76A7FBF0A208A3DAB847FBF0B
:10179000742B7B3D189C7FBF6814623D0FB17FBFE7
:1017A0002FFB483D8FC37FBF07E02F3D98D37FBFFE
:1017B0002CC3163D29E17FBFB949FB3C43EC7FBFF9
:1017C000B00AC93CE6F47FBFB6C9963C11FB7FBFA7
:1017D000900E493CC4FE7FBF890FC93B000080BF0B
:1017E00000000000C4FE7FBF890FC9BB11FB7FBF93
:1017F000900E49BCE6F47FBFB6C996BC43EC7FBFF0
:10180000B00AC9BC29E17FBFB949FBBC98D37FBFEF
:101810002CC316BD8FC37FBF07E02FBD0FB17FBFA5
:101820002FFB48BD189C7FBF681462BDAB847FBF8F
:10183000742B7BBDC76A7FBF0A208ABD6D4E7FBFF8
:1018400005A996BD9D2F7FBF8C30A3BD580E7FBFCD
:1018500080B6AFBD9DEA7EBFC33ABCBD6DC47EBF3E
:1018600036BDC8BDC99B7EBFB93DD5BDB0707EBF7A
:101870002EBCE1BD23437EBF7638EEBD24137EBF70
:1018800073B2FABDB1E07DBF029503BECCAB7DBFA4
:1018900086CF09BE74747DBFB70810BEAC3A7DBF59
:1018A000834016BE73FE7CBFDE761CBEC9BF7CBF04
:1018B000B6AB22BEB07E7CBFFCDE28BE283B7CBF20
:1018C000A2102FBE31F57BBF984035BECDAC7BBF9B
:1018D000CF6E3BBEFC617BBF379B41BEBE147BBF5E
:1018E000C2C547BE16C57ABF60EE4DBE02737ABF51
:1018F000011554BE841E7ABF97395ABE9DC779BF61
:10190000135C60BE4E6E79BF667C66BE981279BF6E
:101910007F9A6CBE7BB478BF51B672BEF85378BF65
:10192000CCCF78BE10F177BFE1E67EBEC58B77BF26
:10193000C07D82BE172477BFCE8685BE07BA76BF2C
:10194000938E88BE974D76BF07958BBEC6DE75BF5A
:10195000229A8EBE976D75BFDD9D91BE0BFA74BF46
:1019600031A094BE228474BF17A197BEDD0B74BF53
:1019700086A09ABE3F9173BF789E9DBE471473BFE9
:10198000E59AA0BEF89472BFC595A3BE521372BF6C
:10199000128FA6BE578F71BFC486A9BE080971BF3A
:1019A000D47CACBE668070BF3A71AFBE73F56FBFBA
:1019B000EF63B2BE30686FBFEC54B5BE9ED86EBF49
:1019C0002A44B8BEBE466EBFA031BBBE93B26DBF47
:1019D0004A1DBEBE1D1C6DBF1E07C1BE5E836CBF0F
:1019E00015EFC3BE58E86BBF29D5C6BE0C4B6BBF05
:1019F00053B9C9BE7BAB6ABF8B9BCCBEA7096ABF7C
:101A0000CA7BCFBE916569BF095AD2BE3CBF68BFD1
:101A10004136D5BEA81668BF6B10D8BED86B67BF5D
:101A200080E8DABECCBE66BF79BEDDBE880F66BF79
:101A30004F92E0BE0B5E65BFFA63E3BE59AA64BF76
:101A40007533E6BE73F463BFB700E9BE5A3C63BFAB
:101A5000BBCBEBBE108262BF7994EEBE98C561BF6E
:101A6000EA5AF1BEF20661BF071FF4BE214660BF0D
:101A7000CBE0F6BE27835FBF2DA0F9BE05BE5EBFDB
:101A8000275DFCBEBEF65DBFB217FFBE532D5DBF26
:101A9000E4E700BFC7615CBFB14202BF1A945BBFFD
:101AA0003D9C03BF50C45ABF84F404BF6AF259BFBF
:101AB000824B06BF6A1E59BF36A107BF534858BFA5
:101AC0009BF508BF267057BFAD480ABFE59556BFC6
:101AD0006B9A0BBF93B955BFD0EA0CBF31DB54BF33
:101AE000DA390EBFC3FA53BF84870FBF491853BFFB
:101AF000CDD310BFC63352BFB01E12BF3D4D51BF34
:101B00002A6813BFAF6450BF39B014BF1F7A4FBFEC
:101B1000D9F615BF908D4EBF073C17BF029F4DBF32
:101B2000C07F18BF79AE4CBF00C219BFF8BB4BBF16
:101B3000C6021BBF7FC74ABF0C421CBF12D149BFA0
:101B4000D17F1DBFB3D848BF12BC1EBF65DE47BFE3
:101B5000CBF61FBF2AE246BFF92F21BF03E445BFE2
:101B6000996722BFF5E344BFA99D23BF00E243BFAD
:101B700025D224BF29DE42BF0A0526BF70D841BF47
:101B8000563627BFDAD040BF056628BF67C73FBFBC
:101B9000159429BF1BBC3EBF82C02ABFF9AE3DBF12
:101BA0004AEB2BBF03A03CBF69142DBF3B8F3BBF4B
:101BB000DE3B2EBFA47C3ABFA5612FBF426839BF70
:101BC000BB8530BF165238BF1DA831BF233A37BF7F
:101BD000C9C832BF6C2036BFBCE733BFF30435BF82
:101BE000F30435BFBCE733BF6C2036BFC9C832BF72
:101BF000233A37BF1DA831BF165238BFBB8530BF4F
:101C0000426839BFA5612FBFA47C3ABFDE3B2EBF1F
:101C10003B8F3BBF69142DBF03A03CBF4AEB2BBFDA
:101C2000F9AE3DBF82C02ABF1BBC3EBF159429BF81
:101C300067C73FBF056628BFDAD040BF563627BF0B
:101C400070D841BF0A0526BF29DE42BF25D224BF76
:101C500000E243BFA99D23BFF5E344BF996722BFBC
:101C600003E445BFF92F21BF2AE246BFCBF61FBFD1
:101C700065DE47BF12BC1EBFB3D848BFD17F1DBFB2
:101C800012D149BF0C421CBF7FC74ABFC6021BBF4F
:101C9000F8BB4BBF00C219BF79AE4CBFC07F18BFA5
:101CA000029F4DBF073C17BF908D4EBFD9F615BFA1
:101CB0001F7A4FBF39B014BFAF6450BF2A6813BF3B
:101CC0003D4D51BFB01E12BFC63352BFCDD310BF62
:101CD000491853BF84870FBFC3FA53BFDA390EBF09
:101CE00031DB54BFD0EA0CBF93B955BF6B9A0BBF21
:101CF000E59556BFAD480ABF267057BF9BF508BF94
:101D0000534858BF36A107BF6A1E59BF824B06BF52
:101D10006AF259BF84F404BF50C45ABF3D9C03BF4C
:101D20001A945BBFB14202BFC7615CBFE4E700BF6A
:101D3000532D5DBFB217FFBEBEF65DBF275DFCBE73
:101D400005BE5EBF2DA0F9BE27835FBFCBE0F6BE08
:101D5000214660BF071FF4BEF20661BFEA5AF1BE1A
:101D600098C561BF7994EEBE108262BFBBCBEBBE5B
:101D70005A3C63BFB700E9BE73F463BF7533E6BE78
:101D800059AA64BFFA63E3BE0B5E65BF4F92E0BE23
:101D9000880F66BF79BEDDBECCBE66BF80E8DABE06
:101DA000D86B67BF6B10D8BEA81668BF4136D5BECA
:101DB0003CBF68BF095AD2BE916569BFCA7BCFBE1E
:101DC000A7096ABF8B9BCCBE7BAB6ABF53B9C9BEA8
:101DD0000C4B6BBF29D5C6BE58E86BBF15EFC3BE11
:101DE0005E836CBF1E07C1BE1D1C6DBF4A1DBEBEFB
:101DF00093B26DBFA031BBBEBE466EBF2A44B8BE13
:101E00009ED86EBFEC54B5BE30686FBFEF63B2BEF4
:101E100073F56FBF3A71AFBE668070BFD47CACBE45
:101E2000080971BFC486A9BE578F71BF128FA6BEA5
:101E3000521372BFC595A3BEF89472BFE59AA0BEB7
:101E4000471473BF789E9DBE3F9173BF86A09ABE14
:101E5000DD0B74BF17A197BE228474BF31A094BE5E
:101E60000BFA74BFDD9D91BE976D75BF229A8EBE31
:101E7000C6DE75BF07958BBE974D76BF938E88BE25
:101E800007BA76BFCE8685BE172477BFC07D82BED7
:101E9000C58B77BFE1E67EBE10F177BFCCCF78BEB1
:101EA000F85378BF51B672BE7BB478BF7F9A6CBED0
:101EB000981279BF667C66BE4E6E79BF135C60BEB9
:101EC0009DC779BF97395ABE841E7ABF011554BE8B
:101ED00002737ABF60EE4DBE16C57ABFC2C547BE5B
:101EE000BE147BBF379B41BEFC617BBFCF6E3BBE48
:101EF000CDAC7BBF984035BE31F57BBFA2102FBE65
:101F0000283B7CBFFCDE28BEB07E7CBFB6AB22BEC9
:101F1000C9BF7CBFDE761CBE73FE7CBF834016BE8D
:101F2000AC3A7DBFB70810BE74747DBF86CF09BEC2
:101F3000CCAB7DBF029503BEB1E07DBF73B2FABDED
:101F400024137EBF7638EEBD23437EBF2EBCE1BD99
:101F5000B0707EBFB93DD5BDC99B7EBF36BDC8BD83
:101F60006DC47EBFC33ABCBD9DEA7EBF80B6AFBD27
:101F7000580E7FBF8C30A3BD9D2F7FBF05A996BD96
:101F80006D4E7FBF0A208ABDC76A7FBF742B7BBDA1
:101F9000AB847FBF681462BD189C7FBF2FFB48BD18
:101FA0000FB17FBF07E02FBD8FC37FBF2CC316BD0E
:101FB00098D37FBFB949FBBC29E17FBFB00AC9BC38
:101FC00043EC7FBFB6C996BCE6F47FBF900E49BC18
:101FD00011FB7FBF890FC9BBC4FE7FBF000000801B
:101FE000000080BF890FC93BC4FE7FBF900E493CF3
:101FF00011FB7FBFB6C9963CE6F47FBFB00AC93C6F
:1020000043EC7FBFB949FB3C29E17FBF2CC3163DA0
:1020100098D37FBF07E02F3D8FC37FBF2FFB483D85
:102020000FB17FBF6814623D189C7FBF742B7B3D4E
:10203000AB847FBF0A208A3DC76A7FBF05A9963D52
:102040006D4E7FBF8C30A33D9D2F7FBF80B6AF3DCF
:10205000580E7FBFC33ABC3D9DEA7EBF36BDC83D2A
:102060006DC47EBFB93DD53DC99B7EBF2EBCE13D51
:10207000B0707EBF7638EE3D23437EBF73B2FA3D2B
:1020800024137EBF0295033EB1E07DBF86CF093E9B
:10209000CCAB7DBFB708103E74747DBF8340163E45
:1020A000AC3A7DBFDE761C3E73FE7CBFB6AB223EF3
:1020B000C9BF7CBFFCDE283EB07E7CBFA2102F3E95
:1020C000283B7CBF9840353E31F57BBFCF6E3B3E11
:1020D000CDAC7BBF379B413EFC617BBFC2C5473E59
:1020E000BE147BBF60EE4D3E16C57ABF0115543E4F
:1020F00002737ABF97395A3E841E7ABF135C603EE2
:102100009DC779BF667C663E4E6E79BF7F9A6C3EF6
:10211000981279BF51B6723E7BB478BFCCCF783E6F
:10212000F85378BFE1E67E3E10F177BFC07D823E76
:10213000C58B77BFCE86853E172477BF938E883EAA
:1021400007BA76BF07958B3E974D76BF229A8E3E93
:10215000C6DE75BFDD9D913E976D75BF31A0943E83
:102160000BFA74BF17A1973E228474BF86A09A3ED3
:10217000DD0B74BF789E9D3E3F9173BFE59AA03EF4
:10218000471473BFC595A33EF89472BF128FA63E45
:10219000521372BFC486A93E578F71BFD47CAC3E28
:1021A000080971BF3A71AF3E668070BFEF63B23EFF
:1021B00073F56FBFEC54B53E30686FBF2A44B83E2C
:1021C0009ED86EBFA031BB3EBE466EBF4A1DBE3E0E
:1021D00093B26DBF1E07C13E1D1C6DBF15EFC33E00
:1021E0005E836CBF29D5C63E58E86BBF53B9C93E64
:1021F0000C4B6BBF8B9BCC3E7BAB6ABFCA7BCF3E8D
:10220000A7096ABF095AD23E916569BF4136D53EDA
:102210003CBF68BF6B10D83EA81668BF80E8DA3EA6
:10222000D86B67BF79BEDD3ECCBE66BF4F92E03E45
:10223000880F66BFFA63E33E0B5E65BF7533E63E0B
:1022400059AA64BFB700E93E73F463BFBBCBEB3E52
:102250005A3C63BF7994EE3E108262BFEA5AF13E67
:1022600098C561BF071FF43EF20661BFCBE0F63EA2
:10227000214660BF2DA0F93E27835FBF275DFC3E4E
:1022800005BE5EBFB217FF3EBEF65DBFE4E7003F8E
:10229000532D5DBFB142023FC7615CBF3D9C033F10
:1022A0001A945BBF84F4043F50C45ABF824B063F6C
:1022B0006AF259BF36A1073F6A1E59BF9BF5083F16
:1022C000534858BFAD480A3F267057BF6B9A0B3F23
:1022D000E59556BFD0EA0C3F93B955BFDA390E3FAA
:1022E00031DB54BF84870F3FC3FA53BFCDD3103FB8
:1022F000491853BFB01E123FC63352BF2A68133F5E
:102300003D4D51BF39B0143FAF6450BFD9F6153FB2
:102310001F7A4FBF073C173F908D4EBFC07F183FBD
:10232000029F4DBF00C2193F79AE4CBFC6021B3F92
:10233000F8BB4BBF0C421C3F7FC74ABFD17F1D3F3C
:1023400012D149BF12BC1E3FB3D848BFCBF61F3FC6
:1023500065DE47BFF92F213F2AE246BF9967223F3A
:1023600003E445BFA99D233FF5E344BF25D2243FA5
:1023700000E243BF0A05263F29DE42BF5636273F0B
:1023800070D841BF0566283FDAD040BF1594293F79
:1023900067C73FBF82C02A3F1BBC3EBF4AEB2B3FF3
:1023A000F9AE3DBF69142D3F03A03CBFDE3B2E3F7D
:1023B0003B8F3BBFA5612F3FA47C3ABFBB85303F1D
:1023C000426839BF1DA8313F165238BFC9C8323FD5
:1023D000233A37BFBCE7333F6C2036BFF304353FA9
:1023E000F30435BF6C20363FBCE733BF233A373F99
:1023F000C9C832BF1652383F1DA831BF4268393FA5
:10240000BB8530BFA47C3A3FA5612FBF3B8F3B3FCC
:10241000DE3B2EBF03A03C3F69142DBFF9AE3D3F0C
:102420004AEB2BBF1BBC3E3F82C02ABF67C73F3F62
:10243000159429BFDAD0403F056628BF70D8413FC8
:10244000563627BF29DE423F0A0526BF00E2433F3A
:1024500025D224BFF5E3443FA99D23BF03E4453FB4
:10246000996722BF2AE2463FF92F21BF65DE473F29
:10247000CBF61FBFB3D8483F12BC1EBF12D1493F95
:10248000D17F1DBF7FC74A3F0C421CBFF8BB4B3FEB
:10249000C6021BBF79AE4C3F00C219BF029F4D3F21
:1024A000C07F18BF908D4E3F073C17BF1F7A4F3F2C
:1024B000D9F615BFAF64503F39B014BF3D4D513F01
:1024C0002A6813BFC633523FB01E12BF4918533F8C
:1024D000CDD310BFC3FA533F84870FBF31DB543FC6
:1024E000DA390EBF93B9553FD0EA0CBFE595563F98
:1024F0006B9A0BBF2670573FAD480ABF5348583FF1
:102500009BF508BF6A1E593F36A107BF6AF2593FC3
:10251000824B06BF50C45A3F84F404BF1A945B3FF9
:102520003D9C03BFC7615C3FB14202BF532D5D3F7D
:10253000E4E700BFBEF65D3FB217FFBE05BE5E3FDB
:10254000275DFCBE27835F3F2DA0F9BE2146603F7B
:10255000CBE0F6BEF206613F071FF4BE98C5613FAF
:10256000EA5AF1BE1082623F7994EEBE5A3C633F54
:10257000BBCBEBBE73F4633FB700E9BE59AA643F1F
:102580007533E6BE0B5E653FFA63E3BE880F663FB8
:102590004F92E0BECCBE663F79BEDDBED86B673FD2
:1025A00080E8DABEA816683F6B10D8BE3CBF683F13
:1025B0004136D5BE9165693F095AD2BEA7096A3F27
:1025C000CA7BCFBE7BAB6A3F8B9BCCBE0C4B6B3FB9
:1025D00053B9C9BE58E86B3F29D5C6BE5E836C3F70
:1025E00015EFC3BE1D1C6D3F1E07C1BE93B26D3FEC
:1025F0004A1DBEBEBE466E3FA031BBBE9ED86E3FDA
:102600002A44B8BE30686F3FEC54B5BE73F56F3FD7
:10261000EF63B2BE6680703F3A71AFBE0809713F8A
:10262000D47CACBE578F713FC486A9BE5213723F93
:10263000128FA6BEF894723FC595A3BE4714733F90
:10264000E59AA0BE3F91733F789E9DBEDD0B743F1F
:1026500086A09ABE2284743F17A197BE0BFA743FDE
:1026600031A094BE976D753FDD9D91BEC6DE753F6E
:10267000229A8EBE974D763F07958BBE07BA763F5E
:10268000938E88BE1724773FCE8685BEC58B773F55
:10269000C07D82BE10F1773FE1E67EBEF853783F01
:1026A000CCCF78BE7BB4783F51B672BE9812793FDA
:1026B0007F9A6CBE4E6E793F667C66BE9DC7793F41
:1026C000135C60BE841E7A3F97395ABE02737A3F0C
:1026D000011554BE16C57A3F60EE4DBEBE147B3F59
:1026E000C2C547BEFC617B3F379B41BECDAC7B3F43
:1026F000CF6E3BBE31F57B3F984035BE283B7C3FDB
:10270000A2102FBEB07E7C3FFCDE28BEC9BF7C3F3E
:10271000B6AB22BE73FE7C3FDE761CBEAC3A7D3F7C
:10272000834016BE74747D3FB70810BECCAB7D3FAE
:1027300086CF09BEB1E07D3F029503BE24137E3FE4
:1027400073B2FABD23437E3F7638EEBDB0707E3F54
:102750002EBCE1BDC99B7E3FB93DD5BD6DC47E3F5A
:1027600036BDC8BD9DEA7E3FC33ABCBD580E7F3F13
:1027700080B6AFBD9D2F7F3F8C30A3BD6D4E7F3F98
:1027800005A996BDC76A7F3F0A208ABDAB847F3FFB
:10279000742B7BBD189C7F3F681462BD0FB17F3FD7
:1027A0002FFB48BD8FC37F3F07E02FBD98D37F3FEE
:1027B0002CC316BD29E17F3FB949FBBC43EC7F3FE9
:1027C000B00AC9BCE6F47F3FB6C996BC11FB7F3F97
:1027D000900E49BCC4FE7F3F890FC9BB0000803FFB
:1027E000000000000FB17F3F2FFB483D6DC47E3FCE
:1027F00036BDC83DAC3A7D3F8340163EBE147B3F9C
:10280000C2C5473EF853783FCCCF783E0BFA743FB1
:1028100031A0943E0809713FD47CAC3E5E836C3F8E
:1028200015EFC33ED86B673F80E8DA3E98C5613F3D
:10283000EA5AF13E1A945B3F3D9C033F31DB543F23
:10284000DA390E3F029F4D3FC07F183F03E4453FFA
:102850009967223FF9AE3D3F4AEB2B3FF304353FEA
:10286000F304353F4AEB2B3FF9AE3D3F9967223FDA
:1028700003E4453FC07F183F029F4D3FDA390E3FCA
:1028800031DB543F3D9C033F1A945B3FEA5AF13ED3
:1028900098C5613F80E8DA3ED86B673F15EFC33ECD
:1028A0005E836C3FD47CAC3E0809713F31A0943EFE
:1028B0000BFA743FCCCF783EF853783FC2C5473E01
:1028C000BE147B3F8340163EAC3A7D3F36BDC83DCB
:1028D0006DC47E3F2FFB483D0FB17F3F00000000DD
:1028E0000000803F2FFB48BD0FB17F3F36BDC8BD04
:1028F0006DC47E3F834016BEAC3A7D3FC2C547BE25
:10290000BE147B3FCCCF78BEF853783F31A094BE45
:102910000BFA743FD47CACBE0809713F15EFC3BEFF
:102920005E836C3F80E8DABED86B673FEA5AF1BE3F
:1029300098C5613F3D9C03BF1A945B3FDA390EBFD7
:1029400031DB543FC07F18BF029F4D3F996722BFC4
:1029500003E4453F4AEB2BBFF9AE3D3FF30435BFDF
:10296000F304353FF9AE3DBF4AEB2B3F03E445BFCF
:102970009967223F029F4DBFC07F183F31DB54BF94
:10298000DA390E3F1A945BBF3D9C033F98C561BF87
:10299000EA5AF13ED86B67BF80E8DA3E5E836CBFCF
:1029A00015EFC33E080971BFD47CAC3E0BFA74BF6F
:1029B00031A0943EF85378BFCCCF783EBE147BBF95
:1029C000C2C5473EAC3A7DBF8340163E6DC47EBF54
:1029D00036BDC83D0FB17FBF2FFB483D000080BF13
:1029E000000000000FB17FBF2FFB48BD6DC47EBF4C
:1029F00036BDC8BDAC3A7DBF834016BEBE147BBF9A
:102A0000C2C547BEF85378BFCCCF78BE0BFA74BFAF
:102A100031A094BE080971BFD47CACBE5E836CBF8C
:102A200015EFC3BED86B67BF80E8DABE98C561BF3B
:102A3000EA5AF1BE1A945BBF3D9C03BF31DB54BF21
:102A4000DA390EBF029F4DBFC07F18BF03E445BFF8
:102A5000996722BFF9AE3DBF4AEB2BBFF30435BFE8
:102A6000F30435BF4AEB2BBFF9AE3DBF996722BFD8
:102A700003E445BFC07F18BF029F4DBFDA390EBFC8
:102A800031DB54BF3D9C03BF1A945BBFEA5AF1BED1
:102A900098C561BF80E8DABED86B67BF15EFC3BECB
:102AA0005E836CBFD47CACBE080971BF31A094BEFC
:102AB0000BFA74BFCCCF78BEF85378BFC2C547BEFF
:102AC000BE147BBF834016BEAC3A7DBF36BDC8BDC9
:102AD0006DC47EBF2FFB48BD0FB17FBF00000080DB
:102AE000000080BF2FFB483D0FB17FBF36BDC83D02
:102AF0006DC47EBF8340163EAC3A7DBFC2C5473E23
:102B0000BE147BBFCCCF783EF85378BF31A0943E43
:102B10000BFA74BFD47CAC3E080971BF15EFC33EFD
:102B20005E836CBF80E8DA3ED86B67BFEA5AF13E3D
:102B300098C561BF3D9C033F1A945BBFDA390E3FD5
:102B400031DB54BFC07F183F029F4DBF9967223FC2
:102B500003E445BF4AEB2B3FF9AE3DBFF304353FDD
:102B6000F30435BFF9AE3D3F4AEB2BBF03E4453FCD
:102B7000996722BF029F4D3FC07F18BF31DB543F92
:102B8000DA390EBF1A945B3F3D9C03BF98C5613F85
:102B9000EA5AF1BED86B673F80E8DABE5E836C3FCD
:102BA00015EFC3BE0809713FD47CACBE0BFA743F6D
:102BB00031A094BEF853783FCCCF78BEBE147B3F93
:102BC000C2C547BEAC3A7D3F834016BE6DC47E3F52
:102BD00036BDC8BD0FB17F3F2FFB48BD0000803F11
:102BE000000000005E836C3F15EFC33EF304353FE9
:102BF000F304353F15EFC33E5E836C3F00000000D9
:102C00000000803F15EFC3BE5E836C3FF30435BF09
:102C1000F304353F5E836CBF15EFC33E000080BFF9
:102C2000000000005E836CBF15EFC3BEF30435BF28
:102C3000F30435BF15EFC3BE5E836CBF0000008098
:102C4000000080BF15EFC33E5E836CBFF304353FC9
:102C5000F30435BF5E836C3F15EFC3BE0000803FB9
:102C600000000000B1FF7F3FC70F493BC4FE7F3F1C
:102C7000890FC93B39FD7F3F59CB163C11FB7F3F84
:102C8000900E493C4AF87F3F4B517B3CE6F47F3F36
:102C9000B6C9963CE3F07F3F69EAAF3C43EC7F3F27
:102CA000B00AC93C05E77F3F7B2AE23C29E17F3F30
:102CB000B949FB3CAFDA7F3F2F340A3D98D37F3FC1
:102CC0002CC3163DE2CB7F3FCC51233D8FC37F3FCA
:102CD00007E02F3D9EBA7F3FD56D3C3D0FB17F3F52
:102CE0002FFB483DE3A67F3F0E88553D189C7F3F54
:102CF0006814623DB1907F3F38A06E3DAB847F3F4A
:102D0000742B7B3D08787F3F0ADB833DC76A7F3F9A
:102D10000A208A3DE95C7F3FB464903D6D4E7F3F61
:102D200005A9963D543F7F3FF9EC9C3D9D2F7F3F89
:102D30008C30A33D491F7F3FBA73A93D580E7F3F9A
:102D400080B6AF3DC9FC7E3FDAF8B53D9DEA7E3FD7
:102D5000C33ABC3DD4D77E3F397CC23D6DC47E3F73
:102D600036BDC83D69B07E3FB7FDCE3DC99B7E3FB5
:102D7000B93DD53D8B867E3F377DDB3DB0707E3FD4
:102D80002EBCE13D385A7E3F9AFAE73D23437E3F11
:102D90007638EE3D722B7E3FC075F43D24137E3FA6
:102DA00073B2FA3D38FA7D3F4577003EB1E07D3F92
:102DB0000295033E8CC67D3F6EB2063ECCAB7D3F96
:102DC00086CF093E6E907D3F4AEC0C3E74747D3F89
:102DD000B708103EDE577D3FCA24133EAC3A7D3F14
:102DE0008340163EDD1C7D3FE05B193E73FE7C3F59
:102DF000DE761C3E6CDF7C3F7B911F3EC9BF7C3F73
:102E0000B6AB223E8A9F7C3F8CC5253EB07E7C3F80
:102E1000FCDE283E3A5D7C3F04F82B3E283B7C3F9D
:102E2000A2102F3E7A187C3FD428323E31F57B3FEA
:102E30009840353E4DD17B3FEC57383ECDAC7B3F83
:102E4000CF6E3B3EB2877B3F3E853E3EFC617B3F83
:102E5000379B413EAB3B7B3FB9B0443EBE147B3F0A
:102E6000C2C5473E37ED7A3F4FDA4A3E16C57A3F34
:102E700060EE4D3E599C7A3FF101513E02737A3F1C
:102E80000115543E10497A3F8F27573E841E7A3FE2
:102E900097395A3E5EF3793F1A4B5D3E9DC7793FA5
:102EA000135C603E439B793F836C633E4E6E793F7B
:102EB000667C663EC040793FBA8B693E9812793F86
:102EC0007F9A6C3ED6E3783FB2A86F3E7BB4783FE2
:102ED00051B6723E8684783F5AC3753EF853783FA8
:102EE000CCCF783ED122783FA4DB7B3E10F1773FF8
:102EF000E1E67E3EB7BE773FC0F8803EC58B773FA8
:102F0000C07D823E3A58773F7002843E1724773F57
:102F1000CE86853E5BEF763FDA0A873E07BA763F7C
:102F2000938E883E1B84763FF8118A3E974D763FFC
:102F300007958B3E7A16763FC0178D3EC6DE753FED
:102F4000229A8E3E7BA6753F2C1C903E976D753F56
:102F5000DD9D913E1D34753F351F933E0BFA743F46
:102F600031A0943E62BF743FD220963E2284743FCB
:102F700017A1973E4B48743FFE20993EDD0B743FEE
:102F800086A09A3ED9CE733FAF1F9C3E3F91733FC0
:102F9000789E9D3E0E53733FDF1C9F3E4714733F48
:102FA000E59AA03EEBD4723F8718A23EF894723F98
:102FB000C595A33E7054723F9F12A53E5213723FB7
:102FC000128FA63E9FD1713F1F0BA83E578F713FB6
:102FD000C486A93E7A4C713F0102AB3E0809713F9D
:102FE000D47CAC3E02C5703F3CF7AD3E6680703F7E
:102FF0003A71AF3E373B703FCBEAB03E73F56F3F5F
:10300000EF63B23E1BAF6F3FA5DCB33E30686F3F4E
:10301000EC54B53EB0206F3FC3CCB63E9ED86E3F59
:103020002A44B83EF88F6E3F1EBBB93EBE466E3F87
:10303000A031BB3EF2FC6D3FAFA7BC3E93B26D3FEB
:103040004A1DBE3EA1676D3F6F92BF3E1D1C6D3F86
:103050001E07C13E07D06C3F557BC23E5E836C3F6E
:1030600015EFC33E24366C3F5C62C53E58E86B3FAB
:1030700029D5C63EFB996B3F7C47C83E0C4B6B3F46
:1030800053B9C93E8CFB6A3FAE2ACB3E7BAB6A3F4D
:103090008B9BCC3ED95A6A3FEA0BCE3EA7096A3FCA
:1030A000CA7BCF3EE4B7693F2AEBD03E9165693FCA
:1030B000095AD23EAE12693F67C8D33E3CBF683F53
:1030C0004136D53E396B683F99A3D63EA816683F76
:1030D0006B10D83E87C1673FB97CD93ED86B673F3C
:1030E00080E8DA3E9915673FC153DC3ECCBE663FAF
:1030F00079BEDD3E7167663FA928DF3E880F663FD7
:103100004F92E03E10B7653F6AFBE13E0B5E653FC4
:10311000FA63E33E7904653FFECBE43E59AA643F7F
:103120007533E63EAC4F643F5D9AE73E73F4633F10
:10313000B700E93EAC98633F8166EA3E5A3C633F84
:10314000BBCBEB3E7BDF623F6330ED3E1082623FE4
:103150007994EE3E1A24623FFBF7EF3E98C5613F3B
:10316000EA5AF13E8A66613F43BDF23EF206613F94
:10317000071FF43ECFA6603F3580F53E2146603FF5
:10318000CBE0F63EE9E45F3FC840F83E27835F3F6F
:103190002DA0F93EDB205F3FF7FEFA3E05BE5E3F05
:1031A000275DFC3EA65A5E3FBBBAFD3EBEF65D3FC4
:1031B000B217FF3E4D925D3F063A003F532D5D3FF3
:1031C000E4E7003FD1C75C3F7395013FC7615C3FB7
:1031D000B142023F34FB5B3F9FEF023F1A945B3FDB
:1031E0003D9C033F792C5B3F8948043F50C45A3FC4
:1031F00084F4043FA05B5A3F2CA0053F6AF2593F7C
:10320000824B063FAD88593F86F6063F6A1E593FFE
:1032100036A1073FA1B3583F924B083F5348583F50
:103220009BF5083F7FDC573F4E9F093F2670573F75
:10323000AD480A3F4803573FB7F10A3FE595563F6F
:103240006B9A0B3FFE27563FC9420C3F93B9553F3F
:10325000D0EA0C3FA44A553F81920D3F31DB543FE9
:10326000DA390E3F3B6B543FDBE00E3FC3FA533F6E
:1032700084870F3FC789533FD52D103F4918533FCF
:10328000CDD3103F49A6523F6B79113FC633523F11
:10329000B01E123FC2C0513F9AC3123F3D4D513F35
:1032A0002A68133F37D9503F5F0C143FAF64503F3B
:1032B00039B0143FA8EF4F3FB753153F1F7A4F3F28
:1032C000D9F6153F17044F3F9F99163F908D4E3FFB
:1032D000073C173F89164E3F12DE173F029F4D3FB6
:1032E000C07F183FFD264D3F0F21193F79AE4C3F5F
:1032F00000C2193F78354C3F93621A3FF8BB4B3FF1
:10330000C6021B3FFA414B3F99A21B3F7FC74A3F72
:103310000C421C3F874C4A3F1FE11C3F12D1493FE2
:10332000D17F1D3F2155493F221E1E3FB3D8483F44
:1033300012BC1E3FCA5B483F9F591F3F65DE473F97
:10334000CBF61F3F8560473F9393203F2AE2463FDD
:10335000F92F213F5463463FFBCB213F03E4453F18
:103360009967223F3964453FD302233FF5E3443F49
:10337000A99D233F3763443F1A38243F00E2433F6F
:1033800025D2243F5160433FCB6B253F29DE423F8E
:103390000A05263F895B423FE39D263F70D8413FA7
:1033A0005636273FE154413F61CE273FDAD0403FB8
:1033B0000566283F5C4C403F41FD283F67C73F3FC3
:1033C0001594293FFC413F3F802A2A3F1BBC3E3FCA
:1033D00082C02A3FC5353E3F1B562B3FF9AE3D3FCD
:1033E0004AEB2B3FB8273D3F0F802C3F03A03C3FCB
:1033F00069142D3FD9173C3F59A82D3F3B8F3B3FC8
:10340000DE3B2E3F29063B3FF7CE2E3FA47C3A3FC2
:10341000A5612F3FACF2393FE6F32F3F4268393FB9
:10342000BB85303F65DD383F2217313F1652383FAC
:103430001DA8313F55C6373FAA38323F233A373FA0
:10344000C9C8323F7FAD363F7A58333F6C20363F94
:10345000BCE7333FE792353F8F76343FF304353F87
:10346000F304353F8F76343FE792353FBCE7333F77
:103470006C20363F7A58333F7FAD363FC9C8323F64
:10348000233A373FAA38323F55C6373F1DA8313F50
:103490001652383F2217313F65DD383FBB85303F3C
:1034A0004268393FE6F32F3FACF2393FA5612F3F29
:1034B000A47C3A3FF7CE2E3F29063B3FDE3B2E3F12
:1034C0003B8F3B3F59A82D3FD9173C3F69142D3FF7
:1034D00003A03C3F0F802C3FB8273D3F4AEB2B3FDA
:1034E000F9AE3D3F1B562B3FC5353E3F82C02A3FBC
:1034F0001BBC3E3F802A2A3FFC413F3F1594293F99
:1035000067C73F3F41FD283F5C4C403F0566283F71
:10351000DAD0403F61CE273FE154413F5636273F46
:1035200070D8413FE39D263F895B423F0A05263F15
:1035300029DE423FCB6B253F5160433F25D2243FDC
:1035400000E2433F1A38243F3763443FA99D233F9D
:10355000F5E3443FD302233F3964453F9967223F57
:1035600003E4453FFBCB213F5463463FF92F213F06
:103570002AE2463F9393203F8560473FCBF61F3FAB
:1035800065DE473F9F591F3FCA5B483F12BC1E3F45
:10359000B3D8483F221E1E3F2155493FD17F1D3FD2
:1035A00012D1493F1FE11C3F874C4A3F0C421C3F50
:1035B0007FC74A3F99A21B3FFA414B3FC6021B3FC0
:1035C000F8BB4B3F93621A3F78354C3F00C2193F1E
:1035D00079AE4C3F0F21193FFD264D3FC07F183F6C
:1035E000029F4D3F12DE173F89164E3F073C173FA3
:1035F000908D4E3F9F99163F17044F3FD9F6153FC8
:103600001F7A4F3FB753153FA8EF4F3F39B0143FD4
:10361000AF64503F5F0C143F37D9503F2A68133FC7
:103620003D4D513F9AC3123FC2C0513FB01E123FA1
:10363000C633523F6B79113F49A6523FCDD3103F5D
:103640004918533FD52D103FC789533F84870F3FFB
:10365000C3FA533FDBE00E3F3B6B543FDA390E3F7A
:1036600031DB543F81920D3FA44A553FD0EA0C3FD5
:1036700093B9553FC9420C3FFE27563F6B9A0B3F0B
:10368000E595563FB7F10A3F4803573FAD480A3F1B
:103690002670573F4E9F093F7FDC573F9BF5083F01
:1036A0005348583F924B083FA1B3583F36A1073FBC
:1036B0006A1E593F86F6063FAD88593F824B063F4A
:1036C0006AF2593F2CA0053FA05B5A3F84F4043FA7
:1036D00050C45A3F8948043F792C5B3F3D9C033FCF
:1036E0001A945B3F9FEF023F34FB5B3FB142023FC6
:1036F000C7615C3F7395013FD1C75C3FE4E7003F82
:10370000532D5D3F063A003F4D925D3FB217FF3E9D
:10371000BEF65D3FBBBAFD3EA65A5E3F275DFC3E4E
:1037200005BE5E3FF7FEFA3EDB205F3F2DA0F93E6F
:1037300027835F3FC840F83EE9E45F3FCBE0F63EB9
:103740002146603F3580F53ECFA6603F071FF43E1F
:10375000F206613F43BDF23E8A66613FEA5AF13E9E
:1037600098C5613FFBF7EF3E1A24623F7994EE3E25
:103770001082623F6330ED3E7BDF623FBBCBEB3EAE
:103780005A3C633F8166EA3EAC98633FB700E93E2E
:1037900073F4633F5D9AE73EAC4F643F7533E63E9A
:1037A00059AA643FFECBE43E7904653FFA63E33EE9
:1037B0000B5E653F6AFBE13E10B7653F4F92E03E0E
:1037C000880F663FA928DF3E7167663F79BEDD3E00
:1037D000CCBE663FC153DC3E9915673F80E8DA3EB8
:1037E000D86B673FB97CD93E87C1673F6B10D83E25
:1037F000A816683F99A3D63E396B683F4136D53E3F
:103800003CBF683F67C8D33EAE12693F095AD23EFB
:103810009165693F2AEBD03EE4B7693FCA7BCF3E52
:10382000A7096A3FEA0BCE3ED95A6A3F8B9BCC3E32
:103830007BAB6A3FAE2ACB3E8CFB6A3F53B9C93E95
:103840000C4B6B3F7C47C83EFB996B3F29D5C63E6E
:1038500058E86B3F5C62C53E24366C3F15EFC33EB3
:103860005E836C3F557BC23E07D06C3F1E07C13E56
:103870001D1C6D3F6F92BF3EA1676D3F4A1DBE3E4E
:1038800093B26D3FAFA7BC3EF2FC6D3FA031BB3E93
:10389000BE466E3F1EBBB93EF88F6E3F2A44B83E0F
:1038A0009ED86E3FC3CCB63EB0206F3FEC54B53EC1
:1038B00030686F3FA5DCB33E1BAF6F3FEF63B23E96
:1038C00073F56F3FCBEAB03E373B703F3A71AF3E86
:1038D0006680703F3CF7AD3E02C5703FD47CAC3E85
:1038E0000809713F0102AB3E7A4C713FC486A93E84
:1038F000578F713F1F0BA83E9FD1713F128FA63E7D
:103900005213723F9F12A53E7054723FC595A33E5D
:10391000F894723F8718A23EEBD4723FE59AA03E1E
:103920004714733FDF1C9F3E0E53733F789E9D3EAE
:103930003F91733FAF1F9C3ED9CE733F86A09A3E06
:10394000DD0B743FFE20993E4B48743F17A1973E14
:103950002284743FD220963E62BF743F31A0943ED1
:103960000BFA743F351F933E1D34753FDD9D913E2C
:10397000976D753F2C1C903E7BA6753F229A8E3E1C
:10398000C6DE753FC0178D3E7A16763F07958B3E93
:10399000974D763FF8118A3E1B84763F938E883E82
:1039A00007BA763FDA0A873E5BEF763FCE86853EE2
:1039B0001724773F7002843E3A58773FC07D823E9D
:1039C000C58B773FC0F8803EB7BE773FE1E67E3ECD
:1039D00010F1773FA4DB7B3ED122783FCCCF783EFD
:1039E000F853783F5AC3753E8684783F51B6723E8D
:1039F0007BB4783FB2A86F3ED6E3783F7F9A6C3EA7
:103A00009812793FBA8B693EC040793F667C663E2A
:103A10004E6E793F836C633E439B793F135C603EFF
:103A20009DC7793F1A4B5D3E5EF3793F97395A3E09
:103A3000841E7A3F8F27573E10497A3F0115543E26
:103A400002737A3FF101513E599C7A3F60EE4D3E40
:103A500016C57A3F4FDA4A3E37ED7A3FC2C5473E38
:103A6000BE147B3FB9B0443EAB3B7B3F379B413EEE
:103A7000FC617B3F3E853E3EB2877B3FCF6E3B3E47
:103A8000CDAC7B3FEC57383E4DD17B3F9840353E27
:103A900031F57B3FD428323E7A187C3FA2102F3E6E
:103AA000283B7C3F04F82B3E3A5D7C3FFCDE283E01
:103AB000B07E7C3F8CC5253E8A9F7C3FB6AB223EC4
:103AC000C9BF7C3F7B911F3E6CDF7C3FDE761C3E96
:103AD00073FE7C3FE05B193EDD1C7D3F8340163E5C
:103AE000AC3A7D3FCA24133EDE577D3FB708103EF7
:103AF00074747D3F4AEC0C3E6E907D3F86CF093E4C
:103B0000CCAB7D3F6EB2063E8CC67D3F0295033E38
:103B1000B1E07D3F4577003E38FA7D3F73B2FA3D14
:103B200024137E3FC075F43D722B7E3F7638EE3D08
:103B300023437E3F9AFAE73D385A7E3F2EBCE13D53
:103B4000B0707E3F377DDB3D8B867E3FB93DD53DF6
:103B5000C99B7E3FB7FDCE3D69B07E3F36BDC83DB7
:103B60006DC47E3F397CC23DD4D77E3FC33ABC3D55
:103B70009DEA7E3FDAF8B53DC9FC7E3F80B6AF3D99
:103B8000580E7F3FBA73A93D491F7F3F8C30A33D3C
:103B90009D2F7F3FF9EC9C3D543F7F3F05A9963D0B
:103BA0006D4E7F3FB464903DE95C7F3F0A208A3DC3
:103BB000C76A7F3F0ADB833D08787F3F742B7B3DDC
:103BC000AB847F3F38A06E3DB1907F3F6814623D6B
:103BD000189C7F3F0E88553DE3A67F3F2FFB483D55
:103BE0000FB17F3FD56D3C3D9EBA7F3F07E02F3D33
:103BF0008FC37F3FCC51233DE2CB7F3F2CC3163D8B
:103C000098D37F3F2F340A3DAFDA7F3FB949FB3C61
:103C100029E17F3F7B2AE23C05E77F3FB00AC93CB0
:103C200043EC7F3F69EAAF3CE3F07F3FB6C9963C87
:103C3000E6F47F3F4B517B3C4AF87F3F900E493C76
:103C400011FB7F3F59CB163C39FD7F3F890FC93BA4
:103C5000C4FE7F3FC70F493BB1FF7F3F000000001C
:103C60000000803FC70F49BBB1FF7F3F890FC9BB31
:103C7000C4FE7F3F59CB16BC39FD7F3F900E49BC37
:103C800011FB7F3F4B517BBC4AF87F3FB6C996BCC6
:103C9000E6F47F3F69EAAFBCE3F07F3FB00AC9BCFE
:103CA00043EC7F3F7B2AE2BC05E77F3FB949FBBC81
:103CB00029E17F3F2F340ABDAFDA7F3F2CC316BD09
:103CC00098D37F3FCC5123BDE2CB7F3F07E02FBD90
:103CD0008FC37F3FD56D3CBD9EBA7F3F2FFB48BD54
:103CE0000FB17F3F0E8855BDE3A67F3F681462BDCC
:103CF000189C7F3F38A06EBDB1907F3F742B7BBD79
:103D0000AB847F3F0ADB83BD08787F3F0A208ABDF2
:103D1000C76A7F3FB46490BDE95C7F3F05A996BD4B
:103D20006D4E7F3FF9EC9CBD543F7F3F8C30A3BD6F
:103D30009D2F7F3FBA73A9BD491F7F3F80B6AFBD9E
:103D4000580E7F3FDAF8B5BDC9FC7E3FC33ABCBD13
:103D50009DEA7E3F397CC2BDD4D77E3F36BDC8BD0B
:103D60006DC47E3FB7FDCEBD69B07E3FB93DD5BDC8
:103D7000C99B7E3F377DDBBD8B867E3F2EBCE1BD80
:103D8000B0707E3F9AFAE7BD385A7E3F7638EEBD76
:103D900023437E3FC075F4BD722B7E3F73B2FABDE4
:103DA00024137E3F457700BE38FA7D3F029503BE5F
:103DB000B1E07D3F6EB206BE8CC67D3F86CF09BEA8
:103DC000CCAB7D3F4AEC0CBE6E907D3FB70810BE79
:103DD00074747D3FCA2413BEDE577D3F834016BEF8
:103DE000AC3A7D3FE05B19BEDD1C7D3FDE761CBE3C
:103DF00073FE7C3F7B911FBE6CDF7C3FB6AB22BE67
:103E0000C9BF7C3F8CC525BE8A9F7C3FFCDE28BE97
:103E1000B07E7C3F04F82BBE3A5D7C3FA2102FBEE3
:103E2000283B7C3FD42832BE7A187C3F984035BE70
:103E300031F57B3FEC5738BE4DD17B3FCF6E3BBE5B
:103E4000CDAC7B3F3E853EBEB2877B3F379B41BEBC
:103E5000FC617B3FB9B044BEAB3B7B3FC2C547BEB4
:103E6000BE147B3F4FDA4ABE37ED7A3F60EE4DBE5F
:103E700016C57A3FF10151BE599C7A3F011554BED7
:103E800002737A3F8F2757BE10497A3F97395ABE3F
:103E9000841E7A3F1A4B5DBE5EF3793F135C60BEB1
:103EA0009DC7793F836C63BE439B793F667C66BE4A
:103EB0004E6E793FBA8B69BEC040793F7F9A6CBE27
:103EC0009812793FB2A86FBED6E3783F51B672BE62
:103ED0007BB4783F5AC375BE8684783FCCCF78BE1A
:103EE000F853783FA4DB7BBED122783FE1E67EBE6B
:103EF00010F1773FC0F880BEB7BE773FC07D82BE6D
:103F0000C58B773F700284BE3A58773FCE8685BE18
:103F10001724773FDA0A87BE5BEF763F938E88BE21
:103F200007BA763FF8118ABE1B84763F07958BBE91
:103F3000974D763FC0178DBE7A16763F229A8EBE79
:103F4000C6DE753F2C1C90BE7BA6753FDD9D91BEE5
:103F5000976D753F351F93BE1D34753F31A094BEDC
:103F60000BFA743FD22096BE62BF743F17A197BE72
:103F70002284743FFE2099BE4B48743F86A09ABEAF
:103F8000DD0B743FAF1F9CBED9CE733F789E9DBEA4
:103F90003F91733FDF1C9FBE0E53733FE59AA0BE57
:103FA0004714733F8718A2BEEBD4723FC595A3BEDA
:103FB000F894723F9F12A5BE7054723F128FA6BE36
:103FC0005213723F1F0BA8BE9FD1713FC486A9BE7A
:103FD000578F713F0102ABBE7A4C713FD47CACBEAF
:103FE0000809713F3CF7ADBE02C5703F3A71AFBEE4
:103FF0006680703FCBEAB0BE373B703FEF63B2BE26
:1040000073F56F3FA5DCB3BE1BAF6F3FEC54B5BE7D
:1040100030686F3FC3CCB6BEB0206F3F2A44B8BEF5
:104020009ED86E3F1EBBB9BEF88F6E3FA031BBBE9F
:10403000BE466E3FAFA7BCBEF2FC6D3F4A1DBEBE82
:1040400093B26D3F6F92BFBEA1676D3F1E07C1BEA9
:104050001D1C6D3F557BC2BE07D06C3F15EFC3BE24
:104060005E836C3F5C62C5BE24366C3F29D5C6BEFC
:1040700058E86B3F7C47C8BEFB996B3F53B9C9BE3C
:104080000C4B6B3FAE2ACBBE8CFB6A3F8B9BCCBEEE
:104090007BAB6A3FEA0BCEBED95A6A3FCA7BCFBE22
:1040A000A7096A3F2AEBD0BEE4B7693F095AD2BEDE
:1040B0009165693F67C8D3BEAE12693F4136D5BE30
:1040C0003CBF683F99A3D6BE396B683F6B10D8BE22
:1040D000A816683FB97CD9BE87C1673F80E8DABEC1
:1040E000D86B673FC153DCBE9915673F79BEDDBE13
:1040F000CCBE663FA928DFBE7167663F4F92E0BE27
:10410000880F663F6AFBE1BE10B7653FFA63E3BE06
:104110000B5E653FFECBE4BE7904653F7533E6BEBA
:1041200059AA643F5D9AE7BEAC4F643FB700E9BE51
:1041300073F4633F8166EABEAC98633FBBCBEBBED2
:104140005A3C633F6330EDBE7BDF623F7994EEBE45
:104150001082623FFBF7EFBE1A24623FEA5AF1BEBB
:1041600098C5613F43BDF2BE8A66613F071FF4BE3A
:10417000F206613F3580F5BECFA6603FCBE0F6BECC
:104180002146603FC840F8BEE9E45F3F2DA0F9BE7C
:1041900027835F3FF7FEFABEDB205F3F275DFCBE53
:1041A00005BE5E3FBBBAFDBEA65A5E3FB217FFBE5C
:1041B000BEF65D3F063A00BF4D925D3FE4E700BFAB
:1041C000532D5D3F739501BFD1C75C3FB14202BF24
:1041D000C7615C3F9FEF02BF34FB5B3F3D9C03BF69
:1041E0001A945B3F894804BF792C5B3F84F404BF79
:1041F00050C45A3F2CA005BFA05B5A3F824B06BF5C
:104200006AF2593F86F606BFAD88593F36A107BF0F
:104210006A1E593F924B08BFA1B3583F9BF508BF98
:104220005348583F4E9F09BF7FDC573FAD480ABFF8
:104230002670573FB7F10ABF4803573F6B9A0BBF31
:10424000E595563FC9420CBFFE27563FD0EA0CBF4A
:1042500093B9553F81920DBFA44A553FDA390EBF3D
:1042600031DB543FDBE00EBF3B6B543F84870FBF15
:10427000C3FA533FD52D10BFC789533FCDD310BFCD
:104280004918533F6B7911BF49A6523FB01E12BF68
:10429000C633523F9AC312BFC2C0513F2A6813BFF0
:1042A0003D4D513F5F0C14BF37D9503F39B014BF5B
:1042B000AF64503FB75315BFA8EF4F3FD9F615BFB6
:1042C0001F7A4F3F9F9916BF17044F3F073C17BFF8
:1042D000908D4E3F12DE17BF89164E3FC07F18BF2C
:1042E000029F4D3F0F2119BFFD264D3F00C219BF50
:1042F00079AE4C3F93621ABF78354C3FC6021BBF64
:10430000F8BB4B3F99A21BBFFA414B3F0C421CBF6D
:104310007FC74A3F1FE11CBF874C4A3FD17F1DBF6B
:1043200012D1493F221E1EBF2155493F12BC1EBF5C
:10433000B3D8483F9F591FBFCA5B483FCBF61FBF4A
:1043400065DE473F939320BF8560473FF92F21BF2C
:104350002AE2463FFBCB21BF5463463F996722BF09
:1043600003E4453FD30223BF3964453FA99D23BFE2
:10437000F5E3443F1A3824BF3763443F25D224BFB6
:1043800000E2433FCB6B25BF5160433F0A0526BF88
:1043900029DE423FE39D26BF895B423F563627BF59
:1043A00070D8413F61CE27BFE154413F056628BF29
:1043B000DAD0403F41FD28BF5C4C403F159429BFF7
:1043C00067C73F3F802A2ABFFC413F3F82C02ABFC8
:1043D0001BBC3E3F1B562BBFC5353E3F4AEB2BBF98
:1043E000F9AE3D3F0F802CBFB8273D3F69142DBF6C
:1043F00003A03C3F59A82DBFD9173C3FDE3B2EBF41
:104400003B8F3B3FF7CE2EBF29063B3FA5612FBF19
:10441000A47C3A3FE6F32FBFACF2393FBB8530BFF7
:104420004268393F221731BF65DD383F1DA831BFD3
:104430001652383FAA3832BF55C6373FC9C832BFB7
:10444000233A373F7A5833BF7FAD363FBCE733BF9F
:104450006C20363F8F7634BFE792353FF30435BF8B
:10446000F304353FE79235BF8F76343F6C2036BF7B
:10447000BCE7333F7FAD36BF7A58333F233A37BF6F
:10448000C9C8323F55C637BFAA38323F165238BF67
:104490001DA8313F65DD38BF2217313F426839BF63
:1044A000BB85303FACF239BFE6F32F3FA47C3ABF67
:1044B000A5612F3F29063BBFF7CE2E3F3B8F3BBF69
:1044C000DE3B2E3FD9173CBF59A82D3F03A03CBF70
:1044D00069142D3FB8273DBF0F802C3FF9AE3DBF7B
:1044E0004AEB2B3FC5353EBF1B562B3F1BBC3EBF87
:1044F00082C02A3FFC413FBF802A2A3F67C73FBF97
:104500001594293F5C4C40BF41FD283FDAD040BFA5
:104510000566283FE15441BF61CE273F70D841BFB7
:104520005636273F895B42BFE39D263F29DE42BFC7
:104530000A05263F516043BFCB6B253F00E243BFD6
:1045400025D2243F376344BF1A38243FF5E344BFE4
:10455000A99D233F396445BFD302233F03E445BFF0
:104560009967223F546346BFFBCB213F2AE246BFF7
:10457000F92F213F856047BF9393203F65DE47BFFA
:10458000CBF61F3FCA5B48BF9F591F3FB3D848BFF8
:1045900012BC1E3F215549BF221E1E3F12D149BFEA
:1045A000D17F1D3F874C4ABF1FE11C3F7FC74ABFD9
:1045B0000C421C3FFA414BBF99A21B3FF8BB4BBFBB
:1045C000C6021B3F78354CBF93621A3F79AE4CBF91
:1045D00000C2193FFD264DBF0F21193F029F4DBF5D
:1045E000C07F183F89164EBF12DE173F908D4EBF19
:1045F000073C173F17044FBF9F99163F1F7A4FBFC5
:10460000D9F6153FA8EF4FBFB753153FAF6450BF62
:1046100039B0143F37D950BF5F0C143F3D4D51BFE7
:104620002A68133FC2C051BF9AC3123FC63352BF5C
:10463000B01E123F49A652BF6B79113F491853BFB4
:10464000CDD3103FC78953BFD52D103FC3FA53BFF9
:1046500084870F3F3B6B54BFDBE00E3F31DB54BF21
:10466000DA390E3FA44A55BF81920D3F93B955BF29
:10467000D0EA0C3FFE2756BFC9420C3FE59556BF16
:104680006B9A0B3F480357BFB7F10A3F267057BFDD
:10469000AD480A3F7FDC57BF4E9F093F534858BF84
:1046A0009BF5083FA1B358BF924B083F6A1E59BF04
:1046B00036A1073FAD8859BF86F6063F6AF259BF5B
:1046C000824B063FA05B5ABF2CA0053F50C45ABF87
:1046D00084F4043F792C5BBF8948043F1A945BBF84
:1046E0003D9C033F34FB5BBF9FEF023FC7615CBF54
:1046F000B142023FD1C75CBF7395013F532D5DBFEF
:10470000E4E7003F4D925DBF063A003FBEF65DBF55
:10471000B217FF3EA65A5EBFBBBAFD3E05BE5EBFE6
:10472000275DFC3EDB205FBFF7FEFA3E27835FBFBD
:104730002DA0F93EE9E45FBFC840F83E214660BFC6
:10474000CBE0F63ECFA660BF3580F53EF20661BFF6
:10475000071FF43E8A6661BF43BDF23E98C561BF44
:10476000EA5AF13E1A2462BFFBF7EF3E108262BFA5
:104770007994EE3E7BDF62BF6330ED3E5A3C63BF0F
:10478000BBCBEB3EAC9863BF8166EA3E73F463BF7C
:10479000B700E93EAC4F64BF5D9AE73E59AA64BFDB
:1047A0007533E63E790465BFFECBE43E0B5E65BF24
:1047B000FA63E33E10B765BF6AFBE13E880F66BF50
:1047C0004F92E03E716766BFA928DF3ECCBE66BF50
:1047D00079BEDD3E991567BFC153DC3ED86B67BF1C
:1047E00080E8DA3E87C167BFB97CD93EA81668BFAA
:1047F0006B10D83E396B68BF99A3D63E3CBF68BFEB
:104800004136D53EAE1269BF67C8D33E916569BFD8
:10481000095AD23EE4B769BF2AEBD03EA7096ABF66
:10482000CA7BCF3ED95A6ABFEA0BCE3E7BAB6ABF8A
:104830008B9BCC3E8CFB6ABFAE2ACB3E0C4B6BBF36
:1048400053B9C93EFB996BBF7C47C83E58E86BBF64
:1048500029D5C63E24366CBF5C62C53E5E836CBF04
:1048600015EFC33E07D06CBF557BC23E1D1C6DBF0C
:104870001E07C13EA1676DBF6F92BF3E93B26DBF71
:104880004A1DBE3EF2FC6DBFAFA7BC3EBE466EBF2A
:10489000A031BB3EF88F6EBF1EBBB93E9ED86EBF27
:1048A0002A44B83EB0206FBFC3CCB63E30686FBF5D
:1048B000EC54B53E1BAF6FBFA5DCB33E73F56FBFC5
:1048C000EF63B23E373B70BFCBEAB03E668070BF4D
:1048D0003A71AF3E02C570BF3CF7AD3E080971BFEB
:1048E000D47CAC3E7A4C71BF0102AB3E578F71BF96
:1048F000C486A93E9FD171BF1F0BA83E521372BF41
:10490000128FA63E705472BF9F12A53EF89472BFDC
:10491000C595A33EEBD472BF8718A23E471473BF60
:10492000E59AA03E0E5373BFDF1C9F3E3F9173BFBD
:10493000789E9D3ED9CE73BFAF1F9C3EDD0B74BFEA
:1049400086A09A3E4B4874BFFE20993E228474BFD5
:1049500017A1973E62BF74BFD220963E0BFA74BF78
:1049600031A0943E1D3475BF351F933E976D75BFC2
:10497000DD9D913E7BA675BF2C1C903EC6DE75BFAB
:10498000229A8E3E7A1676BFC0178D3E974D76BF1F
:1049900007958B3E1B8476BFF8118A3E07BA76BF17
:1049A000938E883E5BEF76BFDA0A873E172477BF87
:1049B000CE86853E3A5877BF7002843EC58B77BF5E
:1049C000C07D823EB7BE77BFC0F8803E10F177BF92
:1049D000E1E67E3ED12278BFA4DB7B3EF85378BF70
:1049E000CCCF783E868478BF5AC3753E7BB478BFFF
:1049F00051B6723ED6E378BFB2A86F3E981279BF27
:104A00007F9A6C3EC04079BFBA8B693E4E6E79BFCB
:104A1000667C663E439B79BF836C633E9DC779BFCE
:104A2000135C603E5EF379BF1A4B5D3E841E7ABF15
:104A300097395A3E10497ABF8F27573E02737ABF83
:104A40000115543E599C7ABFF101513E16C57ABFFB
:104A500060EE4D3E37ED7ABF4FDA4A3EBE147BBF63
:104A6000C2C5473EAB3B7BBFB9B0443EFC617BBF98
:104A7000379B413EB2877BBF3E853E3ECDAC7BBF80
:104A8000CF6E3B3E4DD17BBFEC57383E31F57BBFFF
:104A90009840353E7A187CBFD428323E283B7CBFF4
:104AA000A2102F3E3A5D7CBF04F82B3EB07E7CBF47
:104AB000FCDE283E8A9F7CBF8CC5253EC9BF7CBFDB
:104AC000B6AB223E6CDF7CBF7B911F3E73FE7CBF8A
:104AD000DE761C3EDD1C7DBFE05B193EAC3A7DBF3F
:104AE0008340163EDE577DBFCA24133E74747DBFDB
:104AF000B708103E6E907DBF4AEC0C3ECCAB7DBF3C
:104B000086CF093E8CC67DBF6EB2063EB1E07DBF4A
:104B10000295033E38FA7DBF4577003E24137EBFE1
:104B200073B2FA3D722B7EBFC075F43D23437EBF46
:104B30007638EE3D385A7EBF9AFAE73DB0707EBFB8
:104B40002EBCE13D8B867EBF377DDB3DC99B7EBFA2
:104B5000B93DD53D69B07EBFB7FDCE3D6DC47EBFCA
:104B600036BDC83DD4D77EBF397CC23D9DEA7EBFED
:104B7000C33ABC3DC9FC7EBFDAF8B53D580E7FBFD5
:104B800080B6AF3D491F7FBFBA73A93D9D2F7FBF40
:104B90008C30A33D543F7FBFF9EC9C3D6D4E7FBFF1
:104BA00005A9963DE95C7FBFB464903DC76A7FBFAD
:104BB0000A208A3D08787FBF0ADB833DAB847FBF34
:104BC000742B7B3DB1907FBF38A06E3D189C7FBF9A
:104BD0006814623DE3A67FBF0E88553D0FB17FBFCD
:104BE0002FFB483D9EBA7FBFD56D3C3D8FC37FBF35
:104BF00007E02F3DE2CB7FBFCC51233D98D37FBF51
:104C00002CC3163DAFDA7FBF2F340A3D29E17FBFA9
:104C1000B949FB3C05E77FBF7B2AE23C43EC7FBF01
:104C2000B00AC93CE3F07FBF69EAAF3CE6F47FBF5E
:104C3000B6C9963C4AF87FBF4B517B3C11FB7FBF06
:104C4000900E493C39FD7FBF59CB163CC4FE7FBF57
:104C5000890FC93BB1FF7FBFC70F493B000080BF31
:104C600000000000B1FF7FBFC70F49BBC4FE7FBF7C
:104C7000890FC9BB39FD7FBF59CB16BC11FB7FBF64
:104C8000900E49BC4AF87FBF4B517BBCE6F47FBF16
:104C9000B6C996BCE3F07FBF69EAAFBC43EC7FBF07
:104CA000B00AC9BC05E77FBF7B2AE2BC29E17FBF10
:104CB000B949FBBCAFDA7FBF2F340ABD98D37FBFA1
:104CC0002CC316BDE2CB7FBFCC5123BD8FC37FBFAA
:104CD00007E02FBD9EBA7FBFD56D3CBD0FB17FBF32
:104CE0002FFB48BDE3A67FBF0E8855BD189C7FBF34
:104CF000681462BDB1907FBF38A06EBDAB847FBF2A
:104D0000742B7BBD08787FBF0ADB83BDC76A7FBF7A
:104D10000A208ABDE95C7FBFB46490BD6D4E7FBF41
:104D200005A996BD543F7FBFF9EC9CBD9D2F7FBF69
:104D30008C30A3BD491F7FBFBA73A9BD580E7FBF7A
:104D400080B6AFBDC9FC7EBFDAF8B5BD9DEA7EBFB7
:104D5000C33ABCBDD4D77EBF397CC2BD6DC47EBF53
:104D600036BDC8BD69B07EBFB7FDCEBDC99B7EBF95
:104D7000B93DD5BD8B867EBF377DDBBDB0707EBFB4
:104D80002EBCE1BD385A7EBF9AFAE7BD23437EBFF1
:104D90007638EEBD722B7EBFC075F4BD24137EBF86
:104DA00073B2FABD38FA7DBF457700BEB1E07DBF72
:104DB000029503BE8CC67DBF6EB206BECCAB7DBF76
:104DC00086CF09BE6E907DBF4AEC0CBE74747DBF69
:104DD000B70810BEDE577DBFCA2413BEAC3A7DBFF4
:104DE000834016BEDD1C7DBFE05B19BE73FE7CBF39
:104DF000DE761CBE6CDF7CBF7B911FBEC9BF7CBF53
:104E0000B6AB22BE8A9F7CBF8CC525BEB07E7CBF60
:104E1000FCDE28BE3A5D7CBF04F82BBE283B7CBF7D
:104E2000A2102FBE7A187CBFD42832BE31F57BBFCA
:104E3000984035BE4DD17BBFEC5738BECDAC7BBF63
:104E4000CF6E3BBEB2877BBF3E853EBEFC617BBF63
:104E5000379B41BEAB3B7BBFB9B044BEBE147BBFEA
:104E6000C2C547BE37ED7ABF4FDA4ABE16C57ABF14
:104E700060EE4DBE599C7ABFF10151BE02737ABFFC
:104E8000011554BE10497ABF8F2757BE841E7ABFC2
:104E900097395ABE5EF379BF1A4B5DBE9DC779BF85
:104EA000135C60BE439B79BF836C63BE4E6E79BF5B
:104EB000667C66BEC04079BFBA8B69BE981279BF66
:104EC0007F9A6CBED6E378BFB2A86FBE7BB478BFC2
:104ED00051B672BE868478BF5AC375BEF85378BF88
:104EE000CCCF78BED12278BFA4DB7BBE10F177BFD8
:104EF000E1E67EBEB7BE77BFC0F880BEC58B77BF88
:104F0000C07D82BE3A5877BF700284BE172477BF37
:104F1000CE8685BE5BEF76BFDA0A87BE07BA76BF5C
:104F2000938E88BE1B8476BFF8118ABE974D76BFDC
:104F300007958BBE7A1676BFC0178DBEC6DE75BFCD
:104F4000229A8EBE7BA675BF2C1C90BE976D75BF36
:104F5000DD9D91BE1D3475BF351F93BE0BFA74BF26
:104F600031A094BE62BF74BFD22096BE228474BFAB
:104F700017A197BE4B4874BFFE2099BEDD0B74BFCE
:104F800086A09ABED9CE73BFAF1F9CBE3F9173BFA0
:104F9000789E9DBE0E5373BFDF1C9FBE471473BF28
:104FA000E59AA0BEEBD472BF8718A2BEF89472BF78
:104FB000C595A3BE705472BF9F12A5BE521372BF97
:104FC000128FA6BE9FD171BF1F0BA8BE578F71BF96
:104FD000C486A9BE7A4C71BF0102ABBE080971BF7D
:104FE000D47CACBE02C570BF3CF7ADBE668070BF5E
:104FF0003A71AFBE373B70BFCBEAB0BE73F56FBF3F
:10500000EF63B2BE1BAF6FBFA5DCB3BE30686FBF2E
:10501000EC54B5BEB0206FBFC3CCB6BE9ED86EBF39
:105020002A44B8BEF88F6EBF1EBBB9BEBE466EBF67
:10503000A031BBBEF2FC6DBFAFA7BCBE93B26DBFCB
:105040004A1DBEBEA1676DBF6F92BFBE1D1C6DBF66
:105050001E07C1BE07D06CBF557BC2BE5E836CBF4E
:1050600015EFC3BE24366CBF5C62C5BE58E86BBF8B
:1050700029D5C6BEFB996BBF7C47C8BE0C4B6BBF26
:1050800053B9C9BE8CFB6ABFAE2ACBBE7BAB6ABF2D
:105090008B9BCCBED95A6ABFEA0BCEBEA7096ABFAA
:1050A000CA7BCFBEE4B769BF2AEBD0BE916569BFAA
:1050B000095AD2BEAE1269BF67C8D3BE3CBF68BF33
:1050C0004136D5BE396B68BF99A3D6BEA81668BF56
:1050D0006B10D8BE87C167BFB97CD9BED86B67BF1C
:1050E00080E8DABE991567BFC153DCBECCBE66BF8F
:1050F00079BEDDBE716766BFA928DFBE880F66BFB7
:105100004F92E0BE10B765BF6AFBE1BE0B5E65BFA4
:10511000FA63E3BE790465BFFECBE4BE59AA64BF5F
:105120007533E6BEAC4F64BF5D9AE7BE73F463BFF0
:10513000B700E9BEAC9863BF8166EABE5A3C63BF64
:10514000BBCBEBBE7BDF62BF6330EDBE108262BFC4
:105150007994EEBE1A2462BFFBF7EFBE98C561BF1B
:10516000EA5AF1BE8A6661BF43BDF2BEF20661BF74
:10517000071FF4BECFA660BF3580F5BE214660BFD5
:10518000CBE0F6BEE9E45FBFC840F8BE27835FBF4F
:105190002DA0F9BEDB205FBFF7FEFABE05BE5EBFE5
:1051A000275DFCBEA65A5EBFBBBAFDBEBEF65DBFA4
:1051B000B217FFBE4D925DBF063A00BF532D5DBFD3
:1051C000E4E700BFD1C75CBF739501BFC7615CBF97
:1051D000B14202BF34FB5BBF9FEF02BF1A945BBFBB
:1051E0003D9C03BF792C5BBF894804BF50C45ABFA4
:1051F00084F404BFA05B5ABF2CA005BF6AF259BF5C
:10520000824B06BFAD8859BF86F606BF6A1E59BFDE
:1052100036A107BFA1B358BF924B08BF534858BF30
:105220009BF508BF7FDC57BF4E9F09BF267057BF55
:10523000AD480ABF480357BFB7F10ABFE59556BF4F
:105240006B9A0BBFFE2756BFC9420CBF93B955BF1F
:10525000D0EA0CBFA44A55BF81920DBF31DB54BFC9
:10526000DA390EBF3B6B54BFDBE00EBFC3FA53BF4E
:1052700084870FBFC78953BFD52D10BF491853BFAF
:10528000CDD310BF49A652BF6B7911BFC63352BFF1
:10529000B01E12BFC2C051BF9AC312BF3D4D51BF15
:1052A0002A6813BF37D950BF5F0C14BFAF6450BF1B
:1052B00039B014BFA8EF4FBFB75315BF1F7A4FBF08
:1052C000D9F615BF17044FBF9F9916BF908D4EBFDB
:1052D000073C17BF89164EBF12DE17BF029F4DBF96
:1052E000C07F18BFFD264DBF0F2119BF79AE4CBF3F
:1052F00000C219BF78354CBF93621ABFF8BB4BBFD1
:10530000C6021BBFFA414BBF99A21BBF7FC74ABF52
:105310000C421CBF874C4ABF1FE11CBF12D149BFC2
:10532000D17F1DBF215549BF221E1EBFB3D848BF24
:1053300012BC1EBFCA5B48BF9F591FBF65DE47BF77
:10534000CBF61FBF856047BF939320BF2AE246BFBD
:10535000F92F21BF546346BFFBCB21BF03E445BFF8
:10536000996722BF396445BFD30223BFF5E344BF29
:10537000A99D23BF376344BF1A3824BF00E243BF4F
:1053800025D224BF516043BFCB6B25BF29DE42BF6E
:105390000A0526BF895B42BFE39D26BF70D841BF87
:1053A000563627BFE15441BF61CE27BFDAD040BF98
:1053B000056628BF5C4C40BF41FD28BF67C73FBFA3
:1053C000159429BFFC413FBF802A2ABF1BBC3EBFAA
:1053D00082C02ABFC5353EBF1B562BBFF9AE3DBFAD
:1053E0004AEB2BBFB8273DBF0F802CBF03A03CBFAB
:1053F00069142DBFD9173CBF59A82DBF3B8F3BBFA8
:10540000DE3B2EBF29063BBFF7CE2EBFA47C3ABFA2
:10541000A5612FBFACF239BFE6F32FBF426839BF99
:10542000BB8530BF65DD38BF221731BF165238BF8C
:105430001DA831BF55C637BFAA3832BF233A37BF80
:10544000C9C832BF7FAD36BF7A5833BF6C2036BF74
:10545000BCE733BFE79235BF8F7634BFF30435BF67
:10546000F30435BF8F7634BFE79235BFBCE733BF57
:105470006C2036BF7A5833BF7FAD36BFC9C832BF44
:10548000233A37BFAA3832BF55C637BF1DA831BF30
:10549000165238BF221731BF65DD38BFBB8530BF1C
:1054A000426839BFE6F32FBFACF239BFA5612FBF09
:1054B000A47C3ABFF7CE2EBF29063BBFDE3B2EBFF2
:1054C0003B8F3BBF59A82DBFD9173CBF69142DBFD7
:1054D00003A03CBF0F802CBFB8273DBF4AEB2BBFBA
:1054E000F9AE3DBF1B562BBFC5353EBF82C02ABF9C
:1054F0001BBC3EBF802A2ABFFC413FBF159429BF79
:1055000067C73FBF41FD28BF5C4C40BF056628BF51
:10551000DAD040BF61CE27BFE15441BF563627BF26
:1055200070D841BFE39D26BF895B42BF0A0526BFF5
:1055300029DE42BFCB6B25BF516043BF25D224BFBC
:1055400000E243BF1A3824BF376344BFA99D23BF7D
:10555000F5E344BFD30223BF396445BF996722BF37
:1055600003E445BFFBCB21BF546346BFF92F21BFE6
:105570002AE246BF939320BF856047BFCBF61FBF8B
:1055800065DE47BF9F591FBFCA5B48BF12BC1EBF25
:10559000B3D848BF221E1EBF215549BFD17F1DBFB2
:1055A00012D149BF1FE11CBF874C4ABF0C421CBF30
:1055B0007FC74ABF99A21BBFFA414BBFC6021BBFA0
:1055C000F8BB4BBF93621ABF78354CBF00C219BFFE
:1055D00079AE4CBF0F2119BFFD264DBFC07F18BF4C
:1055E000029F4DBF12DE17BF89164EBF073C17BF83
:1055F000908D4EBF9F9916BF17044FBFD9F615BFA8
:105600001F7A4FBFB75315BFA8EF4FBF39B014BFB4
:10561000AF6450BF5F0C14BF37D950BF2A6813BFA7
:105620003D4D51BF9AC312BFC2C051BFB01E12BF81
:10563000C63352BF6B7911BF49A652BFCDD310BF3D
:10564000491853BFD52D10BFC78953BF84870FBFDB
:10565000C3FA53BFDBE00EBF3B6B54BFDA390EBF5A
:1056600031DB54BF81920DBFA44A55BFD0EA0CBFB5
:1056700093B955BFC9420CBFFE2756BF6B9A0BBFEB
:10568000E59556BFB7F10ABF480357BFAD480ABFFB
:10569000267057BF4E9F09BF7FDC57BF9BF508BFE1
:1056A000534858BF924B08BFA1B358BF36A107BF9C
:1056B0006A1E59BF86F606BFAD8859BF824B06BF2A
:1056C0006AF259BF2CA005BFA05B5ABF84F404BF87
:1056D00050C45ABF894804BF792C5BBF3D9C03BFAF
:1056E0001A945BBF9FEF02BF34FB5BBFB14202BFA6
:1056F000C7615CBF739501BFD1C75CBFE4E700BF62
:10570000532D5DBF063A00BF4D925DBFB217FFBE7D
:10571000BEF65DBFBBBAFDBEA65A5EBF275DFCBE2E
:1057200005BE5EBFF7FEFABEDB205FBF2DA0F9BE4F
:1057300027835FBFC840F8BEE9E45FBFCBE0F6BE99
:10574000214660BF3580F5BECFA660BF071FF4BEFF
:10575000F20661BF43BDF2BE8A6661BFEA5AF1BE7E
:1057600098C561BFFBF7EFBE1A2462BF7994EEBE05
:10577000108262BF6330EDBE7BDF62BFBBCBEBBE8E
:105780005A3C63BF8166EABEAC9863BFB700E9BE0E
:1057900073F463BF5D9AE7BEAC4F64BF7533E6BE7A
:1057A00059AA64BFFECBE4BE790465BFFA63E3BEC9
:1057B0000B5E65BF6AFBE1BE10B765BF4F92E0BEEE
:1057C000880F66BFA928DFBE716766BF79BEDDBEE0
:1057D000CCBE66BFC153DCBE991567BF80E8DABE98
:1057E000D86B67BFB97CD9BE87C167BF6B10D8BE05
:1057F000A81668BF99A3D6BE396B68BF4136D5BE1F
:105800003CBF68BF67C8D3BEAE1269BF095AD2BEDB
:10581000916569BF2AEBD0BEE4B769BFCA7BCFBE32
:10582000A7096ABFEA0BCEBED95A6ABF8B9BCCBE12
:105830007BAB6ABFAE2ACBBE8CFB6ABF53B9C9BE75
:105840000C4B6BBF7C47C8BEFB996BBF29D5C6BE4E
:1058500058E86BBF5C62C5BE24366CBF15EFC3BE93
:105860005E836CBF557BC2BE07D06CBF1E07C1BE36
:105870001D1C6DBF6F92BFBEA1676DBF4A1DBEBE2E
:1058800093B26DBFAFA7BCBEF2FC6DBFA031BBBE73
:10589000BE466EBF1EBBB9BEF88F6EBF2A44B8BEEF
:1058A0009ED86EBFC3CCB6BEB0206FBFEC54B5BEA1
:1058B00030686FBFA5DCB3BE1BAF6FBFEF63B2BE76
:1058C00073F56FBFCBEAB0BE373B70BF3A71AFBE66
:1058D000668070BF3CF7ADBE02C570BFD47CACBE65
:1058E000080971BF0102ABBE7A4C71BFC486A9BE64
:1058F000578F71BF1F0BA8BE9FD171BF128FA6BE5D
:10590000521372BF9F12A5BE705472BFC595A3BE3D
:10591000F89472BF8718A2BEEBD472BFE59AA0BEFE
:10592000471473BFDF1C9FBE0E5373BF789E9DBE8E
:105930003F9173BFAF1F9CBED9CE73BF86A09ABEE6
:10594000DD0B74BFFE2099BE4B4874BF17A197BEF4
:10595000228474BFD22096BE62BF74BF31A094BEB1
:105960000BFA74BF351F93BE1D3475BFDD9D91BE0C
:10597000976D75BF2C1C90BE7BA675BF229A8EBEFC
:10598000C6DE75BFC0178DBE7A1676BF07958BBE73
:10599000974D76BFF8118ABE1B8476BF938E88BE62
:1059A00007BA76BFDA0A87BE5BEF76BFCE8685BEC2
:1059B000172477BF700284BE3A5877BFC07D82BE7D
:1059C000C58B77BFC0F880BEB7BE77BFE1E67EBEAD
:1059D00010F177BFA4DB7BBED12278BFCCCF78BEDD
:1059E000F85378BF5AC375BE868478BF51B672BE6D
:1059F0007BB478BFB2A86FBED6E378BF7F9A6CBE87
:105A0000981279BFBA8B69BEC04079BF667C66BE0A
:105A10004E6E79BF836C63BE439B79BF135C60BEDF
:105A20009DC779BF1A4B5DBE5EF379BF97395ABEE9
:105A3000841E7ABF8F2757BE10497ABF011554BE06
:105A400002737ABFF10151BE599C7ABF60EE4DBE20
:105A500016C57ABF4FDA4ABE37ED7ABFC2C547BE18
:105A6000BE147BBFB9B044BEAB3B7BBF379B41BECE
:105A7000FC617BBF3E853EBEB2877BBFCF6E3BBE27
:105A8000CDAC7BBFEC5738BE4DD17BBF984035BE07
:105A900031F57BBFD42832BE7A187CBFA2102FBE4E
:105AA000283B7CBF04F82BBE3A5D7CBFFCDE28BEE1
:105AB000B07E7CBF8CC525BE8A9F7CBFB6AB22BEA4
:105AC000C9BF7CBF7B911FBE6CDF7CBFDE761CBE76
:105AD00073FE7CBFE05B19BEDD1C7DBF834016BE3C
:105AE000AC3A7DBFCA2413BEDE577DBFB70810BED7
:105AF00074747DBF4AEC0CBE6E907DBF86CF09BE2C
:105B0000CCAB7DBF6EB206BE8CC67DBF029503BE18
:105B1000B1E07DBF457700BE38FA7DBF73B2FABDF4
:105B200024137EBFC075F4BD722B7EBF7638EEBDE8
:105B300023437EBF9AFAE7BD385A7EBF2EBCE1BD33
:105B4000B0707EBF377DDBBD8B867EBFB93DD5BDD6
:105B5000C99B7EBFB7FDCEBD69B07EBF36BDC8BD97
:105B60006DC47EBF397CC2BDD4D77EBFC33ABCBD35
:105B70009DEA7EBFDAF8B5BDC9FC7EBF80B6AFBD79
:105B8000580E7FBFBA73A9BD491F7FBF8C30A3BD1C
:105B90009D2F7FBFF9EC9CBD543F7FBF05A996BDEB
:105BA0006D4E7FBFB46490BDE95C7FBF0A208ABDA3
:105BB000C76A7FBF0ADB83BD08787FBF742B7BBDBC
:105BC000AB847FBF38A06EBDB1907FBF681462BD4B
:105BD000189C7FBF0E8855BDE3A67FBF2FFB48BD35
:105BE0000FB17FBFD56D3CBD9EBA7FBF07E02FBD13
:105BF0008FC37FBFCC5123BDE2CB7FBF2CC316BD6B
:105C000098D37FBF2F340ABDAFDA7FBFB949FBBC41
:105C100029E17FBF7B2AE2BC05E77FBFB00AC9BC90
:105C200043EC7FBF69EAAFBCE3F07FBFB6C996BC67
:105C3000E6F47FBF4B517BBC4AF87FBF900E49BC56
:105C400011FB7FBF59CB16BC39FD7FBF890FC9BB84
:105C5000C4FE7FBFC70F49BBB1FF7FBF00000080FC
:105C6000000080BFC70F493BB1FF7FBF890FC93B11
:105C7000C4FE7FBF59CB163C39FD7FBF900E493C17
:105C800011FB7FBF4B517B3C4AF87FBFB6C9963CA6
:105C9000E6F47FBF69EAAF3CE3F07FBFB00AC93CDE
:105CA00043EC7FBF7B2AE23C05E77FBFB949FB3C61
:105CB00029E17FBF2F340A3DAFDA7FBF2CC3163DE9
:105CC00098D37FBFCC51233DE2CB7FBF07E02F3D70
:105CD0008FC37FBFD56D3C3D9EBA7FBF2FFB483D34
:105CE0000FB17FBF0E88553DE3A67FBF6814623DAC
:105CF000189C7FBF38A06E3DB1907FBF742B7B3D59
:105D0000AB847FBF0ADB833D08787FBF0A208A3DD2
:105D1000C76A7FBFB464903DE95C7FBF05A9963D2B
:105D20006D4E7FBFF9EC9C3D543F7FBF8C30A33D4F
:105D30009D2F7FBFBA73A93D491F7FBF80B6AF3D7E
:105D4000580E7FBFDAF8B53DC9FC7EBFC33ABC3DF3
:105D50009DEA7EBF397CC23DD4D77EBF36BDC83DEB
:105D60006DC47EBFB7FDCE3D69B07EBFB93DD53DA8
:105D7000C99B7EBF377DDB3D8B867EBF2EBCE13D60
:105D8000B0707EBF9AFAE73D385A7EBF7638EE3D56
:105D900023437EBFC075F43D722B7EBF73B2FA3DC4
:105DA00024137EBF4577003E38FA7DBF0295033E3F
:105DB000B1E07DBF6EB2063E8CC67DBF86CF093E88
:105DC000CCAB7DBF4AEC0C3E6E907DBFB708103E59
:105DD00074747DBFCA24133EDE577DBF8340163ED8
:105DE000AC3A7DBFE05B193EDD1C7DBFDE761C3E1C
:105DF00073FE7CBF7B911F3E6CDF7CBFB6AB223E47
:105E0000C9BF7CBF8CC5253E8A9F7CBFFCDE283E77
:105E1000B07E7CBF04F82B3E3A5D7CBFA2102F3EC3
:105E2000283B7CBFD428323E7A187CBF9840353E50
:105E300031F57BBFEC57383E4DD17BBFCF6E3B3E3B
:105E4000CDAC7BBF3E853E3EB2877BBF379B413E9C
:105E5000FC617BBFB9B0443EAB3B7BBFC2C5473E94
:105E6000BE147BBF4FDA4A3E37ED7ABF60EE4D3E3F
:105E700016C57ABFF101513E599C7ABF0115543EB7
:105E800002737ABF8F27573E10497ABF97395A3E1F
:105E9000841E7ABF1A4B5D3E5EF379BF135C603E91
:105EA0009DC779BF836C633E439B79BF667C663E2A
:105EB0004E6E79BFBA8B693EC04079BF7F9A6C3E07
:105EC000981279BFB2A86F3ED6E378BF51B6723E42
:105ED0007BB478BF5AC3753E868478BFCCCF783EFA
:105EE000F85378BFA4DB7B3ED12278BFE1E67E3E4B
:105EF00010F177BFC0F8803EB7BE77BFC07D823E4D
:105F0000C58B77BF7002843E3A5877BFCE86853EF8
:105F1000172477BFDA0A873E5BEF76BF938E883E01
:105F200007BA76BFF8118A3E1B8476BF07958B3E71
:105F3000974D76BFC0178D3E7A1676BF229A8E3E59
:105F4000C6DE75BF2C1C903E7BA675BFDD9D913EC5
:105F5000976D75BF351F933E1D3475BF31A0943EBC
:105F60000BFA74BFD220963E62BF74BF17A1973E52
:105F7000228474BFFE20993E4B4874BF86A09A3E8F
:105F8000DD0B74BFAF1F9C3ED9CE73BF789E9D3E84
:105F90003F9173BFDF1C9F3E0E5373BFE59AA03E37
:105FA000471473BF8718A23EEBD472BFC595A33EBA
:105FB000F89472BF9F12A53E705472BF128FA63E16
:105FC000521372BF1F0BA83E9FD171BFC486A93E5A
:105FD000578F71BF0102AB3E7A4C71BFD47CAC3E8F
:105FE000080971BF3CF7AD3E02C570BF3A71AF3EC4
:105FF000668070BFCBEAB03E373B70BFEF63B23E06
:1060000073F56FBFA5DCB33E1BAF6FBFEC54B53E5D
:1060100030686FBFC3CCB63EB0206FBF2A44B83ED5
:106020009ED86EBF1EBBB93EF88F6EBFA031BB3E7F
:10603000BE466EBFAFA7BC3EF2FC6DBF4A1DBE3E62
:1060400093B26DBF6F92BF3EA1676DBF1E07C13E89
:106050001D1C6DBF557BC23E07D06CBF15EFC33E04
:106060005E836CBF5C62C53E24366CBF29D5C63EDC
:1060700058E86BBF7C47C83EFB996BBF53B9C93E1C
:106080000C4B6BBFAE2ACB3E8CFB6ABF8B9BCC3ECE
:106090007BAB6ABFEA0BCE3ED95A6ABFCA7BCF3E02
:1060A000A7096ABF2AEBD03EE4B769BF095AD23EBE
:1060B000916569BF67C8D33EAE1269BF4136D53E10
:1060C0003CBF68BF99A3D63E396B68BF6B10D83E02
:1060D000A81668BFB97CD93E87C167BF80E8DA3EA1
:1060E000D86B67BFC153DC3E991567BF79BEDD3EF3
:1060F000CCBE66BFA928DF3E716766BF4F92E03E07
:10610000880F66BF6AFBE13E10B765BFFA63E33EE6
:106110000B5E65BFFECBE43E790465BF7533E63E9A
:1061200059AA64BF5D9AE73EAC4F64BFB700E93E31
:1061300073F463BF8166EA3EAC9863BFBBCBEB3EB2
:106140005A3C63BF6330ED3E7BDF62BF7994EE3E25
:10615000108262BFFBF7EF3E1A2462BFEA5AF13E9B
:1061600098C561BF43BDF23E8A6661BF071FF43E1A
:10617000F20661BF3580F53ECFA660BFCBE0F63EAC
:10618000214660BFC840F83EE9E45FBF2DA0F93E5C
:1061900027835FBFF7FEFA3EDB205FBF275DFC3E33
:1061A00005BE5EBFBBBAFD3EA65A5EBFB217FF3E3C
:1061B000BEF65DBF063A003F4D925DBFE4E7003F8B
:1061C000532D5DBF7395013FD1C75CBFB142023F04
:1061D000C7615CBF9FEF023F34FB5BBF3D9C033F49
:1061E0001A945BBF8948043F792C5BBF84F4043F59
:1061F00050C45ABF2CA0053FA05B5ABF824B063F3C
:106200006AF259BF86F6063FAD8859BF36A1073FEF
:106210006A1E59BF924B083FA1B358BF9BF5083F78
:10622000534858BF4E9F093F7FDC57BFAD480A3FD8
:10623000267057BFB7F10A3F480357BF6B9A0B3F11
:10624000E59556BFC9420C3FFE2756BFD0EA0C3F2A
:1062500093B955BF81920D3FA44A55BFDA390E3F1D
:1062600031DB54BFDBE00E3F3B6B54BF84870F3FF5
:10627000C3FA53BFD52D103FC78953BFCDD3103FAD
:10628000491853BF6B79113F49A652BFB01E123F48
:10629000C63352BF9AC3123FC2C051BF2A68133FD0
:1062A0003D4D51BF5F0C143F37D950BF39B0143F3B
:1062B000AF6450BFB753153FA8EF4FBFD9F6153F96
:1062C0001F7A4FBF9F99163F17044FBF073C173FD8
:1062D000908D4EBF12DE173F89164EBFC07F183F0C
:1062E000029F4DBF0F21193FFD264DBF00C2193F30
:1062F00079AE4CBF93621A3F78354CBFC6021B3F44
:10630000F8BB4BBF99A21B3FFA414BBF0C421C3F4D
:106310007FC74ABF1FE11C3F874C4ABFD17F1D3F4B
:1063200012D149BF221E1E3F215549BF12BC1E3F3C
:10633000B3D848BF9F591F3FCA5B48BFCBF61F3F2A
:1063400065DE47BF9393203F856047BFF92F213F0C
:106350002AE246BFFBCB213F546346BF9967223FE9
:1063600003E445BFD302233F396445BFA99D233FC2
:10637000F5E344BF1A38243F376344BF25D2243F96
:1063800000E243BFCB6B253F516043BF0A05263F68
:1063900029DE42BFE39D263F895B42BF5636273F39
:1063A00070D841BF61CE273FE15441BF0566283F09
:1063B000DAD040BF41FD283F5C4C40BF1594293FD7
:1063C00067C73FBF802A2A3FFC413FBF82C02A3FA8
:1063D0001BBC3EBF1B562B3FC5353EBF4AEB2B3F78
:1063E000F9AE3DBF0F802C3FB8273DBF69142D3F4C
:1063F00003A03CBF59A82D3FD9173CBFDE3B2E3F21
:106400003B8F3BBFF7CE2E3F29063BBFA5612F3FF9
:10641000A47C3ABFE6F32F3FACF239BFBB85303FD7
:10642000426839BF2217313F65DD38BF1DA8313FB3
:10643000165238BFAA38323F55C637BFC9C8323F97
:10644000233A37BF7A58333F7FAD36BFBCE7333F7F
:106450006C2036BF8F76343FE79235BFF304353F6B
:10646000F30435BFE792353F8F7634BF6C20363F5B
:10647000BCE733BF7FAD363F7A5833BF233A373F4F
:10648000C9C832BF55C6373FAA3832BF1652383F47
:106490001DA831BF65DD383F221731BF4268393F43
:1064A000BB8530BFACF2393FE6F32FBFA47C3A3F47
:1064B000A5612FBF29063B3FF7CE2EBF3B8F3B3F49
:1064C000DE3B2EBFD9173C3F59A82DBF03A03C3F50
:1064D00069142DBFB8273D3F0F802CBFF9AE3D3F5B
:1064E0004AEB2BBFC5353E3F1B562BBF1BBC3E3F67
:1064F00082C02ABFFC413F3F802A2ABF67C73F3F77
:10650000159429BF5C4C403F41FD28BFDAD0403F85
:10651000056628BFE154413F61CE27BF70D8413F97
:10652000563627BF895B423FE39D26BF29DE423FA7
:106530000A0526BF5160433FCB6B25BF00E2433FB6
:1065400025D224BF3763443F1A3824BFF5E3443FC4
:10655000A99D23BF3964453FD30223BF03E4453FD0
:10656000996722BF5463463FFBCB21BF2AE2463FD7
:10657000F92F21BF8560473F939320BF65DE473FDA
:10658000CBF61FBFCA5B483F9F591FBFB3D8483FD8
:1065900012BC1EBF2155493F221E1EBF12D1493FCA
:1065A000D17F1DBF874C4A3F1FE11CBF7FC74A3FB9
:1065B0000C421CBFFA414B3F99A21BBFF8BB4B3F9B
:1065C000C6021BBF78354C3F93621ABF79AE4C3F71
:1065D00000C219BFFD264D3F0F2119BF029F4D3F3D
:1065E000C07F18BF89164E3F12DE17BF908D4E3FF9
:1065F000073C17BF17044F3F9F9916BF1F7A4F3FA5
:10660000D9F615BFA8EF4F3FB75315BFAF64503F42
:1066100039B014BF37D9503F5F0C14BF3D4D513FC7
:106620002A6813BFC2C0513F9AC312BFC633523F3C
:10663000B01E12BF49A6523F6B7911BF4918533F94
:10664000CDD310BFC789533FD52D10BFC3FA533FD9
:1066500084870FBF3B6B543FDBE00EBF31DB543F01
:10666000DA390EBFA44A553F81920DBF93B9553F09
:10667000D0EA0CBFFE27563FC9420CBFE595563FF6
:106680006B9A0BBF4803573FB7F10ABF2670573FBD
:10669000AD480ABF7FDC573F4E9F09BF5348583F64
:1066A0009BF508BFA1B3583F924B08BF6A1E593FE4
:1066B00036A107BFAD88593F86F606BF6AF2593F3B
:1066C000824B06BFA05B5A3F2CA005BF50C45A3F67
:1066D00084F404BF792C5B3F894804BF1A945B3F64
:1066E0003D9C03BF34FB5B3F9FEF02BFC7615C3F34
:1066F000B14202BFD1C75C3F739501BF532D5D3FCF
:10670000E4E700BF4D925D3F063A00BFBEF65D3F35
:10671000B217FFBEA65A5E3FBBBAFDBE05BE5E3FC6
:10672000275DFCBEDB205F3FF7FEFABE27835F3F9D
:106730002DA0F9BEE9E45F3FC840F8BE2146603FA6
:10674000CBE0F6BECFA6603F3580F5BEF206613FD6
:10675000071FF4BE8A66613F43BDF2BE98C5613F24
:10676000EA5AF1BE1A24623FFBF7EFBE1082623F85
:106770007994EEBE7BDF623F6330EDBE5A3C633FEF
:10678000BBCBEBBEAC98633F8166EABE73F4633F5C
:10679000B700E9BEAC4F643F5D9AE7BE59AA643FBB
:1067A0007533E6BE7904653FFECBE4BE0B5E653F04
:1067B000FA63E3BE10B7653F6AFBE1BE880F663F30
:1067C0004F92E0BE7167663FA928DFBECCBE663F30
:1067D00079BEDDBE9915673FC153DCBED86B673FFC
:1067E00080E8DABE87C1673FB97CD9BEA816683F8A
:1067F0006B10D8BE396B683F99A3D6BE3CBF683FCB
:106800004136D5BEAE12693F67C8D3BE9165693FB8
:10681000095AD2BEE4B7693F2AEBD0BEA7096A3F46
:10682000CA7BCFBED95A6A3FEA0BCEBE7BAB6A3F6A
:106830008B9BCCBE8CFB6A3FAE2ACBBE0C4B6B3F16
:1068400053B9C9BEFB996B3F7C47C8BE58E86B3F44
:1068500029D5C6BE24366C3F5C62C5BE5E836C3FE4
:1068600015EFC3BE07D06C3F557BC2BE1D1C6D3FEC
:106870001E07C1BEA1676D3F6F92BFBE93B26D3F51
:106880004A1DBEBEF2FC6D3FAFA7BCBEBE466E3F0A
:10689000A031BBBEF88F6E3F1EBBB9BE9ED86E3F07
:1068A0002A44B8BEB0206F3FC3CCB6BE30686F3F3D
:1068B000EC54B5BE1BAF6F3FA5DCB3BE73F56F3FA5
:1068C000EF63B2BE373B703FCBEAB0BE6680703F2D
:1068D0003A71AFBE02C5703F3CF7ADBE0809713FCB
:1068E000D47CACBE7A4C713F0102ABBE578F713F76
:1068F000C486A9BE9FD1713F1F0BA8BE5213723F21
:10690000128FA6BE7054723F9F12A5BEF894723FBC
:10691000C595A3BEEBD4723F8718A2BE4714733F40
:10692000E59AA0BE0E53733FDF1C9FBE3F91733F9D
:10693000789E9DBED9CE733FAF1F9CBEDD0B743FCA
:1069400086A09ABE4B48743FFE2099BE2284743FB5
:1069500017A197BE62BF743FD22096BE0BFA743F58
:1069600031A094BE1D34753F351F93BE976D753FA2
:10697000DD9D91BE7BA6753F2C1C90BEC6DE753F8B
:10698000229A8EBE7A16763FC0178DBE974D763FFF
:1069900007958BBE1B84763FF8118ABE07BA763FF7
:1069A000938E88BE5BEF763FDA0A87BE1724773F67
:1069B000CE8685BE3A58773F700284BEC58B773F3E
:1069C000C07D82BEB7BE773FC0F880BE10F1773F72
:1069D000E1E67EBED122783FA4DB7BBEF853783F50
:1069E000CCCF78BE8684783F5AC375BE7BB4783FDF
:1069F00051B672BED6E3783FB2A86FBE9812793F07
:106A00007F9A6CBEC040793FBA8B69BE4E6E793FAB
:106A1000667C66BE439B793F836C63BE9DC7793FAE
:106A2000135C60BE5EF3793F1A4B5DBE841E7A3FF5
:106A300097395ABE10497A3F8F2757BE02737A3F63
:106A4000011554BE599C7A3FF10151BE16C57A3FDB
:106A500060EE4DBE37ED7A3F4FDA4ABEBE147B3F43
:106A6000C2C547BEAB3B7B3FB9B044BEFC617B3F78
:106A7000379B41BEB2877B3F3E853EBECDAC7B3F60
:106A8000CF6E3BBE4DD17B3FEC5738BE31F57B3FDF
:106A9000984035BE7A187C3FD42832BE283B7C3FD4
:106AA000A2102FBE3A5D7C3F04F82BBEB07E7C3F27
:106AB000FCDE28BE8A9F7C3F8CC525BEC9BF7C3FBB
:106AC000B6AB22BE6CDF7C3F7B911FBE73FE7C3F6A
:106AD000DE761CBEDD1C7D3FE05B19BEAC3A7D3F1F
:106AE000834016BEDE577D3FCA2413BE74747D3FBB
:106AF000B70810BE6E907D3F4AEC0CBECCAB7D3F1C
:106B000086CF09BE8CC67D3F6EB206BEB1E07D3F2A
:106B1000029503BE38FA7D3F457700BE24137E3FC1
:106B200073B2FABD722B7E3FC075F4BD23437E3F26
:106B30007638EEBD385A7E3F9AFAE7BDB0707E3F98
:106B40002EBCE1BD8B867E3F377DDBBDC99B7E3F82
:106B5000B93DD5BD69B07E3FB7FDCEBD6DC47E3FAA
:106B600036BDC8BDD4D77E3F397CC2BD9DEA7E3FCD
:106B7000C33ABCBDC9FC7E3FDAF8B5BD580E7F3FB5
:106B800080B6AFBD491F7F3FBA73A9BD9D2F7F3F20
:106B90008C30A3BD543F7F3FF9EC9CBD6D4E7F3FD1
:106BA00005A996BDE95C7F3FB46490BDC76A7F3F8D
:106BB0000A208ABD08787F3F0ADB83BDAB847F3F14
:106BC000742B7BBDB1907F3F38A06EBD189C7F3F7A
:106BD000681462BDE3A67F3F0E8855BD0FB17F3FAD
:106BE0002FFB48BD9EBA7F3FD56D3CBD8FC37F3F15
:106BF00007E02FBDE2CB7F3FCC5123BD98D37F3F31
:106C00002CC316BDAFDA7F3F2F340ABD29E17F3F89
:106C1000B949FBBC05E77F3F7B2AE2BC43EC7F3FE1
:106C2000B00AC9BCE3F07F3F69EAAFBCE6F47F3F3E
:106C3000B6C996BC4AF87F3F4B517BBC11FB7F3FE6
:106C4000900E49BC39FD7F3F59CB16BCC4FE7F3F37
:106C5000890FC9BBB1FF7F3FC70F49BB0000803F11
:106C60000000000043EC7F3FB00AC93C0FB17F3FFA
:106C70002FFB483D6D4E7F3F05A9963D6DC47E3F7D
:106C800036BDC83D24137E3F73B2FA3DAC3A7D3F1A
:106C90008340163E283B7C3FA2102F3EBE147B3F14
:106CA000C2C5473E9DC7793F135C603EF853783FAD
:106CB000CCCF783E07BA763F938E883E0BFA743F6E
:106CC00031A0943E4714733FE59AA03E0809713FF6
:106CD000D47CAC3E9ED86E3F2A44B83E5E836C3F67
:106CE00015EFC33EA7096A3FCA7BCF3ED86B673F0B
:106CF00080E8DA3E59AA643F7533E63E98C5613FA5
:106D0000EA5AF13E05BE5E3F275DFC3E1A945B3FAA
:106D10003D9C033F5348583F9BF5083F31DB543FB0
:106D2000DA390E3F3D4D513F2A68133F029F4D3FD8
:106D3000C07F183F12D1493FD17F1D3F03E4453F3B
:106D40009967223F70D8413F5636273FF9AE3D3F05
:106D50004AEB2B3F4268393FBB85303FF304353F58
:106D6000F304353FBB85303F4268393F4AEB2B3F48
:106D7000F9AE3D3F5636273F70D8413F9967223FD5
:106D800003E4453FD17F1D3F12D1493FC07F183FEB
:106D9000029F4D3F2A68133F3D4D513FDA390E3F68
:106DA00031DB543F9BF5083F5348583F3D9C033F20
:106DB0001A945B3F275DFC3E05BE5E3FEA5AF13EFA
:106DC00098C5613F7533E63E59AA643F80E8DA3ED4
:106DD000D86B673FCA7BCF3EA7096A3F15EFC33E1A
:106DE0005E836C3F2A44B83E9ED86E3FD47CAC3E56
:106DF0000809713FE59AA03E4714733F31A0943EC5
:106E00000BFA743F938E883E07BA763FCCCF783E1C
:106E1000F853783F135C603E9DC7793FC2C5473E3B
:106E2000BE147B3FA2102F3E283B7C3F8340163E82
:106E3000AC3A7D3F73B2FA3D24137E3F36BDC83D68
:106E40006DC47E3F05A9963D6D4E7F3F2FFB483DAB
:106E50000FB17F3FB00AC93C43EC7F3F0000000008
:106E60000000803FB00AC9BC43EC7F3F2FFB48BD08
:106E70000FB17F3F05A996BD6D4E7F3F36BDC8BDA2
:106E80006DC47E3F73B2FABD24137E3F834016BEAD
:106E9000AC3A7D3FA2102FBE283B7C3FC2C547BE07
:106EA000BE147B3F135C60BE9DC7793FCCCF78BEDC
:106EB000F853783F938E88BE07BA763F31A094BED0
:106EC0000BFA743FE59AA0BE4714733FD47CACBE66
:106ED0000809713F2A44B8BE9ED86E3F15EFC3BE65
:106EE0005E836C3FCA7BCFBEA7096A3F80E8DABEEB
:106EF000D86B673F7533E6BE59AA643FEA5AF1BEC4
:106F000098C5613F275DFCBE05BE5E3F3D9C03BF4B
:106F10001A945B3F9BF508BF5348583FDA390EBFC0
:106F200031DB543F2A6813BF3D4D513FC07F18BF2E
:106F3000029F4D3FD17F1DBF12D1493F996722BFAC
:106F400003E4453F563627BF70D8413F4AEB2BBF7D
:106F5000F9AE3D3FBB8530BF4268393FF30435BFD2
:106F6000F304353F426839BFBB85303FF9AE3DBFC2
:106F70004AEB2B3F70D841BF5636273F03E445BF4D
:106F80009967223F12D149BFD17F1D3F029F4DBF5C
:106F9000C07F183F3D4D51BF2A68133F31DB54BFBE
:106FA000DA390E3F534858BF9BF5083F1A945BBF30
:106FB0003D9C033F05BE5EBF275DFC3E98C561BF9B
:106FC000EA5AF13E59AA64BF7533E63ED86B67BFF3
:106FD00080E8DA3EA7096ABFCA7BCF3E5E836CBFFA
:106FE00015EFC33E9ED86EBF2A44B83E080971BF54
:106FF000D47CAC3E471473BFE59AA03E0BFA74BF35
:1070000031A0943E07BA76BF938E883EF85378BF7E
:10701000CCCF783E9DC779BF135C603EBE147BBF6A
:10702000C2C5473E283B7CBFA2102F3EAC3A7DBF75
:107030008340163E24137EBF73B2FA3D6DC47EBFFB
:1070400036BDC83D6D4E7FBF05A9963D0FB17FBFD0
:107050002FFB483D43EC7FBFB00AC93C000080BF16
:107060000000000043EC7FBFB00AC9BC0FB17FBF76
:107070002FFB48BD6D4E7FBF05A996BD6DC47EBF79
:1070800036BDC8BD24137EBF73B2FABDAC3A7DBF16
:10709000834016BE283B7CBFA2102FBEBE147BBF10
:1070A000C2C547BE9DC779BF135C60BEF85378BFA9
:1070B000CCCF78BE07BA76BF938E88BE0BFA74BF6A
:1070C00031A094BE471473BFE59AA0BE080971BFF2
:1070D000D47CACBE9ED86EBF2A44B8BE5E836CBF63
:1070E00015EFC3BEA7096ABFCA7BCFBED86B67BF07
:1070F00080E8DABE59AA64BF7533E6BE98C561BFA1
:10710000EA5AF1BE05BE5EBF275DFCBE1A945BBFA6
:107110003D9C03BF534858BF9BF508BF31DB54BFAC
:10712000DA390EBF3D4D51BF2A6813BF029F4DBFD4
:10713000C07F18BF12D149BFD17F1DBF03E445BF37
:10714000996722BF70D841BF563627BFF9AE3DBF01
:107150004AEB2BBF426839BFBB8530BFF30435BF54
:10716000F30435BFBB8530BF426839BF4AEB2BBF44
:10717000F9AE3DBF563627BF70D841BF996722BFD1
:1071800003E445BFD17F1DBF12D149BFC07F18BFE7
:10719000029F4DBF2A6813BF3D4D51BFDA390EBF64
:1071A00031DB54BF9BF508BF534858BF3D9C03BF1C
:1071B0001A945BBF275DFCBE05BE5EBFEA5AF1BEF6
:1071C00098C561BF7533E6BE59AA64BF80E8DABED0
:1071D000D86B67BFCA7BCFBEA7096ABF15EFC3BE16
:1071E0005E836CBF2A44B8BE9ED86EBFD47CACBE52
:1071F000080971BFE59AA0BE471473BF31A094BEC1
:107200000BFA74BF938E88BE07BA76BFCCCF78BE18
:10721000F85378BF135C60BE9DC779BFC2C547BE37
:10722000BE147BBFA2102FBE283B7CBF834016BE7E
:10723000AC3A7DBF73B2FABD24137EBF36BDC8BD64
:107240006DC47EBF05A996BD6D4E7FBF2FFB48BDA7
:107250000FB17FBFB00AC9BC43EC7FBF0000008004
:10726000000080BFB00AC93C43EC7FBF2FFB483D04
:107270000FB17FBF05A9963D6D4E7FBF36BDC83D9E
:107280006DC47EBF73B2FA3D24137EBF8340163EA9
:10729000AC3A7DBFA2102F3E283B7CBFC2C5473E03
:1072A000BE147BBF135C603E9DC779BFCCCF783ED8
:1072B000F85378BF938E883E07BA76BF31A0943ECC
:1072C0000BFA74BFE59AA03E471473BFD47CAC3E62
:1072D000080971BF2A44B83E9ED86EBF15EFC33E61
:1072E0005E836CBFCA7BCF3EA7096ABF80E8DA3EE7
:1072F000D86B67BF7533E63E59AA64BFEA5AF13EC0
:1073000098C561BF275DFC3E05BE5EBF3D9C033F47
:107310001A945BBF9BF5083F534858BFDA390E3FBC
:1073200031DB54BF2A68133F3D4D51BFC07F183F2A
:10733000029F4DBFD17F1D3F12D149BF9967223FA8
:1073400003E445BF5636273F70D841BF4AEB2B3F79
:10735000F9AE3DBFBB85303F426839BFF304353FCE
:10736000F30435BF4268393FBB8530BFF9AE3D3FBE
:107370004AEB2BBF70D8413F563627BF03E4453F49
:10738000996722BF12D1493FD17F1DBF029F4D3F58
:10739000C07F18BF3D4D513F2A6813BF31DB543FBA
:1073A000DA390EBF5348583F9BF508BF1A945B3F2C
:1073B0003D9C03BF05BE5E3F275DFCBE98C5613F97
:1073C000EA5AF1BE59AA643F7533E6BED86B673FEF
:1073D00080E8DABEA7096A3FCA7BCFBE5E836C3FF6
:1073E00015EFC3BE9ED86E3F2A44B8BE0809713F50
:1073F000D47CACBE4714733FE59AA0BE0BFA743F31
:1074000031A094BE07BA763F938E88BEF853783F7A
:10741000CCCF78BE9DC7793F135C60BEBE147B3F66
:10742000C2C547BE283B7C3FA2102FBEAC3A7D3F71
:10743000834016BE24137E3F73B2FABD6DC47E3FF7
:1074400036BDC8BD6D4E7F3F05A996BD0FB17F3FCC
:107450002FFB48BD43EC7F3FB00AC9BC0000803F12
:1074600000000000BE147B3FC2C5473E5E836C3FF8
:1074700015EFC33E31DB543FDA390E3FF304353F9D
:10748000F304353FDA390E3F31DB543F15EFC33E8D
:107490005E836C3FC2C5473EBE147B3F00000000C8
:1074A0000000803FC2C547BEBE147B3F15EFC3BE80
:1074B0005E836C3FDA390EBF31DB543FF30435BFD6
:1074C000F304353F31DB54BFDA390E3F5E836CBFC6
:1074D00015EFC33EBE147BBFC2C5473E000080BF50
:1074E00000000000BE147BBFC2C547BE5E836CBFF8
:1074F00015EFC3BE31DB54BFDA390EBFF30435BF1D
:10750000F30435BFDA390EBF31DB54BF15EFC3BE0C
:107510005E836CBFC2C547BEBE147BBF0000008047
:10752000000080BFC2C5473EBE147BBF15EFC33EFF
:107530005E836CBFDA390E3F31DB54BFF304353F55
:10754000F30435BF31DB543FDA390EBF5E836C3F45
:1075500015EFC3BEBE147B3FC2C547BE0000803FCF
:1075600000000000ECFF7F3FD40FC93AB1FF7F3F1E
:10757000C70F493B4EFF7F3FC1CB963BC4FE7F3FC9
:10758000890FC93B13FE7F3F3053FB3B39FD7F3FE3
:1075900059CB163C39FC7F3F02ED2F3C11FB7F3F5E
:1075A000900E493CC1F97F3F0030623C4AF87F3F72
:1075B0004B517B3CACF67F3F38398A3CE6F47F3F49
:1075C000B6C9963CF8F27F3F1C5AA33CE3F07F3FDC
:1075D00069EAAF3CA7EE7F3F9B7ABC3C43EC7F3F20
:1075E000B00AC93CB8E97F3FA69AD53C05E77F3F82
:1075F0007B2AE23C2BE47F3F2DBAEE3C29E17F3F22
:10760000B949FB3C00DE7F3F90EC033DAFDA7F3FA2
:107610002F340A3D37D77F3FB87B103D98D37F3F4B
:107620002CC3163DD1CF7F3F880A1D3DE2CB7F3F63
:10763000CC51233DCCC77F3FF698293D8FC37F3F78
:1076400007E02F3D2ABF7F3FFC26363D9EBA7F3F95
:10765000D56D3C3DEAB57F3F91B4423D0FB17F3FD0
:107660002FFB483D0DAC7F3FAF414F3DE3A67F3F31
:107670000E88553D91A17F3F4CCE5B3D189C7F3FCE
:107680006814623D78967F3F625A683DB1907F3FB3
:1076900038A06E3DC28A7F3FE9E5743DAB847F3FF1
:1076A000742B7B3D6D7E7F3F6CB8803D08787F3FBB
:1076B0000ADB833D7B717F3F94FD863DC76A7F3F38
:1076C0000A208A3DEC637F3F6A428D3DE95C7F3F43
:1076D000B464903DBF557F3FE786933D6D4E7F3F3D
:1076E00005A9963DF4467F3F0ACB993D543F7F3F25
:1076F000F9EC9C3D8D377F3FCF0EA03D9D2F7F3F06
:107700008C30A33D87277F3F3052A63D491F7F3FE6
:10771000BA73A93DE4167F3F2B95AC3D580E7F3FD1
:1077200080B6AF3DA4057F3FBBD7B23DC9FC7E3FCD
:10773000DAF8B53DC7F37E3FDD19B93D9DEA7E3FDE
:10774000C33ABC3D4CE17E3F8D5BBF3DD4D77E3F0D
:10775000397CC23D34CE7E3FC69CC53D6DC47E3F64
:1077600036BDC83D7FBA7E3F86DDCB3D69B07E3FEA
:10777000B7FDCE3D2DA67E3FC81DD23DC99B7E3FA5
:10778000B93DD53D3D917E3F895DD83D8B867E3F9D
:10779000377DDB3DB17B7E3FC49CDE3DB0707E3FDC
:1077A0002EBCE13D88657E3F76DBE43D385A7E3F66
:1077B0009AFAE73DC14E7E3F9A19EB3D23437E3F47
:1077C0007638EE3D5E377E3F2E57F13D722B7E3F81
:1077D000C075F43D5E1F7E3F2C94F73D24137E3F21
:1077E00073B2FA3DC2067E3F92D0FD3D38FA7D3F2E
:1077F0004577003E88ED7D3F2E06023EB1E07D3F9D
:107800000295033EB2D37D3FC223053E8CC67D3F29
:107810006EB2063E40B97D3F0541083ECCAB7D3F90
:1078200086CF093E309E7D3FF35D0B3E6E907D3FDF
:107830004AEC0C3E85827D3F8B7A0E3E74747D3F10
:10784000B708103E3D667D3FCC96113EDE577D3F2A
:10785000CA24133E59497D3FB2B2143EAC3A7D3F33
:107860008340163ED82B7D3F3DCE173EDD1C7D3F2D
:10787000E05B193EBC0D7D3F6BE91A3E73FE7C3F19
:10788000DE761C3E03EF7C3F38041E3E6CDF7C3FFF
:107890007B911F3EAECF7C3FA51E213EC9BF7C3FE2
:1078A000B6AB223EBDAF7C3FAD38243E8A9F7C3FC5
:1078B0008CC5253E318F7C3F5152273EB07E7C3FA8
:1078C000FCDE283E086E7C3F8D6B2A3E3A5D7C3F95
:1078D00004F82B3E444C7C3F61842D3E283B7C3F8A
:1078E000A2102F3EE5297C3FC99C303E7A187C3F90
:1078F000D428323EE9067C3FC4B4333E31F57B3FA9
:107900009840353E53E37B3F50CC363E4DD17B3FD4
:10791000EC57383E20BF7B3F6CE3393ECDAC7B3F1C
:10792000CF6E3B3E539A7B3F15FA3C3EB2877B3F7E
:107930003E853E3EEA747B3F4910403EFC617B3F02
:10794000379B413EE74E7B3F0726433EAB3B7B3FA9
:10795000B9B0443E48287B3F4D3B463EBE147B3F7A
:10796000C2C5473E0E017B3F1850493E37ED7A3F76
:107970004FDA4A3E3AD97A3F67644C3E16C57A3FA1
:1079800060EE4D3ECBB07A3F38784F3E599C7A3FFF
:10799000F101513EC1877A3F898B523E02737A3F93
:1079A0000115543E1C5E7A3F589E553E10497A3F61
:1079B0008F27573EDD337A3FA4B0583E841E7A3F6E
:1079C00097395A3E04097A3F6AC25B3E5EF3793FBB
:1079D0001A4B5D3E91DD793FA8D35E3E9DC7793F4E
:1079E000135C603E83B1793F5CE4613E439B793F29
:1079F000836C633EDC84793F86F4643E4E6E793F4F
:107A0000667C663E9A57793F2204683EC040793FC3
:107A1000BA8B693EBF29793F2F136B3E9812793F8D
:107A20007F9A6C3E4AFB783FAB216E3ED6E3783FAF
:107A3000B2A86F3E3BCC783F942F713E7BB4783F29
:107A400051B6723E939C783FE83C743E8684783F02
:107A50005AC3753E526C783FA649773EF853783F3B
:107A6000CCCF783E773B783FCB557A3ED122783FDA
:107A7000A4DB7B3E040A783F56617D3E10F1773FE0
:107A8000E1E67E3EF7D7773F2236803EB7BE773FAE
:107A9000C0F8803E51A5773F4ABB813EC58B773FFA
:107AA000C07D823E1372773F2240833E3A58773F33
:107AB0007002843E3C3E773FAAC4843E1724773F41
:107AC000CE86853ECC09773FDF48863E5BEF763F2A
:107AD000DA0A873EC4D4763FC1CC873E07BA763FE8
:107AE000938E883E249F763F5050893E1B84763F7C
:107AF000F8118A3EEC68763F8AD38A3E974D763FEE
:107B000007958B3E1B32763F6E568C3E7A16763F3B
:107B1000C0178D3EB3FA753FFCD88D3EC6DE753F6B
:107B2000229A8E3EB3C2753F325B8F3E7BA6753F75
:107B30002C1C903E1C8A753F10DD903E976D753F62
:107B4000DD9D913EED50753F945E923E1D34753F34
:107B5000351F933E2717753FBFDF933E0BFA743FE7
:107B600031A0943EC9DC743F8D60953E62BF743F86
:107B7000D220963ED5A1743F00E1963E2284743F08
:107B800017A1973E4966743F1661983E4B48743F73
:107B9000FE20993E272A743FCEE0993EDD0B743FCC
:107BA00086A09A3E6EED733F27609B3ED9CE733F11
:107BB000AF1F9C3E1FB0733F20DF9C3E3F91733F41
:107BC000789E9D3E3972733FB85D9E3E0E53733F63
:107BD000DF1C9F3EBE33733FEEDB9F3E4714733F77
:107BE000E59AA03EACF4723FC259A13EEBD4723F7D
:107BF0008718A23E04B5723F33D7A23EF894723F75
:107C0000C595A33EC774723F3F54A43E7054723F63
:107C10009F12A53EF433723FE5D0A53E5213723F4A
:107C2000128FA63E8CF2713F254DA73E9FD1713F2A
:107C30001F0BA83E8EB0713FFEC8A83E578F713F04
:107C4000C486A93EFB6D713F6F44AA3E7A4C713FDA
:107C50000102AB3ED42A713F77BFAB3E0809713FAA
:107C6000D47CAC3E17E7703F153AAD3E02C5703F7D
:107C70003CF7AD3EC6A2703F49B4AE3E6680703F51
:107C80003A71AF3EE15D703F102EB03E373B703F22
:107C9000CBEAB03E6718703F6BA7B13E73F56F3FFC
:107CA000EF63B23E5AD26F3F5820B33E1BAF6F3FD7
:107CB000A5DCB33EB88B6F3FD698B43E30686F3FBB
:107CC000EC54B53E83446F3FE610B63EB0206F3FA4
:107CD000C3CCB63EBAFC6E3F8488B73E9ED86E3F9A
:107CE0002A44B83E5DB46E3FB2FFB83EF88F6E3F97
:107CF0001EBBB93E6D6B6E3F6E76BA3EBE466E3FA2
:107D0000A031BB3EEB216E3FB6ECBB3EF2FC6D3FBB
:107D1000AFA7BC3ED5D76D3F8B62BD3E93B26D3FE2
:107D20004A1DBE3E2D8D6D3FEBD7BE3EA1676D3F18
:107D30006F92BF3EF2416D3FD54CC03E1D1C6D3F62
:107D40001E07C13E24F66C3F48C1C13E07D06C3FC0
:107D5000557BC23EC5A96C3F4435C33E5E836C3F34
:107D600015EFC33ED45C6C3FC8A8C43E24366C3FBC
:107D70005C62C53E500F6C3FD21BC63E58E86B3F5D
:107D800029D5C63E3BC16B3F628EC73EFB996B3F18
:107D90007C47C83E95726B3F7700C93E0C4B6B3FEA
:107DA00053B9C93E5E236B3F1072CA3E8CFB6A3FDB
:107DB000AE2ACB3E95D36A3F2CE3CB3E7BAB6A3FEA
:107DC0008B9BCC3E3C836A3FCA53CD3ED95A6A3F17
:107DD000EA0BCE3E52326A3FEAC3CE3EA7096A3F63
:107DE000CA7BCF3ED7E0693F8A33D03EE4B7693FD4
:107DF0002AEBD03ECC8E693FAAA2D13E9165693F65
:107E0000095AD23E323C693F4811D33EAE12693F17
:107E100067C8D33E07E9683F647FD43E3CBF683FF4
:107E20004136D53E4C95683FFDECD53E396B683FF9
:107E300099A3D63E0341683F135AD73EA816683F20
:107E40006B10D83E2AEC673FA3C6D83E87C1673F78
:107E5000B97CD93EC196673FAD32DA3ED86B673FF9
:107E600080E8DA3ECA40673F319EDB3E9915673FA6
:107E7000C153DC3E45EA663F2E09DD3ECCBE663F7F
:107E800079BEDD3E3093663FA273DE3E7167663F8A
:107E9000A928DF3E8E3B663F8DDDDF3E880F663FC3
:107EA0004F92E03E5EE3653FEE46E13E10B7653F30
:107EB0006AFBE13EA08A653FC4AFE23E0B5E653FD0
:107EC000FA63E33E5431653F0E18E43E7904653FA2
:107ED000FECBE43E7BD7643FCB7FE53E59AA643FAF
:107EE0007533E63E147D643FFBE6E63EAC4F643FEF
:107EF0005D9AE73E2122643F9C4DE83E73F4633F68
:107F0000B700E93EA1C6633FAEB3E93EAC98633F1C
:107F10008166EA3E956A633F3019EB3E5A3C633F07
:107F2000BBCBEB3EFC0D633F217EEC3E7BDF623F33
:107F30006330ED3ED7B0623F80E2ED3E1082623F9B
:107F40007994EE3E2653623F4C46EF3E1A24623F40
:107F5000FBF7EF3EEAF4613F85A9F03E98C5613F2B
:107F6000EA5AF13E2296613F290CF23E8A66613F51
:107F700043BDF23ED036613F386EF33EF206613FBC
:107F8000071FF43EF2D6603FB1CFF43ECFA6603F6C
:107F90003580F53E8976603F9330F63E2146603F5E
:107FA000CBE0F63E9615603FDC90F73EE9E45F3F9C
:107FB000C840F83E19B45F3F8EF0F83E27835F3F1C
:107FC0002DA0F93E12525F3FA54FFA3EDB205F3FE6
:107FD000F7FEFA3E81EF5E3F22AEFB3E05BE5E3FFE
:107FE000275DFC3E678C5E3F040CFD3EA65A5E3F5B
:107FF000BBBAFD3EC3285E3F4A69FE3EBEF65D3F0A
:10800000B217FF3E97C45D3FF3C5FF3E4D925D3F03
:10801000063A003FE15F5D3FFF90003F532D5D3F1B
:10802000E4E7003FA3FA5C3FB53E013FD1C75C3FA8
:108030007395013FDD945C3F1CEC013FC7615C3FE1
:10804000B142023F8E2E5C3F3299023F34FB5B3FD0
:108050009FEF023FB8C75B3FF845033F1A945B3F71
:108060003D9C033F5A605B3F6DF2033F792C5B3FC1
:108070008948043F75F85A3F919E043F50C45A3FC7
:1080800084F4043F09905A3F624A053FA05B5A3F7F
:108090002CA0053F16275A3FE2F5053F6AF2593FEB
:1080A000824B063F9CBD593F0EA1063FAD88593F0C
:1080B00086F6063F9C53593FE84B073F6A1E593FDF
:1080C00036A1073F17E9583F6FF6073FA1B3583F66
:1080D000924B083F0B7E583FA1A0083F5348583FA2
:1080E0009BF5083F7912583F7F4A093F7FDC573F95
:1080F0004E9F093F63A6573F09F4093F2670573F3B
:10810000AD480A3FC739573F3D9D0A3F4803573F97
:10811000B7F10A3FA7CC563F1C460B3FE595563FAB
:108120006B9A0B3F025F563FA5EE0B3FFE27563F73
:10813000C9420C3FD9F0553FD7960C3F93B9553FF4
:10814000D0EA0C3F2C82553FB33E0D3FA44A553F29
:1081500081920D3FFB12553F38E60D3F31DB543F16
:10816000DA390E3F47A3543F658D0E3F3B6B543FBA
:10817000DBE00E3F0F33543F3B340F3FC3FA533F16
:1081800084870F3F55C2533FB8DA0F3FC789533F2B
:10819000D52D103F1851533FDC80103F4918533FF5
:1081A000CDD3103F59DF523FA726113F49A6523F7A
:1081B0006B79113F186D523F19CC113FC633523FB6
:1081C000B01E123F54FA513F3071123FC2C0513FAE
:1081D0009AC3123F1087513FEE15133F3D4D513F5B
:1081E0002A68133F4A13513F50BA133F37D9503FC3
:1081F0005F0C143F039F503F585E143FAF64503FE5
:1082000039B0143F3B2A503F0402153FA8EF4F3FBF
:10821000B753153FF4B44F3F54A5153F1F7A4F3F56
:10822000D9F6153F2B3F4F3F4748163F17044F3FA6
:108230009F99163FE4C84E3FDFEA163F908D4E3FB0
:10824000073C173F1C524E3F188D173F89164E3F73
:1082500012DE173FD5DA4D3FF52E183F029F4D3FF6
:10826000C07F183F10634D3F73D0183FFD264D3F30
:108270000F21193FCBEA4C3F9471193F79AE4C3F27
:1082800000C2193F08724C3F55121A3F78354C3FD7
:1082900093621A3FC7F84B3FB8B21A3FF8BB4B3F47
:1082A000C6021B3F097F4B3FBB521B3FFA414B3F6E
:1082B00099A21B3FCC044B3F5FF21B3F7FC74A3F55
:1082C0000C421C3F138A4A3FA2911C3F874C4A3FF5
:1082D0001FE11C3FDC0E4A3F84301D3F12D1493F55
:1082E000D17F1D3F2993493F06CF1D3F2155493F6F
:1082F000221E1E3FFA16493F266D1E3FB3D8483F47
:1083000012BC1E3F4E9A483FE50A1F3FCA5B483FDA
:108310009F591F3F271D483F41A81F3F65DE473F2C
:10832000CBF61F3F849F473F3B45203F8560473F3B
:108330009393203F6721473FD2E1203F2AE2463F07
:10834000F92F213FCEA2463F067E213F5463463F90
:10835000FBCB213FBB23463FD719223F03E4453FD8
:108360009967223F2DA4453F43B5223F3964453FDD
:10837000D302233F2624453F4B50233FF5E3443FA0
:10838000A99D233FA5A3443FEEEA233F3763443F23
:108390001A38243FAB22443F2C85243F00E2433F60
:1083A00025D2243F38A1433F041F253F5160433F5E
:1083B000CB6B253F4C1F433F77B8253F29DE423F1B
:1083C0000A05263FE89C423F8451263F895B423F95
:1083D000E39D263F0B1A423F2AEA263F70D8413FD1
:1083E0005636273FB796413F6882273FE154413FC9
:1083F00061CE273FEC12413F401A283FDAD0403F80
:108400000566283FA98E403FB0B1283F5C4C403FF5
:1084100041FD283FF009403FB848293F67C73F3F2B
:108420001594293FC0843F3F57DF293FFC413F3F20
:10843000802A2A3F1BFF3E3F8E752A3F1BBC3E3FD2
:1084400082C02A3FFF783E3F5B0B2B3FC5353E3F46
:108450001B562B3F6EF23D3FBFA02B3FF9AE3D3F79
:108460004AEB2B3F676B3D3FB9352C3FB8273D3F6B
:108470000F802C3FECE33C3F49CA2C3F03A03C3F1C
:1084800069142D3FFC5B3C3F6F5E2D3FD9173C3F8D
:1084900059A82D3F98D33B3F29F22D3F3B8F3B3FBF
:1084A000DE3B2E3FC14A3B3F78852E3F29063B3FAE
:1084B000F7CE2E3F75C13A3F5B182F3FA47C3A3F61
:1084C000A5612F3FB7373A3FD3AA2F3FACF2393FD0
:1084D000E6F32F3F85AD393FDE3C303F4268393F00
:1084E000BB85303FE122393F7CCE303F65DD383FF0
:1084F0002217313FCB97383FAD5F313F1652383F9F
:108500001DA8313F430C383F71F0313F55C6373F0E
:10851000AA38323F4A80373FC780323F233A373F3D
:10852000C9C8323FDFF3363FAF10333F7FAD363F30
:108530007A58333F0467363F29A0333F6C20363FDB
:10854000BCE7333FB8D9353F342F343FE792353F4E
:108550008F76343FFB4B353FCFBD343FF304353F7F
:10856000F304353FCFBD343FFB4B353F8F76343F6F
:10857000E792353F342F343FB8D9353FBCE7333F1E
:108580006C20363F29A0333F0467363F7A58333F8B
:108590007FAD363FAF10333FDFF3363FC9C8323FC0
:1085A000233A373FC780323F4A80373FAA38323FAD
:1085B00055C6373F71F0313F430C383F1DA8313F5E
:1085C0001652383FAD5F313FCB97383F2217313FCE
:1085D00065DD383F7CCE303FE122393FBB85303FFF
:1085E0004268393FDE3C303F85AD393FE6F32F3FEF
:1085F000ACF2393FD3AA2F3FB7373A3FA5612F3F9F
:10860000A47C3A3F5B182F3F75C13A3FF7CE2E3F0F
:1086100029063B3F78852E3FC14A3B3FDE3B2E3F3C
:108620003B8F3B3F29F22D3F98D33B3F59A82D3F2D
:10863000D9173C3F6F5E2D3FFC5B3C3F69142D3FDB
:1086400003A03C3F49CA2C3FECE33C3F0F802C3F4A
:10865000B8273D3FB9352C3F676B3D3F4AEB2B3F79
:10866000F9AE3D3FBFA02B3F6EF23D3F1B562B3F67
:10867000C5353E3F5B0B2B3FFF783E3F82C02A3F14
:108680001BBC3E3F8E752A3F1BFF3E3F802A2A3F80
:10869000FC413F3F57DF293FC0843F3F1594293FAE
:1086A00067C73F3FB848293FF009403F41FD283F99
:1086B0005C4C403FB0B1283FA98E403F0566283F43
:1086C000DAD0403F401A283FEC12413F61CE273FAD
:1086D000E154413F6882273FB796413F5636273FD6
:1086E00070D8413F2AEA263F0B1A423FE39D263FBE
:1086F000895B423F8451263FE89C423F0A05263F62
:1087000029DE423F77B8253F4C1F433FCB6B253FC7
:108710005160433F041F253F38A1433F25D2243FEA
:1087200000E2433F2C85243FAB22443F1A38243FCC
:108730003763443FEEEA233FA5A3443FA99D233F6F
:10874000F5E3443F4B50233F2624453FD302233FCC
:108750003964453F43B5223F2DA4453F9967223FE9
:1087600003E4453FD719223FBB23463FFBCB213FC4
:108770005463463F067E213FCEA2463FF92F213F5C
:108780002AE2463FD2E1203F6721473F9393203FB3
:108790008560473F3B45203F849F473FCBF61F3FC7
:1087A00065DE473F41A81F3F271D483F9F591F3F98
:1087B000CA5B483FE50A1F3F4E9A483F12BC1E3F26
:1087C000B3D8483F266D1E3FFA16493F221E1E3F72
:1087D0002155493F06CF1D3F2993493FD17F1D3F7A
:1087E00012D1493F84301D3FDC0E4A3F1FE11C3F40
:1087F000874C4A3FA2911C3F138A4A3F0C421C3FC0
:108800007FC74A3F5FF21B3FCC044B3F99A21B3FFF
:10881000FA414B3FBB521B3F097F4B3FC6021B3FF8
:10882000F8BB4B3FB8B21A3FC7F84B3F93621A3FB1
:1088300078354C3F55121A3F08724C3F00C2193F21
:1088400079AE4C3F9471193FCBEA4C3F0F21193F51
:10885000FD264D3F73D0183F10634D3FC07F183F3A
:10886000029F4D3FF52E183FD5DA4D3F12DE173FE0
:1088700089164E3F188D173F1C524E3F073C173F3D
:10888000908D4E3FDFEA163FE4C84E3F9F99163F5A
:1088900017044F3F4748163F2B3F4F3FD9F6153F30
:1088A0001F7A4F3F54A5153FF4B44F3FB753153FC0
:1088B000A8EF4F3F0402153F3B2A503F39B0143F09
:1088C000AF64503F585E143F039F503F5F0C143F0E
:1088D00037D9503F50BA133F4A13513F2A68133FCC
:1088E0003D4D513FEE15133F1087513F9AC3123F44
:1088F000C2C0513F3071123F54FA513FB01E123F77
:10890000C633523F19CC113F186D523F6B79113F5E
:1089100049A6523FA726113F59DF523FCDD3103F02
:108920004918533FDC80103F1851533FD52D103F5D
:10893000C789533FB8DA0F3F55C2533F84870F3F73
:10894000C3FA533F3B340F3F0F33543FDBE00E3F3E
:108950003B6B543F658D0E3F47A3543FDA390E3FC2
:1089600031DB543F38E60D3FFB12553F81920D3FFE
:10897000A44A553FB33E0D3F2C82553FD0EA0C3FF1
:1089800093B9553FD7960C3FD9F0553FC9420C3F9C
:10899000FE27563FA5EE0B3F025F563F6B9A0B3FFB
:1089A000E595563F1C460B3FA7CC563FB7F10A3F13
:1089B0004803573F3D9D0A3FC739573FAD480A3FDF
:1089C0002670573F09F4093F63A6573F4E9F093F62
:1089D0007FDC573F7F4A093F7912583F9BF5083F9C
:1089E0005348583FA1A0083F0B7E583F924B083F89
:1089F000A1B3583F6FF6073F17E9583F36A1073F2D
:108A00006A1E593FE84B073F9C53593F86F6063F85
:108A1000AD88593F0EA1063F9CBD593F824B063F92
:108A20006AF2593FE2F5053F16275A3F2CA0053F51
:108A3000A05B5A3F624A053F09905A3F84F4043FC5
:108A400050C45A3F919E043F75F85A3F8948043FED
:108A5000792C5B3F6DF2033F5A605B3F3D9C033FC7
:108A60001A945B3FF845033FB8C75B3F9FEF023F57
:108A700034FB5B3F3299023F8E2E5C3FB142023F96
:108A8000C7615C3F1CEC013FDD945C3F7395013F87
:108A9000D1C75C3FB53E013FA3FA5C3FE4E7003F2E
:108AA000532D5D3FFF90003FE15F5D3F063A003F81
:108AB0004D925D3FF3C5FF3E97C45D3FB217FF3E49
:108AC000BEF65D3F4A69FE3EC3285E3FBBBAFD3E2F
:108AD000A65A5E3F040CFD3E678C5E3F275DFC3E60
:108AE00005BE5E3F22AEFB3E81EF5E3FF7FEFA3EE3
:108AF000DB205F3FA54FFA3E12525F3F2DA0F93EAB
:108B000027835F3F8EF0F83E19B45F3FC840F83EC0
:108B1000E9E45F3FDC90F73E9615603FCBE0F63E20
:108B20002146603F9330F63E8976603F3580F53EC2
:108B3000CFA6603FB1CFF43EF2D6603F071FF43EB0
:108B4000F206613F386EF33ED036613F43BDF23EE0
:108B50008A66613F290CF23E2296613FEA5AF13E55
:108B600098C5613F85A9F03EEAF4613FFBF7EF3E0F
:108B70001A24623F4C46EF3E2653623F7994EE3E04
:108B80001082623F80E2ED3ED7B0623F6330ED3E3F
:108B90007BDF623F217EEC3EFC0D633FBBCBEB3EB7
:108BA0005A3C633F3019EB3E956A633F8166EA3E6B
:108BB000AC98633FAEB3E93EA1C6633FB700E93E60
:108BC00073F4633F9C4DE83E2122643F5D9AE73E8B
:108BD000AC4F643FFBE6E63E147D643F7533E63EF2
:108BE00059AA643FCB7FE53E7BD7643FFECBE43E92
:108BF0007904653F0E18E43E5431653FFA63E33E65
:108C00000B5E653FC4AFE23EA08A653F6AFBE13E72
:108C100010B7653FEE46E13E5EE3653F4F92E03EB2
:108C2000880F663F8DDDDF3E8E3B663FA928DF3E25
:108C30007167663FA273DE3E3093663F79BEDD3ECC
:108C4000CCBE663F2E09DD3E45EA663FC153DC3EA1
:108C50009915673F319EDB3ECA40673F80E8DA3EA8
:108C6000D86B673FAD32DA3EC196673FB97CD93EDB
:108C700087C1673FA3C6D83E2AEC673F6B10D83E3A
:108C8000A816683F135AD73E0341683F99A3D63EC2
:108C9000396B683FFDECD53E4C95683F4136D53E7B
:108CA0003CBF683F647FD43E07E9683F67C8D33E56
:108CB000AE12693F4811D33E323C693F095AD23E59
:108CC0009165693FAAA2D13ECC8E693F2AEBD03E86
:108CD000E4B7693F8A33D03ED7E0693FCA7BCF3ED5
:108CE000A7096A3FEAC3CE3E52326A3FEA0BCE3E44
:108CF000D95A6A3FCA53CD3E3C836A3F8B9BCC3ED8
:108D00007BAB6A3F2CE3CB3E95D36A3FAE2ACB3E8A
:108D10008CFB6A3F1072CA3E5E236B3F53B9C93E5B
:108D20000C4B6B3F7700C93E95726B3F7C47C83E4A
:108D3000FB996B3F628EC73E3BC16B3F29D5C63E58
:108D400058E86B3FD21BC63E500F6C3F5C62C53E7D
:108D500024366C3FC8A8C43ED45C6C3F15EFC33EBC
:108D60005E836C3F4435C33EC5A96C3F557BC23E14
:108D700007D06C3F48C1C13E24F66C3F1E07C13E80
:108D80001D1C6D3FD54CC03EF2416D3F6F92BF3E02
:108D9000A1676D3FEBD7BE3E2D8D6D3F4A1DBE3E98
:108DA00093B26D3F8B62BD3ED5D76D3FAFA7BC3E42
:108DB000F2FC6D3FB6ECBB3EEB216E3FA031BB3EFB
:108DC000BE466E3F6E76BA3E6D6B6E3F1EBBB93EC1
:108DD000F88F6E3FB2FFB83E5DB46E3F2A44B83E96
:108DE0009ED86E3F8488B73EBAFC6E3FC3CCB63E79
:108DF000B0206F3FE610B63E83446F3FEC54B53E63
:108E000030686F3FD698B43EB88B6F3FA5DCB33E59
:108E10001BAF6F3F5820B33E5AD26F3FEF63B23E55
:108E200073F56F3F6BA7B13E6718703FCBEAB03E5A
:108E3000373B703F102EB03EE15D703F3A71AF3E60
:108E40006680703F49B4AE3EC6A2703F3CF7AD3E6F
:108E500002C5703F153AAD3E17E7703FD47CAC3E7B
:108E60000809713F77BFAB3ED42A713F0102AB3E88
:108E70007A4C713F6F44AA3EFB6D713FC486A93E98
:108E8000578F713FFEC8A83E8EB0713F1F0BA83EA2
:108E90009FD1713F254DA73E8CF2713F128FA63EA8
:108EA0005213723FE5D0A53EF433723F9F12A53EA8
:108EB0007054723F3F54A43EC774723FC595A33EA1
:108EC000F894723F33D7A23E04B5723F8718A23E92
:108ED000EBD4723FC259A13EACF4723FE59AA03E7A
:108EE0004714733FEEDB9F3EBE33733FDF1C9F3E54
:108EF0000E53733FB85D9E3E3972733F789E9D3E20
:108F00003F91733F20DF9C3E1FB0733FAF1F9C3EDD
:108F1000D9CE733F27609B3E6EED733F86A09A3E8D
:108F2000DD0B743FCEE0993E272A743FFE20993E28
:108F30004B48743F1661983E4966743F17A1973EAF
:108F40002284743F00E1963ED5A1743FD220963E24
:108F500062BF743F8D60953EC9DC743F31A0943E82
:108F60000BFA743FBFDF933E2717753F351F933EC3
:108F70001D34753F945E923EED50753FDD9D913EF0
:108F8000976D753F10DD903E1C8A753F2C1C903EFE
:108F90007BA6753F325B8F3EB3C2753F229A8E3EF1
:108FA000C6DE753FFCD88D3EB3FA753FC0178D3EC7
:108FB0007A16763F6E568C3E1B32763F07958B3E77
:108FC000974D763F8AD38A3EEC68763FF8118A3E09
:108FD0001B84763F5050893E249F763F938E883E77
:108FE00007BA763FC1CC873EC4D4763FDA0A873EC3
:108FF0005BEF763FDF48863ECC09773FCE86853EE5
:109000001724773FAAC4843E3C3E773F7002843EDB
:109010003A58773F2240833E1372773FC07D823EAD
:10902000C58B773F4ABB813E51A5773FC0F8803E54
:10903000B7BE773F2236803EF7D7773FE1E67E3EE8
:1090400010F1773F56617D3E040A783FA4DB7B3EFA
:10905000D122783FCB557A3E773B783FCCCF783ED4
:10906000F853783FA649773E526C783F5AC3753E15
:109070008684783FE83C743E939C783F51B6723EBC
:109080007BB4783F942F713E3BCC783FB2A86F3EC3
:10909000D6E3783FAB216E3E4AFB783F7F9A6C3E29
:1090A0009812793F2F136B3EBF29793FBA8B693EE7
:1090B000C040793F2204683E9A57793F667C663EFD
:1090C0004E6E793F86F4643EDC84793F836C633E68
:1090D000439B793F5CE4613E83B1793F135C603E22
:1090E0009DC7793FA8D35E3E91DD793F1A4B5D3E27
:1090F0005EF3793F6AC25B3E04097A3F97395A3E74
:10910000841E7A3FA4B0583EDD337A3F8F27573E06
:1091100010497A3F589E553E1C5E7A3F0115543ED9
:1091200002737A3F898B523EC1877A3FF101513EEB
:10913000599C7A3F38784F3ECBB07A3F60EE4D3E37
:1091400016C57A3F67644C3E3AD97A3F4FDA4A3EB9
:1091500037ED7A3F1850493E0E017B3FC2C5473E6E
:10916000BE147B3F4D3B463E48287B3FB9B0443E52
:10917000AB3B7B3F0726433EE74E7B3F379B413E61
:10918000FC617B3F4910403EEA747B3F3E853E3E9A
:10919000B2877B3F15FA3C3E539A7B3FCF6E3B3EF6
:1091A000CDAC7B3F6CE3393E20BF7B3FEC57383E74
:1091B0004DD17B3F50CC363E53E37B3F9840353E0C
:1091C00031F57B3FC4B4333EE9067C3FD428323EC0
:1091D0007A187C3FC99C303EE5297C3FA2102F3E87
:1091E000283B7C3F61842D3E444C7C3F04F82B3E61
:1091F0003A5D7C3F8D6B2A3E086E7C3FFCDE283E4C
:10920000B07E7C3F5152273E318F7C3F8CC5253E3E
:109210008A9F7C3FAD38243EBDAF7C3FB6AB223E3B
:10922000C9BF7C3FA51E213EAECF7C3F7B911F3E38
:109230006CDF7C3F38041E3E03EF7C3FDE761C3E35
:1092400073FE7C3F6BE91A3EBC0D7D3FE05B193E2F
:10925000DD1C7D3F3DCE173ED82B7D3F8340163E23
:10926000AC3A7D3FB2B2143E59497D3FCA24133E09
:10927000DE577D3FCC96113E3D667D3FB708103EE0
:1092800074747D3F8B7A0E3E85827D3F4AEC0C3EA6
:109290006E907D3FF35D0B3E309E7D3F86CF093E55
:1092A000CCAB7D3F0541083E40B97D3F6EB2063EE6
:1092B0008CC67D3FC223053EB2D37D3F0295033E5F
:1092C000B1E07D3F2E06023E88ED7D3F4577003EB2
:1092D00038FA7D3F92D0FD3DC2067E3F73B2FA3D23
:1092E00024137E3F2C94F73D5E1F7E3FC075F43DF6
:1092F000722B7E3F2E57F13D5E377E3F7638EE3D36
:1093000023437E3F9A19EB3DC14E7E3F9AFAE73DDB
:10931000385A7E3F76DBE43D88657E3F2EBCE13DDA
:10932000B0707E3FC49CDE3DB17B7E3F377DDB3D30
:109330008B867E3F895DD83D3D917E3FB93DD53DD1
:10934000C99B7E3FC81DD23D2DA67E3FB7FDCE3DB9
:1093500069B07E3F86DDCB3D7FBA7E3F36BDC83DDE
:109360006DC47E3FC69CC53D34CE7E3F397CC23D38
:10937000D4D77E3F8D5BBF3D4CE17E3FC33ABC3DC1
:109380009DEA7E3FDD19B93DC7F37E3FDAF8B53D72
:10939000C9FC7E3FBBD7B23DA4057F3F80B6AF3D41
:1093A000580E7F3F2B95AC3DE4167F3FBA73A93D25
:1093B000491F7F3F3052A63D87277F3F8C30A33D1A
:1093C0009D2F7F3FCF0EA03D8D377F3FF9EC9C3D19
:1093D000543F7F3F0ACB993DF4467F3F05A9963D18
:1093E0006D4E7F3FE786933DBF557F3FB464903D10
:1093F000E95C7F3F6A428D3DEC637F3F0A208A3DF6
:10940000C76A7F3F94FD863D7B717F3F0ADB833DCA
:1094100008787F3F6CB8803D6D7E7F3F742B7B3D2D
:10942000AB847F3FE9E5743DC28A7F3F38A06E3D43
:10943000B1907F3F625A683D78967F3F6814623DE5
:10944000189C7F3F4CCE5B3D91A17F3F0E88553DE0
:10945000E3A67F3FAF414F3D0DAC7F3F2FFB483D23
:109460000FB17F3F91B4423DEAB57F3FD56D3C3DA2
:109470009EBA7F3FFC26363D2ABF7F3F07E02F3D47
:109480008FC37F3FF698293DCCC77F3FCC51233D0A
:10949000E2CB7F3F880A1D3DD1CF7F3F2CC3163DD5
:1094A00098D37F3FB87B103D37D77F3F2F340A3D9D
:1094B000AFDA7F3F90EC033D00DE7F3FB949FB3CD4
:1094C00029E17F3F2DBAEE3C2BE47F3F7B2AE23C33
:1094D00005E77F3FA69AD53CB8E97F3FB00AC93C73
:1094E00043EC7F3F9B7ABC3CA7EE7F3F69EAAF3CF1
:1094F000E3F07F3F1C5AA33CF8F27F3FB6C9963C8D
:10950000E6F47F3F38398A3CACF67F3F4B517B3CD9
:109510004AF87F3F0030623CC1F97F3F900E493CE2
:1095200011FB7F3F02ED2F3C39FC7F3F59CB163CAE
:1095300039FD7F3F3053FB3B13FE7F3F890FC93B13
:10954000C4FE7F3FC1CB963B4EFF7F3FC70F493BD9
:10955000B1FF7F3FD40FC93AECFF7F3F000000000E
:109560000000803FD40FC9BAECFF7F3FC70F49BB53
:10957000B1FF7F3FC1CB96BB4EFF7F3F890FC9BB79
:10958000C4FE7F3F3053FBBB13FE7F3F59CB16BC5D
:1095900039FD7F3F02ED2FBC39FC7F3F900E49BC67
:1095A00011FB7F3F003062BCC1F97F3F4B517BBC58
:1095B0004AF87F3F38398ABCACF67F3FB6C996BCC3
:1095C000E6F47F3F1C5AA3BCF8F27F3F69EAAFBCC8
:1095D000E3F07F3F9B7ABCBCA7EE7F3FB00AC9BCDB
:1095E00043EC7F3FA69AD5BCB8E97F3F7B2AE2BC1B
:1095F00005E77F3F2DBAEEBC2BE47F3FB949FBBCAA
:1096000029E17F3F90EC03BD00DE7F3F2F340ABD90
:10961000AFDA7F3FB87B10BD37D77F3F2CC316BD75
:1096200098D37F3F880A1DBDD1CF7F3FCC5123BD4A
:10963000E2CB7F3FF69829BDCCC77F3F07E02FBD27
:109640008FC37F3FFC2636BD2ABF7F3FD56D3CBD13
:109650009EBA7F3F91B442BDEAB57F3F2FFB48BD24
:109660000FB17F3FAF414FBD0DAC7F3F0E8855BD61
:10967000E3A67F3F4CCE5BBD91A17F3F681462BDE6
:10968000189C7F3F625A68BD78967F3F38A06EBDB8
:10969000B1907F3FE9E574BDC28A7F3F742B7BBDEB
:1096A000AB847F3F6CB880BD6D7E7F3F0ADB83BD9E
:1096B00008787F3F94FD86BD7B717F3F0A208ABD7D
:1096C000C76A7F3F6A428DBDEC637F3FB46490BD43
:1096D000E95C7F3FE78693BDBF557F3F05A996BDF7
:1096E0006D4E7F3F0ACB99BDF4467F3FF9EC9CBDA0
:1096F000543F7F3FCF0EA0BD8D377F3F8C30A3BD41
:109700009D2F7F3F3052A6BD87277F3FBA73A9BDEB
:10971000491F7F3F2B95ACBDE4167F3F80B6AFBDA0
:10972000580E7F3FBBD7B2BDA4057F3FDAF8B5BD69
:10973000C9FC7E3FDD19B9BDC7F37E3FC33ABCBD4E
:109740009DEA7E3F8D5BBFBD4CE17E3F397CC2BD53
:10975000D4D77E3FC69CC5BD34CE7E3F36BDC8BD86
:109760006DC47E3F86DDCBBD7FBA7E3FB7FDCEBDEB
:1097700069B07E3FC81DD2BD2DA67E3FB93DD5BD87
:10978000C99B7E3F895DD8BD3D917E3F377DDBBD66
:109790008B867E3FC49CDEBDB17B7E3F2EBCE1BD8F
:1097A000B0707E3F76DBE4BD88657E3F9AFAE7BD08
:1097B000385A7E3F9A19EBBDC14E7E3F7638EEBDDA
:1097C00023437E3F2E57F1BD5E377E3FC075F4BD0B
:1097D000722B7E3F2C94F7BD5E1F7E3F73B2FABDA5
:1097E00024137E3F92D0FDBDC2067E3F457700BE6A
:1097F00038FA7D3F2E0602BE88ED7D3F029503BEFE
:10980000B1E07D3FC22305BEB2D37D3F6EB206BE3E
:109810008CC67D3F054108BE40B97D3F86CF09BE5D
:10982000CCAB7D3FF35D0BBE309E7D3F4AEC0CBE62
:109830006E907D3F8B7A0EBE85827D3FB70810BE4D
:1098400074747D3FCC9611BE3D667D3FCA2413BE25
:10985000DE577D3FB2B214BE59497D3F834016BEEC
:10986000AC3A7D3F3DCE17BED82B7D3FE05B19BEA5
:10987000DD1C7D3F6BE91ABEBC0D7D3FDE761CBE54
:1098800073FE7C3F38041EBE03EF7C3F7B911FBEFE
:109890006CDF7C3FA51E21BEAECF7C3FB6AB22BEA7
:1098A000C9BF7C3FAD3824BEBDAF7C3F8CC525BE53
:1098B0008A9F7C3F515227BE318F7C3FFCDE28BE01
:1098C000B07E7C3F8D6B2ABE086E7C3F04F82BBEB9
:1098D0003A5D7C3F61842DBE444C7C3FA2102FBE7C
:1098E000283B7C3FC99C30BEE5297C3FD42832BE52
:1098F0007A187C3FC4B433BEE9067C3F984035BE3D
:1099000031F57B3F50CC36BE53E37B3FEC5738BE3E
:109910004DD17B3F6CE339BE20BF7B3FCF6E3BBE5A
:10992000CDAC7B3F15FA3CBE539A7B3F3E853EBE95
:10993000B2877B3F491040BEEA747B3F379B41BEF4
:10994000FC617B3F072643BEE74E7B3FB9B044BE78
:10995000AB3B7B3F4D3B46BE48287B3FC2C547BE25
:10996000BE147B3F185049BE0E017B3F4FDA4ABE02
:1099700037ED7A3F67644CBE3AD97A3F60EE4DBE10
:1099800016C57A3F38784FBECBB07A3FF10151BE51
:10999000599C7A3F898B52BEC1877A3F011554BECC
:1099A00002737A3F589E55BE1C5E7A3F8F2757BE82
:1099B00010497A3FA4B058BEDD337A3F97395ABE7A
:1099C000841E7A3F6AC25BBE04097A3F1A4B5DBEB1
:1099D0005EF3793FA8D35EBE91DD793F135C60BE34
:1099E0009DC7793F5CE461BE83B1793F836C63BE00
:1099F000439B793F86F464BEDC84793F667C66BE17
:109A00004E6E793F220468BE9A57793FBA8B69BE81
:109A1000C040793F2F136BBEBF29793F7F9A6CBE40
:109A20009812793FAB216EBE4AFB783FB2A86FBE59
:109A3000D6E3783F942F71BE3BCC783F51B672BECF
:109A40007BB4783FE83C74BE939C783F5AC375BEA4
:109A50008684783FA64977BE526C783FCCCF78BEDB
:109A6000F853783FCB557ABE773B783FA4DB7BBE7B
:109A7000D122783F56617DBE040A783FE1E67EBE82
:109A800010F1773F223680BEF7D7773FC0F880BE0F
:109A9000B7BE773F4ABB81BE51A5773FC07D82BE2E
:109AA000C58B773F224083BE1372773F700284BE1E
:109AB0003A58773FAAC484BE3C3E773FCE8685BEE7
:109AC0001724773FDF4886BECC09773FDA0A87BE86
:109AD0005BEF763FC1CC87BEC4D4763F938E88BE01
:109AE00007BA763F505089BE249F763FF8118ABE50
:109AF0001B84763F8AD38ABEEC68763F07958BBE7F
:109B0000974D763F6E568CBE1B32763FC0178DBE8A
:109B10007A16763FFCD88DBEB3FA753F229A8EBE78
:109B2000C6DE753F325B8FBEB3C2753F2C1C90BE44
:109B30007BA6753F10DD90BE1C8A753FDD9D91BEF2
:109B4000976D753F945E92BEED50753F351F93BE85
:109B50001D34753FBFDF93BE2717753F31A094BEFC
:109B60000BFA743F8D6095BEC9DC743FD22096BE5F
:109B700062BF743F00E196BED5A1743F17A197BEA6
:109B80002284743F166198BE4966743FFE2099BED8
:109B90004B48743FCEE099BE272A743F86A09ABEF8
:109BA000DD0B743F27609BBE6EED733FAF1F9CBE05
:109BB000D9CE733F20DF9CBE1FB0733F789E9DBE01
:109BC0003F91733FB85D9EBE3972733FDF1C9FBEED
:109BD0000E53733FEEDB9FBEBE33733FE59AA0BECC
:109BE0004714733FC259A1BEACF4723F8718A2BE9E
:109BF000EBD4723F33D7A2BE04B5723FC595A3BE66
:109C0000F894723F3F54A4BEC774723F9F12A5BE22
:109C10007054723FE5D0A5BEF433723F128FA6BEDA
:109C20005213723F254DA7BE8CF2713F1F0BA8BE89
:109C30009FD1713FFEC8A8BE8EB0713FC486A9BE39
:109C4000578F713F6F44AABEFB6D713F0102ABBEDF
:109C50007A4C713F77BFABBED42A713FD47CACBE87
:109C60000809713F153AADBE17E7703F3CF7ADBE2E
:109C700002C5703F49B4AEBEC6A2703F3A71AFBED6
:109C80006680703F102EB0BEE15D703FCBEAB0BE83
:109C9000373B703F6BA7B1BE6718703FEF63B2BE32
:109CA00073F56F3F5820B3BE5AD26F3FA5DCB3BEE9
:109CB0001BAF6F3FD698B4BEB88B6F3FEC54B5BEA8
:109CC00030686F3FE610B6BE83446F3FC3CCB6BE6C
:109CD000B0206F3F8488B7BEBAFC6E3F2A44B8BE3E
:109CE0009ED86E3FB2FFB8BE5DB46E3F1EBBB9BE1C
:109CF000F88F6E3F6E76BABE6D6B6E3FA031BBBE05
:109D0000BE466E3FB6ECBBBEEB216E3FAFA7BCBEFE
:109D1000F2FC6D3F8B62BDBED5D76D3F4A1DBEBE06
:109D200093B26D3FEBD7BEBE2D8D6D3F6F92BFBE20
:109D3000A1676D3FD54CC0BEF2416D3F1E07C1BE4D
:109D40001D1C6D3F48C1C1BE24F66C3F557BC2BE91
:109D500007D06C3F4435C3BEC5A96C3F15EFC3BEE9
:109D60005E836C3FC8A8C4BED45C6C3F5C62C5BE59
:109D700024366C3FD21BC6BE500F6C3F29D5C6BEE1
:109D800058E86B3F628EC7BE3BC16B3F7C47C8BE85
:109D9000FB996B3F7700C9BE95726B3F53B9C9BE43
:109DA0000C4B6B3F1072CABE5E236B3FAE2ACBBE1C
:109DB0008CFB6A3F2CE3CBBE95D36A3F8B9BCCBE1A
:109DC0007BAB6A3FCA53CDBE3C836A3FEA0BCEBE33
:109DD000D95A6A3FEAC3CEBE52326A3FCA7BCFBE6F
:109DE000A7096A3F8A33D0BED7E0693F2AEBD0BECD
:109DF000E4B7693FAAA2D1BECC8E693F095AD2BE50
:109E00009165693F4811D3BE323C693F67C8D3BEF4
:109E1000AE12693F647FD4BE07E9683F4136D5BEC4
:109E20003CBF683FFDECD5BE4C95683F99A3D6BEBC
:109E3000396B683F135AD7BE0341683F6B10D8BED9
:109E4000A816683FA3C6D8BE2AEC673FB97CD9BE26
:109E500087C1673FAD32DABEC196673F80E8DABEA0
:109E6000D86B673F319EDBBECA40673FC153DCBE43
:109E70009915673F2E09DDBE45EA663F79BEDDBE16
:109E8000CCBE663FA273DEBE3093663FA928DFBE1C
:109E90007167663F8DDDDFBE8E3B663F4F92E0BE51
:109EA000880F663FEE46E1BE5EE3653F6AFBE1BEBA
:109EB00010B7653FC4AFE2BEA08A653FFA63E3BE58
:109EC0000B5E653F0E18E4BE5431653FFECBE4BE29
:109ED0007904653FCB7FE5BE7BD7643F7533E6BE33
:109EE00059AA643FFBE6E6BE147D643F5D9AE7BE77
:109EF000AC4F643F9C4DE8BE2122643FB700E9BEF1
:109F000073F4633FAEB3E9BEA1C6633F8166EABEA8
:109F1000AC98633F3019EBBE956A633FBBCBEBBE99
:109F20005A3C633F217EECBEFC0D633F6330EDBEC7
:109F30007BDF623F80E2EDBED7B0623F7994EEBE38
:109F40001082623F4C46EFBE2653623FFBF7EFBEE6
:109F50001A24623F85A9F0BEEAF4613FEA5AF1BED5
:109F600098C5613F290CF2BE2296613F43BDF2BE07
:109F70008A66613F386EF3BED036613F071FF4BE7C
:109F8000F206613FB1CFF4BEF2D6603F3580F5BE38
:109F9000CFA6603F9330F6BE8976603FCBE0F6BE39
:109FA0002146603FDC90F7BE9615603FC840F8BE82
:109FB000E9E45F3F8EF0F8BE19B45F3F2DA0F9BE13
:109FC00027835F3FA54FFABE12525F3FF7FEFABEEE
:109FD000DB205F3F22AEFBBE81EF5E3F275DFCBE14
:109FE00005BE5E3F040CFDBE678C5E3FBBBAFDBE86
:109FF000A65A5E3F4A69FEBEC3285E3FB217FFBE47
:10A00000BEF65D3FF3C5FFBE97C45D3F063A00BF95
:10A010004D925D3FFF9000BFE15F5D3FE4E700BF11
:10A02000532D5D3FB53E01BFA3FA5C3F739501BF61
:10A03000D1C75C3F1CEC01BFDD945C3FB14202BF65
:10A04000C7615C3F329902BF8E2E5C3F9FEF02BF1B
:10A0500034FB5B3FF84503BFB8C75B3F3D9C03BF84
:10A060001A945B3F6DF203BF5A605B3F894804BF9F
:10A07000792C5B3F919E04BF75F85A3F84F404BF6E
:10A0800050C45A3F624A05BF09905A3F2CA005BFF1
:10A09000A05B5A3FE2F505BF16275A3F824B06BF29
:10A0A0006AF2593F0EA106BF9CBD593F86F606BF16
:10A0B000AD88593FE84B07BF9C53593F36A107BFB6
:10A0C0006A1E593F6FF607BF17E9583F924B08BF0A
:10A0D000A1B3583FA1A008BF0B7E583F9BF508BF16
:10A0E0005348583F7F4A09BF7912583F4E9F09BFD6
:10A0F0007FDC573F09F409BF63A6573FAD480ABF4D
:10A100002670573F3D9D0ABFC739573FB7F10ABF79
:10A110004803573F1C460BBFA7CC563F6B9A0BBF5B
:10A12000E595563FA5EE0BBF025F563FC9420CBFF7
:10A13000FE27563FD7960CBFD9F0553FD0EA0CBF4B
:10A1400093B9553FB33E0DBF2C82553F81920DBF51
:10A15000A44A553F38E60DBFFB12553FDA390EBF12
:10A1600031DB543F658D0EBF47A3543FDBE00EBF8C
:10A170003B6B543F3B340FBF0F33543F84870FBFBB
:10A18000C3FA533FB8DA0FBF55C2533FD52D10BFA6
:10A19000C789533FDC8010BF1851533FCDD310BF48
:10A1A0004918533FA72611BF59DF523F6B7911BFA2
:10A1B00049A6523F19CC11BF186D523FB01E12BFB5
:10A1C000C633523F307112BF54FA513F9AC312BF87
:10A1D000C2C0513FEE1513BF1087513F2A6813BF0D
:10A1E0003D4D513F50BA13BF4A13513F5F0C14BF4E
:10A1F00037D9503F585E14BF039F503F39B014BF4A
:10A20000AF64503F040215BF3B2A503FB75315BF00
:10A21000A8EF4F3F54A515BFF4B44F3FD9F615BF73
:10A220001F7A4F3F474816BF2B3F4F3F9F9916BF9E
:10A2300017044F3FDFEA16BFE4C84E3F073C17BF85
:10A24000908D4E3F188D17BF1C524E3F12DE17BF28
:10A2500089164E3FF52E18BFD5DA4D3FC07F18BF87
:10A26000029F4D3F73D018BF10634D3F0F2119BFA0
:10A27000FD264D3F947119BFCBEA4C3F00C219BF78
:10A2800079AE4C3F55121ABF08724C3F93621ABF09
:10A2900078354C3FB8B21ABFC7F84B3FC6021BBF58
:10A2A000F8BB4B3FBB521BBF097F4B3F99A21BBF63
:10A2B000FA414B3F5FF21BBFCC044B3F0C421CBF2B
:10A2C0007FC74A3FA2911CBF138A4A3F1FE11CBFB0
:10A2D000874C4A3F84301DBFDC0E4A3FD17F1DBFF3
:10A2E00012D1493F06CF1DBF2993493F221E1EBFF1
:10A2F0002155493F266D1EBFFA16493F12BC1EBFAD
:10A30000B3D8483FE50A1FBF4E9A483F9F591FBF29
:10A31000CA5B483F41A81FBF271D483FCBF61FBF60
:10A3200065DE473F3B4520BF849F473F939320BF57
:10A330008560473FD2E120BF6721473FF92F21BF0A
:10A340002AE2463F067E21BFCEA2463FFBCB21BF7D
:10A350005463463FD71922BFBB23463F996722BFAC
:10A3600003E4453F43B522BF2DA4453FD30223BF9D
:10A370003964453F4B5023BF2624453FA99D23BF49
:10A38000F5E3443FEEEA23BFA5A3443F1A3824BFB8
:10A390003763443F2C8524BFAB22443F25D224BFE2
:10A3A00000E2433F041F25BF38A1433FCB6B25BFCD
:10A3B0005160433F77B825BF4C1F433F0A0526BF76
:10A3C00029DE423F845126BFE89C423FE39D26BFE1
:10A3D000895B423F2AEA26BF0B1A423F563627BF07
:10A3E00070D8413F688227BFB796413F61CE27BFF3
:10A3F000E154413F401A28BFEC12413F056628BF97
:10A40000DAD0403FB0B128BFA98E403F41FD28BF00
:10A410005C4C403FB84829BFF009403F159429BF24
:10A4200067C73F3F57DF29BFC0843F3F802A2ABF0D
:10A43000FC413F3F8E752ABF1BFF3E3F82C02ABFB3
:10A440001BBC3E3F5B0B2BBFFF783E3F1B562BBF19
:10A45000C5353E3FBFA02BBF6EF23D3F4AEB2BBF41
:10A46000F9AE3D3FB9352CBF676B3D3F0F802CBF28
:10A47000B8273D3F49CA2CBFECE33C3F69142DBFD0
:10A4800003A03C3F6F5E2DBFFC5B3C3F59A82DBF36
:10A49000D9173C3F29F22DBF98D33B3FDE3B2EBF5F
:10A4A0003B8F3B3F78852EBFC14A3B3FF7CE2EBF47
:10A4B00029063B3F5B182FBF75C13A3FA5612FBFEF
:10A4C000A47C3A3FD3AA2FBFB7373A3FE6F32FBF5A
:10A4D000ACF2393FDE3C30BF85AD393FBB8530BF84
:10A4E0004268393F7CCE30BFE122393F221731BF6D
:10A4F00065DD383FAD5F31BFCB97383F1DA831BF19
:10A500001652383F71F031BF430C383FAA3832BF82
:10A5100055C6373FC78032BF4A80373FC9C832BFB0
:10A52000233A373FAF1033BFDFF3363F7A5833BF9C
:10A530007FAD363F29A033BF0467363FBCE733BF4A
:10A540006C20363F342F34BFB8D9353F8F7634BFB7
:10A55000E792353FCFBD34BFFB4B353FF30435BFEA
:10A56000F304353FFB4B35BFCFBD343FE79235BFDA
:10A570008F76343FB8D935BF342F343F6C2036BF87
:10A58000BCE7333F046736BF29A0333F7FAD36BFFA
:10A590007A58333FDFF336BFAF10333F233A37BF2C
:10A5A000C9C8323F4A8037BFC780323F55C637BF20
:10A5B000AA38323F430C38BF71F0313F165238BFD2
:10A5C0001DA8313FCB9738BFAD5F313F65DD38BF48
:10A5D0002217313FE12239BF7CCE303F426839BF7C
:10A5E000BB85303F85AD39BFDE3C303FACF239BF73
:10A5F000E6F32F3FB7373ABFD3AA2F3FA47C3ABF29
:10A60000A5612F3F75C13ABF5B182F3F29063BBF9D
:10A61000F7CE2E3FC14A3BBF78852E3F3B8F3BBFD5
:10A62000DE3B2E3F98D33BBF29F22D3FD9173CBFCD
:10A6300059A82D3FFC5B3CBF6F5E2D3F03A03CBF84
:10A6400069142D3FECE33CBF49CA2C3FB8273DBFFE
:10A650000F802C3F676B3DBFB9352C3FF9AE3DBF36
:10A660004AEB2B3F6EF23DBFBFA02B3FC5353EBF2F
:10A670001B562B3FFF783EBF5B0B2B3F1BBC3EBFE7
:10A6800082C02A3F1BFF3EBF8E752A3FFC413FBF61
:10A69000802A2A3FC0843FBF57DF293F67C73FBF9B
:10A6A0001594293FF00940BFB848293F5C4C40BF92
:10A6B00041FD283FA98E40BFB0B1283FDAD040BF4E
:10A6C0000566283FEC1241BF401A283FE15441BFC4
:10A6D00061CE273FB79641BF6882273F70D841BF00
:10A6E0005636273F0B1A42BF2AEA263F895B42BFF4
:10A6F000E39D263FE89C42BF8451263F29DE42BFAE
:10A700000A05263F4C1F43BF77B8253F516043BF22
:10A71000CB6B253F38A143BF041F253F00E243BF59
:10A7200025D2243FAB2244BF2C85243F376344BF4E
:10A730001A38243FA5A344BFEEEA233FF5E344BF04
:10A74000A99D233F262445BF4B50233F396445BF75
:10A75000D302233F2DA445BF43B5223F03E445BFA9
:10A760009967223FBB2346BFD719223F546346BF98
:10A77000FBCB213FCEA246BF067E213F2AE246BF49
:10A78000F92F213F672147BFD2E1203F856047BFB6
:10A790009393203F849F47BF3B45203F65DE47BFE3
:10A7A000CBF61F3F271D48BF41A81F3FCA5B48BFCC
:10A7B0009F591F3F4E9A48BFE50A1F3FB3D848BF75
:10A7C00012BC1E3FFA1649BF266D1E3F215549BFD8
:10A7D000221E1E3F299349BF06CF1D3F12D149BFFC
:10A7E000D17F1D3FDC0E4ABF84301D3F874C4ABFDE
:10A7F0001FE11C3F138A4ABFA2911C3F7FC74ABF7B
:10A800000C421C3FCC044BBF5FF21B3FFA414BBFD5
:10A8100099A21B3F097F4BBFBB521B3FF8BB4BBFED
:10A82000C6021B3FC7F84BBFB8B21A3F78354CBFC2
:10A8300093621A3F08724CBF55121A3F79AE4CBF53
:10A8400000C2193FCBEA4CBF9471193FFD264DBFA2
:10A850000F21193F10634DBF73D0183F029F4DBFAA
:10A86000C07F183FD5DA4DBFF52E183F89164EBF71
:10A8700012DE173F1C524EBF188D173F908D4EBFF2
:10A88000073C173FE4C84EBFDFEA163F17044FBF2F
:10A890009F99163F2B3F4FBF4748163F1F7A4FBF28
:10A8A000D9F6153FF4B44FBF54A5153FA8EF4FBFDD
:10A8B000B753153F3B2A50BF0402153FAF6450BF4A
:10A8C00039B0143F039F50BF585E143F37D950BF73
:10A8D0005F0C143F4A1351BF50BA133F3D4D51BF57
:10A8E0002A68133F108751BFEE15133FC2C051BFF6
:10A8F0009AC3123F54FA51BF3071123FC63352BF50
:10A90000B01E123F186D52BF19CC113F49A652BF5D
:10A910006B79113F59DF52BFA726113F491853BF2A
:10A92000CDD3103F185153BFDC80103FC78953BFB0
:10A93000D52D103F55C253BFB8DA0F3FC3FA53BFEE
:10A9400084870F3F0F3354BF3B340F3F3B6B54BFE3
:10A95000DBE00E3F47A354BF658D0E3F31DB54BF94
:10A96000DA390E3FFB1255BF38E60D3FA44A55BFFA
:10A9700081920D3F2C8255BFB33E0D3F93B955BF19
:10A98000D0EA0C3FD9F055BFD7960C3FFE2756BFF3
:10A99000C9420C3F025F56BFA5EE0B3FE59556BF7F
:10A9A0006B9A0B3FA7CC56BF1C460B3F480357BFC3
:10A9B000B7F10A3FC73957BF3D9D0A3F267057BFC1
:10A9C000AD480A3F63A657BF09F4093F7FDC57BF74
:10A9D0004E9F093F791258BF7F4A093F534858BFDD
:10A9E0009BF5083F0B7E58BFA1A0083FA1B358BFFD
:10A9F000924B083F17E958BF6FF6073F6A1E59BFD1
:10AA000036A1073F9C5359BFE84B073FAD8859BF5C
:10AA100086F6063F9CBD59BF0EA1063F6AF259BF9C
:10AA2000824B063F16275ABFE2F5053FA05B5ABF8F
:10AA30002CA0053F09905ABF624A053F50C45ABF37
:10AA400084F4043F75F85ABF919E043F792C5BBF94
:10AA50008948043F5A605BBF6DF2033F1A945BBFA5
:10AA60003D9C033FB8C75BBFF845033F34FB5BBF6A
:10AA70009FEF023F8E2E5CBF3299023FC7615CBFE1
:10AA8000B142023FDD945CBF1CEC013FD1C75CBF0B
:10AA90007395013FA3FA5CBFB53E013F532D5DBFE7
:10AAA000E4E7003FE15F5DBFFF90003F4D925DBF77
:10AAB000063A003F97C45DBFF3C5FF3EBEF65DBFDB
:10AAC000B217FF3EC3285EBF4A69FE3EA65A5EBF6C
:10AAD000BBBAFD3E678C5EBF040CFD3E05BE5EBF8B
:10AAE000275DFC3E81EF5EBF22AEFB3EDB205FBFF9
:10AAF000F7FEFA3E12525FBFA54FFA3E27835FBFB3
:10AB00002DA0F93E19B45FBF8EF0F83EE9E45FBFB7
:10AB1000C840F83E961560BFDC90F73E214660BF06
:10AB2000CBE0F63E897660BF9330F63ECFA660BF9D
:10AB30003580F53EF2D660BFB1CFF43EF20661BF7C
:10AB4000071FF43ED03661BF386EF33E8A6661BFA0
:10AB500043BDF23E229661BF290CF23E98C561BF0B
:10AB6000EA5AF13EEAF461BF85A9F03E1A2462BFB9
:10AB7000FBF7EF3E265362BF4C46EF3E108262BFAA
:10AB80007994EE3ED7B062BF80E2ED3E7BDF62BFDC
:10AB90006330ED3EFC0D63BF217EEC3E5A3C63BF4B
:10ABA000BBCBEB3E956A63BF3019EB3EAC9863BFFD
:10ABB0008166EA3EA1C663BFAEB3E93E73F463BFEC
:10ABC000B700E93E212264BF9C4DE83EAC4F64BF14
:10ABD0005D9AE73E147D64BFFBE6E63E59AA64BF7A
:10ABE0007533E63E7BD764BFCB7FE53E790465BF16
:10ABF000FECBE43E543165BF0E18E43E0B5E65BFEC
:10AC0000FA63E33EA08A65BFC4AFE23E10B765BFFA
:10AC10006AFBE13E5EE365BFEE46E13E880F66BF3C
:10AC20004F92E03E8E3B66BF8DDDDF3E716766BFB3
:10AC3000A928DF3E309366BFA273DE3ECCBE66BF5E
:10AC400079BEDD3E45EA66BF2E09DD3E991567BF38
:10AC5000C153DC3ECA4067BF319EDB3ED86B67BF45
:10AC600080E8DA3EC19667BFAD32DA3E87C167BF82
:10AC7000B97CD93E2AEC67BFA3C6D83EA81668BFE8
:10AC80006B10D83E034168BF135AD73E396B68BF7B
:10AC900099A3D63E4C9568BFFDECD53E3CBF68BF3E
:10ACA0004136D53E07E968BF647FD43EAE1269BF26
:10ACB00067C8D33E323C69BF4811D33E916569BF36
:10ACC000095AD23ECC8E69BFAAA2D13EE4B769BF71
:10ACD0002AEBD03ED7E069BF8A33D03EA7096ABFCE
:10ACE000CA7BCF3E52326ABFEAC3CE3ED95A6ABF50
:10ACF000EA0BCE3E3C836ABFCA53CD3E7BAB6ABFF4
:10AD00008B9BCC3E95D36ABF2CE3CB3E8CFB6ABFBA
:10AD1000AE2ACB3E5E236BBF1072CA3E0C4B6BBF9C
:10AD200053B9C93E95726BBF7700C93EFB996BBFA3
:10AD30007C47C83E3BC16BBF628EC73E58E86BBFC5
:10AD400029D5C63E500F6CBFD21BC63E24366CBF01
:10AD50005C62C53ED45C6CBFC8A8C43E5E836CBF59
:10AD600015EFC33EC5A96CBF4435C33E07D06CBFC9
:10AD7000557BC23E24F66CBF48C1C13E1D1C6DBF51
:10AD80001E07C13EF2416DBFD54CC03EA1676DBFED
:10AD90006F92BF3E2D8D6DBFEBD7BE3E93B26DBFA0
:10ADA0004A1DBE3ED5D76DBF8B62BD3EF2FC6DBF66
:10ADB000AFA7BC3EEB216EBFB6ECBB3EBE466EBF3E
:10ADC000A031BB3E6D6B6EBF6E76BA3EF88F6EBF24
:10ADD0001EBBB93E5DB46EBFB2FFB83E9ED86EBF1B
:10ADE0002A44B83EBAFC6EBF8488B73EB0206FBF1D
:10ADF000C3CCB63E83446FBFE610B63E30686FBF2B
:10AE0000EC54B53EB88B6FBFD698B43E1BAF6FBF46
:10AE1000A5DCB33E5AD26FBF5820B33E73F56FBF67
:10AE2000EF63B23E671870BF6BA7B13E373B70BF90
:10AE3000CBEAB03EE15D70BF102EB03E668070BFC1
:10AE40003A71AF3EC6A270BF49B4AE3E02C570BFF4
:10AE50003CF7AD3E17E770BF153AAD3E080971BF2C
:10AE6000D47CAC3ED42A71BF77BFAB3E7A4C71BF65
:10AE70000102AB3EFB6D71BF6F44AA3E578F71BF9D
:10AE8000C486A93E8EB071BFFEC8A83E9FD171BFD7
:10AE90001F0BA83E8CF271BF254DA73E521372BF07
:10AEA000128FA63EF43372BFE5D0A53E705472BF38
:10AEB0009F12A53EC77472BF3F54A43EF89472BF60
:10AEC000C595A33E04B572BF33D7A23EEBD472BF83
:10AED0008718A23EACF472BFC259A13E471473BF9B
:10AEE000E59AA03EBE3373BFEEDB9F3E0E5373BFA9
:10AEF000DF1C9F3E397273BFB85D9E3E3F9173BFAA
:10AF0000789E9D3E1FB073BF20DF9C3ED9CE73BF9D
:10AF1000AF1F9C3E6EED73BF27609B3EDD0B74BF81
:10AF200086A09A3E272A74BFCEE0993E4B4874BF54
:10AF3000FE20993E496674BF1661983E228474BF14
:10AF400017A1973ED5A174BF00E1963E62BF74BFC2
:10AF5000D220963EC9DC74BF8D60953E0BFA74BF5B
:10AF600031A0943E271775BFBFDF933E1D3475BFD8
:10AF7000351F933EED5075BF945E923E976D75BF41
:10AF8000DD9D913E1C8A75BF10DD903E7BA675BF8E
:10AF90002C1C903EB3C275BF325B8F3EC6DE75BFC0
:10AFA000229A8E3EB3FA75BFFCD88D3E7A1676BFD4
:10AFB000C0178D3E1B3276BF6E568C3E974D76BFC6
:10AFC00007958B3EEC6876BF8AD38A3E1B8476BF9A
:10AFD000F8118A3E249F76BF5050893E07BA76BF4B
:10AFE000938E883EC4D476BFC1CC873E5BEF76BFDC
:10AFF000DA0A873ECC0977BFDF48863E172477BF41
:10B00000CE86853E3C3E77BFAAC4843E3A5877BF81
:10B010007002843E137277BF2240833EC58B77BF98
:10B02000C07D823E51A577BF4ABB813EB7BE77BF88
:10B03000C0F8803EF7D777BF2236803E10F177BF49
:10B04000E1E67E3E040A78BF56617D3ED12278BF9C
:10B05000A4DB7B3E773B78BFCB557A3EF85378BF75
:10B06000CCCF783E526C78BFA649773E868478BFB5
:10B070005AC3753E939C78BFE83C743E7BB478BF5E
:10B0800051B6723E3BCC78BF942F713ED6E378BF69
:10B09000B2A86F3E4AFB78BFAB216E3E981279BFD3
:10B0A0007F9A6C3EBF2979BF2F136B3EC04079BF9A
:10B0B000BA8B693E9A5779BF2204683E4E6E79BFBB
:10B0C000667C663EDC8479BF86F4643E439B79BF30
:10B0D000836C633E83B179BF5CE4613E9DC779BFF9
:10B0E000135C603E91DD79BFA8D35E3E5EF379BF0D
:10B0F0001A4B5D3E04097ABF6AC25B3E841E7ABF6A
:10B1000097395A3EDD337ABFA4B0583E10497ABF12
:10B110008F27573E1C5E7ABF589E553E02737ABFFA
:10B120000115543EC1877ABF898B523E599C7ABF24
:10B13000F101513ECBB07ABF38784F3E16C57ABF89
:10B1400060EE4D3E3AD97ABF67644C3E37ED7ABF28
:10B150004FDA4A3E0E017BBF1850493EBE147BBFFA
:10B16000C2C5473E48287BBF4D3B463EAB3B7BBFFD
:10B17000B9B0443EE74E7BBF0726433EFC617BBF30
:10B18000379B413EEA747BBF4910403EB2877BBF8C
:10B190003E853E3E539A7BBF15FA3C3ECDAC7BBF0D
:10B1A000CF6E3B3E20BF7BBF6CE3393E4DD17BBFB2
:10B1B000EC57383E53E37BBF50CC363E31F57BBF76
:10B1C0009840353EE9067CBFC4B4333E7A187CBF54
:10B1D000D428323EE5297CBFC99C303E283B7CBF49
:10B1E000A2102F3E444C7CBF61842D3E3A5D7CBF53
:10B1F00004F82B3E086E7CBF8D6B2A3EB07E7CBF70
:10B20000FCDE283E318F7CBF5152273E8A9F7CBF97
:10B210008CC5253EBDAF7CBFAD38243EC9BF7CBFC9
:10B22000B6AB223EAECF7CBFA51E213E6CDF7CBFFD
:10B230007B911F3E03EF7CBF38041E3E73FE7CBF34
:10B24000DE761C3EBC0D7DBF6BE91A3EDD1C7DBF6A
:10B25000E05B193ED82B7DBF3DCE173EAC3A7DBF9B
:10B260008340163E59497DBFB2B2143EDE577DBFC2
:10B27000CA24133E3D667DBFCC96113E74747DBFDB
:10B28000B708103E85827DBF8B7A0E3E6E907DBFE3
:10B290004AEC0C3E309E7DBFF35D0B3ECCAB7DBFD8
:10B2A00086CF093E40B97DBF0541083E8CC67DBFB3
:10B2B0006EB2063EB2D37DBFC223053EB1E07DBF74
:10B2C0000295033E88ED7DBF2E06023E38FA7DBF13
:10B2D0004577003EC2067EBF92D0FD3D24137EBF5F
:10B2E00073B2FA3D5E1F7EBF2C94F73D722B7EBF7A
:10B2F000C075F43D5E377EBF2E57F13D23437EBFC0
:10B300007638EE3DC14E7EBF9A19EB3D385A7EBF6E
:10B310009AFAE73D88657EBF76DBE43DB0707EBF7C
:10B320002EBCE13DB17B7EBFC49CDE3D8B867EBFE3
:10B33000377DDB3D3D917EBF895DD83DC99B7EBF9A
:10B34000B93DD53D2DA67EBFC81DD23D69B07EBF9B
:10B35000B7FDCE3D7FBA7EBF86DDCB3D6DC47EBFDF
:10B3600036BDC83D34CE7EBFC69CC53DD4D77EBF5A
:10B37000397CC23D4CE17EBF8D5BBF3D9DEA7EBF07
:10B38000C33ABC3DC7F37EBFDD19B93DC9FC7EBFE2
:10B39000DAF8B53DA4057FBFBBD7B23D580E7FBFDD
:10B3A00080B6AF3DE4167FBF2B95AC3D491F7FBFF4
:10B3B000BA73A93D87277FBF3052A63D9D2F7FBF1F
:10B3C0008C30A33D8D377FBFCF0EA03D543F7FBF54
:10B3D000F9EC9C3DF4467FBF0ACB993D6D4E7FBF93
:10B3E00005A9963DBF557FBFE786933DE95C7FBFCA
:10B3F000B464903DEC637FBF6A428D3DC76A7FBFF6
:10B400000A208A3D7B717FBF94FD863D08787FBF0F
:10B410000ADB833D6D7E7FBF6CB8803DAB847FBF10
:10B42000742B7B3DC28A7FBFE9E5743DB1907FBF3D
:10B4300038A06E3D78967FBF625A683D189C7FBFEA
:10B440006814623D91A17FBF4CCE5B3DE3A67FBFF8
:10B450000E88553D0DAC7FBFAF414F3D0FB17FBF53
:10B460002FFB483DEAB57FBF91B4423D9EBA7FBFF6
:10B47000D56D3C3D2ABF7FBFFC26363D8FC37FBFC5
:10B4800007E02F3DCCC77FBFF698293DE2CB7FBFB9
:10B49000CC51233DD1CF7FBF880A1D3D98D37FBFBC
:10B4A0002CC3163D37D77FBFB87B103DAFDA7FBFC7
:10B4B0002F340A3D00DE7FBF90EC033D29E17FBFC2
:10B4C000B949FB3C2BE47FBF2DBAEE3C05E77FBFBB
:10B4D0007B2AE23CB8E97FBFA69AD53C43EC7FBF0C
:10B4E000B00AC93CA7EE7FBF9B7ABC3CE3F07FBFAC
:10B4F00069EAAF3CF8F27FBF1C5AA33CE6F47FBF79
:10B50000B6C9963CACF67FBF38398A3C4AF87FBF53
:10B510004B517B3CC1F97FBF0030623C11FB7FBFC8
:10B52000900E493C39FC7FBF02ED2F3C39FD7FBFB7
:10B5300059CB163C13FE7FBF3053FB3BC4FE7FBF8D
:10B54000890FC93B4EFF7FBFC1CB963BB1FF7FBF89
:10B55000C70F493BECFF7FBFD40FC93A000080BF43
:10B5600000000000ECFF7FBFD40FC9BAB1FF7FBF5E
:10B57000C70F49BB4EFF7FBFC1CB96BBC4FE7FBF89
:10B58000890FC9BB13FE7FBF3053FBBB39FD7FBFA3
:10B5900059CB16BC39FC7FBF02ED2FBC11FB7FBF1E
:10B5A000900E49BCC1F97FBF003062BC4AF87FBF32
:10B5B0004B517BBCACF67FBF38398ABCE6F47FBF09
:10B5C000B6C996BCF8F27FBF1C5AA3BCE3F07FBF9C
:10B5D00069EAAFBCA7EE7FBF9B7ABCBC43EC7FBFE0
:10B5E000B00AC9BCB8E97FBFA69AD5BC05E77FBF42
:10B5F0007B2AE2BC2BE47FBF2DBAEEBC29E17FBFE2
:10B60000B949FBBC00DE7FBF90EC03BDAFDA7FBF62
:10B610002F340ABD37D77FBFB87B10BD98D37FBF0B
:10B620002CC316BDD1CF7FBF880A1DBDE2CB7FBF23
:10B63000CC5123BDCCC77FBFF69829BD8FC37FBF38
:10B6400007E02FBD2ABF7FBFFC2636BD9EBA7FBF55
:10B65000D56D3CBDEAB57FBF91B442BD0FB17FBF90
:10B660002FFB48BD0DAC7FBFAF414FBDE3A67FBFF1
:10B670000E8855BD91A17FBF4CCE5BBD189C7FBF8E
:10B68000681462BD78967FBF625A68BDB1907FBF73
:10B6900038A06EBDC28A7FBFE9E574BDAB847FBFB1
:10B6A000742B7BBD6D7E7FBF6CB880BD08787FBF7B
:10B6B0000ADB83BD7B717FBF94FD86BDC76A7FBFF8
:10B6C0000A208ABDEC637FBF6A428DBDE95C7FBF03
:10B6D000B46490BDBF557FBFE78693BD6D4E7FBFFD
:10B6E00005A996BDF4467FBF0ACB99BD543F7FBFE5
:10B6F000F9EC9CBD8D377FBFCF0EA0BD9D2F7FBFC6
:10B700008C30A3BD87277FBF3052A6BD491F7FBFA6
:10B71000BA73A9BDE4167FBF2B95ACBD580E7FBF91
:10B7200080B6AFBDA4057FBFBBD7B2BDC9FC7EBF8D
:10B73000DAF8B5BDC7F37EBFDD19B9BD9DEA7EBF9E
:10B74000C33ABCBD4CE17EBF8D5BBFBDD4D77EBFCD
:10B75000397CC2BD34CE7EBFC69CC5BD6DC47EBF24
:10B7600036BDC8BD7FBA7EBF86DDCBBD69B07EBFAA
:10B77000B7FDCEBD2DA67EBFC81DD2BDC99B7EBF65
:10B78000B93DD5BD3D917EBF895DD8BD8B867EBF5D
:10B79000377DDBBDB17B7EBFC49CDEBDB0707EBF9C
:10B7A0002EBCE1BD88657EBF76DBE4BD385A7EBF26
:10B7B0009AFAE7BDC14E7EBF9A19EBBD23437EBF07
:10B7C0007638EEBD5E377EBF2E57F1BD722B7EBF41
:10B7D000C075F4BD5E1F7EBF2C94F7BD24137EBFE1
:10B7E00073B2FABDC2067EBF92D0FDBD38FA7DBFEE
:10B7F000457700BE88ED7DBF2E0602BEB1E07DBF5D
:10B80000029503BEB2D37DBFC22305BE8CC67DBFE9
:10B810006EB206BE40B97DBF054108BECCAB7DBF50
:10B8200086CF09BE309E7DBFF35D0BBE6E907DBF9F
:10B830004AEC0CBE85827DBF8B7A0EBE74747DBFD0
:10B84000B70810BE3D667DBFCC9611BEDE577DBFEA
:10B85000CA2413BE59497DBFB2B214BEAC3A7DBFF3
:10B86000834016BED82B7DBF3DCE17BEDD1C7DBFED
:10B87000E05B19BEBC0D7DBF6BE91ABE73FE7CBFD9
:10B88000DE761CBE03EF7CBF38041EBE6CDF7CBFBF
:10B890007B911FBEAECF7CBFA51E21BEC9BF7CBFA2
:10B8A000B6AB22BEBDAF7CBFAD3824BE8A9F7CBF85
:10B8B0008CC525BE318F7CBF515227BEB07E7CBF68
:10B8C000FCDE28BE086E7CBF8D6B2ABE3A5D7CBF55
:10B8D00004F82BBE444C7CBF61842DBE283B7CBF4A
:10B8E000A2102FBEE5297CBFC99C30BE7A187CBF50
:10B8F000D42832BEE9067CBFC4B433BE31F57BBF69
:10B90000984035BE53E37BBF50CC36BE4DD17BBF94
:10B91000EC5738BE20BF7BBF6CE339BECDAC7BBFDC
:10B92000CF6E3BBE539A7BBF15FA3CBEB2877BBF3E
:10B930003E853EBEEA747BBF491040BEFC617BBFC2
:10B94000379B41BEE74E7BBF072643BEAB3B7BBF69
:10B95000B9B044BE48287BBF4D3B46BEBE147BBF3A
:10B96000C2C547BE0E017BBF185049BE37ED7ABF36
:10B970004FDA4ABE3AD97ABF67644CBE16C57ABF61
:10B9800060EE4DBECBB07ABF38784FBE599C7ABFBF
:10B99000F10151BEC1877ABF898B52BE02737ABF53
:10B9A000011554BE1C5E7ABF589E55BE10497ABF21
:10B9B0008F2757BEDD337ABFA4B058BE841E7ABF2E
:10B9C00097395ABE04097ABF6AC25BBE5EF379BF7B
:10B9D0001A4B5DBE91DD79BFA8D35EBE9DC779BF0E
:10B9E000135C60BE83B179BF5CE461BE439B79BFE9
:10B9F000836C63BEDC8479BF86F464BE4E6E79BF0F
:10BA0000667C66BE9A5779BF220468BEC04079BF83
:10BA1000BA8B69BEBF2979BF2F136BBE981279BF4D
:10BA20007F9A6CBE4AFB78BFAB216EBED6E378BF6F
:10BA3000B2A86FBE3BCC78BF942F71BE7BB478BFE9
:10BA400051B672BE939C78BFE83C74BE868478BFC2
:10BA50005AC375BE526C78BFA64977BEF85378BFFB
:10BA6000CCCF78BE773B78BFCB557ABED12278BF9A
:10BA7000A4DB7BBE040A78BF56617DBE10F177BFA0
:10BA8000E1E67EBEF7D777BF223680BEB7BE77BF6E
:10BA9000C0F880BE51A577BF4ABB81BEC58B77BFBA
:10BAA000C07D82BE137277BF224083BE3A5877BFF3
:10BAB000700284BE3C3E77BFAAC484BE172477BF01
:10BAC000CE8685BECC0977BFDF4886BE5BEF76BFEA
:10BAD000DA0A87BEC4D476BFC1CC87BE07BA76BFA8
:10BAE000938E88BE249F76BF505089BE1B8476BF3C
:10BAF000F8118ABEEC6876BF8AD38ABE974D76BFAE
:10BB000007958BBE1B3276BF6E568CBE7A1676BFFB
:10BB1000C0178DBEB3FA75BFFCD88DBEC6DE75BF2B
:10BB2000229A8EBEB3C275BF325B8FBE7BA675BF35
:10BB30002C1C90BE1C8A75BF10DD90BE976D75BF22
:10BB4000DD9D91BEED5075BF945E92BE1D3475BFF4
:10BB5000351F93BE271775BFBFDF93BE0BFA74BFA7
:10BB600031A094BEC9DC74BF8D6095BE62BF74BF46
:10BB7000D22096BED5A174BF00E196BE228474BFC8
:10BB800017A197BE496674BF166198BE4B4874BF33
:10BB9000FE2099BE272A74BFCEE099BEDD0B74BF8C
:10BBA00086A09ABE6EED73BF27609BBED9CE73BFD1
:10BBB000AF1F9CBE1FB073BF20DF9CBE3F9173BF01
:10BBC000789E9DBE397273BFB85D9EBE0E5373BF23
:10BBD000DF1C9FBEBE3373BFEEDB9FBE471473BF37
:10BBE000E59AA0BEACF472BFC259A1BEEBD472BF3D
:10BBF0008718A2BE04B572BF33D7A2BEF89472BF35
:10BC0000C595A3BEC77472BF3F54A4BE705472BF23
:10BC10009F12A5BEF43372BFE5D0A5BE521372BF0A
:10BC2000128FA6BE8CF271BF254DA7BE9FD171BFEA
:10BC30001F0BA8BE8EB071BFFEC8A8BE578F71BFC4
:10BC4000C486A9BEFB6D71BF6F44AABE7A4C71BF9A
:10BC50000102ABBED42A71BF77BFABBE080971BF6A
:10BC6000D47CACBE17E770BF153AADBE02C570BF3D
:10BC70003CF7ADBEC6A270BF49B4AEBE668070BF11
:10BC80003A71AFBEE15D70BF102EB0BE373B70BFE2
:10BC9000CBEAB0BE671870BF6BA7B1BE73F56FBFBC
:10BCA000EF63B2BE5AD26FBF5820B3BE1BAF6FBF97
:10BCB000A5DCB3BEB88B6FBFD698B4BE30686FBF7B
:10BCC000EC54B5BE83446FBFE610B6BEB0206FBF64
:10BCD000C3CCB6BEBAFC6EBF8488B7BE9ED86EBF5A
:10BCE0002A44B8BE5DB46EBFB2FFB8BEF88F6EBF57
:10BCF0001EBBB9BE6D6B6EBF6E76BABEBE466EBF62
:10BD0000A031BBBEEB216EBFB6ECBBBEF2FC6DBF7B
:10BD1000AFA7BCBED5D76DBF8B62BDBE93B26DBFA2
:10BD20004A1DBEBE2D8D6DBFEBD7BEBEA1676DBFD8
:10BD30006F92BFBEF2416DBFD54CC0BE1D1C6DBF22
:10BD40001E07C1BE24F66CBF48C1C1BE07D06CBF80
:10BD5000557BC2BEC5A96CBF4435C3BE5E836CBFF4
:10BD600015EFC3BED45C6CBFC8A8C4BE24366CBF7C
:10BD70005C62C5BE500F6CBFD21BC6BE58E86BBF1D
:10BD800029D5C6BE3BC16BBF628EC7BEFB996BBFD8
:10BD90007C47C8BE95726BBF7700C9BE0C4B6BBFAA
:10BDA00053B9C9BE5E236BBF1072CABE8CFB6ABF9B
:10BDB000AE2ACBBE95D36ABF2CE3CBBE7BAB6ABFAA
:10BDC0008B9BCCBE3C836ABFCA53CDBED95A6ABFD7
:10BDD000EA0BCEBE52326ABFEAC3CEBEA7096ABF23
:10BDE000CA7BCFBED7E069BF8A33D0BEE4B769BF94
:10BDF0002AEBD0BECC8E69BFAAA2D1BE916569BF25
:10BE0000095AD2BE323C69BF4811D3BEAE1269BFD7
:10BE100067C8D3BE07E968BF647FD4BE3CBF68BFB4
:10BE20004136D5BE4C9568BFFDECD5BE396B68BFB9
:10BE300099A3D6BE034168BF135AD7BEA81668BFE0
:10BE40006B10D8BE2AEC67BFA3C6D8BE87C167BF38
:10BE5000B97CD9BEC19667BFAD32DABED86B67BFB9
:10BE600080E8DABECA4067BF319EDBBE991567BF66
:10BE7000C153DCBE45EA66BF2E09DDBECCBE66BF3F
:10BE800079BEDDBE309366BFA273DEBE716766BF4A
:10BE9000A928DFBE8E3B66BF8DDDDFBE880F66BF83
:10BEA0004F92E0BE5EE365BFEE46E1BE10B765BFF0
:10BEB0006AFBE1BEA08A65BFC4AFE2BE0B5E65BF90
:10BEC000FA63E3BE543165BF0E18E4BE790465BF62
:10BED000FECBE4BE7BD764BFCB7FE5BE59AA64BF6F
:10BEE0007533E6BE147D64BFFBE6E6BEAC4F64BFAF
:10BEF0005D9AE7BE212264BF9C4DE8BE73F463BF28
:10BF0000B700E9BEA1C663BFAEB3E9BEAC9863BFDC
:10BF10008166EABE956A63BF3019EBBE5A3C63BFC7
:10BF2000BBCBEBBEFC0D63BF217EECBE7BDF62BFF3
:10BF30006330EDBED7B062BF80E2EDBE108262BF5B
:10BF40007994EEBE265362BF4C46EFBE1A2462BF00
:10BF5000FBF7EFBEEAF461BF85A9F0BE98C561BFEB
:10BF6000EA5AF1BE229661BF290CF2BE8A6661BF11
:10BF700043BDF2BED03661BF386EF3BEF20661BF7C
:10BF8000071FF4BEF2D660BFB1CFF4BECFA660BF2C
:10BF90003580F5BE897660BF9330F6BE214660BF1E
:10BFA000CBE0F6BE961560BFDC90F7BEE9E45FBF5C
:10BFB000C840F8BE19B45FBF8EF0F8BE27835FBFDC
:10BFC0002DA0F9BE12525FBFA54FFABEDB205FBFA6
:10BFD000F7FEFABE81EF5EBF22AEFBBE05BE5EBFBE
:10BFE000275DFCBE678C5EBF040CFDBEA65A5EBF1B
:10BFF000BBBAFDBEC3285EBF4A69FEBEBEF65DBFCA
:10C00000B217FFBE97C45DBFF3C5FFBE4D925DBFC3
:10C01000063A00BFE15F5DBFFF9000BF532D5DBFDB
:10C02000E4E700BFA3FA5CBFB53E01BFD1C75CBF68
:10C03000739501BFDD945CBF1CEC01BFC7615CBFA1
:10C04000B14202BF8E2E5CBF329902BF34FB5BBF90
:10C050009FEF02BFB8C75BBFF84503BF1A945BBF31
:10C060003D9C03BF5A605BBF6DF203BF792C5BBF81
:10C07000894804BF75F85ABF919E04BF50C45ABF87
:10C0800084F404BF09905ABF624A05BFA05B5ABF3F
:10C090002CA005BF16275ABFE2F505BF6AF259BFAB
:10C0A000824B06BF9CBD59BF0EA106BFAD8859BFCC
:10C0B00086F606BF9C5359BFE84B07BF6A1E59BF9F
:10C0C00036A107BF17E958BF6FF607BFA1B358BF26
:10C0D000924B08BF0B7E58BFA1A008BF534858BF62
:10C0E0009BF508BF791258BF7F4A09BF7FDC57BF55
:10C0F0004E9F09BF63A657BF09F409BF267057BFFB
:10C10000AD480ABFC73957BF3D9D0ABF480357BF57
:10C11000B7F10ABFA7CC56BF1C460BBFE59556BF6B
:10C120006B9A0BBF025F56BFA5EE0BBFFE2756BF33
:10C13000C9420CBFD9F055BFD7960CBF93B955BFB4
:10C14000D0EA0CBF2C8255BFB33E0DBFA44A55BFE9
:10C1500081920DBFFB1255BF38E60DBF31DB54BFD6
:10C16000DA390EBF47A354BF658D0EBF3B6B54BF7A
:10C17000DBE00EBF0F3354BF3B340FBFC3FA53BFD6
:10C1800084870FBF55C253BFB8DA0FBFC78953BFEB
:10C19000D52D10BF185153BFDC8010BF491853BFB5
:10C1A000CDD310BF59DF52BFA72611BF49A652BF3A
:10C1B0006B7911BF186D52BF19CC11BFC63352BF76
:10C1C000B01E12BF54FA51BF307112BFC2C051BF6E
:10C1D0009AC312BF108751BFEE1513BF3D4D51BF1B
:10C1E0002A6813BF4A1351BF50BA13BF37D950BF83
:10C1F0005F0C14BF039F50BF585E14BFAF6450BFA5
:10C2000039B014BF3B2A50BF040215BFA8EF4FBF7F
:10C21000B75315BFF4B44FBF54A515BF1F7A4FBF16
:10C22000D9F615BF2B3F4FBF474816BF17044FBF66
:10C230009F9916BFE4C84EBFDFEA16BF908D4EBF70
:10C24000073C17BF1C524EBF188D17BF89164EBF33
:10C2500012DE17BFD5DA4DBFF52E18BF029F4DBFB6
:10C26000C07F18BF10634DBF73D018BFFD264DBFF0
:10C270000F2119BFCBEA4CBF947119BF79AE4CBFE7
:10C2800000C219BF08724CBF55121ABF78354CBF97
:10C2900093621ABFC7F84BBFB8B21ABFF8BB4BBF07
:10C2A000C6021BBF097F4BBFBB521BBFFA414BBF2E
:10C2B00099A21BBFCC044BBF5FF21BBF7FC74ABF15
:10C2C0000C421CBF138A4ABFA2911CBF874C4ABFB5
:10C2D0001FE11CBFDC0E4ABF84301DBF12D149BF15
:10C2E000D17F1DBF299349BF06CF1DBF215549BF2F
:10C2F000221E1EBFFA1649BF266D1EBFB3D848BF07
:10C3000012BC1EBF4E9A48BFE50A1FBFCA5B48BF9A
:10C310009F591FBF271D48BF41A81FBF65DE47BFEC
:10C32000CBF61FBF849F47BF3B4520BF856047BFFB
:10C33000939320BF672147BFD2E120BF2AE246BFC7
:10C34000F92F21BFCEA246BF067E21BF546346BF50
:10C35000FBCB21BFBB2346BFD71922BF03E445BF98
:10C36000996722BF2DA445BF43B522BF396445BF9D
:10C37000D30223BF262445BF4B5023BFF5E344BF60
:10C38000A99D23BFA5A344BFEEEA23BF376344BFE3
:10C390001A3824BFAB2244BF2C8524BF00E243BF20
:10C3A00025D224BF38A143BF041F25BF516043BF1E
:10C3B000CB6B25BF4C1F43BF77B825BF29DE42BFDB
:10C3C0000A0526BFE89C42BF845126BF895B42BF55
:10C3D000E39D26BF0B1A42BF2AEA26BF70D841BF91
:10C3E000563627BFB79641BF688227BFE15441BF89
:10C3F00061CE27BFEC1241BF401A28BFDAD040BF40
:10C40000056628BFA98E40BFB0B128BF5C4C40BFB5
:10C4100041FD28BFF00940BFB84829BF67C73FBFEB
:10C42000159429BFC0843FBF57DF29BFFC413FBFE0
:10C43000802A2ABF1BFF3EBF8E752ABF1BBC3EBF92
:10C4400082C02ABFFF783EBF5B0B2BBFC5353EBF06
:10C450001B562BBF6EF23DBFBFA02BBFF9AE3DBF39
:10C460004AEB2BBF676B3DBFB9352CBFB8273DBF2B
:10C470000F802CBFECE33CBF49CA2CBF03A03CBFDC
:10C4800069142DBFFC5B3CBF6F5E2DBFD9173CBF4D
:10C4900059A82DBF98D33BBF29F22DBF3B8F3BBF7F
:10C4A000DE3B2EBFC14A3BBF78852EBF29063BBF6E
:10C4B000F7CE2EBF75C13ABF5B182FBFA47C3ABF21
:10C4C000A5612FBFB7373ABFD3AA2FBFACF239BF90
:10C4D000E6F32FBF85AD39BFDE3C30BF426839BFC0
:10C4E000BB8530BFE12239BF7CCE30BF65DD38BFB0
:10C4F000221731BFCB9738BFAD5F31BF165238BF5F
:10C500001DA831BF430C38BF71F031BF55C637BFCE
:10C51000AA3832BF4A8037BFC78032BF233A37BFFD
:10C52000C9C832BFDFF336BFAF1033BF7FAD36BFF0
:10C530007A5833BF046736BF29A033BF6C2036BF9B
:10C54000BCE733BFB8D935BF342F34BFE79235BF0E
:10C550008F7634BFFB4B35BFCFBD34BFF30435BF3F
:10C56000F30435BFCFBD34BFFB4B35BF8F7634BF2F
:10C57000E79235BF342F34BFB8D935BFBCE733BFDE
:10C580006C2036BF29A033BF046736BF7A5833BF4B
:10C590007FAD36BFAF1033BFDFF336BFC9C832BF80
:10C5A000233A37BFC78032BF4A8037BFAA3832BF6D
:10C5B00055C637BF71F031BF430C38BF1DA831BF1E
:10C5C000165238BFAD5F31BFCB9738BF221731BF8E
:10C5D00065DD38BF7CCE30BFE12239BFBB8530BFBF
:10C5E000426839BFDE3C30BF85AD39BFE6F32FBFAF
:10C5F000ACF239BFD3AA2FBFB7373ABFA5612FBF5F
:10C60000A47C3ABF5B182FBF75C13ABFF7CE2EBFCF
:10C6100029063BBF78852EBFC14A3BBFDE3B2EBFFC
:10C620003B8F3BBF29F22DBF98D33BBF59A82DBFED
:10C63000D9173CBF6F5E2DBFFC5B3CBF69142DBF9B
:10C6400003A03CBF49CA2CBFECE33CBF0F802CBF0A
:10C65000B8273DBFB9352CBF676B3DBF4AEB2BBF39
:10C66000F9AE3DBFBFA02BBF6EF23DBF1B562BBF27
:10C67000C5353EBF5B0B2BBFFF783EBF82C02ABFD4
:10C680001BBC3EBF8E752ABF1BFF3EBF802A2ABF40
:10C69000FC413FBF57DF29BFC0843FBF159429BF6E
:10C6A00067C73FBFB84829BFF00940BF41FD28BF59
:10C6B0005C4C40BFB0B128BFA98E40BF056628BF03
:10C6C000DAD040BF401A28BFEC1241BF61CE27BF6D
:10C6D000E15441BF688227BFB79641BF563627BF96
:10C6E00070D841BF2AEA26BF0B1A42BFE39D26BF7E
:10C6F000895B42BF845126BFE89C42BF0A0526BF22
:10C7000029DE42BF77B825BF4C1F43BFCB6B25BF87
:10C71000516043BF041F25BF38A143BF25D224BFAA
:10C7200000E243BF2C8524BFAB2244BF1A3824BF8C
:10C73000376344BFEEEA23BFA5A344BFA99D23BF2F
:10C74000F5E344BF4B5023BF262445BFD30223BF8C
:10C75000396445BF43B522BF2DA445BF996722BFA9
:10C7600003E445BFD71922BFBB2346BFFBCB21BF84
:10C77000546346BF067E21BFCEA246BFF92F21BF1C
:10C780002AE246BFD2E120BF672147BF939320BF73
:10C79000856047BF3B4520BF849F47BFCBF61FBF87
:10C7A00065DE47BF41A81FBF271D48BF9F591FBF58
:10C7B000CA5B48BFE50A1FBF4E9A48BF12BC1EBFE6
:10C7C000B3D848BF266D1EBFFA1649BF221E1EBF32
:10C7D000215549BF06CF1DBF299349BFD17F1DBF3A
:10C7E00012D149BF84301DBFDC0E4ABF1FE11CBF00
:10C7F000874C4ABFA2911CBF138A4ABF0C421CBF80
:10C800007FC74ABF5FF21BBFCC044BBF99A21BBFBF
:10C81000FA414BBFBB521BBF097F4BBFC6021BBFB8
:10C82000F8BB4BBFB8B21ABFC7F84BBF93621ABF71
:10C8300078354CBF55121ABF08724CBF00C219BFE1
:10C8400079AE4CBF947119BFCBEA4CBF0F2119BF11
:10C85000FD264DBF73D018BF10634DBFC07F18BFFA
:10C86000029F4DBFF52E18BFD5DA4DBF12DE17BFA0
:10C8700089164EBF188D17BF1C524EBF073C17BFFD
:10C88000908D4EBFDFEA16BFE4C84EBF9F9916BF1A
:10C8900017044FBF474816BF2B3F4FBFD9F615BFF0
:10C8A0001F7A4FBF54A515BFF4B44FBFB75315BF80
:10C8B000A8EF4FBF040215BF3B2A50BF39B014BFC9
:10C8C000AF6450BF585E14BF039F50BF5F0C14BFCE
:10C8D00037D950BF50BA13BF4A1351BF2A6813BF8C
:10C8E0003D4D51BFEE1513BF108751BF9AC312BF04
:10C8F000C2C051BF307112BF54FA51BFB01E12BF37
:10C90000C63352BF19CC11BF186D52BF6B7911BF1E
:10C9100049A652BFA72611BF59DF52BFCDD310BFC2
:10C92000491853BFDC8010BF185153BFD52D10BF1D
:10C93000C78953BFB8DA0FBF55C253BF84870FBF33
:10C94000C3FA53BF3B340FBF0F3354BFDBE00EBFFE
:10C950003B6B54BF658D0EBF47A354BFDA390EBF82
:10C9600031DB54BF38E60DBFFB1255BF81920DBFBE
:10C97000A44A55BFB33E0DBF2C8255BFD0EA0CBFB1
:10C9800093B955BFD7960CBFD9F055BFC9420CBF5C
:10C99000FE2756BFA5EE0BBF025F56BF6B9A0BBFBB
:10C9A000E59556BF1C460BBFA7CC56BFB7F10ABFD3
:10C9B000480357BF3D9D0ABFC73957BFAD480ABF9F
:10C9C000267057BF09F409BF63A657BF4E9F09BF22
:10C9D0007FDC57BF7F4A09BF791258BF9BF508BF5C
:10C9E000534858BFA1A008BF0B7E58BF924B08BF49
:10C9F000A1B358BF6FF607BF17E958BF36A107BFED
:10CA00006A1E59BFE84B07BF9C5359BF86F606BF45
:10CA1000AD8859BF0EA106BF9CBD59BF824B06BF52
:10CA20006AF259BFE2F505BF16275ABF2CA005BF11
:10CA3000A05B5ABF624A05BF09905ABF84F404BF85
:10CA400050C45ABF919E04BF75F85ABF894804BFAD
:10CA5000792C5BBF6DF203BF5A605BBF3D9C03BF87
:10CA60001A945BBFF84503BFB8C75BBF9FEF02BF17
:10CA700034FB5BBF329902BF8E2E5CBFB14202BF56
:10CA8000C7615CBF1CEC01BFDD945CBF739501BF47
:10CA9000D1C75CBFB53E01BFA3FA5CBFE4E700BFEE
:10CAA000532D5DBFFF9000BFE15F5DBF063A00BF41
:10CAB0004D925DBFF3C5FFBE97C45DBFB217FFBE09
:10CAC000BEF65DBF4A69FEBEC3285EBFBBBAFDBEEF
:10CAD000A65A5EBF040CFDBE678C5EBF275DFCBE20
:10CAE00005BE5EBF22AEFBBE81EF5EBFF7FEFABEA3
:10CAF000DB205FBFA54FFABE12525FBF2DA0F9BE6B
:10CB000027835FBF8EF0F8BE19B45FBFC840F8BE80
:10CB1000E9E45FBFDC90F7BE961560BFCBE0F6BEE0
:10CB2000214660BF9330F6BE897660BF3580F5BE82
:10CB3000CFA660BFB1CFF4BEF2D660BF071FF4BE70
:10CB4000F20661BF386EF3BED03661BF43BDF2BEA0
:10CB50008A6661BF290CF2BE229661BFEA5AF1BE15
:10CB600098C561BF85A9F0BEEAF461BFFBF7EFBECF
:10CB70001A2462BF4C46EFBE265362BF7994EEBEC4
:10CB8000108262BF80E2EDBED7B062BF6330EDBEFF
:10CB90007BDF62BF217EECBEFC0D63BFBBCBEBBE77
:10CBA0005A3C63BF3019EBBE956A63BF8166EABE2B
:10CBB000AC9863BFAEB3E9BEA1C663BFB700E9BE20
:10CBC00073F463BF9C4DE8BE212264BF5D9AE7BE4B
:10CBD000AC4F64BFFBE6E6BE147D64BF7533E6BEB2
:10CBE00059AA64BFCB7FE5BE7BD764BFFECBE4BE52
:10CBF000790465BF0E18E4BE543165BFFA63E3BE25
:10CC00000B5E65BFC4AFE2BEA08A65BF6AFBE1BE32
:10CC100010B765BFEE46E1BE5EE365BF4F92E0BE72
:10CC2000880F66BF8DDDDFBE8E3B66BFA928DFBEE5
:10CC3000716766BFA273DEBE309366BF79BEDDBE8C
:10CC4000CCBE66BF2E09DDBE45EA66BFC153DCBE61
:10CC5000991567BF319EDBBECA4067BF80E8DABE68
:10CC6000D86B67BFAD32DABEC19667BFB97CD9BE9B
:10CC700087C167BFA3C6D8BE2AEC67BF6B10D8BEFA
:10CC8000A81668BF135AD7BE034168BF99A3D6BE82
:10CC9000396B68BFFDECD5BE4C9568BF4136D5BE3B
:10CCA0003CBF68BF647FD4BE07E968BF67C8D3BE16
:10CCB000AE1269BF4811D3BE323C69BF095AD2BE19
:10CCC000916569BFAAA2D1BECC8E69BF2AEBD0BE46
:10CCD000E4B769BF8A33D0BED7E069BFCA7BCFBE95
:10CCE000A7096ABFEAC3CEBE52326ABFEA0BCEBE04
:10CCF000D95A6ABFCA53CDBE3C836ABF8B9BCCBE98
:10CD00007BAB6ABF2CE3CBBE95D36ABFAE2ACBBE4A
:10CD10008CFB6ABF1072CABE5E236BBF53B9C9BE1B
:10CD20000C4B6BBF7700C9BE95726BBF7C47C8BE0A
:10CD3000FB996BBF628EC7BE3BC16BBF29D5C6BE18
:10CD400058E86BBFD21BC6BE500F6CBF5C62C5BE3D
:10CD500024366CBFC8A8C4BED45C6CBF15EFC3BE7C
:10CD60005E836CBF4435C3BEC5A96CBF557BC2BED4
:10CD700007D06CBF48C1C1BE24F66CBF1E07C1BE40
:10CD80001D1C6DBFD54CC0BEF2416DBF6F92BFBEC2
:10CD9000A1676DBFEBD7BEBE2D8D6DBF4A1DBEBE58
:10CDA00093B26DBF8B62BDBED5D76DBFAFA7BCBE02
:10CDB000F2FC6DBFB6ECBBBEEB216EBFA031BBBEBB
:10CDC000BE466EBF6E76BABE6D6B6EBF1EBBB9BE81
:10CDD000F88F6EBFB2FFB8BE5DB46EBF2A44B8BE56
:10CDE0009ED86EBF8488B7BEBAFC6EBFC3CCB6BE39
:10CDF000B0206FBFE610B6BE83446FBFEC54B5BE23
:10CE000030686FBFD698B4BEB88B6FBFA5DCB3BE19
:10CE10001BAF6FBF5820B3BE5AD26FBFEF63B2BE15
:10CE200073F56FBF6BA7B1BE671870BFCBEAB0BE1A
:10CE3000373B70BF102EB0BEE15D70BF3A71AFBE20
:10CE4000668070BF49B4AEBEC6A270BF3CF7ADBE2F
:10CE500002C570BF153AADBE17E770BFD47CACBE3B
:10CE6000080971BF77BFABBED42A71BF0102ABBE48
:10CE70007A4C71BF6F44AABEFB6D71BFC486A9BE58
:10CE8000578F71BFFEC8A8BE8EB071BF1F0BA8BE62
:10CE90009FD171BF254DA7BE8CF271BF128FA6BE68
:10CEA000521372BFE5D0A5BEF43372BF9F12A5BE68
:10CEB000705472BF3F54A4BEC77472BFC595A3BE61
:10CEC000F89472BF33D7A2BE04B572BF8718A2BE52
:10CED000EBD472BFC259A1BEACF472BFE59AA0BE3A
:10CEE000471473BFEEDB9FBEBE3373BFDF1C9FBE14
:10CEF0000E5373BFB85D9EBE397273BF789E9DBEE0
:10CF00003F9173BF20DF9CBE1FB073BFAF1F9CBE9D
:10CF1000D9CE73BF27609BBE6EED73BF86A09ABE4D
:10CF2000DD0B74BFCEE099BE272A74BFFE2099BEE8
:10CF30004B4874BF166198BE496674BF17A197BE6F
:10CF4000228474BF00E196BED5A174BFD22096BEE4
:10CF500062BF74BF8D6095BEC9DC74BF31A094BE42
:10CF60000BFA74BFBFDF93BE271775BF351F93BE83
:10CF70001D3475BF945E92BEED5075BFDD9D91BEB0
:10CF8000976D75BF10DD90BE1C8A75BF2C1C90BEBE
:10CF90007BA675BF325B8FBEB3C275BF229A8EBEB1
:10CFA000C6DE75BFFCD88DBEB3FA75BFC0178DBE87
:10CFB0007A1676BF6E568CBE1B3276BF07958BBE37
:10CFC000974D76BF8AD38ABEEC6876BFF8118ABEC9
:10CFD0001B8476BF505089BE249F76BF938E88BE37
:10CFE00007BA76BFC1CC87BEC4D476BFDA0A87BE83
:10CFF0005BEF76BFDF4886BECC0977BFCE8685BEA5
:10D00000172477BFAAC484BE3C3E77BF700284BE9B
:10D010003A5877BF224083BE137277BFC07D82BE6D
:10D02000C58B77BF4ABB81BE51A577BFC0F880BE14
:10D03000B7BE77BF223680BEF7D777BFE1E67EBEA8
:10D0400010F177BF56617DBE040A78BFA4DB7BBEBA
:10D05000D12278BFCB557ABE773B78BFCCCF78BE94
:10D06000F85378BFA64977BE526C78BF5AC375BED5
:10D07000868478BFE83C74BE939C78BF51B672BE7C
:10D080007BB478BF942F71BE3BCC78BFB2A86FBE83
:10D09000D6E378BFAB216EBE4AFB78BF7F9A6CBEE9
:10D0A000981279BF2F136BBEBF2979BFBA8B69BEA7
:10D0B000C04079BF220468BE9A5779BF667C66BEBD
:10D0C0004E6E79BF86F464BEDC8479BF836C63BE28
:10D0D000439B79BF5CE461BE83B179BF135C60BEE2
:10D0E0009DC779BFA8D35EBE91DD79BF1A4B5DBEE7
:10D0F0005EF379BF6AC25BBE04097ABF97395ABE34
:10D10000841E7ABFA4B058BEDD337ABF8F2757BEC6
:10D1100010497ABF589E55BE1C5E7ABF011554BE99
:10D1200002737ABF898B52BEC1877ABFF10151BEAB
:10D13000599C7ABF38784FBECBB07ABF60EE4DBEF7
:10D1400016C57ABF67644CBE3AD97ABF4FDA4ABE79
:10D1500037ED7ABF185049BE0E017BBFC2C547BE2E
:10D16000BE147BBF4D3B46BE48287BBFB9B044BE12
:10D17000AB3B7BBF072643BEE74E7BBF379B41BE21
:10D18000FC617BBF491040BEEA747BBF3E853EBE5A
:10D19000B2877BBF15FA3CBE539A7BBFCF6E3BBEB6
:10D1A000CDAC7BBF6CE339BE20BF7BBFEC5738BE34
:10D1B0004DD17BBF50CC36BE53E37BBF984035BECC
:10D1C00031F57BBFC4B433BEE9067CBFD42832BE80
:10D1D0007A187CBFC99C30BEE5297CBFA2102FBE47
:10D1E000283B7CBF61842DBE444C7CBF04F82BBE21
:10D1F0003A5D7CBF8D6B2ABE086E7CBFFCDE28BE0C
:10D20000B07E7CBF515227BE318F7CBF8CC525BEFE
:10D210008A9F7CBFAD3824BEBDAF7CBFB6AB22BEFB
:10D22000C9BF7CBFA51E21BEAECF7CBF7B911FBEF8
:10D230006CDF7CBF38041EBE03EF7CBFDE761CBEF5
:10D2400073FE7CBF6BE91ABEBC0D7DBFE05B19BEEF
:10D25000DD1C7DBF3DCE17BED82B7DBF834016BEE3
:10D26000AC3A7DBFB2B214BE59497DBFCA2413BEC9
:10D27000DE577DBFCC9611BE3D667DBFB70810BEA0
:10D2800074747DBF8B7A0EBE85827DBF4AEC0CBE66
:10D290006E907DBFF35D0BBE309E7DBF86CF09BE15
:10D2A000CCAB7DBF054108BE40B97DBF6EB206BEA6
:10D2B0008CC67DBFC22305BEB2D37DBF029503BE1F
:10D2C000B1E07DBF2E0602BE88ED7DBF457700BE72
:10D2D00038FA7DBF92D0FDBDC2067EBF73B2FABDE3
:10D2E00024137EBF2C94F7BD5E1F7EBFC075F4BDB6
:10D2F000722B7EBF2E57F1BD5E377EBF7638EEBDF6
:10D3000023437EBF9A19EBBDC14E7EBF9AFAE7BD9B
:10D31000385A7EBF76DBE4BD88657EBF2EBCE1BD9A
:10D32000B0707EBFC49CDEBDB17B7EBF377DDBBDF0
:10D330008B867EBF895DD8BD3D917EBFB93DD5BD91
:10D34000C99B7EBFC81DD2BD2DA67EBFB7FDCEBD79
:10D3500069B07EBF86DDCBBD7FBA7EBF36BDC8BD9E
:10D360006DC47EBFC69CC5BD34CE7EBF397CC2BDF8
:10D37000D4D77EBF8D5BBFBD4CE17EBFC33ABCBD81
:10D380009DEA7EBFDD19B9BDC7F37EBFDAF8B5BD32
:10D39000C9FC7EBFBBD7B2BDA4057FBF80B6AFBD01
:10D3A000580E7FBF2B95ACBDE4167FBFBA73A9BDE5
:10D3B000491F7FBF3052A6BD87277FBF8C30A3BDDA
:10D3C0009D2F7FBFCF0EA0BD8D377FBFF9EC9CBDD9
:10D3D000543F7FBF0ACB99BDF4467FBF05A996BDD8
:10D3E0006D4E7FBFE78693BDBF557FBFB46490BDD0
:10D3F000E95C7FBF6A428DBDEC637FBF0A208ABDB6
:10D40000C76A7FBF94FD86BD7B717FBF0ADB83BD8A
:10D4100008787FBF6CB880BD6D7E7FBF742B7BBDED
:10D42000AB847FBFE9E574BDC28A7FBF38A06EBD03
:10D43000B1907FBF625A68BD78967FBF681462BDA5
:10D44000189C7FBF4CCE5BBD91A17FBF0E8855BDA0
:10D45000E3A67FBFAF414FBD0DAC7FBF2FFB48BDE3
:10D460000FB17FBF91B442BDEAB57FBFD56D3CBD62
:10D470009EBA7FBFFC2636BD2ABF7FBF07E02FBD07
:10D480008FC37FBFF69829BDCCC77FBFCC5123BDCA
:10D49000E2CB7FBF880A1DBDD1CF7FBF2CC316BD95
:10D4A00098D37FBFB87B10BD37D77FBF2F340ABD5D
:10D4B000AFDA7FBF90EC03BD00DE7FBFB949FBBC94
:10D4C00029E17FBF2DBAEEBC2BE47FBF7B2AE2BCF3
:10D4D00005E77FBFA69AD5BCB8E97FBFB00AC9BC33
:10D4E00043EC7FBF9B7ABCBCA7EE7FBF69EAAFBCB1
:10D4F000E3F07FBF1C5AA3BCF8F27FBFB6C996BC4D
:10D50000E6F47FBF38398ABCACF67FBF4B517BBC99
:10D510004AF87FBF003062BCC1F97FBF900E49BCA2
:10D5200011FB7FBF02ED2FBC39FC7FBF59CB16BC6E
:10D5300039FD7FBF3053FBBB13FE7FBF890FC9BBD3
:10D54000C4FE7FBFC1CB96BB4EFF7FBFC70F49BB99
:10D55000B1FF7FBFD40FC9BAECFF7FBF00000080CE
:10D56000000080BFD40FC93AECFF7FBFC70F493B13
:10D57000B1FF7FBFC1CB963B4EFF7FBF890FC93B39
:10D58000C4FE7FBF3053FB3B13FE7FBF59CB163C1D
:10D5900039FD7FBF02ED2F3C39FC7FBF900E493C27
:10D5A00011FB7FBF0030623CC1F97FBF4B517B3C18
:10D5B0004AF87FBF38398A3CACF67FBFB6C9963C83
:10D5C000E6F47FBF1C5AA33CF8F27FBF69EAAF3C88
:10D5D000E3F07FBF9B7ABC3CA7EE7FBFB00AC93C9B
:10D5E00043EC7FBFA69AD53CB8E97FBF7B2AE23CDB
:10D5F00005E77FBF2DBAEE3C2BE47FBFB949FB3C6A
:10D6000029E17FBF90EC033D00DE7FBF2F340A3D50
:10D61000AFDA7FBFB87B103D37D77FBF2CC3163D35
:10D6200098D37FBF880A1D3DD1CF7FBFCC51233D0A
:10D63000E2CB7FBFF698293DCCC77FBF07E02F3DE7
:10D640008FC37FBFFC26363D2ABF7FBFD56D3C3DD3
:10D650009EBA7FBF91B4423DEAB57FBF2FFB483DE4
:10D660000FB17FBFAF414F3D0DAC7FBF0E88553D21
:10D67000E3A67FBF4CCE5B3D91A17FBF6814623DA6
:10D68000189C7FBF625A683D78967FBF38A06E3D78
:10D69000B1907FBFE9E5743DC28A7FBF742B7B3DAB
:10D6A000AB847FBF6CB8803D6D7E7FBF0ADB833D5E
:10D6B00008787FBF94FD863D7B717FBF0A208A3D3D
:10D6C000C76A7FBF6A428D3DEC637FBFB464903D03
:10D6D000E95C7FBFE786933DBF557FBF05A9963DB7
:10D6E0006D4E7FBF0ACB993DF4467FBFF9EC9C3D60
:10D6F000543F7FBFCF0EA03D8D377FBF8C30A33D01
:10D700009D2F7FBF3052A63D87277FBFBA73A93DAB
:10D71000491F7FBF2B95AC3DE4167FBF80B6AF3D60
:10D72000580E7FBFBBD7B23DA4057FBFDAF8B53D29
:10D73000C9FC7EBFDD19B93DC7F37EBFC33ABC3D0E
:10D740009DEA7EBF8D5BBF3D4CE17EBF397CC23D13
:10D75000D4D77EBFC69CC53D34CE7EBF36BDC83D46
:10D760006DC47EBF86DDCB3D7FBA7EBFB7FDCE3DAB
:10D7700069B07EBFC81DD23D2DA67EBFB93DD53D47
:10D78000C99B7EBF895DD83D3D917EBF377DDB3D26
:10D790008B867EBFC49CDE3DB17B7EBF2EBCE13D4F
:10D7A000B0707EBF76DBE43D88657EBF9AFAE73DC8
:10D7B000385A7EBF9A19EB3DC14E7EBF7638EE3D9A
:10D7C00023437EBF2E57F13D5E377EBFC075F43DCB
:10D7D000722B7EBF2C94F73D5E1F7EBF73B2FA3D65
:10D7E00024137EBF92D0FD3DC2067EBF4577003E2A
:10D7F00038FA7DBF2E06023E88ED7DBF0295033EBE
:10D80000B1E07DBFC223053EB2D37DBF6EB2063EFE
:10D810008CC67DBF0541083E40B97DBF86CF093E1D
:10D82000CCAB7DBFF35D0B3E309E7DBF4AEC0C3E22
:10D830006E907DBF8B7A0E3E85827DBFB708103E0D
:10D8400074747DBFCC96113E3D667DBFCA24133EE5
:10D85000DE577DBFB2B2143E59497DBF8340163EAC
:10D86000AC3A7DBF3DCE173ED82B7DBFE05B193E65
:10D87000DD1C7DBF6BE91A3EBC0D7DBFDE761C3E14
:10D8800073FE7CBF38041E3E03EF7CBF7B911F3EBE
:10D890006CDF7CBFA51E213EAECF7CBFB6AB223E67
:10D8A000C9BF7CBFAD38243EBDAF7CBF8CC5253E13
:10D8B0008A9F7CBF5152273E318F7CBFFCDE283EC1
:10D8C000B07E7CBF8D6B2A3E086E7CBF04F82B3E79
:10D8D0003A5D7CBF61842D3E444C7CBFA2102F3E3C
:10D8E000283B7CBFC99C303EE5297CBFD428323E12
:10D8F0007A187CBFC4B4333EE9067CBF9840353EFD
:10D9000031F57BBF50CC363E53E37BBFEC57383EFE
:10D910004DD17BBF6CE3393E20BF7BBFCF6E3B3E1A
:10D92000CDAC7BBF15FA3C3E539A7BBF3E853E3E55
:10D93000B2877BBF4910403EEA747BBF379B413EB4
:10D94000FC617BBF0726433EE74E7BBFB9B0443E38
:10D95000AB3B7BBF4D3B463E48287BBFC2C5473EE5
:10D96000BE147BBF1850493E0E017BBF4FDA4A3EC2
:10D9700037ED7ABF67644C3E3AD97ABF60EE4D3ED0
:10D9800016C57ABF38784F3ECBB07ABFF101513E11
:10D99000599C7ABF898B523EC1877ABF0115543E8C
:10D9A00002737ABF589E553E1C5E7ABF8F27573E42
:10D9B00010497ABFA4B0583EDD337ABF97395A3E3A
:10D9C000841E7ABF6AC25B3E04097ABF1A4B5D3E71
:10D9D0005EF379BFA8D35E3E91DD79BF135C603EF4
:10D9E0009DC779BF5CE4613E83B179BF836C633EC0
:10D9F000439B79BF86F4643EDC8479BF667C663ED7
:10DA00004E6E79BF2204683E9A5779BFBA8B693E41
:10DA1000C04079BF2F136B3EBF2979BF7F9A6C3E00
:10DA2000981279BFAB216E3E4AFB78BFB2A86F3E19
:10DA3000D6E378BF942F713E3BCC78BF51B6723E8F
:10DA40007BB478BFE83C743E939C78BF5AC3753E64
:10DA5000868478BFA649773E526C78BFCCCF783E9B
:10DA6000F85378BFCB557A3E773B78BFA4DB7B3E3B
:10DA7000D12278BF56617D3E040A78BFE1E67E3E42
:10DA800010F177BF2236803EF7D777BFC0F8803ECF
:10DA9000B7BE77BF4ABB813E51A577BFC07D823EEE
:10DAA000C58B77BF2240833E137277BF7002843EDE
:10DAB0003A5877BFAAC4843E3C3E77BFCE86853EA7
:10DAC000172477BFDF48863ECC0977BFDA0A873E46
:10DAD0005BEF76BFC1CC873EC4D476BF938E883EC1
:10DAE00007BA76BF5050893E249F76BFF8118A3E10
:10DAF0001B8476BF8AD38A3EEC6876BF07958B3E3F
:10DB0000974D76BF6E568C3E1B3276BFC0178D3E4A
:10DB10007A1676BFFCD88D3EB3FA75BF229A8E3E38
:10DB2000C6DE75BF325B8F3EB3C275BF2C1C903E04
:10DB30007BA675BF10DD903E1C8A75BFDD9D913EB2
:10DB4000976D75BF945E923EED5075BF351F933E45
:10DB50001D3475BFBFDF933E271775BF31A0943EBC
:10DB60000BFA74BF8D60953EC9DC74BFD220963E1F
:10DB700062BF74BF00E1963ED5A174BF17A1973E66
:10DB8000228474BF1661983E496674BFFE20993E98
:10DB90004B4874BFCEE0993E272A74BF86A09A3EB8
:10DBA000DD0B74BF27609B3E6EED73BFAF1F9C3EC5
:10DBB000D9CE73BF20DF9C3E1FB073BF789E9D3EC1
:10DBC0003F9173BFB85D9E3E397273BFDF1C9F3EAD
:10DBD0000E5373BFEEDB9F3EBE3373BFE59AA03E8C
:10DBE000471473BFC259A13EACF472BF8718A23E5E
:10DBF000EBD472BF33D7A23E04B572BFC595A33E26
:10DC0000F89472BF3F54A43EC77472BF9F12A53EE2
:10DC1000705472BFE5D0A53EF43372BF128FA63E9A
:10DC2000521372BF254DA73E8CF271BF1F0BA83E49
:10DC30009FD171BFFEC8A83E8EB071BFC486A93EF9
:10DC4000578F71BF6F44AA3EFB6D71BF0102AB3E9F
:10DC50007A4C71BF77BFAB3ED42A71BFD47CAC3E47
:10DC6000080971BF153AAD3E17E770BF3CF7AD3EEE
:10DC700002C570BF49B4AE3EC6A270BF3A71AF3E96
:10DC8000668070BF102EB03EE15D70BFCBEAB03E43
:10DC9000373B70BF6BA7B13E671870BFEF63B23EF2
:10DCA00073F56FBF5820B33E5AD26FBFA5DCB33EA9
:10DCB0001BAF6FBFD698B43EB88B6FBFEC54B53E68
:10DCC00030686FBFE610B63E83446FBFC3CCB63E2C
:10DCD000B0206FBF8488B73EBAFC6EBF2A44B83EFE
:10DCE0009ED86EBFB2FFB83E5DB46EBF1EBBB93EDC
:10DCF000F88F6EBF6E76BA3E6D6B6EBFA031BB3EC5
:10DD0000BE466EBFB6ECBB3EEB216EBFAFA7BC3EBE
:10DD1000F2FC6DBF8B62BD3ED5D76DBF4A1DBE3EC6
:10DD200093B26DBFEBD7BE3E2D8D6DBF6F92BF3EE0
:10DD3000A1676DBFD54CC03EF2416DBF1E07C13E0D
:10DD40001D1C6DBF48C1C13E24F66CBF557BC23E51
:10DD500007D06CBF4435C33EC5A96CBF15EFC33EA9
:10DD60005E836CBFC8A8C43ED45C6CBF5C62C53E19
:10DD700024366CBFD21BC63E500F6CBF29D5C63EA1
:10DD800058E86BBF628EC73E3BC16BBF7C47C83E45
:10DD9000FB996BBF7700C93E95726BBF53B9C93E03
:10DDA0000C4B6BBF1072CA3E5E236BBFAE2ACB3EDC
:10DDB0008CFB6ABF2CE3CB3E95D36ABF8B9BCC3EDA
:10DDC0007BAB6ABFCA53CD3E3C836ABFEA0BCE3EF3
:10DDD000D95A6ABFEAC3CE3E52326ABFCA7BCF3E2F
:10DDE000A7096ABF8A33D03ED7E069BF2AEBD03E8D
:10DDF000E4B769BFAAA2D13ECC8E69BF095AD23E10
:10DE0000916569BF4811D33E323C69BF67C8D33EB4
:10DE1000AE1269BF647FD43E07E968BF4136D53E84
:10DE20003CBF68BFFDECD53E4C9568BF99A3D63E7C
:10DE3000396B68BF135AD73E034168BF6B10D83E99
:10DE4000A81668BFA3C6D83E2AEC67BFB97CD93EE6
:10DE500087C167BFAD32DA3EC19667BF80E8DA3E60
:10DE6000D86B67BF319EDB3ECA4067BFC153DC3E03
:10DE7000991567BF2E09DD3E45EA66BF79BEDD3ED6
:10DE8000CCBE66BFA273DE3E309366BFA928DF3EDC
:10DE9000716766BF8DDDDF3E8E3B66BF4F92E03E11
:10DEA000880F66BFEE46E13E5EE365BF6AFBE13E7A
:10DEB00010B765BFC4AFE23EA08A65BFFA63E33E18
:10DEC0000B5E65BF0E18E43E543165BFFECBE43EE9
:10DED000790465BFCB7FE53E7BD764BF7533E63EF3
:10DEE00059AA64BFFBE6E63E147D64BF5D9AE73E37
:10DEF000AC4F64BF9C4DE83E212264BFB700E93EB1
:10DF000073F463BFAEB3E93EA1C663BF8166EA3E68
:10DF1000AC9863BF3019EB3E956A63BFBBCBEB3E59
:10DF20005A3C63BF217EEC3EFC0D63BF6330ED3E87
:10DF30007BDF62BF80E2ED3ED7B062BF7994EE3EF8
:10DF4000108262BF4C46EF3E265362BFFBF7EF3EA6
:10DF50001A2462BF85A9F03EEAF461BFEA5AF13E95
:10DF600098C561BF290CF23E229661BF43BDF23EC7
:10DF70008A6661BF386EF33ED03661BF071FF43E3C
:10DF8000F20661BFB1CFF43EF2D660BF3580F53EF8
:10DF9000CFA660BF9330F63E897660BFCBE0F63EF9
:10DFA000214660BFDC90F73E961560BFC840F83E42
:10DFB000E9E45FBF8EF0F83E19B45FBF2DA0F93ED3
:10DFC00027835FBFA54FFA3E12525FBFF7FEFA3EAE
:10DFD000DB205FBF22AEFB3E81EF5EBF275DFC3ED4
:10DFE00005BE5EBF040CFD3E678C5EBFBBBAFD3E46
:10DFF000A65A5EBF4A69FE3EC3285EBFB217FF3E07
:10E00000BEF65DBFF3C5FF3E97C45DBF063A003F55
:10E010004D925DBFFF90003FE15F5DBFE4E7003FD1
:10E02000532D5DBFB53E013FA3FA5CBF7395013F21
:10E03000D1C75CBF1CEC013FDD945CBFB142023F25
:10E04000C7615CBF3299023F8E2E5CBF9FEF023FDB
:10E0500034FB5BBFF845033FB8C75BBF3D9C033F44
:10E060001A945BBF6DF2033F5A605BBF8948043F5F
:10E07000792C5BBF919E043F75F85ABF84F4043F2E
:10E0800050C45ABF624A053F09905ABF2CA0053FB1
:10E09000A05B5ABFE2F5053F16275ABF824B063FE9
:10E0A0006AF259BF0EA1063F9CBD59BF86F6063FD6
:10E0B000AD8859BFE84B073F9C5359BF36A1073F76
:10E0C0006A1E59BF6FF6073F17E958BF924B083FCA
:10E0D000A1B358BFA1A0083F0B7E58BF9BF5083FD6
:10E0E000534858BF7F4A093F791258BF4E9F093F96
:10E0F0007FDC57BF09F4093F63A657BFAD480A3F0D
:10E10000267057BF3D9D0A3FC73957BFB7F10A3F39
:10E11000480357BF1C460B3FA7CC56BF6B9A0B3F1B
:10E12000E59556BFA5EE0B3F025F56BFC9420C3FB7
:10E13000FE2756BFD7960C3FD9F055BFD0EA0C3F0B
:10E1400093B955BFB33E0D3F2C8255BF81920D3F11
:10E15000A44A55BF38E60D3FFB1255BFDA390E3FD2
:10E1600031DB54BF658D0E3F47A354BFDBE00E3F4C
:10E170003B6B54BF3B340F3F0F3354BF84870F3F7B
:10E18000C3FA53BFB8DA0F3F55C253BFD52D103F66
:10E19000C78953BFDC80103F185153BFCDD3103F08
:10E1A000491853BFA726113F59DF52BF6B79113F62
:10E1B00049A652BF19CC113F186D52BFB01E123F75
:10E1C000C63352BF3071123F54FA51BF9AC3123F47
:10E1D000C2C051BFEE15133F108751BF2A68133FCD
:10E1E0003D4D51BF50BA133F4A1351BF5F0C143F0E
:10E1F00037D950BF585E143F039F50BF39B0143F0A
:10E20000AF6450BF0402153F3B2A50BFB753153FC0
:10E21000A8EF4FBF54A5153FF4B44FBFD9F6153F33
:10E220001F7A4FBF4748163F2B3F4FBF9F99163F5E
:10E2300017044FBFDFEA163FE4C84EBF073C173F45
:10E24000908D4EBF188D173F1C524EBF12DE173FE8
:10E2500089164EBFF52E183FD5DA4DBFC07F183F47
:10E26000029F4DBF73D0183F10634DBF0F21193F60
:10E27000FD264DBF9471193FCBEA4CBF00C2193F38
:10E2800079AE4CBF55121A3F08724CBF93621A3FC9
:10E2900078354CBFB8B21A3FC7F84BBFC6021B3F18
:10E2A000F8BB4BBFBB521B3F097F4BBF99A21B3F23
:10E2B000FA414BBF5FF21B3FCC044BBF0C421C3FEB
:10E2C0007FC74ABFA2911C3F138A4ABF1FE11C3F70
:10E2D000874C4ABF84301D3FDC0E4ABFD17F1D3FB3
:10E2E00012D149BF06CF1D3F299349BF221E1E3FB1
:10E2F000215549BF266D1E3FFA1649BF12BC1E3F6D
:10E30000B3D848BFE50A1F3F4E9A48BF9F591F3FE9
:10E31000CA5B48BF41A81F3F271D48BFCBF61F3F20
:10E3200065DE47BF3B45203F849F47BF9393203F17
:10E33000856047BFD2E1203F672147BFF92F213FCA
:10E340002AE246BF067E213FCEA246BFFBCB213F3D
:10E35000546346BFD719223FBB2346BF9967223F6C
:10E3600003E445BF43B5223F2DA445BFD302233F5D
:10E37000396445BF4B50233F262445BFA99D233F09
:10E38000F5E344BFEEEA233FA5A344BF1A38243F78
:10E39000376344BF2C85243FAB2244BF25D2243FA2
:10E3A00000E243BF041F253F38A143BFCB6B253F8D
:10E3B000516043BF77B8253F4C1F43BF0A05263F36
:10E3C00029DE42BF8451263FE89C42BFE39D263FA1
:10E3D000895B42BF2AEA263F0B1A42BF5636273FC7
:10E3E00070D841BF6882273FB79641BF61CE273FB3
:10E3F000E15441BF401A283FEC1241BF0566283F57
:10E40000DAD040BFB0B1283FA98E40BF41FD283FC0
:10E410005C4C40BFB848293FF00940BF1594293FE4
:10E4200067C73FBF57DF293FC0843FBF802A2A3FCD
:10E43000FC413FBF8E752A3F1BFF3EBF82C02A3F73
:10E440001BBC3EBF5B0B2B3FFF783EBF1B562B3FD9
:10E45000C5353EBFBFA02B3F6EF23DBF4AEB2B3F01
:10E46000F9AE3DBFB9352C3F676B3DBF0F802C3FE8
:10E47000B8273DBF49CA2C3FECE33CBF69142D3F90
:10E4800003A03CBF6F5E2D3FFC5B3CBF59A82D3FF6
:10E49000D9173CBF29F22D3F98D33BBFDE3B2E3F1F
:10E4A0003B8F3BBF78852E3FC14A3BBFF7CE2E3F07
:10E4B00029063BBF5B182F3F75C13ABFA5612F3FAF
:10E4C000A47C3ABFD3AA2F3FB7373ABFE6F32F3F1A
:10E4D000ACF239BFDE3C303F85AD39BFBB85303F44
:10E4E000426839BF7CCE303FE12239BF2217313F2D
:10E4F00065DD38BFAD5F313FCB9738BF1DA8313FD9
:10E50000165238BF71F0313F430C38BFAA38323F42
:10E5100055C637BFC780323F4A8037BFC9C8323F70
:10E52000233A37BFAF10333FDFF336BF7A58333F5C
:10E530007FAD36BF29A0333F046736BFBCE7333F0A
:10E540006C2036BF342F343FB8D935BF8F76343F77
:10E55000E79235BFCFBD343FFB4B35BFF304353FAA
:10E56000F30435BFFB4B353FCFBD34BFE792353F9A
:10E570008F7634BFB8D9353F342F34BF6C20363F47
:10E58000BCE733BF0467363F29A033BF7FAD363FBA
:10E590007A5833BFDFF3363FAF1033BF233A373FEC
:10E5A000C9C832BF4A80373FC78032BF55C6373FE0
:10E5B000AA3832BF430C383F71F031BF1652383F92
:10E5C0001DA831BFCB97383FAD5F31BF65DD383F08
:10E5D000221731BFE122393F7CCE30BF4268393F3C
:10E5E000BB8530BF85AD393FDE3C30BFACF2393F33
:10E5F000E6F32FBFB7373A3FD3AA2FBFA47C3A3FE9
:10E60000A5612FBF75C13A3F5B182FBF29063B3F5D
:10E61000F7CE2EBFC14A3B3F78852EBF3B8F3B3F95
:10E62000DE3B2EBF98D33B3F29F22DBFD9173C3F8D
:10E6300059A82DBFFC5B3C3F6F5E2DBF03A03C3F44
:10E6400069142DBFECE33C3F49CA2CBFB8273D3FBE
:10E650000F802CBF676B3D3FB9352CBFF9AE3D3FF6
:10E660004AEB2BBF6EF23D3FBFA02BBFC5353E3FEF
:10E670001B562BBFFF783E3F5B0B2BBF1BBC3E3FA7
:10E6800082C02ABF1BFF3E3F8E752ABFFC413F3F21
:10E69000802A2ABFC0843F3F57DF29BF67C73F3F5B
:10E6A000159429BFF009403FB84829BF5C4C403F52
:10E6B00041FD28BFA98E403FB0B128BFDAD0403F0E
:10E6C000056628BFEC12413F401A28BFE154413F84
:10E6D00061CE27BFB796413F688227BF70D8413FC0
:10E6E000563627BF0B1A423F2AEA26BF895B423FB4
:10E6F000E39D26BFE89C423F845126BF29DE423F6E
:10E700000A0526BF4C1F433F77B825BF5160433FE2
:10E71000CB6B25BF38A1433F041F25BF00E2433F19
:10E7200025D224BFAB22443F2C8524BF3763443F0E
:10E730001A3824BFA5A3443FEEEA23BFF5E3443FC4
:10E74000A99D23BF2624453F4B5023BF3964453F35
:10E75000D30223BF2DA4453F43B522BF03E4453F69
:10E76000996722BFBB23463FD71922BF5463463F58
:10E77000FBCB21BFCEA2463F067E21BF2AE2463F09
:10E78000F92F21BF6721473FD2E120BF8560473F76
:10E79000939320BF849F473F3B4520BF65DE473FA3
:10E7A000CBF61FBF271D483F41A81FBFCA5B483F8C
:10E7B0009F591FBF4E9A483FE50A1FBFB3D8483F35
:10E7C00012BC1EBFFA16493F266D1EBF2155493F98
:10E7D000221E1EBF2993493F06CF1DBF12D1493FBC
:10E7E000D17F1DBFDC0E4A3F84301DBF874C4A3F9E
:10E7F0001FE11CBF138A4A3FA2911CBF7FC74A3F3B
:10E800000C421CBFCC044B3F5FF21BBFFA414B3F95
:10E8100099A21BBF097F4B3FBB521BBFF8BB4B3FAD
:10E82000C6021BBFC7F84B3FB8B21ABF78354C3F82
:10E8300093621ABF08724C3F55121ABF79AE4C3F13
:10E8400000C219BFCBEA4C3F947119BFFD264D3F62
:10E850000F2119BF10634D3F73D018BF029F4D3F6A
:10E86000C07F18BFD5DA4D3FF52E18BF89164E3F31
:10E8700012DE17BF1C524E3F188D17BF908D4E3FB2
:10E88000073C17BFE4C84E3FDFEA16BF17044F3FEF
:10E890009F9916BF2B3F4F3F474816BF1F7A4F3FE8
:10E8A000D9F615BFF4B44F3F54A515BFA8EF4F3F9D
:10E8B000B75315BF3B2A503F040215BFAF64503F0A
:10E8C00039B014BF039F503F585E14BF37D9503F33
:10E8D0005F0C14BF4A13513F50BA13BF3D4D513F17
:10E8E0002A6813BF1087513FEE1513BFC2C0513FB6
:10E8F0009AC312BF54FA513F307112BFC633523F10
:10E90000B01E12BF186D523F19CC11BF49A6523F1D
:10E910006B7911BF59DF523FA72611BF4918533FEA
:10E92000CDD310BF1851533FDC8010BFC789533F70
:10E93000D52D10BF55C2533FB8DA0FBFC3FA533FAE
:10E9400084870FBF0F33543F3B340FBF3B6B543FA3
:10E95000DBE00EBF47A3543F658D0EBF31DB543F54
:10E96000DA390EBFFB12553F38E60DBFA44A553FBA
:10E9700081920DBF2C82553FB33E0DBF93B9553FD9
:10E98000D0EA0CBFD9F0553FD7960CBFFE27563FB3
:10E99000C9420CBF025F563FA5EE0BBFE595563F3F
:10E9A0006B9A0BBFA7CC563F1C460BBF4803573F83
:10E9B000B7F10ABFC739573F3D9D0ABF2670573F81
:10E9C000AD480ABF63A6573F09F409BF7FDC573F34
:10E9D0004E9F09BF7912583F7F4A09BF5348583F9D
:10E9E0009BF508BF0B7E583FA1A008BFA1B3583FBD
:10E9F000924B08BF17E9583F6FF607BF6A1E593F91
:10EA000036A107BF9C53593FE84B07BFAD88593F1C
:10EA100086F606BF9CBD593F0EA106BF6AF2593F5C
:10EA2000824B06BF16275A3FE2F505BFA05B5A3F4F
:10EA30002CA005BF09905A3F624A05BF50C45A3FF7
:10EA400084F404BF75F85A3F919E04BF792C5B3F54
:10EA5000894804BF5A605B3F6DF203BF1A945B3F65
:10EA60003D9C03BFB8C75B3FF84503BF34FB5B3F2A
:10EA70009FEF02BF8E2E5C3F329902BFC7615C3FA1
:10EA8000B14202BFDD945C3F1CEC01BFD1C75C3FCB
:10EA9000739501BFA3FA5C3FB53E01BF532D5D3FA7
:10EAA000E4E700BFE15F5D3FFF9000BF4D925D3F37
:10EAB000063A00BF97C45D3FF3C5FFBEBEF65D3F9B
:10EAC000B217FFBEC3285E3F4A69FEBEA65A5E3F2C
:10EAD000BBBAFDBE678C5E3F040CFDBE05BE5E3F4B
:10EAE000275DFCBE81EF5E3F22AEFBBEDB205F3FB9
:10EAF000F7FEFABE12525F3FA54FFABE27835F3F73
:10EB00002DA0F9BE19B45F3F8EF0F8BEE9E45F3F77
:10EB1000C840F8BE9615603FDC90F7BE2146603FC6
:10EB2000CBE0F6BE8976603F9330F6BECFA6603F5D
:10EB30003580F5BEF2D6603FB1CFF4BEF206613F3C
:10EB4000071FF4BED036613F386EF3BE8A66613F60
:10EB500043BDF2BE2296613F290CF2BE98C5613FCB
:10EB6000EA5AF1BEEAF4613F85A9F0BE1A24623F79
:10EB7000FBF7EFBE2653623F4C46EFBE1082623F6A
:10EB80007994EEBED7B0623F80E2EDBE7BDF623F9C
:10EB90006330EDBEFC0D633F217EECBE5A3C633F0B
:10EBA000BBCBEBBE956A633F3019EBBEAC98633FBD
:10EBB0008166EABEA1C6633FAEB3E9BE73F4633FAC
:10EBC000B700E9BE2122643F9C4DE8BEAC4F643FD4
:10EBD0005D9AE7BE147D643FFBE6E6BE59AA643F3A
:10EBE0007533E6BE7BD7643FCB7FE5BE7904653FD6
:10EBF000FECBE4BE5431653F0E18E4BE0B5E653FAC
:10EC0000FA63E3BEA08A653FC4AFE2BE10B7653FBA
:10EC10006AFBE1BE5EE3653FEE46E1BE880F663FFC
:10EC20004F92E0BE8E3B663F8DDDDFBE7167663F73
:10EC3000A928DFBE3093663FA273DEBECCBE663F1E
:10EC400079BEDDBE45EA663F2E09DDBE9915673FF8
:10EC5000C153DCBECA40673F319EDBBED86B673F05
:10EC600080E8DABEC196673FAD32DABE87C1673F42
:10EC7000B97CD9BE2AEC673FA3C6D8BEA816683FA8
:10EC80006B10D8BE0341683F135AD7BE396B683F3B
:10EC900099A3D6BE4C95683FFDECD5BE3CBF683FFE
:10ECA0004136D5BE07E9683F647FD4BEAE12693FE6
:10ECB00067C8D3BE323C693F4811D3BE9165693FF6
:10ECC000095AD2BECC8E693FAAA2D1BEE4B7693F31
:10ECD0002AEBD0BED7E0693F8A33D0BEA7096A3F8E
:10ECE000CA7BCFBE52326A3FEAC3CEBED95A6A3F10
:10ECF000EA0BCEBE3C836A3FCA53CDBE7BAB6A3FB4
:10ED00008B9BCCBE95D36A3F2CE3CBBE8CFB6A3F7A
:10ED1000AE2ACBBE5E236B3F1072CABE0C4B6B3F5C
:10ED200053B9C9BE95726B3F7700C9BEFB996B3F63
:10ED30007C47C8BE3BC16B3F628EC7BE58E86B3F85
:10ED400029D5C6BE500F6C3FD21BC6BE24366C3FC1
:10ED50005C62C5BED45C6C3FC8A8C4BE5E836C3F19
:10ED600015EFC3BEC5A96C3F4435C3BE07D06C3F89
:10ED7000557BC2BE24F66C3F48C1C1BE1D1C6D3F11
:10ED80001E07C1BEF2416D3FD54CC0BEA1676D3FAD
:10ED90006F92BFBE2D8D6D3FEBD7BEBE93B26D3F60
:10EDA0004A1DBEBED5D76D3F8B62BDBEF2FC6D3F26
:10EDB000AFA7BCBEEB216E3FB6ECBBBEBE466E3FFE
:10EDC000A031BBBE6D6B6E3F6E76BABEF88F6E3FE4
:10EDD0001EBBB9BE5DB46E3FB2FFB8BE9ED86E3FDB
:10EDE0002A44B8BEBAFC6E3F8488B7BEB0206F3FDD
:10EDF000C3CCB6BE83446F3FE610B6BE30686F3FEB
:10EE0000EC54B5BEB88B6F3FD698B4BE1BAF6F3F06
:10EE1000A5DCB3BE5AD26F3F5820B3BE73F56F3F27
:10EE2000EF63B2BE6718703F6BA7B1BE373B703F50
:10EE3000CBEAB0BEE15D703F102EB0BE6680703F81
:10EE40003A71AFBEC6A2703F49B4AEBE02C5703FB4
:10EE50003CF7ADBE17E7703F153AADBE0809713FEC
:10EE6000D47CACBED42A713F77BFABBE7A4C713F25
:10EE70000102ABBEFB6D713F6F44AABE578F713F5D
:10EE8000C486A9BE8EB0713FFEC8A8BE9FD1713F97
:10EE90001F0BA8BE8CF2713F254DA7BE5213723FC7
:10EEA000128FA6BEF433723FE5D0A5BE7054723FF8
:10EEB0009F12A5BEC774723F3F54A4BEF894723F20
:10EEC000C595A3BE04B5723F33D7A2BEEBD4723F43
:10EED0008718A2BEACF4723FC259A1BE4714733F5B
:10EEE000E59AA0BEBE33733FEEDB9FBE0E53733F69
:10EEF000DF1C9FBE3972733FB85D9EBE3F91733F6A
:10EF0000789E9DBE1FB0733F20DF9CBED9CE733F5D
:10EF1000AF1F9CBE6EED733F27609BBEDD0B743F41
:10EF200086A09ABE272A743FCEE099BE4B48743F14
:10EF3000FE2099BE4966743F166198BE2284743FD4
:10EF400017A197BED5A1743F00E196BE62BF743F82
:10EF5000D22096BEC9DC743F8D6095BE0BFA743F1B
:10EF600031A094BE2717753FBFDF93BE1D34753F98
:10EF7000351F93BEED50753F945E92BE976D753F01
:10EF8000DD9D91BE1C8A753F10DD90BE7BA6753F4E
:10EF90002C1C90BEB3C2753F325B8FBEC6DE753F80
:10EFA000229A8EBEB3FA753FFCD88DBE7A16763F94
:10EFB000C0178DBE1B32763F6E568CBE974D763F86
:10EFC00007958BBEEC68763F8AD38ABE1B84763F5A
:10EFD000F8118ABE249F763F505089BE07BA763F0B
:10EFE000938E88BEC4D4763FC1CC87BE5BEF763F9C
:10EFF000DA0A87BECC09773FDF4886BE1724773F01
:10F00000CE8685BE3C3E773FAAC484BE3A58773F41
:10F01000700284BE1372773F224083BEC58B773F58
:10F02000C07D82BE51A5773F4ABB81BEB7BE773F48
:10F03000C0F880BEF7D7773F223680BE10F1773F09
:10F04000E1E67EBE040A783F56617DBED122783F5C
:10F05000A4DB7BBE773B783FCB557ABEF853783F35
:10F06000CCCF78BE526C783FA64977BE8684783F75
:10F070005AC375BE939C783FE83C74BE7BB4783F1E
:10F0800051B672BE3BCC783F942F71BED6E3783F29
:10F09000B2A86FBE4AFB783FAB216EBE9812793F93
:10F0A0007F9A6CBEBF29793F2F136BBEC040793F5A
:10F0B000BA8B69BE9A57793F220468BE4E6E793F7B
:10F0C000667C66BEDC84793F86F464BE439B793FF0
:10F0D000836C63BE83B1793F5CE461BE9DC7793FB9
:10F0E000135C60BE91DD793FA8D35EBE5EF3793FCD
:10F0F0001A4B5DBE04097A3F6AC25BBE841E7A3F2A
:10F1000097395ABEDD337A3FA4B058BE10497A3FD2
:10F110008F2757BE1C5E7A3F589E55BE02737A3FBA
:10F12000011554BEC1877A3F898B52BE599C7A3FE4
:10F13000F10151BECBB07A3F38784FBE16C57A3F49
:10F1400060EE4DBE3AD97A3F67644CBE37ED7A3FE8
:10F150004FDA4ABE0E017B3F185049BEBE147B3FBA
:10F16000C2C547BE48287B3F4D3B46BEAB3B7B3FBD
:10F17000B9B044BEE74E7B3F072643BEFC617B3FF0
:10F18000379B41BEEA747B3F491040BEB2877B3F4C
:10F190003E853EBE539A7B3F15FA3CBECDAC7B3FCD
:10F1A000CF6E3BBE20BF7B3F6CE339BE4DD17B3F72
:10F1B000EC5738BE53E37B3F50CC36BE31F57B3F36
:10F1C000984035BEE9067C3FC4B433BE7A187C3F14
:10F1D000D42832BEE5297C3FC99C30BE283B7C3F09
:10F1E000A2102FBE444C7C3F61842DBE3A5D7C3F13
:10F1F00004F82BBE086E7C3F8D6B2ABEB07E7C3F30
:10F20000FCDE28BE318F7C3F515227BE8A9F7C3F57
:10F210008CC525BEBDAF7C3FAD3824BEC9BF7C3F89
:10F22000B6AB22BEAECF7C3FA51E21BE6CDF7C3FBD
:10F230007B911FBE03EF7C3F38041EBE73FE7C3FF4
:10F24000DE761CBEBC0D7D3F6BE91ABEDD1C7D3F2A
:10F25000E05B19BED82B7D3F3DCE17BEAC3A7D3F5B
:10F26000834016BE59497D3FB2B214BEDE577D3F82
:10F27000CA2413BE3D667D3FCC9611BE74747D3F9B
:10F28000B70810BE85827D3F8B7A0EBE6E907D3FA3
:10F290004AEC0CBE309E7D3FF35D0BBECCAB7D3F98
:10F2A00086CF09BE40B97D3F054108BE8CC67D3F73
:10F2B0006EB206BEB2D37D3FC22305BEB1E07D3F34
:10F2C000029503BE88ED7D3F2E0602BE38FA7D3FD3
:10F2D000457700BEC2067E3F92D0FDBD24137E3F1F
:10F2E00073B2FABD5E1F7E3F2C94F7BD722B7E3F3A
:10F2F000C075F4BD5E377E3F2E57F1BD23437E3F80
:10F300007638EEBDC14E7E3F9A19EBBD385A7E3F2E
:10F310009AFAE7BD88657E3F76DBE4BDB0707E3F3C
:10F320002EBCE1BDB17B7E3FC49CDEBD8B867E3FA3
:10F33000377DDBBD3D917E3F895DD8BDC99B7E3F5A
:10F34000B93DD5BD2DA67E3FC81DD2BD69B07E3F5B
:10F35000B7FDCEBD7FBA7E3F86DDCBBD6DC47E3F9F
:10F3600036BDC8BD34CE7E3FC69CC5BDD4D77E3F1A
:10F37000397CC2BD4CE17E3F8D5BBFBD9DEA7E3FC7
:10F38000C33ABCBDC7F37E3FDD19B9BDC9FC7E3FA2
:10F39000DAF8B5BDA4057F3FBBD7B2BD580E7F3F9D
:10F3A00080B6AFBDE4167F3F2B95ACBD491F7F3FB4
:10F3B000BA73A9BD87277F3F3052A6BD9D2F7F3FDF
:10F3C0008C30A3BD8D377F3FCF0EA0BD543F7F3F14
:10F3D000F9EC9CBDF4467F3F0ACB99BD6D4E7F3F53
:10F3E00005A996BDBF557F3FE78693BDE95C7F3F8A
:10F3F000B46490BDEC637F3F6A428DBDC76A7F3FB6
:10F400000A208ABD7B717F3F94FD86BD08787F3FCF
:10F410000ADB83BD6D7E7F3F6CB880BDAB847F3FD0
:10F42000742B7BBDC28A7F3FE9E574BDB1907F3FFD
:10F4300038A06EBD78967F3F625A68BD189C7F3FAA
:10F44000681462BD91A17F3F4CCE5BBDE3A67F3FB8
:10F450000E8855BD0DAC7F3FAF414FBD0FB17F3F13
:10F460002FFB48BDEAB57F3F91B442BD9EBA7F3FB6
:10F47000D56D3CBD2ABF7F3FFC2636BD8FC37F3F85
:10F4800007E02FBDCCC77F3FF69829BDE2CB7F3F79
:10F49000CC5123BDD1CF7F3F880A1DBD98D37F3F7C
:10F4A0002CC316BD37D77F3FB87B10BDAFDA7F3F87
:10F4B0002F340ABD00DE7F3F90EC03BD29E17F3F82
:10F4C000B949FBBC2BE47F3F2DBAEEBC05E77F3F7B
:10F4D0007B2AE2BCB8E97F3FA69AD5BC43EC7F3FCC
:10F4E000B00AC9BCA7EE7F3F9B7ABCBCE3F07F3F6C
:10F4F00069EAAFBCF8F27F3F1C5AA3BCE6F47F3F39
:10F50000B6C996BCACF67F3F38398ABC4AF87F3F13
:10F510004B517BBCC1F97F3F003062BC11FB7F3F88
:10F52000900E49BC39FC7F3F02ED2FBC39FD7F3F77
:10F5300059CB16BC13FE7F3F3053FBBBC4FE7F3F4D
:10F54000890FC9BB4EFF7F3FC1CB96BBB1FF7F3F49
:10F55000C70F49BBECFF7F3FD40FC9BA0000803F03
:10F560000000000011FB7F3F900E493C43EC7F3FC1
:10F57000B00AC93C98D37F3F2CC3163D0FB17F3FE3
:10F580002FFB483DAB847F3F742B7B3D6D4E7F3F0F
:10F5900005A9963D580E7F3F80B6AF3D6DC47E3FB6
:10F5A00036BDC83DB0707E3F2EBCE13D24137E3F8A
:10F5B00073B2FA3DCCAB7D3F86CF093EAC3A7D3F7E
:10F5C0008340163EC9BF7C3FB6AB223E283B7C3F02
:10F5D000A2102F3ECDAC7B3FCF6E3B3EBE147B3F97
:10F5E000C2C5473E02737A3F0115543E9DC7793F1D
:10F5F000135C603E9812793F7F9A6C3EF853783FD7
:10F60000CCCF783EC58B773FC07D823E07BA763F30
:10F61000938E883EC6DE753F229A8E3E0BFA743F6B
:10F6200031A0943EDD0B743F86A09A3E4714733F91
:10F63000E59AA03E5213723F128FA63E0809713F11
:10F64000D47CAC3E73F56F3FEF63B23E9ED86E3F05
:10F650002A44B83E93B26D3F4A1DBE3E5E836C3F66
:10F6600015EFC33E0C4B6B3F53B9C93EA7096A3F28
:10F67000CA7BCF3E3CBF683F4136D53ED86B673F23
:10F6800080E8DA3E880F663F4F92E03E59AA643F19
:10F690007533E63E5A3C633FBBCBEB3E98C5613FBA
:10F6A000EA5AF13E2146603FCBE0F63E05BE5E3FA2
:10F6B000275DFC3E532D5D3FE4E7003F1A945B3F1E
:10F6C0003D9C033F6AF2593F824B063F5348583FE7
:10F6D0009BF5083FE595563F6B9A0B3F31DB543F56
:10F6E000DA390E3F4918533FCDD3103F3D4D513FBE
:10F6F0002A68133F1F7A4F3FD9F6153F029F4D3FAF
:10F70000C07F183FF8BB4B3FC6021B3F12D1493F99
:10F71000D17F1D3F65DE473FCBF61F3F03E4453FEA
:10F720009967223F00E2433F25D2243F70D8413FF2
:10F730005636273F67C73F3F1594293FF9AE3D3FF7
:10F740004AEB2B3F3B8F3B3FDE3B2E3F4268393F2E
:10F75000BB85303F233A373FC9C8323FF304353FBA
:10F76000F304353FC9C8323F233A373FBB85303FAA
:10F770004268393FDE3B2E3F3B8F3B3F4AEB2B3FFE
:10F78000F9AE3D3F1594293F67C73F3F5636273FA7
:10F7900070D8413F25D2243F00E2433F9967223F82
:10F7A00003E4453FCBF61F3F65DE473FD17F1D3F5A
:10F7B00012D1493FC6021B3FF8BB4B3FC07F183FE9
:10F7C000029F4D3FD9F6153F1F7A4F3F2A68133FDE
:10F7D0003D4D513FCDD3103F4918533FDA390E3FCD
:10F7E00031DB543F6B9A0B3FE595563F9BF5083F45
:10F7F0005348583F824B063F6AF2593F3D9C033FB6
:10F800001A945B3FE4E7003F532D5D3F275DFC3ECC
:10F8100005BE5E3FCBE0F63E2146603FEA5AF13E30
:10F8200098C5613FBBCBEB3E5A3C633F7533E63E28
:10F8300059AA643F4F92E03E880F663F80E8DA3E67
:10F84000D86B673F4136D53E3CBF683FCA7BCF3E51
:10F85000A7096A3F53B9C93E0C4B6B3F15EFC33E36
:10F860005E836C3F4A1DBE3E93B26D3F2A44B83E54
:10F870009ED86E3FEF63B23E73F56F3FD47CAC3ED3
:10F880000809713F128FA63E5213723FE59AA03EBF
:10F890004714733F86A09A3EDD0B743F31A0943E1F
:10F8A0000BFA743F229A8E3EC6DE753F938E883ED9
:10F8B00007BA763FC07D823EC58B773FCCCF783E7E
:10F8C000F853783F7F9A6C3E9812793F135C603E04
:10F8D0009DC7793F0115543E02737A3FC2C5473E2A
:10F8E000BE147B3FCF6E3B3ECDAC7B3FA2102F3E84
:10F8F000283B7C3FB6AB223EC9BF7C3F8340163ECF
:10F90000AC3A7D3F86CF093ECCAB7D3F73B2FA3D2A
:10F9100024137E3F2EBCE13DB0707E3F36BDC83D16
:10F920006DC47E3F80B6AF3D580E7F3F05A9963D22
:10F930006D4E7F3F742B7B3DAB847F3F2FFB483D5B
:10F940000FB17F3F2CC3163D98D37F3FB00AC93C0F
:10F9500043EC7F3F900E493C11FB7F3F00000000CD
:10F960000000803F900E49BC11FB7F3FB00AC9BC2C
:10F9700043EC7F3F2CC316BD98D37F3F2FFB48BD80
:10F980000FB17F3F742B7BBDAB847F3F05A996BD34
:10F990006D4E7F3F80B6AFBD580E7F3F36BDC8BDB0
:10F9A0006DC47E3F2EBCE1BDB0707E3F73B2FABD28
:10F9B00024137E3F86CF09BECCAB7D3F834016BE6D
:10F9C000AC3A7D3FB6AB22BEC9BF7C3FA2102FBE72
:10F9D000283B7C3FCF6E3BBECDAC7B3FC2C547BE14
:10F9E000BE147B3F011554BE02737A3F135C60BEA8
:10F9F0009DC7793F7F9A6CBE9812793FCCCF78BE75
:10FA0000F853783FC07D82BEC58B773F938E88BE0A
:10FA100007BA763F229A8EBEC6DE753F31A094BEED
:10FA20000BFA743F86A09ABEDD0B743FE59AA0BE28
:10FA30004714733F128FA6BE5213723FD47CACBEE4
:10FA40000809713FEF63B2BE73F56F3F2A44B8BE39
:10FA50009ED86E3F4A1DBEBE93B26D3F15EFC3BE2A
:10FA60005E836C3F53B9C9BE0C4B6B3FCA7BCFBEA4
:10FA7000A7096A3F4136D5BE3CBF683F80E8DABE81
:10FA8000D86B673F4F92E0BE880F663F7533E6BE86
:10FA900059AA643FBBCBEBBE5A3C633FEA5AF1BE66
:10FAA00098C5613FCBE0F6BE2146603F275DFCBEB6
:10FAB00005BE5E3FE4E700BF532D5D3F3D9C03BFA5
:10FAC0001A945B3F824B06BF6AF2593F9BF508BF11
:10FAD0005348583F6B9A0BBFE595563FDA390EBF36
:10FAE00031DB543FCDD310BF4918533F2A6813BFB1
:10FAF0003D4D513FD9F615BF1F7A4F3FC07F18BF0C
:10FB0000029F4D3FC6021BBFF8BB4B3FD17F1DBFBD
:10FB100012D1493FCBF61FBF65DE473F996722BF31
:10FB200003E4453F25D224BF00E2433F563627BFBA
:10FB300070D8413F159429BF67C73F3F4AEB2BBFA1
:10FB4000F9AE3D3FDE3B2EBF3B8F3B3FBB8530BF19
:10FB50004268393FC9C832BF233A373FF30435BF43
:10FB6000F304353F233A37BFC9C8323F426839BF33
:10FB7000BB85303F3B8F3BBFDE3B2E3FF9AE3DBFE9
:10FB80004AEB2B3F67C73FBF1594293F70D841BF51
:10FB90005636273F00E243BF25D2243F03E445BF4A
:10FBA0009967223F65DE47BFCBF61F3F12D149BFA1
:10FBB000D17F1D3FF8BB4BBFC6021B3F029F4DBF0D
:10FBC000C07F183F1F7A4FBFD9F6153F3D4D51BF3B
:10FBD0002A68133F491853BFCDD3103F31DB54BFC0
:10FBE000DA390E3FE59556BF6B9A0B3F534858BF25
:10FBF0009BF5083F6AF259BF824B063F1A945BBFE0
:10FC00003D9C033F532D5DBFE4E7003F05BE5EBF53
:10FC1000275DFC3E214660BFCBE0F63E98C561BF44
:10FC2000EA5AF13E5A3C63BFBBCBEB3E59AA64BFD4
:10FC30007533E63E880F66BF4F92E03ED86B67BFD4
:10FC400080E8DA3E3CBF68BF4136D53EA7096ABFAF
:10FC5000CA7BCF3E0C4B6BBF53B9C93E5E836CBFB2
:10FC600015EFC33E93B26DBF4A1DBE3E9ED86EBF18
:10FC70002A44B83E73F56FBFEF63B23E080971BF07
:10FC8000D47CAC3E521372BF128FA63E471473BF92
:10FC9000E59AA03EDD0B74BF86A09A3E0BFA74BFB6
:10FCA00031A0943EC6DE75BF229A8E3E07BA76BF5B
:10FCB000938E883EC58B77BFC07D823EF85378BF58
:10FCC000CCCF783E981279BF7F9A6C3E9DC779BFA2
:10FCD000135C603E02737ABF0115543EBE147BBFB5
:10FCE000C2C5473ECDAC7BBFCF6E3B3E283B7CBF01
:10FCF000A2102F3EC9BF7CBFB6AB223EAC3A7DBF3F
:10FD00008340163ECCAB7DBF86CF093E24137EBF19
:10FD100073B2FA3DB0707EBF2EBCE13D6DC47EBFB4
:10FD200036BDC83D580E7FBF80B6AF3D6D4E7FBF1C
:10FD300005A9963DAB847FBF742B7B3D0FB17FBF80
:10FD40002FFB483D98D37FBF2CC3163D43EC7FBFAC
:10FD5000B00AC93C11FB7FBF900E493C000080BF38
:10FD60000000000011FB7FBF900E49BC43EC7FBF39
:10FD7000B00AC9BC98D37FBF2CC316BD0FB17FBFDB
:10FD80002FFB48BDAB847FBF742B7BBD6D4E7FBF07
:10FD900005A996BD580E7FBF80B6AFBD6DC47EBFAE
:10FDA00036BDC8BDB0707EBF2EBCE1BD24137EBF82
:10FDB00073B2FABDCCAB7DBF86CF09BEAC3A7DBF76
:10FDC000834016BEC9BF7CBFB6AB22BE283B7CBFFA
:10FDD000A2102FBECDAC7BBFCF6E3BBEBE147BBF8F
:10FDE000C2C547BE02737ABF011554BE9DC779BF15
:10FDF000135C60BE981279BF7F9A6CBEF85378BFCF
:10FE0000CCCF78BEC58B77BFC07D82BE07BA76BF28
:10FE1000938E88BEC6DE75BF229A8EBE0BFA74BF63
:10FE200031A094BEDD0B74BF86A09ABE471473BF89
:10FE3000E59AA0BE521372BF128FA6BE080971BF09
:10FE4000D47CACBE73F56FBFEF63B2BE9ED86EBFFD
:10FE50002A44B8BE93B26DBF4A1DBEBE5E836CBF5E
:10FE600015EFC3BE0C4B6BBF53B9C9BEA7096ABF20
:10FE7000CA7BCFBE3CBF68BF4136D5BED86B67BF1B
:10FE800080E8DABE880F66BF4F92E0BE59AA64BF11
:10FE90007533E6BE5A3C63BFBBCBEBBE98C561BFB2
:10FEA000EA5AF1BE214660BFCBE0F6BE05BE5EBF9A
:10FEB000275DFCBE532D5DBFE4E700BF1A945BBF16
:10FEC0003D9C03BF6AF259BF824B06BF534858BFDF
:10FED0009BF508BFE59556BF6B9A0BBF31DB54BF4E
:10FEE000DA390EBF491853BFCDD310BF3D4D51BFB6
:10FEF0002A6813BF1F7A4FBFD9F615BF029F4DBFA7
:10FF0000C07F18BFF8BB4BBFC6021BBF12D149BF91
:10FF1000D17F1DBF65DE47BFCBF61FBF03E445BFE2
:10FF2000996722BF00E243BF25D224BF70D841BFEA
:10FF3000563627BF67C73FBF159429BFF9AE3DBFEF
:10FF40004AEB2BBF3B8F3BBFDE3B2EBF426839BF26
:10FF5000BB8530BF233A37BFC9C832BFF30435BFB2
:10FF6000F30435BFC9C832BF233A37BFBB8530BFA2
:10FF7000426839BFDE3B2EBF3B8F3BBF4AEB2BBFF6
:10FF8000F9AE3DBF159429BF67C73FBF563627BF9F
:10FF900070D841BF25D224BF00E243BF996722BF7A
:10FFA00003E445BFCBF61FBF65DE47BFD17F1DBF52
:10FFB00012D149BFC6021BBFF8BB4BBFC07F18BFE1
:10FFC000029F4DBFD9F615BF1F7A4FBF2A6813BFD6
:10FFD0003D4D51BFCDD310BF491853BFDA390EBFC5
:10FFE00031DB54BF6B9A0BBFE59556BF9BF508BF3D
:10FFF000534858BF824B06BF6AF259BF3D9C03BFAE
:020000040803EF
:100000001A945BBFE4E700BF532D5DBF275DFCBEC4
:1000100005BE5EBFCBE0F6BE214660BFEA5AF1BE28
:1000200098C561BFBBCBEBBE5A3C63BF7533E6BE20
:1000300059AA64BF4F92E0BE880F66BF80E8DABE5F
:10004000D86B67BF4136D5BE3CBF68BFCA7BCFBE49
:10005000A7096ABF53B9C9BE0C4B6BBF15EFC3BE2E
:100060005E836CBF4A1DBEBE93B26DBF2A44B8BE4C
:100070009ED86EBFEF63B2BE73F56FBFD47CACBECB
:10008000080971BF128FA6BE521372BFE59AA0BEB7
:10009000471473BF86A09ABEDD0B74BF31A094BE17
:1000A0000BFA74BF229A8EBEC6DE75BF938E88BED1
:1000B00007BA76BFC07D82BEC58B77BFCCCF78BE76
:1000C000F85378BF7F9A6CBE981279BF135C60BEFC
:1000D0009DC779BF011554BE02737ABFC2C547BE22
:1000E000BE147BBFCF6E3BBECDAC7BBFA2102FBE7C
:1000F000283B7CBFB6AB22BEC9BF7CBF834016BEC7
:10010000AC3A7DBF86CF09BECCAB7DBF73B2FABD22
:1001100024137EBF2EBCE1BDB0707EBF36BDC8BD0E
:100120006DC47EBF80B6AFBD580E7FBF05A996BD1A
:100130006D4E7FBF742B7BBDAB847FBF2FFB48BD53
:100140000FB17FBF2CC316BD98D37FBFB00AC9BC07
:1001500043EC7FBF900E49BC11FB7FBF00000080C5
:10016000000080BF900E493C11FB7FBFB00AC93C24
:1001700043EC7FBF2CC3163D98D37FBF2FFB483D78
:100180000FB17FBF742B7B3DAB847FBF05A9963D2C
:100190006D4E7FBF80B6AF3D580E7FBF36BDC83DA8
:1001A0006DC47EBF2EBCE13DB0707EBF73B2FA3D20
:1001B00024137EBF86CF093ECCAB7DBF8340163E65
:1001C000AC3A7DBFB6AB223EC9BF7CBFA2102F3E6A
:1001D000283B7CBFCF6E3B3ECDAC7BBFC2C5473E0C
:1001E000BE147BBF0115543E02737ABF135C603EA0
:1001F0009DC779BF7F9A6C3E981279BFCCCF783E6D
:10020000F85378BFC07D823EC58B77BF938E883E02
:1002100007BA76BF229A8E3EC6DE75BF31A0943EE5
:100220000BFA74BF86A09A3EDD0B74BFE59AA03E20
:10023000471473BF128FA63E521372BFD47CAC3EDC
:10024000080971BFEF63B23E73F56FBF2A44B83E31
:100250009ED86EBF4A1DBE3E93B26DBF15EFC33E22
:100260005E836CBF53B9C93E0C4B6BBFCA7BCF3E9C
:10027000A7096ABF4136D53E3CBF68BF80E8DA3E79
:10028000D86B67BF4F92E03E880F66BF7533E63E7E
:1002900059AA64BFBBCBEB3E5A3C63BFEA5AF13E5E
:1002A00098C561BFCBE0F63E214660BF275DFC3EAE
:1002B00005BE5EBFE4E7003F532D5DBF3D9C033F9D
:1002C0001A945BBF824B063F6AF259BF9BF5083F09
:1002D000534858BF6B9A0B3FE59556BFDA390E3F2E
:1002E00031DB54BFCDD3103F491853BF2A68133FA9
:1002F0003D4D51BFD9F6153F1F7A4FBFC07F183F04
:10030000029F4DBFC6021B3FF8BB4BBFD17F1D3FB5
:1003100012D149BFCBF61F3F65DE47BF9967223F29
:1003200003E445BF25D2243F00E243BF5636273FB2
:1003300070D841BF1594293F67C73FBF4AEB2B3F99
:10034000F9AE3DBFDE3B2E3F3B8F3BBFBB85303F11
:10035000426839BFC9C8323F233A37BFF304353F3B
:10036000F30435BF233A373FC9C832BF4268393F2B
:10037000BB8530BF3B8F3B3FDE3B2EBFF9AE3D3FE1
:100380004AEB2BBF67C73F3F159429BF70D8413F49
:10039000563627BF00E2433F25D224BF03E4453F42
:1003A000996722BF65DE473FCBF61FBF12D1493F99
:1003B000D17F1DBFF8BB4B3FC6021BBF029F4D3F05
:1003C000C07F18BF1F7A4F3FD9F615BF3D4D513F33
:1003D0002A6813BF4918533FCDD310BF31DB543FB8
:1003E000DA390EBFE595563F6B9A0BBF5348583F1D
:1003F0009BF508BF6AF2593F824B06BF1A945B3FD8
:100400003D9C03BF532D5D3FE4E700BF05BE5E3F4B
:10041000275DFCBE2146603FCBE0F6BE98C5613F3C
:10042000EA5AF1BE5A3C633FBBCBEBBE59AA643FCC
:100430007533E6BE880F663F4F92E0BED86B673FCC
:1004400080E8DABE3CBF683F4136D5BEA7096A3FA7
:10045000CA7BCFBE0C4B6B3F53B9C9BE5E836C3FAA
:1004600015EFC3BE93B26D3F4A1DBEBE9ED86E3F10
:100470002A44B8BE73F56F3FEF63B2BE0809713FFF
:10048000D47CACBE5213723F128FA6BE4714733F8A
:10049000E59AA0BEDD0B743F86A09ABE0BFA743FAE
:1004A00031A094BEC6DE753F229A8EBE07BA763F53
:1004B000938E88BEC58B773FC07D82BEF853783F50
:1004C000CCCF78BE9812793F7F9A6CBE9DC7793F9A
:1004D000135C60BE02737A3F011554BEBE147B3FAD
:1004E000C2C547BECDAC7B3FCF6E3BBE283B7C3FF9
:1004F000A2102FBEC9BF7C3FB6AB22BEAC3A7D3F37
:10050000834016BECCAB7D3F86CF09BE24137E3F11
:1005100073B2FABDB0707E3F2EBCE1BD6DC47E3FAC
:1005200036BDC8BD580E7F3F80B6AFBD6D4E7F3F14
:1005300005A996BDAB847F3F742B7BBD0FB17F3F78
:100540002FFB48BD98D37F3F2CC316BD43EC7F3FA4
:10055000B00AC9BC11FB7F3F900E49BC0000803F30
:10056000000000006DC47E3F36BDC83DBE147B3F19
:10057000C2C5473E0BFA743F31A0943E5E836C3F88
:1005800015EFC33E98C5613FEA5AF13E31DB543F57
:10059000DA390E3F03E4453F9967223FF304353FC4
:1005A000F304353F9967223F03E4453FDA390E3FB4
:1005B00031DB543FEA5AF13E98C5613F15EFC33E27
:1005C0005E836C3F31A0943E0BFA743FC2C5473E38
:1005D000BE147B3F36BDC83D6DC47E3F00000000A9
:1005E0000000803F36BDC8BD6DC47E3FC2C547BE5A
:1005F000BE147B3F31A094BE0BFA743F15EFC3BE0F
:100600005E836C3FEA5AF1BE98C5613FDA390EBF8E
:1006100031DB543F996722BF03E4453FF30435BF04
:10062000F304353F03E445BF9967223F31DB54BFF4
:10063000DA390E3F98C561BFEA5AF13E5E836CBF5E
:1006400015EFC33E0BFA74BF31A0943EBE147BBFBE
:10065000C2C5473E6DC47EBF36BDC83D000080BFE9
:10066000000000006DC47EBF36BDC8BDBE147BBF98
:10067000C2C547BE0BFA74BF31A094BE5E836CBF87
:1006800015EFC3BE98C561BFEA5AF1BE31DB54BF56
:10069000DA390EBF03E445BF996722BFF30435BFC3
:1006A000F30435BF996722BF03E445BFDA390EBFB3
:1006B00031DB54BFEA5AF1BE98C561BF15EFC3BE26
:1006C0005E836CBF31A094BE0BFA74BFC2C547BE37
:1006D000BE147BBF36BDC8BD6DC47EBF00000080A8
:1006E000000080BF36BDC83D6DC47EBFC2C5473E59
:1006F000BE147BBF31A0943E0BFA74BF15EFC33E0E
:100700005E836CBFEA5AF13E98C561BFDA390E3F8D
:1007100031DB54BF9967223F03E445BFF304353F03
:10072000F30435BF03E4453F996722BF31DB543FF3
:10073000DA390EBF98C5613FEA5AF1BE5E836C3F5D
:1007400015EFC3BE0BFA743F31A094BEBE147B3FBD
:10075000C2C547BE6DC47E3F36BDC8BDC0080308D4
:100760000000002460400000FC020008500903085B
:100770006040002428F301003C0300081C00000036
:1007800043000000F8FFFFFF0C0000000E00000017
:100790000F0000002E0000001001000043000000C8
:1007A000F8FFFFFF00404040404040404040414192
:1007B0004141414040404040404040404040404036
:1007C00040404040400502020202020202020202D0
:1007D00002020202022020202020202020202002CD
:1007E000020202020202909090909090101010105D
:1007F00010101010101010101010101010101010F9
:10080000020202020202888888888888080808088C
:100810000808080808080808080808080808080858
:100820000202020240000000000000000000000080
:1008300000000000000000000000000000000000B8
:1008400000000000000000000000000000000000A8
:100850000000000000000000000000000000000098
:100860000000000000000000000000000000000088
:100870000000000000000000000000000000000078
:100880000000000000000000000000000000000068
:100890000000000000000000000000000000000058
:1008A0000000000000000000000000000000000048
:1008B0000000000000000000000000000000000038
:1008C000D152013A90D0030090D003010102FF10F1
:1008D00001FF01FF01FF01FF01FF01FF01FF01FF18
:1008E00001FF01FF01FF01FF01FF01FF01FF01FF08
:1008F00001FF01FF01FF01FF01FF01FF01FF01FFF8
:1009000001FF01FF01FF01FF01FF01FF01FF01FFE7
:1009100001FF01FF01FF01FF01FF01FF01FF01FFD7
:1009200001FF01FF01FF01FF01FF01FF01FF01FFC7
:1009300001FF01FF01FF01FF01FF01FF01FF01FFB7
:1009400001FF01FF01FF01FF01FF01FF01FF01C4E2
:040000050800029954
:00000001FF
