Fitter report for DAC904_HighSpeedDAC
Fri Jul 31 18:55:08 2026
Quartus II 64-Bit Version 13.1.0 Build 162 10/23/2013 SJ Full Version


---------------------
; Table of Contents ;
---------------------
  1. Legal Notice
  2. Fitter Summary
  3. Fitter Settings
  4. Parallel Compilation
  5. I/O Assignment Warnings
  6. Fitter Netlist Optimizations
  7. Ignored Assignments
  8. Incremental Compilation Preservation Summary
  9. Incremental Compilation Partition Settings
 10. Incremental Compilation Placement Preservation
 11. Pin-Out File
 12. Fitter Resource Usage Summary
 13. Fitter Partition Statistics
 14. Input Pins
 15. Output Pins
 16. Dual Purpose and Dedicated Pins
 17. I/O Bank Usage
 18. All Package Pins
 19. PLL Summary
 20. PLL Usage
 21. Fitter Resource Utilization by Entity
 22. Delay Chain Summary
 23. Pad To Core Delay Chain Fanout
 24. Control Signals
 25. Global & Other Fast Signals
 26. Non-Global High Fan-Out Signals
 27. Fitter RAM Summary
 28. Fitter DSP Block Usage Summary
 29. DSP Block Details
 30. Routing Usage Summary
 31. LAB Logic Elements
 32. LAB-wide Signals
 33. LAB Signals Sourced
 34. LAB Signals Sourced Out
 35. LAB Distinct Inputs
 36. I/O Rules Summary
 37. I/O Rules Details
 38. I/O Rules Matrix
 39. Fitter Device Options
 40. Operating Settings and Conditions
 41. Estimated Delay Added for Hold Timing Summary
 42. Estimated Delay Added for Hold Timing Details
 43. Fitter Messages
 44. Fitter Suppressed Messages



----------------
; Legal Notice ;
----------------
Copyright (C) 1991-2013 Altera Corporation
Your use of Altera Corporation's design tools, logic functions 
and other software and tools, and its AMPP partner logic 
functions, and any output files from any of the foregoing 
(including device programming or simulation files), and any 
associated documentation or information are expressly subject 
to the terms and conditions of the Altera Program License 
Subscription Agreement, Altera MegaCore Function License 
Agreement, or other applicable license agreement, including, 
without limitation, that your use is for the sole purpose of 
programming logic devices manufactured by Altera and sold by 
Altera or its authorized distributors.  Please refer to the 
applicable agreement for further details.



+----------------------------------------------------------------------------------+
; Fitter Summary                                                                   ;
+------------------------------------+---------------------------------------------+
; Fitter Status                      ; Successful - Fri Jul 31 18:55:08 2026       ;
; Quartus II 64-Bit Version          ; 13.1.0 Build 162 10/23/2013 SJ Full Version ;
; Revision Name                      ; DAC904_HighSpeedDAC                         ;
; Top-level Entity Name              ; DAC904_WriteTEST                            ;
; Family                             ; Cyclone IV E                                ;
; Device                             ; EP4CE10F17C8                                ;
; Timing Models                      ; Final                                       ;
; Total logic elements               ; 6,700 / 10,320 ( 65 % )                     ;
;     Total combinational functions  ; 4,761 / 10,320 ( 46 % )                     ;
;     Dedicated logic registers      ; 4,394 / 10,320 ( 43 % )                     ;
; Total registers                    ; 4407                                        ;
; Total pins                         ; 42 / 180 ( 23 % )                           ;
; Total virtual pins                 ; 25                                          ;
; Total memory bits                  ; 147,456 / 423,936 ( 35 % )                  ;
; Embedded Multiplier 9-bit elements ; 14 / 46 ( 30 % )                            ;
; Total PLLs                         ; 1 / 2 ( 50 % )                              ;
+------------------------------------+---------------------------------------------+


+------------------------------------------------------------------------------------------------------------------------------------------------------------+
; Fitter Settings                                                                                                                                            ;
+----------------------------------------------------------------------------+---------------------------------------+---------------------------------------+
; Option                                                                     ; Setting                               ; Default Value                         ;
+----------------------------------------------------------------------------+---------------------------------------+---------------------------------------+
; Device                                                                     ; EP4CE10F17C8                          ;                                       ;
; Minimum Core Junction Temperature                                          ; 0                                     ;                                       ;
; Maximum Core Junction Temperature                                          ; 85                                    ;                                       ;
; Fit Attempts to Skip                                                       ; 0                                     ; 0.0                                   ;
; Device I/O Standard                                                        ; 2.5 V                                 ;                                       ;
; Use smart compilation                                                      ; Off                                   ; Off                                   ;
; Enable parallel Assembler and TimeQuest Timing Analyzer during compilation ; On                                    ; On                                    ;
; Enable compact report table                                                ; Off                                   ; Off                                   ;
; Auto Merge PLLs                                                            ; On                                    ; On                                    ;
; Router Timing Optimization Level                                           ; Normal                                ; Normal                                ;
; Perform Clocking Topology Analysis During Routing                          ; Off                                   ; Off                                   ;
; Placement Effort Multiplier                                                ; 1.0                                   ; 1.0                                   ;
; Router Effort Multiplier                                                   ; 1.0                                   ; 1.0                                   ;
; Optimize Hold Timing                                                       ; All Paths                             ; All Paths                             ;
; Optimize Multi-Corner Timing                                               ; On                                    ; On                                    ;
; PowerPlay Power Optimization                                               ; Normal compilation                    ; Normal compilation                    ;
; SSN Optimization                                                           ; Off                                   ; Off                                   ;
; Optimize Timing                                                            ; Normal compilation                    ; Normal compilation                    ;
; Optimize Timing for ECOs                                                   ; Off                                   ; Off                                   ;
; Regenerate full fit report during ECO compiles                             ; Off                                   ; Off                                   ;
; Optimize IOC Register Placement for Timing                                 ; Normal                                ; Normal                                ;
; Limit to One Fitting Attempt                                               ; Off                                   ; Off                                   ;
; Final Placement Optimizations                                              ; Automatically                         ; Automatically                         ;
; Fitter Aggressive Routability Optimizations                                ; Automatically                         ; Automatically                         ;
; Fitter Initial Placement Seed                                              ; 1                                     ; 1                                     ;
; PCI I/O                                                                    ; Off                                   ; Off                                   ;
; Weak Pull-Up Resistor                                                      ; Off                                   ; Off                                   ;
; Enable Bus-Hold Circuitry                                                  ; Off                                   ; Off                                   ;
; Auto Packed Registers                                                      ; Auto                                  ; Auto                                  ;
; Auto Delay Chains                                                          ; On                                    ; On                                    ;
; Auto Delay Chains for High Fanout Input Pins                               ; Off                                   ; Off                                   ;
; Allow Single-ended Buffer for Differential-XSTL Input                      ; Off                                   ; Off                                   ;
; Treat Bidirectional Pin as Output Pin                                      ; Off                                   ; Off                                   ;
; Perform Physical Synthesis for Combinational Logic for Fitting             ; Off                                   ; Off                                   ;
; Perform Physical Synthesis for Combinational Logic for Performance         ; Off                                   ; Off                                   ;
; Perform Register Duplication for Performance                               ; Off                                   ; Off                                   ;
; Perform Logic to Memory Mapping for Fitting                                ; Off                                   ; Off                                   ;
; Perform Register Retiming for Performance                                  ; Off                                   ; Off                                   ;
; Perform Asynchronous Signal Pipelining                                     ; Off                                   ; Off                                   ;
; Fitter Effort                                                              ; Auto Fit                              ; Auto Fit                              ;
; Physical Synthesis Effort Level                                            ; Normal                                ; Normal                                ;
; Logic Cell Insertion - Logic Duplication                                   ; Auto                                  ; Auto                                  ;
; Auto Register Duplication                                                  ; Auto                                  ; Auto                                  ;
; Auto Global Clock                                                          ; On                                    ; On                                    ;
; Auto Global Register Control Signals                                       ; On                                    ; On                                    ;
; Reserve all unused pins                                                    ; As input tri-stated with weak pull-up ; As input tri-stated with weak pull-up ;
; Synchronizer Identification                                                ; Off                                   ; Off                                   ;
; Enable Beneficial Skew Optimization                                        ; On                                    ; On                                    ;
; Optimize Design for Metastability                                          ; On                                    ; On                                    ;
; Force Fitter to Avoid Periphery Placement Warnings                         ; Off                                   ; Off                                   ;
; Enable input tri-state on active configuration pins in user mode           ; Off                                   ; Off                                   ;
+----------------------------------------------------------------------------+---------------------------------------+---------------------------------------+


+------------------------------------------+
; Parallel Compilation                     ;
+----------------------------+-------------+
; Processors                 ; Number      ;
+----------------------------+-------------+
; Number detected on machine ; 16          ;
; Maximum allowed            ; 10          ;
;                            ;             ;
; Average used               ; 2.69        ;
; Maximum used               ; 10          ;
;                            ;             ;
; Usage by Processor         ; % Time Used ;
;     Processor 1            ; 100.0%      ;
;     Processor 2            ;  26.7%      ;
;     Processors 3-4         ;  20.0%      ;
;     Processors 5-8         ;  17.8%      ;
;     Processors 9-10        ;  15.6%      ;
;     Processors 11-16       ;   0.0%      ;
+----------------------------+-------------+


+-------------------------------------------------------+
; I/O Assignment Warnings                               ;
+----------------+--------------------------------------+
; Pin Name       ; Reason                               ;
+----------------+--------------------------------------+
; mcu_spi_miso   ; Missing drive strength               ;
; clk_driver     ; Missing drive strength and slew rate ;
; IO_data[0]     ; Missing drive strength               ;
; IO_data[1]     ; Missing drive strength               ;
; IO_data[2]     ; Missing drive strength               ;
; IO_data[3]     ; Missing drive strength               ;
; IO_data[4]     ; Missing drive strength               ;
; IO_data[5]     ; Missing drive strength and slew rate ;
; IO_data[6]     ; Missing drive strength and slew rate ;
; IO_data[7]     ; Missing drive strength               ;
; IO_data[8]     ; Missing drive strength and slew rate ;
; IO_data[9]     ; Missing drive strength and slew rate ;
; IO_data[10]    ; Missing drive strength and slew rate ;
; IO_data[11]    ; Missing drive strength and slew rate ;
; IO_data[12]    ; Missing drive strength and slew rate ;
; IO_data[13]    ; Missing drive strength and slew rate ;
; dac_gnd        ; Missing drive strength and slew rate ;
; adc_clk_o      ; Missing drive strength               ;
; adc_oeb_o      ; Missing drive strength               ;
; adc_pwdn_o     ; Missing drive strength               ;
; adc_spi_cs_n_o ; Missing drive strength               ;
; adc_spi_sclk_o ; Missing drive strength               ;
; adc_spi_sdio_o ; Missing drive strength               ;
+----------------+--------------------------------------+


+-----------------------------------------------------------------------------------------------------------------------------------------------------------------------------------------------------------------------------------------------------------------------------------------------------------------------------------------------------------------------------------------------------------------------------------------------+
; Fitter Netlist Optimizations                                                                                                                                                                                                                                                                                                                                                                                                                  ;
+---------------------------------------------------------------------------------------------------------------------------------------+-----------------+------------------+--------------------------------+-----------+----------------+---------------------------------------------------------------------------------------------------------------------------------------------------------+------------------+-----------------------+
; Node                                                                                                                                  ; Action          ; Operation        ; Reason                         ; Node Port ; Node Port Name ; Destination Node                                                                                                                                        ; Destination Port ; Destination Port Name ;
+---------------------------------------------------------------------------------------------------------------------------------------+-----------------+------------------+--------------------------------+-----------+----------------+---------------------------------------------------------------------------------------------------------------------------------------------------------+------------------+-----------------------+
; Ad9233FrameCapture:U2_frame_capture|Ad9233MultistageDecimator:anti_alias_fir|FirDecimatingStage:stage1|operand_coefficient[0][0]      ; Packed Register ; Register Packing ; Timing optimization            ; Q         ;                ; Ad9233FrameCapture:U2_frame_capture|Ad9233MultistageDecimator:anti_alias_fir|FirDecimatingStage:stage1|lpm_mult:Mult0|mult_c6t:auto_generated|mac_mult1 ; DATAB            ;                       ;
; Ad9233FrameCapture:U2_frame_capture|Ad9233MultistageDecimator:anti_alias_fir|FirDecimatingStage:stage1|operand_coefficient[0][1]      ; Packed Register ; Register Packing ; Timing optimization            ; Q         ;                ; Ad9233FrameCapture:U2_frame_capture|Ad9233MultistageDecimator:anti_alias_fir|FirDecimatingStage:stage1|lpm_mult:Mult0|mult_c6t:auto_generated|mac_mult1 ; DATAB            ;                       ;
; Ad9233FrameCapture:U2_frame_capture|Ad9233MultistageDecimator:anti_alias_fir|FirDecimatingStage:stage1|operand_coefficient[0][2]      ; Packed Register ; Register Packing ; Timing optimization            ; Q         ;                ; Ad9233FrameCapture:U2_frame_capture|Ad9233MultistageDecimator:anti_alias_fir|FirDecimatingStage:stage1|lpm_mult:Mult0|mult_c6t:auto_generated|mac_mult1 ; DATAB            ;                       ;
; Ad9233FrameCapture:U2_frame_capture|Ad9233MultistageDecimator:anti_alias_fir|FirDecimatingStage:stage1|operand_coefficient[0][3]      ; Packed Register ; Register Packing ; Timing optimization            ; Q         ;                ; Ad9233FrameCapture:U2_frame_capture|Ad9233MultistageDecimator:anti_alias_fir|FirDecimatingStage:stage1|lpm_mult:Mult0|mult_c6t:auto_generated|mac_mult1 ; DATAB            ;                       ;
; Ad9233FrameCapture:U2_frame_capture|Ad9233MultistageDecimator:anti_alias_fir|FirDecimatingStage:stage1|operand_coefficient[0][4]      ; Packed Register ; Register Packing ; Timing optimization            ; Q         ;                ; Ad9233FrameCapture:U2_frame_capture|Ad9233MultistageDecimator:anti_alias_fir|FirDecimatingStage:stage1|lpm_mult:Mult0|mult_c6t:auto_generated|mac_mult1 ; DATAB            ;                       ;
; Ad9233FrameCapture:U2_frame_capture|Ad9233MultistageDecimator:anti_alias_fir|FirDecimatingStage:stage1|operand_coefficient[0][5]      ; Packed Register ; Register Packing ; Timing optimization            ; Q         ;                ; Ad9233FrameCapture:U2_frame_capture|Ad9233MultistageDecimator:anti_alias_fir|FirDecimatingStage:stage1|lpm_mult:Mult0|mult_c6t:auto_generated|mac_mult1 ; DATAB            ;                       ;
; Ad9233FrameCapture:U2_frame_capture|Ad9233MultistageDecimator:anti_alias_fir|FirDecimatingStage:stage1|operand_coefficient[0][6]      ; Packed Register ; Register Packing ; Timing optimization            ; Q         ;                ; Ad9233FrameCapture:U2_frame_capture|Ad9233MultistageDecimator:anti_alias_fir|FirDecimatingStage:stage1|lpm_mult:Mult0|mult_c6t:auto_generated|mac_mult1 ; DATAB            ;                       ;
; Ad9233FrameCapture:U2_frame_capture|Ad9233MultistageDecimator:anti_alias_fir|FirDecimatingStage:stage1|operand_coefficient[0][7]      ; Packed Register ; Register Packing ; Timing optimization            ; Q         ;                ; Ad9233FrameCapture:U2_frame_capture|Ad9233MultistageDecimator:anti_alias_fir|FirDecimatingStage:stage1|lpm_mult:Mult0|mult_c6t:auto_generated|mac_mult1 ; DATAB            ;                       ;
; Ad9233FrameCapture:U2_frame_capture|Ad9233MultistageDecimator:anti_alias_fir|FirDecimatingStage:stage1|operand_coefficient[0][8]      ; Packed Register ; Register Packing ; Timing optimization            ; Q         ;                ; Ad9233FrameCapture:U2_frame_capture|Ad9233MultistageDecimator:anti_alias_fir|FirDecimatingStage:stage1|lpm_mult:Mult0|mult_c6t:auto_generated|mac_mult1 ; DATAB            ;                       ;
; Ad9233FrameCapture:U2_frame_capture|Ad9233MultistageDecimator:anti_alias_fir|FirDecimatingStage:stage1|operand_coefficient[0][9]      ; Packed Register ; Register Packing ; Timing optimization            ; Q         ;                ; Ad9233FrameCapture:U2_frame_capture|Ad9233MultistageDecimator:anti_alias_fir|FirDecimatingStage:stage1|lpm_mult:Mult0|mult_c6t:auto_generated|mac_mult1 ; DATAB            ;                       ;
; Ad9233FrameCapture:U2_frame_capture|Ad9233MultistageDecimator:anti_alias_fir|FirDecimatingStage:stage1|operand_coefficient[0][10]     ; Packed Register ; Register Packing ; Timing optimization            ; Q         ;                ; Ad9233FrameCapture:U2_frame_capture|Ad9233MultistageDecimator:anti_alias_fir|FirDecimatingStage:stage1|lpm_mult:Mult0|mult_c6t:auto_generated|mac_mult1 ; DATAB            ;                       ;
; Ad9233FrameCapture:U2_frame_capture|Ad9233MultistageDecimator:anti_alias_fir|FirDecimatingStage:stage1|operand_coefficient[0][11]     ; Packed Register ; Register Packing ; Timing optimization            ; Q         ;                ; Ad9233FrameCapture:U2_frame_capture|Ad9233MultistageDecimator:anti_alias_fir|FirDecimatingStage:stage1|lpm_mult:Mult0|mult_c6t:auto_generated|mac_mult1 ; DATAB            ;                       ;
; Ad9233FrameCapture:U2_frame_capture|Ad9233MultistageDecimator:anti_alias_fir|FirDecimatingStage:stage1|operand_coefficient[0][12]     ; Packed Register ; Register Packing ; Timing optimization            ; Q         ;                ; Ad9233FrameCapture:U2_frame_capture|Ad9233MultistageDecimator:anti_alias_fir|FirDecimatingStage:stage1|lpm_mult:Mult0|mult_c6t:auto_generated|mac_mult1 ; DATAB            ;                       ;
; Ad9233FrameCapture:U2_frame_capture|Ad9233MultistageDecimator:anti_alias_fir|FirDecimatingStage:stage1|operand_coefficient[0][13]     ; Packed Register ; Register Packing ; Timing optimization            ; Q         ;                ; Ad9233FrameCapture:U2_frame_capture|Ad9233MultistageDecimator:anti_alias_fir|FirDecimatingStage:stage1|lpm_mult:Mult0|mult_c6t:auto_generated|mac_mult1 ; DATAB            ;                       ;
; Ad9233FrameCapture:U2_frame_capture|Ad9233MultistageDecimator:anti_alias_fir|FirDecimatingStage:stage1|operand_coefficient[0][14]     ; Packed Register ; Register Packing ; Timing optimization            ; Q         ;                ; Ad9233FrameCapture:U2_frame_capture|Ad9233MultistageDecimator:anti_alias_fir|FirDecimatingStage:stage1|lpm_mult:Mult0|mult_c6t:auto_generated|mac_mult1 ; DATAB            ;                       ;
; Ad9233FrameCapture:U2_frame_capture|Ad9233MultistageDecimator:anti_alias_fir|FirDecimatingStage:stage1|operand_coefficient[0][15]     ; Packed Register ; Register Packing ; Timing optimization            ; Q         ;                ; Ad9233FrameCapture:U2_frame_capture|Ad9233MultistageDecimator:anti_alias_fir|FirDecimatingStage:stage1|lpm_mult:Mult0|mult_c6t:auto_generated|mac_mult1 ; DATAB            ;                       ;
; Ad9233FrameCapture:U2_frame_capture|Ad9233MultistageDecimator:anti_alias_fir|FirDecimatingStage:stage1|operand_coefficient[0][16]     ; Packed Register ; Register Packing ; Timing optimization            ; Q         ;                ; Ad9233FrameCapture:U2_frame_capture|Ad9233MultistageDecimator:anti_alias_fir|FirDecimatingStage:stage1|lpm_mult:Mult0|mult_c6t:auto_generated|mac_mult1 ; DATAB            ;                       ;
; Ad9233FrameCapture:U2_frame_capture|Ad9233MultistageDecimator:anti_alias_fir|FirDecimatingStage:stage1|operand_coefficient[0][17]     ; Packed Register ; Register Packing ; Timing optimization            ; Q         ;                ; Ad9233FrameCapture:U2_frame_capture|Ad9233MultistageDecimator:anti_alias_fir|FirDecimatingStage:stage1|lpm_mult:Mult0|mult_c6t:auto_generated|mac_mult1 ; DATAB            ;                       ;
; Ad9233FrameCapture:U2_frame_capture|Ad9233MultistageDecimator:anti_alias_fir|FirDecimatingStage:stage1|operand_coefficient[1][0]      ; Packed Register ; Register Packing ; Timing optimization            ; Q         ;                ; Ad9233FrameCapture:U2_frame_capture|Ad9233MultistageDecimator:anti_alias_fir|FirDecimatingStage:stage1|lpm_mult:Mult1|mult_c6t:auto_generated|mac_mult1 ; DATAB            ;                       ;
; Ad9233FrameCapture:U2_frame_capture|Ad9233MultistageDecimator:anti_alias_fir|FirDecimatingStage:stage1|operand_coefficient[1][1]      ; Packed Register ; Register Packing ; Timing optimization            ; Q         ;                ; Ad9233FrameCapture:U2_frame_capture|Ad9233MultistageDecimator:anti_alias_fir|FirDecimatingStage:stage1|lpm_mult:Mult1|mult_c6t:auto_generated|mac_mult1 ; DATAB            ;                       ;
; Ad9233FrameCapture:U2_frame_capture|Ad9233MultistageDecimator:anti_alias_fir|FirDecimatingStage:stage1|operand_coefficient[1][2]      ; Packed Register ; Register Packing ; Timing optimization            ; Q         ;                ; Ad9233FrameCapture:U2_frame_capture|Ad9233MultistageDecimator:anti_alias_fir|FirDecimatingStage:stage1|lpm_mult:Mult1|mult_c6t:auto_generated|mac_mult1 ; DATAB            ;                       ;
; Ad9233FrameCapture:U2_frame_capture|Ad9233MultistageDecimator:anti_alias_fir|FirDecimatingStage:stage1|operand_coefficient[1][3]      ; Packed Register ; Register Packing ; Timing optimization            ; Q         ;                ; Ad9233FrameCapture:U2_frame_capture|Ad9233MultistageDecimator:anti_alias_fir|FirDecimatingStage:stage1|lpm_mult:Mult1|mult_c6t:auto_generated|mac_mult1 ; DATAB            ;                       ;
; Ad9233FrameCapture:U2_frame_capture|Ad9233MultistageDecimator:anti_alias_fir|FirDecimatingStage:stage1|operand_coefficient[1][4]      ; Packed Register ; Register Packing ; Timing optimization            ; Q         ;                ; Ad9233FrameCapture:U2_frame_capture|Ad9233MultistageDecimator:anti_alias_fir|FirDecimatingStage:stage1|lpm_mult:Mult1|mult_c6t:auto_generated|mac_mult1 ; DATAB            ;                       ;
; Ad9233FrameCapture:U2_frame_capture|Ad9233MultistageDecimator:anti_alias_fir|FirDecimatingStage:stage1|operand_coefficient[1][5]      ; Packed Register ; Register Packing ; Timing optimization            ; Q         ;                ; Ad9233FrameCapture:U2_frame_capture|Ad9233MultistageDecimator:anti_alias_fir|FirDecimatingStage:stage1|lpm_mult:Mult1|mult_c6t:auto_generated|mac_mult1 ; DATAB            ;                       ;
; Ad9233FrameCapture:U2_frame_capture|Ad9233MultistageDecimator:anti_alias_fir|FirDecimatingStage:stage1|operand_coefficient[1][6]      ; Packed Register ; Register Packing ; Timing optimization            ; Q         ;                ; Ad9233FrameCapture:U2_frame_capture|Ad9233MultistageDecimator:anti_alias_fir|FirDecimatingStage:stage1|lpm_mult:Mult1|mult_c6t:auto_generated|mac_mult1 ; DATAB            ;                       ;
; Ad9233FrameCapture:U2_frame_capture|Ad9233MultistageDecimator:anti_alias_fir|FirDecimatingStage:stage1|operand_coefficient[1][7]      ; Packed Register ; Register Packing ; Timing optimization            ; Q         ;                ; Ad9233FrameCapture:U2_frame_capture|Ad9233MultistageDecimator:anti_alias_fir|FirDecimatingStage:stage1|lpm_mult:Mult1|mult_c6t:auto_generated|mac_mult1 ; DATAB            ;                       ;
; Ad9233FrameCapture:U2_frame_capture|Ad9233MultistageDecimator:anti_alias_fir|FirDecimatingStage:stage1|operand_coefficient[1][8]      ; Packed Register ; Register Packing ; Timing optimization            ; Q         ;                ; Ad9233FrameCapture:U2_frame_capture|Ad9233MultistageDecimator:anti_alias_fir|FirDecimatingStage:stage1|lpm_mult:Mult1|mult_c6t:auto_generated|mac_mult1 ; DATAB            ;                       ;
; Ad9233FrameCapture:U2_frame_capture|Ad9233MultistageDecimator:anti_alias_fir|FirDecimatingStage:stage1|operand_coefficient[1][9]      ; Packed Register ; Register Packing ; Timing optimization            ; Q         ;                ; Ad9233FrameCapture:U2_frame_capture|Ad9233MultistageDecimator:anti_alias_fir|FirDecimatingStage:stage1|lpm_mult:Mult1|mult_c6t:auto_generated|mac_mult1 ; DATAB            ;                       ;
; Ad9233FrameCapture:U2_frame_capture|Ad9233MultistageDecimator:anti_alias_fir|FirDecimatingStage:stage1|operand_coefficient[1][10]     ; Packed Register ; Register Packing ; Timing optimization            ; Q         ;                ; Ad9233FrameCapture:U2_frame_capture|Ad9233MultistageDecimator:anti_alias_fir|FirDecimatingStage:stage1|lpm_mult:Mult1|mult_c6t:auto_generated|mac_mult1 ; DATAB            ;                       ;
; Ad9233FrameCapture:U2_frame_capture|Ad9233MultistageDecimator:anti_alias_fir|FirDecimatingStage:stage1|operand_coefficient[1][11]     ; Packed Register ; Register Packing ; Timing optimization            ; Q         ;                ; Ad9233FrameCapture:U2_frame_capture|Ad9233MultistageDecimator:anti_alias_fir|FirDecimatingStage:stage1|lpm_mult:Mult1|mult_c6t:auto_generated|mac_mult1 ; DATAB            ;                       ;
; Ad9233FrameCapture:U2_frame_capture|Ad9233MultistageDecimator:anti_alias_fir|FirDecimatingStage:stage1|operand_coefficient[1][12]     ; Packed Register ; Register Packing ; Timing optimization            ; Q         ;                ; Ad9233FrameCapture:U2_frame_capture|Ad9233MultistageDecimator:anti_alias_fir|FirDecimatingStage:stage1|lpm_mult:Mult1|mult_c6t:auto_generated|mac_mult1 ; DATAB            ;                       ;
; Ad9233FrameCapture:U2_frame_capture|Ad9233MultistageDecimator:anti_alias_fir|FirDecimatingStage:stage1|operand_coefficient[1][13]     ; Packed Register ; Register Packing ; Timing optimization            ; Q         ;                ; Ad9233FrameCapture:U2_frame_capture|Ad9233MultistageDecimator:anti_alias_fir|FirDecimatingStage:stage1|lpm_mult:Mult1|mult_c6t:auto_generated|mac_mult1 ; DATAB            ;                       ;
; Ad9233FrameCapture:U2_frame_capture|Ad9233MultistageDecimator:anti_alias_fir|FirDecimatingStage:stage1|operand_coefficient[1][14]     ; Packed Register ; Register Packing ; Timing optimization            ; Q         ;                ; Ad9233FrameCapture:U2_frame_capture|Ad9233MultistageDecimator:anti_alias_fir|FirDecimatingStage:stage1|lpm_mult:Mult1|mult_c6t:auto_generated|mac_mult1 ; DATAB            ;                       ;
; Ad9233FrameCapture:U2_frame_capture|Ad9233MultistageDecimator:anti_alias_fir|FirDecimatingStage:stage1|operand_coefficient[1][15]     ; Packed Register ; Register Packing ; Timing optimization            ; Q         ;                ; Ad9233FrameCapture:U2_frame_capture|Ad9233MultistageDecimator:anti_alias_fir|FirDecimatingStage:stage1|lpm_mult:Mult1|mult_c6t:auto_generated|mac_mult1 ; DATAB            ;                       ;
; Ad9233FrameCapture:U2_frame_capture|Ad9233MultistageDecimator:anti_alias_fir|FirDecimatingStage:stage1|operand_coefficient[1][16]     ; Packed Register ; Register Packing ; Timing optimization            ; Q         ;                ; Ad9233FrameCapture:U2_frame_capture|Ad9233MultistageDecimator:anti_alias_fir|FirDecimatingStage:stage1|lpm_mult:Mult1|mult_c6t:auto_generated|mac_mult1 ; DATAB            ;                       ;
; Ad9233FrameCapture:U2_frame_capture|Ad9233MultistageDecimator:anti_alias_fir|FirDecimatingStage:stage1|operand_coefficient[1][17]     ; Packed Register ; Register Packing ; Timing optimization            ; Q         ;                ; Ad9233FrameCapture:U2_frame_capture|Ad9233MultistageDecimator:anti_alias_fir|FirDecimatingStage:stage1|lpm_mult:Mult1|mult_c6t:auto_generated|mac_mult1 ; DATAB            ;                       ;
; Ad9233FrameCapture:U2_frame_capture|Ad9233MultistageDecimator:anti_alias_fir|FirDecimatingStage:stage1|operand_coefficient[2][0]      ; Packed Register ; Register Packing ; Timing optimization            ; Q         ;                ; Ad9233FrameCapture:U2_frame_capture|Ad9233MultistageDecimator:anti_alias_fir|FirDecimatingStage:stage1|lpm_mult:Mult2|mult_c6t:auto_generated|mac_mult1 ; DATAB            ;                       ;
; Ad9233FrameCapture:U2_frame_capture|Ad9233MultistageDecimator:anti_alias_fir|FirDecimatingStage:stage1|operand_coefficient[2][1]      ; Packed Register ; Register Packing ; Timing optimization            ; Q         ;                ; Ad9233FrameCapture:U2_frame_capture|Ad9233MultistageDecimator:anti_alias_fir|FirDecimatingStage:stage1|lpm_mult:Mult2|mult_c6t:auto_generated|mac_mult1 ; DATAB            ;                       ;
; Ad9233FrameCapture:U2_frame_capture|Ad9233MultistageDecimator:anti_alias_fir|FirDecimatingStage:stage1|operand_coefficient[2][2]      ; Packed Register ; Register Packing ; Timing optimization            ; Q         ;                ; Ad9233FrameCapture:U2_frame_capture|Ad9233MultistageDecimator:anti_alias_fir|FirDecimatingStage:stage1|lpm_mult:Mult2|mult_c6t:auto_generated|mac_mult1 ; DATAB            ;                       ;
; Ad9233FrameCapture:U2_frame_capture|Ad9233MultistageDecimator:anti_alias_fir|FirDecimatingStage:stage1|operand_coefficient[2][6]      ; Packed Register ; Register Packing ; Timing optimization            ; Q         ;                ; Ad9233FrameCapture:U2_frame_capture|Ad9233MultistageDecimator:anti_alias_fir|FirDecimatingStage:stage1|lpm_mult:Mult2|mult_c6t:auto_generated|mac_mult1 ; DATAB            ;                       ;
; Ad9233FrameCapture:U2_frame_capture|Ad9233MultistageDecimator:anti_alias_fir|FirDecimatingStage:stage1|operand_coefficient[2][7]      ; Packed Register ; Register Packing ; Timing optimization            ; Q         ;                ; Ad9233FrameCapture:U2_frame_capture|Ad9233MultistageDecimator:anti_alias_fir|FirDecimatingStage:stage1|lpm_mult:Mult2|mult_c6t:auto_generated|mac_mult1 ; DATAB            ;                       ;
; Ad9233FrameCapture:U2_frame_capture|Ad9233MultistageDecimator:anti_alias_fir|FirDecimatingStage:stage1|operand_coefficient[2][9]      ; Packed Register ; Register Packing ; Timing optimization            ; Q         ;                ; Ad9233FrameCapture:U2_frame_capture|Ad9233MultistageDecimator:anti_alias_fir|FirDecimatingStage:stage1|lpm_mult:Mult2|mult_c6t:auto_generated|mac_mult1 ; DATAB            ;                       ;
; Ad9233FrameCapture:U2_frame_capture|Ad9233MultistageDecimator:anti_alias_fir|FirDecimatingStage:stage1|operand_coefficient[2][10]     ; Packed Register ; Register Packing ; Timing optimization            ; Q         ;                ; Ad9233FrameCapture:U2_frame_capture|Ad9233MultistageDecimator:anti_alias_fir|FirDecimatingStage:stage1|lpm_mult:Mult2|mult_c6t:auto_generated|mac_mult1 ; DATAB            ;                       ;
; Ad9233FrameCapture:U2_frame_capture|Ad9233MultistageDecimator:anti_alias_fir|FirDecimatingStage:stage1|operand_coefficient[2][12]     ; Packed Register ; Register Packing ; Timing optimization            ; Q         ;                ; Ad9233FrameCapture:U2_frame_capture|Ad9233MultistageDecimator:anti_alias_fir|FirDecimatingStage:stage1|lpm_mult:Mult2|mult_c6t:auto_generated|mac_mult1 ; DATAB            ;                       ;
; Ad9233FrameCapture:U2_frame_capture|Ad9233MultistageDecimator:anti_alias_fir|FirDecimatingStage:stage1|operand_coefficient[2][13]     ; Packed Register ; Register Packing ; Timing optimization            ; Q         ;                ; Ad9233FrameCapture:U2_frame_capture|Ad9233MultistageDecimator:anti_alias_fir|FirDecimatingStage:stage1|lpm_mult:Mult2|mult_c6t:auto_generated|mac_mult1 ; DATAB            ;                       ;
; Ad9233FrameCapture:U2_frame_capture|Ad9233MultistageDecimator:anti_alias_fir|FirDecimatingStage:stage1|operand_coefficient[2][14]     ; Packed Register ; Register Packing ; Timing optimization            ; Q         ;                ; Ad9233FrameCapture:U2_frame_capture|Ad9233MultistageDecimator:anti_alias_fir|FirDecimatingStage:stage1|lpm_mult:Mult2|mult_c6t:auto_generated|mac_mult1 ; DATAB            ;                       ;
; Ad9233FrameCapture:U2_frame_capture|Ad9233MultistageDecimator:anti_alias_fir|FirDecimatingStage:stage1|operand_coefficient[2][15]     ; Packed Register ; Register Packing ; Timing optimization            ; Q         ;                ; Ad9233FrameCapture:U2_frame_capture|Ad9233MultistageDecimator:anti_alias_fir|FirDecimatingStage:stage1|lpm_mult:Mult2|mult_c6t:auto_generated|mac_mult1 ; DATAB            ;                       ;
; Ad9233FrameCapture:U2_frame_capture|Ad9233MultistageDecimator:anti_alias_fir|FirDecimatingStage:stage1|operand_coefficient[2][16]     ; Packed Register ; Register Packing ; Timing optimization            ; Q         ;                ; Ad9233FrameCapture:U2_frame_capture|Ad9233MultistageDecimator:anti_alias_fir|FirDecimatingStage:stage1|lpm_mult:Mult2|mult_c6t:auto_generated|mac_mult1 ; DATAB            ;                       ;
; Ad9233FrameCapture:U2_frame_capture|Ad9233MultistageDecimator:anti_alias_fir|FirDecimatingStage:stage1|operand_coefficient[2][17]     ; Packed Register ; Register Packing ; Timing optimization            ; Q         ;                ; Ad9233FrameCapture:U2_frame_capture|Ad9233MultistageDecimator:anti_alias_fir|FirDecimatingStage:stage1|lpm_mult:Mult2|mult_c6t:auto_generated|mac_mult1 ; DATAB            ;                       ;
; Ad9233FrameCapture:U2_frame_capture|Ad9233MultistageDecimator:anti_alias_fir|FirDecimatingStage:stage1|operand_sample[0][4]           ; Packed Register ; Register Packing ; Timing optimization            ; Q         ;                ; Ad9233FrameCapture:U2_frame_capture|Ad9233MultistageDecimator:anti_alias_fir|FirDecimatingStage:stage1|lpm_mult:Mult0|mult_c6t:auto_generated|mac_mult1 ; DATAA            ;                       ;
; Ad9233FrameCapture:U2_frame_capture|Ad9233MultistageDecimator:anti_alias_fir|FirDecimatingStage:stage1|operand_sample[0][5]           ; Packed Register ; Register Packing ; Timing optimization            ; Q         ;                ; Ad9233FrameCapture:U2_frame_capture|Ad9233MultistageDecimator:anti_alias_fir|FirDecimatingStage:stage1|lpm_mult:Mult0|mult_c6t:auto_generated|mac_mult1 ; DATAA            ;                       ;
; Ad9233FrameCapture:U2_frame_capture|Ad9233MultistageDecimator:anti_alias_fir|FirDecimatingStage:stage1|operand_sample[0][6]           ; Packed Register ; Register Packing ; Timing optimization            ; Q         ;                ; Ad9233FrameCapture:U2_frame_capture|Ad9233MultistageDecimator:anti_alias_fir|FirDecimatingStage:stage1|lpm_mult:Mult0|mult_c6t:auto_generated|mac_mult1 ; DATAA            ;                       ;
; Ad9233FrameCapture:U2_frame_capture|Ad9233MultistageDecimator:anti_alias_fir|FirDecimatingStage:stage1|operand_sample[0][7]           ; Packed Register ; Register Packing ; Timing optimization            ; Q         ;                ; Ad9233FrameCapture:U2_frame_capture|Ad9233MultistageDecimator:anti_alias_fir|FirDecimatingStage:stage1|lpm_mult:Mult0|mult_c6t:auto_generated|mac_mult1 ; DATAA            ;                       ;
; Ad9233FrameCapture:U2_frame_capture|Ad9233MultistageDecimator:anti_alias_fir|FirDecimatingStage:stage1|operand_sample[0][8]           ; Packed Register ; Register Packing ; Timing optimization            ; Q         ;                ; Ad9233FrameCapture:U2_frame_capture|Ad9233MultistageDecimator:anti_alias_fir|FirDecimatingStage:stage1|lpm_mult:Mult0|mult_c6t:auto_generated|mac_mult1 ; DATAA            ;                       ;
; Ad9233FrameCapture:U2_frame_capture|Ad9233MultistageDecimator:anti_alias_fir|FirDecimatingStage:stage1|operand_sample[0][9]           ; Packed Register ; Register Packing ; Timing optimization            ; Q         ;                ; Ad9233FrameCapture:U2_frame_capture|Ad9233MultistageDecimator:anti_alias_fir|FirDecimatingStage:stage1|lpm_mult:Mult0|mult_c6t:auto_generated|mac_mult1 ; DATAA            ;                       ;
; Ad9233FrameCapture:U2_frame_capture|Ad9233MultistageDecimator:anti_alias_fir|FirDecimatingStage:stage1|operand_sample[0][10]          ; Packed Register ; Register Packing ; Timing optimization            ; Q         ;                ; Ad9233FrameCapture:U2_frame_capture|Ad9233MultistageDecimator:anti_alias_fir|FirDecimatingStage:stage1|lpm_mult:Mult0|mult_c6t:auto_generated|mac_mult1 ; DATAA            ;                       ;
; Ad9233FrameCapture:U2_frame_capture|Ad9233MultistageDecimator:anti_alias_fir|FirDecimatingStage:stage1|operand_sample[0][11]          ; Packed Register ; Register Packing ; Timing optimization            ; Q         ;                ; Ad9233FrameCapture:U2_frame_capture|Ad9233MultistageDecimator:anti_alias_fir|FirDecimatingStage:stage1|lpm_mult:Mult0|mult_c6t:auto_generated|mac_mult1 ; DATAA            ;                       ;
; Ad9233FrameCapture:U2_frame_capture|Ad9233MultistageDecimator:anti_alias_fir|FirDecimatingStage:stage1|operand_sample[0][12]          ; Packed Register ; Register Packing ; Timing optimization            ; Q         ;                ; Ad9233FrameCapture:U2_frame_capture|Ad9233MultistageDecimator:anti_alias_fir|FirDecimatingStage:stage1|lpm_mult:Mult0|mult_c6t:auto_generated|mac_mult1 ; DATAA            ;                       ;
; Ad9233FrameCapture:U2_frame_capture|Ad9233MultistageDecimator:anti_alias_fir|FirDecimatingStage:stage1|operand_sample[0][13]          ; Packed Register ; Register Packing ; Timing optimization            ; Q         ;                ; Ad9233FrameCapture:U2_frame_capture|Ad9233MultistageDecimator:anti_alias_fir|FirDecimatingStage:stage1|lpm_mult:Mult0|mult_c6t:auto_generated|mac_mult1 ; DATAA            ;                       ;
; Ad9233FrameCapture:U2_frame_capture|Ad9233MultistageDecimator:anti_alias_fir|FirDecimatingStage:stage1|operand_sample[0][14]          ; Packed Register ; Register Packing ; Timing optimization            ; Q         ;                ; Ad9233FrameCapture:U2_frame_capture|Ad9233MultistageDecimator:anti_alias_fir|FirDecimatingStage:stage1|lpm_mult:Mult0|mult_c6t:auto_generated|mac_mult1 ; DATAA            ;                       ;
; Ad9233FrameCapture:U2_frame_capture|Ad9233MultistageDecimator:anti_alias_fir|FirDecimatingStage:stage1|operand_sample[0][15]          ; Packed Register ; Register Packing ; Timing optimization            ; Q         ;                ; Ad9233FrameCapture:U2_frame_capture|Ad9233MultistageDecimator:anti_alias_fir|FirDecimatingStage:stage1|lpm_mult:Mult0|mult_c6t:auto_generated|mac_mult1 ; DATAA            ;                       ;
; Ad9233FrameCapture:U2_frame_capture|Ad9233MultistageDecimator:anti_alias_fir|FirDecimatingStage:stage1|operand_sample[0][16]          ; Packed Register ; Register Packing ; Timing optimization            ; Q         ;                ; Ad9233FrameCapture:U2_frame_capture|Ad9233MultistageDecimator:anti_alias_fir|FirDecimatingStage:stage1|lpm_mult:Mult0|mult_c6t:auto_generated|mac_mult1 ; DATAA            ;                       ;
; Ad9233FrameCapture:U2_frame_capture|Ad9233MultistageDecimator:anti_alias_fir|FirDecimatingStage:stage1|operand_sample[0][17]          ; Packed Register ; Register Packing ; Timing optimization            ; Q         ;                ; Ad9233FrameCapture:U2_frame_capture|Ad9233MultistageDecimator:anti_alias_fir|FirDecimatingStage:stage1|lpm_mult:Mult0|mult_c6t:auto_generated|mac_mult1 ; DATAA            ;                       ;
; Ad9233FrameCapture:U2_frame_capture|Ad9233MultistageDecimator:anti_alias_fir|FirDecimatingStage:stage1|operand_sample[1][4]           ; Packed Register ; Register Packing ; Timing optimization            ; Q         ;                ; Ad9233FrameCapture:U2_frame_capture|Ad9233MultistageDecimator:anti_alias_fir|FirDecimatingStage:stage1|lpm_mult:Mult1|mult_c6t:auto_generated|mac_mult1 ; DATAA            ;                       ;
; Ad9233FrameCapture:U2_frame_capture|Ad9233MultistageDecimator:anti_alias_fir|FirDecimatingStage:stage1|operand_sample[1][5]           ; Packed Register ; Register Packing ; Timing optimization            ; Q         ;                ; Ad9233FrameCapture:U2_frame_capture|Ad9233MultistageDecimator:anti_alias_fir|FirDecimatingStage:stage1|lpm_mult:Mult1|mult_c6t:auto_generated|mac_mult1 ; DATAA            ;                       ;
; Ad9233FrameCapture:U2_frame_capture|Ad9233MultistageDecimator:anti_alias_fir|FirDecimatingStage:stage1|operand_sample[1][6]           ; Packed Register ; Register Packing ; Timing optimization            ; Q         ;                ; Ad9233FrameCapture:U2_frame_capture|Ad9233MultistageDecimator:anti_alias_fir|FirDecimatingStage:stage1|lpm_mult:Mult1|mult_c6t:auto_generated|mac_mult1 ; DATAA            ;                       ;
; Ad9233FrameCapture:U2_frame_capture|Ad9233MultistageDecimator:anti_alias_fir|FirDecimatingStage:stage1|operand_sample[1][7]           ; Packed Register ; Register Packing ; Timing optimization            ; Q         ;                ; Ad9233FrameCapture:U2_frame_capture|Ad9233MultistageDecimator:anti_alias_fir|FirDecimatingStage:stage1|lpm_mult:Mult1|mult_c6t:auto_generated|mac_mult1 ; DATAA            ;                       ;
; Ad9233FrameCapture:U2_frame_capture|Ad9233MultistageDecimator:anti_alias_fir|FirDecimatingStage:stage1|operand_sample[1][8]           ; Packed Register ; Register Packing ; Timing optimization            ; Q         ;                ; Ad9233FrameCapture:U2_frame_capture|Ad9233MultistageDecimator:anti_alias_fir|FirDecimatingStage:stage1|lpm_mult:Mult1|mult_c6t:auto_generated|mac_mult1 ; DATAA            ;                       ;
; Ad9233FrameCapture:U2_frame_capture|Ad9233MultistageDecimator:anti_alias_fir|FirDecimatingStage:stage1|operand_sample[1][9]           ; Packed Register ; Register Packing ; Timing optimization            ; Q         ;                ; Ad9233FrameCapture:U2_frame_capture|Ad9233MultistageDecimator:anti_alias_fir|FirDecimatingStage:stage1|lpm_mult:Mult1|mult_c6t:auto_generated|mac_mult1 ; DATAA            ;                       ;
; Ad9233FrameCapture:U2_frame_capture|Ad9233MultistageDecimator:anti_alias_fir|FirDecimatingStage:stage1|operand_sample[1][10]          ; Packed Register ; Register Packing ; Timing optimization            ; Q         ;                ; Ad9233FrameCapture:U2_frame_capture|Ad9233MultistageDecimator:anti_alias_fir|FirDecimatingStage:stage1|lpm_mult:Mult1|mult_c6t:auto_generated|mac_mult1 ; DATAA            ;                       ;
; Ad9233FrameCapture:U2_frame_capture|Ad9233MultistageDecimator:anti_alias_fir|FirDecimatingStage:stage1|operand_sample[1][11]          ; Packed Register ; Register Packing ; Timing optimization            ; Q         ;                ; Ad9233FrameCapture:U2_frame_capture|Ad9233MultistageDecimator:anti_alias_fir|FirDecimatingStage:stage1|lpm_mult:Mult1|mult_c6t:auto_generated|mac_mult1 ; DATAA            ;                       ;
; Ad9233FrameCapture:U2_frame_capture|Ad9233MultistageDecimator:anti_alias_fir|FirDecimatingStage:stage1|operand_sample[1][12]          ; Packed Register ; Register Packing ; Timing optimization            ; Q         ;                ; Ad9233FrameCapture:U2_frame_capture|Ad9233MultistageDecimator:anti_alias_fir|FirDecimatingStage:stage1|lpm_mult:Mult1|mult_c6t:auto_generated|mac_mult1 ; DATAA            ;                       ;
; Ad9233FrameCapture:U2_frame_capture|Ad9233MultistageDecimator:anti_alias_fir|FirDecimatingStage:stage1|operand_sample[1][13]          ; Packed Register ; Register Packing ; Timing optimization            ; Q         ;                ; Ad9233FrameCapture:U2_frame_capture|Ad9233MultistageDecimator:anti_alias_fir|FirDecimatingStage:stage1|lpm_mult:Mult1|mult_c6t:auto_generated|mac_mult1 ; DATAA            ;                       ;
; Ad9233FrameCapture:U2_frame_capture|Ad9233MultistageDecimator:anti_alias_fir|FirDecimatingStage:stage1|operand_sample[1][14]          ; Packed Register ; Register Packing ; Timing optimization            ; Q         ;                ; Ad9233FrameCapture:U2_frame_capture|Ad9233MultistageDecimator:anti_alias_fir|FirDecimatingStage:stage1|lpm_mult:Mult1|mult_c6t:auto_generated|mac_mult1 ; DATAA            ;                       ;
; Ad9233FrameCapture:U2_frame_capture|Ad9233MultistageDecimator:anti_alias_fir|FirDecimatingStage:stage1|operand_sample[1][15]          ; Packed Register ; Register Packing ; Timing optimization            ; Q         ;                ; Ad9233FrameCapture:U2_frame_capture|Ad9233MultistageDecimator:anti_alias_fir|FirDecimatingStage:stage1|lpm_mult:Mult1|mult_c6t:auto_generated|mac_mult1 ; DATAA            ;                       ;
; Ad9233FrameCapture:U2_frame_capture|Ad9233MultistageDecimator:anti_alias_fir|FirDecimatingStage:stage1|operand_sample[1][16]          ; Packed Register ; Register Packing ; Timing optimization            ; Q         ;                ; Ad9233FrameCapture:U2_frame_capture|Ad9233MultistageDecimator:anti_alias_fir|FirDecimatingStage:stage1|lpm_mult:Mult1|mult_c6t:auto_generated|mac_mult1 ; DATAA            ;                       ;
; Ad9233FrameCapture:U2_frame_capture|Ad9233MultistageDecimator:anti_alias_fir|FirDecimatingStage:stage1|operand_sample[1][17]          ; Packed Register ; Register Packing ; Timing optimization            ; Q         ;                ; Ad9233FrameCapture:U2_frame_capture|Ad9233MultistageDecimator:anti_alias_fir|FirDecimatingStage:stage1|lpm_mult:Mult1|mult_c6t:auto_generated|mac_mult1 ; DATAA            ;                       ;
; Ad9233FrameCapture:U2_frame_capture|Ad9233MultistageDecimator:anti_alias_fir|FirDecimatingStage:stage1|operand_sample[2][4]           ; Packed Register ; Register Packing ; Timing optimization            ; Q         ;                ; Ad9233FrameCapture:U2_frame_capture|Ad9233MultistageDecimator:anti_alias_fir|FirDecimatingStage:stage1|lpm_mult:Mult2|mult_c6t:auto_generated|mac_mult1 ; DATAA            ;                       ;
; Ad9233FrameCapture:U2_frame_capture|Ad9233MultistageDecimator:anti_alias_fir|FirDecimatingStage:stage1|operand_sample[2][5]           ; Packed Register ; Register Packing ; Timing optimization            ; Q         ;                ; Ad9233FrameCapture:U2_frame_capture|Ad9233MultistageDecimator:anti_alias_fir|FirDecimatingStage:stage1|lpm_mult:Mult2|mult_c6t:auto_generated|mac_mult1 ; DATAA            ;                       ;
; Ad9233FrameCapture:U2_frame_capture|Ad9233MultistageDecimator:anti_alias_fir|FirDecimatingStage:stage1|operand_sample[2][6]           ; Packed Register ; Register Packing ; Timing optimization            ; Q         ;                ; Ad9233FrameCapture:U2_frame_capture|Ad9233MultistageDecimator:anti_alias_fir|FirDecimatingStage:stage1|lpm_mult:Mult2|mult_c6t:auto_generated|mac_mult1 ; DATAA            ;                       ;
; Ad9233FrameCapture:U2_frame_capture|Ad9233MultistageDecimator:anti_alias_fir|FirDecimatingStage:stage1|operand_sample[2][7]           ; Packed Register ; Register Packing ; Timing optimization            ; Q         ;                ; Ad9233FrameCapture:U2_frame_capture|Ad9233MultistageDecimator:anti_alias_fir|FirDecimatingStage:stage1|lpm_mult:Mult2|mult_c6t:auto_generated|mac_mult1 ; DATAA            ;                       ;
; Ad9233FrameCapture:U2_frame_capture|Ad9233MultistageDecimator:anti_alias_fir|FirDecimatingStage:stage1|operand_sample[2][8]           ; Packed Register ; Register Packing ; Timing optimization            ; Q         ;                ; Ad9233FrameCapture:U2_frame_capture|Ad9233MultistageDecimator:anti_alias_fir|FirDecimatingStage:stage1|lpm_mult:Mult2|mult_c6t:auto_generated|mac_mult1 ; DATAA            ;                       ;
; Ad9233FrameCapture:U2_frame_capture|Ad9233MultistageDecimator:anti_alias_fir|FirDecimatingStage:stage1|operand_sample[2][9]           ; Packed Register ; Register Packing ; Timing optimization            ; Q         ;                ; Ad9233FrameCapture:U2_frame_capture|Ad9233MultistageDecimator:anti_alias_fir|FirDecimatingStage:stage1|lpm_mult:Mult2|mult_c6t:auto_generated|mac_mult1 ; DATAA            ;                       ;
; Ad9233FrameCapture:U2_frame_capture|Ad9233MultistageDecimator:anti_alias_fir|FirDecimatingStage:stage1|operand_sample[2][10]          ; Packed Register ; Register Packing ; Timing optimization            ; Q         ;                ; Ad9233FrameCapture:U2_frame_capture|Ad9233MultistageDecimator:anti_alias_fir|FirDecimatingStage:stage1|lpm_mult:Mult2|mult_c6t:auto_generated|mac_mult1 ; DATAA            ;                       ;
; Ad9233FrameCapture:U2_frame_capture|Ad9233MultistageDecimator:anti_alias_fir|FirDecimatingStage:stage1|operand_sample[2][11]          ; Packed Register ; Register Packing ; Timing optimization            ; Q         ;                ; Ad9233FrameCapture:U2_frame_capture|Ad9233MultistageDecimator:anti_alias_fir|FirDecimatingStage:stage1|lpm_mult:Mult2|mult_c6t:auto_generated|mac_mult1 ; DATAA            ;                       ;
; Ad9233FrameCapture:U2_frame_capture|Ad9233MultistageDecimator:anti_alias_fir|FirDecimatingStage:stage1|operand_sample[2][12]          ; Packed Register ; Register Packing ; Timing optimization            ; Q         ;                ; Ad9233FrameCapture:U2_frame_capture|Ad9233MultistageDecimator:anti_alias_fir|FirDecimatingStage:stage1|lpm_mult:Mult2|mult_c6t:auto_generated|mac_mult1 ; DATAA            ;                       ;
; Ad9233FrameCapture:U2_frame_capture|Ad9233MultistageDecimator:anti_alias_fir|FirDecimatingStage:stage1|operand_sample[2][13]          ; Packed Register ; Register Packing ; Timing optimization            ; Q         ;                ; Ad9233FrameCapture:U2_frame_capture|Ad9233MultistageDecimator:anti_alias_fir|FirDecimatingStage:stage1|lpm_mult:Mult2|mult_c6t:auto_generated|mac_mult1 ; DATAA            ;                       ;
; Ad9233FrameCapture:U2_frame_capture|Ad9233MultistageDecimator:anti_alias_fir|FirDecimatingStage:stage1|operand_sample[2][14]          ; Packed Register ; Register Packing ; Timing optimization            ; Q         ;                ; Ad9233FrameCapture:U2_frame_capture|Ad9233MultistageDecimator:anti_alias_fir|FirDecimatingStage:stage1|lpm_mult:Mult2|mult_c6t:auto_generated|mac_mult1 ; DATAA            ;                       ;
; Ad9233FrameCapture:U2_frame_capture|Ad9233MultistageDecimator:anti_alias_fir|FirDecimatingStage:stage1|operand_sample[2][15]          ; Packed Register ; Register Packing ; Timing optimization            ; Q         ;                ; Ad9233FrameCapture:U2_frame_capture|Ad9233MultistageDecimator:anti_alias_fir|FirDecimatingStage:stage1|lpm_mult:Mult2|mult_c6t:auto_generated|mac_mult1 ; DATAA            ;                       ;
; Ad9233FrameCapture:U2_frame_capture|Ad9233MultistageDecimator:anti_alias_fir|FirDecimatingStage:stage1|operand_sample[2][16]          ; Packed Register ; Register Packing ; Timing optimization            ; Q         ;                ; Ad9233FrameCapture:U2_frame_capture|Ad9233MultistageDecimator:anti_alias_fir|FirDecimatingStage:stage1|lpm_mult:Mult2|mult_c6t:auto_generated|mac_mult1 ; DATAA            ;                       ;
; Ad9233FrameCapture:U2_frame_capture|Ad9233MultistageDecimator:anti_alias_fir|FirDecimatingStage:stage1|operand_sample[2][17]          ; Packed Register ; Register Packing ; Timing optimization            ; Q         ;                ; Ad9233FrameCapture:U2_frame_capture|Ad9233MultistageDecimator:anti_alias_fir|FirDecimatingStage:stage1|lpm_mult:Mult2|mult_c6t:auto_generated|mac_mult1 ; DATAA            ;                       ;
; Ad9233FrameCapture:U2_frame_capture|Ad9233MultistageDecimator:anti_alias_fir|FirDecimatingStage:stage1|product_pipe[3][4]             ; Packed Register ; Register Packing ; Timing optimization            ; Q         ;                ; Ad9233FrameCapture:U2_frame_capture|Ad9233MultistageDecimator:anti_alias_fir|FirDecimatingStage:stage1|lpm_mult:Mult3|mult_c6t:auto_generated|mac_out2  ; DATAOUT          ;                       ;
; Ad9233FrameCapture:U2_frame_capture|Ad9233MultistageDecimator:anti_alias_fir|FirDecimatingStage:stage1|product_pipe[3][5]             ; Packed Register ; Register Packing ; Timing optimization            ; Q         ;                ; Ad9233FrameCapture:U2_frame_capture|Ad9233MultistageDecimator:anti_alias_fir|FirDecimatingStage:stage1|lpm_mult:Mult3|mult_c6t:auto_generated|mac_out2  ; DATAOUT          ;                       ;
; Ad9233FrameCapture:U2_frame_capture|Ad9233MultistageDecimator:anti_alias_fir|FirDecimatingStage:stage1|product_pipe[3][6]             ; Packed Register ; Register Packing ; Timing optimization            ; Q         ;                ; Ad9233FrameCapture:U2_frame_capture|Ad9233MultistageDecimator:anti_alias_fir|FirDecimatingStage:stage1|lpm_mult:Mult3|mult_c6t:auto_generated|mac_out2  ; DATAOUT          ;                       ;
; Ad9233FrameCapture:U2_frame_capture|Ad9233MultistageDecimator:anti_alias_fir|FirDecimatingStage:stage1|product_pipe[3][7]             ; Packed Register ; Register Packing ; Timing optimization            ; Q         ;                ; Ad9233FrameCapture:U2_frame_capture|Ad9233MultistageDecimator:anti_alias_fir|FirDecimatingStage:stage1|lpm_mult:Mult3|mult_c6t:auto_generated|mac_out2  ; DATAOUT          ;                       ;
; Ad9233FrameCapture:U2_frame_capture|Ad9233MultistageDecimator:anti_alias_fir|FirDecimatingStage:stage1|product_pipe[3][8]             ; Packed Register ; Register Packing ; Timing optimization            ; Q         ;                ; Ad9233FrameCapture:U2_frame_capture|Ad9233MultistageDecimator:anti_alias_fir|FirDecimatingStage:stage1|lpm_mult:Mult3|mult_c6t:auto_generated|mac_out2  ; DATAOUT          ;                       ;
; Ad9233FrameCapture:U2_frame_capture|Ad9233MultistageDecimator:anti_alias_fir|FirDecimatingStage:stage1|product_pipe[3][9]             ; Packed Register ; Register Packing ; Timing optimization            ; Q         ;                ; Ad9233FrameCapture:U2_frame_capture|Ad9233MultistageDecimator:anti_alias_fir|FirDecimatingStage:stage1|lpm_mult:Mult3|mult_c6t:auto_generated|mac_out2  ; DATAOUT          ;                       ;
; Ad9233FrameCapture:U2_frame_capture|Ad9233MultistageDecimator:anti_alias_fir|FirDecimatingStage:stage1|product_pipe[3][10]            ; Packed Register ; Register Packing ; Timing optimization            ; Q         ;                ; Ad9233FrameCapture:U2_frame_capture|Ad9233MultistageDecimator:anti_alias_fir|FirDecimatingStage:stage1|lpm_mult:Mult3|mult_c6t:auto_generated|mac_out2  ; DATAOUT          ;                       ;
; Ad9233FrameCapture:U2_frame_capture|Ad9233MultistageDecimator:anti_alias_fir|FirDecimatingStage:stage1|product_pipe[3][11]            ; Packed Register ; Register Packing ; Timing optimization            ; Q         ;                ; Ad9233FrameCapture:U2_frame_capture|Ad9233MultistageDecimator:anti_alias_fir|FirDecimatingStage:stage1|lpm_mult:Mult3|mult_c6t:auto_generated|mac_out2  ; DATAOUT          ;                       ;
; Ad9233FrameCapture:U2_frame_capture|Ad9233MultistageDecimator:anti_alias_fir|FirDecimatingStage:stage1|product_pipe[3][12]            ; Packed Register ; Register Packing ; Timing optimization            ; Q         ;                ; Ad9233FrameCapture:U2_frame_capture|Ad9233MultistageDecimator:anti_alias_fir|FirDecimatingStage:stage1|lpm_mult:Mult3|mult_c6t:auto_generated|mac_out2  ; DATAOUT          ;                       ;
; Ad9233FrameCapture:U2_frame_capture|Ad9233MultistageDecimator:anti_alias_fir|FirDecimatingStage:stage1|product_pipe[3][13]            ; Packed Register ; Register Packing ; Timing optimization            ; Q         ;                ; Ad9233FrameCapture:U2_frame_capture|Ad9233MultistageDecimator:anti_alias_fir|FirDecimatingStage:stage1|lpm_mult:Mult3|mult_c6t:auto_generated|mac_out2  ; DATAOUT          ;                       ;
; Ad9233FrameCapture:U2_frame_capture|Ad9233MultistageDecimator:anti_alias_fir|FirDecimatingStage:stage1|product_pipe[3][14]            ; Packed Register ; Register Packing ; Timing optimization            ; Q         ;                ; Ad9233FrameCapture:U2_frame_capture|Ad9233MultistageDecimator:anti_alias_fir|FirDecimatingStage:stage1|lpm_mult:Mult3|mult_c6t:auto_generated|mac_out2  ; DATAOUT          ;                       ;
; Ad9233FrameCapture:U2_frame_capture|Ad9233MultistageDecimator:anti_alias_fir|FirDecimatingStage:stage1|product_pipe[3][15]            ; Packed Register ; Register Packing ; Timing optimization            ; Q         ;                ; Ad9233FrameCapture:U2_frame_capture|Ad9233MultistageDecimator:anti_alias_fir|FirDecimatingStage:stage1|lpm_mult:Mult3|mult_c6t:auto_generated|mac_out2  ; DATAOUT          ;                       ;
; Ad9233FrameCapture:U2_frame_capture|Ad9233MultistageDecimator:anti_alias_fir|FirDecimatingStage:stage1|product_pipe[3][16]            ; Packed Register ; Register Packing ; Timing optimization            ; Q         ;                ; Ad9233FrameCapture:U2_frame_capture|Ad9233MultistageDecimator:anti_alias_fir|FirDecimatingStage:stage1|lpm_mult:Mult3|mult_c6t:auto_generated|mac_out2  ; DATAOUT          ;                       ;
; Ad9233FrameCapture:U2_frame_capture|Ad9233MultistageDecimator:anti_alias_fir|FirDecimatingStage:stage1|product_pipe[3][17]            ; Packed Register ; Register Packing ; Timing optimization            ; Q         ;                ; Ad9233FrameCapture:U2_frame_capture|Ad9233MultistageDecimator:anti_alias_fir|FirDecimatingStage:stage1|lpm_mult:Mult3|mult_c6t:auto_generated|mac_out2  ; DATAOUT          ;                       ;
; Ad9233FrameCapture:U2_frame_capture|Ad9233MultistageDecimator:anti_alias_fir|FirDecimatingStage:stage1|product_pipe[3][18]            ; Packed Register ; Register Packing ; Timing optimization            ; Q         ;                ; Ad9233FrameCapture:U2_frame_capture|Ad9233MultistageDecimator:anti_alias_fir|FirDecimatingStage:stage1|lpm_mult:Mult3|mult_c6t:auto_generated|mac_out2  ; DATAOUT          ;                       ;
; Ad9233FrameCapture:U2_frame_capture|Ad9233MultistageDecimator:anti_alias_fir|FirDecimatingStage:stage1|product_pipe[3][19]            ; Packed Register ; Register Packing ; Timing optimization            ; Q         ;                ; Ad9233FrameCapture:U2_frame_capture|Ad9233MultistageDecimator:anti_alias_fir|FirDecimatingStage:stage1|lpm_mult:Mult3|mult_c6t:auto_generated|mac_out2  ; DATAOUT          ;                       ;
; Ad9233FrameCapture:U2_frame_capture|Ad9233MultistageDecimator:anti_alias_fir|FirDecimatingStage:stage1|product_pipe[3][20]            ; Packed Register ; Register Packing ; Timing optimization            ; Q         ;                ; Ad9233FrameCapture:U2_frame_capture|Ad9233MultistageDecimator:anti_alias_fir|FirDecimatingStage:stage1|lpm_mult:Mult3|mult_c6t:auto_generated|mac_out2  ; DATAOUT          ;                       ;
; Ad9233FrameCapture:U2_frame_capture|Ad9233MultistageDecimator:anti_alias_fir|FirDecimatingStage:stage1|product_pipe[3][21]            ; Packed Register ; Register Packing ; Timing optimization            ; Q         ;                ; Ad9233FrameCapture:U2_frame_capture|Ad9233MultistageDecimator:anti_alias_fir|FirDecimatingStage:stage1|lpm_mult:Mult3|mult_c6t:auto_generated|mac_out2  ; DATAOUT          ;                       ;
; Ad9233FrameCapture:U2_frame_capture|Ad9233MultistageDecimator:anti_alias_fir|FirDecimatingStage:stage1|product_pipe[3][22]            ; Packed Register ; Register Packing ; Timing optimization            ; Q         ;                ; Ad9233FrameCapture:U2_frame_capture|Ad9233MultistageDecimator:anti_alias_fir|FirDecimatingStage:stage1|lpm_mult:Mult3|mult_c6t:auto_generated|mac_out2  ; DATAOUT          ;                       ;
; Ad9233FrameCapture:U2_frame_capture|Ad9233MultistageDecimator:anti_alias_fir|FirDecimatingStage:stage1|product_pipe[3][23]            ; Packed Register ; Register Packing ; Timing optimization            ; Q         ;                ; Ad9233FrameCapture:U2_frame_capture|Ad9233MultistageDecimator:anti_alias_fir|FirDecimatingStage:stage1|lpm_mult:Mult3|mult_c6t:auto_generated|mac_out2  ; DATAOUT          ;                       ;
; Ad9233FrameCapture:U2_frame_capture|Ad9233MultistageDecimator:anti_alias_fir|FirDecimatingStage:stage1|product_pipe[3][24]            ; Packed Register ; Register Packing ; Timing optimization            ; Q         ;                ; Ad9233FrameCapture:U2_frame_capture|Ad9233MultistageDecimator:anti_alias_fir|FirDecimatingStage:stage1|lpm_mult:Mult3|mult_c6t:auto_generated|mac_out2  ; DATAOUT          ;                       ;
; Ad9233FrameCapture:U2_frame_capture|Ad9233MultistageDecimator:anti_alias_fir|FirDecimatingStage:stage1|product_pipe[3][25]            ; Packed Register ; Register Packing ; Timing optimization            ; Q         ;                ; Ad9233FrameCapture:U2_frame_capture|Ad9233MultistageDecimator:anti_alias_fir|FirDecimatingStage:stage1|lpm_mult:Mult3|mult_c6t:auto_generated|mac_out2  ; DATAOUT          ;                       ;
; Ad9233FrameCapture:U2_frame_capture|Ad9233MultistageDecimator:anti_alias_fir|FirDecimatingStage:stage1|product_pipe[3][26]            ; Packed Register ; Register Packing ; Timing optimization            ; Q         ;                ; Ad9233FrameCapture:U2_frame_capture|Ad9233MultistageDecimator:anti_alias_fir|FirDecimatingStage:stage1|lpm_mult:Mult3|mult_c6t:auto_generated|mac_out2  ; DATAOUT          ;                       ;
; Ad9233FrameCapture:U2_frame_capture|Ad9233MultistageDecimator:anti_alias_fir|FirDecimatingStage:stage1|product_pipe[3][27]            ; Packed Register ; Register Packing ; Timing optimization            ; Q         ;                ; Ad9233FrameCapture:U2_frame_capture|Ad9233MultistageDecimator:anti_alias_fir|FirDecimatingStage:stage1|lpm_mult:Mult3|mult_c6t:auto_generated|mac_out2  ; DATAOUT          ;                       ;
; Ad9233FrameCapture:U2_frame_capture|Ad9233MultistageDecimator:anti_alias_fir|FirDecimatingStage:stage1|product_pipe[3][28]            ; Packed Register ; Register Packing ; Timing optimization            ; Q         ;                ; Ad9233FrameCapture:U2_frame_capture|Ad9233MultistageDecimator:anti_alias_fir|FirDecimatingStage:stage1|lpm_mult:Mult3|mult_c6t:auto_generated|mac_out2  ; DATAOUT          ;                       ;
; Ad9233FrameCapture:U2_frame_capture|Ad9233MultistageDecimator:anti_alias_fir|FirDecimatingStage:stage1|product_pipe[3][29]            ; Packed Register ; Register Packing ; Timing optimization            ; Q         ;                ; Ad9233FrameCapture:U2_frame_capture|Ad9233MultistageDecimator:anti_alias_fir|FirDecimatingStage:stage1|lpm_mult:Mult3|mult_c6t:auto_generated|mac_out2  ; DATAOUT          ;                       ;
; Ad9233FrameCapture:U2_frame_capture|Ad9233MultistageDecimator:anti_alias_fir|FirDecimatingStage:stage1|product_pipe[3][30]            ; Packed Register ; Register Packing ; Timing optimization            ; Q         ;                ; Ad9233FrameCapture:U2_frame_capture|Ad9233MultistageDecimator:anti_alias_fir|FirDecimatingStage:stage1|lpm_mult:Mult3|mult_c6t:auto_generated|mac_out2  ; DATAOUT          ;                       ;
; Ad9233FrameCapture:U2_frame_capture|Ad9233MultistageDecimator:anti_alias_fir|FirDecimatingStage:stage1|product_pipe[3][31]            ; Packed Register ; Register Packing ; Timing optimization            ; Q         ;                ; Ad9233FrameCapture:U2_frame_capture|Ad9233MultistageDecimator:anti_alias_fir|FirDecimatingStage:stage1|lpm_mult:Mult3|mult_c6t:auto_generated|mac_out2  ; DATAOUT          ;                       ;
; Ad9233FrameCapture:U2_frame_capture|Ad9233MultistageDecimator:anti_alias_fir|FirDecimatingStage:stage1|product_pipe[3][32]            ; Packed Register ; Register Packing ; Timing optimization            ; Q         ;                ; Ad9233FrameCapture:U2_frame_capture|Ad9233MultistageDecimator:anti_alias_fir|FirDecimatingStage:stage1|lpm_mult:Mult3|mult_c6t:auto_generated|mac_out2  ; DATAOUT          ;                       ;
; Ad9233FrameCapture:U2_frame_capture|Ad9233MultistageDecimator:anti_alias_fir|FirDecimatingStage:stage1|product_pipe[3][33]            ; Packed Register ; Register Packing ; Timing optimization            ; Q         ;                ; Ad9233FrameCapture:U2_frame_capture|Ad9233MultistageDecimator:anti_alias_fir|FirDecimatingStage:stage1|lpm_mult:Mult3|mult_c6t:auto_generated|mac_out2  ; DATAOUT          ;                       ;
; Ad9233FrameCapture:U2_frame_capture|Ad9233MultistageDecimator:anti_alias_fir|FirDecimatingStage:stage1|product_pipe[3][34]            ; Packed Register ; Register Packing ; Timing optimization            ; Q         ;                ; Ad9233FrameCapture:U2_frame_capture|Ad9233MultistageDecimator:anti_alias_fir|FirDecimatingStage:stage1|lpm_mult:Mult3|mult_c6t:auto_generated|mac_out2  ; DATAOUT          ;                       ;
; Ad9233FrameCapture:U2_frame_capture|Ad9233MultistageDecimator:anti_alias_fir|FirDecimatingStage:stage1|product_pipe[3][35]            ; Packed Register ; Register Packing ; Timing optimization            ; Q         ;                ; Ad9233FrameCapture:U2_frame_capture|Ad9233MultistageDecimator:anti_alias_fir|FirDecimatingStage:stage1|lpm_mult:Mult3|mult_c6t:auto_generated|mac_out2  ; DATAOUT          ;                       ;
; Ad9233FrameCapture:U2_frame_capture|Ad9233MultistageDecimator:anti_alias_fir|FirDecimatingStage:stage2|operand_coefficient[1][0]      ; Packed Register ; Register Packing ; Timing optimization            ; Q         ;                ; Ad9233FrameCapture:U2_frame_capture|Ad9233MultistageDecimator:anti_alias_fir|FirDecimatingStage:stage2|lpm_mult:Mult1|mult_c6t:auto_generated|mac_mult1 ; DATAB            ;                       ;
; Ad9233FrameCapture:U2_frame_capture|Ad9233MultistageDecimator:anti_alias_fir|FirDecimatingStage:stage2|operand_coefficient[1][1]      ; Packed Register ; Register Packing ; Timing optimization            ; Q         ;                ; Ad9233FrameCapture:U2_frame_capture|Ad9233MultistageDecimator:anti_alias_fir|FirDecimatingStage:stage2|lpm_mult:Mult1|mult_c6t:auto_generated|mac_mult1 ; DATAB            ;                       ;
; Ad9233FrameCapture:U2_frame_capture|Ad9233MultistageDecimator:anti_alias_fir|FirDecimatingStage:stage2|operand_coefficient[1][2]      ; Packed Register ; Register Packing ; Timing optimization            ; Q         ;                ; Ad9233FrameCapture:U2_frame_capture|Ad9233MultistageDecimator:anti_alias_fir|FirDecimatingStage:stage2|lpm_mult:Mult1|mult_c6t:auto_generated|mac_mult1 ; DATAB            ;                       ;
; Ad9233FrameCapture:U2_frame_capture|Ad9233MultistageDecimator:anti_alias_fir|FirDecimatingStage:stage2|operand_coefficient[1][3]      ; Packed Register ; Register Packing ; Timing optimization            ; Q         ;                ; Ad9233FrameCapture:U2_frame_capture|Ad9233MultistageDecimator:anti_alias_fir|FirDecimatingStage:stage2|lpm_mult:Mult1|mult_c6t:auto_generated|mac_mult1 ; DATAB            ;                       ;
; Ad9233FrameCapture:U2_frame_capture|Ad9233MultistageDecimator:anti_alias_fir|FirDecimatingStage:stage2|operand_coefficient[1][4]      ; Packed Register ; Register Packing ; Timing optimization            ; Q         ;                ; Ad9233FrameCapture:U2_frame_capture|Ad9233MultistageDecimator:anti_alias_fir|FirDecimatingStage:stage2|lpm_mult:Mult1|mult_c6t:auto_generated|mac_mult1 ; DATAB            ;                       ;
; Ad9233FrameCapture:U2_frame_capture|Ad9233MultistageDecimator:anti_alias_fir|FirDecimatingStage:stage2|operand_coefficient[1][5]      ; Packed Register ; Register Packing ; Timing optimization            ; Q         ;                ; Ad9233FrameCapture:U2_frame_capture|Ad9233MultistageDecimator:anti_alias_fir|FirDecimatingStage:stage2|lpm_mult:Mult1|mult_c6t:auto_generated|mac_mult1 ; DATAB            ;                       ;
; Ad9233FrameCapture:U2_frame_capture|Ad9233MultistageDecimator:anti_alias_fir|FirDecimatingStage:stage2|operand_coefficient[1][6]      ; Packed Register ; Register Packing ; Timing optimization            ; Q         ;                ; Ad9233FrameCapture:U2_frame_capture|Ad9233MultistageDecimator:anti_alias_fir|FirDecimatingStage:stage2|lpm_mult:Mult1|mult_c6t:auto_generated|mac_mult1 ; DATAB            ;                       ;
; Ad9233FrameCapture:U2_frame_capture|Ad9233MultistageDecimator:anti_alias_fir|FirDecimatingStage:stage2|operand_coefficient[1][7]      ; Packed Register ; Register Packing ; Timing optimization            ; Q         ;                ; Ad9233FrameCapture:U2_frame_capture|Ad9233MultistageDecimator:anti_alias_fir|FirDecimatingStage:stage2|lpm_mult:Mult1|mult_c6t:auto_generated|mac_mult1 ; DATAB            ;                       ;
; Ad9233FrameCapture:U2_frame_capture|Ad9233MultistageDecimator:anti_alias_fir|FirDecimatingStage:stage2|operand_coefficient[1][8]      ; Packed Register ; Register Packing ; Timing optimization            ; Q         ;                ; Ad9233FrameCapture:U2_frame_capture|Ad9233MultistageDecimator:anti_alias_fir|FirDecimatingStage:stage2|lpm_mult:Mult1|mult_c6t:auto_generated|mac_mult1 ; DATAB            ;                       ;
; Ad9233FrameCapture:U2_frame_capture|Ad9233MultistageDecimator:anti_alias_fir|FirDecimatingStage:stage2|operand_coefficient[1][9]      ; Packed Register ; Register Packing ; Timing optimization            ; Q         ;                ; Ad9233FrameCapture:U2_frame_capture|Ad9233MultistageDecimator:anti_alias_fir|FirDecimatingStage:stage2|lpm_mult:Mult1|mult_c6t:auto_generated|mac_mult1 ; DATAB            ;                       ;
; Ad9233FrameCapture:U2_frame_capture|Ad9233MultistageDecimator:anti_alias_fir|FirDecimatingStage:stage2|operand_coefficient[1][10]     ; Packed Register ; Register Packing ; Timing optimization            ; Q         ;                ; Ad9233FrameCapture:U2_frame_capture|Ad9233MultistageDecimator:anti_alias_fir|FirDecimatingStage:stage2|lpm_mult:Mult1|mult_c6t:auto_generated|mac_mult1 ; DATAB            ;                       ;
; Ad9233FrameCapture:U2_frame_capture|Ad9233MultistageDecimator:anti_alias_fir|FirDecimatingStage:stage2|operand_coefficient[1][11]     ; Packed Register ; Register Packing ; Timing optimization            ; Q         ;                ; Ad9233FrameCapture:U2_frame_capture|Ad9233MultistageDecimator:anti_alias_fir|FirDecimatingStage:stage2|lpm_mult:Mult1|mult_c6t:auto_generated|mac_mult1 ; DATAB            ;                       ;
; Ad9233FrameCapture:U2_frame_capture|Ad9233MultistageDecimator:anti_alias_fir|FirDecimatingStage:stage2|operand_coefficient[1][12]     ; Packed Register ; Register Packing ; Timing optimization            ; Q         ;                ; Ad9233FrameCapture:U2_frame_capture|Ad9233MultistageDecimator:anti_alias_fir|FirDecimatingStage:stage2|lpm_mult:Mult1|mult_c6t:auto_generated|mac_mult1 ; DATAB            ;                       ;
; Ad9233FrameCapture:U2_frame_capture|Ad9233MultistageDecimator:anti_alias_fir|FirDecimatingStage:stage2|operand_coefficient[1][13]     ; Packed Register ; Register Packing ; Timing optimization            ; Q         ;                ; Ad9233FrameCapture:U2_frame_capture|Ad9233MultistageDecimator:anti_alias_fir|FirDecimatingStage:stage2|lpm_mult:Mult1|mult_c6t:auto_generated|mac_mult1 ; DATAB            ;                       ;
; Ad9233FrameCapture:U2_frame_capture|Ad9233MultistageDecimator:anti_alias_fir|FirDecimatingStage:stage2|operand_coefficient[1][14]     ; Packed Register ; Register Packing ; Timing optimization            ; Q         ;                ; Ad9233FrameCapture:U2_frame_capture|Ad9233MultistageDecimator:anti_alias_fir|FirDecimatingStage:stage2|lpm_mult:Mult1|mult_c6t:auto_generated|mac_mult1 ; DATAB            ;                       ;
; Ad9233FrameCapture:U2_frame_capture|Ad9233MultistageDecimator:anti_alias_fir|FirDecimatingStage:stage2|operand_coefficient[1][15]     ; Packed Register ; Register Packing ; Timing optimization            ; Q         ;                ; Ad9233FrameCapture:U2_frame_capture|Ad9233MultistageDecimator:anti_alias_fir|FirDecimatingStage:stage2|lpm_mult:Mult1|mult_c6t:auto_generated|mac_mult1 ; DATAB            ;                       ;
; Ad9233FrameCapture:U2_frame_capture|Ad9233MultistageDecimator:anti_alias_fir|FirDecimatingStage:stage2|operand_coefficient[1][16]     ; Packed Register ; Register Packing ; Timing optimization            ; Q         ;                ; Ad9233FrameCapture:U2_frame_capture|Ad9233MultistageDecimator:anti_alias_fir|FirDecimatingStage:stage2|lpm_mult:Mult1|mult_c6t:auto_generated|mac_mult1 ; DATAB            ;                       ;
; Ad9233FrameCapture:U2_frame_capture|Ad9233MultistageDecimator:anti_alias_fir|FirDecimatingStage:stage2|operand_coefficient[1][17]     ; Packed Register ; Register Packing ; Timing optimization            ; Q         ;                ; Ad9233FrameCapture:U2_frame_capture|Ad9233MultistageDecimator:anti_alias_fir|FirDecimatingStage:stage2|lpm_mult:Mult1|mult_c6t:auto_generated|mac_mult1 ; DATAB            ;                       ;
; Ad9233FrameCapture:U2_frame_capture|Ad9233MultistageDecimator:anti_alias_fir|FirDecimatingStage:stage2|operand_sample[1][0]           ; Packed Register ; Register Packing ; Timing optimization            ; Q         ;                ; Ad9233FrameCapture:U2_frame_capture|Ad9233MultistageDecimator:anti_alias_fir|FirDecimatingStage:stage2|lpm_mult:Mult1|mult_c6t:auto_generated|mac_mult1 ; DATAA            ;                       ;
; Ad9233FrameCapture:U2_frame_capture|Ad9233MultistageDecimator:anti_alias_fir|FirDecimatingStage:stage2|operand_sample[1][0]~SCLR_LUT  ; Created         ; Register Packing ; Timing optimization            ;           ;                ;                                                                                                                                                         ;                  ;                       ;
; Ad9233FrameCapture:U2_frame_capture|Ad9233MultistageDecimator:anti_alias_fir|FirDecimatingStage:stage2|operand_sample[1][1]           ; Packed Register ; Register Packing ; Timing optimization            ; Q         ;                ; Ad9233FrameCapture:U2_frame_capture|Ad9233MultistageDecimator:anti_alias_fir|FirDecimatingStage:stage2|lpm_mult:Mult1|mult_c6t:auto_generated|mac_mult1 ; DATAA            ;                       ;
; Ad9233FrameCapture:U2_frame_capture|Ad9233MultistageDecimator:anti_alias_fir|FirDecimatingStage:stage2|operand_sample[1][1]~SCLR_LUT  ; Created         ; Register Packing ; Timing optimization            ;           ;                ;                                                                                                                                                         ;                  ;                       ;
; Ad9233FrameCapture:U2_frame_capture|Ad9233MultistageDecimator:anti_alias_fir|FirDecimatingStage:stage2|operand_sample[1][2]           ; Packed Register ; Register Packing ; Timing optimization            ; Q         ;                ; Ad9233FrameCapture:U2_frame_capture|Ad9233MultistageDecimator:anti_alias_fir|FirDecimatingStage:stage2|lpm_mult:Mult1|mult_c6t:auto_generated|mac_mult1 ; DATAA            ;                       ;
; Ad9233FrameCapture:U2_frame_capture|Ad9233MultistageDecimator:anti_alias_fir|FirDecimatingStage:stage2|operand_sample[1][2]~SCLR_LUT  ; Created         ; Register Packing ; Timing optimization            ;           ;                ;                                                                                                                                                         ;                  ;                       ;
; Ad9233FrameCapture:U2_frame_capture|Ad9233MultistageDecimator:anti_alias_fir|FirDecimatingStage:stage2|operand_sample[1][3]           ; Packed Register ; Register Packing ; Timing optimization            ; Q         ;                ; Ad9233FrameCapture:U2_frame_capture|Ad9233MultistageDecimator:anti_alias_fir|FirDecimatingStage:stage2|lpm_mult:Mult1|mult_c6t:auto_generated|mac_mult1 ; DATAA            ;                       ;
; Ad9233FrameCapture:U2_frame_capture|Ad9233MultistageDecimator:anti_alias_fir|FirDecimatingStage:stage2|operand_sample[1][3]~SCLR_LUT  ; Created         ; Register Packing ; Timing optimization            ;           ;                ;                                                                                                                                                         ;                  ;                       ;
; Ad9233FrameCapture:U2_frame_capture|Ad9233MultistageDecimator:anti_alias_fir|FirDecimatingStage:stage2|operand_sample[1][4]           ; Packed Register ; Register Packing ; Timing optimization            ; Q         ;                ; Ad9233FrameCapture:U2_frame_capture|Ad9233MultistageDecimator:anti_alias_fir|FirDecimatingStage:stage2|lpm_mult:Mult1|mult_c6t:auto_generated|mac_mult1 ; DATAA            ;                       ;
; Ad9233FrameCapture:U2_frame_capture|Ad9233MultistageDecimator:anti_alias_fir|FirDecimatingStage:stage2|operand_sample[1][4]~SCLR_LUT  ; Created         ; Register Packing ; Timing optimization            ;           ;                ;                                                                                                                                                         ;                  ;                       ;
; Ad9233FrameCapture:U2_frame_capture|Ad9233MultistageDecimator:anti_alias_fir|FirDecimatingStage:stage2|operand_sample[1][5]           ; Packed Register ; Register Packing ; Timing optimization            ; Q         ;                ; Ad9233FrameCapture:U2_frame_capture|Ad9233MultistageDecimator:anti_alias_fir|FirDecimatingStage:stage2|lpm_mult:Mult1|mult_c6t:auto_generated|mac_mult1 ; DATAA            ;                       ;
; Ad9233FrameCapture:U2_frame_capture|Ad9233MultistageDecimator:anti_alias_fir|FirDecimatingStage:stage2|operand_sample[1][5]~SCLR_LUT  ; Created         ; Register Packing ; Timing optimization            ;           ;                ;                                                                                                                                                         ;                  ;                       ;
; Ad9233FrameCapture:U2_frame_capture|Ad9233MultistageDecimator:anti_alias_fir|FirDecimatingStage:stage2|operand_sample[1][6]           ; Packed Register ; Register Packing ; Timing optimization            ; Q         ;                ; Ad9233FrameCapture:U2_frame_capture|Ad9233MultistageDecimator:anti_alias_fir|FirDecimatingStage:stage2|lpm_mult:Mult1|mult_c6t:auto_generated|mac_mult1 ; DATAA            ;                       ;
; Ad9233FrameCapture:U2_frame_capture|Ad9233MultistageDecimator:anti_alias_fir|FirDecimatingStage:stage2|operand_sample[1][6]~SCLR_LUT  ; Created         ; Register Packing ; Timing optimization            ;           ;                ;                                                                                                                                                         ;                  ;                       ;
; Ad9233FrameCapture:U2_frame_capture|Ad9233MultistageDecimator:anti_alias_fir|FirDecimatingStage:stage2|operand_sample[1][7]           ; Packed Register ; Register Packing ; Timing optimization            ; Q         ;                ; Ad9233FrameCapture:U2_frame_capture|Ad9233MultistageDecimator:anti_alias_fir|FirDecimatingStage:stage2|lpm_mult:Mult1|mult_c6t:auto_generated|mac_mult1 ; DATAA            ;                       ;
; Ad9233FrameCapture:U2_frame_capture|Ad9233MultistageDecimator:anti_alias_fir|FirDecimatingStage:stage2|operand_sample[1][7]~SCLR_LUT  ; Created         ; Register Packing ; Timing optimization            ;           ;                ;                                                                                                                                                         ;                  ;                       ;
; Ad9233FrameCapture:U2_frame_capture|Ad9233MultistageDecimator:anti_alias_fir|FirDecimatingStage:stage2|operand_sample[1][8]           ; Packed Register ; Register Packing ; Timing optimization            ; Q         ;                ; Ad9233FrameCapture:U2_frame_capture|Ad9233MultistageDecimator:anti_alias_fir|FirDecimatingStage:stage2|lpm_mult:Mult1|mult_c6t:auto_generated|mac_mult1 ; DATAA            ;                       ;
; Ad9233FrameCapture:U2_frame_capture|Ad9233MultistageDecimator:anti_alias_fir|FirDecimatingStage:stage2|operand_sample[1][8]~SCLR_LUT  ; Created         ; Register Packing ; Timing optimization            ;           ;                ;                                                                                                                                                         ;                  ;                       ;
; Ad9233FrameCapture:U2_frame_capture|Ad9233MultistageDecimator:anti_alias_fir|FirDecimatingStage:stage2|operand_sample[1][9]           ; Packed Register ; Register Packing ; Timing optimization            ; Q         ;                ; Ad9233FrameCapture:U2_frame_capture|Ad9233MultistageDecimator:anti_alias_fir|FirDecimatingStage:stage2|lpm_mult:Mult1|mult_c6t:auto_generated|mac_mult1 ; DATAA            ;                       ;
; Ad9233FrameCapture:U2_frame_capture|Ad9233MultistageDecimator:anti_alias_fir|FirDecimatingStage:stage2|operand_sample[1][9]~SCLR_LUT  ; Created         ; Register Packing ; Timing optimization            ;           ;                ;                                                                                                                                                         ;                  ;                       ;
; Ad9233FrameCapture:U2_frame_capture|Ad9233MultistageDecimator:anti_alias_fir|FirDecimatingStage:stage2|operand_sample[1][10]          ; Packed Register ; Register Packing ; Timing optimization            ; Q         ;                ; Ad9233FrameCapture:U2_frame_capture|Ad9233MultistageDecimator:anti_alias_fir|FirDecimatingStage:stage2|lpm_mult:Mult1|mult_c6t:auto_generated|mac_mult1 ; DATAA            ;                       ;
; Ad9233FrameCapture:U2_frame_capture|Ad9233MultistageDecimator:anti_alias_fir|FirDecimatingStage:stage2|operand_sample[1][10]~SCLR_LUT ; Created         ; Register Packing ; Timing optimization            ;           ;                ;                                                                                                                                                         ;                  ;                       ;
; Ad9233FrameCapture:U2_frame_capture|Ad9233MultistageDecimator:anti_alias_fir|FirDecimatingStage:stage2|operand_sample[1][11]          ; Packed Register ; Register Packing ; Timing optimization            ; Q         ;                ; Ad9233FrameCapture:U2_frame_capture|Ad9233MultistageDecimator:anti_alias_fir|FirDecimatingStage:stage2|lpm_mult:Mult1|mult_c6t:auto_generated|mac_mult1 ; DATAA            ;                       ;
; Ad9233FrameCapture:U2_frame_capture|Ad9233MultistageDecimator:anti_alias_fir|FirDecimatingStage:stage2|operand_sample[1][11]~SCLR_LUT ; Created         ; Register Packing ; Timing optimization            ;           ;                ;                                                                                                                                                         ;                  ;                       ;
; Ad9233FrameCapture:U2_frame_capture|Ad9233MultistageDecimator:anti_alias_fir|FirDecimatingStage:stage2|operand_sample[1][12]          ; Packed Register ; Register Packing ; Timing optimization            ; Q         ;                ; Ad9233FrameCapture:U2_frame_capture|Ad9233MultistageDecimator:anti_alias_fir|FirDecimatingStage:stage2|lpm_mult:Mult1|mult_c6t:auto_generated|mac_mult1 ; DATAA            ;                       ;
; Ad9233FrameCapture:U2_frame_capture|Ad9233MultistageDecimator:anti_alias_fir|FirDecimatingStage:stage2|operand_sample[1][12]~SCLR_LUT ; Created         ; Register Packing ; Timing optimization            ;           ;                ;                                                                                                                                                         ;                  ;                       ;
; Ad9233FrameCapture:U2_frame_capture|Ad9233MultistageDecimator:anti_alias_fir|FirDecimatingStage:stage2|operand_sample[1][13]          ; Packed Register ; Register Packing ; Timing optimization            ; Q         ;                ; Ad9233FrameCapture:U2_frame_capture|Ad9233MultistageDecimator:anti_alias_fir|FirDecimatingStage:stage2|lpm_mult:Mult1|mult_c6t:auto_generated|mac_mult1 ; DATAA            ;                       ;
; Ad9233FrameCapture:U2_frame_capture|Ad9233MultistageDecimator:anti_alias_fir|FirDecimatingStage:stage2|operand_sample[1][13]~SCLR_LUT ; Created         ; Register Packing ; Timing optimization            ;           ;                ;                                                                                                                                                         ;                  ;                       ;
; Ad9233FrameCapture:U2_frame_capture|Ad9233MultistageDecimator:anti_alias_fir|FirDecimatingStage:stage2|operand_sample[1][14]          ; Packed Register ; Register Packing ; Timing optimization            ; Q         ;                ; Ad9233FrameCapture:U2_frame_capture|Ad9233MultistageDecimator:anti_alias_fir|FirDecimatingStage:stage2|lpm_mult:Mult1|mult_c6t:auto_generated|mac_mult1 ; DATAA            ;                       ;
; Ad9233FrameCapture:U2_frame_capture|Ad9233MultistageDecimator:anti_alias_fir|FirDecimatingStage:stage2|operand_sample[1][14]~SCLR_LUT ; Created         ; Register Packing ; Timing optimization            ;           ;                ;                                                                                                                                                         ;                  ;                       ;
; Ad9233FrameCapture:U2_frame_capture|Ad9233MultistageDecimator:anti_alias_fir|FirDecimatingStage:stage2|operand_sample[1][15]          ; Packed Register ; Register Packing ; Timing optimization            ; Q         ;                ; Ad9233FrameCapture:U2_frame_capture|Ad9233MultistageDecimator:anti_alias_fir|FirDecimatingStage:stage2|lpm_mult:Mult1|mult_c6t:auto_generated|mac_mult1 ; DATAA            ;                       ;
; Ad9233FrameCapture:U2_frame_capture|Ad9233MultistageDecimator:anti_alias_fir|FirDecimatingStage:stage2|operand_sample[1][15]~SCLR_LUT ; Created         ; Register Packing ; Timing optimization            ;           ;                ;                                                                                                                                                         ;                  ;                       ;
; Ad9233FrameCapture:U2_frame_capture|Ad9233MultistageDecimator:anti_alias_fir|FirDecimatingStage:stage2|operand_sample[1][16]          ; Packed Register ; Register Packing ; Timing optimization            ; Q         ;                ; Ad9233FrameCapture:U2_frame_capture|Ad9233MultistageDecimator:anti_alias_fir|FirDecimatingStage:stage2|lpm_mult:Mult1|mult_c6t:auto_generated|mac_mult1 ; DATAA            ;                       ;
; Ad9233FrameCapture:U2_frame_capture|Ad9233MultistageDecimator:anti_alias_fir|FirDecimatingStage:stage2|operand_sample[1][16]~SCLR_LUT ; Created         ; Register Packing ; Timing optimization            ;           ;                ;                                                                                                                                                         ;                  ;                       ;
; Ad9233FrameCapture:U2_frame_capture|Ad9233MultistageDecimator:anti_alias_fir|FirDecimatingStage:stage2|operand_sample[1][17]          ; Packed Register ; Register Packing ; Timing optimization            ; Q         ;                ; Ad9233FrameCapture:U2_frame_capture|Ad9233MultistageDecimator:anti_alias_fir|FirDecimatingStage:stage2|lpm_mult:Mult1|mult_c6t:auto_generated|mac_mult1 ; DATAA            ;                       ;
; Ad9233FrameCapture:U2_frame_capture|Ad9233MultistageDecimator:anti_alias_fir|FirDecimatingStage:stage2|operand_sample[1][17]~SCLR_LUT ; Created         ; Register Packing ; Timing optimization            ;           ;                ;                                                                                                                                                         ;                  ;                       ;
; Ad9233FrameCapture:U2_frame_capture|Ad9233MultistageDecimator:anti_alias_fir|FirDecimatingStage:stage2|product_pipe[0][0]             ; Packed Register ; Register Packing ; Timing optimization            ; Q         ;                ; Ad9233FrameCapture:U2_frame_capture|Ad9233MultistageDecimator:anti_alias_fir|FirDecimatingStage:stage2|lpm_mult:Mult0|mult_c6t:auto_generated|mac_out2  ; DATAOUT          ;                       ;
; Ad9233FrameCapture:U2_frame_capture|Ad9233MultistageDecimator:anti_alias_fir|FirDecimatingStage:stage2|product_pipe[0][1]             ; Packed Register ; Register Packing ; Timing optimization            ; Q         ;                ; Ad9233FrameCapture:U2_frame_capture|Ad9233MultistageDecimator:anti_alias_fir|FirDecimatingStage:stage2|product_pipe[0][0]                               ; DATAOUT          ;                       ;
; Ad9233FrameCapture:U2_frame_capture|Ad9233MultistageDecimator:anti_alias_fir|FirDecimatingStage:stage2|product_pipe[0][2]             ; Packed Register ; Register Packing ; Timing optimization            ; Q         ;                ; Ad9233FrameCapture:U2_frame_capture|Ad9233MultistageDecimator:anti_alias_fir|FirDecimatingStage:stage2|product_pipe[0][0]                               ; DATAOUT          ;                       ;
; Ad9233FrameCapture:U2_frame_capture|Ad9233MultistageDecimator:anti_alias_fir|FirDecimatingStage:stage2|product_pipe[0][3]             ; Packed Register ; Register Packing ; Timing optimization            ; Q         ;                ; Ad9233FrameCapture:U2_frame_capture|Ad9233MultistageDecimator:anti_alias_fir|FirDecimatingStage:stage2|product_pipe[0][0]                               ; DATAOUT          ;                       ;
; Ad9233FrameCapture:U2_frame_capture|Ad9233MultistageDecimator:anti_alias_fir|FirDecimatingStage:stage2|product_pipe[0][4]             ; Packed Register ; Register Packing ; Timing optimization            ; Q         ;                ; Ad9233FrameCapture:U2_frame_capture|Ad9233MultistageDecimator:anti_alias_fir|FirDecimatingStage:stage2|product_pipe[0][0]                               ; DATAOUT          ;                       ;
; Ad9233FrameCapture:U2_frame_capture|Ad9233MultistageDecimator:anti_alias_fir|FirDecimatingStage:stage2|product_pipe[0][5]             ; Packed Register ; Register Packing ; Timing optimization            ; Q         ;                ; Ad9233FrameCapture:U2_frame_capture|Ad9233MultistageDecimator:anti_alias_fir|FirDecimatingStage:stage2|product_pipe[0][0]                               ; DATAOUT          ;                       ;
; Ad9233FrameCapture:U2_frame_capture|Ad9233MultistageDecimator:anti_alias_fir|FirDecimatingStage:stage2|product_pipe[0][6]             ; Packed Register ; Register Packing ; Timing optimization            ; Q         ;                ; Ad9233FrameCapture:U2_frame_capture|Ad9233MultistageDecimator:anti_alias_fir|FirDecimatingStage:stage2|product_pipe[0][0]                               ; DATAOUT          ;                       ;
; Ad9233FrameCapture:U2_frame_capture|Ad9233MultistageDecimator:anti_alias_fir|FirDecimatingStage:stage2|product_pipe[0][7]             ; Packed Register ; Register Packing ; Timing optimization            ; Q         ;                ; Ad9233FrameCapture:U2_frame_capture|Ad9233MultistageDecimator:anti_alias_fir|FirDecimatingStage:stage2|product_pipe[0][0]                               ; DATAOUT          ;                       ;
; Ad9233FrameCapture:U2_frame_capture|Ad9233MultistageDecimator:anti_alias_fir|FirDecimatingStage:stage2|product_pipe[0][8]             ; Packed Register ; Register Packing ; Timing optimization            ; Q         ;                ; Ad9233FrameCapture:U2_frame_capture|Ad9233MultistageDecimator:anti_alias_fir|FirDecimatingStage:stage2|product_pipe[0][0]                               ; DATAOUT          ;                       ;
; Ad9233FrameCapture:U2_frame_capture|Ad9233MultistageDecimator:anti_alias_fir|FirDecimatingStage:stage2|product_pipe[0][9]             ; Packed Register ; Register Packing ; Timing optimization            ; Q         ;                ; Ad9233FrameCapture:U2_frame_capture|Ad9233MultistageDecimator:anti_alias_fir|FirDecimatingStage:stage2|product_pipe[0][0]                               ; DATAOUT          ;                       ;
; Ad9233FrameCapture:U2_frame_capture|Ad9233MultistageDecimator:anti_alias_fir|FirDecimatingStage:stage2|product_pipe[0][10]            ; Packed Register ; Register Packing ; Timing optimization            ; Q         ;                ; Ad9233FrameCapture:U2_frame_capture|Ad9233MultistageDecimator:anti_alias_fir|FirDecimatingStage:stage2|product_pipe[0][0]                               ; DATAOUT          ;                       ;
; Ad9233FrameCapture:U2_frame_capture|Ad9233MultistageDecimator:anti_alias_fir|FirDecimatingStage:stage2|product_pipe[0][11]            ; Packed Register ; Register Packing ; Timing optimization            ; Q         ;                ; Ad9233FrameCapture:U2_frame_capture|Ad9233MultistageDecimator:anti_alias_fir|FirDecimatingStage:stage2|product_pipe[0][0]                               ; DATAOUT          ;                       ;
; Ad9233FrameCapture:U2_frame_capture|Ad9233MultistageDecimator:anti_alias_fir|FirDecimatingStage:stage2|product_pipe[0][12]            ; Packed Register ; Register Packing ; Timing optimization            ; Q         ;                ; Ad9233FrameCapture:U2_frame_capture|Ad9233MultistageDecimator:anti_alias_fir|FirDecimatingStage:stage2|product_pipe[0][0]                               ; DATAOUT          ;                       ;
; Ad9233FrameCapture:U2_frame_capture|Ad9233MultistageDecimator:anti_alias_fir|FirDecimatingStage:stage2|product_pipe[0][13]            ; Packed Register ; Register Packing ; Timing optimization            ; Q         ;                ; Ad9233FrameCapture:U2_frame_capture|Ad9233MultistageDecimator:anti_alias_fir|FirDecimatingStage:stage2|product_pipe[0][0]                               ; DATAOUT          ;                       ;
; Ad9233FrameCapture:U2_frame_capture|Ad9233MultistageDecimator:anti_alias_fir|FirDecimatingStage:stage2|product_pipe[0][14]            ; Packed Register ; Register Packing ; Timing optimization            ; Q         ;                ; Ad9233FrameCapture:U2_frame_capture|Ad9233MultistageDecimator:anti_alias_fir|FirDecimatingStage:stage2|product_pipe[0][0]                               ; DATAOUT          ;                       ;
; Ad9233FrameCapture:U2_frame_capture|Ad9233MultistageDecimator:anti_alias_fir|FirDecimatingStage:stage2|product_pipe[0][15]            ; Packed Register ; Register Packing ; Timing optimization            ; Q         ;                ; Ad9233FrameCapture:U2_frame_capture|Ad9233MultistageDecimator:anti_alias_fir|FirDecimatingStage:stage2|product_pipe[0][0]                               ; DATAOUT          ;                       ;
; Ad9233FrameCapture:U2_frame_capture|Ad9233MultistageDecimator:anti_alias_fir|FirDecimatingStage:stage2|product_pipe[0][16]            ; Packed Register ; Register Packing ; Timing optimization            ; Q         ;                ; Ad9233FrameCapture:U2_frame_capture|Ad9233MultistageDecimator:anti_alias_fir|FirDecimatingStage:stage2|product_pipe[0][0]                               ; DATAOUT          ;                       ;
; Ad9233FrameCapture:U2_frame_capture|Ad9233MultistageDecimator:anti_alias_fir|FirDecimatingStage:stage2|product_pipe[0][17]            ; Packed Register ; Register Packing ; Timing optimization            ; Q         ;                ; Ad9233FrameCapture:U2_frame_capture|Ad9233MultistageDecimator:anti_alias_fir|FirDecimatingStage:stage2|product_pipe[0][0]                               ; DATAOUT          ;                       ;
; Ad9233FrameCapture:U2_frame_capture|Ad9233MultistageDecimator:anti_alias_fir|FirDecimatingStage:stage2|product_pipe[0][18]            ; Packed Register ; Register Packing ; Timing optimization            ; Q         ;                ; Ad9233FrameCapture:U2_frame_capture|Ad9233MultistageDecimator:anti_alias_fir|FirDecimatingStage:stage2|product_pipe[0][0]                               ; DATAOUT          ;                       ;
; Ad9233FrameCapture:U2_frame_capture|Ad9233MultistageDecimator:anti_alias_fir|FirDecimatingStage:stage2|product_pipe[0][19]            ; Packed Register ; Register Packing ; Timing optimization            ; Q         ;                ; Ad9233FrameCapture:U2_frame_capture|Ad9233MultistageDecimator:anti_alias_fir|FirDecimatingStage:stage2|product_pipe[0][0]                               ; DATAOUT          ;                       ;
; Ad9233FrameCapture:U2_frame_capture|Ad9233MultistageDecimator:anti_alias_fir|FirDecimatingStage:stage2|product_pipe[0][20]            ; Packed Register ; Register Packing ; Timing optimization            ; Q         ;                ; Ad9233FrameCapture:U2_frame_capture|Ad9233MultistageDecimator:anti_alias_fir|FirDecimatingStage:stage2|product_pipe[0][0]                               ; DATAOUT          ;                       ;
; Ad9233FrameCapture:U2_frame_capture|Ad9233MultistageDecimator:anti_alias_fir|FirDecimatingStage:stage2|product_pipe[0][21]            ; Packed Register ; Register Packing ; Timing optimization            ; Q         ;                ; Ad9233FrameCapture:U2_frame_capture|Ad9233MultistageDecimator:anti_alias_fir|FirDecimatingStage:stage2|product_pipe[0][0]                               ; DATAOUT          ;                       ;
; Ad9233FrameCapture:U2_frame_capture|Ad9233MultistageDecimator:anti_alias_fir|FirDecimatingStage:stage2|product_pipe[0][22]            ; Packed Register ; Register Packing ; Timing optimization            ; Q         ;                ; Ad9233FrameCapture:U2_frame_capture|Ad9233MultistageDecimator:anti_alias_fir|FirDecimatingStage:stage2|product_pipe[0][0]                               ; DATAOUT          ;                       ;
; Ad9233FrameCapture:U2_frame_capture|Ad9233MultistageDecimator:anti_alias_fir|FirDecimatingStage:stage2|product_pipe[0][23]            ; Packed Register ; Register Packing ; Timing optimization            ; Q         ;                ; Ad9233FrameCapture:U2_frame_capture|Ad9233MultistageDecimator:anti_alias_fir|FirDecimatingStage:stage2|product_pipe[0][0]                               ; DATAOUT          ;                       ;
; Ad9233FrameCapture:U2_frame_capture|Ad9233MultistageDecimator:anti_alias_fir|FirDecimatingStage:stage2|product_pipe[0][24]            ; Packed Register ; Register Packing ; Timing optimization            ; Q         ;                ; Ad9233FrameCapture:U2_frame_capture|Ad9233MultistageDecimator:anti_alias_fir|FirDecimatingStage:stage2|product_pipe[0][0]                               ; DATAOUT          ;                       ;
; Ad9233FrameCapture:U2_frame_capture|Ad9233MultistageDecimator:anti_alias_fir|FirDecimatingStage:stage2|product_pipe[0][25]            ; Packed Register ; Register Packing ; Timing optimization            ; Q         ;                ; Ad9233FrameCapture:U2_frame_capture|Ad9233MultistageDecimator:anti_alias_fir|FirDecimatingStage:stage2|product_pipe[0][0]                               ; DATAOUT          ;                       ;
; Ad9233FrameCapture:U2_frame_capture|Ad9233MultistageDecimator:anti_alias_fir|FirDecimatingStage:stage2|product_pipe[0][26]            ; Packed Register ; Register Packing ; Timing optimization            ; Q         ;                ; Ad9233FrameCapture:U2_frame_capture|Ad9233MultistageDecimator:anti_alias_fir|FirDecimatingStage:stage2|product_pipe[0][0]                               ; DATAOUT          ;                       ;
; Ad9233FrameCapture:U2_frame_capture|Ad9233MultistageDecimator:anti_alias_fir|FirDecimatingStage:stage2|product_pipe[0][27]            ; Packed Register ; Register Packing ; Timing optimization            ; Q         ;                ; Ad9233FrameCapture:U2_frame_capture|Ad9233MultistageDecimator:anti_alias_fir|FirDecimatingStage:stage2|product_pipe[0][0]                               ; DATAOUT          ;                       ;
; Ad9233FrameCapture:U2_frame_capture|Ad9233MultistageDecimator:anti_alias_fir|FirDecimatingStage:stage2|product_pipe[0][28]            ; Packed Register ; Register Packing ; Timing optimization            ; Q         ;                ; Ad9233FrameCapture:U2_frame_capture|Ad9233MultistageDecimator:anti_alias_fir|FirDecimatingStage:stage2|product_pipe[0][0]                               ; DATAOUT          ;                       ;
; Ad9233FrameCapture:U2_frame_capture|Ad9233MultistageDecimator:anti_alias_fir|FirDecimatingStage:stage2|product_pipe[0][29]            ; Packed Register ; Register Packing ; Timing optimization            ; Q         ;                ; Ad9233FrameCapture:U2_frame_capture|Ad9233MultistageDecimator:anti_alias_fir|FirDecimatingStage:stage2|product_pipe[0][0]                               ; DATAOUT          ;                       ;
; Ad9233FrameCapture:U2_frame_capture|Ad9233MultistageDecimator:anti_alias_fir|FirDecimatingStage:stage2|product_pipe[0][30]            ; Packed Register ; Register Packing ; Timing optimization            ; Q         ;                ; Ad9233FrameCapture:U2_frame_capture|Ad9233MultistageDecimator:anti_alias_fir|FirDecimatingStage:stage2|product_pipe[0][0]                               ; DATAOUT          ;                       ;
; Ad9233FrameCapture:U2_frame_capture|Ad9233MultistageDecimator:anti_alias_fir|FirDecimatingStage:stage2|product_pipe[0][31]            ; Packed Register ; Register Packing ; Timing optimization            ; Q         ;                ; Ad9233FrameCapture:U2_frame_capture|Ad9233MultistageDecimator:anti_alias_fir|FirDecimatingStage:stage2|product_pipe[0][0]                               ; DATAOUT          ;                       ;
; Ad9233FrameCapture:U2_frame_capture|Ad9233MultistageDecimator:anti_alias_fir|FirDecimatingStage:stage2|product_pipe[0][32]            ; Packed Register ; Register Packing ; Timing optimization            ; Q         ;                ; Ad9233FrameCapture:U2_frame_capture|Ad9233MultistageDecimator:anti_alias_fir|FirDecimatingStage:stage2|product_pipe[0][0]                               ; DATAOUT          ;                       ;
; Ad9233FrameCapture:U2_frame_capture|Ad9233MultistageDecimator:anti_alias_fir|FirDecimatingStage:stage2|product_pipe[0][33]            ; Packed Register ; Register Packing ; Timing optimization            ; Q         ;                ; Ad9233FrameCapture:U2_frame_capture|Ad9233MultistageDecimator:anti_alias_fir|FirDecimatingStage:stage2|product_pipe[0][0]                               ; DATAOUT          ;                       ;
; Ad9233FrameCapture:U2_frame_capture|Ad9233MultistageDecimator:anti_alias_fir|FirDecimatingStage:stage2|product_pipe[0][34]            ; Packed Register ; Register Packing ; Timing optimization            ; Q         ;                ; Ad9233FrameCapture:U2_frame_capture|Ad9233MultistageDecimator:anti_alias_fir|FirDecimatingStage:stage2|product_pipe[0][0]                               ; DATAOUT          ;                       ;
; Ad9233FrameCapture:U2_frame_capture|Ad9233MultistageDecimator:anti_alias_fir|FirDecimatingStage:stage2|product_pipe[0][35]            ; Packed Register ; Register Packing ; Timing optimization            ; Q         ;                ; Ad9233FrameCapture:U2_frame_capture|Ad9233MultistageDecimator:anti_alias_fir|FirDecimatingStage:stage2|product_pipe[0][0]                               ; DATAOUT          ;                       ;
; Ad9233FrameCapture:U2_frame_capture|Ad9233MultistageDecimator:anti_alias_fir|FirDecimatingStage:stage3|product_pipe[0][0]             ; Packed Register ; Register Packing ; Timing optimization            ; Q         ;                ; Ad9233FrameCapture:U2_frame_capture|Ad9233MultistageDecimator:anti_alias_fir|FirDecimatingStage:stage3|lpm_mult:Mult0|mult_c6t:auto_generated|mac_out2  ; DATAOUT          ;                       ;
; Ad9233FrameCapture:U2_frame_capture|Ad9233MultistageDecimator:anti_alias_fir|FirDecimatingStage:stage3|product_pipe[0][1]             ; Packed Register ; Register Packing ; Timing optimization            ; Q         ;                ; Ad9233FrameCapture:U2_frame_capture|Ad9233MultistageDecimator:anti_alias_fir|FirDecimatingStage:stage3|product_pipe[0][0]                               ; DATAOUT          ;                       ;
; Ad9233FrameCapture:U2_frame_capture|Ad9233MultistageDecimator:anti_alias_fir|FirDecimatingStage:stage3|product_pipe[0][2]             ; Packed Register ; Register Packing ; Timing optimization            ; Q         ;                ; Ad9233FrameCapture:U2_frame_capture|Ad9233MultistageDecimator:anti_alias_fir|FirDecimatingStage:stage3|product_pipe[0][0]                               ; DATAOUT          ;                       ;
; Ad9233FrameCapture:U2_frame_capture|Ad9233MultistageDecimator:anti_alias_fir|FirDecimatingStage:stage3|product_pipe[0][3]             ; Packed Register ; Register Packing ; Timing optimization            ; Q         ;                ; Ad9233FrameCapture:U2_frame_capture|Ad9233MultistageDecimator:anti_alias_fir|FirDecimatingStage:stage3|product_pipe[0][0]                               ; DATAOUT          ;                       ;
; Ad9233FrameCapture:U2_frame_capture|Ad9233MultistageDecimator:anti_alias_fir|FirDecimatingStage:stage3|product_pipe[0][4]             ; Packed Register ; Register Packing ; Timing optimization            ; Q         ;                ; Ad9233FrameCapture:U2_frame_capture|Ad9233MultistageDecimator:anti_alias_fir|FirDecimatingStage:stage3|product_pipe[0][0]                               ; DATAOUT          ;                       ;
; Ad9233FrameCapture:U2_frame_capture|Ad9233MultistageDecimator:anti_alias_fir|FirDecimatingStage:stage3|product_pipe[0][5]             ; Packed Register ; Register Packing ; Timing optimization            ; Q         ;                ; Ad9233FrameCapture:U2_frame_capture|Ad9233MultistageDecimator:anti_alias_fir|FirDecimatingStage:stage3|product_pipe[0][0]                               ; DATAOUT          ;                       ;
; Ad9233FrameCapture:U2_frame_capture|Ad9233MultistageDecimator:anti_alias_fir|FirDecimatingStage:stage3|product_pipe[0][6]             ; Packed Register ; Register Packing ; Timing optimization            ; Q         ;                ; Ad9233FrameCapture:U2_frame_capture|Ad9233MultistageDecimator:anti_alias_fir|FirDecimatingStage:stage3|product_pipe[0][0]                               ; DATAOUT          ;                       ;
; Ad9233FrameCapture:U2_frame_capture|Ad9233MultistageDecimator:anti_alias_fir|FirDecimatingStage:stage3|product_pipe[0][7]             ; Packed Register ; Register Packing ; Timing optimization            ; Q         ;                ; Ad9233FrameCapture:U2_frame_capture|Ad9233MultistageDecimator:anti_alias_fir|FirDecimatingStage:stage3|product_pipe[0][0]                               ; DATAOUT          ;                       ;
; Ad9233FrameCapture:U2_frame_capture|Ad9233MultistageDecimator:anti_alias_fir|FirDecimatingStage:stage3|product_pipe[0][8]             ; Packed Register ; Register Packing ; Timing optimization            ; Q         ;                ; Ad9233FrameCapture:U2_frame_capture|Ad9233MultistageDecimator:anti_alias_fir|FirDecimatingStage:stage3|product_pipe[0][0]                               ; DATAOUT          ;                       ;
; Ad9233FrameCapture:U2_frame_capture|Ad9233MultistageDecimator:anti_alias_fir|FirDecimatingStage:stage3|product_pipe[0][9]             ; Packed Register ; Register Packing ; Timing optimization            ; Q         ;                ; Ad9233FrameCapture:U2_frame_capture|Ad9233MultistageDecimator:anti_alias_fir|FirDecimatingStage:stage3|product_pipe[0][0]                               ; DATAOUT          ;                       ;
; Ad9233FrameCapture:U2_frame_capture|Ad9233MultistageDecimator:anti_alias_fir|FirDecimatingStage:stage3|product_pipe[0][10]            ; Packed Register ; Register Packing ; Timing optimization            ; Q         ;                ; Ad9233FrameCapture:U2_frame_capture|Ad9233MultistageDecimator:anti_alias_fir|FirDecimatingStage:stage3|product_pipe[0][0]                               ; DATAOUT          ;                       ;
; Ad9233FrameCapture:U2_frame_capture|Ad9233MultistageDecimator:anti_alias_fir|FirDecimatingStage:stage3|product_pipe[0][11]            ; Packed Register ; Register Packing ; Timing optimization            ; Q         ;                ; Ad9233FrameCapture:U2_frame_capture|Ad9233MultistageDecimator:anti_alias_fir|FirDecimatingStage:stage3|product_pipe[0][0]                               ; DATAOUT          ;                       ;
; Ad9233FrameCapture:U2_frame_capture|Ad9233MultistageDecimator:anti_alias_fir|FirDecimatingStage:stage3|product_pipe[0][12]            ; Packed Register ; Register Packing ; Timing optimization            ; Q         ;                ; Ad9233FrameCapture:U2_frame_capture|Ad9233MultistageDecimator:anti_alias_fir|FirDecimatingStage:stage3|product_pipe[0][0]                               ; DATAOUT          ;                       ;
; Ad9233FrameCapture:U2_frame_capture|Ad9233MultistageDecimator:anti_alias_fir|FirDecimatingStage:stage3|product_pipe[0][13]            ; Packed Register ; Register Packing ; Timing optimization            ; Q         ;                ; Ad9233FrameCapture:U2_frame_capture|Ad9233MultistageDecimator:anti_alias_fir|FirDecimatingStage:stage3|product_pipe[0][0]                               ; DATAOUT          ;                       ;
; Ad9233FrameCapture:U2_frame_capture|Ad9233MultistageDecimator:anti_alias_fir|FirDecimatingStage:stage3|product_pipe[0][14]            ; Packed Register ; Register Packing ; Timing optimization            ; Q         ;                ; Ad9233FrameCapture:U2_frame_capture|Ad9233MultistageDecimator:anti_alias_fir|FirDecimatingStage:stage3|product_pipe[0][0]                               ; DATAOUT          ;                       ;
; Ad9233FrameCapture:U2_frame_capture|Ad9233MultistageDecimator:anti_alias_fir|FirDecimatingStage:stage3|product_pipe[0][15]            ; Packed Register ; Register Packing ; Timing optimization            ; Q         ;                ; Ad9233FrameCapture:U2_frame_capture|Ad9233MultistageDecimator:anti_alias_fir|FirDecimatingStage:stage3|product_pipe[0][0]                               ; DATAOUT          ;                       ;
; Ad9233FrameCapture:U2_frame_capture|Ad9233MultistageDecimator:anti_alias_fir|FirDecimatingStage:stage3|product_pipe[0][16]            ; Packed Register ; Register Packing ; Timing optimization            ; Q         ;                ; Ad9233FrameCapture:U2_frame_capture|Ad9233MultistageDecimator:anti_alias_fir|FirDecimatingStage:stage3|product_pipe[0][0]                               ; DATAOUT          ;                       ;
; Ad9233FrameCapture:U2_frame_capture|Ad9233MultistageDecimator:anti_alias_fir|FirDecimatingStage:stage3|product_pipe[0][17]            ; Packed Register ; Register Packing ; Timing optimization            ; Q         ;                ; Ad9233FrameCapture:U2_frame_capture|Ad9233MultistageDecimator:anti_alias_fir|FirDecimatingStage:stage3|product_pipe[0][0]                               ; DATAOUT          ;                       ;
; Ad9233FrameCapture:U2_frame_capture|Ad9233MultistageDecimator:anti_alias_fir|FirDecimatingStage:stage3|product_pipe[0][18]            ; Packed Register ; Register Packing ; Timing optimization            ; Q         ;                ; Ad9233FrameCapture:U2_frame_capture|Ad9233MultistageDecimator:anti_alias_fir|FirDecimatingStage:stage3|product_pipe[0][0]                               ; DATAOUT          ;                       ;
; Ad9233FrameCapture:U2_frame_capture|Ad9233MultistageDecimator:anti_alias_fir|FirDecimatingStage:stage3|product_pipe[0][19]            ; Packed Register ; Register Packing ; Timing optimization            ; Q         ;                ; Ad9233FrameCapture:U2_frame_capture|Ad9233MultistageDecimator:anti_alias_fir|FirDecimatingStage:stage3|product_pipe[0][0]                               ; DATAOUT          ;                       ;
; Ad9233FrameCapture:U2_frame_capture|Ad9233MultistageDecimator:anti_alias_fir|FirDecimatingStage:stage3|product_pipe[0][20]            ; Packed Register ; Register Packing ; Timing optimization            ; Q         ;                ; Ad9233FrameCapture:U2_frame_capture|Ad9233MultistageDecimator:anti_alias_fir|FirDecimatingStage:stage3|product_pipe[0][0]                               ; DATAOUT          ;                       ;
; Ad9233FrameCapture:U2_frame_capture|Ad9233MultistageDecimator:anti_alias_fir|FirDecimatingStage:stage3|product_pipe[0][21]            ; Packed Register ; Register Packing ; Timing optimization            ; Q         ;                ; Ad9233FrameCapture:U2_frame_capture|Ad9233MultistageDecimator:anti_alias_fir|FirDecimatingStage:stage3|product_pipe[0][0]                               ; DATAOUT          ;                       ;
; Ad9233FrameCapture:U2_frame_capture|Ad9233MultistageDecimator:anti_alias_fir|FirDecimatingStage:stage3|product_pipe[0][22]            ; Packed Register ; Register Packing ; Timing optimization            ; Q         ;                ; Ad9233FrameCapture:U2_frame_capture|Ad9233MultistageDecimator:anti_alias_fir|FirDecimatingStage:stage3|product_pipe[0][0]                               ; DATAOUT          ;                       ;
; Ad9233FrameCapture:U2_frame_capture|Ad9233MultistageDecimator:anti_alias_fir|FirDecimatingStage:stage3|product_pipe[0][23]            ; Packed Register ; Register Packing ; Timing optimization            ; Q         ;                ; Ad9233FrameCapture:U2_frame_capture|Ad9233MultistageDecimator:anti_alias_fir|FirDecimatingStage:stage3|product_pipe[0][0]                               ; DATAOUT          ;                       ;
; Ad9233FrameCapture:U2_frame_capture|Ad9233MultistageDecimator:anti_alias_fir|FirDecimatingStage:stage3|product_pipe[0][24]            ; Packed Register ; Register Packing ; Timing optimization            ; Q         ;                ; Ad9233FrameCapture:U2_frame_capture|Ad9233MultistageDecimator:anti_alias_fir|FirDecimatingStage:stage3|product_pipe[0][0]                               ; DATAOUT          ;                       ;
; Ad9233FrameCapture:U2_frame_capture|Ad9233MultistageDecimator:anti_alias_fir|FirDecimatingStage:stage3|product_pipe[0][25]            ; Packed Register ; Register Packing ; Timing optimization            ; Q         ;                ; Ad9233FrameCapture:U2_frame_capture|Ad9233MultistageDecimator:anti_alias_fir|FirDecimatingStage:stage3|product_pipe[0][0]                               ; DATAOUT          ;                       ;
; Ad9233FrameCapture:U2_frame_capture|Ad9233MultistageDecimator:anti_alias_fir|FirDecimatingStage:stage3|product_pipe[0][26]            ; Packed Register ; Register Packing ; Timing optimization            ; Q         ;                ; Ad9233FrameCapture:U2_frame_capture|Ad9233MultistageDecimator:anti_alias_fir|FirDecimatingStage:stage3|product_pipe[0][0]                               ; DATAOUT          ;                       ;
; Ad9233FrameCapture:U2_frame_capture|Ad9233MultistageDecimator:anti_alias_fir|FirDecimatingStage:stage3|product_pipe[0][27]            ; Packed Register ; Register Packing ; Timing optimization            ; Q         ;                ; Ad9233FrameCapture:U2_frame_capture|Ad9233MultistageDecimator:anti_alias_fir|FirDecimatingStage:stage3|product_pipe[0][0]                               ; DATAOUT          ;                       ;
; Ad9233FrameCapture:U2_frame_capture|Ad9233MultistageDecimator:anti_alias_fir|FirDecimatingStage:stage3|product_pipe[0][28]            ; Packed Register ; Register Packing ; Timing optimization            ; Q         ;                ; Ad9233FrameCapture:U2_frame_capture|Ad9233MultistageDecimator:anti_alias_fir|FirDecimatingStage:stage3|product_pipe[0][0]                               ; DATAOUT          ;                       ;
; Ad9233FrameCapture:U2_frame_capture|Ad9233MultistageDecimator:anti_alias_fir|FirDecimatingStage:stage3|product_pipe[0][29]            ; Packed Register ; Register Packing ; Timing optimization            ; Q         ;                ; Ad9233FrameCapture:U2_frame_capture|Ad9233MultistageDecimator:anti_alias_fir|FirDecimatingStage:stage3|product_pipe[0][0]                               ; DATAOUT          ;                       ;
; Ad9233FrameCapture:U2_frame_capture|Ad9233MultistageDecimator:anti_alias_fir|FirDecimatingStage:stage3|product_pipe[0][30]            ; Packed Register ; Register Packing ; Timing optimization            ; Q         ;                ; Ad9233FrameCapture:U2_frame_capture|Ad9233MultistageDecimator:anti_alias_fir|FirDecimatingStage:stage3|product_pipe[0][0]                               ; DATAOUT          ;                       ;
; Ad9233FrameCapture:U2_frame_capture|Ad9233MultistageDecimator:anti_alias_fir|FirDecimatingStage:stage3|product_pipe[0][31]            ; Packed Register ; Register Packing ; Timing optimization            ; Q         ;                ; Ad9233FrameCapture:U2_frame_capture|Ad9233MultistageDecimator:anti_alias_fir|FirDecimatingStage:stage3|product_pipe[0][0]                               ; DATAOUT          ;                       ;
; Ad9233FrameCapture:U2_frame_capture|Ad9233MultistageDecimator:anti_alias_fir|FirDecimatingStage:stage3|product_pipe[0][32]            ; Packed Register ; Register Packing ; Timing optimization            ; Q         ;                ; Ad9233FrameCapture:U2_frame_capture|Ad9233MultistageDecimator:anti_alias_fir|FirDecimatingStage:stage3|product_pipe[0][0]                               ; DATAOUT          ;                       ;
; Ad9233FrameCapture:U2_frame_capture|Ad9233MultistageDecimator:anti_alias_fir|FirDecimatingStage:stage3|product_pipe[0][33]            ; Packed Register ; Register Packing ; Timing optimization            ; Q         ;                ; Ad9233FrameCapture:U2_frame_capture|Ad9233MultistageDecimator:anti_alias_fir|FirDecimatingStage:stage3|product_pipe[0][0]                               ; DATAOUT          ;                       ;
; Ad9233FrameCapture:U2_frame_capture|Ad9233MultistageDecimator:anti_alias_fir|FirDecimatingStage:stage3|product_pipe[0][34]            ; Packed Register ; Register Packing ; Timing optimization            ; Q         ;                ; Ad9233FrameCapture:U2_frame_capture|Ad9233MultistageDecimator:anti_alias_fir|FirDecimatingStage:stage3|product_pipe[0][0]                               ; DATAOUT          ;                       ;
; Ad9233FrameCapture:U2_frame_capture|Ad9233MultistageDecimator:anti_alias_fir|FirDecimatingStage:stage3|product_pipe[0][35]            ; Packed Register ; Register Packing ; Timing optimization            ; Q         ;                ; Ad9233FrameCapture:U2_frame_capture|Ad9233MultistageDecimator:anti_alias_fir|FirDecimatingStage:stage3|product_pipe[0][0]                               ; DATAOUT          ;                       ;
; Ad9233FrameCapture:U2_frame_capture|read_data[0]                                                                                      ; Packed Register ; Register Packing ; Timing optimization            ; Q         ;                ; Ad9233FrameCapture:U2_frame_capture|altsyncram:capture_ram|altsyncram_bl51:auto_generated|q_b[0]                                                        ; PORTBDATAOUT     ;                       ;
; Ad9233FrameCapture:U2_frame_capture|read_data[1]                                                                                      ; Packed Register ; Register Packing ; Timing optimization            ; Q         ;                ; Ad9233FrameCapture:U2_frame_capture|altsyncram:capture_ram|altsyncram_bl51:auto_generated|q_b[1]                                                        ; PORTBDATAOUT     ;                       ;
; Ad9233FrameCapture:U2_frame_capture|read_data[2]                                                                                      ; Packed Register ; Register Packing ; Timing optimization            ; Q         ;                ; Ad9233FrameCapture:U2_frame_capture|altsyncram:capture_ram|altsyncram_bl51:auto_generated|q_b[2]                                                        ; PORTBDATAOUT     ;                       ;
; Ad9233FrameCapture:U2_frame_capture|read_data[3]                                                                                      ; Packed Register ; Register Packing ; Timing optimization            ; Q         ;                ; Ad9233FrameCapture:U2_frame_capture|altsyncram:capture_ram|altsyncram_bl51:auto_generated|q_b[3]                                                        ; PORTBDATAOUT     ;                       ;
; Ad9233FrameCapture:U2_frame_capture|read_data[4]                                                                                      ; Packed Register ; Register Packing ; Timing optimization            ; Q         ;                ; Ad9233FrameCapture:U2_frame_capture|altsyncram:capture_ram|altsyncram_bl51:auto_generated|q_b[4]                                                        ; PORTBDATAOUT     ;                       ;
; Ad9233FrameCapture:U2_frame_capture|read_data[5]                                                                                      ; Packed Register ; Register Packing ; Timing optimization            ; Q         ;                ; Ad9233FrameCapture:U2_frame_capture|altsyncram:capture_ram|altsyncram_bl51:auto_generated|q_b[5]                                                        ; PORTBDATAOUT     ;                       ;
; Ad9233FrameCapture:U2_frame_capture|read_data[6]                                                                                      ; Packed Register ; Register Packing ; Timing optimization            ; Q         ;                ; Ad9233FrameCapture:U2_frame_capture|altsyncram:capture_ram|altsyncram_bl51:auto_generated|q_b[6]                                                        ; PORTBDATAOUT     ;                       ;
; Ad9233FrameCapture:U2_frame_capture|read_data[7]                                                                                      ; Packed Register ; Register Packing ; Timing optimization            ; Q         ;                ; Ad9233FrameCapture:U2_frame_capture|altsyncram:capture_ram|altsyncram_bl51:auto_generated|q_b[7]                                                        ; PORTBDATAOUT     ;                       ;
; Ad9233FrameCapture:U2_frame_capture|read_data[8]                                                                                      ; Packed Register ; Register Packing ; Timing optimization            ; Q         ;                ; Ad9233FrameCapture:U2_frame_capture|altsyncram:capture_ram|altsyncram_bl51:auto_generated|q_b[8]                                                        ; PORTBDATAOUT     ;                       ;
; Ad9233FrameCapture:U2_frame_capture|read_data[9]                                                                                      ; Packed Register ; Register Packing ; Timing optimization            ; Q         ;                ; Ad9233FrameCapture:U2_frame_capture|altsyncram:capture_ram|altsyncram_bl51:auto_generated|q_b[9]                                                        ; PORTBDATAOUT     ;                       ;
; Ad9233FrameCapture:U2_frame_capture|read_data[10]                                                                                     ; Packed Register ; Register Packing ; Timing optimization            ; Q         ;                ; Ad9233FrameCapture:U2_frame_capture|altsyncram:capture_ram|altsyncram_bl51:auto_generated|q_b[10]                                                       ; PORTBDATAOUT     ;                       ;
; Ad9233FrameCapture:U2_frame_capture|read_data[11]                                                                                     ; Packed Register ; Register Packing ; Timing optimization            ; Q         ;                ; Ad9233FrameCapture:U2_frame_capture|altsyncram:capture_ram|altsyncram_bl51:auto_generated|q_b[11]                                                       ; PORTBDATAOUT     ;                       ;
; adc_raw_otr                                                                                                                           ; Packed Register ; Register Packing ; Fast Input Register assignment ; Q         ;                ; adc_otr_i~input                                                                                                                                         ; O                ;                       ;
; adc_raw_sample[0]                                                                                                                     ; Packed Register ; Register Packing ; Fast Input Register assignment ; Q         ;                ; adc_data_i[0]~input                                                                                                                                     ; O                ;                       ;
; adc_raw_sample[1]                                                                                                                     ; Packed Register ; Register Packing ; Fast Input Register assignment ; Q         ;                ; adc_data_i[1]~input                                                                                                                                     ; O                ;                       ;
; adc_raw_sample[2]                                                                                                                     ; Packed Register ; Register Packing ; Fast Input Register assignment ; Q         ;                ; adc_data_i[2]~input                                                                                                                                     ; O                ;                       ;
; adc_raw_sample[3]                                                                                                                     ; Packed Register ; Register Packing ; Fast Input Register assignment ; Q         ;                ; adc_data_i[3]~input                                                                                                                                     ; O                ;                       ;
; adc_raw_sample[4]                                                                                                                     ; Packed Register ; Register Packing ; Fast Input Register assignment ; Q         ;                ; adc_data_i[4]~input                                                                                                                                     ; O                ;                       ;
; adc_raw_sample[5]                                                                                                                     ; Packed Register ; Register Packing ; Fast Input Register assignment ; Q         ;                ; adc_data_i[5]~input                                                                                                                                     ; O                ;                       ;
; adc_raw_sample[6]                                                                                                                     ; Packed Register ; Register Packing ; Fast Input Register assignment ; Q         ;                ; adc_data_i[6]~input                                                                                                                                     ; O                ;                       ;
; adc_raw_sample[7]                                                                                                                     ; Packed Register ; Register Packing ; Fast Input Register assignment ; Q         ;                ; adc_data_i[7]~input                                                                                                                                     ; O                ;                       ;
; adc_raw_sample[8]                                                                                                                     ; Packed Register ; Register Packing ; Fast Input Register assignment ; Q         ;                ; adc_data_i[8]~input                                                                                                                                     ; O                ;                       ;
; adc_raw_sample[9]                                                                                                                     ; Packed Register ; Register Packing ; Fast Input Register assignment ; Q         ;                ; adc_data_i[9]~input                                                                                                                                     ; O                ;                       ;
; adc_raw_sample[10]                                                                                                                    ; Packed Register ; Register Packing ; Fast Input Register assignment ; Q         ;                ; adc_data_i[10]~input                                                                                                                                    ; O                ;                       ;
; adc_raw_sample[11]                                                                                                                    ; Packed Register ; Register Packing ; Fast Input Register assignment ; Q         ;                ; adc_data_i[11]~input                                                                                                                                    ; O                ;                       ;
+---------------------------------------------------------------------------------------------------------------------------------------+-----------------+------------------+--------------------------------+-----------+----------------+---------------------------------------------------------------------------------------------------------------------------------------------------------+------------------+-----------------------+


+-------------------------------------------------------------------------------------------------------+
; Ignored Assignments                                                                                   ;
+-----------------------+------------------+--------------+------------+---------------+----------------+
; Name                  ; Ignored Entity   ; Ignored From ; Ignored To ; Ignored Value ; Ignored Source ;
+-----------------------+------------------+--------------+------------+---------------+----------------+
; Weak Pull-Up Resistor ; DAC904_WriteTEST ;              ; keyAF      ; ON            ; QSF Assignment ;
; Weak Pull-Up Resistor ; DAC904_WriteTEST ;              ; keyIn[0]   ; ON            ; QSF Assignment ;
; Weak Pull-Up Resistor ; DAC904_WriteTEST ;              ; keyIn[1]   ; ON            ; QSF Assignment ;
; Weak Pull-Up Resistor ; DAC904_WriteTEST ;              ; keyIn[2]   ; ON            ; QSF Assignment ;
; Weak Pull-Up Resistor ; DAC904_WriteTEST ;              ; keyIn[3]   ; ON            ; QSF Assignment ;
; Weak Pull-Up Resistor ; DAC904_WriteTEST ;              ; keyIn[4]   ; ON            ; QSF Assignment ;
+-----------------------+------------------+--------------+------------+---------------+----------------+


+---------------------------------------------------------------------------------------------------+
; Incremental Compilation Preservation Summary                                                      ;
+---------------------+---------------------+----------------------------+--------------------------+
; Type                ; Total [A + B]       ; From Design Partitions [A] ; From Rapid Recompile [B] ;
+---------------------+---------------------+----------------------------+--------------------------+
; Placement (by node) ;                     ;                            ;                          ;
;     -- Requested    ; 0.00 % ( 0 / 9574 ) ; 0.00 % ( 0 / 9574 )        ; 0.00 % ( 0 / 9574 )      ;
;     -- Achieved     ; 0.00 % ( 0 / 9574 ) ; 0.00 % ( 0 / 9574 )        ; 0.00 % ( 0 / 9574 )      ;
;                     ;                     ;                            ;                          ;
; Routing (by net)    ;                     ;                            ;                          ;
;     -- Requested    ; 0.00 % ( 0 / 0 )    ; 0.00 % ( 0 / 0 )           ; 0.00 % ( 0 / 0 )         ;
;     -- Achieved     ; 0.00 % ( 0 / 0 )    ; 0.00 % ( 0 / 0 )           ; 0.00 % ( 0 / 0 )         ;
+---------------------+---------------------+----------------------------+--------------------------+


+----------------------------------------------------------------------------------------------------------------------------------------------------------------------------------------+
; Incremental Compilation Partition Settings                                                                                                                                             ;
+--------------------------------+----------------+-------------------+-------------------------+------------------------+------------------------------+--------------------------------+
; Partition Name                 ; Partition Type ; Netlist Type Used ; Preservation Level Used ; Netlist Type Requested ; Preservation Level Requested ; Contents                       ;
+--------------------------------+----------------+-------------------+-------------------------+------------------------+------------------------------+--------------------------------+
; Top                            ; User-created   ; Source File       ; N/A                     ; Source File            ; N/A                          ;                                ;
; sld_hub:auto_hub               ; Auto-generated ; Post-Synthesis    ; N/A                     ; Post-Synthesis         ; N/A                          ; sld_hub:auto_hub               ;
; sld_signaltap:auto_signaltap_0 ; Auto-generated ; Post-Synthesis    ; N/A                     ; Post-Synthesis         ; N/A                          ; sld_signaltap:auto_signaltap_0 ;
; hard_block:auto_generated_inst ; Auto-generated ; Source File       ; N/A                     ; Source File            ; N/A                          ; hard_block:auto_generated_inst ;
+--------------------------------+----------------+-------------------+-------------------------+------------------------+------------------------------+--------------------------------+


+------------------------------------------------------------------------------------------------------------------------------------+
; Incremental Compilation Placement Preservation                                                                                     ;
+--------------------------------+-----------------------+-------------------------+-------------------+---------------------+-------+
; Partition Name                 ; Preservation Achieved ; Preservation Level Used ; Netlist Type Used ; Preservation Method ; Notes ;
+--------------------------------+-----------------------+-------------------------+-------------------+---------------------+-------+
; Top                            ; 0.00 % ( 0 / 8239 )   ; N/A                     ; Source File       ; N/A                 ;       ;
; sld_hub:auto_hub               ; 0.00 % ( 0 / 214 )    ; N/A                     ; Post-Synthesis    ; N/A                 ;       ;
; sld_signaltap:auto_signaltap_0 ; 0.00 % ( 0 / 1111 )   ; N/A                     ; Post-Synthesis    ; N/A                 ;       ;
; hard_block:auto_generated_inst ; 0.00 % ( 0 / 10 )     ; N/A                     ; Source File       ; N/A                 ;       ;
+--------------------------------+-----------------------+-------------------------+-------------------+---------------------+-------+


+--------------+
; Pin-Out File ;
+--------------+
The pin-out file can be found in D:/diansai2025/26Diansai_G_62m5/FPGA_sendwave/prj/DAC904_HighSpeedDAC.pin.


+--------------------------------------------------------------------------+
; Fitter Resource Usage Summary                                            ;
+---------------------------------------------+----------------------------+
; Resource                                    ; Usage                      ;
+---------------------------------------------+----------------------------+
; Total logic elements                        ; 6,700 / 10,320 ( 65 % )    ;
;     -- Combinational with no register       ; 2306                       ;
;     -- Register only                        ; 1939                       ;
;     -- Combinational with a register        ; 2455                       ;
;                                             ;                            ;
; Logic element usage by number of LUT inputs ;                            ;
;     -- 4 input functions                    ; 2055                       ;
;     -- 3 input functions                    ; 1728                       ;
;     -- <=2 input functions                  ; 978                        ;
;     -- Register only                        ; 1939                       ;
;                                             ;                            ;
; Logic elements by mode                      ;                            ;
;     -- normal mode                          ; 3717                       ;
;     -- arithmetic mode                      ; 1044                       ;
;                                             ;                            ;
; Total registers*                            ; 4,407 / 11,172 ( 39 % )    ;
;     -- Dedicated logic registers            ; 4,394 / 10,320 ( 43 % )    ;
;     -- I/O registers                        ; 13 / 852 ( 2 % )           ;
;                                             ;                            ;
; Total LABs:  partially or completely used   ; 502 / 645 ( 78 % )         ;
; Virtual pins                                ; 25                         ;
; I/O pins                                    ; 42 / 180 ( 23 % )          ;
;     -- Clock pins                           ; 1 / 3 ( 33 % )             ;
;     -- Dedicated input pins                 ; 3 / 9 ( 33 % )             ;
;                                             ;                            ;
; Global signals                              ; 7                          ;
; M9Ks                                        ; 18 / 46 ( 39 % )           ;
; Total block memory bits                     ; 147,456 / 423,936 ( 35 % ) ;
; Total block memory implementation bits      ; 165,888 / 423,936 ( 39 % ) ;
; Embedded Multiplier 9-bit elements          ; 14 / 46 ( 30 % )           ;
; PLLs                                        ; 1 / 2 ( 50 % )             ;
; Global clocks                               ; 7 / 10 ( 70 % )            ;
; JTAGs                                       ; 1 / 1 ( 100 % )            ;
; CRC blocks                                  ; 0 / 1 ( 0 % )              ;
; ASMI blocks                                 ; 0 / 1 ( 0 % )              ;
; Impedance control blocks                    ; 0 / 4 ( 0 % )              ;
; Average interconnect usage (total/H/V)      ; 11% / 11% / 12%            ;
; Peak interconnect usage (total/H/V)         ; 20% / 20% / 19%            ;
; Maximum fan-out                             ; 3747                       ;
; Highest non-global fan-out                  ; 663                        ;
; Total fan-out                               ; 31545                      ;
; Average fan-out                             ; 2.92                       ;
+---------------------------------------------+----------------------------+
*  Register count does not include registers inside RAM blocks or DSP blocks.



+--------------------------------------------------------------------------------------------------------------------------------------------------------------+
; Fitter Partition Statistics                                                                                                                                  ;
+---------------------------------------------+-----------------------+----------------------+--------------------------------+--------------------------------+
; Statistic                                   ; Top                   ; sld_hub:auto_hub     ; sld_signaltap:auto_signaltap_0 ; hard_block:auto_generated_inst ;
+---------------------------------------------+-----------------------+----------------------+--------------------------------+--------------------------------+
; Difficulty Clustering Region                ; Low                   ; Low                  ; Low                            ; Low                            ;
;                                             ;                       ;                      ;                                ;                                ;
; Total logic elements                        ; 5784 / 10320 ( 56 % ) ; 149 / 10320 ( 1 % )  ; 767 / 10320 ( 7 % )            ; 0 / 10320 ( 0 % )              ;
;     -- Combinational with no register       ; 2136                  ; 59                   ; 111                            ; 0                              ;
;     -- Register only                        ; 1579                  ; 25                   ; 335                            ; 0                              ;
;     -- Combinational with a register        ; 2069                  ; 65                   ; 321                            ; 0                              ;
;                                             ;                       ;                      ;                                ;                                ;
; Logic element usage by number of LUT inputs ;                       ;                      ;                                ;                                ;
;     -- 4 input functions                    ; 1838                  ; 52                   ; 165                            ; 0                              ;
;     -- 3 input functions                    ; 1563                  ; 34                   ; 131                            ; 0                              ;
;     -- <=2 input functions                  ; 804                   ; 38                   ; 136                            ; 0                              ;
;     -- Register only                        ; 1579                  ; 25                   ; 335                            ; 0                              ;
;                                             ;                       ;                      ;                                ;                                ;
; Logic elements by mode                      ;                       ;                      ;                                ;                                ;
;     -- normal mode                          ; 3256                  ; 116                  ; 345                            ; 0                              ;
;     -- arithmetic mode                      ; 949                   ; 8                    ; 87                             ; 0                              ;
;                                             ;                       ;                      ;                                ;                                ;
; Total registers                             ; 3661                  ; 90                   ; 656                            ; 0                              ;
;     -- Dedicated logic registers            ; 3648 / 10320 ( 35 % ) ; 90 / 10320 ( < 1 % ) ; 656 / 10320 ( 6 % )            ; 0 / 10320 ( 0 % )              ;
;     -- I/O registers                        ; 26                    ; 0                    ; 0                              ; 0                              ;
;                                             ;                       ;                      ;                                ;                                ;
; Total LABs:  partially or completely used   ; 409 / 645 ( 63 % )    ; 14 / 645 ( 2 % )     ; 75 / 645 ( 12 % )              ; 0 / 645 ( 0 % )                ;
;                                             ;                       ;                      ;                                ;                                ;
; Virtual pins                                ; 25                    ; 0                    ; 0                              ; 0                              ;
; I/O pins                                    ; 42                    ; 0                    ; 0                              ; 0                              ;
; Embedded Multiplier 9-bit elements          ; 14 / 46 ( 30 % )      ; 0 / 46 ( 0 % )       ; 0 / 46 ( 0 % )                 ; 0 / 46 ( 0 % )                 ;
; Total memory bits                           ; 49152                 ; 0                    ; 98304                          ; 0                              ;
; Total RAM block bits                        ; 55296                 ; 0                    ; 110592                         ; 0                              ;
; JTAG                                        ; 1 / 1 ( 100 % )       ; 0 / 1 ( 0 % )        ; 0 / 1 ( 0 % )                  ; 0 / 1 ( 0 % )                  ;
; PLL                                         ; 0 / 2 ( 0 % )         ; 0 / 2 ( 0 % )        ; 0 / 2 ( 0 % )                  ; 1 / 2 ( 50 % )                 ;
; M9K                                         ; 6 / 46 ( 13 % )       ; 0 / 46 ( 0 % )       ; 12 / 46 ( 26 % )               ; 0 / 46 ( 0 % )                 ;
; Clock control block                         ; 5 / 12 ( 41 % )       ; 0 / 12 ( 0 % )       ; 1 / 12 ( 8 % )                 ; 1 / 12 ( 8 % )                 ;
;                                             ;                       ;                      ;                                ;                                ;
; Connections                                 ;                       ;                      ;                                ;                                ;
;     -- Input Connections                    ; 4                     ; 133                  ; 886                            ; 2                              ;
;     -- Registered Input Connections         ; 1                     ; 100                  ; 691                            ; 0                              ;
;     -- Output Connections                   ; 858                   ; 163                  ; 1                              ; 3                              ;
;     -- Registered Output Connections        ; 36                    ; 162                  ; 0                              ; 0                              ;
;                                             ;                       ;                      ;                                ;                                ;
; Internal Connections                        ;                       ;                      ;                                ;                                ;
;     -- Total Connections                    ; 28013                 ; 857                  ; 3989                           ; 11                             ;
;     -- Registered Connections               ; 10703                 ; 609                  ; 2089                           ; 0                              ;
;                                             ;                       ;                      ;                                ;                                ;
; External Connections                        ;                       ;                      ;                                ;                                ;
;     -- Top                                  ; 0                     ; 123                  ; 734                            ; 5                              ;
;     -- sld_hub:auto_hub                     ; 123                   ; 20                   ; 153                            ; 0                              ;
;     -- sld_signaltap:auto_signaltap_0       ; 734                   ; 153                  ; 0                              ; 0                              ;
;     -- hard_block:auto_generated_inst       ; 5                     ; 0                    ; 0                              ; 0                              ;
;                                             ;                       ;                      ;                                ;                                ;
; Partition Interface                         ;                       ;                      ;                                ;                                ;
;     -- Input Ports                          ; 22                    ; 21                   ; 107                            ; 2                              ;
;     -- Output Ports                         ; 49                    ; 39                   ; 60                             ; 2                              ;
;     -- Bidir Ports                          ; 0                     ; 0                    ; 0                              ; 0                              ;
;                                             ;                       ;                      ;                                ;                                ;
; Registered Ports                            ;                       ;                      ;                                ;                                ;
;     -- Registered Input Ports               ; 0                     ; 4                    ; 12                             ; 0                              ;
;     -- Registered Output Ports              ; 0                     ; 28                   ; 49                             ; 0                              ;
;                                             ;                       ;                      ;                                ;                                ;
; Port Connectivity                           ;                       ;                      ;                                ;                                ;
;     -- Input Ports driven by GND            ; 0                     ; 1                    ; 4                              ; 0                              ;
;     -- Output Ports driven by GND           ; 0                     ; 1                    ; 0                              ; 0                              ;
;     -- Input Ports driven by VCC            ; 0                     ; 0                    ; 2                              ; 0                              ;
;     -- Output Ports driven by VCC           ; 0                     ; 0                    ; 0                              ; 0                              ;
;     -- Input Ports with no Source           ; 0                     ; 1                    ; 35                             ; 0                              ;
;     -- Output Ports with no Source          ; 0                     ; 0                    ; 0                              ; 0                              ;
;     -- Input Ports with no Fanout           ; 0                     ; 2                    ; 40                             ; 0                              ;
;     -- Output Ports with no Fanout          ; 0                     ; 15                   ; 49                             ; 0                              ;
+---------------------------------------------+-----------------------+----------------------+--------------------------------+--------------------------------+


+-------------------------------------------------------------------------------------------------------------------------------------------------------------------------------------------------------------------------------------------------------------------------------------+
; Input Pins                                                                                                                                                                                                                                                                          ;
+----------------+-------+----------+--------------+--------------+--------------+-----------------------+--------------------+--------+----------------+---------------+-----------------+----------+--------------+--------------+---------------------------+----------------------+
; Name           ; Pin # ; I/O Bank ; X coordinate ; Y coordinate ; Z coordinate ; Combinational Fan-Out ; Registered Fan-Out ; Global ; Input Register ; Power Up High ; PCI I/O Enabled ; Bus Hold ; Weak Pull Up ; I/O Standard ; Termination Control Block ; Location assigned by ;
+----------------+-------+----------+--------------+--------------+--------------+-----------------------+--------------------+--------+----------------+---------------+-----------------+----------+--------------+--------------+---------------------------+----------------------+
; adc_data_i[0]  ; R10   ; 4        ; 21           ; 0            ; 7            ; 2                     ; 5                  ; no     ; yes            ; no            ; yes             ; no       ; Off          ; 3.3-V LVCMOS ; --                        ; User                 ;
; adc_data_i[10] ; R5    ; 3        ; 9            ; 0            ; 7            ; 2                     ; 5                  ; no     ; yes            ; no            ; yes             ; no       ; Off          ; 3.3-V LVCMOS ; --                        ; User                 ;
; adc_data_i[11] ; T6    ; 3        ; 11           ; 0            ; 14           ; 2                     ; 7                  ; no     ; yes            ; no            ; yes             ; no       ; Off          ; 3.3-V LVCMOS ; --                        ; User                 ;
; adc_data_i[1]  ; T11   ; 4        ; 23           ; 0            ; 7            ; 2                     ; 5                  ; no     ; yes            ; no            ; yes             ; no       ; Off          ; 3.3-V LVCMOS ; --                        ; User                 ;
; adc_data_i[2]  ; R9    ; 4        ; 18           ; 0            ; 21           ; 2                     ; 5                  ; no     ; yes            ; no            ; yes             ; no       ; Off          ; 3.3-V LVCMOS ; --                        ; User                 ;
; adc_data_i[3]  ; T10   ; 4        ; 21           ; 0            ; 0            ; 2                     ; 5                  ; no     ; yes            ; no            ; yes             ; no       ; Off          ; 3.3-V LVCMOS ; --                        ; User                 ;
; adc_data_i[4]  ; R8    ; 3        ; 16           ; 0            ; 7            ; 2                     ; 5                  ; no     ; yes            ; no            ; yes             ; no       ; Off          ; 3.3-V LVCMOS ; --                        ; User                 ;
; adc_data_i[5]  ; T9    ; 4        ; 18           ; 0            ; 14           ; 2                     ; 5                  ; no     ; yes            ; no            ; yes             ; no       ; Off          ; 3.3-V LVCMOS ; --                        ; User                 ;
; adc_data_i[6]  ; R7    ; 3        ; 11           ; 0            ; 0            ; 2                     ; 5                  ; no     ; yes            ; no            ; yes             ; no       ; Off          ; 3.3-V LVCMOS ; --                        ; User                 ;
; adc_data_i[7]  ; T8    ; 3        ; 16           ; 0            ; 0            ; 2                     ; 5                  ; no     ; yes            ; no            ; yes             ; no       ; Off          ; 3.3-V LVCMOS ; --                        ; User                 ;
; adc_data_i[8]  ; R6    ; 3        ; 11           ; 0            ; 21           ; 2                     ; 5                  ; no     ; yes            ; no            ; yes             ; no       ; Off          ; 3.3-V LVCMOS ; --                        ; User                 ;
; adc_data_i[9]  ; T7    ; 3        ; 13           ; 0            ; 21           ; 2                     ; 5                  ; no     ; yes            ; no            ; yes             ; no       ; Off          ; 3.3-V LVCMOS ; --                        ; User                 ;
; adc_dco_i      ; G2    ; 1        ; 0            ; 18           ; 14           ; 3747                  ; 0                  ; yes    ; no             ; no            ; yes             ; no       ; Off          ; 3.3-V LVCMOS ; --                        ; User                 ;
; adc_otr_i      ; R4    ; 3        ; 5            ; 0            ; 21           ; 0                     ; 4                  ; no     ; yes            ; no            ; yes             ; no       ; Off          ; 3.3-V LVCMOS ; --                        ; User                 ;
; clk            ; M2    ; 2        ; 0            ; 11           ; 14           ; 76                    ; 0                  ; yes    ; no             ; no            ; yes             ; no       ; Off          ; 2.5 V        ; --                        ; User                 ;
; mcu_spi_mosi   ; D5    ; 8        ; 3            ; 24           ; 0            ; 6                     ; 0                  ; no     ; no             ; no            ; yes             ; no       ; Off          ; 3.3-V LVTTL  ; --                        ; User                 ;
; mcu_spi_sck    ; E6    ; 8        ; 7            ; 24           ; 7            ; 217                   ; 0                  ; no     ; no             ; no            ; yes             ; no       ; On           ; 3.3-V LVTTL  ; --                        ; User                 ;
; mcu_uart_rx    ; A8    ; 8        ; 16           ; 24           ; 14           ; 10                    ; 0                  ; no     ; no             ; no            ; yes             ; no       ; On           ; 3.3-V LVTTL  ; --                        ; User                 ;
; rstn           ; M1    ; 2        ; 0            ; 11           ; 21           ; 1101                  ; 0                  ; yes    ; no             ; no            ; yes             ; no       ; Off          ; 2.5 V        ; --                        ; User                 ;
+----------------+-------+----------+--------------+--------------+--------------+-----------------------+--------------------+--------+----------------+---------------+-----------------+----------+--------------+--------------+---------------------------+----------------------+


+-----------------------------------------------------------------------------------------------------------------------------------------------------------------------------------------------------------------------------------------------------------------------------------------------------------------------------------------------------------------------------------------------------------------------------------------------------------------+
; Output Pins                                                                                                                                                                                                                                                                                                                                                                                                                                                     ;
+----------------+-------+----------+--------------+--------------+--------------+-----------------+------------------------+---------------+-----------+-----------------+------------+---------------+----------+--------------+--------------+------------------+-----------------------------------+---------------------------+----------------------------+-----------------------------+----------------------+----------------------+---------------------+
; Name           ; Pin # ; I/O Bank ; X coordinate ; Y coordinate ; Z coordinate ; Output Register ; Output Enable Register ; Power Up High ; Slew Rate ; PCI I/O Enabled ; Open Drain ; TRI Primitive ; Bus Hold ; Weak Pull Up ; I/O Standard ; Current Strength ; Termination                       ; Termination Control Block ; Output Buffer Pre-emphasis ; Voltage Output Differential ; Location assigned by ; Output Enable Source ; Output Enable Group ;
+----------------+-------+----------+--------------+--------------+--------------+-----------------+------------------------+---------------+-----------+-----------------+------------+---------------+----------+--------------+--------------+------------------+-----------------------------------+---------------------------+----------------------------+-----------------------------+----------------------+----------------------+---------------------+
; IO_data[0]     ; K5    ; 2        ; 0            ; 6            ; 14           ; no              ; no                     ; no            ; 2         ; no              ; no         ; no            ; no       ; Off          ; 3.3-V LVCMOS ; 2mA              ; Off                               ; --                        ; no                         ; no                          ; User                 ; -                    ; -                   ;
; IO_data[10]    ; C2    ; 1        ; 0            ; 22           ; 14           ; no              ; no                     ; no            ; 2         ; no              ; no         ; no            ; no       ; Off          ; 2.5 V        ; Default          ; Series 50 Ohm without Calibration ; --                        ; no                         ; no                          ; User                 ; -                    ; -                   ;
; IO_data[11]    ; G1    ; 1        ; 0            ; 18           ; 21           ; no              ; no                     ; no            ; 2         ; no              ; no         ; no            ; no       ; Off          ; 2.5 V        ; Default          ; Series 50 Ohm without Calibration ; --                        ; no                         ; no                          ; User                 ; -                    ; -                   ;
; IO_data[12]    ; F2    ; 1        ; 0            ; 19           ; 14           ; no              ; no                     ; no            ; 2         ; no              ; no         ; no            ; no       ; Off          ; 2.5 V        ; Default          ; Series 50 Ohm without Calibration ; --                        ; no                         ; no                          ; User                 ; -                    ; -                   ;
; IO_data[13]    ; F1    ; 1        ; 0            ; 19           ; 21           ; no              ; no                     ; no            ; 2         ; no              ; no         ; no            ; no       ; Off          ; 2.5 V        ; Default          ; Series 50 Ohm without Calibration ; --                        ; no                         ; no                          ; User                 ; -                    ; -                   ;
; IO_data[1]     ; L6    ; 2        ; 0            ; 9            ; 7            ; no              ; no                     ; no            ; 2         ; no              ; no         ; no            ; no       ; Off          ; 3.3-V LVCMOS ; 2mA              ; Off                               ; --                        ; no                         ; no                          ; User                 ; -                    ; -                   ;
; IO_data[2]     ; L3    ; 2        ; 0            ; 7            ; 0            ; no              ; no                     ; no            ; 2         ; no              ; no         ; no            ; no       ; Off          ; 3.3-V LVCMOS ; 2mA              ; Off                               ; --                        ; no                         ; no                          ; User                 ; -                    ; -                   ;
; IO_data[3]     ; L4    ; 2        ; 0            ; 6            ; 21           ; no              ; no                     ; no            ; 2         ; no              ; no         ; no            ; no       ; Off          ; 3.3-V LVCMOS ; 2mA              ; Off                               ; --                        ; no                         ; no                          ; User                 ; -                    ; -                   ;
; IO_data[4]     ; N3    ; 3        ; 1            ; 0            ; 21           ; no              ; no                     ; no            ; 2         ; no              ; no         ; no            ; no       ; Off          ; 3.3-V LVCMOS ; 2mA              ; Off                               ; --                        ; no                         ; no                          ; User                 ; -                    ; -                   ;
; IO_data[5]     ; B8    ; 8        ; 16           ; 24           ; 21           ; no              ; no                     ; no            ; 2         ; no              ; no         ; no            ; no       ; Off          ; 2.5 V        ; Default          ; Series 50 Ohm without Calibration ; --                        ; no                         ; no                          ; User                 ; -                    ; -                   ;
; IO_data[6]     ; F7    ; 8        ; 11           ; 24           ; 21           ; no              ; no                     ; no            ; 2         ; no              ; no         ; no            ; no       ; Off          ; 2.5 V        ; Default          ; Series 50 Ohm without Calibration ; --                        ; no                         ; no                          ; User                 ; -                    ; -                   ;
; IO_data[7]     ; J1    ; 2        ; 0            ; 10           ; 14           ; no              ; no                     ; no            ; 2         ; no              ; no         ; no            ; no       ; Off          ; 3.3-V LVCMOS ; 2mA              ; Off                               ; --                        ; no                         ; no                          ; User                 ; -                    ; -                   ;
; IO_data[8]     ; F6    ; 8        ; 11           ; 24           ; 14           ; no              ; no                     ; no            ; 2         ; no              ; no         ; no            ; no       ; Off          ; 2.5 V        ; Default          ; Series 50 Ohm without Calibration ; --                        ; no                         ; no                          ; User                 ; -                    ; -                   ;
; IO_data[9]     ; B1    ; 1        ; 0            ; 22           ; 0            ; no              ; no                     ; no            ; 2         ; no              ; no         ; no            ; no       ; Off          ; 2.5 V        ; Default          ; Series 50 Ohm without Calibration ; --                        ; no                         ; no                          ; User                 ; -                    ; -                   ;
; adc_clk_o      ; T13   ; 4        ; 28           ; 0            ; 7            ; no              ; no                     ; no            ; 2         ; no              ; no         ; no            ; no       ; Off          ; 3.3-V LVCMOS ; 2mA              ; Off                               ; --                        ; no                         ; no                          ; User                 ; -                    ; -                   ;
; adc_oeb_o      ; R11   ; 4        ; 23           ; 0            ; 14           ; no              ; no                     ; no            ; 2         ; no              ; no         ; no            ; no       ; Off          ; 3.3-V LVCMOS ; 2mA              ; Off                               ; --                        ; no                         ; no                          ; User                 ; -                    ; -                   ;
; adc_pwdn_o     ; R12   ; 4        ; 23           ; 0            ; 0            ; no              ; no                     ; no            ; 2         ; no              ; no         ; no            ; no       ; Off          ; 3.3-V LVCMOS ; 2mA              ; Off                               ; --                        ; no                         ; no                          ; User                 ; -                    ; -                   ;
; adc_spi_cs_n_o ; T4    ; 3        ; 5            ; 0            ; 14           ; no              ; no                     ; no            ; 2         ; no              ; no         ; no            ; no       ; Off          ; 3.3-V LVCMOS ; 2mA              ; Off                               ; --                        ; no                         ; no                          ; User                 ; -                    ; -                   ;
; adc_spi_sclk_o ; R3    ; 3        ; 1            ; 0            ; 7            ; no              ; no                     ; no            ; 2         ; no              ; no         ; no            ; no       ; Off          ; 3.3-V LVCMOS ; 2mA              ; Off                               ; --                        ; no                         ; no                          ; User                 ; -                    ; -                   ;
; adc_spi_sdio_o ; T5    ; 3        ; 9            ; 0            ; 0            ; no              ; no                     ; no            ; 2         ; no              ; no         ; no            ; no       ; Off          ; 3.3-V LVCMOS ; 2mA              ; Off                               ; --                        ; no                         ; no                          ; User                 ; -                    ; -                   ;
; clk_driver     ; F3    ; 1        ; 0            ; 21           ; 7            ; no              ; no                     ; no            ; 2         ; no              ; no         ; no            ; no       ; Off          ; 2.5 V        ; Default          ; Series 50 Ohm without Calibration ; --                        ; no                         ; no                          ; User                 ; -                    ; -                   ;
; dac_gnd        ; D1    ; 1        ; 0            ; 21           ; 21           ; no              ; no                     ; no            ; 2         ; no              ; no         ; no            ; no       ; Off          ; 2.5 V        ; Default          ; Series 50 Ohm without Calibration ; --                        ; no                         ; no                          ; User                 ; -                    ; -                   ;
; mcu_spi_miso   ; M7    ; 3        ; 9            ; 0            ; 21           ; no              ; no                     ; no            ; 2         ; no              ; no         ; no            ; no       ; Off          ; 3.3-V LVTTL  ; 8mA              ; Off                               ; --                        ; no                         ; no                          ; User                 ; -                    ; -                   ;
+----------------+-------+----------+--------------+--------------+--------------+-----------------+------------------------+---------------+-----------+-----------------+------------+---------------+----------+--------------+--------------+------------------+-----------------------------------+---------------------------+----------------------------+-----------------------------+----------------------+----------------------+---------------------+


+-------------------------------------------------------------------------------------------------------------------------+
; Dual Purpose and Dedicated Pins                                                                                         ;
+----------+-----------------------------+--------------------------+-------------------------+---------------------------+
; Location ; Pin Name                    ; Reserved As              ; User Signal Name        ; Pin Type                  ;
+----------+-----------------------------+--------------------------+-------------------------+---------------------------+
; C1       ; DIFFIO_L1n, DATA1, ASDO     ; As input tri-stated      ; ~ALTERA_ASDO_DATA1~     ; Dual Purpose Pin          ;
; D2       ; DIFFIO_L2p, FLASH_nCE, nCSO ; As input tri-stated      ; ~ALTERA_FLASH_nCE_nCSO~ ; Dual Purpose Pin          ;
; F4       ; nSTATUS                     ; -                        ; -                       ; Dedicated Programming Pin ;
; H1       ; DCLK                        ; As output driving ground ; ~ALTERA_DCLK~           ; Dual Purpose Pin          ;
; H2       ; DATA0                       ; As input tri-stated      ; ~ALTERA_DATA0~          ; Dual Purpose Pin          ;
; H5       ; nCONFIG                     ; -                        ; -                       ; Dedicated Programming Pin ;
; H4       ; TDI                         ; -                        ; altera_reserved_tdi     ; JTAG Pin                  ;
; H3       ; TCK                         ; -                        ; altera_reserved_tck     ; JTAG Pin                  ;
; J5       ; TMS                         ; -                        ; altera_reserved_tms     ; JTAG Pin                  ;
; J4       ; TDO                         ; -                        ; altera_reserved_tdo     ; JTAG Pin                  ;
; J3       ; nCE                         ; -                        ; -                       ; Dedicated Programming Pin ;
; H14      ; CONF_DONE                   ; -                        ; -                       ; Dedicated Programming Pin ;
; H13      ; MSEL0                       ; -                        ; -                       ; Dedicated Programming Pin ;
; H12      ; MSEL1                       ; -                        ; -                       ; Dedicated Programming Pin ;
; G12      ; MSEL2                       ; -                        ; -                       ; Dedicated Programming Pin ;
; G12      ; MSEL3                       ; -                        ; -                       ; Dedicated Programming Pin ;
; E6       ; DATA6                       ; Use as regular IO        ; mcu_spi_sck             ; Dual Purpose Pin          ;
+----------+-----------------------------+--------------------------+-------------------------+---------------------------+


+------------------------------------------------------------+
; I/O Bank Usage                                             ;
+----------+------------------+---------------+--------------+
; I/O Bank ; Usage            ; VCCIO Voltage ; VREF Voltage ;
+----------+------------------+---------------+--------------+
; 1        ; 12 / 17 ( 71 % ) ; 2.5V          ; --           ;
; 2        ; 7 / 19 ( 37 % )  ; 3.3V          ; --           ;
; 3        ; 13 / 26 ( 50 % ) ; 3.3V          ; --           ;
; 4        ; 8 / 27 ( 30 % )  ; 3.3V          ; --           ;
; 5        ; 0 / 25 ( 0 % )   ; 2.5V          ; --           ;
; 6        ; 0 / 14 ( 0 % )   ; 2.5V          ; --           ;
; 7        ; 0 / 26 ( 0 % )   ; 2.5V          ; --           ;
; 8        ; 6 / 26 ( 23 % )  ; 2.5V          ; --           ;
+----------+------------------+---------------+--------------+


+-----------------------------------------------------------------------------------------------------------------------------------------------------------------------------------------+
; All Package Pins                                                                                                                                                                        ;
+----------+------------+----------+-----------------------------------------------------------+--------+--------------+---------+------------+-----------------+----------+--------------+
; Location ; Pad Number ; I/O Bank ; Pin Name/Usage                                            ; Dir.   ; I/O Standard ; Voltage ; I/O Type   ; User Assignment ; Bus Hold ; Weak Pull Up ;
+----------+------------+----------+-----------------------------------------------------------+--------+--------------+---------+------------+-----------------+----------+--------------+
; A1       ;            ; 8        ; VCCIO8                                                    ; power  ;              ; 2.5V    ; --         ;                 ; --       ; --           ;
; A2       ; 194        ; 8        ; RESERVED_INPUT_WITH_WEAK_PULLUP                           ;        ;              ;         ; Column I/O ;                 ; no       ; On           ;
; A3       ; 200        ; 8        ; RESERVED_INPUT_WITH_WEAK_PULLUP                           ;        ;              ;         ; Column I/O ;                 ; no       ; On           ;
; A4       ; 196        ; 8        ; RESERVED_INPUT_WITH_WEAK_PULLUP                           ;        ;              ;         ; Column I/O ;                 ; no       ; On           ;
; A5       ; 192        ; 8        ; RESERVED_INPUT_WITH_WEAK_PULLUP                           ;        ;              ;         ; Column I/O ;                 ; no       ; On           ;
; A6       ; 188        ; 8        ; RESERVED_INPUT_WITH_WEAK_PULLUP                           ;        ;              ;         ; Column I/O ;                 ; no       ; On           ;
; A7       ; 183        ; 8        ; RESERVED_INPUT_WITH_WEAK_PULLUP                           ;        ;              ;         ; Column I/O ;                 ; no       ; On           ;
; A8       ; 177        ; 8        ; mcu_uart_rx                                               ; input  ; 3.3-V LVTTL  ;         ; Column I/O ; Y               ; no       ; On           ;
; A9       ; 175        ; 7        ; RESERVED_INPUT_WITH_WEAK_PULLUP                           ;        ;              ;         ; Column I/O ;                 ; no       ; On           ;
; A10      ; 168        ; 7        ; RESERVED_INPUT_WITH_WEAK_PULLUP                           ;        ;              ;         ; Column I/O ;                 ; no       ; On           ;
; A11      ; 161        ; 7        ; RESERVED_INPUT_WITH_WEAK_PULLUP                           ;        ;              ;         ; Column I/O ;                 ; no       ; On           ;
; A12      ; 159        ; 7        ; RESERVED_INPUT_WITH_WEAK_PULLUP                           ;        ;              ;         ; Column I/O ;                 ; no       ; On           ;
; A13      ; 153        ; 7        ; RESERVED_INPUT_WITH_WEAK_PULLUP                           ;        ;              ;         ; Column I/O ;                 ; no       ; On           ;
; A14      ; 155        ; 7        ; RESERVED_INPUT_WITH_WEAK_PULLUP                           ;        ;              ;         ; Column I/O ;                 ; no       ; On           ;
; A15      ; 167        ; 7        ; RESERVED_INPUT_WITH_WEAK_PULLUP                           ;        ;              ;         ; Column I/O ;                 ; no       ; On           ;
; A16      ;            ; 7        ; VCCIO7                                                    ; power  ;              ; 2.5V    ; --         ;                 ; --       ; --           ;
; B1       ; 3          ; 1        ; IO_data[9]                                                ; output ; 2.5 V        ;         ; Row I/O    ; Y               ; no       ; Off          ;
; B2       ;            ;          ; GND                                                       ; gnd    ;              ;         ; --         ;                 ; --       ; --           ;
; B3       ; 201        ; 8        ; RESERVED_INPUT_WITH_WEAK_PULLUP                           ;        ;              ;         ; Column I/O ;                 ; no       ; On           ;
; B4       ; 197        ; 8        ; RESERVED_INPUT_WITH_WEAK_PULLUP                           ;        ;              ;         ; Column I/O ;                 ; no       ; On           ;
; B5       ; 195        ; 8        ; RESERVED_INPUT_WITH_WEAK_PULLUP                           ;        ;              ;         ; Column I/O ;                 ; no       ; On           ;
; B6       ; 189        ; 8        ; RESERVED_INPUT_WITH_WEAK_PULLUP                           ;        ;              ;         ; Column I/O ;                 ; no       ; On           ;
; B7       ; 184        ; 8        ; RESERVED_INPUT_WITH_WEAK_PULLUP                           ;        ;              ;         ; Column I/O ;                 ; no       ; On           ;
; B8       ; 178        ; 8        ; IO_data[5]                                                ; output ; 2.5 V        ;         ; Column I/O ; Y               ; no       ; Off          ;
; B9       ; 176        ; 7        ; RESERVED_INPUT_WITH_WEAK_PULLUP                           ;        ;              ;         ; Column I/O ;                 ; no       ; On           ;
; B10      ; 169        ; 7        ; RESERVED_INPUT_WITH_WEAK_PULLUP                           ;        ;              ;         ; Column I/O ;                 ; no       ; On           ;
; B11      ; 162        ; 7        ; RESERVED_INPUT_WITH_WEAK_PULLUP                           ;        ;              ;         ; Column I/O ;                 ; no       ; On           ;
; B12      ; 160        ; 7        ; RESERVED_INPUT_WITH_WEAK_PULLUP                           ;        ;              ;         ; Column I/O ;                 ; no       ; On           ;
; B13      ; 154        ; 7        ; RESERVED_INPUT_WITH_WEAK_PULLUP                           ;        ;              ;         ; Column I/O ;                 ; no       ; On           ;
; B14      ; 156        ; 7        ; RESERVED_INPUT_WITH_WEAK_PULLUP                           ;        ;              ;         ; Column I/O ;                 ; no       ; On           ;
; B15      ;            ;          ; GND                                                       ; gnd    ;              ;         ; --         ;                 ; --       ; --           ;
; B16      ; 141        ; 6        ; RESERVED_INPUT_WITH_WEAK_PULLUP                           ;        ;              ;         ; Row I/O    ;                 ; no       ; On           ;
; C1       ; 5          ; 1        ; ~ALTERA_ASDO_DATA1~ / RESERVED_INPUT_WITH_WEAK_PULLUP     ; input  ; 2.5 V        ;         ; Row I/O    ; N               ; no       ; On           ;
; C2       ; 4          ; 1        ; IO_data[10]                                               ; output ; 2.5 V        ;         ; Row I/O    ; Y               ; no       ; Off          ;
; C3       ; 202        ; 8        ; RESERVED_INPUT_WITH_WEAK_PULLUP                           ;        ;              ;         ; Column I/O ;                 ; no       ; On           ;
; C4       ;            ; 8        ; VCCIO8                                                    ; power  ;              ; 2.5V    ; --         ;                 ; --       ; --           ;
; C5       ;            ;          ; GND                                                       ; gnd    ;              ;         ; --         ;                 ; --       ; --           ;
; C6       ; 187        ; 8        ; RESERVED_INPUT_WITH_WEAK_PULLUP                           ;        ;              ;         ; Column I/O ;                 ; --       ; --           ;
; C7       ;            ; 8        ; VCCIO8                                                    ; power  ;              ; 2.5V    ; --         ;                 ; --       ; --           ;
; C8       ; 179        ; 8        ; RESERVED_INPUT_WITH_WEAK_PULLUP                           ;        ;              ;         ; Column I/O ;                 ; no       ; On           ;
; C9       ; 172        ; 7        ; RESERVED_INPUT_WITH_WEAK_PULLUP                           ;        ;              ;         ; Column I/O ;                 ; no       ; On           ;
; C10      ;            ; 7        ; VCCIO7                                                    ; power  ;              ; 2.5V    ; --         ;                 ; --       ; --           ;
; C11      ; 163        ; 7        ; RESERVED_INPUT_WITH_WEAK_PULLUP                           ;        ;              ;         ; Column I/O ;                 ; --       ; --           ;
; C12      ;            ;          ; GND                                                       ; gnd    ;              ;         ; --         ;                 ; --       ; --           ;
; C13      ;            ; 7        ; VCCIO7                                                    ; power  ;              ; 2.5V    ; --         ;                 ; --       ; --           ;
; C14      ; 149        ; 7        ; RESERVED_INPUT_WITH_WEAK_PULLUP                           ;        ;              ;         ; Column I/O ;                 ; no       ; On           ;
; C15      ; 147        ; 6        ; RESERVED_INPUT_WITH_WEAK_PULLUP                           ;        ;              ;         ; Row I/O    ;                 ; no       ; On           ;
; C16      ; 146        ; 6        ; RESERVED_INPUT_WITH_WEAK_PULLUP                           ;        ;              ;         ; Row I/O    ;                 ; no       ; On           ;
; D1       ; 8          ; 1        ; dac_gnd                                                   ; output ; 2.5 V        ;         ; Row I/O    ; Y               ; no       ; Off          ;
; D2       ; 7          ; 1        ; ~ALTERA_FLASH_nCE_nCSO~ / RESERVED_INPUT_WITH_WEAK_PULLUP ; input  ; 2.5 V        ;         ; Row I/O    ; N               ; no       ; On           ;
; D3       ; 203        ; 8        ; RESERVED_INPUT_WITH_WEAK_PULLUP                           ;        ;              ;         ; Column I/O ;                 ; no       ; On           ;
; D4       ; 0          ; 1        ; RESERVED_INPUT_WITH_WEAK_PULLUP                           ;        ;              ;         ; Row I/O    ;                 ; no       ; On           ;
; D5       ; 198        ; 8        ; mcu_spi_mosi                                              ; input  ; 3.3-V LVTTL  ;         ; Column I/O ; Y               ; no       ; Off          ;
; D6       ; 199        ; 8        ; RESERVED_INPUT_WITH_WEAK_PULLUP                           ;        ;              ;         ; Column I/O ;                 ; no       ; On           ;
; D7       ;            ;          ; GND                                                       ; gnd    ;              ;         ; --         ;                 ; --       ; --           ;
; D8       ; 180        ; 8        ; RESERVED_INPUT_WITH_WEAK_PULLUP                           ;        ;              ;         ; Column I/O ;                 ; no       ; On           ;
; D9       ; 173        ; 7        ; RESERVED_INPUT_WITH_WEAK_PULLUP                           ;        ;              ;         ; Column I/O ;                 ; no       ; On           ;
; D10      ;            ;          ; GND                                                       ; gnd    ;              ;         ; --         ;                 ; --       ; --           ;
; D11      ; 151        ; 7        ; RESERVED_INPUT_WITH_WEAK_PULLUP                           ;        ;              ;         ; Column I/O ;                 ; no       ; On           ;
; D12      ; 152        ; 7        ; RESERVED_INPUT_WITH_WEAK_PULLUP                           ;        ;              ;         ; Column I/O ;                 ; no       ; On           ;
; D13      ;            ;          ; VCCD_PLL2                                                 ; power  ;              ; 1.2V    ; --         ;                 ; --       ; --           ;
; D14      ; 150        ; 7        ; RESERVED_INPUT_WITH_WEAK_PULLUP                           ;        ;              ;         ; Column I/O ;                 ; no       ; On           ;
; D15      ; 144        ; 6        ; RESERVED_INPUT_WITH_WEAK_PULLUP                           ;        ;              ;         ; Row I/O    ;                 ; no       ; On           ;
; D16      ; 143        ; 6        ; RESERVED_INPUT_WITH_WEAK_PULLUP                           ;        ;              ;         ; Row I/O    ;                 ; no       ; On           ;
; E1       ; 24         ; 1        ; GND+                                                      ;        ;              ;         ; Row I/O    ;                 ; --       ; --           ;
; E2       ;            ;          ; GND                                                       ; gnd    ;              ;         ; --         ;                 ; --       ; --           ;
; E3       ;            ; 1        ; VCCIO1                                                    ; power  ;              ; 2.5V    ; --         ;                 ; --       ; --           ;
; E4       ;            ;          ; GND                                                       ; gnd    ;              ;         ; --         ;                 ; --       ; --           ;
; E5       ; 1          ; 1        ; RESERVED_INPUT_WITH_WEAK_PULLUP                           ;        ;              ;         ; Row I/O    ;                 ; no       ; On           ;
; E6       ; 191        ; 8        ; mcu_spi_sck                                               ; input  ; 3.3-V LVTTL  ;         ; Column I/O ; Y               ; no       ; On           ;
; E7       ; 190        ; 8        ; RESERVED_INPUT_WITH_WEAK_PULLUP                           ;        ;              ;         ; Column I/O ;                 ; no       ; On           ;
; E8       ; 181        ; 8        ; RESERVED_INPUT_WITH_WEAK_PULLUP                           ;        ;              ;         ; Column I/O ;                 ; no       ; On           ;
; E9       ; 174        ; 7        ; RESERVED_INPUT_WITH_WEAK_PULLUP                           ;        ;              ;         ; Column I/O ;                 ; no       ; On           ;
; E10      ; 158        ; 7        ; RESERVED_INPUT_WITH_WEAK_PULLUP                           ;        ;              ;         ; Column I/O ;                 ; no       ; On           ;
; E11      ; 157        ; 7        ; RESERVED_INPUT_WITH_WEAK_PULLUP                           ;        ;              ;         ; Column I/O ;                 ; no       ; On           ;
; E12      ;            ;          ; GNDA2                                                     ; gnd    ;              ;         ; --         ;                 ; --       ; --           ;
; E13      ;            ;          ; GND                                                       ; gnd    ;              ;         ; --         ;                 ; --       ; --           ;
; E14      ;            ; 6        ; VCCIO6                                                    ; power  ;              ; 2.5V    ; --         ;                 ; --       ; --           ;
; E15      ; 128        ; 6        ; GND+                                                      ;        ;              ;         ; Row I/O    ;                 ; --       ; --           ;
; E16      ; 127        ; 6        ; GND+                                                      ;        ;              ;         ; Row I/O    ;                 ; --       ; --           ;
; F1       ; 12         ; 1        ; IO_data[13]                                               ; output ; 2.5 V        ;         ; Row I/O    ; Y               ; no       ; Off          ;
; F2       ; 11         ; 1        ; IO_data[12]                                               ; output ; 2.5 V        ;         ; Row I/O    ; Y               ; no       ; Off          ;
; F3       ; 6          ; 1        ; clk_driver                                                ; output ; 2.5 V        ;         ; Row I/O    ; Y               ; no       ; Off          ;
; F4       ; 9          ; 1        ; ^nSTATUS                                                  ;        ;              ;         ; --         ;                 ; --       ; --           ;
; F5       ; 2          ; 1        ; RESERVED_INPUT_WITH_WEAK_PULLUP                           ;        ;              ;         ; Row I/O    ;                 ; no       ; On           ;
; F6       ; 185        ; 8        ; IO_data[8]                                                ; output ; 2.5 V        ;         ; Column I/O ; Y               ; no       ; Off          ;
; F7       ; 186        ; 8        ; IO_data[6]                                                ; output ; 2.5 V        ;         ; Column I/O ; Y               ; no       ; Off          ;
; F8       ; 182        ; 8        ; RESERVED_INPUT_WITH_WEAK_PULLUP                           ;        ;              ;         ; Column I/O ;                 ; no       ; On           ;
; F9       ; 165        ; 7        ; RESERVED_INPUT_WITH_WEAK_PULLUP                           ;        ;              ;         ; Column I/O ;                 ; no       ; On           ;
; F10      ; 164        ; 7        ; RESERVED_INPUT_WITH_WEAK_PULLUP                           ;        ;              ;         ; Column I/O ;                 ; no       ; On           ;
; F11      ; 166        ; 7        ; RESERVED_INPUT_WITH_WEAK_PULLUP                           ;        ;              ;         ; Column I/O ;                 ; no       ; On           ;
; F12      ;            ; --       ; VCCA2                                                     ; power  ;              ; 2.5V    ; --         ;                 ; --       ; --           ;
; F13      ; 138        ; 6        ; RESERVED_INPUT_WITH_WEAK_PULLUP                           ;        ;              ;         ; Row I/O    ;                 ; no       ; On           ;
; F14      ; 142        ; 6        ; RESERVED_INPUT_WITH_WEAK_PULLUP                           ;        ;              ;         ; Row I/O    ;                 ; --       ; --           ;
; F15      ; 140        ; 6        ; RESERVED_INPUT_WITH_WEAK_PULLUP                           ;        ;              ;         ; Row I/O    ;                 ; no       ; On           ;
; F16      ; 139        ; 6        ; RESERVED_INPUT_WITH_WEAK_PULLUP                           ;        ;              ;         ; Row I/O    ;                 ; no       ; On           ;
; G1       ; 14         ; 1        ; IO_data[11]                                               ; output ; 2.5 V        ;         ; Row I/O    ; Y               ; no       ; Off          ;
; G2       ; 13         ; 1        ; adc_dco_i                                                 ; input  ; 3.3-V LVCMOS ;         ; Row I/O    ; Y               ; no       ; Off          ;
; G3       ;            ; 1        ; VCCIO1                                                    ; power  ;              ; 2.5V    ; --         ;                 ; --       ; --           ;
; G4       ;            ;          ; GND                                                       ; gnd    ;              ;         ; --         ;                 ; --       ; --           ;
; G5       ; 10         ; 1        ; RESERVED_INPUT_WITH_WEAK_PULLUP                           ;        ;              ;         ; Row I/O    ;                 ; no       ; On           ;
; G6       ;            ;          ; VCCINT                                                    ; power  ;              ; 1.2V    ; --         ;                 ; --       ; --           ;
; G7       ;            ;          ; VCCINT                                                    ; power  ;              ; 1.2V    ; --         ;                 ; --       ; --           ;
; G8       ;            ;          ; VCCINT                                                    ; power  ;              ; 1.2V    ; --         ;                 ; --       ; --           ;
; G9       ;            ;          ; VCCINT                                                    ; power  ;              ; 1.2V    ; --         ;                 ; --       ; --           ;
; G10      ;            ;          ; VCCINT                                                    ; power  ;              ; 1.2V    ; --         ;                 ; --       ; --           ;
; G11      ; 145        ; 6        ; RESERVED_INPUT_WITH_WEAK_PULLUP                           ;        ;              ;         ; Row I/O    ;                 ; no       ; On           ;
; G12      ; 132        ; 6        ; ^MSEL2                                                    ;        ;              ;         ; --         ;                 ; --       ; --           ;
; G12      ; 133        ; 6        ; ^MSEL3                                                    ;        ;              ;         ; --         ;                 ; --       ; --           ;
; G13      ;            ;          ; GND                                                       ; gnd    ;              ;         ; --         ;                 ; --       ; --           ;
; G14      ;            ; 6        ; VCCIO6                                                    ; power  ;              ; 2.5V    ; --         ;                 ; --       ; --           ;
; G15      ; 137        ; 6        ; RESERVED_INPUT_WITH_WEAK_PULLUP                           ;        ;              ;         ; Row I/O    ;                 ; no       ; On           ;
; G16      ; 136        ; 6        ; RESERVED_INPUT_WITH_WEAK_PULLUP                           ;        ;              ;         ; Row I/O    ;                 ; no       ; On           ;
; H1       ; 15         ; 1        ; ~ALTERA_DCLK~                                             ; output ; 2.5 V        ;         ; Row I/O    ; N               ; no       ; On           ;
; H2       ; 16         ; 1        ; ~ALTERA_DATA0~ / RESERVED_INPUT_WITH_WEAK_PULLUP          ; input  ; 2.5 V        ;         ; Row I/O    ; N               ; no       ; On           ;
; H3       ; 19         ; 1        ; altera_reserved_tck                                       ; input  ; 2.5 V        ;         ; --         ; N               ; no       ; Off          ;
; H4       ; 18         ; 1        ; altera_reserved_tdi                                       ; input  ; 2.5 V        ;         ; --         ; N               ; no       ; Off          ;
; H5       ; 17         ; 1        ; ^nCONFIG                                                  ;        ;              ;         ; --         ;                 ; --       ; --           ;
; H6       ;            ;          ; VCCINT                                                    ; power  ;              ; 1.2V    ; --         ;                 ; --       ; --           ;
; H7       ;            ;          ; GND                                                       ; gnd    ;              ;         ; --         ;                 ; --       ; --           ;
; H8       ;            ;          ; GND                                                       ; gnd    ;              ;         ; --         ;                 ; --       ; --           ;
; H9       ;            ;          ; GND                                                       ; gnd    ;              ;         ; --         ;                 ; --       ; --           ;
; H10      ;            ;          ; GND                                                       ; gnd    ;              ;         ; --         ;                 ; --       ; --           ;
; H11      ;            ;          ; VCCINT                                                    ; power  ;              ; 1.2V    ; --         ;                 ; --       ; --           ;
; H12      ; 131        ; 6        ; ^MSEL1                                                    ;        ;              ;         ; --         ;                 ; --       ; --           ;
; H13      ; 130        ; 6        ; ^MSEL0                                                    ;        ;              ;         ; --         ;                 ; --       ; --           ;
; H14      ; 129        ; 6        ; ^CONF_DONE                                                ;        ;              ;         ; --         ;                 ; --       ; --           ;
; H15      ;            ;          ; GND                                                       ; gnd    ;              ;         ; --         ;                 ; --       ; --           ;
; H16      ;            ;          ; GND                                                       ; gnd    ;              ;         ; --         ;                 ; --       ; --           ;
; J1       ; 28         ; 2        ; IO_data[7]                                                ; output ; 3.3-V LVCMOS ;         ; Row I/O    ; Y               ; no       ; Off          ;
; J2       ; 27         ; 2        ; RESERVED_INPUT_WITH_WEAK_PULLUP                           ;        ;              ;         ; Row I/O    ;                 ; no       ; On           ;
; J3       ; 22         ; 1        ; ^nCE                                                      ;        ;              ;         ; --         ;                 ; --       ; --           ;
; J4       ; 21         ; 1        ; altera_reserved_tdo                                       ; output ; 2.5 V        ;         ; --         ; N               ; no       ; Off          ;
; J5       ; 20         ; 1        ; altera_reserved_tms                                       ; input  ; 2.5 V        ;         ; --         ; N               ; no       ; Off          ;
; J6       ; 29         ; 2        ; RESERVED_INPUT_WITH_WEAK_PULLUP                           ;        ;              ;         ; Row I/O    ;                 ; no       ; On           ;
; J7       ;            ;          ; GND                                                       ; gnd    ;              ;         ; --         ;                 ; --       ; --           ;
; J8       ;            ;          ; GND                                                       ; gnd    ;              ;         ; --         ;                 ; --       ; --           ;
; J9       ;            ;          ; GND                                                       ; gnd    ;              ;         ; --         ;                 ; --       ; --           ;
; J10      ;            ;          ; GND                                                       ; gnd    ;              ;         ; --         ;                 ; --       ; --           ;
; J11      ; 117        ; 5        ; RESERVED_INPUT_WITH_WEAK_PULLUP                           ;        ;              ;         ; Row I/O    ;                 ; no       ; On           ;
; J12      ; 123        ; 5        ; RESERVED_INPUT_WITH_WEAK_PULLUP                           ;        ;              ;         ; Row I/O    ;                 ; no       ; On           ;
; J13      ; 124        ; 5        ; RESERVED_INPUT_WITH_WEAK_PULLUP                           ;        ;              ;         ; Row I/O    ;                 ; no       ; On           ;
; J14      ; 122        ; 5        ; RESERVED_INPUT_WITH_WEAK_PULLUP                           ;        ;              ;         ; Row I/O    ;                 ; no       ; On           ;
; J15      ; 121        ; 5        ; RESERVED_INPUT_WITH_WEAK_PULLUP                           ;        ;              ;         ; Row I/O    ;                 ; no       ; On           ;
; J16      ; 120        ; 5        ; RESERVED_INPUT_WITH_WEAK_PULLUP                           ;        ;              ;         ; Row I/O    ;                 ; no       ; On           ;
; K1       ; 33         ; 2        ; RESERVED_INPUT_WITH_WEAK_PULLUP                           ;        ;              ;         ; Row I/O    ;                 ; no       ; On           ;
; K2       ; 32         ; 2        ; RESERVED_INPUT_WITH_WEAK_PULLUP                           ;        ;              ;         ; Row I/O    ;                 ; no       ; On           ;
; K3       ;            ; 2        ; VCCIO2                                                    ; power  ;              ; 3.3V    ; --         ;                 ; --       ; --           ;
; K4       ;            ;          ; GND                                                       ; gnd    ;              ;         ; --         ;                 ; --       ; --           ;
; K5       ; 39         ; 2        ; IO_data[0]                                                ; output ; 3.3-V LVCMOS ;         ; Row I/O    ; Y               ; no       ; Off          ;
; K6       ; 30         ; 2        ; RESERVED_INPUT_WITH_WEAK_PULLUP                           ;        ;              ;         ; Row I/O    ;                 ; no       ; On           ;
; K7       ;            ;          ; VCCINT                                                    ; power  ;              ; 1.2V    ; --         ;                 ; --       ; --           ;
; K8       ; 60         ; 3        ; RESERVED_INPUT_WITH_WEAK_PULLUP                           ;        ;              ;         ; Column I/O ;                 ; no       ; On           ;
; K9       ; 76         ; 4        ; RESERVED_INPUT_WITH_WEAK_PULLUP                           ;        ;              ;         ; Column I/O ;                 ; no       ; On           ;
; K10      ; 87         ; 4        ; RESERVED_INPUT_WITH_WEAK_PULLUP                           ;        ;              ;         ; Column I/O ;                 ; no       ; On           ;
; K11      ; 110        ; 5        ; RESERVED_INPUT_WITH_WEAK_PULLUP                           ;        ;              ;         ; Row I/O    ;                 ; no       ; On           ;
; K12      ; 105        ; 5        ; RESERVED_INPUT_WITH_WEAK_PULLUP                           ;        ;              ;         ; Row I/O    ;                 ; no       ; On           ;
; K13      ;            ;          ; GND                                                       ; gnd    ;              ;         ; --         ;                 ; --       ; --           ;
; K14      ;            ; 5        ; VCCIO5                                                    ; power  ;              ; 2.5V    ; --         ;                 ; --       ; --           ;
; K15      ; 119        ; 5        ; RESERVED_INPUT_WITH_WEAK_PULLUP                           ;        ;              ;         ; Row I/O    ;                 ; no       ; On           ;
; K16      ; 118        ; 5        ; RESERVED_INPUT_WITH_WEAK_PULLUP                           ;        ;              ;         ; Row I/O    ;                 ; no       ; On           ;
; L1       ; 35         ; 2        ; RESERVED_INPUT_WITH_WEAK_PULLUP                           ;        ;              ;         ; Row I/O    ;                 ; no       ; On           ;
; L2       ; 34         ; 2        ; RESERVED_INPUT_WITH_WEAK_PULLUP                           ;        ;              ;         ; Row I/O    ;                 ; no       ; On           ;
; L3       ; 36         ; 2        ; IO_data[2]                                                ; output ; 3.3-V LVCMOS ;         ; Row I/O    ; Y               ; no       ; Off          ;
; L4       ; 40         ; 2        ; IO_data[3]                                                ; output ; 3.3-V LVCMOS ;         ; Row I/O    ; Y               ; no       ; Off          ;
; L5       ;            ; --       ; VCCA1                                                     ; power  ;              ; 2.5V    ; --         ;                 ; --       ; --           ;
; L6       ; 31         ; 2        ; IO_data[1]                                                ; output ; 3.3-V LVCMOS ;         ; Row I/O    ; Y               ; no       ; Off          ;
; L7       ; 65         ; 3        ; RESERVED_INPUT_WITH_WEAK_PULLUP                           ;        ;              ;         ; Column I/O ;                 ; no       ; On           ;
; L8       ; 68         ; 3        ; RESERVED_INPUT_WITH_WEAK_PULLUP                           ;        ;              ;         ; Column I/O ;                 ; no       ; On           ;
; L9       ; 77         ; 4        ; RESERVED_INPUT_WITH_WEAK_PULLUP                           ;        ;              ;         ; Column I/O ;                 ; no       ; On           ;
; L10      ; 88         ; 4        ; RESERVED_INPUT_WITH_WEAK_PULLUP                           ;        ;              ;         ; Column I/O ;                 ; no       ; On           ;
; L11      ; 99         ; 4        ; RESERVED_INPUT_WITH_WEAK_PULLUP                           ;        ;              ;         ; Column I/O ;                 ; no       ; On           ;
; L12      ; 104        ; 5        ; RESERVED_INPUT_WITH_WEAK_PULLUP                           ;        ;              ;         ; Row I/O    ;                 ; no       ; On           ;
; L13      ; 114        ; 5        ; RESERVED_INPUT_WITH_WEAK_PULLUP                           ;        ;              ;         ; Row I/O    ;                 ; no       ; On           ;
; L14      ; 113        ; 5        ; RESERVED_INPUT_WITH_WEAK_PULLUP                           ;        ;              ;         ; Row I/O    ;                 ; --       ; --           ;
; L15      ; 116        ; 5        ; RESERVED_INPUT_WITH_WEAK_PULLUP                           ;        ;              ;         ; Row I/O    ;                 ; no       ; On           ;
; L16      ; 115        ; 5        ; RESERVED_INPUT_WITH_WEAK_PULLUP                           ;        ;              ;         ; Row I/O    ;                 ; no       ; On           ;
; M1       ; 26         ; 2        ; rstn                                                      ; input  ; 2.5 V        ;         ; Row I/O    ; Y               ; no       ; Off          ;
; M2       ; 25         ; 2        ; clk                                                       ; input  ; 2.5 V        ;         ; Row I/O    ; Y               ; no       ; Off          ;
; M3       ;            ; 2        ; VCCIO2                                                    ; power  ;              ; 3.3V    ; --         ;                 ; --       ; --           ;
; M4       ;            ;          ; GND                                                       ; gnd    ;              ;         ; --         ;                 ; --       ; --           ;
; M5       ;            ;          ; GNDA1                                                     ; gnd    ;              ;         ; --         ;                 ; --       ; --           ;
; M6       ; 57         ; 3        ; RESERVED_INPUT_WITH_WEAK_PULLUP                           ;        ;              ;         ; Column I/O ;                 ; no       ; On           ;
; M7       ; 59         ; 3        ; mcu_spi_miso                                              ; output ; 3.3-V LVTTL  ;         ; Column I/O ; Y               ; no       ; Off          ;
; M8       ; 69         ; 3        ; RESERVED_INPUT_WITH_WEAK_PULLUP                           ;        ;              ;         ; Column I/O ;                 ; no       ; On           ;
; M9       ; 78         ; 4        ; RESERVED_INPUT_WITH_WEAK_PULLUP                           ;        ;              ;         ; Column I/O ;                 ; no       ; On           ;
; M10      ; 93         ; 4        ; RESERVED_INPUT_WITH_WEAK_PULLUP                           ;        ;              ;         ; Column I/O ;                 ; no       ; On           ;
; M11      ; 100        ; 4        ; RESERVED_INPUT_WITH_WEAK_PULLUP                           ;        ;              ;         ; Column I/O ;                 ; no       ; On           ;
; M12      ; 103        ; 5        ; RESERVED_INPUT_WITH_WEAK_PULLUP                           ;        ;              ;         ; Row I/O    ;                 ; no       ; On           ;
; M13      ;            ;          ; GND                                                       ; gnd    ;              ;         ; --         ;                 ; --       ; --           ;
; M14      ;            ; 5        ; VCCIO5                                                    ; power  ;              ; 2.5V    ; --         ;                 ; --       ; --           ;
; M15      ; 126        ; 5        ; GND+                                                      ;        ;              ;         ; Row I/O    ;                 ; --       ; --           ;
; M16      ; 125        ; 5        ; GND+                                                      ;        ;              ;         ; Row I/O    ;                 ; --       ; --           ;
; N1       ; 38         ; 2        ; RESERVED_INPUT_WITH_WEAK_PULLUP                           ;        ;              ;         ; Row I/O    ;                 ; no       ; On           ;
; N2       ; 37         ; 2        ; RESERVED_INPUT_WITH_WEAK_PULLUP                           ;        ;              ;         ; Row I/O    ;                 ; no       ; On           ;
; N3       ; 45         ; 3        ; IO_data[4]                                                ; output ; 3.3-V LVCMOS ;         ; Column I/O ; Y               ; no       ; Off          ;
; N4       ;            ;          ; VCCD_PLL1                                                 ; power  ;              ; 1.2V    ; --         ;                 ; --       ; --           ;
; N5       ; 55         ; 3        ; RESERVED_INPUT_WITH_WEAK_PULLUP                           ;        ;              ;         ; Column I/O ;                 ; no       ; On           ;
; N6       ; 56         ; 3        ; RESERVED_INPUT_WITH_WEAK_PULLUP                           ;        ;              ;         ; Column I/O ;                 ; no       ; On           ;
; N7       ;            ;          ; GND                                                       ; gnd    ;              ;         ; --         ;                 ; --       ; --           ;
; N8       ; 70         ; 3        ; RESERVED_INPUT_WITH_WEAK_PULLUP                           ;        ;              ;         ; Column I/O ;                 ; no       ; On           ;
; N9       ; 79         ; 4        ; RESERVED_INPUT_WITH_WEAK_PULLUP                           ;        ;              ;         ; Column I/O ;                 ; no       ; On           ;
; N10      ;            ;          ; GND                                                       ; gnd    ;              ;         ; --         ;                 ; --       ; --           ;
; N11      ; 94         ; 4        ; RESERVED_INPUT_WITH_WEAK_PULLUP                           ;        ;              ;         ; Column I/O ;                 ; no       ; On           ;
; N12      ; 101        ; 4        ; RESERVED_INPUT_WITH_WEAK_PULLUP                           ;        ;              ;         ; Column I/O ;                 ; no       ; On           ;
; N13      ; 102        ; 5        ; RESERVED_INPUT_WITH_WEAK_PULLUP                           ;        ;              ;         ; Row I/O    ;                 ; no       ; On           ;
; N14      ; 106        ; 5        ; RESERVED_INPUT_WITH_WEAK_PULLUP                           ;        ;              ;         ; Row I/O    ;                 ; no       ; On           ;
; N15      ; 112        ; 5        ; RESERVED_INPUT_WITH_WEAK_PULLUP                           ;        ;              ;         ; Row I/O    ;                 ; no       ; On           ;
; N16      ; 111        ; 5        ; RESERVED_INPUT_WITH_WEAK_PULLUP                           ;        ;              ;         ; Row I/O    ;                 ; no       ; On           ;
; P1       ; 44         ; 2        ; RESERVED_INPUT_WITH_WEAK_PULLUP                           ;        ;              ;         ; Row I/O    ;                 ; no       ; On           ;
; P2       ; 43         ; 2        ; RESERVED_INPUT_WITH_WEAK_PULLUP                           ;        ;              ;         ; Row I/O    ;                 ; no       ; On           ;
; P3       ; 46         ; 3        ; RESERVED_INPUT_WITH_WEAK_PULLUP                           ;        ;              ;         ; Column I/O ;                 ; no       ; On           ;
; P4       ;            ; 3        ; VCCIO3                                                    ; power  ;              ; 3.3V    ; --         ;                 ; --       ; --           ;
; P5       ;            ;          ; GND                                                       ; gnd    ;              ;         ; --         ;                 ; --       ; --           ;
; P6       ; 58         ; 3        ; RESERVED_INPUT_WITH_WEAK_PULLUP                           ;        ;              ;         ; Column I/O ;                 ; --       ; --           ;
; P7       ;            ; 3        ; VCCIO3                                                    ; power  ;              ; 3.3V    ; --         ;                 ; --       ; --           ;
; P8       ; 71         ; 3        ; RESERVED_INPUT_WITH_WEAK_PULLUP                           ;        ;              ;         ; Column I/O ;                 ; no       ; On           ;
; P9       ; 89         ; 4        ; RESERVED_INPUT_WITH_WEAK_PULLUP                           ;        ;              ;         ; Column I/O ;                 ; no       ; On           ;
; P10      ;            ; 4        ; VCCIO4                                                    ; power  ;              ; 3.3V    ; --         ;                 ; --       ; --           ;
; P11      ; 90         ; 4        ; RESERVED_INPUT_WITH_WEAK_PULLUP                           ;        ;              ;         ; Column I/O ;                 ; --       ; --           ;
; P12      ;            ;          ; GND                                                       ; gnd    ;              ;         ; --         ;                 ; --       ; --           ;
; P13      ;            ; 4        ; VCCIO4                                                    ; power  ;              ; 3.3V    ; --         ;                 ; --       ; --           ;
; P14      ; 98         ; 4        ; RESERVED_INPUT_WITH_WEAK_PULLUP                           ;        ;              ;         ; Column I/O ;                 ; no       ; On           ;
; P15      ; 107        ; 5        ; RESERVED_INPUT_WITH_WEAK_PULLUP                           ;        ;              ;         ; Row I/O    ;                 ; no       ; On           ;
; P16      ; 108        ; 5        ; RESERVED_INPUT_WITH_WEAK_PULLUP                           ;        ;              ;         ; Row I/O    ;                 ; no       ; On           ;
; R1       ; 42         ; 2        ; RESERVED_INPUT_WITH_WEAK_PULLUP                           ;        ;              ;         ; Row I/O    ;                 ; no       ; On           ;
; R2       ;            ;          ; GND                                                       ; gnd    ;              ;         ; --         ;                 ; --       ; --           ;
; R3       ; 47         ; 3        ; adc_spi_sclk_o                                            ; output ; 3.3-V LVCMOS ;         ; Column I/O ; Y               ; no       ; Off          ;
; R4       ; 53         ; 3        ; adc_otr_i                                                 ; input  ; 3.3-V LVCMOS ;         ; Column I/O ; Y               ; no       ; Off          ;
; R5       ; 61         ; 3        ; adc_data_i[10]                                            ; input  ; 3.3-V LVCMOS ;         ; Column I/O ; Y               ; no       ; Off          ;
; R6       ; 63         ; 3        ; adc_data_i[8]                                             ; input  ; 3.3-V LVCMOS ;         ; Column I/O ; Y               ; no       ; Off          ;
; R7       ; 66         ; 3        ; adc_data_i[6]                                             ; input  ; 3.3-V LVCMOS ;         ; Column I/O ; Y               ; no       ; Off          ;
; R8       ; 72         ; 3        ; adc_data_i[4]                                             ; input  ; 3.3-V LVCMOS ;         ; Column I/O ; Y               ; no       ; Off          ;
; R9       ; 74         ; 4        ; adc_data_i[2]                                             ; input  ; 3.3-V LVCMOS ;         ; Column I/O ; Y               ; no       ; Off          ;
; R10      ; 80         ; 4        ; adc_data_i[0]                                             ; input  ; 3.3-V LVCMOS ;         ; Column I/O ; Y               ; no       ; Off          ;
; R11      ; 83         ; 4        ; adc_oeb_o                                                 ; output ; 3.3-V LVCMOS ;         ; Column I/O ; Y               ; no       ; Off          ;
; R12      ; 85         ; 4        ; adc_pwdn_o                                                ; output ; 3.3-V LVCMOS ;         ; Column I/O ; Y               ; no       ; Off          ;
; R13      ; 91         ; 4        ; RESERVED_INPUT_WITH_WEAK_PULLUP                           ;        ;              ;         ; Column I/O ;                 ; no       ; On           ;
; R14      ; 97         ; 4        ; RESERVED_INPUT_WITH_WEAK_PULLUP                           ;        ;              ;         ; Column I/O ;                 ; no       ; On           ;
; R15      ;            ;          ; GND                                                       ; gnd    ;              ;         ; --         ;                 ; --       ; --           ;
; R16      ; 109        ; 5        ; RESERVED_INPUT_WITH_WEAK_PULLUP                           ;        ;              ;         ; Row I/O    ;                 ; no       ; On           ;
; T1       ;            ; 3        ; VCCIO3                                                    ; power  ;              ; 3.3V    ; --         ;                 ; --       ; --           ;
; T2       ; 52         ; 3        ; RESERVED_INPUT_WITH_WEAK_PULLUP                           ;        ;              ;         ; Column I/O ;                 ; no       ; On           ;
; T3       ; 48         ; 3        ; RESERVED_INPUT_WITH_WEAK_PULLUP                           ;        ;              ;         ; Column I/O ;                 ; no       ; On           ;
; T4       ; 54         ; 3        ; adc_spi_cs_n_o                                            ; output ; 3.3-V LVCMOS ;         ; Column I/O ; Y               ; no       ; Off          ;
; T5       ; 62         ; 3        ; adc_spi_sdio_o                                            ; output ; 3.3-V LVCMOS ;         ; Column I/O ; Y               ; no       ; Off          ;
; T6       ; 64         ; 3        ; adc_data_i[11]                                            ; input  ; 3.3-V LVCMOS ;         ; Column I/O ; Y               ; no       ; Off          ;
; T7       ; 67         ; 3        ; adc_data_i[9]                                             ; input  ; 3.3-V LVCMOS ;         ; Column I/O ; Y               ; no       ; Off          ;
; T8       ; 73         ; 3        ; adc_data_i[7]                                             ; input  ; 3.3-V LVCMOS ;         ; Column I/O ; Y               ; no       ; Off          ;
; T9       ; 75         ; 4        ; adc_data_i[5]                                             ; input  ; 3.3-V LVCMOS ;         ; Column I/O ; Y               ; no       ; Off          ;
; T10      ; 81         ; 4        ; adc_data_i[3]                                             ; input  ; 3.3-V LVCMOS ;         ; Column I/O ; Y               ; no       ; Off          ;
; T11      ; 84         ; 4        ; adc_data_i[1]                                             ; input  ; 3.3-V LVCMOS ;         ; Column I/O ; Y               ; no       ; Off          ;
; T12      ; 86         ; 4        ; RESERVED_INPUT_WITH_WEAK_PULLUP                           ;        ;              ;         ; Column I/O ;                 ; no       ; On           ;
; T13      ; 92         ; 4        ; adc_clk_o                                                 ; output ; 3.3-V LVCMOS ;         ; Column I/O ; Y               ; no       ; Off          ;
; T14      ; 95         ; 4        ; RESERVED_INPUT_WITH_WEAK_PULLUP                           ;        ;              ;         ; Column I/O ;                 ; no       ; On           ;
; T15      ; 96         ; 4        ; RESERVED_INPUT_WITH_WEAK_PULLUP                           ;        ;              ;         ; Column I/O ;                 ; no       ; On           ;
; T16      ;            ; 4        ; VCCIO4                                                    ; power  ;              ; 3.3V    ; --         ;                 ; --       ; --           ;
+----------+------------+----------+-----------------------------------------------------------+--------+--------------+---------+------------+-----------------+----------+--------------+
Note: Pin directions (input, output or bidir) are based on device operating in user mode.


+------------------------------------------------------------------------------------------------------------------------------------+
; PLL Summary                                                                                                                        ;
+-------------------------------+----------------------------------------------------------------------------------------------------+
; Name                          ; Ad9233Pll62m5:U0_adc_pll62m5_inst|altpll:altpll_component|Ad9233Pll62m5_altpll:auto_generated|pll1 ;
+-------------------------------+----------------------------------------------------------------------------------------------------+
; SDC pin name                  ; U0_adc_pll62m5_inst|altpll_component|auto_generated|pll1                                           ;
; PLL mode                      ; Normal                                                                                             ;
; Compensate clock              ; clock0                                                                                             ;
; Compensated input/output pins ; --                                                                                                 ;
; Switchover type               ; --                                                                                                 ;
; Input frequency 0             ; 50.0 MHz                                                                                           ;
; Input frequency 1             ; --                                                                                                 ;
; Nominal PFD frequency         ; 50.0 MHz                                                                                           ;
; Nominal VCO frequency         ; 500.0 MHz                                                                                          ;
; VCO post scale K counter      ; 2                                                                                                  ;
; VCO frequency control         ; Auto                                                                                               ;
; VCO phase shift step          ; 250 ps                                                                                             ;
; VCO multiply                  ; --                                                                                                 ;
; VCO divide                    ; --                                                                                                 ;
; Freq min lock                 ; 30.0 MHz                                                                                           ;
; Freq max lock                 ; 65.02 MHz                                                                                          ;
; M VCO Tap                     ; 0                                                                                                  ;
; M Initial                     ; 1                                                                                                  ;
; M value                       ; 10                                                                                                 ;
; N value                       ; 1                                                                                                  ;
; Charge pump current           ; setting 1                                                                                          ;
; Loop filter resistance        ; setting 27                                                                                         ;
; Loop filter capacitance       ; setting 0                                                                                          ;
; Bandwidth                     ; 1.03 MHz to 1.97 MHz                                                                               ;
; Bandwidth type                ; Medium                                                                                             ;
; Real time reconfigurable      ; Off                                                                                                ;
; Scan chain MIF file           ; --                                                                                                 ;
; Preserve PLL counter order    ; Off                                                                                                ;
; PLL location                  ; PLL_1                                                                                              ;
; Inclk0 signal                 ; clk                                                                                                ;
; Inclk1 signal                 ; --                                                                                                 ;
; Inclk0 signal type            ; Dedicated Pin                                                                                      ;
; Inclk1 signal type            ; --                                                                                                 ;
+-------------------------------+----------------------------------------------------------------------------------------------------+


+----------------------------------------------------------------------------------------------------------------------------------------------------------------------------------------------------------------------------------------------------------------------------------------------------------------------------------------------------------+
; PLL Usage                                                                                                                                                                                                                                                                                                                                                ;
+----------------------------------------------------------------------------------------------------------------+--------------+------+-----+------------------+-------------+------------------+------------+---------+---------------+------------+---------------+---------+---------+-----------------------------------------------------------------+
; Name                                                                                                           ; Output Clock ; Mult ; Div ; Output Frequency ; Phase Shift ; Phase Shift Step ; Duty Cycle ; Counter ; Counter Value ; High / Low ; Cascade Input ; Initial ; VCO Tap ; SDC Pin Name                                                    ;
+----------------------------------------------------------------------------------------------------------------+--------------+------+-----+------------------+-------------+------------------+------------+---------+---------------+------------+---------------+---------+---------+-----------------------------------------------------------------+
; Ad9233Pll62m5:U0_adc_pll62m5_inst|altpll:altpll_component|Ad9233Pll62m5_altpll:auto_generated|wire_pll1_clk[0] ; clock0       ; 5    ; 4   ; 62.5 MHz         ; 0 (0 ps)    ; 5.63 (250 ps)    ; 50/50      ; C1      ; 8             ; 4/4 Even   ; --            ; 1       ; 0       ; U0_adc_pll62m5_inst|altpll_component|auto_generated|pll1|clk[0] ;
+----------------------------------------------------------------------------------------------------------------+--------------+------+-----+------------------+-------------+------------------+------------+---------+---------------+------------+---------------+---------+---------+-----------------------------------------------------------------+


+---------------------------------------------------------------------------------------------------------------------------------------------------------------------------------------------------------------------------------------------------------------------------------------------------------------------------------------------------------------------------------------------------------------------------------------------------------------------------------------------------------------------------------------------------------------------------------------------------------------------------------------------------------------------------------+
; Fitter Resource Utilization by Entity                                                                                                                                                                                                                                                                                                                                                                                                                                                                                                                                                                                                                                           ;
+---------------------------------------------------------------------------------------------------------+-------------+---------------------------+---------------+-------------+------+--------------+---------+-----------+------+--------------+--------------+-------------------+------------------+--------------------------------------------------------------------------------------------------------------------------------------------------------------------------------------------------------------------------------------------------------------------------------------------------------------------------------------------------------+--------------+
; Compilation Hierarchy Node                                                                              ; Logic Cells ; Dedicated Logic Registers ; I/O Registers ; Memory Bits ; M9Ks ; DSP Elements ; DSP 9x9 ; DSP 18x18 ; Pins ; Virtual Pins ; LUT-Only LCs ; Register-Only LCs ; LUT/Register LCs ; Full Hierarchy Name                                                                                                                                                                                                                                                                                                                                    ; Library Name ;
+---------------------------------------------------------------------------------------------------------+-------------+---------------------------+---------------+-------------+------+--------------+---------+-----------+------+--------------+--------------+-------------------+------------------+--------------------------------------------------------------------------------------------------------------------------------------------------------------------------------------------------------------------------------------------------------------------------------------------------------------------------------------------------------+--------------+
; |DAC904_WriteTEST                                                                                       ; 6700 (106)  ; 4394 (65)                 ; 13 (13)       ; 147456      ; 18   ; 14           ; 0       ; 7         ; 42   ; 25           ; 2306 (41)    ; 1939 (5)          ; 2455 (59)        ; |DAC904_WriteTEST                                                                                                                                                                                                                                                                                                                                      ; work         ;
;    |Ad9233FrameCapture:U2_frame_capture|                                                                ; 5204 (74)   ; 3298 (65)                 ; 0 (0)         ; 49152       ; 6    ; 14           ; 0       ; 7         ; 0    ; 0            ; 1905 (9)     ; 1545 (3)          ; 1754 (62)        ; |DAC904_WriteTEST|Ad9233FrameCapture:U2_frame_capture                                                                                                                                                                                                                                                                                                  ; work         ;
;       |Ad9233MultistageDecimator:anti_alias_fir|                                                        ; 5130 (134)  ; 3233 (13)                 ; 0 (0)         ; 0           ; 0    ; 14           ; 0       ; 7         ; 0    ; 0            ; 1896 (121)   ; 1542 (2)          ; 1692 (11)        ; |DAC904_WriteTEST|Ad9233FrameCapture:U2_frame_capture|Ad9233MultistageDecimator:anti_alias_fir                                                                                                                                                                                                                                                         ; work         ;
;          |FirDecimatingStage:stage1|                                                                    ; 919 (919)   ; 654 (654)                 ; 0 (0)         ; 0           ; 0    ; 8            ; 0       ; 4         ; 0    ; 0            ; 264 (264)    ; 288 (288)         ; 367 (367)        ; |DAC904_WriteTEST|Ad9233FrameCapture:U2_frame_capture|Ad9233MultistageDecimator:anti_alias_fir|FirDecimatingStage:stage1                                                                                                                                                                                                                               ; work         ;
;             |lpm_mult:Mult0|                                                                            ; 0 (0)       ; 0 (0)                     ; 0 (0)         ; 0           ; 0    ; 2            ; 0       ; 1         ; 0    ; 0            ; 0 (0)        ; 0 (0)             ; 0 (0)            ; |DAC904_WriteTEST|Ad9233FrameCapture:U2_frame_capture|Ad9233MultistageDecimator:anti_alias_fir|FirDecimatingStage:stage1|lpm_mult:Mult0                                                                                                                                                                                                                ; work         ;
;                |mult_c6t:auto_generated|                                                                ; 0 (0)       ; 0 (0)                     ; 0 (0)         ; 0           ; 0    ; 2            ; 0       ; 1         ; 0    ; 0            ; 0 (0)        ; 0 (0)             ; 0 (0)            ; |DAC904_WriteTEST|Ad9233FrameCapture:U2_frame_capture|Ad9233MultistageDecimator:anti_alias_fir|FirDecimatingStage:stage1|lpm_mult:Mult0|mult_c6t:auto_generated                                                                                                                                                                                        ; work         ;
;             |lpm_mult:Mult1|                                                                            ; 0 (0)       ; 0 (0)                     ; 0 (0)         ; 0           ; 0    ; 2            ; 0       ; 1         ; 0    ; 0            ; 0 (0)        ; 0 (0)             ; 0 (0)            ; |DAC904_WriteTEST|Ad9233FrameCapture:U2_frame_capture|Ad9233MultistageDecimator:anti_alias_fir|FirDecimatingStage:stage1|lpm_mult:Mult1                                                                                                                                                                                                                ; work         ;
;                |mult_c6t:auto_generated|                                                                ; 0 (0)       ; 0 (0)                     ; 0 (0)         ; 0           ; 0    ; 2            ; 0       ; 1         ; 0    ; 0            ; 0 (0)        ; 0 (0)             ; 0 (0)            ; |DAC904_WriteTEST|Ad9233FrameCapture:U2_frame_capture|Ad9233MultistageDecimator:anti_alias_fir|FirDecimatingStage:stage1|lpm_mult:Mult1|mult_c6t:auto_generated                                                                                                                                                                                        ; work         ;
;             |lpm_mult:Mult2|                                                                            ; 0 (0)       ; 0 (0)                     ; 0 (0)         ; 0           ; 0    ; 2            ; 0       ; 1         ; 0    ; 0            ; 0 (0)        ; 0 (0)             ; 0 (0)            ; |DAC904_WriteTEST|Ad9233FrameCapture:U2_frame_capture|Ad9233MultistageDecimator:anti_alias_fir|FirDecimatingStage:stage1|lpm_mult:Mult2                                                                                                                                                                                                                ; work         ;
;                |mult_c6t:auto_generated|                                                                ; 0 (0)       ; 0 (0)                     ; 0 (0)         ; 0           ; 0    ; 2            ; 0       ; 1         ; 0    ; 0            ; 0 (0)        ; 0 (0)             ; 0 (0)            ; |DAC904_WriteTEST|Ad9233FrameCapture:U2_frame_capture|Ad9233MultistageDecimator:anti_alias_fir|FirDecimatingStage:stage1|lpm_mult:Mult2|mult_c6t:auto_generated                                                                                                                                                                                        ; work         ;
;             |lpm_mult:Mult3|                                                                            ; 0 (0)       ; 0 (0)                     ; 0 (0)         ; 0           ; 0    ; 2            ; 0       ; 1         ; 0    ; 0            ; 0 (0)        ; 0 (0)             ; 0 (0)            ; |DAC904_WriteTEST|Ad9233FrameCapture:U2_frame_capture|Ad9233MultistageDecimator:anti_alias_fir|FirDecimatingStage:stage1|lpm_mult:Mult3                                                                                                                                                                                                                ; work         ;
;                |mult_c6t:auto_generated|                                                                ; 0 (0)       ; 0 (0)                     ; 0 (0)         ; 0           ; 0    ; 2            ; 0       ; 1         ; 0    ; 0            ; 0 (0)        ; 0 (0)             ; 0 (0)            ; |DAC904_WriteTEST|Ad9233FrameCapture:U2_frame_capture|Ad9233MultistageDecimator:anti_alias_fir|FirDecimatingStage:stage1|lpm_mult:Mult3|mult_c6t:auto_generated                                                                                                                                                                                        ; work         ;
;          |FirDecimatingStage:stage2|                                                                    ; 1501 (1501) ; 1063 (1063)               ; 0 (0)         ; 0           ; 0    ; 4            ; 0       ; 2         ; 0    ; 0            ; 438 (438)    ; 605 (605)         ; 458 (458)        ; |DAC904_WriteTEST|Ad9233FrameCapture:U2_frame_capture|Ad9233MultistageDecimator:anti_alias_fir|FirDecimatingStage:stage2                                                                                                                                                                                                                               ; work         ;
;             |lpm_mult:Mult0|                                                                            ; 0 (0)       ; 0 (0)                     ; 0 (0)         ; 0           ; 0    ; 2            ; 0       ; 1         ; 0    ; 0            ; 0 (0)        ; 0 (0)             ; 0 (0)            ; |DAC904_WriteTEST|Ad9233FrameCapture:U2_frame_capture|Ad9233MultistageDecimator:anti_alias_fir|FirDecimatingStage:stage2|lpm_mult:Mult0                                                                                                                                                                                                                ; work         ;
;                |mult_c6t:auto_generated|                                                                ; 0 (0)       ; 0 (0)                     ; 0 (0)         ; 0           ; 0    ; 2            ; 0       ; 1         ; 0    ; 0            ; 0 (0)        ; 0 (0)             ; 0 (0)            ; |DAC904_WriteTEST|Ad9233FrameCapture:U2_frame_capture|Ad9233MultistageDecimator:anti_alias_fir|FirDecimatingStage:stage2|lpm_mult:Mult0|mult_c6t:auto_generated                                                                                                                                                                                        ; work         ;
;             |lpm_mult:Mult1|                                                                            ; 0 (0)       ; 0 (0)                     ; 0 (0)         ; 0           ; 0    ; 2            ; 0       ; 1         ; 0    ; 0            ; 0 (0)        ; 0 (0)             ; 0 (0)            ; |DAC904_WriteTEST|Ad9233FrameCapture:U2_frame_capture|Ad9233MultistageDecimator:anti_alias_fir|FirDecimatingStage:stage2|lpm_mult:Mult1                                                                                                                                                                                                                ; work         ;
;                |mult_c6t:auto_generated|                                                                ; 0 (0)       ; 0 (0)                     ; 0 (0)         ; 0           ; 0    ; 2            ; 0       ; 1         ; 0    ; 0            ; 0 (0)        ; 0 (0)             ; 0 (0)            ; |DAC904_WriteTEST|Ad9233FrameCapture:U2_frame_capture|Ad9233MultistageDecimator:anti_alias_fir|FirDecimatingStage:stage2|lpm_mult:Mult1|mult_c6t:auto_generated                                                                                                                                                                                        ; work         ;
;          |FirDecimatingStage:stage3|                                                                    ; 2576 (2576) ; 1503 (1503)               ; 0 (0)         ; 0           ; 0    ; 2            ; 0       ; 1         ; 0    ; 0            ; 1073 (1073)  ; 647 (647)         ; 856 (856)        ; |DAC904_WriteTEST|Ad9233FrameCapture:U2_frame_capture|Ad9233MultistageDecimator:anti_alias_fir|FirDecimatingStage:stage3                                                                                                                                                                                                                               ; work         ;
;             |lpm_mult:Mult0|                                                                            ; 0 (0)       ; 0 (0)                     ; 0 (0)         ; 0           ; 0    ; 2            ; 0       ; 1         ; 0    ; 0            ; 0 (0)        ; 0 (0)             ; 0 (0)            ; |DAC904_WriteTEST|Ad9233FrameCapture:U2_frame_capture|Ad9233MultistageDecimator:anti_alias_fir|FirDecimatingStage:stage3|lpm_mult:Mult0                                                                                                                                                                                                                ; work         ;
;                |mult_c6t:auto_generated|                                                                ; 0 (0)       ; 0 (0)                     ; 0 (0)         ; 0           ; 0    ; 2            ; 0       ; 1         ; 0    ; 0            ; 0 (0)        ; 0 (0)             ; 0 (0)            ; |DAC904_WriteTEST|Ad9233FrameCapture:U2_frame_capture|Ad9233MultistageDecimator:anti_alias_fir|FirDecimatingStage:stage3|lpm_mult:Mult0|mult_c6t:auto_generated                                                                                                                                                                                        ; work         ;
;       |altsyncram:capture_ram|                                                                          ; 0 (0)       ; 0 (0)                     ; 0 (0)         ; 49152       ; 6    ; 0            ; 0       ; 0         ; 0    ; 0            ; 0 (0)        ; 0 (0)             ; 0 (0)            ; |DAC904_WriteTEST|Ad9233FrameCapture:U2_frame_capture|altsyncram:capture_ram                                                                                                                                                                                                                                                                           ; work         ;
;          |altsyncram_bl51:auto_generated|                                                               ; 0 (0)       ; 0 (0)                     ; 0 (0)         ; 49152       ; 6    ; 0            ; 0       ; 0         ; 0    ; 0            ; 0 (0)        ; 0 (0)             ; 0 (0)            ; |DAC904_WriteTEST|Ad9233FrameCapture:U2_frame_capture|altsyncram:capture_ram|altsyncram_bl51:auto_generated                                                                                                                                                                                                                                            ; work         ;
;    |Ad9233Pll62m5:U0_adc_pll62m5_inst|                                                                  ; 2 (0)       ; 1 (0)                     ; 0 (0)         ; 0           ; 0    ; 0            ; 0       ; 0         ; 0    ; 0            ; 1 (0)        ; 0 (0)             ; 1 (0)            ; |DAC904_WriteTEST|Ad9233Pll62m5:U0_adc_pll62m5_inst                                                                                                                                                                                                                                                                                                    ; work         ;
;       |altpll:altpll_component|                                                                         ; 2 (0)       ; 1 (0)                     ; 0 (0)         ; 0           ; 0    ; 0            ; 0       ; 0         ; 0    ; 0            ; 1 (0)        ; 0 (0)             ; 1 (0)            ; |DAC904_WriteTEST|Ad9233Pll62m5:U0_adc_pll62m5_inst|altpll:altpll_component                                                                                                                                                                                                                                                                            ; work         ;
;          |Ad9233Pll62m5_altpll:auto_generated|                                                          ; 2 (2)       ; 1 (1)                     ; 0 (0)         ; 0           ; 0    ; 0            ; 0       ; 0         ; 0    ; 0            ; 1 (1)        ; 0 (0)             ; 1 (1)            ; |DAC904_WriteTEST|Ad9233Pll62m5:U0_adc_pll62m5_inst|altpll:altpll_component|Ad9233Pll62m5_altpll:auto_generated                                                                                                                                                                                                                                        ; work         ;
;    |Ad9233SpiInit:U1_ad9233_spi_init|                                                                   ; 108 (108)   ; 73 (73)                   ; 0 (0)         ; 0           ; 0    ; 0            ; 0       ; 0         ; 0    ; 0            ; 35 (35)      ; 1 (1)             ; 72 (72)          ; |DAC904_WriteTEST|Ad9233SpiInit:U1_ad9233_spi_init                                                                                                                                                                                                                                                                                                     ; work         ;
;    |AnalyzerSpiSlave:U3_analyzer_spi|                                                                   ; 367 (367)   ; 211 (211)                 ; 0 (0)         ; 0           ; 0    ; 0            ; 0       ; 0         ; 0    ; 0            ; 154 (154)    ; 28 (28)           ; 185 (185)        ; |DAC904_WriteTEST|AnalyzerSpiSlave:U3_analyzer_spi                                                                                                                                                                                                                                                                                                     ; work         ;
;    |sld_hub:auto_hub|                                                                                   ; 149 (1)     ; 90 (0)                    ; 0 (0)         ; 0           ; 0    ; 0            ; 0       ; 0         ; 0    ; 0            ; 59 (1)       ; 25 (0)            ; 65 (0)           ; |DAC904_WriteTEST|sld_hub:auto_hub                                                                                                                                                                                                                                                                                                                     ; work         ;
;       |sld_jtag_hub:\jtag_hub_gen:sld_jtag_hub_inst|                                                    ; 148 (107)   ; 90 (62)                   ; 0 (0)         ; 0           ; 0    ; 0            ; 0       ; 0         ; 0    ; 0            ; 58 (45)      ; 25 (23)           ; 65 (40)          ; |DAC904_WriteTEST|sld_hub:auto_hub|sld_jtag_hub:\jtag_hub_gen:sld_jtag_hub_inst                                                                                                                                                                                                                                                                        ; work         ;
;          |sld_rom_sr:hub_info_reg|                                                                      ; 21 (21)     ; 9 (9)                     ; 0 (0)         ; 0           ; 0    ; 0            ; 0       ; 0         ; 0    ; 0            ; 12 (12)      ; 0 (0)             ; 9 (9)            ; |DAC904_WriteTEST|sld_hub:auto_hub|sld_jtag_hub:\jtag_hub_gen:sld_jtag_hub_inst|sld_rom_sr:hub_info_reg                                                                                                                                                                                                                                                ; work         ;
;          |sld_shadow_jsm:shadow_jsm|                                                                    ; 20 (20)     ; 19 (19)                   ; 0 (0)         ; 0           ; 0    ; 0            ; 0       ; 0         ; 0    ; 0            ; 1 (1)        ; 2 (2)             ; 17 (17)          ; |DAC904_WriteTEST|sld_hub:auto_hub|sld_jtag_hub:\jtag_hub_gen:sld_jtag_hub_inst|sld_shadow_jsm:shadow_jsm                                                                                                                                                                                                                                              ; work         ;
;    |sld_signaltap:auto_signaltap_0|                                                                     ; 767 (49)    ; 656 (48)                  ; 0 (0)         ; 98304       ; 12   ; 0            ; 0       ; 0         ; 0    ; 0            ; 111 (1)      ; 335 (48)          ; 321 (0)          ; |DAC904_WriteTEST|sld_signaltap:auto_signaltap_0                                                                                                                                                                                                                                                                                                       ; work         ;
;       |sld_signaltap_impl:sld_signaltap_body|                                                           ; 718 (0)     ; 608 (0)                   ; 0 (0)         ; 98304       ; 12   ; 0            ; 0       ; 0         ; 0    ; 0            ; 110 (0)      ; 287 (0)           ; 321 (0)          ; |DAC904_WriteTEST|sld_signaltap:auto_signaltap_0|sld_signaltap_impl:sld_signaltap_body                                                                                                                                                                                                                                                                 ; work         ;
;          |sld_signaltap_implb:sld_signaltap_body|                                                       ; 718 (214)   ; 608 (180)                 ; 0 (0)         ; 98304       ; 12   ; 0            ; 0       ; 0         ; 0    ; 0            ; 110 (34)     ; 287 (125)         ; 321 (55)         ; |DAC904_WriteTEST|sld_signaltap:auto_signaltap_0|sld_signaltap_impl:sld_signaltap_body|sld_signaltap_implb:sld_signaltap_body                                                                                                                                                                                                                          ; work         ;
;             |altdpram:\stp_non_zero_ram_gen:attribute_mem_gen:attribute_mem|                            ; 78 (76)     ; 76 (76)                   ; 0 (0)         ; 0           ; 0    ; 0            ; 0       ; 0         ; 0    ; 0            ; 2 (0)        ; 51 (51)           ; 25 (0)           ; |DAC904_WriteTEST|sld_signaltap:auto_signaltap_0|sld_signaltap_impl:sld_signaltap_body|sld_signaltap_implb:sld_signaltap_body|altdpram:\stp_non_zero_ram_gen:attribute_mem_gen:attribute_mem                                                                                                                                                           ; work         ;
;                |lpm_decode:wdecoder|                                                                    ; 2 (0)       ; 0 (0)                     ; 0 (0)         ; 0           ; 0    ; 0            ; 0       ; 0         ; 0    ; 0            ; 2 (0)        ; 0 (0)             ; 0 (0)            ; |DAC904_WriteTEST|sld_signaltap:auto_signaltap_0|sld_signaltap_impl:sld_signaltap_body|sld_signaltap_implb:sld_signaltap_body|altdpram:\stp_non_zero_ram_gen:attribute_mem_gen:attribute_mem|lpm_decode:wdecoder                                                                                                                                       ; work         ;
;                   |decode_dvf:auto_generated|                                                           ; 2 (2)       ; 0 (0)                     ; 0 (0)         ; 0           ; 0    ; 0            ; 0       ; 0         ; 0    ; 0            ; 2 (2)        ; 0 (0)             ; 0 (0)            ; |DAC904_WriteTEST|sld_signaltap:auto_signaltap_0|sld_signaltap_impl:sld_signaltap_body|sld_signaltap_implb:sld_signaltap_body|altdpram:\stp_non_zero_ram_gen:attribute_mem_gen:attribute_mem|lpm_decode:wdecoder|decode_dvf:auto_generated                                                                                                             ; work         ;
;                |lpm_mux:mux|                                                                            ; 25 (0)      ; 0 (0)                     ; 0 (0)         ; 0           ; 0    ; 0            ; 0       ; 0         ; 0    ; 0            ; 0 (0)        ; 0 (0)             ; 25 (0)           ; |DAC904_WriteTEST|sld_signaltap:auto_signaltap_0|sld_signaltap_impl:sld_signaltap_body|sld_signaltap_implb:sld_signaltap_body|altdpram:\stp_non_zero_ram_gen:attribute_mem_gen:attribute_mem|lpm_mux:mux                                                                                                                                               ; work         ;
;                   |mux_tsc:auto_generated|                                                              ; 25 (25)     ; 0 (0)                     ; 0 (0)         ; 0           ; 0    ; 0            ; 0       ; 0         ; 0    ; 0            ; 0 (0)        ; 0 (0)             ; 25 (25)          ; |DAC904_WriteTEST|sld_signaltap:auto_signaltap_0|sld_signaltap_impl:sld_signaltap_body|sld_signaltap_implb:sld_signaltap_body|altdpram:\stp_non_zero_ram_gen:attribute_mem_gen:attribute_mem|lpm_mux:mux|mux_tsc:auto_generated                                                                                                                        ; work         ;
;             |altsyncram:\stp_non_zero_ram_gen:stp_buffer_ram|                                           ; 0 (0)       ; 0 (0)                     ; 0 (0)         ; 98304       ; 12   ; 0            ; 0       ; 0         ; 0    ; 0            ; 0 (0)        ; 0 (0)             ; 0 (0)            ; |DAC904_WriteTEST|sld_signaltap:auto_signaltap_0|sld_signaltap_impl:sld_signaltap_body|sld_signaltap_implb:sld_signaltap_body|altsyncram:\stp_non_zero_ram_gen:stp_buffer_ram                                                                                                                                                                          ; work         ;
;                |altsyncram_sr14:auto_generated|                                                         ; 0 (0)       ; 0 (0)                     ; 0 (0)         ; 98304       ; 12   ; 0            ; 0       ; 0         ; 0    ; 0            ; 0 (0)        ; 0 (0)             ; 0 (0)            ; |DAC904_WriteTEST|sld_signaltap:auto_signaltap_0|sld_signaltap_impl:sld_signaltap_body|sld_signaltap_implb:sld_signaltap_body|altsyncram:\stp_non_zero_ram_gen:stp_buffer_ram|altsyncram_sr14:auto_generated                                                                                                                                           ; work         ;
;             |lpm_shiftreg:segment_offset_config_deserialize|                                            ; 12 (12)     ; 12 (12)                   ; 0 (0)         ; 0           ; 0    ; 0            ; 0       ; 0         ; 0    ; 0            ; 0 (0)        ; 12 (12)           ; 0 (0)            ; |DAC904_WriteTEST|sld_signaltap:auto_signaltap_0|sld_signaltap_impl:sld_signaltap_body|sld_signaltap_implb:sld_signaltap_body|lpm_shiftreg:segment_offset_config_deserialize                                                                                                                                                                           ; work         ;
;             |lpm_shiftreg:status_register|                                                              ; 17 (17)     ; 17 (17)                   ; 0 (0)         ; 0           ; 0    ; 0            ; 0       ; 0         ; 0    ; 0            ; 0 (0)        ; 0 (0)             ; 17 (17)          ; |DAC904_WriteTEST|sld_signaltap:auto_signaltap_0|sld_signaltap_impl:sld_signaltap_body|sld_signaltap_implb:sld_signaltap_body|lpm_shiftreg:status_register                                                                                                                                                                                             ; work         ;
;             |serial_crc_16:\tdo_crc_gen:tdo_crc_calc|                                                   ; 14 (14)     ; 13 (13)                   ; 0 (0)         ; 0           ; 0    ; 0            ; 0       ; 0         ; 0    ; 0            ; 1 (1)        ; 0 (0)             ; 13 (13)          ; |DAC904_WriteTEST|sld_signaltap:auto_signaltap_0|sld_signaltap_impl:sld_signaltap_body|sld_signaltap_implb:sld_signaltap_body|serial_crc_16:\tdo_crc_gen:tdo_crc_calc                                                                                                                                                                                  ; work         ;
;             |sld_buffer_manager:sld_buffer_manager_inst|                                                ; 108 (108)   ; 69 (69)                   ; 0 (0)         ; 0           ; 0    ; 0            ; 0       ; 0         ; 0    ; 0            ; 38 (38)      ; 11 (11)           ; 59 (59)          ; |DAC904_WriteTEST|sld_signaltap:auto_signaltap_0|sld_signaltap_impl:sld_signaltap_body|sld_signaltap_implb:sld_signaltap_body|sld_buffer_manager:sld_buffer_manager_inst                                                                                                                                                                               ; work         ;
;             |sld_ela_control:ela_control|                                                               ; 144 (1)     ; 136 (1)                   ; 0 (0)         ; 0           ; 0    ; 0            ; 0       ; 0         ; 0    ; 0            ; 8 (0)        ; 86 (0)            ; 50 (1)           ; |DAC904_WriteTEST|sld_signaltap:auto_signaltap_0|sld_signaltap_impl:sld_signaltap_body|sld_signaltap_implb:sld_signaltap_body|sld_ela_control:ela_control                                                                                                                                                                                              ; work         ;
;                |lpm_shiftreg:trigger_config_deserialize|                                                ; 4 (4)       ; 4 (4)                     ; 0 (0)         ; 0           ; 0    ; 0            ; 0       ; 0         ; 0    ; 0            ; 0 (0)        ; 4 (4)             ; 0 (0)            ; |DAC904_WriteTEST|sld_signaltap:auto_signaltap_0|sld_signaltap_impl:sld_signaltap_body|sld_signaltap_implb:sld_signaltap_body|sld_ela_control:ela_control|lpm_shiftreg:trigger_config_deserialize                                                                                                                                                      ; work         ;
;                |sld_ela_basic_multi_level_trigger:\basic_multi_level_mbpm_trigger_gen:multi_level_mbpm| ; 120 (0)     ; 120 (0)                   ; 0 (0)         ; 0           ; 0    ; 0            ; 0       ; 0         ; 0    ; 0            ; 0 (0)        ; 72 (0)            ; 48 (0)           ; |DAC904_WriteTEST|sld_signaltap:auto_signaltap_0|sld_signaltap_impl:sld_signaltap_body|sld_signaltap_implb:sld_signaltap_body|sld_ela_control:ela_control|sld_ela_basic_multi_level_trigger:\basic_multi_level_mbpm_trigger_gen:multi_level_mbpm                                                                                                       ; work         ;
;                   |lpm_shiftreg:trigger_condition_deserialize|                                          ; 72 (72)     ; 72 (72)                   ; 0 (0)         ; 0           ; 0    ; 0            ; 0       ; 0         ; 0    ; 0            ; 0 (0)        ; 72 (72)           ; 0 (0)            ; |DAC904_WriteTEST|sld_signaltap:auto_signaltap_0|sld_signaltap_impl:sld_signaltap_body|sld_signaltap_implb:sld_signaltap_body|sld_ela_control:ela_control|sld_ela_basic_multi_level_trigger:\basic_multi_level_mbpm_trigger_gen:multi_level_mbpm|lpm_shiftreg:trigger_condition_deserialize                                                            ; work         ;
;                   |sld_mbpmg:\trigger_modules_gen:0:trigger_match|                                      ; 48 (0)      ; 48 (0)                    ; 0 (0)         ; 0           ; 0    ; 0            ; 0       ; 0         ; 0    ; 0            ; 0 (0)        ; 0 (0)             ; 48 (0)           ; |DAC904_WriteTEST|sld_signaltap:auto_signaltap_0|sld_signaltap_impl:sld_signaltap_body|sld_signaltap_implb:sld_signaltap_body|sld_ela_control:ela_control|sld_ela_basic_multi_level_trigger:\basic_multi_level_mbpm_trigger_gen:multi_level_mbpm|sld_mbpmg:\trigger_modules_gen:0:trigger_match                                                        ; work         ;
;                      |sld_sbpmg:\gen_sbpmg_pipeline_less_than_two:sm0:0:sm1|                            ; 2 (2)       ; 2 (2)                     ; 0 (0)         ; 0           ; 0    ; 0            ; 0       ; 0         ; 0    ; 0            ; 0 (0)        ; 0 (0)             ; 2 (2)            ; |DAC904_WriteTEST|sld_signaltap:auto_signaltap_0|sld_signaltap_impl:sld_signaltap_body|sld_signaltap_implb:sld_signaltap_body|sld_ela_control:ela_control|sld_ela_basic_multi_level_trigger:\basic_multi_level_mbpm_trigger_gen:multi_level_mbpm|sld_mbpmg:\trigger_modules_gen:0:trigger_match|sld_sbpmg:\gen_sbpmg_pipeline_less_than_two:sm0:0:sm1  ; work         ;
;                      |sld_sbpmg:\gen_sbpmg_pipeline_less_than_two:sm0:10:sm1|                           ; 2 (2)       ; 2 (2)                     ; 0 (0)         ; 0           ; 0    ; 0            ; 0       ; 0         ; 0    ; 0            ; 0 (0)        ; 0 (0)             ; 2 (2)            ; |DAC904_WriteTEST|sld_signaltap:auto_signaltap_0|sld_signaltap_impl:sld_signaltap_body|sld_signaltap_implb:sld_signaltap_body|sld_ela_control:ela_control|sld_ela_basic_multi_level_trigger:\basic_multi_level_mbpm_trigger_gen:multi_level_mbpm|sld_mbpmg:\trigger_modules_gen:0:trigger_match|sld_sbpmg:\gen_sbpmg_pipeline_less_than_two:sm0:10:sm1 ; work         ;
;                      |sld_sbpmg:\gen_sbpmg_pipeline_less_than_two:sm0:11:sm1|                           ; 2 (2)       ; 2 (2)                     ; 0 (0)         ; 0           ; 0    ; 0            ; 0       ; 0         ; 0    ; 0            ; 0 (0)        ; 0 (0)             ; 2 (2)            ; |DAC904_WriteTEST|sld_signaltap:auto_signaltap_0|sld_signaltap_impl:sld_signaltap_body|sld_signaltap_implb:sld_signaltap_body|sld_ela_control:ela_control|sld_ela_basic_multi_level_trigger:\basic_multi_level_mbpm_trigger_gen:multi_level_mbpm|sld_mbpmg:\trigger_modules_gen:0:trigger_match|sld_sbpmg:\gen_sbpmg_pipeline_less_than_two:sm0:11:sm1 ; work         ;
;                      |sld_sbpmg:\gen_sbpmg_pipeline_less_than_two:sm0:12:sm1|                           ; 2 (2)       ; 2 (2)                     ; 0 (0)         ; 0           ; 0    ; 0            ; 0       ; 0         ; 0    ; 0            ; 0 (0)        ; 0 (0)             ; 2 (2)            ; |DAC904_WriteTEST|sld_signaltap:auto_signaltap_0|sld_signaltap_impl:sld_signaltap_body|sld_signaltap_implb:sld_signaltap_body|sld_ela_control:ela_control|sld_ela_basic_multi_level_trigger:\basic_multi_level_mbpm_trigger_gen:multi_level_mbpm|sld_mbpmg:\trigger_modules_gen:0:trigger_match|sld_sbpmg:\gen_sbpmg_pipeline_less_than_two:sm0:12:sm1 ; work         ;
;                      |sld_sbpmg:\gen_sbpmg_pipeline_less_than_two:sm0:13:sm1|                           ; 2 (2)       ; 2 (2)                     ; 0 (0)         ; 0           ; 0    ; 0            ; 0       ; 0         ; 0    ; 0            ; 0 (0)        ; 0 (0)             ; 2 (2)            ; |DAC904_WriteTEST|sld_signaltap:auto_signaltap_0|sld_signaltap_impl:sld_signaltap_body|sld_signaltap_implb:sld_signaltap_body|sld_ela_control:ela_control|sld_ela_basic_multi_level_trigger:\basic_multi_level_mbpm_trigger_gen:multi_level_mbpm|sld_mbpmg:\trigger_modules_gen:0:trigger_match|sld_sbpmg:\gen_sbpmg_pipeline_less_than_two:sm0:13:sm1 ; work         ;
;                      |sld_sbpmg:\gen_sbpmg_pipeline_less_than_two:sm0:14:sm1|                           ; 2 (2)       ; 2 (2)                     ; 0 (0)         ; 0           ; 0    ; 0            ; 0       ; 0         ; 0    ; 0            ; 0 (0)        ; 0 (0)             ; 2 (2)            ; |DAC904_WriteTEST|sld_signaltap:auto_signaltap_0|sld_signaltap_impl:sld_signaltap_body|sld_signaltap_implb:sld_signaltap_body|sld_ela_control:ela_control|sld_ela_basic_multi_level_trigger:\basic_multi_level_mbpm_trigger_gen:multi_level_mbpm|sld_mbpmg:\trigger_modules_gen:0:trigger_match|sld_sbpmg:\gen_sbpmg_pipeline_less_than_two:sm0:14:sm1 ; work         ;
;                      |sld_sbpmg:\gen_sbpmg_pipeline_less_than_two:sm0:15:sm1|                           ; 2 (2)       ; 2 (2)                     ; 0 (0)         ; 0           ; 0    ; 0            ; 0       ; 0         ; 0    ; 0            ; 0 (0)        ; 0 (0)             ; 2 (2)            ; |DAC904_WriteTEST|sld_signaltap:auto_signaltap_0|sld_signaltap_impl:sld_signaltap_body|sld_signaltap_implb:sld_signaltap_body|sld_ela_control:ela_control|sld_ela_basic_multi_level_trigger:\basic_multi_level_mbpm_trigger_gen:multi_level_mbpm|sld_mbpmg:\trigger_modules_gen:0:trigger_match|sld_sbpmg:\gen_sbpmg_pipeline_less_than_two:sm0:15:sm1 ; work         ;
;                      |sld_sbpmg:\gen_sbpmg_pipeline_less_than_two:sm0:16:sm1|                           ; 2 (2)       ; 2 (2)                     ; 0 (0)         ; 0           ; 0    ; 0            ; 0       ; 0         ; 0    ; 0            ; 0 (0)        ; 0 (0)             ; 2 (2)            ; |DAC904_WriteTEST|sld_signaltap:auto_signaltap_0|sld_signaltap_impl:sld_signaltap_body|sld_signaltap_implb:sld_signaltap_body|sld_ela_control:ela_control|sld_ela_basic_multi_level_trigger:\basic_multi_level_mbpm_trigger_gen:multi_level_mbpm|sld_mbpmg:\trigger_modules_gen:0:trigger_match|sld_sbpmg:\gen_sbpmg_pipeline_less_than_two:sm0:16:sm1 ; work         ;
;                      |sld_sbpmg:\gen_sbpmg_pipeline_less_than_two:sm0:17:sm1|                           ; 2 (2)       ; 2 (2)                     ; 0 (0)         ; 0           ; 0    ; 0            ; 0       ; 0         ; 0    ; 0            ; 0 (0)        ; 0 (0)             ; 2 (2)            ; |DAC904_WriteTEST|sld_signaltap:auto_signaltap_0|sld_signaltap_impl:sld_signaltap_body|sld_signaltap_implb:sld_signaltap_body|sld_ela_control:ela_control|sld_ela_basic_multi_level_trigger:\basic_multi_level_mbpm_trigger_gen:multi_level_mbpm|sld_mbpmg:\trigger_modules_gen:0:trigger_match|sld_sbpmg:\gen_sbpmg_pipeline_less_than_two:sm0:17:sm1 ; work         ;
;                      |sld_sbpmg:\gen_sbpmg_pipeline_less_than_two:sm0:18:sm1|                           ; 2 (2)       ; 2 (2)                     ; 0 (0)         ; 0           ; 0    ; 0            ; 0       ; 0         ; 0    ; 0            ; 0 (0)        ; 0 (0)             ; 2 (2)            ; |DAC904_WriteTEST|sld_signaltap:auto_signaltap_0|sld_signaltap_impl:sld_signaltap_body|sld_signaltap_implb:sld_signaltap_body|sld_ela_control:ela_control|sld_ela_basic_multi_level_trigger:\basic_multi_level_mbpm_trigger_gen:multi_level_mbpm|sld_mbpmg:\trigger_modules_gen:0:trigger_match|sld_sbpmg:\gen_sbpmg_pipeline_less_than_two:sm0:18:sm1 ; work         ;
;                      |sld_sbpmg:\gen_sbpmg_pipeline_less_than_two:sm0:19:sm1|                           ; 2 (2)       ; 2 (2)                     ; 0 (0)         ; 0           ; 0    ; 0            ; 0       ; 0         ; 0    ; 0            ; 0 (0)        ; 0 (0)             ; 2 (2)            ; |DAC904_WriteTEST|sld_signaltap:auto_signaltap_0|sld_signaltap_impl:sld_signaltap_body|sld_signaltap_implb:sld_signaltap_body|sld_ela_control:ela_control|sld_ela_basic_multi_level_trigger:\basic_multi_level_mbpm_trigger_gen:multi_level_mbpm|sld_mbpmg:\trigger_modules_gen:0:trigger_match|sld_sbpmg:\gen_sbpmg_pipeline_less_than_two:sm0:19:sm1 ; work         ;
;                      |sld_sbpmg:\gen_sbpmg_pipeline_less_than_two:sm0:1:sm1|                            ; 2 (2)       ; 2 (2)                     ; 0 (0)         ; 0           ; 0    ; 0            ; 0       ; 0         ; 0    ; 0            ; 0 (0)        ; 0 (0)             ; 2 (2)            ; |DAC904_WriteTEST|sld_signaltap:auto_signaltap_0|sld_signaltap_impl:sld_signaltap_body|sld_signaltap_implb:sld_signaltap_body|sld_ela_control:ela_control|sld_ela_basic_multi_level_trigger:\basic_multi_level_mbpm_trigger_gen:multi_level_mbpm|sld_mbpmg:\trigger_modules_gen:0:trigger_match|sld_sbpmg:\gen_sbpmg_pipeline_less_than_two:sm0:1:sm1  ; work         ;
;                      |sld_sbpmg:\gen_sbpmg_pipeline_less_than_two:sm0:20:sm1|                           ; 2 (2)       ; 2 (2)                     ; 0 (0)         ; 0           ; 0    ; 0            ; 0       ; 0         ; 0    ; 0            ; 0 (0)        ; 0 (0)             ; 2 (2)            ; |DAC904_WriteTEST|sld_signaltap:auto_signaltap_0|sld_signaltap_impl:sld_signaltap_body|sld_signaltap_implb:sld_signaltap_body|sld_ela_control:ela_control|sld_ela_basic_multi_level_trigger:\basic_multi_level_mbpm_trigger_gen:multi_level_mbpm|sld_mbpmg:\trigger_modules_gen:0:trigger_match|sld_sbpmg:\gen_sbpmg_pipeline_less_than_two:sm0:20:sm1 ; work         ;
;                      |sld_sbpmg:\gen_sbpmg_pipeline_less_than_two:sm0:21:sm1|                           ; 2 (2)       ; 2 (2)                     ; 0 (0)         ; 0           ; 0    ; 0            ; 0       ; 0         ; 0    ; 0            ; 0 (0)        ; 0 (0)             ; 2 (2)            ; |DAC904_WriteTEST|sld_signaltap:auto_signaltap_0|sld_signaltap_impl:sld_signaltap_body|sld_signaltap_implb:sld_signaltap_body|sld_ela_control:ela_control|sld_ela_basic_multi_level_trigger:\basic_multi_level_mbpm_trigger_gen:multi_level_mbpm|sld_mbpmg:\trigger_modules_gen:0:trigger_match|sld_sbpmg:\gen_sbpmg_pipeline_less_than_two:sm0:21:sm1 ; work         ;
;                      |sld_sbpmg:\gen_sbpmg_pipeline_less_than_two:sm0:22:sm1|                           ; 2 (2)       ; 2 (2)                     ; 0 (0)         ; 0           ; 0    ; 0            ; 0       ; 0         ; 0    ; 0            ; 0 (0)        ; 0 (0)             ; 2 (2)            ; |DAC904_WriteTEST|sld_signaltap:auto_signaltap_0|sld_signaltap_impl:sld_signaltap_body|sld_signaltap_implb:sld_signaltap_body|sld_ela_control:ela_control|sld_ela_basic_multi_level_trigger:\basic_multi_level_mbpm_trigger_gen:multi_level_mbpm|sld_mbpmg:\trigger_modules_gen:0:trigger_match|sld_sbpmg:\gen_sbpmg_pipeline_less_than_two:sm0:22:sm1 ; work         ;
;                      |sld_sbpmg:\gen_sbpmg_pipeline_less_than_two:sm0:23:sm1|                           ; 2 (2)       ; 2 (2)                     ; 0 (0)         ; 0           ; 0    ; 0            ; 0       ; 0         ; 0    ; 0            ; 0 (0)        ; 0 (0)             ; 2 (2)            ; |DAC904_WriteTEST|sld_signaltap:auto_signaltap_0|sld_signaltap_impl:sld_signaltap_body|sld_signaltap_implb:sld_signaltap_body|sld_ela_control:ela_control|sld_ela_basic_multi_level_trigger:\basic_multi_level_mbpm_trigger_gen:multi_level_mbpm|sld_mbpmg:\trigger_modules_gen:0:trigger_match|sld_sbpmg:\gen_sbpmg_pipeline_less_than_two:sm0:23:sm1 ; work         ;
;                      |sld_sbpmg:\gen_sbpmg_pipeline_less_than_two:sm0:2:sm1|                            ; 2 (2)       ; 2 (2)                     ; 0 (0)         ; 0           ; 0    ; 0            ; 0       ; 0         ; 0    ; 0            ; 0 (0)        ; 0 (0)             ; 2 (2)            ; |DAC904_WriteTEST|sld_signaltap:auto_signaltap_0|sld_signaltap_impl:sld_signaltap_body|sld_signaltap_implb:sld_signaltap_body|sld_ela_control:ela_control|sld_ela_basic_multi_level_trigger:\basic_multi_level_mbpm_trigger_gen:multi_level_mbpm|sld_mbpmg:\trigger_modules_gen:0:trigger_match|sld_sbpmg:\gen_sbpmg_pipeline_less_than_two:sm0:2:sm1  ; work         ;
;                      |sld_sbpmg:\gen_sbpmg_pipeline_less_than_two:sm0:3:sm1|                            ; 2 (2)       ; 2 (2)                     ; 0 (0)         ; 0           ; 0    ; 0            ; 0       ; 0         ; 0    ; 0            ; 0 (0)        ; 0 (0)             ; 2 (2)            ; |DAC904_WriteTEST|sld_signaltap:auto_signaltap_0|sld_signaltap_impl:sld_signaltap_body|sld_signaltap_implb:sld_signaltap_body|sld_ela_control:ela_control|sld_ela_basic_multi_level_trigger:\basic_multi_level_mbpm_trigger_gen:multi_level_mbpm|sld_mbpmg:\trigger_modules_gen:0:trigger_match|sld_sbpmg:\gen_sbpmg_pipeline_less_than_two:sm0:3:sm1  ; work         ;
;                      |sld_sbpmg:\gen_sbpmg_pipeline_less_than_two:sm0:4:sm1|                            ; 2 (2)       ; 2 (2)                     ; 0 (0)         ; 0           ; 0    ; 0            ; 0       ; 0         ; 0    ; 0            ; 0 (0)        ; 0 (0)             ; 2 (2)            ; |DAC904_WriteTEST|sld_signaltap:auto_signaltap_0|sld_signaltap_impl:sld_signaltap_body|sld_signaltap_implb:sld_signaltap_body|sld_ela_control:ela_control|sld_ela_basic_multi_level_trigger:\basic_multi_level_mbpm_trigger_gen:multi_level_mbpm|sld_mbpmg:\trigger_modules_gen:0:trigger_match|sld_sbpmg:\gen_sbpmg_pipeline_less_than_two:sm0:4:sm1  ; work         ;
;                      |sld_sbpmg:\gen_sbpmg_pipeline_less_than_two:sm0:5:sm1|                            ; 2 (2)       ; 2 (2)                     ; 0 (0)         ; 0           ; 0    ; 0            ; 0       ; 0         ; 0    ; 0            ; 0 (0)        ; 0 (0)             ; 2 (2)            ; |DAC904_WriteTEST|sld_signaltap:auto_signaltap_0|sld_signaltap_impl:sld_signaltap_body|sld_signaltap_implb:sld_signaltap_body|sld_ela_control:ela_control|sld_ela_basic_multi_level_trigger:\basic_multi_level_mbpm_trigger_gen:multi_level_mbpm|sld_mbpmg:\trigger_modules_gen:0:trigger_match|sld_sbpmg:\gen_sbpmg_pipeline_less_than_two:sm0:5:sm1  ; work         ;
;                      |sld_sbpmg:\gen_sbpmg_pipeline_less_than_two:sm0:6:sm1|                            ; 2 (2)       ; 2 (2)                     ; 0 (0)         ; 0           ; 0    ; 0            ; 0       ; 0         ; 0    ; 0            ; 0 (0)        ; 0 (0)             ; 2 (2)            ; |DAC904_WriteTEST|sld_signaltap:auto_signaltap_0|sld_signaltap_impl:sld_signaltap_body|sld_signaltap_implb:sld_signaltap_body|sld_ela_control:ela_control|sld_ela_basic_multi_level_trigger:\basic_multi_level_mbpm_trigger_gen:multi_level_mbpm|sld_mbpmg:\trigger_modules_gen:0:trigger_match|sld_sbpmg:\gen_sbpmg_pipeline_less_than_two:sm0:6:sm1  ; work         ;
;                      |sld_sbpmg:\gen_sbpmg_pipeline_less_than_two:sm0:7:sm1|                            ; 2 (2)       ; 2 (2)                     ; 0 (0)         ; 0           ; 0    ; 0            ; 0       ; 0         ; 0    ; 0            ; 0 (0)        ; 0 (0)             ; 2 (2)            ; |DAC904_WriteTEST|sld_signaltap:auto_signaltap_0|sld_signaltap_impl:sld_signaltap_body|sld_signaltap_implb:sld_signaltap_body|sld_ela_control:ela_control|sld_ela_basic_multi_level_trigger:\basic_multi_level_mbpm_trigger_gen:multi_level_mbpm|sld_mbpmg:\trigger_modules_gen:0:trigger_match|sld_sbpmg:\gen_sbpmg_pipeline_less_than_two:sm0:7:sm1  ; work         ;
;                      |sld_sbpmg:\gen_sbpmg_pipeline_less_than_two:sm0:8:sm1|                            ; 2 (2)       ; 2 (2)                     ; 0 (0)         ; 0           ; 0    ; 0            ; 0       ; 0         ; 0    ; 0            ; 0 (0)        ; 0 (0)             ; 2 (2)            ; |DAC904_WriteTEST|sld_signaltap:auto_signaltap_0|sld_signaltap_impl:sld_signaltap_body|sld_signaltap_implb:sld_signaltap_body|sld_ela_control:ela_control|sld_ela_basic_multi_level_trigger:\basic_multi_level_mbpm_trigger_gen:multi_level_mbpm|sld_mbpmg:\trigger_modules_gen:0:trigger_match|sld_sbpmg:\gen_sbpmg_pipeline_less_than_two:sm0:8:sm1  ; work         ;
;                      |sld_sbpmg:\gen_sbpmg_pipeline_less_than_two:sm0:9:sm1|                            ; 2 (2)       ; 2 (2)                     ; 0 (0)         ; 0           ; 0    ; 0            ; 0       ; 0         ; 0    ; 0            ; 0 (0)        ; 0 (0)             ; 2 (2)            ; |DAC904_WriteTEST|sld_signaltap:auto_signaltap_0|sld_signaltap_impl:sld_signaltap_body|sld_signaltap_implb:sld_signaltap_body|sld_ela_control:ela_control|sld_ela_basic_multi_level_trigger:\basic_multi_level_mbpm_trigger_gen:multi_level_mbpm|sld_mbpmg:\trigger_modules_gen:0:trigger_match|sld_sbpmg:\gen_sbpmg_pipeline_less_than_two:sm0:9:sm1  ; work         ;
;                |sld_ela_trigger_flow_mgr:\builtin:ela_trigger_flow_mgr_entity|                          ; 19 (9)      ; 11 (1)                    ; 0 (0)         ; 0           ; 0    ; 0            ; 0       ; 0         ; 0    ; 0            ; 8 (8)        ; 10 (0)            ; 1 (1)            ; |DAC904_WriteTEST|sld_signaltap:auto_signaltap_0|sld_signaltap_impl:sld_signaltap_body|sld_signaltap_implb:sld_signaltap_body|sld_ela_control:ela_control|sld_ela_trigger_flow_mgr:\builtin:ela_trigger_flow_mgr_entity                                                                                                                                ; work         ;
;                   |lpm_shiftreg:trigger_config_deserialize|                                             ; 10 (10)     ; 10 (10)                   ; 0 (0)         ; 0           ; 0    ; 0            ; 0       ; 0         ; 0    ; 0            ; 0 (0)        ; 10 (10)           ; 0 (0)            ; |DAC904_WriteTEST|sld_signaltap:auto_signaltap_0|sld_signaltap_impl:sld_signaltap_body|sld_signaltap_implb:sld_signaltap_body|sld_ela_control:ela_control|sld_ela_trigger_flow_mgr:\builtin:ela_trigger_flow_mgr_entity|lpm_shiftreg:trigger_config_deserialize                                                                                        ; work         ;
;             |sld_offload_buffer_mgr:\stp_non_zero_depth_offload_gen:stp_offload_buff_mgr_inst|          ; 114 (9)     ; 97 (0)                    ; 0 (0)         ; 0           ; 0    ; 0            ; 0       ; 0         ; 0    ; 0            ; 16 (9)       ; 2 (0)             ; 96 (0)           ; |DAC904_WriteTEST|sld_signaltap:auto_signaltap_0|sld_signaltap_impl:sld_signaltap_body|sld_signaltap_implb:sld_signaltap_body|sld_offload_buffer_mgr:\stp_non_zero_depth_offload_gen:stp_offload_buff_mgr_inst                                                                                                                                         ; work         ;
;                |lpm_counter:\adv_point_3_and_more:advance_pointer_counter|                              ; 7 (0)       ; 5 (0)                     ; 0 (0)         ; 0           ; 0    ; 0            ; 0       ; 0         ; 0    ; 0            ; 2 (0)        ; 0 (0)             ; 5 (0)            ; |DAC904_WriteTEST|sld_signaltap:auto_signaltap_0|sld_signaltap_impl:sld_signaltap_body|sld_signaltap_implb:sld_signaltap_body|sld_offload_buffer_mgr:\stp_non_zero_depth_offload_gen:stp_offload_buff_mgr_inst|lpm_counter:\adv_point_3_and_more:advance_pointer_counter                                                                               ; work         ;
;                   |cntr_fgi:auto_generated|                                                             ; 7 (7)       ; 5 (5)                     ; 0 (0)         ; 0           ; 0    ; 0            ; 0       ; 0         ; 0    ; 0            ; 2 (2)        ; 0 (0)             ; 5 (5)            ; |DAC904_WriteTEST|sld_signaltap:auto_signaltap_0|sld_signaltap_impl:sld_signaltap_body|sld_signaltap_implb:sld_signaltap_body|sld_offload_buffer_mgr:\stp_non_zero_depth_offload_gen:stp_offload_buff_mgr_inst|lpm_counter:\adv_point_3_and_more:advance_pointer_counter|cntr_fgi:auto_generated                                                       ; work         ;
;                |lpm_counter:read_pointer_counter|                                                       ; 12 (0)      ; 12 (0)                    ; 0 (0)         ; 0           ; 0    ; 0            ; 0       ; 0         ; 0    ; 0            ; 0 (0)        ; 0 (0)             ; 12 (0)           ; |DAC904_WriteTEST|sld_signaltap:auto_signaltap_0|sld_signaltap_impl:sld_signaltap_body|sld_signaltap_implb:sld_signaltap_body|sld_offload_buffer_mgr:\stp_non_zero_depth_offload_gen:stp_offload_buff_mgr_inst|lpm_counter:read_pointer_counter                                                                                                        ; work         ;
;                   |cntr_m9j:auto_generated|                                                             ; 12 (12)     ; 12 (12)                   ; 0 (0)         ; 0           ; 0    ; 0            ; 0       ; 0         ; 0    ; 0            ; 0 (0)        ; 0 (0)             ; 12 (12)          ; |DAC904_WriteTEST|sld_signaltap:auto_signaltap_0|sld_signaltap_impl:sld_signaltap_body|sld_signaltap_implb:sld_signaltap_body|sld_offload_buffer_mgr:\stp_non_zero_depth_offload_gen:stp_offload_buff_mgr_inst|lpm_counter:read_pointer_counter|cntr_m9j:auto_generated                                                                                ; work         ;
;                |lpm_counter:status_advance_pointer_counter|                                             ; 7 (0)       ; 5 (0)                     ; 0 (0)         ; 0           ; 0    ; 0            ; 0       ; 0         ; 0    ; 0            ; 2 (0)        ; 0 (0)             ; 5 (0)            ; |DAC904_WriteTEST|sld_signaltap:auto_signaltap_0|sld_signaltap_impl:sld_signaltap_body|sld_signaltap_implb:sld_signaltap_body|sld_offload_buffer_mgr:\stp_non_zero_depth_offload_gen:stp_offload_buff_mgr_inst|lpm_counter:status_advance_pointer_counter                                                                                              ; work         ;
;                   |cntr_ggi:auto_generated|                                                             ; 7 (7)       ; 5 (5)                     ; 0 (0)         ; 0           ; 0    ; 0            ; 0       ; 0         ; 0    ; 0            ; 2 (2)        ; 0 (0)             ; 5 (5)            ; |DAC904_WriteTEST|sld_signaltap:auto_signaltap_0|sld_signaltap_impl:sld_signaltap_body|sld_signaltap_implb:sld_signaltap_body|sld_offload_buffer_mgr:\stp_non_zero_depth_offload_gen:stp_offload_buff_mgr_inst|lpm_counter:status_advance_pointer_counter|cntr_ggi:auto_generated                                                                      ; work         ;
;                |lpm_counter:status_read_pointer_counter|                                                ; 4 (0)       ; 1 (0)                     ; 0 (0)         ; 0           ; 0    ; 0            ; 0       ; 0         ; 0    ; 0            ; 3 (0)        ; 1 (0)             ; 0 (0)            ; |DAC904_WriteTEST|sld_signaltap:auto_signaltap_0|sld_signaltap_impl:sld_signaltap_body|sld_signaltap_implb:sld_signaltap_body|sld_offload_buffer_mgr:\stp_non_zero_depth_offload_gen:stp_offload_buff_mgr_inst|lpm_counter:status_read_pointer_counter                                                                                                 ; work         ;
;                   |cntr_23j:auto_generated|                                                             ; 4 (4)       ; 1 (1)                     ; 0 (0)         ; 0           ; 0    ; 0            ; 0       ; 0         ; 0    ; 0            ; 3 (3)        ; 1 (1)             ; 0 (0)            ; |DAC904_WriteTEST|sld_signaltap:auto_signaltap_0|sld_signaltap_impl:sld_signaltap_body|sld_signaltap_implb:sld_signaltap_body|sld_offload_buffer_mgr:\stp_non_zero_depth_offload_gen:stp_offload_buff_mgr_inst|lpm_counter:status_read_pointer_counter|cntr_23j:auto_generated                                                                         ; work         ;
;                |lpm_shiftreg:info_data_shift_out|                                                       ; 26 (26)     ; 25 (25)                   ; 0 (0)         ; 0           ; 0    ; 0            ; 0       ; 0         ; 0    ; 0            ; 0 (0)        ; 1 (1)             ; 25 (25)          ; |DAC904_WriteTEST|sld_signaltap:auto_signaltap_0|sld_signaltap_impl:sld_signaltap_body|sld_signaltap_implb:sld_signaltap_body|sld_offload_buffer_mgr:\stp_non_zero_depth_offload_gen:stp_offload_buff_mgr_inst|lpm_shiftreg:info_data_shift_out                                                                                                        ; work         ;
;                |lpm_shiftreg:ram_data_shift_out|                                                        ; 24 (24)     ; 24 (24)                   ; 0 (0)         ; 0           ; 0    ; 0            ; 0       ; 0         ; 0    ; 0            ; 0 (0)        ; 0 (0)             ; 24 (24)          ; |DAC904_WriteTEST|sld_signaltap:auto_signaltap_0|sld_signaltap_impl:sld_signaltap_body|sld_signaltap_implb:sld_signaltap_body|sld_offload_buffer_mgr:\stp_non_zero_depth_offload_gen:stp_offload_buff_mgr_inst|lpm_shiftreg:ram_data_shift_out                                                                                                         ; work         ;
;                |lpm_shiftreg:status_data_shift_out|                                                     ; 25 (25)     ; 25 (25)                   ; 0 (0)         ; 0           ; 0    ; 0            ; 0       ; 0         ; 0    ; 0            ; 0 (0)        ; 0 (0)             ; 25 (25)          ; |DAC904_WriteTEST|sld_signaltap:auto_signaltap_0|sld_signaltap_impl:sld_signaltap_body|sld_signaltap_implb:sld_signaltap_body|sld_offload_buffer_mgr:\stp_non_zero_depth_offload_gen:stp_offload_buff_mgr_inst|lpm_shiftreg:status_data_shift_out                                                                                                      ; work         ;
;             |sld_rom_sr:crc_rom_sr|                                                                     ; 19 (19)     ; 8 (8)                     ; 0 (0)         ; 0           ; 0    ; 0            ; 0       ; 0         ; 0    ; 0            ; 11 (11)      ; 0 (0)             ; 8 (8)            ; |DAC904_WriteTEST|sld_signaltap:auto_signaltap_0|sld_signaltap_impl:sld_signaltap_body|sld_signaltap_implb:sld_signaltap_body|sld_rom_sr:crc_rom_sr                                                                                                                                                                                                    ; work         ;
+---------------------------------------------------------------------------------------------------------+-------------+---------------------------+---------------+-------------+------+--------------+---------+-----------+------+--------------+--------------+-------------------+------------------+--------------------------------------------------------------------------------------------------------------------------------------------------------------------------------------------------------------------------------------------------------------------------------------------------------------------------------------------------------+--------------+
Note: For table entries with two numbers listed, the numbers in parentheses indicate the number of resources of the given type used by the specific entity alone. The numbers listed outside of parentheses indicate the total resources of the given type used by the specific entity and all of its sub-entities in the hierarchy.


+------------------------------------------------------------------------------------------------+
; Delay Chain Summary                                                                            ;
+----------------+----------+---------------+---------------+-----------------------+-----+------+
; Name           ; Pin Type ; Pad to Core 0 ; Pad to Core 1 ; Pad to Input Register ; TCO ; TCOE ;
+----------------+----------+---------------+---------------+-----------------------+-----+------+
; mcu_spi_miso   ; Output   ; --            ; --            ; --                    ; --  ; --   ;
; clk_driver     ; Output   ; --            ; --            ; --                    ; --  ; --   ;
; IO_data[0]     ; Output   ; --            ; --            ; --                    ; --  ; --   ;
; IO_data[1]     ; Output   ; --            ; --            ; --                    ; --  ; --   ;
; IO_data[2]     ; Output   ; --            ; --            ; --                    ; --  ; --   ;
; IO_data[3]     ; Output   ; --            ; --            ; --                    ; --  ; --   ;
; IO_data[4]     ; Output   ; --            ; --            ; --                    ; --  ; --   ;
; IO_data[5]     ; Output   ; --            ; --            ; --                    ; --  ; --   ;
; IO_data[6]     ; Output   ; --            ; --            ; --                    ; --  ; --   ;
; IO_data[7]     ; Output   ; --            ; --            ; --                    ; --  ; --   ;
; IO_data[8]     ; Output   ; --            ; --            ; --                    ; --  ; --   ;
; IO_data[9]     ; Output   ; --            ; --            ; --                    ; --  ; --   ;
; IO_data[10]    ; Output   ; --            ; --            ; --                    ; --  ; --   ;
; IO_data[11]    ; Output   ; --            ; --            ; --                    ; --  ; --   ;
; IO_data[12]    ; Output   ; --            ; --            ; --                    ; --  ; --   ;
; IO_data[13]    ; Output   ; --            ; --            ; --                    ; --  ; --   ;
; dac_gnd        ; Output   ; --            ; --            ; --                    ; --  ; --   ;
; adc_clk_o      ; Output   ; --            ; --            ; --                    ; --  ; --   ;
; adc_oeb_o      ; Output   ; --            ; --            ; --                    ; --  ; --   ;
; adc_pwdn_o     ; Output   ; --            ; --            ; --                    ; --  ; --   ;
; adc_spi_cs_n_o ; Output   ; --            ; --            ; --                    ; --  ; --   ;
; adc_spi_sclk_o ; Output   ; --            ; --            ; --                    ; --  ; --   ;
; adc_spi_sdio_o ; Output   ; --            ; --            ; --                    ; --  ; --   ;
; adc_dco_i      ; Input    ; (0) 0 ps      ; --            ; --                    ; --  ; --   ;
; mcu_spi_sck    ; Input    ; (0) 0 ps      ; (0) 0 ps      ; --                    ; --  ; --   ;
; mcu_uart_rx    ; Input    ; (6) 1314 ps   ; --            ; --                    ; --  ; --   ;
; rstn           ; Input    ; (0) 0 ps      ; --            ; --                    ; --  ; --   ;
; clk            ; Input    ; (0) 0 ps      ; --            ; --                    ; --  ; --   ;
; adc_data_i[0]  ; Input    ; --            ; (0) 0 ps      ; (1) 354 ps            ; --  ; --   ;
; adc_data_i[1]  ; Input    ; --            ; (0) 0 ps      ; (1) 354 ps            ; --  ; --   ;
; adc_data_i[2]  ; Input    ; --            ; (0) 0 ps      ; (1) 354 ps            ; --  ; --   ;
; adc_data_i[3]  ; Input    ; --            ; (0) 0 ps      ; (1) 354 ps            ; --  ; --   ;
; adc_data_i[4]  ; Input    ; --            ; (0) 0 ps      ; (1) 354 ps            ; --  ; --   ;
; adc_data_i[5]  ; Input    ; --            ; (0) 0 ps      ; (1) 354 ps            ; --  ; --   ;
; adc_data_i[6]  ; Input    ; --            ; (0) 0 ps      ; (1) 354 ps            ; --  ; --   ;
; adc_data_i[7]  ; Input    ; --            ; (0) 0 ps      ; (1) 354 ps            ; --  ; --   ;
; adc_data_i[8]  ; Input    ; --            ; (0) 0 ps      ; (1) 354 ps            ; --  ; --   ;
; adc_data_i[9]  ; Input    ; --            ; (0) 0 ps      ; (1) 354 ps            ; --  ; --   ;
; adc_data_i[10] ; Input    ; --            ; (0) 0 ps      ; (1) 354 ps            ; --  ; --   ;
; adc_data_i[11] ; Input    ; --            ; (0) 0 ps      ; (1) 354 ps            ; --  ; --   ;
; adc_otr_i      ; Input    ; --            ; --            ; (1) 354 ps            ; --  ; --   ;
; mcu_spi_mosi   ; Input    ; (6) 1314 ps   ; --            ; --                    ; --  ; --   ;
+----------------+----------+---------------+---------------+-----------------------+-----+------+


+----------------------------------------------------------------------------------------------------------------------------------------------+
; Pad To Core Delay Chain Fanout                                                                                                               ;
+----------------------------------------------------------------------------------------------------------------+-------------------+---------+
; Source Pin / Fanout                                                                                            ; Pad To Core Index ; Setting ;
+----------------------------------------------------------------------------------------------------------------+-------------------+---------+
; adc_dco_i                                                                                                      ;                   ;         ;
; mcu_spi_sck                                                                                                    ;                   ;         ;
;      - Ad9233FrameCapture:U2_frame_capture|altsyncram:capture_ram|altsyncram_bl51:auto_generated|ram_block1a0  ; 1                 ; 0       ;
;      - Ad9233FrameCapture:U2_frame_capture|altsyncram:capture_ram|altsyncram_bl51:auto_generated|ram_block1a1  ; 0                 ; 0       ;
;      - Ad9233FrameCapture:U2_frame_capture|altsyncram:capture_ram|altsyncram_bl51:auto_generated|ram_block1a2  ; 0                 ; 0       ;
;      - Ad9233FrameCapture:U2_frame_capture|altsyncram:capture_ram|altsyncram_bl51:auto_generated|ram_block1a3  ; 0                 ; 0       ;
;      - Ad9233FrameCapture:U2_frame_capture|altsyncram:capture_ram|altsyncram_bl51:auto_generated|ram_block1a5  ; 0                 ; 0       ;
;      - Ad9233FrameCapture:U2_frame_capture|altsyncram:capture_ram|altsyncram_bl51:auto_generated|ram_block1a10 ; 1                 ; 0       ;
;      - AnalyzerSpiSlave:U3_analyzer_spi|tx_shift[15]                                                           ; 0                 ; 0       ;
;      - AnalyzerSpiSlave:U3_analyzer_spi|tx_active                                                              ; 1                 ; 0       ;
;      - AnalyzerSpiSlave:U3_analyzer_spi|response_seen                                                          ; 0                 ; 0       ;
;      - AnalyzerSpiSlave:U3_analyzer_spi|spi_miso                                                               ; 0                 ; 0       ;
;      - AnalyzerSpiSlave:U3_analyzer_spi|crc_error_count[0]                                                     ; 1                 ; 0       ;
;      - AnalyzerSpiSlave:U3_analyzer_spi|response_toggle                                                        ; 1                 ; 0       ;
;      - AnalyzerSpiSlave:U3_analyzer_spi|crc_error_count[1]                                                     ; 1                 ; 0       ;
;      - AnalyzerSpiSlave:U3_analyzer_spi|crc_error_count[2]                                                     ; 1                 ; 0       ;
;      - AnalyzerSpiSlave:U3_analyzer_spi|crc_error_count[3]                                                     ; 1                 ; 0       ;
;      - AnalyzerSpiSlave:U3_analyzer_spi|crc_error_count[4]                                                     ; 1                 ; 0       ;
;      - AnalyzerSpiSlave:U3_analyzer_spi|crc_error_count[5]                                                     ; 1                 ; 0       ;
;      - AnalyzerSpiSlave:U3_analyzer_spi|crc_error_count[6]                                                     ; 1                 ; 0       ;
;      - AnalyzerSpiSlave:U3_analyzer_spi|crc_error_count[7]                                                     ; 1                 ; 0       ;
;      - AnalyzerSpiSlave:U3_analyzer_spi|crc_error_count[8]                                                     ; 1                 ; 0       ;
;      - AnalyzerSpiSlave:U3_analyzer_spi|crc_error_count[9]                                                     ; 1                 ; 0       ;
;      - AnalyzerSpiSlave:U3_analyzer_spi|crc_error_count[10]                                                    ; 1                 ; 0       ;
;      - AnalyzerSpiSlave:U3_analyzer_spi|crc_error_count[11]                                                    ; 1                 ; 0       ;
;      - AnalyzerSpiSlave:U3_analyzer_spi|crc_error_count[12]                                                    ; 1                 ; 0       ;
;      - AnalyzerSpiSlave:U3_analyzer_spi|crc_error_count[13]                                                    ; 1                 ; 0       ;
;      - AnalyzerSpiSlave:U3_analyzer_spi|crc_error_count[14]                                                    ; 1                 ; 0       ;
;      - AnalyzerSpiSlave:U3_analyzer_spi|crc_error_count[15]                                                    ; 1                 ; 0       ;
;      - AnalyzerSpiSlave:U3_analyzer_spi|response_word_index[12]                                                ; 1                 ; 0       ;
;      - AnalyzerSpiSlave:U3_analyzer_spi|response_word_index[0]                                                 ; 1                 ; 0       ;
;      - AnalyzerSpiSlave:U3_analyzer_spi|response_word_index[1]                                                 ; 1                 ; 0       ;
;      - AnalyzerSpiSlave:U3_analyzer_spi|response_word_index[2]                                                 ; 1                 ; 0       ;
;      - AnalyzerSpiSlave:U3_analyzer_spi|response_word_index[3]                                                 ; 1                 ; 0       ;
;      - AnalyzerSpiSlave:U3_analyzer_spi|response_word_index[4]                                                 ; 1                 ; 0       ;
;      - AnalyzerSpiSlave:U3_analyzer_spi|response_word_index[5]                                                 ; 1                 ; 0       ;
;      - AnalyzerSpiSlave:U3_analyzer_spi|response_word_index[6]                                                 ; 1                 ; 0       ;
;      - AnalyzerSpiSlave:U3_analyzer_spi|response_word_index[7]                                                 ; 1                 ; 0       ;
;      - AnalyzerSpiSlave:U3_analyzer_spi|response_word_index[8]                                                 ; 1                 ; 0       ;
;      - AnalyzerSpiSlave:U3_analyzer_spi|response_word_index[9]                                                 ; 1                 ; 0       ;
;      - AnalyzerSpiSlave:U3_analyzer_spi|response_word_index[10]                                                ; 1                 ; 0       ;
;      - AnalyzerSpiSlave:U3_analyzer_spi|response_word_index[11]                                                ; 1                 ; 0       ;
;      - AnalyzerSpiSlave:U3_analyzer_spi|ram_read_address[0]                                                    ; 0                 ; 0       ;
;      - AnalyzerSpiSlave:U3_analyzer_spi|ram_read_address[1]                                                    ; 0                 ; 0       ;
;      - AnalyzerSpiSlave:U3_analyzer_spi|ram_read_address[2]                                                    ; 0                 ; 0       ;
;      - AnalyzerSpiSlave:U3_analyzer_spi|ram_read_address[3]                                                    ; 0                 ; 0       ;
;      - AnalyzerSpiSlave:U3_analyzer_spi|ram_read_address[4]                                                    ; 0                 ; 0       ;
;      - AnalyzerSpiSlave:U3_analyzer_spi|ram_read_address[5]                                                    ; 0                 ; 0       ;
;      - AnalyzerSpiSlave:U3_analyzer_spi|ram_read_address[6]                                                    ; 0                 ; 0       ;
;      - AnalyzerSpiSlave:U3_analyzer_spi|ram_read_address[7]                                                    ; 0                 ; 0       ;
;      - AnalyzerSpiSlave:U3_analyzer_spi|ram_read_address[8]                                                    ; 0                 ; 0       ;
;      - AnalyzerSpiSlave:U3_analyzer_spi|ram_read_address[9]                                                    ; 0                 ; 0       ;
;      - AnalyzerSpiSlave:U3_analyzer_spi|ram_read_address[10]                                                   ; 0                 ; 0       ;
;      - AnalyzerSpiSlave:U3_analyzer_spi|ram_read_address[11]                                                   ; 0                 ; 0       ;
;      - AnalyzerSpiSlave:U3_analyzer_spi|tx_shift[14]                                                           ; 0                 ; 0       ;
;      - AnalyzerSpiSlave:U3_analyzer_spi|tx_shift[11]                                                           ; 0                 ; 0       ;
;      - AnalyzerSpiSlave:U3_analyzer_spi|tx_shift[9]                                                            ; 0                 ; 0       ;
;      - AnalyzerSpiSlave:U3_analyzer_spi|tx_shift[7]                                                            ; 0                 ; 0       ;
;      - AnalyzerSpiSlave:U3_analyzer_spi|tx_shift[5]                                                            ; 0                 ; 0       ;
;      - AnalyzerSpiSlave:U3_analyzer_spi|tx_shift[4]                                                            ; 0                 ; 0       ;
;      - AnalyzerSpiSlave:U3_analyzer_spi|tx_shift[2]                                                            ; 0                 ; 0       ;
;      - AnalyzerSpiSlave:U3_analyzer_spi|request_crc[0]                                                         ; 0                 ; 0       ;
;      - AnalyzerSpiSlave:U3_analyzer_spi|rx_shift[2]                                                            ; 0                 ; 0       ;
;      - AnalyzerSpiSlave:U3_analyzer_spi|request_crc[3]                                                         ; 0                 ; 0       ;
;      - AnalyzerSpiSlave:U3_analyzer_spi|rx_shift[3]                                                            ; 0                 ; 0       ;
;      - AnalyzerSpiSlave:U3_analyzer_spi|request_crc[4]                                                         ; 0                 ; 0       ;
;      - AnalyzerSpiSlave:U3_analyzer_spi|rx_shift[4]                                                            ; 0                 ; 0       ;
;      - AnalyzerSpiSlave:U3_analyzer_spi|request_crc[5]                                                         ; 0                 ; 0       ;
;      - AnalyzerSpiSlave:U3_analyzer_spi|rx_shift[5]                                                            ; 0                 ; 0       ;
;      - AnalyzerSpiSlave:U3_analyzer_spi|request_crc[6]                                                         ; 1                 ; 0       ;
;      - AnalyzerSpiSlave:U3_analyzer_spi|rx_shift[7]                                                            ; 0                 ; 0       ;
;      - AnalyzerSpiSlave:U3_analyzer_spi|request_crc[8]                                                         ; 0                 ; 0       ;
;      - AnalyzerSpiSlave:U3_analyzer_spi|rx_shift[8]                                                            ; 0                 ; 0       ;
;      - AnalyzerSpiSlave:U3_analyzer_spi|request_crc[9]                                                         ; 0                 ; 0       ;
;      - AnalyzerSpiSlave:U3_analyzer_spi|rx_shift[9]                                                            ; 1                 ; 0       ;
;      - AnalyzerSpiSlave:U3_analyzer_spi|request_crc[10]                                                        ; 0                 ; 0       ;
;      - AnalyzerSpiSlave:U3_analyzer_spi|request_sync_valid                                                     ; 1                 ; 0       ;
;      - AnalyzerSpiSlave:U3_analyzer_spi|rx_shift[12]                                                           ; 1                 ; 0       ;
;      - AnalyzerSpiSlave:U3_analyzer_spi|request_crc[13]                                                        ; 0                 ; 0       ;
;      - AnalyzerSpiSlave:U3_analyzer_spi|rx_shift[11]                                                           ; 0                 ; 0       ;
;      - AnalyzerSpiSlave:U3_analyzer_spi|request_crc[12]                                                        ; 0                 ; 0       ;
;      - AnalyzerSpiSlave:U3_analyzer_spi|rx_shift[14]                                                           ; 0                 ; 0       ;
;      - AnalyzerSpiSlave:U3_analyzer_spi|request_crc[15]                                                        ; 0                 ; 0       ;
;      - AnalyzerSpiSlave:U3_analyzer_spi|rx_shift[13]                                                           ; 1                 ; 0       ;
;      - AnalyzerSpiSlave:U3_analyzer_spi|request_crc[14]                                                        ; 0                 ; 0       ;
;      - AnalyzerSpiSlave:U3_analyzer_spi|rx_shift[0]                                                            ; 0                 ; 0       ;
;      - AnalyzerSpiSlave:U3_analyzer_spi|request_crc[1]                                                         ; 0                 ; 0       ;
;      - AnalyzerSpiSlave:U3_analyzer_spi|rx_shift[1]                                                            ; 0                 ; 0       ;
;      - AnalyzerSpiSlave:U3_analyzer_spi|request_crc[2]                                                         ; 0                 ; 0       ;
;      - AnalyzerSpiSlave:U3_analyzer_spi|rx_shift[10]                                                           ; 0                 ; 0       ;
;      - AnalyzerSpiSlave:U3_analyzer_spi|request_crc[11]                                                        ; 0                 ; 0       ;
;      - AnalyzerSpiSlave:U3_analyzer_spi|rx_shift[6]                                                            ; 0                 ; 0       ;
;      - AnalyzerSpiSlave:U3_analyzer_spi|request_crc[7]                                                         ; 0                 ; 0       ;
;      - AnalyzerSpiSlave:U3_analyzer_spi|request_word_index.11                                                  ; 1                 ; 0       ;
;      - AnalyzerSpiSlave:U3_analyzer_spi|rx_bit_count[3]                                                        ; 1                 ; 0       ;
;      - AnalyzerSpiSlave:U3_analyzer_spi|rx_bit_count[2]                                                        ; 1                 ; 0       ;
;      - AnalyzerSpiSlave:U3_analyzer_spi|rx_bit_count[1]                                                        ; 1                 ; 0       ;
;      - AnalyzerSpiSlave:U3_analyzer_spi|rx_bit_count[0]                                                        ; 0                 ; 0       ;
;      - AnalyzerSpiSlave:U3_analyzer_spi|rx_ignore                                                              ; 1                 ; 0       ;
;      - AnalyzerSpiSlave:U3_analyzer_spi|tx_bits_remaining[4]                                                   ; 1                 ; 0       ;
;      - AnalyzerSpiSlave:U3_analyzer_spi|tx_bits_remaining[3]                                                   ; 1                 ; 0       ;
;      - AnalyzerSpiSlave:U3_analyzer_spi|tx_bits_remaining[2]                                                   ; 1                 ; 0       ;
;      - AnalyzerSpiSlave:U3_analyzer_spi|tx_bits_remaining[1]                                                   ; 1                 ; 0       ;
;      - AnalyzerSpiSlave:U3_analyzer_spi|tx_read                                                                ; 0                 ; 0       ;
;      - AnalyzerSpiSlave:U3_analyzer_spi|frame_id_latched[15]                                                   ; 0                 ; 0       ;
;      - AnalyzerSpiSlave:U3_analyzer_spi|otr_count_latched[31]                                                  ; 0                 ; 0       ;
;      - AnalyzerSpiSlave:U3_analyzer_spi|response_crc[15]                                                       ; 1                 ; 0       ;
;      - AnalyzerSpiSlave:U3_analyzer_spi|otr_count_latched[15]                                                  ; 0                 ; 0       ;
;      - AnalyzerSpiSlave:U3_analyzer_spi|request_command[1]                                                     ; 1                 ; 0       ;
;      - AnalyzerSpiSlave:U3_analyzer_spi|request_command[15]                                                    ; 1                 ; 0       ;
;      - AnalyzerSpiSlave:U3_analyzer_spi|request_command[14]                                                    ; 1                 ; 0       ;
;      - AnalyzerSpiSlave:U3_analyzer_spi|request_command[13]                                                    ; 1                 ; 0       ;
;      - AnalyzerSpiSlave:U3_analyzer_spi|request_command[12]                                                    ; 1                 ; 0       ;
;      - AnalyzerSpiSlave:U3_analyzer_spi|request_command[11]                                                    ; 1                 ; 0       ;
;      - AnalyzerSpiSlave:U3_analyzer_spi|request_command[10]                                                    ; 1                 ; 0       ;
;      - AnalyzerSpiSlave:U3_analyzer_spi|request_command[9]                                                     ; 1                 ; 0       ;
;      - AnalyzerSpiSlave:U3_analyzer_spi|request_command[8]                                                     ; 1                 ; 0       ;
;      - AnalyzerSpiSlave:U3_analyzer_spi|request_command[7]                                                     ; 1                 ; 0       ;
;      - AnalyzerSpiSlave:U3_analyzer_spi|request_command[6]                                                     ; 1                 ; 0       ;
;      - AnalyzerSpiSlave:U3_analyzer_spi|request_command[5]                                                     ; 1                 ; 0       ;
;      - AnalyzerSpiSlave:U3_analyzer_spi|request_command[4]                                                     ; 1                 ; 0       ;
;      - AnalyzerSpiSlave:U3_analyzer_spi|request_command[3]                                                     ; 1                 ; 0       ;
;      - AnalyzerSpiSlave:U3_analyzer_spi|request_command[2]                                                     ; 1                 ; 0       ;
;      - AnalyzerSpiSlave:U3_analyzer_spi|request_word_index.00                                                  ; 1                 ; 0       ;
;      - AnalyzerSpiSlave:U3_analyzer_spi|request_word_index.10                                                  ; 1                 ; 0       ;
;      - AnalyzerSpiSlave:U3_analyzer_spi|tx_bits_remaining[0]                                                   ; 1                 ; 0       ;
;      - AnalyzerSpiSlave:U3_analyzer_spi|response_read_latched                                                  ; 1                 ; 0       ;
;      - AnalyzerSpiSlave:U3_analyzer_spi|otr_count_latched[30]                                                  ; 0                 ; 0       ;
;      - AnalyzerSpiSlave:U3_analyzer_spi|frame_id_latched[14]                                                   ; 0                 ; 0       ;
;      - AnalyzerSpiSlave:U3_analyzer_spi|response_crc[14]                                                       ; 1                 ; 0       ;
;      - AnalyzerSpiSlave:U3_analyzer_spi|otr_count_latched[14]                                                  ; 0                 ; 0       ;
;      - AnalyzerSpiSlave:U3_analyzer_spi|tx_shift[13]                                                           ; 0                 ; 0       ;
;      - AnalyzerSpiSlave:U3_analyzer_spi|response_crc[7]                                                        ; 1                 ; 0       ;
;      - AnalyzerSpiSlave:U3_analyzer_spi|response_crc[11]                                                       ; 1                 ; 0       ;
;      - AnalyzerSpiSlave:U3_analyzer_spi|frame_id_latched[11]                                                   ; 1                 ; 0       ;
;      - AnalyzerSpiSlave:U3_analyzer_spi|otr_count_latched[27]                                                  ; 1                 ; 0       ;
;      - AnalyzerSpiSlave:U3_analyzer_spi|otr_count_latched[11]                                                  ; 1                 ; 0       ;
;      - AnalyzerSpiSlave:U3_analyzer_spi|frame_id_latched[10]                                                   ; 0                 ; 0       ;
;      - AnalyzerSpiSlave:U3_analyzer_spi|otr_count_latched[26]                                                  ; 0                 ; 0       ;
;      - AnalyzerSpiSlave:U3_analyzer_spi|response_crc[10]                                                       ; 1                 ; 0       ;
;      - AnalyzerSpiSlave:U3_analyzer_spi|otr_count_latched[10]                                                  ; 0                 ; 0       ;
;      - AnalyzerSpiSlave:U3_analyzer_spi|response_crc[3]                                                        ; 1                 ; 0       ;
;      - AnalyzerSpiSlave:U3_analyzer_spi|otr_count_latched[19]                                                  ; 1                 ; 0       ;
;      - AnalyzerSpiSlave:U3_analyzer_spi|flags_latched[3]                                                       ; 1                 ; 0       ;
;      - AnalyzerSpiSlave:U3_analyzer_spi|frame_id_latched[3]                                                    ; 1                 ; 0       ;
;      - AnalyzerSpiSlave:U3_analyzer_spi|otr_count_latched[3]                                                   ; 1                 ; 0       ;
;      - AnalyzerSpiSlave:U3_analyzer_spi|frame_id_latched[7]                                                    ; 1                 ; 0       ;
;      - AnalyzerSpiSlave:U3_analyzer_spi|otr_count_latched[23]                                                  ; 1                 ; 0       ;
;      - AnalyzerSpiSlave:U3_analyzer_spi|otr_count_latched[7]                                                   ; 1                 ; 0       ;
;      - AnalyzerSpiSlave:U3_analyzer_spi|request_word_index.01                                                  ; 1                 ; 0       ;
;      - AnalyzerSpiSlave:U3_analyzer_spi|arm_toggle                                                             ; 1                 ; 0       ;
;      - AnalyzerSpiSlave:U3_analyzer_spi|ready_sync[1]                                                          ; 1                 ; 0       ;
;      - AnalyzerSpiSlave:U3_analyzer_spi|request_command[0]                                                     ; 1                 ; 0       ;
;      - AnalyzerSpiSlave:U3_analyzer_spi|response_crc[6]                                                        ; 1                 ; 0       ;
;      - AnalyzerSpiSlave:U3_analyzer_spi|otr_count_latched[22]                                                  ; 0                 ; 0       ;
;      - AnalyzerSpiSlave:U3_analyzer_spi|flags_latched[6]                                                       ; 0                 ; 0       ;
;      - AnalyzerSpiSlave:U3_analyzer_spi|frame_id_latched[6]                                                    ; 1                 ; 0       ;
;      - AnalyzerSpiSlave:U3_analyzer_spi|otr_count_latched[6]                                                   ; 0                 ; 0       ;
;      - AnalyzerSpiSlave:U3_analyzer_spi|response_crc[2]                                                        ; 1                 ; 0       ;
;      - AnalyzerSpiSlave:U3_analyzer_spi|otr_count_latched[18]                                                  ; 0                 ; 0       ;
;      - AnalyzerSpiSlave:U3_analyzer_spi|flags_latched[2]                                                       ; 0                 ; 0       ;
;      - AnalyzerSpiSlave:U3_analyzer_spi|frame_id_latched[2]                                                    ; 1                 ; 0       ;
;      - AnalyzerSpiSlave:U3_analyzer_spi|otr_count_latched[2]                                                   ; 0                 ; 0       ;
;      - AnalyzerSpiSlave:U3_analyzer_spi|response_crc[9]                                                        ; 1                 ; 0       ;
;      - AnalyzerSpiSlave:U3_analyzer_spi|otr_count_latched[25]                                                  ; 0                 ; 0       ;
;      - AnalyzerSpiSlave:U3_analyzer_spi|frame_id_latched[9]                                                    ; 1                 ; 0       ;
;      - AnalyzerSpiSlave:U3_analyzer_spi|otr_count_latched[9]                                                   ; 0                 ; 0       ;
;      - AnalyzerSpiSlave:U3_analyzer_spi|tx_shift[12]                                                           ; 0                 ; 0       ;
;      - AnalyzerSpiSlave:U3_analyzer_spi|otr_count_latched[29]                                                  ; 1                 ; 0       ;
;      - AnalyzerSpiSlave:U3_analyzer_spi|frame_id_latched[13]                                                   ; 0                 ; 0       ;
;      - AnalyzerSpiSlave:U3_analyzer_spi|response_crc[13]                                                       ; 1                 ; 0       ;
;      - AnalyzerSpiSlave:U3_analyzer_spi|otr_count_latched[13]                                                  ; 0                 ; 0       ;
;      - AnalyzerSpiSlave:U3_analyzer_spi|response_crc[5]                                                        ; 1                 ; 0       ;
;      - AnalyzerSpiSlave:U3_analyzer_spi|otr_count_latched[21]                                                  ; 0                 ; 0       ;
;      - AnalyzerSpiSlave:U3_analyzer_spi|flags_latched[5]                                                       ; 0                 ; 0       ;
;      - AnalyzerSpiSlave:U3_analyzer_spi|frame_id_latched[5]                                                    ; 0                 ; 0       ;
;      - AnalyzerSpiSlave:U3_analyzer_spi|otr_count_latched[5]                                                   ; 0                 ; 0       ;
;      - AnalyzerSpiSlave:U3_analyzer_spi|ready_sync[0]                                                          ; 0                 ; 0       ;
;      - AnalyzerSpiSlave:U3_analyzer_spi|frame_id_latched[12]                                                   ; 1                 ; 0       ;
;      - AnalyzerSpiSlave:U3_analyzer_spi|otr_count_latched[28]                                                  ; 1                 ; 0       ;
;      - AnalyzerSpiSlave:U3_analyzer_spi|response_crc[12]                                                       ; 1                 ; 0       ;
;      - AnalyzerSpiSlave:U3_analyzer_spi|otr_count_latched[12]                                                  ; 1                 ; 0       ;
;      - AnalyzerSpiSlave:U3_analyzer_spi|otr_count_latched[17]                                                  ; 0                 ; 0       ;
;      - AnalyzerSpiSlave:U3_analyzer_spi|flags_latched[1]                                                       ; 0                 ; 0       ;
;      - AnalyzerSpiSlave:U3_analyzer_spi|frame_id_latched[1]                                                    ; 0                 ; 0       ;
;      - AnalyzerSpiSlave:U3_analyzer_spi|otr_count_latched[1]                                                   ; 0                 ; 0       ;
;      - AnalyzerSpiSlave:U3_analyzer_spi|response_crc[1]                                                        ; 1                 ; 0       ;
;      - AnalyzerSpiSlave:U3_analyzer_spi|status_sync_2[2]                                                       ; 1                 ; 0       ;
;      - AnalyzerSpiSlave:U3_analyzer_spi|response_crc[8]                                                        ; 1                 ; 0       ;
;      - AnalyzerSpiSlave:U3_analyzer_spi|response_crc[4]                                                        ; 1                 ; 0       ;
;      - AnalyzerSpiSlave:U3_analyzer_spi|otr_count_latched[20]                                                  ; 0                 ; 0       ;
;      - AnalyzerSpiSlave:U3_analyzer_spi|flags_latched[4]                                                       ; 0                 ; 0       ;
;      - AnalyzerSpiSlave:U3_analyzer_spi|frame_id_latched[4]                                                    ; 1                 ; 0       ;
;      - AnalyzerSpiSlave:U3_analyzer_spi|otr_count_latched[4]                                                   ; 0                 ; 0       ;
;      - AnalyzerSpiSlave:U3_analyzer_spi|otr_count_latched[24]                                                  ; 0                 ; 0       ;
;      - AnalyzerSpiSlave:U3_analyzer_spi|frame_id_latched[8]                                                    ; 0                 ; 0       ;
;      - AnalyzerSpiSlave:U3_analyzer_spi|otr_count_latched[8]                                                   ; 0                 ; 0       ;
;      - AnalyzerSpiSlave:U3_analyzer_spi|response_crc[0]                                                        ; 1                 ; 0       ;
;      - AnalyzerSpiSlave:U3_analyzer_spi|otr_count_latched[16]                                                  ; 0                 ; 0       ;
;      - AnalyzerSpiSlave:U3_analyzer_spi|flags_latched[0]                                                       ; 0                 ; 0       ;
;      - AnalyzerSpiSlave:U3_analyzer_spi|frame_id_latched[0]                                                    ; 0                 ; 0       ;
;      - AnalyzerSpiSlave:U3_analyzer_spi|otr_count_latched[0]                                                   ; 0                 ; 0       ;
;      - AnalyzerSpiSlave:U3_analyzer_spi|status_sync_2[3]                                                       ; 0                 ; 0       ;
;      - AnalyzerSpiSlave:U3_analyzer_spi|status_sync_2[1]                                                       ; 0                 ; 0       ;
;      - AnalyzerSpiSlave:U3_analyzer_spi|status_sync_1[2]                                                       ; 1                 ; 0       ;
;      - AnalyzerSpiSlave:U3_analyzer_spi|tx_shift[10]                                                           ; 0                 ; 0       ;
;      - AnalyzerSpiSlave:U3_analyzer_spi|status_sync_2[0]                                                       ; 0                 ; 0       ;
;      - AnalyzerSpiSlave:U3_analyzer_spi|status_sync_1[3]                                                       ; 0                 ; 0       ;
;      - AnalyzerSpiSlave:U3_analyzer_spi|status_sync_1[1]                                                       ; 0                 ; 0       ;
;      - AnalyzerSpiSlave:U3_analyzer_spi|status_sync_0[2]                                                       ; 1                 ; 0       ;
;      - AnalyzerSpiSlave:U3_analyzer_spi|status_sync_1[0]                                                       ; 0                 ; 0       ;
;      - AnalyzerSpiSlave:U3_analyzer_spi|status_sync_0[3]                                                       ; 0                 ; 0       ;
;      - AnalyzerSpiSlave:U3_analyzer_spi|status_sync_0[1]                                                       ; 0                 ; 0       ;
;      - AnalyzerSpiSlave:U3_analyzer_spi|tx_shift[8]                                                            ; 0                 ; 0       ;
;      - AnalyzerSpiSlave:U3_analyzer_spi|status_sync_0[0]                                                       ; 0                 ; 0       ;
;      - AnalyzerSpiSlave:U3_analyzer_spi|tx_shift[6]                                                            ; 0                 ; 0       ;
;      - AnalyzerSpiSlave:U3_analyzer_spi|tx_shift[3]                                                            ; 0                 ; 0       ;
;      - AnalyzerSpiSlave:U3_analyzer_spi|tx_shift[1]                                                            ; 0                 ; 0       ;
;      - AnalyzerSpiSlave:U3_analyzer_spi|tx_shift[0]                                                            ; 1                 ; 0       ;
; mcu_uart_rx                                                                                                    ;                   ;         ;
;      - AnalyzerSpiSlave:U3_analyzer_spi|spi_miso~1                                                             ; 0                 ; 6       ;
;      - AnalyzerSpiSlave:U3_analyzer_spi|arm_toggle~0                                                           ; 0                 ; 6       ;
;      - AnalyzerSpiSlave:U3_analyzer_spi|tx_shift[15]~9                                                         ; 0                 ; 6       ;
;      - AnalyzerSpiSlave:U3_analyzer_spi|response_seen~0                                                        ; 0                 ; 6       ;
;      - AnalyzerSpiSlave:U3_analyzer_spi|response_crc[15]~11                                                    ; 0                 ; 6       ;
;      - AnalyzerSpiSlave:U3_analyzer_spi|request_command[15]~0                                                  ; 0                 ; 6       ;
;      - AnalyzerSpiSlave:U3_analyzer_spi|tx_shift[0]~20                                                         ; 0                 ; 6       ;
;      - AnalyzerSpiSlave:U3_analyzer_spi|tx_shift[0]~21                                                         ; 0                 ; 6       ;
;      - AnalyzerSpiSlave:U3_analyzer_spi|crc_error_count[15]~48                                                 ; 0                 ; 6       ;
;      - AnalyzerSpiSlave:U3_analyzer_spi|response_word_index[12]~41                                             ; 0                 ; 6       ;
; rstn                                                                                                           ;                   ;         ;
; clk                                                                                                            ;                   ;         ;
; adc_data_i[0]                                                                                                  ;                   ;         ;
;      - Equal1~0                                                                                                ; 1                 ; 0       ;
;      - checker_expected_phase~0                                                                                ; 1                 ; 0       ;
; adc_data_i[1]                                                                                                  ;                   ;         ;
;      - Equal1~0                                                                                                ; 1                 ; 0       ;
;      - checker_expected_phase~0                                                                                ; 1                 ; 0       ;
; adc_data_i[2]                                                                                                  ;                   ;         ;
;      - Equal1~0                                                                                                ; 1                 ; 0       ;
;      - checker_expected_phase~0                                                                                ; 1                 ; 0       ;
; adc_data_i[3]                                                                                                  ;                   ;         ;
;      - Equal1~1                                                                                                ; 1                 ; 0       ;
;      - checker_expected_phase~1                                                                                ; 1                 ; 0       ;
; adc_data_i[4]                                                                                                  ;                   ;         ;
;      - Equal1~1                                                                                                ; 1                 ; 0       ;
;      - checker_expected_phase~1                                                                                ; 1                 ; 0       ;
; adc_data_i[5]                                                                                                  ;                   ;         ;
;      - Equal1~1                                                                                                ; 1                 ; 0       ;
;      - checker_expected_phase~1                                                                                ; 1                 ; 0       ;
; adc_data_i[6]                                                                                                  ;                   ;         ;
;      - Equal1~2                                                                                                ; 1                 ; 0       ;
;      - checker_expected_phase~1                                                                                ; 1                 ; 0       ;
; adc_data_i[7]                                                                                                  ;                   ;         ;
;      - Equal1~2                                                                                                ; 1                 ; 0       ;
;      - checker_expected_phase~2                                                                                ; 1                 ; 0       ;
; adc_data_i[8]                                                                                                  ;                   ;         ;
;      - Equal1~2                                                                                                ; 1                 ; 0       ;
;      - checker_expected_phase~2                                                                                ; 1                 ; 0       ;
; adc_data_i[9]                                                                                                  ;                   ;         ;
;      - Equal1~3                                                                                                ; 1                 ; 0       ;
;      - checker_expected_phase~2                                                                                ; 1                 ; 0       ;
; adc_data_i[10]                                                                                                 ;                   ;         ;
;      - Equal1~3                                                                                                ; 1                 ; 0       ;
;      - checker_expected_phase~2                                                                                ; 1                 ; 0       ;
; adc_data_i[11]                                                                                                 ;                   ;         ;
;      - Equal1~3                                                                                                ; 1                 ; 0       ;
;      - checker_expected_phase~3                                                                                ; 1                 ; 0       ;
; adc_otr_i                                                                                                      ;                   ;         ;
; mcu_spi_mosi                                                                                                   ;                   ;         ;
;      - AnalyzerSpiSlave:U3_analyzer_spi|always1~0                                                              ; 0                 ; 6       ;
;      - AnalyzerSpiSlave:U3_analyzer_spi|rx_shift[0]                                                            ; 0                 ; 6       ;
;      - AnalyzerSpiSlave:U3_analyzer_spi|crc16_word~4                                                           ; 0                 ; 6       ;
;      - AnalyzerSpiSlave:U3_analyzer_spi|crc16_word~5                                                           ; 0                 ; 6       ;
;      - AnalyzerSpiSlave:U3_analyzer_spi|request_sync_valid~1                                                   ; 0                 ; 6       ;
;      - AnalyzerSpiSlave:U3_analyzer_spi|request_command[0]~feeder                                              ; 0                 ; 6       ;
+----------------------------------------------------------------------------------------------------------------+-------------------+---------+


+------------------------------------------------------------------------------------------------------------------------------------------------------------------------------------------------------------------------------------------------------------------------------------------------------------------------------------------------------------------------------------------------------------------------------------------------+
; Control Signals                                                                                                                                                                                                                                                                                                                                                                                                                                ;
+-----------------------------------------------------------------------------------------------------------------------------------------------------------------------------------------------------------------------------------------------------------------------------------------------------+--------------------+---------+----------------------------+--------+----------------------+------------------+---------------------------+
; Name                                                                                                                                                                                                                                                                                                ; Location           ; Fan-Out ; Usage                      ; Global ; Global Resource Used ; Global Line Name ; Enable Signal Source Name ;
+-----------------------------------------------------------------------------------------------------------------------------------------------------------------------------------------------------------------------------------------------------------------------------------------------------+--------------------+---------+----------------------------+--------+----------------------+------------------+---------------------------+
; Ad9233FrameCapture:U2_frame_capture|Ad9233MultistageDecimator:anti_alias_fir|FirDecimatingStage:stage1|Equal11~0                                                                                                                                                                                    ; LCCOMB_X19_Y10_N2  ; 21      ; Sync. load                 ; no     ; --                   ; --               ; --                        ;
; Ad9233FrameCapture:U2_frame_capture|Ad9233MultistageDecimator:anti_alias_fir|FirDecimatingStage:stage1|history[6][12]~0                                                                                                                                                                             ; LCCOMB_X17_Y13_N10 ; 182     ; Clock enable               ; no     ; --                   ; --               ; --                        ;
; Ad9233FrameCapture:U2_frame_capture|Ad9233MultistageDecimator:anti_alias_fir|FirDecimatingStage:stage1|issue_batch[5]~0                                                                                                                                                                             ; LCCOMB_X19_Y10_N0  ; 43      ; Clock enable               ; no     ; --                   ; --               ; --                        ;
; Ad9233FrameCapture:U2_frame_capture|Ad9233MultistageDecimator:anti_alias_fir|FirDecimatingStage:stage1|operand_valid                                                                                                                                                                                ; FF_X21_Y11_N29     ; 99      ; Clock enable               ; no     ; --                   ; --               ; --                        ;
; Ad9233FrameCapture:U2_frame_capture|Ad9233MultistageDecimator:anti_alias_fir|FirDecimatingStage:stage1|overrun_count[15]~15                                                                                                                                                                         ; LCCOMB_X13_Y13_N22 ; 16      ; Clock enable               ; no     ; --                   ; --               ; --                        ;
; Ad9233FrameCapture:U2_frame_capture|Ad9233MultistageDecimator:anti_alias_fir|FirDecimatingStage:stage1|product_valid                                                                                                                                                                                ; FF_X14_Y9_N13      ; 40      ; Clock enable               ; no     ; --                   ; --               ; --                        ;
; Ad9233FrameCapture:U2_frame_capture|Ad9233MultistageDecimator:anti_alias_fir|FirDecimatingStage:stage1|result_pipe[20]~0                                                                                                                                                                            ; LCCOMB_X13_Y13_N8  ; 43      ; Clock enable               ; no     ; --                   ; --               ; --                        ;
; Ad9233FrameCapture:U2_frame_capture|Ad9233MultistageDecimator:anti_alias_fir|FirDecimatingStage:stage1|result_valid                                                                                                                                                                                 ; FF_X14_Y11_N1      ; 19      ; Clock enable               ; no     ; --                   ; --               ; --                        ;
; Ad9233FrameCapture:U2_frame_capture|Ad9233MultistageDecimator:anti_alias_fir|FirDecimatingStage:stage1|sample_valid_out                                                                                                                                                                             ; FF_X16_Y8_N5       ; 9       ; Clock enable               ; no     ; --                   ; --               ; --                        ;
; Ad9233FrameCapture:U2_frame_capture|Ad9233MultistageDecimator:anti_alias_fir|FirDecimatingStage:stage1|saturation_count[15]~26                                                                                                                                                                      ; LCCOMB_X11_Y11_N10 ; 16      ; Clock enable               ; no     ; --                   ; --               ; --                        ;
; Ad9233FrameCapture:U2_frame_capture|Ad9233MultistageDecimator:anti_alias_fir|FirDecimatingStage:stage1|snapshot[11][16]~1                                                                                                                                                                           ; LCCOMB_X17_Y13_N4  ; 195     ; Clock enable               ; no     ; --                   ; --               ; --                        ;
; Ad9233FrameCapture:U2_frame_capture|Ad9233MultistageDecimator:anti_alias_fir|FirDecimatingStage:stage1|warmup_count[5]~8                                                                                                                                                                            ; LCCOMB_X17_Y13_N26 ; 5       ; Clock enable               ; no     ; --                   ; --               ; --                        ;
; Ad9233FrameCapture:U2_frame_capture|Ad9233MultistageDecimator:anti_alias_fir|FirDecimatingStage:stage2|Equal16~0                                                                                                                                                                                    ; LCCOMB_X21_Y2_N8   ; 19      ; Sync. load                 ; no     ; --                   ; --               ; --                        ;
; Ad9233FrameCapture:U2_frame_capture|Ad9233MultistageDecimator:anti_alias_fir|FirDecimatingStage:stage2|always0~0                                                                                                                                                                                    ; LCCOMB_X12_Y4_N4   ; 47      ; Clock enable               ; no     ; --                   ; --               ; --                        ;
; Ad9233FrameCapture:U2_frame_capture|Ad9233MultistageDecimator:anti_alias_fir|FirDecimatingStage:stage2|issue_batch[0]~2                                                                                                                                                                             ; LCCOMB_X26_Y4_N28  ; 5       ; Clock enable               ; no     ; --                   ; --               ; --                        ;
; Ad9233FrameCapture:U2_frame_capture|Ad9233MultistageDecimator:anti_alias_fir|FirDecimatingStage:stage2|issue_batch[5]~0                                                                                                                                                                             ; LCCOMB_X26_Y4_N20  ; 43      ; Clock enable               ; no     ; --                   ; --               ; --                        ;
; Ad9233FrameCapture:U2_frame_capture|Ad9233MultistageDecimator:anti_alias_fir|FirDecimatingStage:stage2|operand_valid                                                                                                                                                                                ; FF_X26_Y4_N21      ; 39      ; Clock enable               ; no     ; --                   ; --               ; --                        ;
; Ad9233FrameCapture:U2_frame_capture|Ad9233MultistageDecimator:anti_alias_fir|FirDecimatingStage:stage2|overrun_count[15]~15                                                                                                                                                                         ; LCCOMB_X12_Y8_N0   ; 16      ; Clock enable               ; no     ; --                   ; --               ; --                        ;
; Ad9233FrameCapture:U2_frame_capture|Ad9233MultistageDecimator:anti_alias_fir|FirDecimatingStage:stage2|product_valid                                                                                                                                                                                ; FF_X18_Y2_N5       ; 44      ; Clock enable               ; no     ; --                   ; --               ; --                        ;
; Ad9233FrameCapture:U2_frame_capture|Ad9233MultistageDecimator:anti_alias_fir|FirDecimatingStage:stage2|result_valid                                                                                                                                                                                 ; FF_X12_Y4_N5       ; 19      ; Clock enable               ; no     ; --                   ; --               ; --                        ;
; Ad9233FrameCapture:U2_frame_capture|Ad9233MultistageDecimator:anti_alias_fir|FirDecimatingStage:stage2|sample_valid_out                                                                                                                                                                             ; FF_X16_Y20_N13     ; 10      ; Clock enable               ; no     ; --                   ; --               ; --                        ;
; Ad9233FrameCapture:U2_frame_capture|Ad9233MultistageDecimator:anti_alias_fir|FirDecimatingStage:stage2|saturation_count[15]~25                                                                                                                                                                      ; LCCOMB_X13_Y1_N2   ; 16      ; Clock enable               ; no     ; --                   ; --               ; --                        ;
; Ad9233FrameCapture:U2_frame_capture|Ad9233MultistageDecimator:anti_alias_fir|FirDecimatingStage:stage2|snapshot[15][10]~2                                                                                                                                                                           ; LCCOMB_X16_Y8_N28  ; 409     ; Clock enable               ; no     ; --                   ; --               ; --                        ;
; Ad9233FrameCapture:U2_frame_capture|Ad9233MultistageDecimator:anti_alias_fir|FirDecimatingStage:stage2|snapshot[23][16]~3                                                                                                                                                                           ; LCCOMB_X21_Y6_N24  ; 425     ; Clock enable               ; no     ; --                   ; --               ; --                        ;
; Ad9233FrameCapture:U2_frame_capture|Ad9233MultistageDecimator:anti_alias_fir|FirDecimatingStage:stage2|warmup_count[5]~16                                                                                                                                                                           ; LCCOMB_X21_Y6_N26  ; 6       ; Clock enable               ; no     ; --                   ; --               ; --                        ;
; Ad9233FrameCapture:U2_frame_capture|Ad9233MultistageDecimator:anti_alias_fir|FirDecimatingStage:stage3|Equal22~2                                                                                                                                                                                    ; LCCOMB_X21_Y15_N10 ; 21      ; Sync. load                 ; no     ; --                   ; --               ; --                        ;
; Ad9233FrameCapture:U2_frame_capture|Ad9233MultistageDecimator:anti_alias_fir|FirDecimatingStage:stage3|always0~0                                                                                                                                                                                    ; LCCOMB_X16_Y16_N20 ; 48      ; Clock enable               ; no     ; --                   ; --               ; --                        ;
; Ad9233FrameCapture:U2_frame_capture|Ad9233MultistageDecimator:anti_alias_fir|FirDecimatingStage:stage3|always0~1                                                                                                                                                                                    ; LCCOMB_X22_Y19_N26 ; 39      ; Clock enable               ; no     ; --                   ; --               ; --                        ;
; Ad9233FrameCapture:U2_frame_capture|Ad9233MultistageDecimator:anti_alias_fir|FirDecimatingStage:stage3|issue_batch[0]~4                                                                                                                                                                             ; LCCOMB_X22_Y19_N0  ; 5       ; Clock enable               ; no     ; --                   ; --               ; --                        ;
; Ad9233FrameCapture:U2_frame_capture|Ad9233MultistageDecimator:anti_alias_fir|FirDecimatingStage:stage3|operand_valid                                                                                                                                                                                ; FF_X22_Y19_N29     ; 3       ; Clock enable               ; no     ; --                   ; --               ; --                        ;
; Ad9233FrameCapture:U2_frame_capture|Ad9233MultistageDecimator:anti_alias_fir|FirDecimatingStage:stage3|overrun_count[15]~16                                                                                                                                                                         ; LCCOMB_X11_Y18_N6  ; 16      ; Clock enable               ; no     ; --                   ; --               ; --                        ;
; Ad9233FrameCapture:U2_frame_capture|Ad9233MultistageDecimator:anti_alias_fir|FirDecimatingStage:stage3|product_valid                                                                                                                                                                                ; FF_X16_Y17_N9      ; 43      ; Clock enable               ; no     ; --                   ; --               ; --                        ;
; Ad9233FrameCapture:U2_frame_capture|Ad9233MultistageDecimator:anti_alias_fir|FirDecimatingStage:stage3|result_valid                                                                                                                                                                                 ; FF_X13_Y14_N21     ; 19      ; Clock enable               ; no     ; --                   ; --               ; --                        ;
; Ad9233FrameCapture:U2_frame_capture|Ad9233MultistageDecimator:anti_alias_fir|FirDecimatingStage:stage3|sample_valid_out                                                                                                                                                                             ; FF_X14_Y18_N17     ; 13      ; Clock enable               ; no     ; --                   ; --               ; --                        ;
; Ad9233FrameCapture:U2_frame_capture|Ad9233MultistageDecimator:anti_alias_fir|FirDecimatingStage:stage3|saturation_count[15]~25                                                                                                                                                                      ; LCCOMB_X13_Y14_N30 ; 16      ; Clock enable               ; no     ; --                   ; --               ; --                        ;
; Ad9233FrameCapture:U2_frame_capture|Ad9233MultistageDecimator:anti_alias_fir|FirDecimatingStage:stage3|snapshot[28][13]~1                                                                                                                                                                           ; LCCOMB_X16_Y20_N4  ; 647     ; Clock enable               ; no     ; --                   ; --               ; --                        ;
; Ad9233FrameCapture:U2_frame_capture|Ad9233MultistageDecimator:anti_alias_fir|FirDecimatingStage:stage3|warmup_count[5]~16                                                                                                                                                                           ; LCCOMB_X17_Y20_N12 ; 6       ; Clock enable               ; no     ; --                   ; --               ; --                        ;
; Ad9233FrameCapture:U2_frame_capture|always0~0                                                                                                                                                                                                                                                       ; LCCOMB_X9_Y20_N24  ; 49      ; Sync. clear                ; no     ; --                   ; --               ; --                        ;
; Ad9233FrameCapture:U2_frame_capture|frame_id[15]~45                                                                                                                                                                                                                                                 ; LCCOMB_X9_Y20_N18  ; 15      ; Clock enable               ; no     ; --                   ; --               ; --                        ;
; Ad9233FrameCapture:U2_frame_capture|otr_count[6]~96                                                                                                                                                                                                                                                 ; LCCOMB_X9_Y20_N8   ; 32      ; Clock enable               ; no     ; --                   ; --               ; --                        ;
; Ad9233FrameCapture:U2_frame_capture|write_address[8]~14                                                                                                                                                                                                                                             ; LCCOMB_X9_Y20_N6   ; 8       ; Clock enable, Write enable ; no     ; --                   ; --               ; --                        ;
; Ad9233FrameCapture:U2_frame_capture|write_address[8]~39                                                                                                                                                                                                                                             ; LCCOMB_X9_Y20_N22  ; 12      ; Clock enable               ; no     ; --                   ; --               ; --                        ;
; Ad9233Pll62m5:U0_adc_pll62m5_inst|altpll:altpll_component|Ad9233Pll62m5_altpll:auto_generated|wire_pll1_locked                                                                                                                                                                                      ; PLL_1              ; 2       ; Clock                      ; no     ; --                   ; --               ; --                        ;
; Ad9233SpiInit:U1_ad9233_spi_init|Selector37~1                                                                                                                                                                                                                                                       ; LCCOMB_X29_Y11_N30 ; 13      ; Clock enable               ; no     ; --                   ; --               ; --                        ;
; Ad9233SpiInit:U1_ad9233_spi_init|WideOr3                                                                                                                                                                                                                                                            ; LCCOMB_X32_Y11_N20 ; 10      ; Clock enable               ; no     ; --                   ; --               ; --                        ;
; Ad9233SpiInit:U1_ad9233_spi_init|bit_index[1]~0                                                                                                                                                                                                                                                     ; LCCOMB_X29_Y11_N24 ; 15      ; Clock enable               ; no     ; --                   ; --               ; --                        ;
; Ad9233SpiInit:U1_ad9233_spi_init|half_count[5]~10                                                                                                                                                                                                                                                   ; LCCOMB_X30_Y11_N0  ; 8       ; Sync. clear                ; no     ; --                   ; --               ; --                        ;
; Ad9233SpiInit:U1_ad9233_spi_init|startup_count[1]~26                                                                                                                                                                                                                                                ; LCCOMB_X31_Y10_N26 ; 24      ; Sync. clear                ; no     ; --                   ; --               ; --                        ;
; Ad9233SpiInit:U1_ad9233_spi_init|state.STATE_GAP                                                                                                                                                                                                                                                    ; FF_X28_Y11_N21     ; 7       ; Sync. load                 ; no     ; --                   ; --               ; --                        ;
; Ad9233SpiInit:U1_ad9233_spi_init|state.STATE_HIGH                                                                                                                                                                                                                                                   ; FF_X30_Y11_N11     ; 37      ; Sync. load                 ; no     ; --                   ; --               ; --                        ;
; Ad9233SpiInit:U1_ad9233_spi_init|state.STATE_WAIT                                                                                                                                                                                                                                                   ; FF_X32_Y11_N11     ; 31      ; Clock enable               ; no     ; --                   ; --               ; --                        ;
; AnalyzerSpiSlave:U3_analyzer_spi|LessThan0~0                                                                                                                                                                                                                                                        ; LCCOMB_X10_Y22_N30 ; 25      ; Sync. load                 ; no     ; --                   ; --               ; --                        ;
; AnalyzerSpiSlave:U3_analyzer_spi|always2~3                                                                                                                                                                                                                                                          ; LCCOMB_X9_Y21_N28  ; 55      ; Sync. clear, Sync. load    ; no     ; --                   ; --               ; --                        ;
; AnalyzerSpiSlave:U3_analyzer_spi|crc_error_count[15]~48                                                                                                                                                                                                                                             ; LCCOMB_X7_Y22_N10  ; 15      ; Clock enable               ; no     ; --                   ; --               ; --                        ;
; AnalyzerSpiSlave:U3_analyzer_spi|ram_read_address[9]~14                                                                                                                                                                                                                                             ; LCCOMB_X10_Y23_N6  ; 12      ; Clock enable               ; no     ; --                   ; --               ; --                        ;
; AnalyzerSpiSlave:U3_analyzer_spi|request_command[15]~0                                                                                                                                                                                                                                              ; LCCOMB_X7_Y22_N12  ; 16      ; Clock enable               ; no     ; --                   ; --               ; --                        ;
; AnalyzerSpiSlave:U3_analyzer_spi|request_crc[15]~1                                                                                                                                                                                                                                                  ; LCCOMB_X7_Y22_N2   ; 16      ; Clock enable               ; no     ; --                   ; --               ; --                        ;
; AnalyzerSpiSlave:U3_analyzer_spi|request_crc[5]~0                                                                                                                                                                                                                                                   ; LCCOMB_X7_Y22_N8   ; 7       ; Clock enable               ; no     ; --                   ; --               ; --                        ;
; AnalyzerSpiSlave:U3_analyzer_spi|response_crc[15]~11                                                                                                                                                                                                                                                ; LCCOMB_X9_Y22_N30  ; 16      ; Clock enable               ; no     ; --                   ; --               ; --                        ;
; AnalyzerSpiSlave:U3_analyzer_spi|response_seen~0                                                                                                                                                                                                                                                    ; LCCOMB_X9_Y22_N0   ; 2       ; Clock enable               ; no     ; --                   ; --               ; --                        ;
; AnalyzerSpiSlave:U3_analyzer_spi|response_toggle~0                                                                                                                                                                                                                                                  ; LCCOMB_X8_Y22_N26  ; 57      ; Clock enable               ; no     ; --                   ; --               ; --                        ;
; AnalyzerSpiSlave:U3_analyzer_spi|response_word_index[12]~41                                                                                                                                                                                                                                         ; LCCOMB_X9_Y22_N22  ; 13      ; Clock enable               ; no     ; --                   ; --               ; --                        ;
; AnalyzerSpiSlave:U3_analyzer_spi|rx_ignore                                                                                                                                                                                                                                                          ; FF_X7_Y22_N19      ; 23      ; Clock enable               ; no     ; --                   ; --               ; --                        ;
; AnalyzerSpiSlave:U3_analyzer_spi|spi_miso~1                                                                                                                                                                                                                                                         ; LCCOMB_X9_Y20_N14  ; 60      ; Async. clear               ; yes    ; Global Clock         ; GCLK6            ; --                        ;
; AnalyzerSpiSlave:U3_analyzer_spi|tx_bits_remaining[2]~10                                                                                                                                                                                                                                            ; LCCOMB_X10_Y22_N8  ; 4       ; Clock enable               ; no     ; --                   ; --               ; --                        ;
; AnalyzerSpiSlave:U3_analyzer_spi|tx_shift[15]~9                                                                                                                                                                                                                                                     ; LCCOMB_X9_Y22_N18  ; 15      ; Clock enable               ; no     ; --                   ; --               ; --                        ;
; adc_cfg_done_dco_sync[1]                                                                                                                                                                                                                                                                            ; FF_X17_Y13_N25     ; 20      ; Clock enable               ; no     ; --                   ; --               ; --                        ;
; adc_dco_i                                                                                                                                                                                                                                                                                           ; PIN_G2             ; 3747    ; Clock                      ; yes    ; Global Clock         ; GCLK0            ; --                        ;
; altera_internal_jtag~TCKUTAP                                                                                                                                                                                                                                                                        ; JTAG_X1_Y12_N0     ; 411     ; Clock                      ; yes    ; Global Clock         ; GCLK5            ; --                        ;
; altera_internal_jtag~TMSUTAP                                                                                                                                                                                                                                                                        ; JTAG_X1_Y12_N0     ; 23      ; Sync. clear                ; no     ; --                   ; --               ; --                        ;
; always1~0                                                                                                                                                                                                                                                                                           ; LCCOMB_X16_Y6_N18  ; 5       ; Clock enable               ; no     ; --                   ; --               ; --                        ;
; checker_error_count[31]~35                                                                                                                                                                                                                                                                          ; LCCOMB_X17_Y1_N16  ; 31      ; Clock enable               ; no     ; --                   ; --               ; --                        ;
; checker_sample_count[23]~26                                                                                                                                                                                                                                                                         ; LCCOMB_X17_Y1_N26  ; 23      ; Clock enable               ; no     ; --                   ; --               ; --                        ;
; clk                                                                                                                                                                                                                                                                                                 ; PIN_M2             ; 75      ; Clock                      ; yes    ; Global Clock         ; GCLK1            ; --                        ;
; clk                                                                                                                                                                                                                                                                                                 ; PIN_M2             ; 2       ; Clock                      ; no     ; --                   ; --               ; --                        ;
; mcu_spi_sck                                                                                                                                                                                                                                                                                         ; PIN_E6             ; 217     ; Clock                      ; no     ; --                   ; --               ; --                        ;
; rstn                                                                                                                                                                                                                                                                                                ; PIN_M1             ; 1096    ; Async. clear               ; yes    ; Global Clock         ; GCLK3            ; --                        ;
; sld_hub:auto_hub|sld_jtag_hub:\jtag_hub_gen:sld_jtag_hub_inst|clr_reg                                                                                                                                                                                                                               ; FF_X4_Y9_N7        ; 26      ; Async. clear               ; no     ; --                   ; --               ; --                        ;
; sld_hub:auto_hub|sld_jtag_hub:\jtag_hub_gen:sld_jtag_hub_inst|design_hash_proc~0                                                                                                                                                                                                                    ; LCCOMB_X6_Y10_N20  ; 4       ; Sync. load                 ; no     ; --                   ; --               ; --                        ;
; sld_hub:auto_hub|sld_jtag_hub:\jtag_hub_gen:sld_jtag_hub_inst|hub_info_reg_ena                                                                                                                                                                                                                      ; LCCOMB_X6_Y10_N0   ; 4       ; Clock enable               ; no     ; --                   ; --               ; --                        ;
; sld_hub:auto_hub|sld_jtag_hub:\jtag_hub_gen:sld_jtag_hub_inst|hub_info_reg_ena~0                                                                                                                                                                                                                    ; LCCOMB_X6_Y10_N30  ; 5       ; Clock enable               ; no     ; --                   ; --               ; --                        ;
; sld_hub:auto_hub|sld_jtag_hub:\jtag_hub_gen:sld_jtag_hub_inst|identity_contrib_shift_reg[0]~1                                                                                                                                                                                                       ; LCCOMB_X7_Y10_N24  ; 4       ; Clock enable               ; no     ; --                   ; --               ; --                        ;
; sld_hub:auto_hub|sld_jtag_hub:\jtag_hub_gen:sld_jtag_hub_inst|identity_contrib_update_reg[0]~0                                                                                                                                                                                                      ; LCCOMB_X7_Y10_N8   ; 4       ; Clock enable               ; no     ; --                   ; --               ; --                        ;
; sld_hub:auto_hub|sld_jtag_hub:\jtag_hub_gen:sld_jtag_hub_inst|irf_reg[1][0]~0                                                                                                                                                                                                                       ; LCCOMB_X5_Y9_N16   ; 10      ; Clock enable               ; no     ; --                   ; --               ; --                        ;
; sld_hub:auto_hub|sld_jtag_hub:\jtag_hub_gen:sld_jtag_hub_inst|irf_reg[1][4]                                                                                                                                                                                                                         ; FF_X4_Y8_N1        ; 18      ; Clock enable               ; no     ; --                   ; --               ; --                        ;
; sld_hub:auto_hub|sld_jtag_hub:\jtag_hub_gen:sld_jtag_hub_inst|irf_reg[1][7]                                                                                                                                                                                                                         ; FF_X4_Y8_N23       ; 31      ; Clock enable               ; no     ; --                   ; --               ; --                        ;
; sld_hub:auto_hub|sld_jtag_hub:\jtag_hub_gen:sld_jtag_hub_inst|irsr_reg[0]~2                                                                                                                                                                                                                         ; LCCOMB_X5_Y8_N18   ; 9       ; Clock enable               ; no     ; --                   ; --               ; --                        ;
; sld_hub:auto_hub|sld_jtag_hub:\jtag_hub_gen:sld_jtag_hub_inst|mixer_addr_reg[4]~10                                                                                                                                                                                                                  ; LCCOMB_X5_Y10_N0   ; 5       ; Clock enable               ; no     ; --                   ; --               ; --                        ;
; sld_hub:auto_hub|sld_jtag_hub:\jtag_hub_gen:sld_jtag_hub_inst|mixer_addr_reg[4]~19                                                                                                                                                                                                                  ; LCCOMB_X8_Y10_N0   ; 5       ; Sync. load                 ; no     ; --                   ; --               ; --                        ;
; sld_hub:auto_hub|sld_jtag_hub:\jtag_hub_gen:sld_jtag_hub_inst|sld_rom_sr:hub_info_reg|WORD_SR[0]~17                                                                                                                                                                                                 ; LCCOMB_X2_Y9_N30   ; 4       ; Clock enable               ; no     ; --                   ; --               ; --                        ;
; sld_hub:auto_hub|sld_jtag_hub:\jtag_hub_gen:sld_jtag_hub_inst|sld_rom_sr:hub_info_reg|word_counter[0]~13                                                                                                                                                                                            ; LCCOMB_X3_Y8_N30   ; 5       ; Sync. clear                ; no     ; --                   ; --               ; --                        ;
; sld_hub:auto_hub|sld_jtag_hub:\jtag_hub_gen:sld_jtag_hub_inst|sld_rom_sr:hub_info_reg|word_counter[0]~20                                                                                                                                                                                            ; LCCOMB_X2_Y9_N8    ; 5       ; Clock enable               ; no     ; --                   ; --               ; --                        ;
; sld_hub:auto_hub|sld_jtag_hub:\jtag_hub_gen:sld_jtag_hub_inst|sld_shadow_jsm:shadow_jsm|state[0]                                                                                                                                                                                                    ; FF_X3_Y9_N7        ; 15      ; Async. clear               ; no     ; --                   ; --               ; --                        ;
; sld_hub:auto_hub|sld_jtag_hub:\jtag_hub_gen:sld_jtag_hub_inst|sld_shadow_jsm:shadow_jsm|state[11]                                                                                                                                                                                                   ; FF_X4_Y9_N23       ; 12      ; Clock enable               ; no     ; --                   ; --               ; --                        ;
; sld_hub:auto_hub|sld_jtag_hub:\jtag_hub_gen:sld_jtag_hub_inst|sld_shadow_jsm:shadow_jsm|state[3]                                                                                                                                                                                                    ; FF_X3_Y9_N25       ; 34      ; Sync. load                 ; no     ; --                   ; --               ; --                        ;
; sld_hub:auto_hub|sld_jtag_hub:\jtag_hub_gen:sld_jtag_hub_inst|sld_shadow_jsm:shadow_jsm|state[8]                                                                                                                                                                                                    ; FF_X4_Y9_N15       ; 15      ; Async. clear               ; no     ; --                   ; --               ; --                        ;
; sld_hub:auto_hub|sld_jtag_hub:\jtag_hub_gen:sld_jtag_hub_inst|virtual_ir_dr_scan_proc~0                                                                                                                                                                                                             ; LCCOMB_X4_Y9_N18   ; 3       ; Clock enable               ; no     ; --                   ; --               ; --                        ;
; sld_hub:auto_hub|sld_jtag_hub:\jtag_hub_gen:sld_jtag_hub_inst|virtual_ir_scan_reg                                                                                                                                                                                                                   ; FF_X3_Y10_N29      ; 29      ; Async. clear, Clock enable ; no     ; --                   ; --               ; --                        ;
; sld_signaltap:auto_signaltap_0|sld_signaltap_impl:sld_signaltap_body|sld_signaltap_implb:sld_signaltap_body|altdpram:\stp_non_zero_ram_gen:attribute_mem_gen:attribute_mem|lpm_decode:wdecoder|decode_dvf:auto_generated|eq_node[0]~1                                                               ; LCCOMB_X3_Y4_N24   ; 25      ; Clock enable               ; no     ; --                   ; --               ; --                        ;
; sld_signaltap:auto_signaltap_0|sld_signaltap_impl:sld_signaltap_body|sld_signaltap_implb:sld_signaltap_body|altdpram:\stp_non_zero_ram_gen:attribute_mem_gen:attribute_mem|lpm_decode:wdecoder|decode_dvf:auto_generated|eq_node[1]~0                                                               ; LCCOMB_X3_Y4_N22   ; 25      ; Clock enable               ; no     ; --                   ; --               ; --                        ;
; sld_signaltap:auto_signaltap_0|sld_signaltap_impl:sld_signaltap_body|sld_signaltap_implb:sld_signaltap_body|buffer_write_enable_delayed                                                                                                                                                             ; FF_X3_Y4_N9        ; 15      ; Clock enable, Write enable ; no     ; --                   ; --               ; --                        ;
; sld_signaltap:auto_signaltap_0|sld_signaltap_impl:sld_signaltap_body|sld_signaltap_implb:sld_signaltap_body|collect_data                                                                                                                                                                            ; LCCOMB_X4_Y4_N2    ; 30      ; Clock enable               ; no     ; --                   ; --               ; --                        ;
; sld_signaltap:auto_signaltap_0|sld_signaltap_impl:sld_signaltap_body|sld_signaltap_implb:sld_signaltap_body|process_0~0                                                                                                                                                                             ; LCCOMB_X5_Y7_N28   ; 32      ; Sync. clear                ; no     ; --                   ; --               ; --                        ;
; sld_signaltap:auto_signaltap_0|sld_signaltap_impl:sld_signaltap_body|sld_signaltap_implb:sld_signaltap_body|process_0~1                                                                                                                                                                             ; LCCOMB_X5_Y8_N14   ; 32      ; Sync. load                 ; no     ; --                   ; --               ; --                        ;
; sld_signaltap:auto_signaltap_0|sld_signaltap_impl:sld_signaltap_body|sld_signaltap_implb:sld_signaltap_body|reset_all                                                                                                                                                                               ; FF_X3_Y9_N3        ; 244     ; Async. clear               ; yes    ; Global Clock         ; GCLK2            ; --                        ;
; sld_signaltap:auto_signaltap_0|sld_signaltap_impl:sld_signaltap_body|sld_signaltap_implb:sld_signaltap_body|serial_crc_16:\tdo_crc_gen:tdo_crc_calc|lfsr[2]~1                                                                                                                                       ; LCCOMB_X5_Y7_N24   ; 13      ; Clock enable               ; no     ; --                   ; --               ; --                        ;
; sld_signaltap:auto_signaltap_0|sld_signaltap_impl:sld_signaltap_body|sld_signaltap_implb:sld_signaltap_body|sld_buffer_manager:sld_buffer_manager_inst|final_trigger_set~0                                                                                                                          ; LCCOMB_X4_Y4_N26   ; 26      ; Clock enable               ; no     ; --                   ; --               ; --                        ;
; sld_signaltap:auto_signaltap_0|sld_signaltap_impl:sld_signaltap_body|sld_signaltap_implb:sld_signaltap_body|sld_buffer_manager:sld_buffer_manager_inst|last_buffer_write_address_sig[0]~0                                                                                                           ; LCCOMB_X4_Y4_N30   ; 12      ; Clock enable               ; no     ; --                   ; --               ; --                        ;
; sld_signaltap:auto_signaltap_0|sld_signaltap_impl:sld_signaltap_body|sld_signaltap_implb:sld_signaltap_body|sld_offload_buffer_mgr:\stp_non_zero_depth_offload_gen:stp_offload_buff_mgr_inst|Equal2~1                                                                                               ; LCCOMB_X6_Y6_N12   ; 1       ; Clock enable               ; no     ; --                   ; --               ; --                        ;
; sld_signaltap:auto_signaltap_0|sld_signaltap_impl:sld_signaltap_body|sld_signaltap_implb:sld_signaltap_body|sld_offload_buffer_mgr:\stp_non_zero_depth_offload_gen:stp_offload_buff_mgr_inst|acq_buf_read_reset                                                                                     ; LCCOMB_X5_Y3_N0    ; 12      ; Sync. load                 ; no     ; --                   ; --               ; --                        ;
; sld_signaltap:auto_signaltap_0|sld_signaltap_impl:sld_signaltap_body|sld_signaltap_implb:sld_signaltap_body|sld_offload_buffer_mgr:\stp_non_zero_depth_offload_gen:stp_offload_buff_mgr_inst|lpm_counter:\adv_point_3_and_more:advance_pointer_counter|cntr_fgi:auto_generated|counter_reg_bit[4]~0 ; LCCOMB_X5_Y3_N22   ; 5       ; Sync. load                 ; no     ; --                   ; --               ; --                        ;
; sld_signaltap:auto_signaltap_0|sld_signaltap_impl:sld_signaltap_body|sld_signaltap_implb:sld_signaltap_body|sld_offload_buffer_mgr:\stp_non_zero_depth_offload_gen:stp_offload_buff_mgr_inst|lpm_counter:status_advance_pointer_counter|cntr_ggi:auto_generated|counter_reg_bit[4]~0                ; LCCOMB_X6_Y6_N4    ; 5       ; Sync. load                 ; no     ; --                   ; --               ; --                        ;
; sld_signaltap:auto_signaltap_0|sld_signaltap_impl:sld_signaltap_body|sld_signaltap_implb:sld_signaltap_body|sld_offload_buffer_mgr:\stp_non_zero_depth_offload_gen:stp_offload_buff_mgr_inst|lpm_counter:status_read_pointer_counter|cntr_23j:auto_generated|counter_reg_bit[0]~0                   ; LCCOMB_X8_Y3_N18   ; 1       ; Sync. load                 ; no     ; --                   ; --               ; --                        ;
; sld_signaltap:auto_signaltap_0|sld_signaltap_impl:sld_signaltap_body|sld_signaltap_implb:sld_signaltap_body|sld_offload_buffer_mgr:\stp_non_zero_depth_offload_gen:stp_offload_buff_mgr_inst|read_pointer_counter_clk_ena                                                                           ; LCCOMB_X5_Y3_N26   ; 12      ; Clock enable               ; no     ; --                   ; --               ; --                        ;
; sld_signaltap:auto_signaltap_0|sld_signaltap_impl:sld_signaltap_body|sld_signaltap_implb:sld_signaltap_body|sld_rom_sr:crc_rom_sr|WORD_SR[1]~11                                                                                                                                                     ; LCCOMB_X5_Y10_N12  ; 4       ; Clock enable               ; no     ; --                   ; --               ; --                        ;
; sld_signaltap:auto_signaltap_0|sld_signaltap_impl:sld_signaltap_body|sld_signaltap_implb:sld_signaltap_body|sld_rom_sr:crc_rom_sr|word_counter[3]~10                                                                                                                                                ; LCCOMB_X5_Y10_N18  ; 4       ; Clock enable               ; no     ; --                   ; --               ; --                        ;
; sld_signaltap:auto_signaltap_0|sld_signaltap_impl:sld_signaltap_body|sld_signaltap_implb:sld_signaltap_body|status_shift_enable~1                                                                                                                                                                   ; LCCOMB_X3_Y6_N6    ; 17      ; Clock enable               ; no     ; --                   ; --               ; --                        ;
; sld_signaltap:auto_signaltap_0|sld_signaltap_impl:sld_signaltap_body|sld_signaltap_implb:sld_signaltap_body|tdo_crc_len_reg[0]~34                                                                                                                                                                   ; LCCOMB_X4_Y7_N24   ; 32      ; Clock enable               ; no     ; --                   ; --               ; --                        ;
; sld_signaltap:auto_signaltap_0|sld_signaltap_impl:sld_signaltap_body|sld_signaltap_implb:sld_signaltap_body|tdo_crc_val_shift_reg[0]~1                                                                                                                                                              ; LCCOMB_X4_Y7_N28   ; 16      ; Clock enable               ; no     ; --                   ; --               ; --                        ;
; sld_signaltap:auto_signaltap_0|sld_signaltap_impl:sld_signaltap_body|sld_signaltap_implb:sld_signaltap_body|trigger_setup_ena                                                                                                                                                                       ; LCCOMB_X5_Y8_N4    ; 98      ; Clock enable               ; no     ; --                   ; --               ; --                        ;
+-----------------------------------------------------------------------------------------------------------------------------------------------------------------------------------------------------------------------------------------------------------------------------------------------------+--------------------+---------+----------------------------+--------+----------------------+------------------+---------------------------+


+------------------------------------------------------------------------------------------------------------------------------------------------------------------------------------------------------------------------------------------------------------------+
; Global & Other Fast Signals                                                                                                                                                                                                                                      ;
+-----------------------------------------------------------------------------------------------------------------------+-------------------+---------+--------------------------------------+----------------------+------------------+---------------------------+
; Name                                                                                                                  ; Location          ; Fan-Out ; Fan-Out Using Intentional Clock Skew ; Global Resource Used ; Global Line Name ; Enable Signal Source Name ;
+-----------------------------------------------------------------------------------------------------------------------+-------------------+---------+--------------------------------------+----------------------+------------------+---------------------------+
; Ad9233Pll62m5:U0_adc_pll62m5_inst|altpll:altpll_component|Ad9233Pll62m5_altpll:auto_generated|wire_pll1_clk[0]        ; PLL_1             ; 1       ; 0                                    ; Global Clock         ; GCLK4            ; --                        ;
; AnalyzerSpiSlave:U3_analyzer_spi|spi_miso~1                                                                           ; LCCOMB_X9_Y20_N14 ; 60      ; 0                                    ; Global Clock         ; GCLK6            ; --                        ;
; adc_dco_i                                                                                                             ; PIN_G2            ; 3747    ; 5                                    ; Global Clock         ; GCLK0            ; --                        ;
; altera_internal_jtag~TCKUTAP                                                                                          ; JTAG_X1_Y12_N0    ; 411     ; 0                                    ; Global Clock         ; GCLK5            ; --                        ;
; clk                                                                                                                   ; PIN_M2            ; 75      ; 0                                    ; Global Clock         ; GCLK1            ; --                        ;
; rstn                                                                                                                  ; PIN_M1            ; 1096    ; 0                                    ; Global Clock         ; GCLK3            ; --                        ;
; sld_signaltap:auto_signaltap_0|sld_signaltap_impl:sld_signaltap_body|sld_signaltap_implb:sld_signaltap_body|reset_all ; FF_X3_Y9_N3       ; 244     ; 0                                    ; Global Clock         ; GCLK2            ; --                        ;
+-----------------------------------------------------------------------------------------------------------------------+-------------------+---------+--------------------------------------+----------------------+------------------+---------------------------+


+---------------------------------------------------------------------------------------------------------------------------------------------------------------------------------------------------------------------------------------------------------------------------------------------------------------+
; Non-Global High Fan-Out Signals                                                                                                                                                                                                                                                                               ;
+-----------------------------------------------------------------------------------------------------------------------------------------------------------------------------------------------------------------------------------------------------------------------------------------------------+---------+
; Name                                                                                                                                                                                                                                                                                                ; Fan-Out ;
+-----------------------------------------------------------------------------------------------------------------------------------------------------------------------------------------------------------------------------------------------------------------------------------------------------+---------+
; Ad9233FrameCapture:U2_frame_capture|Ad9233MultistageDecimator:anti_alias_fir|FirDecimatingStage:stage3|snapshot[37][0]~2                                                                                                                                                                            ; 663     ;
; Ad9233FrameCapture:U2_frame_capture|Ad9233MultistageDecimator:anti_alias_fir|FirDecimatingStage:stage3|snapshot[28][13]~1                                                                                                                                                                           ; 647     ;
; Ad9233FrameCapture:U2_frame_capture|Ad9233MultistageDecimator:anti_alias_fir|FirDecimatingStage:stage2|snapshot[23][16]~3                                                                                                                                                                           ; 425     ;
; Ad9233FrameCapture:U2_frame_capture|Ad9233MultistageDecimator:anti_alias_fir|FirDecimatingStage:stage2|snapshot[15][10]~2                                                                                                                                                                           ; 409     ;
; Ad9233FrameCapture:U2_frame_capture|Ad9233MultistageDecimator:anti_alias_fir|FirDecimatingStage:stage3|issue_batch[1]                                                                                                                                                                               ; 318     ;
; Ad9233FrameCapture:U2_frame_capture|Ad9233MultistageDecimator:anti_alias_fir|FirDecimatingStage:stage3|issue_batch[2]                                                                                                                                                                               ; 310     ;
; Ad9233FrameCapture:U2_frame_capture|Ad9233MultistageDecimator:anti_alias_fir|FirDecimatingStage:stage3|issue_batch[0]                                                                                                                                                                               ; 308     ;
; Ad9233FrameCapture:U2_frame_capture|Ad9233MultistageDecimator:anti_alias_fir|FirDecimatingStage:stage3|issue_batch[3]                                                                                                                                                                               ; 308     ;
; mcu_spi_sck~input                                                                                                                                                                                                                                                                                   ; 217     ;
; Ad9233FrameCapture:U2_frame_capture|Ad9233MultistageDecimator:anti_alias_fir|FirDecimatingStage:stage2|issue_batch[0]                                                                                                                                                                               ; 204     ;
; Ad9233FrameCapture:U2_frame_capture|Ad9233MultistageDecimator:anti_alias_fir|FirDecimatingStage:stage1|snapshot[11][16]~1                                                                                                                                                                           ; 195     ;
; Ad9233FrameCapture:U2_frame_capture|Ad9233MultistageDecimator:anti_alias_fir|FirDecimatingStage:stage2|issue_batch[1]                                                                                                                                                                               ; 190     ;
; Ad9233FrameCapture:U2_frame_capture|Ad9233MultistageDecimator:anti_alias_fir|FirDecimatingStage:stage1|history[6][12]~0                                                                                                                                                                             ; 182     ;
; Ad9233FrameCapture:U2_frame_capture|Ad9233MultistageDecimator:anti_alias_fir|FirDecimatingStage:stage1|issue_batch[1]                                                                                                                                                                               ; 149     ;
; Ad9233FrameCapture:U2_frame_capture|Ad9233MultistageDecimator:anti_alias_fir|FirDecimatingStage:stage1|issue_batch[0]                                                                                                                                                                               ; 147     ;
; Ad9233FrameCapture:U2_frame_capture|Ad9233MultistageDecimator:anti_alias_fir|FirDecimatingStage:stage2|issue_batch[2]                                                                                                                                                                               ; 143     ;
; Ad9233FrameCapture:U2_frame_capture|Ad9233MultistageDecimator:anti_alias_fir|FirDecimatingStage:stage1|operand_valid                                                                                                                                                                                ; 99      ;
; sld_signaltap:auto_signaltap_0|sld_signaltap_impl:sld_signaltap_body|sld_signaltap_implb:sld_signaltap_body|trigger_setup_ena                                                                                                                                                                       ; 98      ;
; Ad9233FrameCapture:U2_frame_capture|Ad9233MultistageDecimator:anti_alias_fir|FirDecimatingStage:stage3|issue_batch[5]                                                                                                                                                                               ; 87      ;
; Ad9233FrameCapture:U2_frame_capture|Ad9233MultistageDecimator:anti_alias_fir|FirDecimatingStage:stage3|issue_batch[4]                                                                                                                                                                               ; 61      ;
; AnalyzerSpiSlave:U3_analyzer_spi|response_toggle~0                                                                                                                                                                                                                                                  ; 57      ;
; AnalyzerSpiSlave:U3_analyzer_spi|always2~3                                                                                                                                                                                                                                                          ; 55      ;
; Ad9233FrameCapture:U2_frame_capture|Ad9233MultistageDecimator:anti_alias_fir|FirDecimatingStage:stage3|Mux27~1                                                                                                                                                                                      ; 51      ;
; Ad9233FrameCapture:U2_frame_capture|Ad9233MultistageDecimator:anti_alias_fir|FirDecimatingStage:stage3|Mux27~0                                                                                                                                                                                      ; 50      ;
; Ad9233FrameCapture:U2_frame_capture|always0~0                                                                                                                                                                                                                                                       ; 49      ;
; Ad9233FrameCapture:U2_frame_capture|Ad9233MultistageDecimator:anti_alias_fir|FirDecimatingStage:stage3|always0~0                                                                                                                                                                                    ; 48      ;
; Ad9233FrameCapture:U2_frame_capture|Ad9233MultistageDecimator:anti_alias_fir|FirDecimatingStage:stage2|always0~0                                                                                                                                                                                    ; 47      ;
; Ad9233FrameCapture:U2_frame_capture|Ad9233MultistageDecimator:anti_alias_fir|FirDecimatingStage:stage2|product_last                                                                                                                                                                                 ; 44      ;
; Ad9233FrameCapture:U2_frame_capture|Ad9233MultistageDecimator:anti_alias_fir|FirDecimatingStage:stage2|product_valid                                                                                                                                                                                ; 44      ;
; Ad9233FrameCapture:U2_frame_capture|Ad9233MultistageDecimator:anti_alias_fir|FirDecimatingStage:stage1|issue_batch[5]~0                                                                                                                                                                             ; 43      ;
; Ad9233FrameCapture:U2_frame_capture|Ad9233MultistageDecimator:anti_alias_fir|FirDecimatingStage:stage2|issue_batch[5]~0                                                                                                                                                                             ; 43      ;
; Ad9233FrameCapture:U2_frame_capture|Ad9233MultistageDecimator:anti_alias_fir|FirDecimatingStage:stage1|result_pipe[20]~0                                                                                                                                                                            ; 43      ;
; Ad9233FrameCapture:U2_frame_capture|Ad9233MultistageDecimator:anti_alias_fir|FirDecimatingStage:stage3|product_last                                                                                                                                                                                 ; 43      ;
; Ad9233FrameCapture:U2_frame_capture|Ad9233MultistageDecimator:anti_alias_fir|FirDecimatingStage:stage3|product_valid                                                                                                                                                                                ; 43      ;
; Ad9233FrameCapture:U2_frame_capture|Ad9233MultistageDecimator:anti_alias_fir|FirDecimatingStage:stage2|issue_batch[3]                                                                                                                                                                               ; 41      ;
; Ad9233FrameCapture:U2_frame_capture|Ad9233MultistageDecimator:anti_alias_fir|FirDecimatingStage:stage1|product_last                                                                                                                                                                                 ; 40      ;
; Ad9233FrameCapture:U2_frame_capture|Ad9233MultistageDecimator:anti_alias_fir|FirDecimatingStage:stage1|product_valid                                                                                                                                                                                ; 40      ;
; Ad9233FrameCapture:U2_frame_capture|Ad9233MultistageDecimator:anti_alias_fir|FirDecimatingStage:stage3|always0~1                                                                                                                                                                                    ; 39      ;
; Ad9233FrameCapture:U2_frame_capture|Ad9233MultistageDecimator:anti_alias_fir|FirDecimatingStage:stage2|operand_valid                                                                                                                                                                                ; 39      ;
; Ad9233SpiInit:U1_ad9233_spi_init|state.STATE_HIGH                                                                                                                                                                                                                                                   ; 37      ;
; Ad9233FrameCapture:U2_frame_capture|Ad9233MultistageDecimator:anti_alias_fir|FirDecimatingStage:stage1|Equal9~1                                                                                                                                                                                     ; 35      ;
; sld_hub:auto_hub|sld_jtag_hub:\jtag_hub_gen:sld_jtag_hub_inst|sld_shadow_jsm:shadow_jsm|state[3]                                                                                                                                                                                                    ; 34      ;
; Ad9233FrameCapture:U2_frame_capture|Ad9233MultistageDecimator:anti_alias_fir|FirDecimatingStage:stage3|Add10~50                                                                                                                                                                                     ; 33      ;
; sld_signaltap:auto_signaltap_0|sld_signaltap_impl:sld_signaltap_body|sld_signaltap_implb:sld_signaltap_body|tdo_crc_len_reg[0]~34                                                                                                                                                                   ; 32      ;
; sld_signaltap:auto_signaltap_0|sld_signaltap_impl:sld_signaltap_body|sld_signaltap_implb:sld_signaltap_body|process_0~1                                                                                                                                                                             ; 32      ;
; sld_signaltap:auto_signaltap_0|sld_signaltap_impl:sld_signaltap_body|sld_signaltap_implb:sld_signaltap_body|process_0~0                                                                                                                                                                             ; 32      ;
; Ad9233FrameCapture:U2_frame_capture|otr_count[6]~96                                                                                                                                                                                                                                                 ; 32      ;
; Ad9233FrameCapture:U2_frame_capture|Ad9233MultistageDecimator:anti_alias_fir|FirDecimatingStage:stage1|Equal11~0                                                                                                                                                                                    ; 32      ;
; sld_hub:auto_hub|sld_jtag_hub:\jtag_hub_gen:sld_jtag_hub_inst|irf_reg[1][7]                                                                                                                                                                                                                         ; 31      ;
; Ad9233FrameCapture:U2_frame_capture|Ad9233MultistageDecimator:anti_alias_fir|FirDecimatingStage:stage2|Equal10~0                                                                                                                                                                                    ; 31      ;
; checker_error_count[31]~35                                                                                                                                                                                                                                                                          ; 31      ;
; Ad9233SpiInit:U1_ad9233_spi_init|state.STATE_WAIT                                                                                                                                                                                                                                                   ; 31      ;
; sld_signaltap:auto_signaltap_0|sld_signaltap_impl:sld_signaltap_body|sld_signaltap_implb:sld_signaltap_body|collect_data                                                                                                                                                                            ; 30      ;
; sld_hub:auto_hub|sld_jtag_hub:\jtag_hub_gen:sld_jtag_hub_inst|sld_shadow_jsm:shadow_jsm|state[4]                                                                                                                                                                                                    ; 30      ;
; AnalyzerSpiSlave:U3_analyzer_spi|response_word_index[0]                                                                                                                                                                                                                                             ; 30      ;
; sld_signaltap:auto_signaltap_0|sld_signaltap_impl:sld_signaltap_body|sld_signaltap_implb:sld_signaltap_body|sdr                                                                                                                                                                                     ; 29      ;
; sld_hub:auto_hub|sld_jtag_hub:\jtag_hub_gen:sld_jtag_hub_inst|virtual_ir_scan_reg                                                                                                                                                                                                                   ; 29      ;
; Ad9233FrameCapture:U2_frame_capture|Ad9233MultistageDecimator:anti_alias_fir|FirDecimatingStage:stage1|result_pipe[41]                                                                                                                                                                              ; 29      ;
; Ad9233FrameCapture:U2_frame_capture|Ad9233MultistageDecimator:anti_alias_fir|FirDecimatingStage:stage2|result_pipe[41]                                                                                                                                                                              ; 28      ;
; Ad9233FrameCapture:U2_frame_capture|Ad9233MultistageDecimator:anti_alias_fir|FirDecimatingStage:stage3|result_pipe[41]                                                                                                                                                                              ; 28      ;
; sld_signaltap:auto_signaltap_0|sld_signaltap_impl:sld_signaltap_body|sld_signaltap_implb:sld_signaltap_body|buffer_write_enable_delayed                                                                                                                                                             ; 27      ;
; sld_signaltap:auto_signaltap_0|sld_signaltap_impl:sld_signaltap_body|sld_signaltap_implb:sld_signaltap_body|cdr~0                                                                                                                                                                                   ; 27      ;
; sld_signaltap:auto_signaltap_0|sld_signaltap_impl:sld_signaltap_body|sld_signaltap_implb:sld_signaltap_body|sld_buffer_manager:sld_buffer_manager_inst|final_trigger_set~0                                                                                                                          ; 26      ;
; sld_signaltap:auto_signaltap_0|sld_signaltap_impl:sld_signaltap_body|sld_signaltap_implb:sld_signaltap_body|sld_offload_buffer_mgr:\stp_non_zero_depth_offload_gen:stp_offload_buff_mgr_inst|status_ram_shift_load~0                                                                                ; 26      ;
; sld_hub:auto_hub|sld_jtag_hub:\jtag_hub_gen:sld_jtag_hub_inst|clr_reg                                                                                                                                                                                                                               ; 26      ;
; Ad9233FrameCapture:U2_frame_capture|Ad9233MultistageDecimator:anti_alias_fir|FirDecimatingStage:stage2|Add3~0                                                                                                                                                                                       ; 26      ;
; Ad9233FrameCapture:U2_frame_capture|Ad9233MultistageDecimator:anti_alias_fir|FirDecimatingStage:stage2|Mux29~0                                                                                                                                                                                      ; 26      ;
; Ad9233FrameCapture:U2_frame_capture|Ad9233MultistageDecimator:anti_alias_fir|FirDecimatingStage:stage2|Mux4~0                                                                                                                                                                                       ; 26      ;
; sld_signaltap:auto_signaltap_0|sld_signaltap_impl:sld_signaltap_body|sld_signaltap_implb:sld_signaltap_body|sld_offload_buffer_mgr:\stp_non_zero_depth_offload_gen:stp_offload_buff_mgr_inst|ram_shift_load~0                                                                                       ; 25      ;
; sld_signaltap:auto_signaltap_0|sld_signaltap_impl:sld_signaltap_body|sld_signaltap_implb:sld_signaltap_body|altdpram:\stp_non_zero_ram_gen:attribute_mem_gen:attribute_mem|lpm_decode:wdecoder|decode_dvf:auto_generated|eq_node[0]~1                                                               ; 25      ;
; sld_signaltap:auto_signaltap_0|sld_signaltap_impl:sld_signaltap_body|sld_signaltap_implb:sld_signaltap_body|altdpram:\stp_non_zero_ram_gen:attribute_mem_gen:attribute_mem|lpm_decode:wdecoder|decode_dvf:auto_generated|eq_node[1]~0                                                               ; 25      ;
; sld_signaltap:auto_signaltap_0|sld_signaltap_impl:sld_signaltap_body|sld_signaltap_implb:sld_signaltap_body|altdpram:\stp_non_zero_ram_gen:attribute_mem_gen:attribute_mem|xraddr[0]                                                                                                                ; 25      ;
; Ad9233FrameCapture:U2_frame_capture|Ad9233MultistageDecimator:anti_alias_fir|FirDecimatingStage:stage2|Mux29~1                                                                                                                                                                                      ; 25      ;
; Ad9233FrameCapture:U2_frame_capture|Ad9233MultistageDecimator:anti_alias_fir|FirDecimatingStage:stage2|Add3~1                                                                                                                                                                                       ; 25      ;
; Ad9233FrameCapture:U2_frame_capture|Ad9233MultistageDecimator:anti_alias_fir|FirDecimatingStage:stage2|Mux4~1                                                                                                                                                                                       ; 25      ;
; AnalyzerSpiSlave:U3_analyzer_spi|LessThan0~0                                                                                                                                                                                                                                                        ; 25      ;
; Ad9233SpiInit:U1_ad9233_spi_init|startup_count[1]~26                                                                                                                                                                                                                                                ; 24      ;
; sld_signaltap:auto_signaltap_0|~GND                                                                                                                                                                                                                                                                 ; 23      ;
; altera_internal_jtag~TMSUTAP                                                                                                                                                                                                                                                                        ; 23      ;
; checker_sample_count[23]~26                                                                                                                                                                                                                                                                         ; 23      ;
; AnalyzerSpiSlave:U3_analyzer_spi|request_word_index.00                                                                                                                                                                                                                                              ; 23      ;
; AnalyzerSpiSlave:U3_analyzer_spi|rx_ignore                                                                                                                                                                                                                                                          ; 23      ;
; Ad9233FrameCapture:U2_frame_capture|Ad9233MultistageDecimator:anti_alias_fir|FirDecimatingStage:stage2|Add12~50                                                                                                                                                                                     ; 22      ;
; sld_hub:auto_hub|sld_jtag_hub:\jtag_hub_gen:sld_jtag_hub_inst|irf_reg[1][1]                                                                                                                                                                                                                         ; 21      ;
; Ad9233FrameCapture:U2_frame_capture|Ad9233MultistageDecimator:anti_alias_fir|FirDecimatingStage:stage3|Equal22~2                                                                                                                                                                                    ; 21      ;
; adc_cfg_done_dco_sync[1]                                                                                                                                                                                                                                                                            ; 20      ;
; Ad9233FrameCapture:U2_frame_capture|Ad9233MultistageDecimator:anti_alias_fir|FirDecimatingStage:stage2|Equal16~0                                                                                                                                                                                    ; 19      ;
; Ad9233FrameCapture:U2_frame_capture|Ad9233MultistageDecimator:anti_alias_fir|FirDecimatingStage:stage1|result_valid                                                                                                                                                                                 ; 19      ;
; Ad9233FrameCapture:U2_frame_capture|Ad9233MultistageDecimator:anti_alias_fir|FirDecimatingStage:stage2|result_valid                                                                                                                                                                                 ; 19      ;
; Ad9233FrameCapture:U2_frame_capture|Ad9233MultistageDecimator:anti_alias_fir|FirDecimatingStage:stage3|result_valid                                                                                                                                                                                 ; 19      ;
; sld_signaltap:auto_signaltap_0|sld_signaltap_impl:sld_signaltap_body|sld_signaltap_implb:sld_signaltap_body|sld_buffer_manager:sld_buffer_manager_inst|final_trigger_set                                                                                                                            ; 18      ;
; sld_hub:auto_hub|sld_jtag_hub:\jtag_hub_gen:sld_jtag_hub_inst|irf_reg[1][4]                                                                                                                                                                                                                         ; 18      ;
; Ad9233FrameCapture:U2_frame_capture|Ad9233MultistageDecimator:anti_alias_fir|FirDecimatingStage:stage2|LessThan4~0                                                                                                                                                                                  ; 18      ;
; Ad9233FrameCapture:U2_frame_capture|Ad9233MultistageDecimator:anti_alias_fir|FirDecimatingStage:stage3|sample_out[16]                                                                                                                                                                               ; 18      ;
; AnalyzerSpiSlave:U3_analyzer_spi|Add3~1                                                                                                                                                                                                                                                             ; 18      ;
; Ad9233FrameCapture:U2_frame_capture|Ad9233MultistageDecimator:anti_alias_fir|FirDecimatingStage:stage1|Add13~58                                                                                                                                                                                     ; 18      ;
; Ad9233FrameCapture:U2_frame_capture|Ad9233MultistageDecimator:anti_alias_fir|FirDecimatingStage:stage3|saturation_count[13]~21                                                                                                                                                                      ; 18      ;
; sld_signaltap:auto_signaltap_0|sld_signaltap_impl:sld_signaltap_body|sld_signaltap_implb:sld_signaltap_body|status_shift_enable~1                                                                                                                                                                   ; 17      ;
; Ad9233FrameCapture:U2_frame_capture|Ad9233MultistageDecimator:anti_alias_fir|FirDecimatingStage:stage3|saturation_count[13]~56                                                                                                                                                                      ; 17      ;
; Ad9233SpiInit:U1_ad9233_spi_init|frame_index[0]                                                                                                                                                                                                                                                     ; 17      ;
; Ad9233FrameCapture:U2_frame_capture|Ad9233MultistageDecimator:anti_alias_fir|FirDecimatingStage:stage3|saturation_count[13]~20                                                                                                                                                                      ; 17      ;
; Ad9233FrameCapture:U2_frame_capture|Ad9233MultistageDecimator:anti_alias_fir|FirDecimatingStage:stage3|saturation_count[13]~19                                                                                                                                                                      ; 17      ;
; AnalyzerSpiSlave:U3_analyzer_spi|response_toggle                                                                                                                                                                                                                                                    ; 17      ;
; AnalyzerSpiSlave:U3_analyzer_spi|response_word_index[1]                                                                                                                                                                                                                                             ; 17      ;
; sld_signaltap:auto_signaltap_0|sld_signaltap_impl:sld_signaltap_body|sld_signaltap_implb:sld_signaltap_body|sld_buffer_manager:sld_buffer_manager_inst|Equal1~8                                                                                                                                     ; 16      ;
; sld_signaltap:auto_signaltap_0|sld_signaltap_impl:sld_signaltap_body|sld_signaltap_implb:sld_signaltap_body|tdo_crc_val_shift_reg[0]~1                                                                                                                                                              ; 16      ;
; sld_hub:auto_hub|sld_jtag_hub:\jtag_hub_gen:sld_jtag_hub_inst|irf_reg[1][6]                                                                                                                                                                                                                         ; 16      ;
; Ad9233FrameCapture:U2_frame_capture|Ad9233MultistageDecimator:anti_alias_fir|FirDecimatingStage:stage1|saturation_count[10]~59                                                                                                                                                                      ; 16      ;
; Ad9233FrameCapture:U2_frame_capture|Ad9233MultistageDecimator:anti_alias_fir|FirDecimatingStage:stage1|saturation_count[10]~57                                                                                                                                                                      ; 16      ;
; AnalyzerSpiSlave:U3_analyzer_spi|request_command[15]~0                                                                                                                                                                                                                                              ; 16      ;
; AnalyzerSpiSlave:U3_analyzer_spi|response_crc[15]~11                                                                                                                                                                                                                                                ; 16      ;
; AnalyzerSpiSlave:U3_analyzer_spi|request_crc[15]~1                                                                                                                                                                                                                                                  ; 16      ;
; Ad9233FrameCapture:U2_frame_capture|Ad9233MultistageDecimator:anti_alias_fir|FirDecimatingStage:stage1|saturation_count[15]~26                                                                                                                                                                      ; 16      ;
; Ad9233FrameCapture:U2_frame_capture|Ad9233MultistageDecimator:anti_alias_fir|FirDecimatingStage:stage2|saturation_count[15]~25                                                                                                                                                                      ; 16      ;
; Ad9233FrameCapture:U2_frame_capture|Ad9233MultistageDecimator:anti_alias_fir|FirDecimatingStage:stage3|saturation_count[15]~25                                                                                                                                                                      ; 16      ;
; Ad9233FrameCapture:U2_frame_capture|Ad9233MultistageDecimator:anti_alias_fir|FirDecimatingStage:stage1|overrun_count[15]~15                                                                                                                                                                         ; 16      ;
; Ad9233FrameCapture:U2_frame_capture|Ad9233MultistageDecimator:anti_alias_fir|FirDecimatingStage:stage2|overrun_count[15]~15                                                                                                                                                                         ; 16      ;
; Ad9233FrameCapture:U2_frame_capture|Ad9233MultistageDecimator:anti_alias_fir|FirDecimatingStage:stage3|overrun_count[15]~16                                                                                                                                                                         ; 16      ;
; sld_hub:auto_hub|sld_jtag_hub:\jtag_hub_gen:sld_jtag_hub_inst|sld_shadow_jsm:shadow_jsm|state[8]                                                                                                                                                                                                    ; 15      ;
; sld_hub:auto_hub|sld_jtag_hub:\jtag_hub_gen:sld_jtag_hub_inst|sld_shadow_jsm:shadow_jsm|state[0]                                                                                                                                                                                                    ; 15      ;
; AnalyzerSpiSlave:U3_analyzer_spi|crc_error_count[15]~48                                                                                                                                                                                                                                             ; 15      ;
; Ad9233FrameCapture:U2_frame_capture|frame_id[15]~45                                                                                                                                                                                                                                                 ; 15      ;
; Ad9233SpiInit:U1_ad9233_spi_init|bit_index[1]~0                                                                                                                                                                                                                                                     ; 15      ;
; AnalyzerSpiSlave:U3_analyzer_spi|tx_shift[15]~9                                                                                                                                                                                                                                                     ; 15      ;
; AnalyzerSpiSlave:U3_analyzer_spi|next_word~16                                                                                                                                                                                                                                                       ; 15      ;
; AnalyzerSpiSlave:U3_analyzer_spi|response_seen                                                                                                                                                                                                                                                      ; 15      ;
; sld_signaltap:auto_signaltap_0|sld_signaltap_impl:sld_signaltap_body|sld_signaltap_implb:sld_signaltap_body|buffer_write_address_delayed[11]                                                                                                                                                        ; 14      ;
; sld_signaltap:auto_signaltap_0|sld_signaltap_impl:sld_signaltap_body|sld_signaltap_implb:sld_signaltap_body|buffer_write_address_delayed[10]                                                                                                                                                        ; 14      ;
; sld_signaltap:auto_signaltap_0|sld_signaltap_impl:sld_signaltap_body|sld_signaltap_implb:sld_signaltap_body|buffer_write_address_delayed[9]                                                                                                                                                         ; 14      ;
; sld_signaltap:auto_signaltap_0|sld_signaltap_impl:sld_signaltap_body|sld_signaltap_implb:sld_signaltap_body|buffer_write_address_delayed[8]                                                                                                                                                         ; 14      ;
; sld_signaltap:auto_signaltap_0|sld_signaltap_impl:sld_signaltap_body|sld_signaltap_implb:sld_signaltap_body|buffer_write_address_delayed[7]                                                                                                                                                         ; 14      ;
; sld_signaltap:auto_signaltap_0|sld_signaltap_impl:sld_signaltap_body|sld_signaltap_implb:sld_signaltap_body|buffer_write_address_delayed[6]                                                                                                                                                         ; 14      ;
; sld_signaltap:auto_signaltap_0|sld_signaltap_impl:sld_signaltap_body|sld_signaltap_implb:sld_signaltap_body|buffer_write_address_delayed[5]                                                                                                                                                         ; 14      ;
; sld_signaltap:auto_signaltap_0|sld_signaltap_impl:sld_signaltap_body|sld_signaltap_implb:sld_signaltap_body|buffer_write_address_delayed[4]                                                                                                                                                         ; 14      ;
; sld_signaltap:auto_signaltap_0|sld_signaltap_impl:sld_signaltap_body|sld_signaltap_implb:sld_signaltap_body|buffer_write_address_delayed[3]                                                                                                                                                         ; 14      ;
; sld_signaltap:auto_signaltap_0|sld_signaltap_impl:sld_signaltap_body|sld_signaltap_implb:sld_signaltap_body|buffer_write_address_delayed[2]                                                                                                                                                         ; 14      ;
; sld_signaltap:auto_signaltap_0|sld_signaltap_impl:sld_signaltap_body|sld_signaltap_implb:sld_signaltap_body|buffer_write_address_delayed[1]                                                                                                                                                         ; 14      ;
; sld_signaltap:auto_signaltap_0|sld_signaltap_impl:sld_signaltap_body|sld_signaltap_implb:sld_signaltap_body|buffer_write_address_delayed[0]                                                                                                                                                         ; 14      ;
; sld_signaltap:auto_signaltap_0|sld_signaltap_impl:sld_signaltap_body|sld_signaltap_implb:sld_signaltap_body|tdo_crc_gen~0                                                                                                                                                                           ; 14      ;
; sld_hub:auto_hub|sld_jtag_hub:\jtag_hub_gen:sld_jtag_hub_inst|irsr_reg[10]                                                                                                                                                                                                                          ; 14      ;
; altera_internal_jtag~TDIUTAP                                                                                                                                                                                                                                                                        ; 14      ;
; Ad9233FrameCapture:U2_frame_capture|Ad9233MultistageDecimator:anti_alias_fir|FirDecimatingStage:stage1|Equal9~2                                                                                                                                                                                     ; 14      ;
; AnalyzerSpiSlave:U3_analyzer_spi|next_word~12                                                                                                                                                                                                                                                       ; 14      ;
; AnalyzerSpiSlave:U3_analyzer_spi|next_word~11                                                                                                                                                                                                                                                       ; 14      ;
; Ad9233FrameCapture:U2_frame_capture|write_address[8]~14                                                                                                                                                                                                                                             ; 14      ;
; sld_signaltap:auto_signaltap_0|sld_signaltap_impl:sld_signaltap_body|sld_signaltap_implb:sld_signaltap_body|serial_crc_16:\tdo_crc_gen:tdo_crc_calc|lfsr[2]~1                                                                                                                                       ; 13      ;
; sld_signaltap:auto_signaltap_0|sld_signaltap_impl:sld_signaltap_body|sld_signaltap_implb:sld_signaltap_body|sld_buffer_manager:sld_buffer_manager_inst|process_0~1                                                                                                                                  ; 13      ;
; sld_signaltap:auto_signaltap_0|sld_signaltap_impl:sld_signaltap_body|sld_signaltap_implb:sld_signaltap_body|sld_offload_buffer_mgr:\stp_non_zero_depth_offload_gen:stp_offload_buff_mgr_inst|lpm_counter:read_pointer_counter|cntr_m9j:auto_generated|counter_reg_bit[11]                           ; 13      ;
; sld_signaltap:auto_signaltap_0|sld_signaltap_impl:sld_signaltap_body|sld_signaltap_implb:sld_signaltap_body|sld_offload_buffer_mgr:\stp_non_zero_depth_offload_gen:stp_offload_buff_mgr_inst|lpm_counter:read_pointer_counter|cntr_m9j:auto_generated|counter_reg_bit[10]                           ; 13      ;
; sld_signaltap:auto_signaltap_0|sld_signaltap_impl:sld_signaltap_body|sld_signaltap_implb:sld_signaltap_body|sld_offload_buffer_mgr:\stp_non_zero_depth_offload_gen:stp_offload_buff_mgr_inst|lpm_counter:read_pointer_counter|cntr_m9j:auto_generated|counter_reg_bit[9]                            ; 13      ;
; sld_signaltap:auto_signaltap_0|sld_signaltap_impl:sld_signaltap_body|sld_signaltap_implb:sld_signaltap_body|sld_offload_buffer_mgr:\stp_non_zero_depth_offload_gen:stp_offload_buff_mgr_inst|lpm_counter:read_pointer_counter|cntr_m9j:auto_generated|counter_reg_bit[8]                            ; 13      ;
; sld_signaltap:auto_signaltap_0|sld_signaltap_impl:sld_signaltap_body|sld_signaltap_implb:sld_signaltap_body|sld_offload_buffer_mgr:\stp_non_zero_depth_offload_gen:stp_offload_buff_mgr_inst|lpm_counter:read_pointer_counter|cntr_m9j:auto_generated|counter_reg_bit[7]                            ; 13      ;
; sld_signaltap:auto_signaltap_0|sld_signaltap_impl:sld_signaltap_body|sld_signaltap_implb:sld_signaltap_body|sld_offload_buffer_mgr:\stp_non_zero_depth_offload_gen:stp_offload_buff_mgr_inst|lpm_counter:read_pointer_counter|cntr_m9j:auto_generated|counter_reg_bit[6]                            ; 13      ;
; sld_signaltap:auto_signaltap_0|sld_signaltap_impl:sld_signaltap_body|sld_signaltap_implb:sld_signaltap_body|sld_offload_buffer_mgr:\stp_non_zero_depth_offload_gen:stp_offload_buff_mgr_inst|lpm_counter:read_pointer_counter|cntr_m9j:auto_generated|counter_reg_bit[5]                            ; 13      ;
; sld_signaltap:auto_signaltap_0|sld_signaltap_impl:sld_signaltap_body|sld_signaltap_implb:sld_signaltap_body|sld_offload_buffer_mgr:\stp_non_zero_depth_offload_gen:stp_offload_buff_mgr_inst|lpm_counter:read_pointer_counter|cntr_m9j:auto_generated|counter_reg_bit[4]                            ; 13      ;
; sld_signaltap:auto_signaltap_0|sld_signaltap_impl:sld_signaltap_body|sld_signaltap_implb:sld_signaltap_body|sld_offload_buffer_mgr:\stp_non_zero_depth_offload_gen:stp_offload_buff_mgr_inst|lpm_counter:read_pointer_counter|cntr_m9j:auto_generated|counter_reg_bit[3]                            ; 13      ;
; sld_signaltap:auto_signaltap_0|sld_signaltap_impl:sld_signaltap_body|sld_signaltap_implb:sld_signaltap_body|sld_offload_buffer_mgr:\stp_non_zero_depth_offload_gen:stp_offload_buff_mgr_inst|lpm_counter:read_pointer_counter|cntr_m9j:auto_generated|counter_reg_bit[2]                            ; 13      ;
; sld_signaltap:auto_signaltap_0|sld_signaltap_impl:sld_signaltap_body|sld_signaltap_implb:sld_signaltap_body|sld_offload_buffer_mgr:\stp_non_zero_depth_offload_gen:stp_offload_buff_mgr_inst|lpm_counter:read_pointer_counter|cntr_m9j:auto_generated|counter_reg_bit[1]                            ; 13      ;
; sld_signaltap:auto_signaltap_0|sld_signaltap_impl:sld_signaltap_body|sld_signaltap_implb:sld_signaltap_body|sld_offload_buffer_mgr:\stp_non_zero_depth_offload_gen:stp_offload_buff_mgr_inst|lpm_counter:read_pointer_counter|cntr_m9j:auto_generated|counter_reg_bit[0]                            ; 13      ;
; sld_hub:auto_hub|sld_jtag_hub:\jtag_hub_gen:sld_jtag_hub_inst|node_ena[1]~reg0                                                                                                                                                                                                                      ; 13      ;
; AnalyzerSpiSlave:U3_analyzer_spi|response_word_index[12]~41                                                                                                                                                                                                                                         ; 13      ;
; Ad9233FrameCapture:U2_frame_capture|Ad9233MultistageDecimator:anti_alias_fir|FirDecimatingStage:stage3|sample_valid_out                                                                                                                                                                             ; 13      ;
; Ad9233SpiInit:U1_ad9233_spi_init|Selector37~1                                                                                                                                                                                                                                                       ; 13      ;
; sld_signaltap:auto_signaltap_0|sld_signaltap_impl:sld_signaltap_body|sld_signaltap_implb:sld_signaltap_body|sld_offload_buffer_mgr:\stp_non_zero_depth_offload_gen:stp_offload_buff_mgr_inst|read_pointer_counter_clk_ena                                                                           ; 12      ;
; sld_signaltap:auto_signaltap_0|sld_signaltap_impl:sld_signaltap_body|sld_signaltap_implb:sld_signaltap_body|sld_offload_buffer_mgr:\stp_non_zero_depth_offload_gen:stp_offload_buff_mgr_inst|acq_buf_read_reset                                                                                     ; 12      ;
; sld_signaltap:auto_signaltap_0|sld_signaltap_impl:sld_signaltap_body|sld_signaltap_implb:sld_signaltap_body|sld_buffer_manager:sld_buffer_manager_inst|last_buffer_write_address_sig[0]~0                                                                                                           ; 12      ;
; sld_signaltap:auto_signaltap_0|sld_signaltap_impl:sld_signaltap_body|sld_signaltap_implb:sld_signaltap_body|sld_buffer_manager:sld_buffer_manager_inst|counter[5]~1                                                                                                                                 ; 12      ;
; sld_hub:auto_hub|sld_jtag_hub:\jtag_hub_gen:sld_jtag_hub_inst|sld_shadow_jsm:shadow_jsm|state[11]                                                                                                                                                                                                   ; 12      ;
; Ad9233FrameCapture:U2_frame_capture|write_address[8]~39                                                                                                                                                                                                                                             ; 12      ;
; AnalyzerSpiSlave:U3_analyzer_spi|ram_read_address[9]~14                                                                                                                                                                                                                                             ; 12      ;
; Ad9233FrameCapture:U2_frame_capture|Ad9233MultistageDecimator:anti_alias_fir|Add4~28                                                                                                                                                                                                                ; 12      ;
; AnalyzerSpiSlave:U3_analyzer_spi|LessThan1~0                                                                                                                                                                                                                                                        ; 12      ;
; Ad9233FrameCapture:U2_frame_capture|Ad9233MultistageDecimator:anti_alias_fir|FirDecimatingStage:stage2|saturation_count[15]~21                                                                                                                                                                      ; 12      ;
; Ad9233FrameCapture:U2_frame_capture|Ad9233MultistageDecimator:anti_alias_fir|FirDecimatingStage:stage2|saturation_count[15]~56                                                                                                                                                                      ; 11      ;
; Ad9233FrameCapture:U2_frame_capture|Ad9233MultistageDecimator:anti_alias_fir|sample_out~0                                                                                                                                                                                                           ; 11      ;
; Ad9233FrameCapture:U2_frame_capture|Ad9233MultistageDecimator:anti_alias_fir|Add4~30                                                                                                                                                                                                                ; 11      ;
; Ad9233SpiInit:U1_ad9233_spi_init|frame_index[1]                                                                                                                                                                                                                                                     ; 11      ;
; Ad9233FrameCapture:U2_frame_capture|Ad9233MultistageDecimator:anti_alias_fir|FirDecimatingStage:stage2|saturation_count[15]~20                                                                                                                                                                      ; 11      ;
; Ad9233FrameCapture:U2_frame_capture|Ad9233MultistageDecimator:anti_alias_fir|FirDecimatingStage:stage2|saturation_count[15]~19                                                                                                                                                                      ; 11      ;
; Ad9233FrameCapture:U2_frame_capture|Ad9233MultistageDecimator:anti_alias_fir|FirDecimatingStage:stage3|mac_busy                                                                                                                                                                                     ; 11      ;
; AnalyzerSpiSlave:U3_analyzer_spi|rx_shift[6]                                                                                                                                                                                                                                                        ; 11      ;
; AnalyzerSpiSlave:U3_analyzer_spi|rx_shift[14]                                                                                                                                                                                                                                                       ; 11      ;
; AnalyzerSpiSlave:U3_analyzer_spi|rx_shift[11]                                                                                                                                                                                                                                                       ; 11      ;
; AnalyzerSpiSlave:U3_analyzer_spi|rx_shift[7]                                                                                                                                                                                                                                                        ; 11      ;
; Ad9233SpiInit:U1_ad9233_spi_init|frame_index[2]                                                                                                                                                                                                                                                     ; 11      ;
; AnalyzerSpiSlave:U3_analyzer_spi|response_word_index[3]                                                                                                                                                                                                                                             ; 11      ;
; mcu_uart_rx~input                                                                                                                                                                                                                                                                                   ; 10      ;
; sld_hub:auto_hub|sld_jtag_hub:\jtag_hub_gen:sld_jtag_hub_inst|irf_reg[1][0]~0                                                                                                                                                                                                                       ; 10      ;
; sld_hub:auto_hub|sld_jtag_hub:\jtag_hub_gen:sld_jtag_hub_inst|mixer_addr_reg[2]                                                                                                                                                                                                                     ; 10      ;
; sld_hub:auto_hub|sld_jtag_hub:\jtag_hub_gen:sld_jtag_hub_inst|mixer_addr_reg[3]                                                                                                                                                                                                                     ; 10      ;
; sld_hub:auto_hub|sld_jtag_hub:\jtag_hub_gen:sld_jtag_hub_inst|mixer_addr_reg[1]                                                                                                                                                                                                                     ; 10      ;
; Ad9233FrameCapture:U2_frame_capture|Ad9233MultistageDecimator:anti_alias_fir|FirDecimatingStage:stage2|sample_valid_out                                                                                                                                                                             ; 10      ;
; AnalyzerSpiSlave:U3_analyzer_spi|rx_shift[13]                                                                                                                                                                                                                                                       ; 10      ;
; AnalyzerSpiSlave:U3_analyzer_spi|rx_shift[12]                                                                                                                                                                                                                                                       ; 10      ;
; AnalyzerSpiSlave:U3_analyzer_spi|rx_shift[9]                                                                                                                                                                                                                                                        ; 10      ;
; Ad9233SpiInit:U1_ad9233_spi_init|WideOr3                                                                                                                                                                                                                                                            ; 10      ;
; sld_signaltap:auto_signaltap_0|sld_signaltap_impl:sld_signaltap_body|sld_signaltap_implb:sld_signaltap_body|sld_rom_sr:crc_rom_sr|word_counter[0]                                                                                                                                                   ; 9       ;
; sld_hub:auto_hub|sld_jtag_hub:\jtag_hub_gen:sld_jtag_hub_inst|irsr_reg[0]~2                                                                                                                                                                                                                         ; 9       ;
; sld_hub:auto_hub|sld_jtag_hub:\jtag_hub_gen:sld_jtag_hub_inst|mixer_addr_reg[4]                                                                                                                                                                                                                     ; 9       ;
; sld_hub:auto_hub|sld_jtag_hub:\jtag_hub_gen:sld_jtag_hub_inst|mixer_addr_reg[0]                                                                                                                                                                                                                     ; 9       ;
; Ad9233FrameCapture:U2_frame_capture|Ad9233MultistageDecimator:anti_alias_fir|FirDecimatingStage:stage3|issue_batch[5]~2                                                                                                                                                                             ; 9       ;
; AnalyzerSpiSlave:U3_analyzer_spi|next_word~15                                                                                                                                                                                                                                                       ; 9       ;
; Ad9233FrameCapture:U2_frame_capture|Ad9233MultistageDecimator:anti_alias_fir|FirDecimatingStage:stage2|mac_busy                                                                                                                                                                                     ; 9       ;
; Ad9233FrameCapture:U2_frame_capture|Ad9233MultistageDecimator:anti_alias_fir|FirDecimatingStage:stage1|sample_valid_out                                                                                                                                                                             ; 9       ;
; AnalyzerSpiSlave:U3_analyzer_spi|rx_shift[10]                                                                                                                                                                                                                                                       ; 9       ;
; AnalyzerSpiSlave:U3_analyzer_spi|rx_shift[8]                                                                                                                                                                                                                                                        ; 9       ;
; Ad9233FrameCapture:U2_frame_capture|capture_busy                                                                                                                                                                                                                                                    ; 9       ;
; sld_signaltap:auto_signaltap_0|sld_signaltap_impl:sld_signaltap_body|sld_signaltap_implb:sld_signaltap_body|sld_rom_sr:crc_rom_sr|word_counter[1]                                                                                                                                                   ; 8       ;
; sld_signaltap:auto_signaltap_0|sld_signaltap_impl:sld_signaltap_body|sld_signaltap_implb:sld_signaltap_body|crc_rom_sr_ena~0                                                                                                                                                                        ; 8       ;
; sld_hub:auto_hub|sld_jtag_hub:\jtag_hub_gen:sld_jtag_hub_inst|irsr_reg[0]                                                                                                                                                                                                                           ; 8       ;
; Ad9233FrameCapture:U2_frame_capture|Ad9233MultistageDecimator:anti_alias_fir|FirDecimatingStage:stage2|operand_coefficient~7                                                                                                                                                                        ; 8       ;
; Ad9233SpiInit:U1_ad9233_spi_init|half_count[5]~10                                                                                                                                                                                                                                                   ; 8       ;
; AnalyzerSpiSlave:U3_analyzer_spi|rx_shift[3]                                                                                                                                                                                                                                                        ; 8       ;
; AnalyzerSpiSlave:U3_analyzer_spi|response_word_index[12]                                                                                                                                                                                                                                            ; 8       ;
; Ad9233FrameCapture:U2_frame_capture|write_address[11]                                                                                                                                                                                                                                               ; 8       ;
; Ad9233FrameCapture:U2_frame_capture|write_address[10]                                                                                                                                                                                                                                               ; 8       ;
; Ad9233FrameCapture:U2_frame_capture|write_address[9]                                                                                                                                                                                                                                                ; 8       ;
; Ad9233FrameCapture:U2_frame_capture|write_address[8]                                                                                                                                                                                                                                                ; 8       ;
; Ad9233FrameCapture:U2_frame_capture|write_address[7]                                                                                                                                                                                                                                                ; 8       ;
; Ad9233FrameCapture:U2_frame_capture|write_address[6]                                                                                                                                                                                                                                                ; 8       ;
; Ad9233FrameCapture:U2_frame_capture|write_address[5]                                                                                                                                                                                                                                                ; 8       ;
; Ad9233FrameCapture:U2_frame_capture|write_address[4]                                                                                                                                                                                                                                                ; 8       ;
; Ad9233FrameCapture:U2_frame_capture|write_address[3]                                                                                                                                                                                                                                                ; 8       ;
; Ad9233FrameCapture:U2_frame_capture|write_address[2]                                                                                                                                                                                                                                                ; 8       ;
; Ad9233FrameCapture:U2_frame_capture|write_address[1]                                                                                                                                                                                                                                                ; 8       ;
; Ad9233FrameCapture:U2_frame_capture|write_address[0]                                                                                                                                                                                                                                                ; 8       ;
; sld_signaltap:auto_signaltap_0|sld_signaltap_impl:sld_signaltap_body|sld_signaltap_implb:sld_signaltap_body|run                                                                                                                                                                                     ; 7       ;
; sld_signaltap:auto_signaltap_0|sld_signaltap_impl:sld_signaltap_body|sld_signaltap_implb:sld_signaltap_body|sld_rom_sr:crc_rom_sr|word_counter[2]                                                                                                                                                   ; 7       ;
; sld_hub:auto_hub|sld_jtag_hub:\jtag_hub_gen:sld_jtag_hub_inst|virtual_dr_scan_reg                                                                                                                                                                                                                   ; 7       ;
; sld_hub:auto_hub|sld_jtag_hub:\jtag_hub_gen:sld_jtag_hub_inst|irsr_reg[1]                                                                                                                                                                                                                           ; 7       ;
; sld_hub:auto_hub|sld_jtag_hub:\jtag_hub_gen:sld_jtag_hub_inst|irsr_reg[2]                                                                                                                                                                                                                           ; 7       ;
; Ad9233FrameCapture:U2_frame_capture|Ad9233MultistageDecimator:anti_alias_fir|FirDecimatingStage:stage2|sample_out~1                                                                                                                                                                                 ; 7       ;
; Ad9233FrameCapture:U2_frame_capture|Ad9233MultistageDecimator:anti_alias_fir|FirDecimatingStage:stage2|sample_out~0                                                                                                                                                                                 ; 7       ;
; AnalyzerSpiSlave:U3_analyzer_spi|next_word~18                                                                                                                                                                                                                                                       ; 7       ;
; AnalyzerSpiSlave:U3_analyzer_spi|Add3~0                                                                                                                                                                                                                                                             ; 7       ;
; checker_started                                                                                                                                                                                                                                                                                     ; 7       ;
; AnalyzerSpiSlave:U3_analyzer_spi|request_crc[5]~0                                                                                                                                                                                                                                                   ; 7       ;
; AnalyzerSpiSlave:U3_analyzer_spi|rx_shift[1]                                                                                                                                                                                                                                                        ; 7       ;
; AnalyzerSpiSlave:U3_analyzer_spi|rx_shift[0]                                                                                                                                                                                                                                                        ; 7       ;
; AnalyzerSpiSlave:U3_analyzer_spi|rx_shift[5]                                                                                                                                                                                                                                                        ; 7       ;
; AnalyzerSpiSlave:U3_analyzer_spi|rx_shift[2]                                                                                                                                                                                                                                                        ; 7       ;
; Ad9233SpiInit:U1_ad9233_spi_init|state.STATE_GAP                                                                                                                                                                                                                                                    ; 7       ;
; Ad9233SpiInit:U1_ad9233_spi_init|Equal1~2                                                                                                                                                                                                                                                           ; 7       ;
; AnalyzerSpiSlave:U3_analyzer_spi|tx_active                                                                                                                                                                                                                                                          ; 7       ;
; adc_raw_sample[11]                                                                                                                                                                                                                                                                                  ; 7       ;
; Ad9233FrameCapture:U2_frame_capture|Ad9233MultistageDecimator:anti_alias_fir|FirDecimatingStage:stage3|product_pipe[0][35]                                                                                                                                                                          ; 7       ;
; AnalyzerSpiSlave:U3_analyzer_spi|response_word_index[2]                                                                                                                                                                                                                                             ; 7       ;
; mcu_spi_mosi~input                                                                                                                                                                                                                                                                                  ; 6       ;
; sld_signaltap:auto_signaltap_0|sld_signaltap_impl:sld_signaltap_body|sld_signaltap_implb:sld_signaltap_body|sld_buffer_manager:sld_buffer_manager_inst|process_0~0                                                                                                                                  ; 6       ;
; sld_signaltap:auto_signaltap_0|sld_signaltap_impl:sld_signaltap_body|sld_signaltap_implb:sld_signaltap_body|sld_buffer_manager:sld_buffer_manager_inst|\buffer_manager:done                                                                                                                         ; 6       ;
; sld_signaltap:auto_signaltap_0|sld_signaltap_impl:sld_signaltap_body|sld_signaltap_implb:sld_signaltap_body|sld_rom_sr:crc_rom_sr|clear_signal                                                                                                                                                      ; 6       ;
; sld_hub:auto_hub|sld_jtag_hub:\jtag_hub_gen:sld_jtag_hub_inst|sld_rom_sr:hub_info_reg|clear_signal                                                                                                                                                                                                  ; 6       ;
; sld_hub:auto_hub|sld_jtag_hub:\jtag_hub_gen:sld_jtag_hub_inst|irf_reg[1][9]                                                                                                                                                                                                                         ; 6       ;
; sld_hub:auto_hub|sld_jtag_hub:\jtag_hub_gen:sld_jtag_hub_inst|irf_reg[1][8]                                                                                                                                                                                                                         ; 6       ;
; sld_hub:auto_hub|sld_jtag_hub:\jtag_hub_gen:sld_jtag_hub_inst|sld_rom_sr:hub_info_reg|word_counter[2]                                                                                                                                                                                               ; 6       ;
; AnalyzerSpiSlave:U3_analyzer_spi|ram_read_address[9]~_wirecell                                                                                                                                                                                                                                      ; 6       ;
; AnalyzerSpiSlave:U3_analyzer_spi|ram_read_address[8]~_wirecell                                                                                                                                                                                                                                      ; 6       ;
; AnalyzerSpiSlave:U3_analyzer_spi|ram_read_address[7]~_wirecell                                                                                                                                                                                                                                      ; 6       ;
; AnalyzerSpiSlave:U3_analyzer_spi|ram_read_address[6]~_wirecell                                                                                                                                                                                                                                      ; 6       ;
; AnalyzerSpiSlave:U3_analyzer_spi|ram_read_address[5]~_wirecell                                                                                                                                                                                                                                      ; 6       ;
; AnalyzerSpiSlave:U3_analyzer_spi|ram_read_address[4]~_wirecell                                                                                                                                                                                                                                      ; 6       ;
; AnalyzerSpiSlave:U3_analyzer_spi|ram_read_address[3]~_wirecell                                                                                                                                                                                                                                      ; 6       ;
; AnalyzerSpiSlave:U3_analyzer_spi|ram_read_address[2]~_wirecell                                                                                                                                                                                                                                      ; 6       ;
; AnalyzerSpiSlave:U3_analyzer_spi|ram_read_address[1]~_wirecell                                                                                                                                                                                                                                      ; 6       ;
; AnalyzerSpiSlave:U3_analyzer_spi|ram_read_address[11]~_wirecell                                                                                                                                                                                                                                     ; 6       ;
; AnalyzerSpiSlave:U3_analyzer_spi|ram_read_address[10]~_wirecell                                                                                                                                                                                                                                     ; 6       ;
; AnalyzerSpiSlave:U3_analyzer_spi|ram_read_address[0]~_wirecell                                                                                                                                                                                                                                      ; 6       ;
; Ad9233FrameCapture:U2_frame_capture|Ad9233MultistageDecimator:anti_alias_fir|FirDecimatingStage:stage3|Equal14~0                                                                                                                                                                                    ; 6       ;
; AnalyzerSpiSlave:U3_analyzer_spi|always2~4                                                                                                                                                                                                                                                          ; 6       ;
; Ad9233FrameCapture:U2_frame_capture|Ad9233MultistageDecimator:anti_alias_fir|FirDecimatingStage:stage2|warmup_count[5]~16                                                                                                                                                                           ; 6       ;
; Ad9233FrameCapture:U2_frame_capture|Ad9233MultistageDecimator:anti_alias_fir|FirDecimatingStage:stage3|warmup_count[5]~16                                                                                                                                                                           ; 6       ;
; Ad9233SpiInit:U1_ad9233_spi_init|state.STATE_LOAD                                                                                                                                                                                                                                                   ; 6       ;
; Ad9233SpiInit:U1_ad9233_spi_init|Selector6~0                                                                                                                                                                                                                                                        ; 6       ;
; AnalyzerSpiSlave:U3_analyzer_spi|tx_read                                                                                                                                                                                                                                                            ; 6       ;
; Ad9233FrameCapture:U2_frame_capture|Ad9233MultistageDecimator:anti_alias_fir|FirDecimatingStage:stage1|mac_busy                                                                                                                                                                                     ; 6       ;
; AnalyzerSpiSlave:U3_analyzer_spi|rx_shift[4]                                                                                                                                                                                                                                                        ; 6       ;
; Ad9233SpiInit:U1_ad9233_spi_init|state.STATE_LOW                                                                                                                                                                                                                                                    ; 6       ;
; checker_done                                                                                                                                                                                                                                                                                        ; 6       ;
; Ad9233FrameCapture:U2_frame_capture|read_data[11]                                                                                                                                                                                                                                                   ; 6       ;
; Ad9233FrameCapture:U2_frame_capture|Ad9233MultistageDecimator:anti_alias_fir|FirDecimatingStage:stage2|Add8~72                                                                                                                                                                                      ; 6       ;
; rstn~input                                                                                                                                                                                                                                                                                          ; 5       ;
; sld_signaltap:auto_signaltap_0|sld_signaltap_impl:sld_signaltap_body|sld_signaltap_implb:sld_signaltap_body|sld_offload_buffer_mgr:\stp_non_zero_depth_offload_gen:stp_offload_buff_mgr_inst|lpm_counter:\adv_point_3_and_more:advance_pointer_counter|cntr_fgi:auto_generated|counter_reg_bit[4]~0 ; 5       ;
; sld_signaltap:auto_signaltap_0|sld_signaltap_impl:sld_signaltap_body|sld_signaltap_implb:sld_signaltap_body|condition_delay_reg[3]                                                                                                                                                                  ; 5       ;
; sld_signaltap:auto_signaltap_0|sld_signaltap_impl:sld_signaltap_body|sld_signaltap_implb:sld_signaltap_body|sld_buffer_manager:sld_buffer_manager_inst|Equal0~3                                                                                                                                     ; 5       ;
; sld_signaltap:auto_signaltap_0|sld_signaltap_impl:sld_signaltap_body|sld_signaltap_implb:sld_signaltap_body|sld_offload_buffer_mgr:\stp_non_zero_depth_offload_gen:stp_offload_buff_mgr_inst|lpm_counter:status_advance_pointer_counter|cntr_ggi:auto_generated|counter_reg_bit[4]~0                ; 5       ;
; sld_hub:auto_hub|sld_jtag_hub:\jtag_hub_gen:sld_jtag_hub_inst|sld_rom_sr:hub_info_reg|word_counter[0]~20                                                                                                                                                                                            ; 5       ;
; sld_hub:auto_hub|sld_jtag_hub:\jtag_hub_gen:sld_jtag_hub_inst|mixer_addr_reg[4]~19                                                                                                                                                                                                                  ; 5       ;
; sld_hub:auto_hub|sld_jtag_hub:\jtag_hub_gen:sld_jtag_hub_inst|sld_rom_sr:hub_info_reg|word_counter[0]~13                                                                                                                                                                                            ; 5       ;
; sld_hub:auto_hub|sld_jtag_hub:\jtag_hub_gen:sld_jtag_hub_inst|mixer_addr_reg[4]~10                                                                                                                                                                                                                  ; 5       ;
; sld_hub:auto_hub|sld_jtag_hub:\jtag_hub_gen:sld_jtag_hub_inst|irsr_reg[3]                                                                                                                                                                                                                           ; 5       ;
; sld_hub:auto_hub|sld_jtag_hub:\jtag_hub_gen:sld_jtag_hub_inst|hub_info_reg_ena~0                                                                                                                                                                                                                    ; 5       ;
; sld_hub:auto_hub|sld_jtag_hub:\jtag_hub_gen:sld_jtag_hub_inst|sld_rom_sr:hub_info_reg|word_counter[0]                                                                                                                                                                                               ; 5       ;
; sld_hub:auto_hub|sld_jtag_hub:\jtag_hub_gen:sld_jtag_hub_inst|sld_rom_sr:hub_info_reg|word_counter[3]                                                                                                                                                                                               ; 5       ;
; sld_hub:auto_hub|sld_jtag_hub:\jtag_hub_gen:sld_jtag_hub_inst|sld_rom_sr:hub_info_reg|word_counter[1]                                                                                                                                                                                               ; 5       ;
; ~GND                                                                                                                                                                                                                                                                                                ; 5       ;
; Ad9233FrameCapture:U2_frame_capture|Ad9233MultistageDecimator:anti_alias_fir|FirDecimatingStage:stage3|WideOr0~1                                                                                                                                                                                    ; 5       ;
; AnalyzerSpiSlave:U3_analyzer_spi|response_crc[8]                                                                                                                                                                                                                                                    ; 5       ;
; Ad9233FrameCapture:U2_frame_capture|Ad9233MultistageDecimator:anti_alias_fir|FirDecimatingStage:stage1|issue_batch[2]~3                                                                                                                                                                             ; 5       ;
; Ad9233FrameCapture:U2_frame_capture|Ad9233MultistageDecimator:anti_alias_fir|FirDecimatingStage:stage2|issue_batch[0]~2                                                                                                                                                                             ; 5       ;
; Ad9233FrameCapture:U2_frame_capture|Ad9233MultistageDecimator:anti_alias_fir|FirDecimatingStage:stage3|issue_batch[0]~4                                                                                                                                                                             ; 5       ;
; AnalyzerSpiSlave:U3_analyzer_spi|crc~26                                                                                                                                                                                                                                                             ; 5       ;
; Ad9233FrameCapture:U2_frame_capture|Ad9233MultistageDecimator:anti_alias_fir|FirDecimatingStage:stage3|Equal18~0                                                                                                                                                                                    ; 5       ;
; AnalyzerSpiSlave:U3_analyzer_spi|response_crc[11]                                                                                                                                                                                                                                                   ; 5       ;
; AnalyzerSpiSlave:U3_analyzer_spi|next_word~19                                                                                                                                                                                                                                                       ; 5       ;
; Ad9233FrameCapture:U2_frame_capture|Ad9233MultistageDecimator:anti_alias_fir|FirDecimatingStage:stage1|warmup_count[5]~8                                                                                                                                                                            ; 5       ;
; AnalyzerSpiSlave:U3_analyzer_spi|LessThan2~3                                                                                                                                                                                                                                                        ; 5       ;
; always1~0                                                                                                                                                                                                                                                                                           ; 5       ;
; checker_expected_phase                                                                                                                                                                                                                                                                              ; 5       ;
; Ad9233FrameCapture:U2_frame_capture|Ad9233MultistageDecimator:anti_alias_fir|FirDecimatingStage:stage1|Add13~54                                                                                                                                                                                     ; 5       ;
; Ad9233FrameCapture:U2_frame_capture|Equal0~3                                                                                                                                                                                                                                                        ; 5       ;
; AnalyzerSpiSlave:U3_analyzer_spi|rx_bit_count[3]~0                                                                                                                                                                                                                                                  ; 5       ;
; AnalyzerSpiSlave:U3_analyzer_spi|rx_bit_count[3]                                                                                                                                                                                                                                                    ; 5       ;
; AnalyzerSpiSlave:U3_analyzer_spi|request_word_index.11                                                                                                                                                                                                                                              ; 5       ;
; AnalyzerSpiSlave:U3_analyzer_spi|request_crc[15]                                                                                                                                                                                                                                                    ; 5       ;
; AnalyzerSpiSlave:U3_analyzer_spi|request_crc[10]                                                                                                                                                                                                                                                    ; 5       ;
; AnalyzerSpiSlave:U3_analyzer_spi|request_crc[9]                                                                                                                                                                                                                                                     ; 5       ;
; AnalyzerSpiSlave:U3_analyzer_spi|request_crc[8]                                                                                                                                                                                                                                                     ; 5       ;
; Ad9233FrameCapture:U2_frame_capture|frame_ready                                                                                                                                                                                                                                                     ; 5       ;
; adc_raw_sample[10]                                                                                                                                                                                                                                                                                  ; 5       ;
; adc_raw_sample[9]                                                                                                                                                                                                                                                                                   ; 5       ;
; adc_raw_sample[8]                                                                                                                                                                                                                                                                                   ; 5       ;
; adc_raw_sample[7]                                                                                                                                                                                                                                                                                   ; 5       ;
; adc_raw_sample[6]                                                                                                                                                                                                                                                                                   ; 5       ;
; adc_raw_sample[5]                                                                                                                                                                                                                                                                                   ; 5       ;
; adc_raw_sample[4]                                                                                                                                                                                                                                                                                   ; 5       ;
; adc_raw_sample[3]                                                                                                                                                                                                                                                                                   ; 5       ;
; adc_raw_sample[2]                                                                                                                                                                                                                                                                                   ; 5       ;
; adc_raw_sample[1]                                                                                                                                                                                                                                                                                   ; 5       ;
; adc_raw_sample[0]                                                                                                                                                                                                                                                                                   ; 5       ;
; AnalyzerSpiSlave:U3_analyzer_spi|tx_shift[9]~2                                                                                                                                                                                                                                                      ; 5       ;
; AnalyzerSpiSlave:U3_analyzer_spi|tx_shift[11]~1                                                                                                                                                                                                                                                     ; 5       ;
; Ad9233FrameCapture:U2_frame_capture|Ad9233MultistageDecimator:anti_alias_fir|FirDecimatingStage:stage1|Add11~66                                                                                                                                                                                     ; 5       ;
; sld_signaltap:auto_signaltap_0|sld_signaltap_impl:sld_signaltap_body|sld_signaltap_implb:sld_signaltap_body|sld_rom_sr:crc_rom_sr|word_counter[3]~10                                                                                                                                                ; 4       ;
; sld_signaltap:auto_signaltap_0|sld_signaltap_impl:sld_signaltap_body|sld_signaltap_implb:sld_signaltap_body|sld_rom_sr:crc_rom_sr|WORD_SR[1]~11                                                                                                                                                     ; 4       ;
; sld_signaltap:auto_signaltap_0|sld_signaltap_impl:sld_signaltap_body|sld_signaltap_implb:sld_signaltap_body|sld_rom_sr:crc_rom_sr|word_counter[3]~6                                                                                                                                                 ; 4       ;
; sld_signaltap:auto_signaltap_0|sld_signaltap_impl:sld_signaltap_body|sld_signaltap_implb:sld_signaltap_body|sld_buffer_manager:sld_buffer_manager_inst|Equal1~7                                                                                                                                     ; 4       ;
; sld_signaltap:auto_signaltap_0|sld_signaltap_impl:sld_signaltap_body|sld_signaltap_implb:sld_signaltap_body|sld_buffer_manager:sld_buffer_manager_inst|counter[12]                                                                                                                                  ; 4       ;
; sld_signaltap:auto_signaltap_0|sld_signaltap_impl:sld_signaltap_body|sld_signaltap_implb:sld_signaltap_body|sld_buffer_manager:sld_buffer_manager_inst|Equal1~4                                                                                                                                     ; 4       ;
; sld_signaltap:auto_signaltap_0|sld_signaltap_impl:sld_signaltap_body|sld_signaltap_implb:sld_signaltap_body|sld_buffer_manager:sld_buffer_manager_inst|\buffer_manager:is_buffer_wrapped                                                                                                            ; 4       ;
; sld_signaltap:auto_signaltap_0|sld_signaltap_impl:sld_signaltap_body|sld_signaltap_implb:sld_signaltap_body|serial_crc_16:\tdo_crc_gen:tdo_crc_calc|lfsr[0]                                                                                                                                         ; 4       ;
; sld_signaltap:auto_signaltap_0|sld_signaltap_impl:sld_signaltap_body|sld_signaltap_implb:sld_signaltap_body|sld_rom_sr:crc_rom_sr|WORD_SR~2                                                                                                                                                         ; 4       ;
; sld_signaltap:auto_signaltap_0|sld_signaltap_impl:sld_signaltap_body|sld_signaltap_implb:sld_signaltap_body|tdo_internal~7                                                                                                                                                                          ; 4       ;
; sld_hub:auto_hub|sld_jtag_hub:\jtag_hub_gen:sld_jtag_hub_inst|sld_rom_sr:hub_info_reg|WORD_SR[0]~17                                                                                                                                                                                                 ; 4       ;
; sld_hub:auto_hub|sld_jtag_hub:\jtag_hub_gen:sld_jtag_hub_inst|identity_contrib_shift_reg[0]~1                                                                                                                                                                                                       ; 4       ;
; sld_hub:auto_hub|sld_jtag_hub:\jtag_hub_gen:sld_jtag_hub_inst|identity_contrib_update_reg[0]~0                                                                                                                                                                                                      ; 4       ;
; sld_hub:auto_hub|sld_jtag_hub:\jtag_hub_gen:sld_jtag_hub_inst|hub_info_reg_ena                                                                                                                                                                                                                      ; 4       ;
; sld_hub:auto_hub|sld_jtag_hub:\jtag_hub_gen:sld_jtag_hub_inst|design_hash_proc~0                                                                                                                                                                                                                    ; 4       ;
; sld_hub:auto_hub|sld_jtag_hub:\jtag_hub_gen:sld_jtag_hub_inst|hub_mode_reg[1]                                                                                                                                                                                                                       ; 4       ;
; sld_hub:auto_hub|sld_jtag_hub:\jtag_hub_gen:sld_jtag_hub_inst|reset_ena_reg_proc~0                                                                                                                                                                                                                  ; 4       ;
; sld_hub:auto_hub|sld_jtag_hub:\jtag_hub_gen:sld_jtag_hub_inst|irf_reg[1][3]                                                                                                                                                                                                                         ; 4       ;
; sld_hub:auto_hub|sld_jtag_hub:\jtag_hub_gen:sld_jtag_hub_inst|sld_rom_sr:hub_info_reg|word_counter[4]                                                                                                                                                                                               ; 4       ;
; Ad9233FrameCapture:U2_frame_capture|Ad9233MultistageDecimator:anti_alias_fir|FirDecimatingStage:stage1|Mux102~0                                                                                                                                                                                     ; 4       ;
; Ad9233FrameCapture:U2_frame_capture|Ad9233MultistageDecimator:anti_alias_fir|FirDecimatingStage:stage2|Mux0~3                                                                                                                                                                                       ; 4       ;
; Ad9233FrameCapture:U2_frame_capture|Ad9233MultistageDecimator:anti_alias_fir|FirDecimatingStage:stage3|Mux0~25                                                                                                                                                                                      ; 4       ;
; AnalyzerSpiSlave:U3_analyzer_spi|crc~33                                                                                                                                                                                                                                                             ; 4       ;
; AnalyzerSpiSlave:U3_analyzer_spi|crc~32                                                                                                                                                                                                                                                             ; 4       ;
; AnalyzerSpiSlave:U3_analyzer_spi|response_crc[9]                                                                                                                                                                                                                                                    ; 4       ;
; AnalyzerSpiSlave:U3_analyzer_spi|next_word~45                                                                                                                                                                                                                                                       ; 4       ;
; Ad9233FrameCapture:U2_frame_capture|Ad9233MultistageDecimator:anti_alias_fir|FirDecimatingStage:stage1|Equal9~0                                                                                                                                                                                     ; 4       ;
; Ad9233FrameCapture:U2_frame_capture|Ad9233MultistageDecimator:anti_alias_fir|FirDecimatingStage:stage2|LessThan2~0                                                                                                                                                                                  ; 4       ;
; AnalyzerSpiSlave:U3_analyzer_spi|next_word~33                                                                                                                                                                                                                                                       ; 4       ;
; AnalyzerSpiSlave:U3_analyzer_spi|crc~24                                                                                                                                                                                                                                                             ; 4       ;
; AnalyzerSpiSlave:U3_analyzer_spi|response_crc[7]                                                                                                                                                                                                                                                    ; 4       ;
; AnalyzerSpiSlave:U3_analyzer_spi|response_crc[14]                                                                                                                                                                                                                                                   ; 4       ;
; AnalyzerSpiSlave:U3_analyzer_spi|tx_bits_remaining[2]~10                                                                                                                                                                                                                                            ; 4       ;
; AnalyzerSpiSlave:U3_analyzer_spi|crc~4                                                                                                                                                                                                                                                              ; 4       ;
; AnalyzerSpiSlave:U3_analyzer_spi|Add3~2                                                                                                                                                                                                                                                             ; 4       ;
; Ad9233FrameCapture:U2_frame_capture|Ad9233MultistageDecimator:anti_alias_fir|FirDecimatingStage:stage1|Add13~55                                                                                                                                                                                     ; 4       ;
; Ad9233FrameCapture:U2_frame_capture|Ad9233MultistageDecimator:anti_alias_fir|FirDecimatingStage:stage1|mac_busy~2                                                                                                                                                                                   ; 4       ;
; Ad9233FrameCapture:U2_frame_capture|Ad9233MultistageDecimator:anti_alias_fir|FirDecimatingStage:stage1|warmup_count[5]~5                                                                                                                                                                            ; 4       ;
; Ad9233FrameCapture:U2_frame_capture|Ad9233MultistageDecimator:anti_alias_fir|FirDecimatingStage:stage1|LessThan0~0                                                                                                                                                                                  ; 4       ;
; Ad9233FrameCapture:U2_frame_capture|Ad9233MultistageDecimator:anti_alias_fir|FirDecimatingStage:stage2|mac_busy~2                                                                                                                                                                                   ; 4       ;
; Ad9233FrameCapture:U2_frame_capture|Ad9233MultistageDecimator:anti_alias_fir|FirDecimatingStage:stage3|decimation_count[1]                                                                                                                                                                          ; 4       ;
; Ad9233FrameCapture:U2_frame_capture|Ad9233MultistageDecimator:anti_alias_fir|FirDecimatingStage:stage3|decimation_count[0]                                                                                                                                                                          ; 4       ;
; Ad9233FrameCapture:U2_frame_capture|Ad9233MultistageDecimator:anti_alias_fir|sample_valid                                                                                                                                                                                                           ; 4       ;
; AnalyzerSpiSlave:U3_analyzer_spi|rx_bit_count[0]                                                                                                                                                                                                                                                    ; 4       ;
; AnalyzerSpiSlave:U3_analyzer_spi|always1~9                                                                                                                                                                                                                                                          ; 4       ;
; AnalyzerSpiSlave:U3_analyzer_spi|request_crc[7]                                                                                                                                                                                                                                                     ; 4       ;
; AnalyzerSpiSlave:U3_analyzer_spi|Equal4~0                                                                                                                                                                                                                                                           ; 4       ;
; AnalyzerSpiSlave:U3_analyzer_spi|request_crc[14]                                                                                                                                                                                                                                                    ; 4       ;
; AnalyzerSpiSlave:U3_analyzer_spi|request_crc[12]                                                                                                                                                                                                                                                    ; 4       ;
; Ad9233SpiInit:U1_ad9233_spi_init|Equal1~1                                                                                                                                                                                                                                                           ; 4       ;
; Ad9233SpiInit:U1_ad9233_spi_init|Equal1~0                                                                                                                                                                                                                                                           ; 4       ;
; Ad9233SpiInit:U1_ad9233_spi_init|Equal2~1                                                                                                                                                                                                                                                           ; 4       ;
; Ad9233SpiInit:U1_ad9233_spi_init|bit_index[0]                                                                                                                                                                                                                                                       ; 4       ;
; Ad9233FrameCapture:U2_frame_capture|Ad9233MultistageDecimator:anti_alias_fir|filter_error                                                                                                                                                                                                           ; 4       ;
; Ad9233FrameCapture:U2_frame_capture|Ad9233MultistageDecimator:anti_alias_fir|FirDecimatingStage:stage1|overrun_count[0]                                                                                                                                                                             ; 4       ;
; Ad9233FrameCapture:U2_frame_capture|Ad9233MultistageDecimator:anti_alias_fir|FirDecimatingStage:stage2|overrun_count[0]                                                                                                                                                                             ; 4       ;
; Ad9233FrameCapture:U2_frame_capture|Ad9233MultistageDecimator:anti_alias_fir|FirDecimatingStage:stage3|overrun_count[0]                                                                                                                                                                             ; 4       ;
; adc_pll_locked_dco_sync[1]                                                                                                                                                                                                                                                                          ; 4       ;
; adc_raw_otr                                                                                                                                                                                                                                                                                         ; 4       ;
; AnalyzerSpiSlave:U3_analyzer_spi|tx_shift[7]~3                                                                                                                                                                                                                                                      ; 4       ;
; AnalyzerSpiSlave:U3_analyzer_spi|tx_shift[14]~0                                                                                                                                                                                                                                                     ; 4       ;
; Ad9233FrameCapture:U2_frame_capture|Ad9233MultistageDecimator:anti_alias_fir|FirDecimatingStage:stage2|warmup_count[5]                                                                                                                                                                              ; 4       ;
; Ad9233FrameCapture:U2_frame_capture|Ad9233MultistageDecimator:anti_alias_fir|FirDecimatingStage:stage3|warmup_count[5]                                                                                                                                                                              ; 4       ;
; adc_data_i[11]~input                                                                                                                                                                                                                                                                                ; 3       ;
; adc_data_i[10]~input                                                                                                                                                                                                                                                                                ; 3       ;
; adc_data_i[9]~input                                                                                                                                                                                                                                                                                 ; 3       ;
; adc_data_i[8]~input                                                                                                                                                                                                                                                                                 ; 3       ;
; adc_data_i[7]~input                                                                                                                                                                                                                                                                                 ; 3       ;
; adc_data_i[6]~input                                                                                                                                                                                                                                                                                 ; 3       ;
; adc_data_i[5]~input                                                                                                                                                                                                                                                                                 ; 3       ;
; adc_data_i[4]~input                                                                                                                                                                                                                                                                                 ; 3       ;
; adc_data_i[3]~input                                                                                                                                                                                                                                                                                 ; 3       ;
; adc_data_i[2]~input                                                                                                                                                                                                                                                                                 ; 3       ;
; adc_data_i[1]~input                                                                                                                                                                                                                                                                                 ; 3       ;
; adc_data_i[0]~input                                                                                                                                                                                                                                                                                 ; 3       ;
; sld_signaltap:auto_signaltap_0|sld_signaltap_impl:sld_signaltap_body|sld_signaltap_implb:sld_signaltap_body|sld_buffer_manager:sld_buffer_manager_inst|offset_count~11                                                                                                                              ; 3       ;
; sld_signaltap:auto_signaltap_0|sld_signaltap_impl:sld_signaltap_body|sld_signaltap_implb:sld_signaltap_body|sld_buffer_manager:sld_buffer_manager_inst|offset_count~10                                                                                                                              ; 3       ;
; sld_signaltap:auto_signaltap_0|sld_signaltap_impl:sld_signaltap_body|sld_signaltap_implb:sld_signaltap_body|sld_buffer_manager:sld_buffer_manager_inst|offset_count~9                                                                                                                               ; 3       ;
; sld_signaltap:auto_signaltap_0|sld_signaltap_impl:sld_signaltap_body|sld_signaltap_implb:sld_signaltap_body|sld_buffer_manager:sld_buffer_manager_inst|offset_count~8                                                                                                                               ; 3       ;
; sld_signaltap:auto_signaltap_0|sld_signaltap_impl:sld_signaltap_body|sld_signaltap_implb:sld_signaltap_body|sld_buffer_manager:sld_buffer_manager_inst|offset_count~7                                                                                                                               ; 3       ;
; sld_signaltap:auto_signaltap_0|sld_signaltap_impl:sld_signaltap_body|sld_signaltap_implb:sld_signaltap_body|sld_buffer_manager:sld_buffer_manager_inst|offset_count~6                                                                                                                               ; 3       ;
; sld_signaltap:auto_signaltap_0|sld_signaltap_impl:sld_signaltap_body|sld_signaltap_implb:sld_signaltap_body|sld_buffer_manager:sld_buffer_manager_inst|offset_count~5                                                                                                                               ; 3       ;
; sld_signaltap:auto_signaltap_0|sld_signaltap_impl:sld_signaltap_body|sld_signaltap_implb:sld_signaltap_body|sld_buffer_manager:sld_buffer_manager_inst|offset_count~4                                                                                                                               ; 3       ;
; sld_signaltap:auto_signaltap_0|sld_signaltap_impl:sld_signaltap_body|sld_signaltap_implb:sld_signaltap_body|sld_buffer_manager:sld_buffer_manager_inst|offset_count~3                                                                                                                               ; 3       ;
; sld_signaltap:auto_signaltap_0|sld_signaltap_impl:sld_signaltap_body|sld_signaltap_implb:sld_signaltap_body|sld_buffer_manager:sld_buffer_manager_inst|offset_count~2                                                                                                                               ; 3       ;
; sld_signaltap:auto_signaltap_0|sld_signaltap_impl:sld_signaltap_body|sld_signaltap_implb:sld_signaltap_body|sld_buffer_manager:sld_buffer_manager_inst|offset_count~1                                                                                                                               ; 3       ;
; sld_signaltap:auto_signaltap_0|sld_signaltap_impl:sld_signaltap_body|sld_signaltap_implb:sld_signaltap_body|sld_ela_control:ela_control|sld_ela_basic_multi_level_trigger:\basic_multi_level_mbpm_trigger_gen:multi_level_mbpm|lpm_shiftreg:trigger_condition_deserialize|dffs[5]                   ; 3       ;
; sld_signaltap:auto_signaltap_0|sld_signaltap_impl:sld_signaltap_body|sld_signaltap_implb:sld_signaltap_body|sld_ela_control:ela_control|sld_ela_basic_multi_level_trigger:\basic_multi_level_mbpm_trigger_gen:multi_level_mbpm|lpm_shiftreg:trigger_condition_deserialize|dffs[8]                   ; 3       ;
; sld_signaltap:auto_signaltap_0|sld_signaltap_impl:sld_signaltap_body|sld_signaltap_implb:sld_signaltap_body|sld_ela_control:ela_control|sld_ela_basic_multi_level_trigger:\basic_multi_level_mbpm_trigger_gen:multi_level_mbpm|lpm_shiftreg:trigger_condition_deserialize|dffs[11]                  ; 3       ;
; sld_signaltap:auto_signaltap_0|sld_signaltap_impl:sld_signaltap_body|sld_signaltap_implb:sld_signaltap_body|sld_ela_control:ela_control|sld_ela_basic_multi_level_trigger:\basic_multi_level_mbpm_trigger_gen:multi_level_mbpm|lpm_shiftreg:trigger_condition_deserialize|dffs[14]                  ; 3       ;
; sld_signaltap:auto_signaltap_0|sld_signaltap_impl:sld_signaltap_body|sld_signaltap_implb:sld_signaltap_body|sld_ela_control:ela_control|sld_ela_basic_multi_level_trigger:\basic_multi_level_mbpm_trigger_gen:multi_level_mbpm|lpm_shiftreg:trigger_condition_deserialize|dffs[2]                   ; 3       ;
; sld_signaltap:auto_signaltap_0|sld_signaltap_impl:sld_signaltap_body|sld_signaltap_implb:sld_signaltap_body|sld_ela_control:ela_control|sld_ela_basic_multi_level_trigger:\basic_multi_level_mbpm_trigger_gen:multi_level_mbpm|lpm_shiftreg:trigger_condition_deserialize|dffs[17]                  ; 3       ;
; sld_signaltap:auto_signaltap_0|sld_signaltap_impl:sld_signaltap_body|sld_signaltap_implb:sld_signaltap_body|sld_ela_control:ela_control|sld_ela_basic_multi_level_trigger:\basic_multi_level_mbpm_trigger_gen:multi_level_mbpm|lpm_shiftreg:trigger_condition_deserialize|dffs[20]                  ; 3       ;
; sld_signaltap:auto_signaltap_0|sld_signaltap_impl:sld_signaltap_body|sld_signaltap_implb:sld_signaltap_body|sld_ela_control:ela_control|sld_ela_basic_multi_level_trigger:\basic_multi_level_mbpm_trigger_gen:multi_level_mbpm|lpm_shiftreg:trigger_condition_deserialize|dffs[23]                  ; 3       ;
; sld_signaltap:auto_signaltap_0|sld_signaltap_impl:sld_signaltap_body|sld_signaltap_implb:sld_signaltap_body|sld_ela_control:ela_control|sld_ela_basic_multi_level_trigger:\basic_multi_level_mbpm_trigger_gen:multi_level_mbpm|lpm_shiftreg:trigger_condition_deserialize|dffs[26]                  ; 3       ;
; sld_signaltap:auto_signaltap_0|sld_signaltap_impl:sld_signaltap_body|sld_signaltap_implb:sld_signaltap_body|sld_ela_control:ela_control|sld_ela_basic_multi_level_trigger:\basic_multi_level_mbpm_trigger_gen:multi_level_mbpm|lpm_shiftreg:trigger_condition_deserialize|dffs[29]                  ; 3       ;
; sld_signaltap:auto_signaltap_0|sld_signaltap_impl:sld_signaltap_body|sld_signaltap_implb:sld_signaltap_body|sld_ela_control:ela_control|sld_ela_basic_multi_level_trigger:\basic_multi_level_mbpm_trigger_gen:multi_level_mbpm|lpm_shiftreg:trigger_condition_deserialize|dffs[32]                  ; 3       ;
; sld_signaltap:auto_signaltap_0|sld_signaltap_impl:sld_signaltap_body|sld_signaltap_implb:sld_signaltap_body|sld_ela_control:ela_control|sld_ela_basic_multi_level_trigger:\basic_multi_level_mbpm_trigger_gen:multi_level_mbpm|lpm_shiftreg:trigger_condition_deserialize|dffs[35]                  ; 3       ;
; sld_signaltap:auto_signaltap_0|sld_signaltap_impl:sld_signaltap_body|sld_signaltap_implb:sld_signaltap_body|sld_ela_control:ela_control|sld_ela_basic_multi_level_trigger:\basic_multi_level_mbpm_trigger_gen:multi_level_mbpm|lpm_shiftreg:trigger_condition_deserialize|dffs[38]                  ; 3       ;
; sld_signaltap:auto_signaltap_0|sld_signaltap_impl:sld_signaltap_body|sld_signaltap_implb:sld_signaltap_body|sld_ela_control:ela_control|sld_ela_basic_multi_level_trigger:\basic_multi_level_mbpm_trigger_gen:multi_level_mbpm|lpm_shiftreg:trigger_condition_deserialize|dffs[41]                  ; 3       ;
; sld_signaltap:auto_signaltap_0|sld_signaltap_impl:sld_signaltap_body|sld_signaltap_implb:sld_signaltap_body|sld_ela_control:ela_control|sld_ela_basic_multi_level_trigger:\basic_multi_level_mbpm_trigger_gen:multi_level_mbpm|lpm_shiftreg:trigger_condition_deserialize|dffs[44]                  ; 3       ;
; sld_signaltap:auto_signaltap_0|sld_signaltap_impl:sld_signaltap_body|sld_signaltap_implb:sld_signaltap_body|sld_ela_control:ela_control|sld_ela_basic_multi_level_trigger:\basic_multi_level_mbpm_trigger_gen:multi_level_mbpm|lpm_shiftreg:trigger_condition_deserialize|dffs[47]                  ; 3       ;
; sld_signaltap:auto_signaltap_0|sld_signaltap_impl:sld_signaltap_body|sld_signaltap_implb:sld_signaltap_body|sld_ela_control:ela_control|sld_ela_basic_multi_level_trigger:\basic_multi_level_mbpm_trigger_gen:multi_level_mbpm|lpm_shiftreg:trigger_condition_deserialize|dffs[50]                  ; 3       ;
; sld_signaltap:auto_signaltap_0|sld_signaltap_impl:sld_signaltap_body|sld_signaltap_implb:sld_signaltap_body|sld_ela_control:ela_control|sld_ela_basic_multi_level_trigger:\basic_multi_level_mbpm_trigger_gen:multi_level_mbpm|lpm_shiftreg:trigger_condition_deserialize|dffs[53]                  ; 3       ;
; sld_signaltap:auto_signaltap_0|sld_signaltap_impl:sld_signaltap_body|sld_signaltap_implb:sld_signaltap_body|sld_ela_control:ela_control|sld_ela_basic_multi_level_trigger:\basic_multi_level_mbpm_trigger_gen:multi_level_mbpm|lpm_shiftreg:trigger_condition_deserialize|dffs[56]                  ; 3       ;
; sld_signaltap:auto_signaltap_0|sld_signaltap_impl:sld_signaltap_body|sld_signaltap_implb:sld_signaltap_body|sld_ela_control:ela_control|sld_ela_basic_multi_level_trigger:\basic_multi_level_mbpm_trigger_gen:multi_level_mbpm|lpm_shiftreg:trigger_condition_deserialize|dffs[59]                  ; 3       ;
; sld_signaltap:auto_signaltap_0|sld_signaltap_impl:sld_signaltap_body|sld_signaltap_implb:sld_signaltap_body|sld_ela_control:ela_control|sld_ela_basic_multi_level_trigger:\basic_multi_level_mbpm_trigger_gen:multi_level_mbpm|lpm_shiftreg:trigger_condition_deserialize|dffs[62]                  ; 3       ;
; sld_signaltap:auto_signaltap_0|sld_signaltap_impl:sld_signaltap_body|sld_signaltap_implb:sld_signaltap_body|sld_ela_control:ela_control|sld_ela_basic_multi_level_trigger:\basic_multi_level_mbpm_trigger_gen:multi_level_mbpm|lpm_shiftreg:trigger_condition_deserialize|dffs[65]                  ; 3       ;
; sld_signaltap:auto_signaltap_0|sld_signaltap_impl:sld_signaltap_body|sld_signaltap_implb:sld_signaltap_body|sld_ela_control:ela_control|sld_ela_basic_multi_level_trigger:\basic_multi_level_mbpm_trigger_gen:multi_level_mbpm|lpm_shiftreg:trigger_condition_deserialize|dffs[68]                  ; 3       ;
; sld_signaltap:auto_signaltap_0|sld_signaltap_impl:sld_signaltap_body|sld_signaltap_implb:sld_signaltap_body|sld_ela_control:ela_control|sld_ela_basic_multi_level_trigger:\basic_multi_level_mbpm_trigger_gen:multi_level_mbpm|lpm_shiftreg:trigger_condition_deserialize|dffs[71]                  ; 3       ;
; sld_signaltap:auto_signaltap_0|sld_signaltap_impl:sld_signaltap_body|sld_signaltap_implb:sld_signaltap_body|sld_buffer_manager:sld_buffer_manager_inst|offset_count~0                                                                                                                               ; 3       ;
; sld_signaltap:auto_signaltap_0|sld_signaltap_impl:sld_signaltap_body|sld_signaltap_implb:sld_signaltap_body|current_segment_delayed[0]                                                                                                                                                              ; 3       ;
; sld_signaltap:auto_signaltap_0|sld_signaltap_impl:sld_signaltap_body|sld_signaltap_implb:sld_signaltap_body|sld_buffer_manager:sld_buffer_manager_inst|done~0                                                                                                                                       ; 3       ;
; sld_signaltap:auto_signaltap_0|sld_signaltap_impl:sld_signaltap_body|sld_signaltap_implb:sld_signaltap_body|sld_buffer_manager:sld_buffer_manager_inst|counter[11]                                                                                                                                  ; 3       ;
; sld_signaltap:auto_signaltap_0|sld_signaltap_impl:sld_signaltap_body|sld_signaltap_implb:sld_signaltap_body|sld_buffer_manager:sld_buffer_manager_inst|counter[10]                                                                                                                                  ; 3       ;
; sld_signaltap:auto_signaltap_0|sld_signaltap_impl:sld_signaltap_body|sld_signaltap_implb:sld_signaltap_body|sld_buffer_manager:sld_buffer_manager_inst|counter[9]                                                                                                                                   ; 3       ;
; sld_signaltap:auto_signaltap_0|sld_signaltap_impl:sld_signaltap_body|sld_signaltap_implb:sld_signaltap_body|sld_buffer_manager:sld_buffer_manager_inst|counter[8]                                                                                                                                   ; 3       ;
; sld_signaltap:auto_signaltap_0|sld_signaltap_impl:sld_signaltap_body|sld_signaltap_implb:sld_signaltap_body|sld_buffer_manager:sld_buffer_manager_inst|counter[7]                                                                                                                                   ; 3       ;
; sld_signaltap:auto_signaltap_0|sld_signaltap_impl:sld_signaltap_body|sld_signaltap_implb:sld_signaltap_body|sld_buffer_manager:sld_buffer_manager_inst|counter[6]                                                                                                                                   ; 3       ;
; sld_signaltap:auto_signaltap_0|sld_signaltap_impl:sld_signaltap_body|sld_signaltap_implb:sld_signaltap_body|sld_buffer_manager:sld_buffer_manager_inst|counter[5]                                                                                                                                   ; 3       ;
; sld_signaltap:auto_signaltap_0|sld_signaltap_impl:sld_signaltap_body|sld_signaltap_implb:sld_signaltap_body|sld_buffer_manager:sld_buffer_manager_inst|counter[4]                                                                                                                                   ; 3       ;
; sld_signaltap:auto_signaltap_0|sld_signaltap_impl:sld_signaltap_body|sld_signaltap_implb:sld_signaltap_body|sld_buffer_manager:sld_buffer_manager_inst|counter[3]                                                                                                                                   ; 3       ;
; sld_signaltap:auto_signaltap_0|sld_signaltap_impl:sld_signaltap_body|sld_signaltap_implb:sld_signaltap_body|sld_buffer_manager:sld_buffer_manager_inst|counter[2]                                                                                                                                   ; 3       ;
; sld_signaltap:auto_signaltap_0|sld_signaltap_impl:sld_signaltap_body|sld_signaltap_implb:sld_signaltap_body|sld_buffer_manager:sld_buffer_manager_inst|counter[1]                                                                                                                                   ; 3       ;
; sld_signaltap:auto_signaltap_0|sld_signaltap_impl:sld_signaltap_body|sld_signaltap_implb:sld_signaltap_body|sld_buffer_manager:sld_buffer_manager_inst|counter[0]                                                                                                                                   ; 3       ;
; sld_signaltap:auto_signaltap_0|sld_signaltap_impl:sld_signaltap_body|sld_signaltap_implb:sld_signaltap_body|sld_ela_control:ela_control|sld_ela_trigger_flow_mgr:\builtin:ela_trigger_flow_mgr_entity|lpm_shiftreg:trigger_config_deserialize|dffs[0]                                               ; 3       ;
; sld_signaltap:auto_signaltap_0|sld_signaltap_impl:sld_signaltap_body|sld_signaltap_implb:sld_signaltap_body|sld_ela_control:ela_control|sld_ela_trigger_flow_mgr:\builtin:ela_trigger_flow_mgr_entity|last_level_delayed                                                                            ; 3       ;
; sld_signaltap:auto_signaltap_0|sld_signaltap_impl:sld_signaltap_body|sld_signaltap_implb:sld_signaltap_body|status_load_on~0                                                                                                                                                                        ; 3       ;
; sld_signaltap:auto_signaltap_0|sld_signaltap_impl:sld_signaltap_body|sld_signaltap_implb:sld_signaltap_body|sld_rom_sr:crc_rom_sr|word_counter[3]                                                                                                                                                   ; 3       ;
; sld_signaltap:auto_signaltap_0|acq_trigger_in_reg[23]                                                                                                                                                                                                                                               ; 3       ;
; sld_signaltap:auto_signaltap_0|acq_trigger_in_reg[22]                                                                                                                                                                                                                                               ; 3       ;
; sld_signaltap:auto_signaltap_0|acq_trigger_in_reg[21]                                                                                                                                                                                                                                               ; 3       ;
; sld_signaltap:auto_signaltap_0|acq_trigger_in_reg[20]                                                                                                                                                                                                                                               ; 3       ;
; sld_signaltap:auto_signaltap_0|acq_trigger_in_reg[19]                                                                                                                                                                                                                                               ; 3       ;
; sld_signaltap:auto_signaltap_0|acq_trigger_in_reg[18]                                                                                                                                                                                                                                               ; 3       ;
; sld_signaltap:auto_signaltap_0|acq_trigger_in_reg[17]                                                                                                                                                                                                                                               ; 3       ;
; sld_signaltap:auto_signaltap_0|acq_trigger_in_reg[16]                                                                                                                                                                                                                                               ; 3       ;
; sld_signaltap:auto_signaltap_0|acq_trigger_in_reg[15]                                                                                                                                                                                                                                               ; 3       ;
; sld_signaltap:auto_signaltap_0|acq_trigger_in_reg[14]                                                                                                                                                                                                                                               ; 3       ;
; sld_signaltap:auto_signaltap_0|acq_trigger_in_reg[13]                                                                                                                                                                                                                                               ; 3       ;
; sld_signaltap:auto_signaltap_0|acq_trigger_in_reg[12]                                                                                                                                                                                                                                               ; 3       ;
; sld_signaltap:auto_signaltap_0|acq_trigger_in_reg[11]                                                                                                                                                                                                                                               ; 3       ;
; sld_signaltap:auto_signaltap_0|acq_trigger_in_reg[10]                                                                                                                                                                                                                                               ; 3       ;
; sld_signaltap:auto_signaltap_0|acq_trigger_in_reg[9]                                                                                                                                                                                                                                                ; 3       ;
; sld_signaltap:auto_signaltap_0|acq_trigger_in_reg[8]                                                                                                                                                                                                                                                ; 3       ;
; sld_signaltap:auto_signaltap_0|acq_trigger_in_reg[7]                                                                                                                                                                                                                                                ; 3       ;
; sld_signaltap:auto_signaltap_0|acq_trigger_in_reg[6]                                                                                                                                                                                                                                                ; 3       ;
; sld_signaltap:auto_signaltap_0|acq_trigger_in_reg[5]                                                                                                                                                                                                                                                ; 3       ;
; sld_signaltap:auto_signaltap_0|acq_trigger_in_reg[4]                                                                                                                                                                                                                                                ; 3       ;
; sld_signaltap:auto_signaltap_0|acq_trigger_in_reg[3]                                                                                                                                                                                                                                                ; 3       ;
; sld_signaltap:auto_signaltap_0|acq_trigger_in_reg[2]                                                                                                                                                                                                                                                ; 3       ;
; sld_signaltap:auto_signaltap_0|acq_trigger_in_reg[1]                                                                                                                                                                                                                                                ; 3       ;
; sld_signaltap:auto_signaltap_0|acq_trigger_in_reg[0]                                                                                                                                                                                                                                                ; 3       ;
; sld_signaltap:auto_signaltap_0|sld_signaltap_impl:sld_signaltap_body|sld_signaltap_implb:sld_signaltap_body|status_shift_enable~0                                                                                                                                                                   ; 3       ;
; sld_signaltap:auto_signaltap_0|sld_signaltap_impl:sld_signaltap_body|sld_signaltap_implb:sld_signaltap_body|lpm_shiftreg:segment_offset_config_deserialize|dffs[0]                                                                                                                                  ; 3       ;
; sld_signaltap:auto_signaltap_0|sld_signaltap_impl:sld_signaltap_body|sld_signaltap_implb:sld_signaltap_body|sld_offload_buffer_mgr:\stp_non_zero_depth_offload_gen:stp_offload_buff_mgr_inst|lpm_counter:\adv_point_3_and_more:advance_pointer_counter|cntr_fgi:auto_generated|counter_reg_bit[0]   ; 3       ;
; sld_signaltap:auto_signaltap_0|sld_signaltap_impl:sld_signaltap_body|sld_signaltap_implb:sld_signaltap_body|sld_offload_buffer_mgr:\stp_non_zero_depth_offload_gen:stp_offload_buff_mgr_inst|lpm_counter:status_read_pointer_counter|cntr_23j:auto_generated|counter_reg_bit[0]                     ; 3       ;
; sld_signaltap:auto_signaltap_0|sld_signaltap_impl:sld_signaltap_body|sld_signaltap_implb:sld_signaltap_body|sld_offload_buffer_mgr:\stp_non_zero_depth_offload_gen:stp_offload_buff_mgr_inst|lpm_counter:status_advance_pointer_counter|cntr_ggi:auto_generated|counter_reg_bit[2]                  ; 3       ;
; sld_signaltap:auto_signaltap_0|sld_signaltap_impl:sld_signaltap_body|sld_signaltap_implb:sld_signaltap_body|sld_offload_buffer_mgr:\stp_non_zero_depth_offload_gen:stp_offload_buff_mgr_inst|lpm_counter:status_advance_pointer_counter|cntr_ggi:auto_generated|counter_reg_bit[1]                  ; 3       ;
; sld_signaltap:auto_signaltap_0|sld_signaltap_impl:sld_signaltap_body|sld_signaltap_implb:sld_signaltap_body|sld_offload_buffer_mgr:\stp_non_zero_depth_offload_gen:stp_offload_buff_mgr_inst|lpm_counter:status_advance_pointer_counter|cntr_ggi:auto_generated|counter_reg_bit[3]                  ; 3       ;
; sld_signaltap:auto_signaltap_0|sld_signaltap_impl:sld_signaltap_body|sld_signaltap_implb:sld_signaltap_body|sld_offload_buffer_mgr:\stp_non_zero_depth_offload_gen:stp_offload_buff_mgr_inst|lpm_counter:status_advance_pointer_counter|cntr_ggi:auto_generated|counter_reg_bit[4]                  ; 3       ;
; sld_signaltap:auto_signaltap_0|sld_signaltap_impl:sld_signaltap_body|sld_signaltap_implb:sld_signaltap_body|sld_offload_buffer_mgr:\stp_non_zero_depth_offload_gen:stp_offload_buff_mgr_inst|lpm_counter:status_advance_pointer_counter|cntr_ggi:auto_generated|counter_reg_bit[0]                  ; 3       ;
; sld_signaltap:auto_signaltap_0|sld_signaltap_impl:sld_signaltap_body|sld_signaltap_implb:sld_signaltap_body|tdo_crc_len_reg[31]                                                                                                                                                                     ; 3       ;
; sld_signaltap:auto_signaltap_0|sld_signaltap_impl:sld_signaltap_body|sld_signaltap_implb:sld_signaltap_body|tdo_crc_len_reg[30]                                                                                                                                                                     ; 3       ;
; sld_signaltap:auto_signaltap_0|sld_signaltap_impl:sld_signaltap_body|sld_signaltap_implb:sld_signaltap_body|tdo_crc_len_reg[29]                                                                                                                                                                     ; 3       ;
; sld_signaltap:auto_signaltap_0|sld_signaltap_impl:sld_signaltap_body|sld_signaltap_implb:sld_signaltap_body|tdo_crc_len_reg[28]                                                                                                                                                                     ; 3       ;
; sld_signaltap:auto_signaltap_0|sld_signaltap_impl:sld_signaltap_body|sld_signaltap_implb:sld_signaltap_body|tdo_crc_len_reg[27]                                                                                                                                                                     ; 3       ;
; sld_signaltap:auto_signaltap_0|sld_signaltap_impl:sld_signaltap_body|sld_signaltap_implb:sld_signaltap_body|tdo_crc_len_reg[26]                                                                                                                                                                     ; 3       ;
; sld_signaltap:auto_signaltap_0|sld_signaltap_impl:sld_signaltap_body|sld_signaltap_implb:sld_signaltap_body|tdo_crc_len_reg[25]                                                                                                                                                                     ; 3       ;
; sld_signaltap:auto_signaltap_0|sld_signaltap_impl:sld_signaltap_body|sld_signaltap_implb:sld_signaltap_body|tdo_crc_len_reg[24]                                                                                                                                                                     ; 3       ;
; sld_signaltap:auto_signaltap_0|sld_signaltap_impl:sld_signaltap_body|sld_signaltap_implb:sld_signaltap_body|tdo_crc_len_reg[23]                                                                                                                                                                     ; 3       ;
; sld_signaltap:auto_signaltap_0|sld_signaltap_impl:sld_signaltap_body|sld_signaltap_implb:sld_signaltap_body|tdo_crc_len_reg[22]                                                                                                                                                                     ; 3       ;
; sld_signaltap:auto_signaltap_0|sld_signaltap_impl:sld_signaltap_body|sld_signaltap_implb:sld_signaltap_body|tdo_crc_len_reg[21]                                                                                                                                                                     ; 3       ;
; sld_signaltap:auto_signaltap_0|sld_signaltap_impl:sld_signaltap_body|sld_signaltap_implb:sld_signaltap_body|tdo_crc_len_reg[20]                                                                                                                                                                     ; 3       ;
; sld_signaltap:auto_signaltap_0|sld_signaltap_impl:sld_signaltap_body|sld_signaltap_implb:sld_signaltap_body|tdo_crc_len_reg[19]                                                                                                                                                                     ; 3       ;
; sld_signaltap:auto_signaltap_0|sld_signaltap_impl:sld_signaltap_body|sld_signaltap_implb:sld_signaltap_body|tdo_crc_len_reg[18]                                                                                                                                                                     ; 3       ;
; sld_signaltap:auto_signaltap_0|sld_signaltap_impl:sld_signaltap_body|sld_signaltap_implb:sld_signaltap_body|tdo_crc_len_reg[17]                                                                                                                                                                     ; 3       ;
; sld_signaltap:auto_signaltap_0|sld_signaltap_impl:sld_signaltap_body|sld_signaltap_implb:sld_signaltap_body|tdo_crc_len_reg[16]                                                                                                                                                                     ; 3       ;
; sld_signaltap:auto_signaltap_0|sld_signaltap_impl:sld_signaltap_body|sld_signaltap_implb:sld_signaltap_body|tdo_crc_len_reg[15]                                                                                                                                                                     ; 3       ;
; sld_signaltap:auto_signaltap_0|sld_signaltap_impl:sld_signaltap_body|sld_signaltap_implb:sld_signaltap_body|tdo_crc_len_reg[14]                                                                                                                                                                     ; 3       ;
; sld_signaltap:auto_signaltap_0|sld_signaltap_impl:sld_signaltap_body|sld_signaltap_implb:sld_signaltap_body|tdo_crc_len_reg[13]                                                                                                                                                                     ; 3       ;
; sld_signaltap:auto_signaltap_0|sld_signaltap_impl:sld_signaltap_body|sld_signaltap_implb:sld_signaltap_body|tdo_crc_len_reg[12]                                                                                                                                                                     ; 3       ;
; sld_signaltap:auto_signaltap_0|sld_signaltap_impl:sld_signaltap_body|sld_signaltap_implb:sld_signaltap_body|tdo_crc_len_reg[11]                                                                                                                                                                     ; 3       ;
; sld_signaltap:auto_signaltap_0|sld_signaltap_impl:sld_signaltap_body|sld_signaltap_implb:sld_signaltap_body|tdo_crc_len_reg[10]                                                                                                                                                                     ; 3       ;
; sld_signaltap:auto_signaltap_0|sld_signaltap_impl:sld_signaltap_body|sld_signaltap_implb:sld_signaltap_body|tdo_crc_len_reg[9]                                                                                                                                                                      ; 3       ;
; sld_signaltap:auto_signaltap_0|sld_signaltap_impl:sld_signaltap_body|sld_signaltap_implb:sld_signaltap_body|tdo_crc_len_reg[8]                                                                                                                                                                      ; 3       ;
; sld_signaltap:auto_signaltap_0|sld_signaltap_impl:sld_signaltap_body|sld_signaltap_implb:sld_signaltap_body|tdo_crc_len_reg[7]                                                                                                                                                                      ; 3       ;
; sld_signaltap:auto_signaltap_0|sld_signaltap_impl:sld_signaltap_body|sld_signaltap_implb:sld_signaltap_body|tdo_crc_len_reg[6]                                                                                                                                                                      ; 3       ;
; sld_signaltap:auto_signaltap_0|sld_signaltap_impl:sld_signaltap_body|sld_signaltap_implb:sld_signaltap_body|tdo_crc_len_reg[5]                                                                                                                                                                      ; 3       ;
; sld_signaltap:auto_signaltap_0|sld_signaltap_impl:sld_signaltap_body|sld_signaltap_implb:sld_signaltap_body|tdo_crc_len_reg[4]                                                                                                                                                                      ; 3       ;
; sld_signaltap:auto_signaltap_0|sld_signaltap_impl:sld_signaltap_body|sld_signaltap_implb:sld_signaltap_body|tdo_crc_len_reg[3]                                                                                                                                                                      ; 3       ;
; sld_signaltap:auto_signaltap_0|sld_signaltap_impl:sld_signaltap_body|sld_signaltap_implb:sld_signaltap_body|tdo_crc_len_reg[2]                                                                                                                                                                      ; 3       ;
; sld_signaltap:auto_signaltap_0|sld_signaltap_impl:sld_signaltap_body|sld_signaltap_implb:sld_signaltap_body|tdo_crc_len_reg[1]                                                                                                                                                                      ; 3       ;
; sld_signaltap:auto_signaltap_0|sld_signaltap_impl:sld_signaltap_body|sld_signaltap_implb:sld_signaltap_body|tdo_crc_len_reg[0]                                                                                                                                                                      ; 3       ;
; sld_hub:auto_hub|sld_jtag_hub:\jtag_hub_gen:sld_jtag_hub_inst|sld_shadow_jsm:shadow_jsm|tms_cnt[0]                                                                                                                                                                                                  ; 3       ;
; sld_hub:auto_hub|sld_jtag_hub:\jtag_hub_gen:sld_jtag_hub_inst|hub_mode_reg[0]                                                                                                                                                                                                                       ; 3       ;
; sld_hub:auto_hub|sld_jtag_hub:\jtag_hub_gen:sld_jtag_hub_inst|design_hash_reg~8                                                                                                                                                                                                                     ; 3       ;
; sld_hub:auto_hub|sld_jtag_hub:\jtag_hub_gen:sld_jtag_hub_inst|design_hash_reg~4                                                                                                                                                                                                                     ; 3       ;
; sld_hub:auto_hub|sld_jtag_hub:\jtag_hub_gen:sld_jtag_hub_inst|virtual_ir_dr_scan_proc~0                                                                                                                                                                                                             ; 3       ;
; sld_hub:auto_hub|sld_jtag_hub:\jtag_hub_gen:sld_jtag_hub_inst|jtag_ir_reg[1]                                                                                                                                                                                                                        ; 3       ;
; sld_hub:auto_hub|sld_jtag_hub:\jtag_hub_gen:sld_jtag_hub_inst|tdo_bypass_reg                                                                                                                                                                                                                        ; 3       ;
; sld_hub:auto_hub|sld_jtag_hub:\jtag_hub_gen:sld_jtag_hub_inst|sld_shadow_jsm:shadow_jsm|state[15]                                                                                                                                                                                                   ; 3       ;
; sld_hub:auto_hub|sld_jtag_hub:\jtag_hub_gen:sld_jtag_hub_inst|sld_shadow_jsm:shadow_jsm|state[7]                                                                                                                                                                                                    ; 3       ;
; sld_hub:auto_hub|sld_jtag_hub:\jtag_hub_gen:sld_jtag_hub_inst|sld_shadow_jsm:shadow_jsm|state[5]                                                                                                                                                                                                    ; 3       ;
; sld_hub:auto_hub|sld_jtag_hub:\jtag_hub_gen:sld_jtag_hub_inst|sld_shadow_jsm:shadow_jsm|state[2]                                                                                                                                                                                                    ; 3       ;
; sld_hub:auto_hub|sld_jtag_hub:\jtag_hub_gen:sld_jtag_hub_inst|irf_reg[1][5]                                                                                                                                                                                                                         ; 3       ;
; sld_hub:auto_hub|sld_jtag_hub:\jtag_hub_gen:sld_jtag_hub_inst|irf_reg[1][2]                                                                                                                                                                                                                         ; 3       ;
; sld_hub:auto_hub|sld_jtag_hub:\jtag_hub_gen:sld_jtag_hub_inst|sld_shadow_jsm:shadow_jsm|state[1]                                                                                                                                                                                                    ; 3       ;
; Ad9233FrameCapture:U2_frame_capture|Ad9233MultistageDecimator:anti_alias_fir|FirDecimatingStage:stage3|snapshot[38][16]                                                                                                                                                                             ; 3       ;
; Ad9233FrameCapture:U2_frame_capture|Ad9233MultistageDecimator:anti_alias_fir|FirDecimatingStage:stage3|snapshot[36][16]                                                                                                                                                                             ; 3       ;
; Ad9233FrameCapture:U2_frame_capture|Ad9233MultistageDecimator:anti_alias_fir|FirDecimatingStage:stage3|snapshot[35][16]                                                                                                                                                                             ; 3       ;
; Ad9233FrameCapture:U2_frame_capture|Ad9233MultistageDecimator:anti_alias_fir|FirDecimatingStage:stage3|snapshot[32][16]                                                                                                                                                                             ; 3       ;
; Ad9233FrameCapture:U2_frame_capture|Ad9233MultistageDecimator:anti_alias_fir|FirDecimatingStage:stage3|snapshot[34][16]                                                                                                                                                                             ; 3       ;
; Ad9233FrameCapture:U2_frame_capture|Ad9233MultistageDecimator:anti_alias_fir|FirDecimatingStage:stage3|snapshot[33][16]                                                                                                                                                                             ; 3       ;
; Ad9233FrameCapture:U2_frame_capture|Ad9233MultistageDecimator:anti_alias_fir|FirDecimatingStage:stage3|snapshot[37][16]                                                                                                                                                                             ; 3       ;
; Ad9233FrameCapture:U2_frame_capture|Ad9233MultistageDecimator:anti_alias_fir|FirDecimatingStage:stage3|snapshot[15][16]                                                                                                                                                                             ; 3       ;
; Ad9233FrameCapture:U2_frame_capture|Ad9233MultistageDecimator:anti_alias_fir|FirDecimatingStage:stage3|snapshot[3][16]                                                                                                                                                                              ; 3       ;
; Ad9233FrameCapture:U2_frame_capture|Ad9233MultistageDecimator:anti_alias_fir|FirDecimatingStage:stage3|snapshot[7][16]                                                                                                                                                                              ; 3       ;
; Ad9233FrameCapture:U2_frame_capture|Ad9233MultistageDecimator:anti_alias_fir|FirDecimatingStage:stage3|snapshot[11][16]                                                                                                                                                                             ; 3       ;
; Ad9233FrameCapture:U2_frame_capture|Ad9233MultistageDecimator:anti_alias_fir|FirDecimatingStage:stage3|snapshot[12][16]                                                                                                                                                                             ; 3       ;
; Ad9233FrameCapture:U2_frame_capture|Ad9233MultistageDecimator:anti_alias_fir|FirDecimatingStage:stage3|snapshot[0][16]                                                                                                                                                                              ; 3       ;
; Ad9233FrameCapture:U2_frame_capture|Ad9233MultistageDecimator:anti_alias_fir|FirDecimatingStage:stage3|snapshot[8][16]                                                                                                                                                                              ; 3       ;
; Ad9233FrameCapture:U2_frame_capture|Ad9233MultistageDecimator:anti_alias_fir|FirDecimatingStage:stage3|snapshot[4][16]                                                                                                                                                                              ; 3       ;
; Ad9233FrameCapture:U2_frame_capture|Ad9233MultistageDecimator:anti_alias_fir|FirDecimatingStage:stage3|snapshot[14][16]                                                                                                                                                                             ; 3       ;
; Ad9233FrameCapture:U2_frame_capture|Ad9233MultistageDecimator:anti_alias_fir|FirDecimatingStage:stage3|snapshot[2][16]                                                                                                                                                                              ; 3       ;
; Ad9233FrameCapture:U2_frame_capture|Ad9233MultistageDecimator:anti_alias_fir|FirDecimatingStage:stage3|snapshot[10][16]                                                                                                                                                                             ; 3       ;
; Ad9233FrameCapture:U2_frame_capture|Ad9233MultistageDecimator:anti_alias_fir|FirDecimatingStage:stage3|snapshot[6][16]                                                                                                                                                                              ; 3       ;
; Ad9233FrameCapture:U2_frame_capture|Ad9233MultistageDecimator:anti_alias_fir|FirDecimatingStage:stage3|snapshot[13][16]                                                                                                                                                                             ; 3       ;
; Ad9233FrameCapture:U2_frame_capture|Ad9233MultistageDecimator:anti_alias_fir|FirDecimatingStage:stage3|snapshot[1][16]                                                                                                                                                                              ; 3       ;
; Ad9233FrameCapture:U2_frame_capture|Ad9233MultistageDecimator:anti_alias_fir|FirDecimatingStage:stage3|snapshot[5][16]                                                                                                                                                                              ; 3       ;
; Ad9233FrameCapture:U2_frame_capture|Ad9233MultistageDecimator:anti_alias_fir|FirDecimatingStage:stage3|snapshot[9][16]                                                                                                                                                                              ; 3       ;
; Ad9233FrameCapture:U2_frame_capture|Ad9233MultistageDecimator:anti_alias_fir|FirDecimatingStage:stage3|snapshot[31][16]                                                                                                                                                                             ; 3       ;
; Ad9233FrameCapture:U2_frame_capture|Ad9233MultistageDecimator:anti_alias_fir|FirDecimatingStage:stage3|snapshot[19][16]                                                                                                                                                                             ; 3       ;
; Ad9233FrameCapture:U2_frame_capture|Ad9233MultistageDecimator:anti_alias_fir|FirDecimatingStage:stage3|snapshot[23][16]                                                                                                                                                                             ; 3       ;
; Ad9233FrameCapture:U2_frame_capture|Ad9233MultistageDecimator:anti_alias_fir|FirDecimatingStage:stage3|snapshot[27][16]                                                                                                                                                                             ; 3       ;
; Ad9233FrameCapture:U2_frame_capture|Ad9233MultistageDecimator:anti_alias_fir|FirDecimatingStage:stage3|snapshot[28][16]                                                                                                                                                                             ; 3       ;
; Ad9233FrameCapture:U2_frame_capture|Ad9233MultistageDecimator:anti_alias_fir|FirDecimatingStage:stage3|snapshot[16][16]                                                                                                                                                                             ; 3       ;
; Ad9233FrameCapture:U2_frame_capture|Ad9233MultistageDecimator:anti_alias_fir|FirDecimatingStage:stage3|snapshot[24][16]                                                                                                                                                                             ; 3       ;
; Ad9233FrameCapture:U2_frame_capture|Ad9233MultistageDecimator:anti_alias_fir|FirDecimatingStage:stage3|snapshot[20][16]                                                                                                                                                                             ; 3       ;
; Ad9233FrameCapture:U2_frame_capture|Ad9233MultistageDecimator:anti_alias_fir|FirDecimatingStage:stage3|snapshot[29][16]                                                                                                                                                                             ; 3       ;
; Ad9233FrameCapture:U2_frame_capture|Ad9233MultistageDecimator:anti_alias_fir|FirDecimatingStage:stage3|snapshot[17][16]                                                                                                                                                                             ; 3       ;
; Ad9233FrameCapture:U2_frame_capture|Ad9233MultistageDecimator:anti_alias_fir|FirDecimatingStage:stage3|snapshot[21][16]                                                                                                                                                                             ; 3       ;
; Ad9233FrameCapture:U2_frame_capture|Ad9233MultistageDecimator:anti_alias_fir|FirDecimatingStage:stage3|snapshot[25][16]                                                                                                                                                                             ; 3       ;
; Ad9233FrameCapture:U2_frame_capture|Ad9233MultistageDecimator:anti_alias_fir|FirDecimatingStage:stage3|snapshot[30][16]                                                                                                                                                                             ; 3       ;
; Ad9233FrameCapture:U2_frame_capture|Ad9233MultistageDecimator:anti_alias_fir|FirDecimatingStage:stage3|snapshot[18][16]                                                                                                                                                                             ; 3       ;
; Ad9233FrameCapture:U2_frame_capture|Ad9233MultistageDecimator:anti_alias_fir|FirDecimatingStage:stage3|snapshot[26][16]                                                                                                                                                                             ; 3       ;
; Ad9233FrameCapture:U2_frame_capture|Ad9233MultistageDecimator:anti_alias_fir|FirDecimatingStage:stage3|snapshot[22][16]                                                                                                                                                                             ; 3       ;
; Ad9233FrameCapture:U2_frame_capture|Ad9233MultistageDecimator:anti_alias_fir|FirDecimatingStage:stage3|snapshot[38][15]                                                                                                                                                                             ; 3       ;
; Ad9233FrameCapture:U2_frame_capture|Ad9233MultistageDecimator:anti_alias_fir|FirDecimatingStage:stage3|snapshot[36][15]                                                                                                                                                                             ; 3       ;
; Ad9233FrameCapture:U2_frame_capture|Ad9233MultistageDecimator:anti_alias_fir|FirDecimatingStage:stage3|snapshot[37][15]                                                                                                                                                                             ; 3       ;
; Ad9233FrameCapture:U2_frame_capture|Ad9233MultistageDecimator:anti_alias_fir|FirDecimatingStage:stage3|snapshot[35][15]                                                                                                                                                                             ; 3       ;
; Ad9233FrameCapture:U2_frame_capture|Ad9233MultistageDecimator:anti_alias_fir|FirDecimatingStage:stage3|snapshot[32][15]                                                                                                                                                                             ; 3       ;
; Ad9233FrameCapture:U2_frame_capture|Ad9233MultistageDecimator:anti_alias_fir|FirDecimatingStage:stage3|snapshot[34][15]                                                                                                                                                                             ; 3       ;
; Ad9233FrameCapture:U2_frame_capture|Ad9233MultistageDecimator:anti_alias_fir|FirDecimatingStage:stage3|snapshot[33][15]                                                                                                                                                                             ; 3       ;
; Ad9233FrameCapture:U2_frame_capture|Ad9233MultistageDecimator:anti_alias_fir|FirDecimatingStage:stage3|snapshot[15][15]                                                                                                                                                                             ; 3       ;
; Ad9233FrameCapture:U2_frame_capture|Ad9233MultistageDecimator:anti_alias_fir|FirDecimatingStage:stage3|snapshot[3][15]                                                                                                                                                                              ; 3       ;
; Ad9233FrameCapture:U2_frame_capture|Ad9233MultistageDecimator:anti_alias_fir|FirDecimatingStage:stage3|snapshot[7][15]                                                                                                                                                                              ; 3       ;
; Ad9233FrameCapture:U2_frame_capture|Ad9233MultistageDecimator:anti_alias_fir|FirDecimatingStage:stage3|snapshot[11][15]                                                                                                                                                                             ; 3       ;
; Ad9233FrameCapture:U2_frame_capture|Ad9233MultistageDecimator:anti_alias_fir|FirDecimatingStage:stage3|snapshot[12][15]                                                                                                                                                                             ; 3       ;
; Ad9233FrameCapture:U2_frame_capture|Ad9233MultistageDecimator:anti_alias_fir|FirDecimatingStage:stage3|snapshot[0][15]                                                                                                                                                                              ; 3       ;
; Ad9233FrameCapture:U2_frame_capture|Ad9233MultistageDecimator:anti_alias_fir|FirDecimatingStage:stage3|snapshot[8][15]                                                                                                                                                                              ; 3       ;
; Ad9233FrameCapture:U2_frame_capture|Ad9233MultistageDecimator:anti_alias_fir|FirDecimatingStage:stage3|snapshot[4][15]                                                                                                                                                                              ; 3       ;
; Ad9233FrameCapture:U2_frame_capture|Ad9233MultistageDecimator:anti_alias_fir|FirDecimatingStage:stage3|snapshot[14][15]                                                                                                                                                                             ; 3       ;
; Ad9233FrameCapture:U2_frame_capture|Ad9233MultistageDecimator:anti_alias_fir|FirDecimatingStage:stage3|snapshot[2][15]                                                                                                                                                                              ; 3       ;
; Ad9233FrameCapture:U2_frame_capture|Ad9233MultistageDecimator:anti_alias_fir|FirDecimatingStage:stage3|snapshot[10][15]                                                                                                                                                                             ; 3       ;
; Ad9233FrameCapture:U2_frame_capture|Ad9233MultistageDecimator:anti_alias_fir|FirDecimatingStage:stage3|snapshot[6][15]                                                                                                                                                                              ; 3       ;
; Ad9233FrameCapture:U2_frame_capture|Ad9233MultistageDecimator:anti_alias_fir|FirDecimatingStage:stage3|snapshot[13][15]                                                                                                                                                                             ; 3       ;
; Ad9233FrameCapture:U2_frame_capture|Ad9233MultistageDecimator:anti_alias_fir|FirDecimatingStage:stage3|snapshot[1][15]                                                                                                                                                                              ; 3       ;
; Ad9233FrameCapture:U2_frame_capture|Ad9233MultistageDecimator:anti_alias_fir|FirDecimatingStage:stage3|snapshot[5][15]                                                                                                                                                                              ; 3       ;
; Ad9233FrameCapture:U2_frame_capture|Ad9233MultistageDecimator:anti_alias_fir|FirDecimatingStage:stage3|snapshot[9][15]                                                                                                                                                                              ; 3       ;
; Ad9233FrameCapture:U2_frame_capture|Ad9233MultistageDecimator:anti_alias_fir|FirDecimatingStage:stage3|snapshot[31][15]                                                                                                                                                                             ; 3       ;
; Ad9233FrameCapture:U2_frame_capture|Ad9233MultistageDecimator:anti_alias_fir|FirDecimatingStage:stage3|snapshot[19][15]                                                                                                                                                                             ; 3       ;
; Ad9233FrameCapture:U2_frame_capture|Ad9233MultistageDecimator:anti_alias_fir|FirDecimatingStage:stage3|snapshot[23][15]                                                                                                                                                                             ; 3       ;
; Ad9233FrameCapture:U2_frame_capture|Ad9233MultistageDecimator:anti_alias_fir|FirDecimatingStage:stage3|snapshot[27][15]                                                                                                                                                                             ; 3       ;
; Ad9233FrameCapture:U2_frame_capture|Ad9233MultistageDecimator:anti_alias_fir|FirDecimatingStage:stage3|snapshot[28][15]                                                                                                                                                                             ; 3       ;
; Ad9233FrameCapture:U2_frame_capture|Ad9233MultistageDecimator:anti_alias_fir|FirDecimatingStage:stage3|snapshot[16][15]                                                                                                                                                                             ; 3       ;
; Ad9233FrameCapture:U2_frame_capture|Ad9233MultistageDecimator:anti_alias_fir|FirDecimatingStage:stage3|snapshot[24][15]                                                                                                                                                                             ; 3       ;
; Ad9233FrameCapture:U2_frame_capture|Ad9233MultistageDecimator:anti_alias_fir|FirDecimatingStage:stage3|snapshot[20][15]                                                                                                                                                                             ; 3       ;
; Ad9233FrameCapture:U2_frame_capture|Ad9233MultistageDecimator:anti_alias_fir|FirDecimatingStage:stage3|snapshot[29][15]                                                                                                                                                                             ; 3       ;
; Ad9233FrameCapture:U2_frame_capture|Ad9233MultistageDecimator:anti_alias_fir|FirDecimatingStage:stage3|snapshot[17][15]                                                                                                                                                                             ; 3       ;
; Ad9233FrameCapture:U2_frame_capture|Ad9233MultistageDecimator:anti_alias_fir|FirDecimatingStage:stage3|snapshot[21][15]                                                                                                                                                                             ; 3       ;
; Ad9233FrameCapture:U2_frame_capture|Ad9233MultistageDecimator:anti_alias_fir|FirDecimatingStage:stage3|snapshot[25][15]                                                                                                                                                                             ; 3       ;
; Ad9233FrameCapture:U2_frame_capture|Ad9233MultistageDecimator:anti_alias_fir|FirDecimatingStage:stage3|snapshot[30][15]                                                                                                                                                                             ; 3       ;
; Ad9233FrameCapture:U2_frame_capture|Ad9233MultistageDecimator:anti_alias_fir|FirDecimatingStage:stage3|snapshot[18][15]                                                                                                                                                                             ; 3       ;
; Ad9233FrameCapture:U2_frame_capture|Ad9233MultistageDecimator:anti_alias_fir|FirDecimatingStage:stage3|snapshot[26][15]                                                                                                                                                                             ; 3       ;
; Ad9233FrameCapture:U2_frame_capture|Ad9233MultistageDecimator:anti_alias_fir|FirDecimatingStage:stage3|snapshot[22][15]                                                                                                                                                                             ; 3       ;
; Ad9233FrameCapture:U2_frame_capture|Ad9233MultistageDecimator:anti_alias_fir|FirDecimatingStage:stage3|snapshot[38][14]                                                                                                                                                                             ; 3       ;
; Ad9233FrameCapture:U2_frame_capture|Ad9233MultistageDecimator:anti_alias_fir|FirDecimatingStage:stage3|snapshot[36][14]                                                                                                                                                                             ; 3       ;
; Ad9233FrameCapture:U2_frame_capture|Ad9233MultistageDecimator:anti_alias_fir|FirDecimatingStage:stage3|snapshot[35][14]                                                                                                                                                                             ; 3       ;
; Ad9233FrameCapture:U2_frame_capture|Ad9233MultistageDecimator:anti_alias_fir|FirDecimatingStage:stage3|snapshot[32][14]                                                                                                                                                                             ; 3       ;
; Ad9233FrameCapture:U2_frame_capture|Ad9233MultistageDecimator:anti_alias_fir|FirDecimatingStage:stage3|snapshot[34][14]                                                                                                                                                                             ; 3       ;
; Ad9233FrameCapture:U2_frame_capture|Ad9233MultistageDecimator:anti_alias_fir|FirDecimatingStage:stage3|snapshot[33][14]                                                                                                                                                                             ; 3       ;
; Ad9233FrameCapture:U2_frame_capture|Ad9233MultistageDecimator:anti_alias_fir|FirDecimatingStage:stage3|snapshot[37][14]                                                                                                                                                                             ; 3       ;
; Ad9233FrameCapture:U2_frame_capture|Ad9233MultistageDecimator:anti_alias_fir|FirDecimatingStage:stage3|snapshot[15][14]                                                                                                                                                                             ; 3       ;
; Ad9233FrameCapture:U2_frame_capture|Ad9233MultistageDecimator:anti_alias_fir|FirDecimatingStage:stage3|snapshot[3][14]                                                                                                                                                                              ; 3       ;
; Ad9233FrameCapture:U2_frame_capture|Ad9233MultistageDecimator:anti_alias_fir|FirDecimatingStage:stage3|snapshot[7][14]                                                                                                                                                                              ; 3       ;
; Ad9233FrameCapture:U2_frame_capture|Ad9233MultistageDecimator:anti_alias_fir|FirDecimatingStage:stage3|snapshot[11][14]                                                                                                                                                                             ; 3       ;
; Ad9233FrameCapture:U2_frame_capture|Ad9233MultistageDecimator:anti_alias_fir|FirDecimatingStage:stage3|snapshot[12][14]                                                                                                                                                                             ; 3       ;
; Ad9233FrameCapture:U2_frame_capture|Ad9233MultistageDecimator:anti_alias_fir|FirDecimatingStage:stage3|snapshot[0][14]                                                                                                                                                                              ; 3       ;
; Ad9233FrameCapture:U2_frame_capture|Ad9233MultistageDecimator:anti_alias_fir|FirDecimatingStage:stage3|snapshot[8][14]                                                                                                                                                                              ; 3       ;
; Ad9233FrameCapture:U2_frame_capture|Ad9233MultistageDecimator:anti_alias_fir|FirDecimatingStage:stage3|snapshot[4][14]                                                                                                                                                                              ; 3       ;
; Ad9233FrameCapture:U2_frame_capture|Ad9233MultistageDecimator:anti_alias_fir|FirDecimatingStage:stage3|snapshot[14][14]                                                                                                                                                                             ; 3       ;
; Ad9233FrameCapture:U2_frame_capture|Ad9233MultistageDecimator:anti_alias_fir|FirDecimatingStage:stage3|snapshot[2][14]                                                                                                                                                                              ; 3       ;
; Ad9233FrameCapture:U2_frame_capture|Ad9233MultistageDecimator:anti_alias_fir|FirDecimatingStage:stage3|snapshot[10][14]                                                                                                                                                                             ; 3       ;
; Ad9233FrameCapture:U2_frame_capture|Ad9233MultistageDecimator:anti_alias_fir|FirDecimatingStage:stage3|snapshot[6][14]                                                                                                                                                                              ; 3       ;
; Ad9233FrameCapture:U2_frame_capture|Ad9233MultistageDecimator:anti_alias_fir|FirDecimatingStage:stage3|snapshot[13][14]                                                                                                                                                                             ; 3       ;
; Ad9233FrameCapture:U2_frame_capture|Ad9233MultistageDecimator:anti_alias_fir|FirDecimatingStage:stage3|snapshot[1][14]                                                                                                                                                                              ; 3       ;
; Ad9233FrameCapture:U2_frame_capture|Ad9233MultistageDecimator:anti_alias_fir|FirDecimatingStage:stage3|snapshot[5][14]                                                                                                                                                                              ; 3       ;
; Ad9233FrameCapture:U2_frame_capture|Ad9233MultistageDecimator:anti_alias_fir|FirDecimatingStage:stage3|snapshot[9][14]                                                                                                                                                                              ; 3       ;
; Ad9233FrameCapture:U2_frame_capture|Ad9233MultistageDecimator:anti_alias_fir|FirDecimatingStage:stage3|snapshot[31][14]                                                                                                                                                                             ; 3       ;
; Ad9233FrameCapture:U2_frame_capture|Ad9233MultistageDecimator:anti_alias_fir|FirDecimatingStage:stage3|snapshot[19][14]                                                                                                                                                                             ; 3       ;
; Ad9233FrameCapture:U2_frame_capture|Ad9233MultistageDecimator:anti_alias_fir|FirDecimatingStage:stage3|snapshot[23][14]                                                                                                                                                                             ; 3       ;
; Ad9233FrameCapture:U2_frame_capture|Ad9233MultistageDecimator:anti_alias_fir|FirDecimatingStage:stage3|snapshot[27][14]                                                                                                                                                                             ; 3       ;
; Ad9233FrameCapture:U2_frame_capture|Ad9233MultistageDecimator:anti_alias_fir|FirDecimatingStage:stage3|snapshot[28][14]                                                                                                                                                                             ; 3       ;
; Ad9233FrameCapture:U2_frame_capture|Ad9233MultistageDecimator:anti_alias_fir|FirDecimatingStage:stage3|snapshot[16][14]                                                                                                                                                                             ; 3       ;
; Ad9233FrameCapture:U2_frame_capture|Ad9233MultistageDecimator:anti_alias_fir|FirDecimatingStage:stage3|snapshot[24][14]                                                                                                                                                                             ; 3       ;
; Ad9233FrameCapture:U2_frame_capture|Ad9233MultistageDecimator:anti_alias_fir|FirDecimatingStage:stage3|snapshot[20][14]                                                                                                                                                                             ; 3       ;
; Ad9233FrameCapture:U2_frame_capture|Ad9233MultistageDecimator:anti_alias_fir|FirDecimatingStage:stage3|snapshot[29][14]                                                                                                                                                                             ; 3       ;
; Ad9233FrameCapture:U2_frame_capture|Ad9233MultistageDecimator:anti_alias_fir|FirDecimatingStage:stage3|snapshot[17][14]                                                                                                                                                                             ; 3       ;
; Ad9233FrameCapture:U2_frame_capture|Ad9233MultistageDecimator:anti_alias_fir|FirDecimatingStage:stage3|snapshot[21][14]                                                                                                                                                                             ; 3       ;
; Ad9233FrameCapture:U2_frame_capture|Ad9233MultistageDecimator:anti_alias_fir|FirDecimatingStage:stage3|snapshot[25][14]                                                                                                                                                                             ; 3       ;
; Ad9233FrameCapture:U2_frame_capture|Ad9233MultistageDecimator:anti_alias_fir|FirDecimatingStage:stage3|snapshot[30][14]                                                                                                                                                                             ; 3       ;
; Ad9233FrameCapture:U2_frame_capture|Ad9233MultistageDecimator:anti_alias_fir|FirDecimatingStage:stage3|snapshot[18][14]                                                                                                                                                                             ; 3       ;
; Ad9233FrameCapture:U2_frame_capture|Ad9233MultistageDecimator:anti_alias_fir|FirDecimatingStage:stage3|snapshot[26][14]                                                                                                                                                                             ; 3       ;
; Ad9233FrameCapture:U2_frame_capture|Ad9233MultistageDecimator:anti_alias_fir|FirDecimatingStage:stage3|snapshot[22][14]                                                                                                                                                                             ; 3       ;
; Ad9233FrameCapture:U2_frame_capture|Ad9233MultistageDecimator:anti_alias_fir|FirDecimatingStage:stage3|snapshot[38][13]                                                                                                                                                                             ; 3       ;
; Ad9233FrameCapture:U2_frame_capture|Ad9233MultistageDecimator:anti_alias_fir|FirDecimatingStage:stage3|snapshot[36][13]                                                                                                                                                                             ; 3       ;
; Ad9233FrameCapture:U2_frame_capture|Ad9233MultistageDecimator:anti_alias_fir|FirDecimatingStage:stage3|snapshot[37][13]                                                                                                                                                                             ; 3       ;
; Ad9233FrameCapture:U2_frame_capture|Ad9233MultistageDecimator:anti_alias_fir|FirDecimatingStage:stage3|snapshot[35][13]                                                                                                                                                                             ; 3       ;
; Ad9233FrameCapture:U2_frame_capture|Ad9233MultistageDecimator:anti_alias_fir|FirDecimatingStage:stage3|snapshot[32][13]                                                                                                                                                                             ; 3       ;
; Ad9233FrameCapture:U2_frame_capture|Ad9233MultistageDecimator:anti_alias_fir|FirDecimatingStage:stage3|snapshot[33][13]                                                                                                                                                                             ; 3       ;
; Ad9233FrameCapture:U2_frame_capture|Ad9233MultistageDecimator:anti_alias_fir|FirDecimatingStage:stage3|snapshot[34][13]                                                                                                                                                                             ; 3       ;
; Ad9233FrameCapture:U2_frame_capture|Ad9233MultistageDecimator:anti_alias_fir|FirDecimatingStage:stage3|snapshot[15][13]                                                                                                                                                                             ; 3       ;
; Ad9233FrameCapture:U2_frame_capture|Ad9233MultistageDecimator:anti_alias_fir|FirDecimatingStage:stage3|snapshot[3][13]                                                                                                                                                                              ; 3       ;
; Ad9233FrameCapture:U2_frame_capture|Ad9233MultistageDecimator:anti_alias_fir|FirDecimatingStage:stage3|snapshot[7][13]                                                                                                                                                                              ; 3       ;
; Ad9233FrameCapture:U2_frame_capture|Ad9233MultistageDecimator:anti_alias_fir|FirDecimatingStage:stage3|snapshot[11][13]                                                                                                                                                                             ; 3       ;
; Ad9233FrameCapture:U2_frame_capture|Ad9233MultistageDecimator:anti_alias_fir|FirDecimatingStage:stage3|snapshot[12][13]                                                                                                                                                                             ; 3       ;
; Ad9233FrameCapture:U2_frame_capture|Ad9233MultistageDecimator:anti_alias_fir|FirDecimatingStage:stage3|snapshot[0][13]                                                                                                                                                                              ; 3       ;
; Ad9233FrameCapture:U2_frame_capture|Ad9233MultistageDecimator:anti_alias_fir|FirDecimatingStage:stage3|snapshot[8][13]                                                                                                                                                                              ; 3       ;
; Ad9233FrameCapture:U2_frame_capture|Ad9233MultistageDecimator:anti_alias_fir|FirDecimatingStage:stage3|snapshot[4][13]                                                                                                                                                                              ; 3       ;
; Ad9233FrameCapture:U2_frame_capture|Ad9233MultistageDecimator:anti_alias_fir|FirDecimatingStage:stage3|snapshot[14][13]                                                                                                                                                                             ; 3       ;
; Ad9233FrameCapture:U2_frame_capture|Ad9233MultistageDecimator:anti_alias_fir|FirDecimatingStage:stage3|snapshot[2][13]                                                                                                                                                                              ; 3       ;
; Ad9233FrameCapture:U2_frame_capture|Ad9233MultistageDecimator:anti_alias_fir|FirDecimatingStage:stage3|snapshot[10][13]                                                                                                                                                                             ; 3       ;
; Ad9233FrameCapture:U2_frame_capture|Ad9233MultistageDecimator:anti_alias_fir|FirDecimatingStage:stage3|snapshot[6][13]                                                                                                                                                                              ; 3       ;
; Ad9233FrameCapture:U2_frame_capture|Ad9233MultistageDecimator:anti_alias_fir|FirDecimatingStage:stage3|snapshot[13][13]                                                                                                                                                                             ; 3       ;
; Ad9233FrameCapture:U2_frame_capture|Ad9233MultistageDecimator:anti_alias_fir|FirDecimatingStage:stage3|snapshot[1][13]                                                                                                                                                                              ; 3       ;
; Ad9233FrameCapture:U2_frame_capture|Ad9233MultistageDecimator:anti_alias_fir|FirDecimatingStage:stage3|snapshot[5][13]                                                                                                                                                                              ; 3       ;
; Ad9233FrameCapture:U2_frame_capture|Ad9233MultistageDecimator:anti_alias_fir|FirDecimatingStage:stage3|snapshot[9][13]                                                                                                                                                                              ; 3       ;
; Ad9233FrameCapture:U2_frame_capture|Ad9233MultistageDecimator:anti_alias_fir|FirDecimatingStage:stage3|snapshot[31][13]                                                                                                                                                                             ; 3       ;
; Ad9233FrameCapture:U2_frame_capture|Ad9233MultistageDecimator:anti_alias_fir|FirDecimatingStage:stage3|snapshot[19][13]                                                                                                                                                                             ; 3       ;
; Ad9233FrameCapture:U2_frame_capture|Ad9233MultistageDecimator:anti_alias_fir|FirDecimatingStage:stage3|snapshot[23][13]                                                                                                                                                                             ; 3       ;
; Ad9233FrameCapture:U2_frame_capture|Ad9233MultistageDecimator:anti_alias_fir|FirDecimatingStage:stage3|snapshot[27][13]                                                                                                                                                                             ; 3       ;
; Ad9233FrameCapture:U2_frame_capture|Ad9233MultistageDecimator:anti_alias_fir|FirDecimatingStage:stage3|snapshot[28][13]                                                                                                                                                                             ; 3       ;
; Ad9233FrameCapture:U2_frame_capture|Ad9233MultistageDecimator:anti_alias_fir|FirDecimatingStage:stage3|snapshot[16][13]                                                                                                                                                                             ; 3       ;
; Ad9233FrameCapture:U2_frame_capture|Ad9233MultistageDecimator:anti_alias_fir|FirDecimatingStage:stage3|snapshot[24][13]                                                                                                                                                                             ; 3       ;
; Ad9233FrameCapture:U2_frame_capture|Ad9233MultistageDecimator:anti_alias_fir|FirDecimatingStage:stage3|snapshot[20][13]                                                                                                                                                                             ; 3       ;
; Ad9233FrameCapture:U2_frame_capture|Ad9233MultistageDecimator:anti_alias_fir|FirDecimatingStage:stage3|snapshot[29][13]                                                                                                                                                                             ; 3       ;
; Ad9233FrameCapture:U2_frame_capture|Ad9233MultistageDecimator:anti_alias_fir|FirDecimatingStage:stage3|snapshot[17][13]                                                                                                                                                                             ; 3       ;
; Ad9233FrameCapture:U2_frame_capture|Ad9233MultistageDecimator:anti_alias_fir|FirDecimatingStage:stage3|snapshot[21][13]                                                                                                                                                                             ; 3       ;
; Ad9233FrameCapture:U2_frame_capture|Ad9233MultistageDecimator:anti_alias_fir|FirDecimatingStage:stage3|snapshot[25][13]                                                                                                                                                                             ; 3       ;
; Ad9233FrameCapture:U2_frame_capture|Ad9233MultistageDecimator:anti_alias_fir|FirDecimatingStage:stage3|snapshot[30][13]                                                                                                                                                                             ; 3       ;
; Ad9233FrameCapture:U2_frame_capture|Ad9233MultistageDecimator:anti_alias_fir|FirDecimatingStage:stage3|snapshot[18][13]                                                                                                                                                                             ; 3       ;
; Ad9233FrameCapture:U2_frame_capture|Ad9233MultistageDecimator:anti_alias_fir|FirDecimatingStage:stage3|snapshot[26][13]                                                                                                                                                                             ; 3       ;
; Ad9233FrameCapture:U2_frame_capture|Ad9233MultistageDecimator:anti_alias_fir|FirDecimatingStage:stage3|snapshot[22][13]                                                                                                                                                                             ; 3       ;
; Ad9233FrameCapture:U2_frame_capture|Ad9233MultistageDecimator:anti_alias_fir|FirDecimatingStage:stage3|snapshot[38][12]                                                                                                                                                                             ; 3       ;
; Ad9233FrameCapture:U2_frame_capture|Ad9233MultistageDecimator:anti_alias_fir|FirDecimatingStage:stage3|snapshot[36][12]                                                                                                                                                                             ; 3       ;
; Ad9233FrameCapture:U2_frame_capture|Ad9233MultistageDecimator:anti_alias_fir|FirDecimatingStage:stage3|snapshot[35][12]                                                                                                                                                                             ; 3       ;
; Ad9233FrameCapture:U2_frame_capture|Ad9233MultistageDecimator:anti_alias_fir|FirDecimatingStage:stage3|snapshot[32][12]                                                                                                                                                                             ; 3       ;
; Ad9233FrameCapture:U2_frame_capture|Ad9233MultistageDecimator:anti_alias_fir|FirDecimatingStage:stage3|snapshot[34][12]                                                                                                                                                                             ; 3       ;
; Ad9233FrameCapture:U2_frame_capture|Ad9233MultistageDecimator:anti_alias_fir|FirDecimatingStage:stage3|snapshot[33][12]                                                                                                                                                                             ; 3       ;
; Ad9233FrameCapture:U2_frame_capture|Ad9233MultistageDecimator:anti_alias_fir|FirDecimatingStage:stage3|snapshot[37][12]                                                                                                                                                                             ; 3       ;
; Ad9233FrameCapture:U2_frame_capture|Ad9233MultistageDecimator:anti_alias_fir|FirDecimatingStage:stage3|snapshot[15][12]                                                                                                                                                                             ; 3       ;
; Ad9233FrameCapture:U2_frame_capture|Ad9233MultistageDecimator:anti_alias_fir|FirDecimatingStage:stage3|snapshot[3][12]                                                                                                                                                                              ; 3       ;
; Ad9233FrameCapture:U2_frame_capture|Ad9233MultistageDecimator:anti_alias_fir|FirDecimatingStage:stage3|snapshot[7][12]                                                                                                                                                                              ; 3       ;
; Ad9233FrameCapture:U2_frame_capture|Ad9233MultistageDecimator:anti_alias_fir|FirDecimatingStage:stage3|snapshot[11][12]                                                                                                                                                                             ; 3       ;
; Ad9233FrameCapture:U2_frame_capture|Ad9233MultistageDecimator:anti_alias_fir|FirDecimatingStage:stage3|snapshot[12][12]                                                                                                                                                                             ; 3       ;
; Ad9233FrameCapture:U2_frame_capture|Ad9233MultistageDecimator:anti_alias_fir|FirDecimatingStage:stage3|snapshot[0][12]                                                                                                                                                                              ; 3       ;
; Ad9233FrameCapture:U2_frame_capture|Ad9233MultistageDecimator:anti_alias_fir|FirDecimatingStage:stage3|snapshot[8][12]                                                                                                                                                                              ; 3       ;
; Ad9233FrameCapture:U2_frame_capture|Ad9233MultistageDecimator:anti_alias_fir|FirDecimatingStage:stage3|snapshot[4][12]                                                                                                                                                                              ; 3       ;
; Ad9233FrameCapture:U2_frame_capture|Ad9233MultistageDecimator:anti_alias_fir|FirDecimatingStage:stage3|snapshot[14][12]                                                                                                                                                                             ; 3       ;
; Ad9233FrameCapture:U2_frame_capture|Ad9233MultistageDecimator:anti_alias_fir|FirDecimatingStage:stage3|snapshot[2][12]                                                                                                                                                                              ; 3       ;
; Ad9233FrameCapture:U2_frame_capture|Ad9233MultistageDecimator:anti_alias_fir|FirDecimatingStage:stage3|snapshot[10][12]                                                                                                                                                                             ; 3       ;
; Ad9233FrameCapture:U2_frame_capture|Ad9233MultistageDecimator:anti_alias_fir|FirDecimatingStage:stage3|snapshot[6][12]                                                                                                                                                                              ; 3       ;
; Ad9233FrameCapture:U2_frame_capture|Ad9233MultistageDecimator:anti_alias_fir|FirDecimatingStage:stage3|snapshot[13][12]                                                                                                                                                                             ; 3       ;
; Ad9233FrameCapture:U2_frame_capture|Ad9233MultistageDecimator:anti_alias_fir|FirDecimatingStage:stage3|snapshot[1][12]                                                                                                                                                                              ; 3       ;
; Ad9233FrameCapture:U2_frame_capture|Ad9233MultistageDecimator:anti_alias_fir|FirDecimatingStage:stage3|snapshot[5][12]                                                                                                                                                                              ; 3       ;
; Ad9233FrameCapture:U2_frame_capture|Ad9233MultistageDecimator:anti_alias_fir|FirDecimatingStage:stage3|snapshot[9][12]                                                                                                                                                                              ; 3       ;
; Ad9233FrameCapture:U2_frame_capture|Ad9233MultistageDecimator:anti_alias_fir|FirDecimatingStage:stage3|snapshot[31][12]                                                                                                                                                                             ; 3       ;
; Ad9233FrameCapture:U2_frame_capture|Ad9233MultistageDecimator:anti_alias_fir|FirDecimatingStage:stage3|snapshot[19][12]                                                                                                                                                                             ; 3       ;
; Ad9233FrameCapture:U2_frame_capture|Ad9233MultistageDecimator:anti_alias_fir|FirDecimatingStage:stage3|snapshot[23][12]                                                                                                                                                                             ; 3       ;
; Ad9233FrameCapture:U2_frame_capture|Ad9233MultistageDecimator:anti_alias_fir|FirDecimatingStage:stage3|snapshot[27][12]                                                                                                                                                                             ; 3       ;
; Ad9233FrameCapture:U2_frame_capture|Ad9233MultistageDecimator:anti_alias_fir|FirDecimatingStage:stage3|snapshot[28][12]                                                                                                                                                                             ; 3       ;
; Ad9233FrameCapture:U2_frame_capture|Ad9233MultistageDecimator:anti_alias_fir|FirDecimatingStage:stage3|snapshot[16][12]                                                                                                                                                                             ; 3       ;
; Ad9233FrameCapture:U2_frame_capture|Ad9233MultistageDecimator:anti_alias_fir|FirDecimatingStage:stage3|snapshot[24][12]                                                                                                                                                                             ; 3       ;
; Ad9233FrameCapture:U2_frame_capture|Ad9233MultistageDecimator:anti_alias_fir|FirDecimatingStage:stage3|snapshot[20][12]                                                                                                                                                                             ; 3       ;
; Ad9233FrameCapture:U2_frame_capture|Ad9233MultistageDecimator:anti_alias_fir|FirDecimatingStage:stage3|snapshot[29][12]                                                                                                                                                                             ; 3       ;
; Ad9233FrameCapture:U2_frame_capture|Ad9233MultistageDecimator:anti_alias_fir|FirDecimatingStage:stage3|snapshot[17][12]                                                                                                                                                                             ; 3       ;
; Ad9233FrameCapture:U2_frame_capture|Ad9233MultistageDecimator:anti_alias_fir|FirDecimatingStage:stage3|snapshot[21][12]                                                                                                                                                                             ; 3       ;
; Ad9233FrameCapture:U2_frame_capture|Ad9233MultistageDecimator:anti_alias_fir|FirDecimatingStage:stage3|snapshot[25][12]                                                                                                                                                                             ; 3       ;
; Ad9233FrameCapture:U2_frame_capture|Ad9233MultistageDecimator:anti_alias_fir|FirDecimatingStage:stage3|snapshot[30][12]                                                                                                                                                                             ; 3       ;
; Ad9233FrameCapture:U2_frame_capture|Ad9233MultistageDecimator:anti_alias_fir|FirDecimatingStage:stage3|snapshot[18][12]                                                                                                                                                                             ; 3       ;
; Ad9233FrameCapture:U2_frame_capture|Ad9233MultistageDecimator:anti_alias_fir|FirDecimatingStage:stage3|snapshot[26][12]                                                                                                                                                                             ; 3       ;
; Ad9233FrameCapture:U2_frame_capture|Ad9233MultistageDecimator:anti_alias_fir|FirDecimatingStage:stage3|snapshot[22][12]                                                                                                                                                                             ; 3       ;
; Ad9233FrameCapture:U2_frame_capture|Ad9233MultistageDecimator:anti_alias_fir|FirDecimatingStage:stage3|snapshot[38][11]                                                                                                                                                                             ; 3       ;
; Ad9233FrameCapture:U2_frame_capture|Ad9233MultistageDecimator:anti_alias_fir|FirDecimatingStage:stage3|snapshot[36][11]                                                                                                                                                                             ; 3       ;
; Ad9233FrameCapture:U2_frame_capture|Ad9233MultistageDecimator:anti_alias_fir|FirDecimatingStage:stage3|snapshot[37][11]                                                                                                                                                                             ; 3       ;
; Ad9233FrameCapture:U2_frame_capture|Ad9233MultistageDecimator:anti_alias_fir|FirDecimatingStage:stage3|snapshot[35][11]                                                                                                                                                                             ; 3       ;
; Ad9233FrameCapture:U2_frame_capture|Ad9233MultistageDecimator:anti_alias_fir|FirDecimatingStage:stage3|snapshot[32][11]                                                                                                                                                                             ; 3       ;
; Ad9233FrameCapture:U2_frame_capture|Ad9233MultistageDecimator:anti_alias_fir|FirDecimatingStage:stage3|snapshot[33][11]                                                                                                                                                                             ; 3       ;
; Ad9233FrameCapture:U2_frame_capture|Ad9233MultistageDecimator:anti_alias_fir|FirDecimatingStage:stage3|snapshot[34][11]                                                                                                                                                                             ; 3       ;
; Ad9233FrameCapture:U2_frame_capture|Ad9233MultistageDecimator:anti_alias_fir|FirDecimatingStage:stage3|snapshot[15][11]                                                                                                                                                                             ; 3       ;
; Ad9233FrameCapture:U2_frame_capture|Ad9233MultistageDecimator:anti_alias_fir|FirDecimatingStage:stage3|snapshot[3][11]                                                                                                                                                                              ; 3       ;
; Ad9233FrameCapture:U2_frame_capture|Ad9233MultistageDecimator:anti_alias_fir|FirDecimatingStage:stage3|snapshot[7][11]                                                                                                                                                                              ; 3       ;
; Ad9233FrameCapture:U2_frame_capture|Ad9233MultistageDecimator:anti_alias_fir|FirDecimatingStage:stage3|snapshot[11][11]                                                                                                                                                                             ; 3       ;
; Ad9233FrameCapture:U2_frame_capture|Ad9233MultistageDecimator:anti_alias_fir|FirDecimatingStage:stage3|snapshot[12][11]                                                                                                                                                                             ; 3       ;
; Ad9233FrameCapture:U2_frame_capture|Ad9233MultistageDecimator:anti_alias_fir|FirDecimatingStage:stage3|snapshot[0][11]                                                                                                                                                                              ; 3       ;
; Ad9233FrameCapture:U2_frame_capture|Ad9233MultistageDecimator:anti_alias_fir|FirDecimatingStage:stage3|snapshot[8][11]                                                                                                                                                                              ; 3       ;
; Ad9233FrameCapture:U2_frame_capture|Ad9233MultistageDecimator:anti_alias_fir|FirDecimatingStage:stage3|snapshot[4][11]                                                                                                                                                                              ; 3       ;
; Ad9233FrameCapture:U2_frame_capture|Ad9233MultistageDecimator:anti_alias_fir|FirDecimatingStage:stage3|snapshot[14][11]                                                                                                                                                                             ; 3       ;
; Ad9233FrameCapture:U2_frame_capture|Ad9233MultistageDecimator:anti_alias_fir|FirDecimatingStage:stage3|snapshot[2][11]                                                                                                                                                                              ; 3       ;
; Ad9233FrameCapture:U2_frame_capture|Ad9233MultistageDecimator:anti_alias_fir|FirDecimatingStage:stage3|snapshot[10][11]                                                                                                                                                                             ; 3       ;
; Ad9233FrameCapture:U2_frame_capture|Ad9233MultistageDecimator:anti_alias_fir|FirDecimatingStage:stage3|snapshot[6][11]                                                                                                                                                                              ; 3       ;
; Ad9233FrameCapture:U2_frame_capture|Ad9233MultistageDecimator:anti_alias_fir|FirDecimatingStage:stage3|snapshot[13][11]                                                                                                                                                                             ; 3       ;
; Ad9233FrameCapture:U2_frame_capture|Ad9233MultistageDecimator:anti_alias_fir|FirDecimatingStage:stage3|snapshot[1][11]                                                                                                                                                                              ; 3       ;
; Ad9233FrameCapture:U2_frame_capture|Ad9233MultistageDecimator:anti_alias_fir|FirDecimatingStage:stage3|snapshot[5][11]                                                                                                                                                                              ; 3       ;
; Ad9233FrameCapture:U2_frame_capture|Ad9233MultistageDecimator:anti_alias_fir|FirDecimatingStage:stage3|snapshot[9][11]                                                                                                                                                                              ; 3       ;
; Ad9233FrameCapture:U2_frame_capture|Ad9233MultistageDecimator:anti_alias_fir|FirDecimatingStage:stage3|snapshot[31][11]                                                                                                                                                                             ; 3       ;
; Ad9233FrameCapture:U2_frame_capture|Ad9233MultistageDecimator:anti_alias_fir|FirDecimatingStage:stage3|snapshot[21][11]                                                                                                                                                                             ; 3       ;
; Ad9233FrameCapture:U2_frame_capture|Ad9233MultistageDecimator:anti_alias_fir|FirDecimatingStage:stage3|snapshot[29][11]                                                                                                                                                                             ; 3       ;
; Ad9233FrameCapture:U2_frame_capture|Ad9233MultistageDecimator:anti_alias_fir|FirDecimatingStage:stage3|snapshot[23][11]                                                                                                                                                                             ; 3       ;
; Ad9233FrameCapture:U2_frame_capture|Ad9233MultistageDecimator:anti_alias_fir|FirDecimatingStage:stage3|snapshot[26][11]                                                                                                                                                                             ; 3       ;
; Ad9233FrameCapture:U2_frame_capture|Ad9233MultistageDecimator:anti_alias_fir|FirDecimatingStage:stage3|snapshot[16][11]                                                                                                                                                                             ; 3       ;
; Ad9233FrameCapture:U2_frame_capture|Ad9233MultistageDecimator:anti_alias_fir|FirDecimatingStage:stage3|snapshot[18][11]                                                                                                                                                                             ; 3       ;
; Ad9233FrameCapture:U2_frame_capture|Ad9233MultistageDecimator:anti_alias_fir|FirDecimatingStage:stage3|snapshot[24][11]                                                                                                                                                                             ; 3       ;
; Ad9233FrameCapture:U2_frame_capture|Ad9233MultistageDecimator:anti_alias_fir|FirDecimatingStage:stage3|snapshot[27][11]                                                                                                                                                                             ; 3       ;
; Ad9233FrameCapture:U2_frame_capture|Ad9233MultistageDecimator:anti_alias_fir|FirDecimatingStage:stage3|snapshot[17][11]                                                                                                                                                                             ; 3       ;
; Ad9233FrameCapture:U2_frame_capture|Ad9233MultistageDecimator:anti_alias_fir|FirDecimatingStage:stage3|snapshot[25][11]                                                                                                                                                                             ; 3       ;
; Ad9233FrameCapture:U2_frame_capture|Ad9233MultistageDecimator:anti_alias_fir|FirDecimatingStage:stage3|snapshot[19][11]                                                                                                                                                                             ; 3       ;
; Ad9233FrameCapture:U2_frame_capture|Ad9233MultistageDecimator:anti_alias_fir|FirDecimatingStage:stage3|snapshot[30][11]                                                                                                                                                                             ; 3       ;
; Ad9233FrameCapture:U2_frame_capture|Ad9233MultistageDecimator:anti_alias_fir|FirDecimatingStage:stage3|snapshot[20][11]                                                                                                                                                                             ; 3       ;
; Ad9233FrameCapture:U2_frame_capture|Ad9233MultistageDecimator:anti_alias_fir|FirDecimatingStage:stage3|snapshot[22][11]                                                                                                                                                                             ; 3       ;
; Ad9233FrameCapture:U2_frame_capture|Ad9233MultistageDecimator:anti_alias_fir|FirDecimatingStage:stage3|snapshot[28][11]                                                                                                                                                                             ; 3       ;
; Ad9233FrameCapture:U2_frame_capture|Ad9233MultistageDecimator:anti_alias_fir|FirDecimatingStage:stage3|snapshot[38][10]                                                                                                                                                                             ; 3       ;
; Ad9233FrameCapture:U2_frame_capture|Ad9233MultistageDecimator:anti_alias_fir|FirDecimatingStage:stage3|snapshot[36][10]                                                                                                                                                                             ; 3       ;
; Ad9233FrameCapture:U2_frame_capture|Ad9233MultistageDecimator:anti_alias_fir|FirDecimatingStage:stage3|snapshot[35][10]                                                                                                                                                                             ; 3       ;
; Ad9233FrameCapture:U2_frame_capture|Ad9233MultistageDecimator:anti_alias_fir|FirDecimatingStage:stage3|snapshot[32][10]                                                                                                                                                                             ; 3       ;
; Ad9233FrameCapture:U2_frame_capture|Ad9233MultistageDecimator:anti_alias_fir|FirDecimatingStage:stage3|snapshot[34][10]                                                                                                                                                                             ; 3       ;
; Ad9233FrameCapture:U2_frame_capture|Ad9233MultistageDecimator:anti_alias_fir|FirDecimatingStage:stage3|snapshot[33][10]                                                                                                                                                                             ; 3       ;
; Ad9233FrameCapture:U2_frame_capture|Ad9233MultistageDecimator:anti_alias_fir|FirDecimatingStage:stage3|snapshot[37][10]                                                                                                                                                                             ; 3       ;
; Ad9233FrameCapture:U2_frame_capture|Ad9233MultistageDecimator:anti_alias_fir|FirDecimatingStage:stage3|snapshot[15][10]                                                                                                                                                                             ; 3       ;
; Ad9233FrameCapture:U2_frame_capture|Ad9233MultistageDecimator:anti_alias_fir|FirDecimatingStage:stage3|snapshot[10][10]                                                                                                                                                                             ; 3       ;
; Ad9233FrameCapture:U2_frame_capture|Ad9233MultistageDecimator:anti_alias_fir|FirDecimatingStage:stage3|snapshot[11][10]                                                                                                                                                                             ; 3       ;
; Ad9233FrameCapture:U2_frame_capture|Ad9233MultistageDecimator:anti_alias_fir|FirDecimatingStage:stage3|snapshot[14][10]                                                                                                                                                                             ; 3       ;
; Ad9233FrameCapture:U2_frame_capture|Ad9233MultistageDecimator:anti_alias_fir|FirDecimatingStage:stage3|snapshot[5][10]                                                                                                                                                                              ; 3       ;
; Ad9233FrameCapture:U2_frame_capture|Ad9233MultistageDecimator:anti_alias_fir|FirDecimatingStage:stage3|snapshot[0][10]                                                                                                                                                                              ; 3       ;
; Ad9233FrameCapture:U2_frame_capture|Ad9233MultistageDecimator:anti_alias_fir|FirDecimatingStage:stage3|snapshot[1][10]                                                                                                                                                                              ; 3       ;
; Ad9233FrameCapture:U2_frame_capture|Ad9233MultistageDecimator:anti_alias_fir|FirDecimatingStage:stage3|snapshot[4][10]                                                                                                                                                                              ; 3       ;
; Ad9233FrameCapture:U2_frame_capture|Ad9233MultistageDecimator:anti_alias_fir|FirDecimatingStage:stage3|snapshot[7][10]                                                                                                                                                                              ; 3       ;
; Ad9233FrameCapture:U2_frame_capture|Ad9233MultistageDecimator:anti_alias_fir|FirDecimatingStage:stage3|snapshot[2][10]                                                                                                                                                                              ; 3       ;
; Ad9233FrameCapture:U2_frame_capture|Ad9233MultistageDecimator:anti_alias_fir|FirDecimatingStage:stage3|snapshot[6][10]                                                                                                                                                                              ; 3       ;
; Ad9233FrameCapture:U2_frame_capture|Ad9233MultistageDecimator:anti_alias_fir|FirDecimatingStage:stage3|snapshot[3][10]                                                                                                                                                                              ; 3       ;
; Ad9233FrameCapture:U2_frame_capture|Ad9233MultistageDecimator:anti_alias_fir|FirDecimatingStage:stage3|snapshot[13][10]                                                                                                                                                                             ; 3       ;
; Ad9233FrameCapture:U2_frame_capture|Ad9233MultistageDecimator:anti_alias_fir|FirDecimatingStage:stage3|snapshot[8][10]                                                                                                                                                                              ; 3       ;
; Ad9233FrameCapture:U2_frame_capture|Ad9233MultistageDecimator:anti_alias_fir|FirDecimatingStage:stage3|snapshot[9][10]                                                                                                                                                                              ; 3       ;
; Ad9233FrameCapture:U2_frame_capture|Ad9233MultistageDecimator:anti_alias_fir|FirDecimatingStage:stage3|snapshot[12][10]                                                                                                                                                                             ; 3       ;
; Ad9233FrameCapture:U2_frame_capture|Ad9233MultistageDecimator:anti_alias_fir|FirDecimatingStage:stage3|snapshot[31][10]                                                                                                                                                                             ; 3       ;
; Ad9233FrameCapture:U2_frame_capture|Ad9233MultistageDecimator:anti_alias_fir|FirDecimatingStage:stage3|snapshot[21][10]                                                                                                                                                                             ; 3       ;
; Ad9233FrameCapture:U2_frame_capture|Ad9233MultistageDecimator:anti_alias_fir|FirDecimatingStage:stage3|snapshot[23][10]                                                                                                                                                                             ; 3       ;
; Ad9233FrameCapture:U2_frame_capture|Ad9233MultistageDecimator:anti_alias_fir|FirDecimatingStage:stage3|snapshot[29][10]                                                                                                                                                                             ; 3       ;
; Ad9233FrameCapture:U2_frame_capture|Ad9233MultistageDecimator:anti_alias_fir|FirDecimatingStage:stage3|snapshot[26][10]                                                                                                                                                                             ; 3       ;
; Ad9233FrameCapture:U2_frame_capture|Ad9233MultistageDecimator:anti_alias_fir|FirDecimatingStage:stage3|snapshot[16][10]                                                                                                                                                                             ; 3       ;
; Ad9233FrameCapture:U2_frame_capture|Ad9233MultistageDecimator:anti_alias_fir|FirDecimatingStage:stage3|snapshot[24][10]                                                                                                                                                                             ; 3       ;
; Ad9233FrameCapture:U2_frame_capture|Ad9233MultistageDecimator:anti_alias_fir|FirDecimatingStage:stage3|snapshot[18][10]                                                                                                                                                                             ; 3       ;
; Ad9233FrameCapture:U2_frame_capture|Ad9233MultistageDecimator:anti_alias_fir|FirDecimatingStage:stage3|snapshot[30][10]                                                                                                                                                                             ; 3       ;
; Ad9233FrameCapture:U2_frame_capture|Ad9233MultistageDecimator:anti_alias_fir|FirDecimatingStage:stage3|snapshot[20][10]                                                                                                                                                                             ; 3       ;
; Ad9233FrameCapture:U2_frame_capture|Ad9233MultistageDecimator:anti_alias_fir|FirDecimatingStage:stage3|snapshot[28][10]                                                                                                                                                                             ; 3       ;
; Ad9233FrameCapture:U2_frame_capture|Ad9233MultistageDecimator:anti_alias_fir|FirDecimatingStage:stage3|snapshot[22][10]                                                                                                                                                                             ; 3       ;
; Ad9233FrameCapture:U2_frame_capture|Ad9233MultistageDecimator:anti_alias_fir|FirDecimatingStage:stage3|snapshot[27][10]                                                                                                                                                                             ; 3       ;
; Ad9233FrameCapture:U2_frame_capture|Ad9233MultistageDecimator:anti_alias_fir|FirDecimatingStage:stage3|snapshot[17][10]                                                                                                                                                                             ; 3       ;
; Ad9233FrameCapture:U2_frame_capture|Ad9233MultistageDecimator:anti_alias_fir|FirDecimatingStage:stage3|snapshot[19][10]                                                                                                                                                                             ; 3       ;
; Ad9233FrameCapture:U2_frame_capture|Ad9233MultistageDecimator:anti_alias_fir|FirDecimatingStage:stage3|snapshot[25][10]                                                                                                                                                                             ; 3       ;
; Ad9233FrameCapture:U2_frame_capture|Ad9233MultistageDecimator:anti_alias_fir|FirDecimatingStage:stage3|snapshot[38][9]                                                                                                                                                                              ; 3       ;
; Ad9233FrameCapture:U2_frame_capture|Ad9233MultistageDecimator:anti_alias_fir|FirDecimatingStage:stage3|snapshot[36][9]                                                                                                                                                                              ; 3       ;
; Ad9233FrameCapture:U2_frame_capture|Ad9233MultistageDecimator:anti_alias_fir|FirDecimatingStage:stage3|snapshot[37][9]                                                                                                                                                                              ; 3       ;
; Ad9233FrameCapture:U2_frame_capture|Ad9233MultistageDecimator:anti_alias_fir|FirDecimatingStage:stage3|snapshot[35][9]                                                                                                                                                                              ; 3       ;
; Ad9233FrameCapture:U2_frame_capture|Ad9233MultistageDecimator:anti_alias_fir|FirDecimatingStage:stage3|snapshot[32][9]                                                                                                                                                                              ; 3       ;
; Ad9233FrameCapture:U2_frame_capture|Ad9233MultistageDecimator:anti_alias_fir|FirDecimatingStage:stage3|snapshot[33][9]                                                                                                                                                                              ; 3       ;
; Ad9233FrameCapture:U2_frame_capture|Ad9233MultistageDecimator:anti_alias_fir|FirDecimatingStage:stage3|snapshot[34][9]                                                                                                                                                                              ; 3       ;
; Ad9233FrameCapture:U2_frame_capture|Ad9233MultistageDecimator:anti_alias_fir|FirDecimatingStage:stage3|snapshot[15][9]                                                                                                                                                                              ; 3       ;
; Ad9233FrameCapture:U2_frame_capture|Ad9233MultistageDecimator:anti_alias_fir|FirDecimatingStage:stage3|snapshot[10][9]                                                                                                                                                                              ; 3       ;
; Ad9233FrameCapture:U2_frame_capture|Ad9233MultistageDecimator:anti_alias_fir|FirDecimatingStage:stage3|snapshot[14][9]                                                                                                                                                                              ; 3       ;
; Ad9233FrameCapture:U2_frame_capture|Ad9233MultistageDecimator:anti_alias_fir|FirDecimatingStage:stage3|snapshot[11][9]                                                                                                                                                                              ; 3       ;
; Ad9233FrameCapture:U2_frame_capture|Ad9233MultistageDecimator:anti_alias_fir|FirDecimatingStage:stage3|snapshot[5][9]                                                                                                                                                                               ; 3       ;
; Ad9233FrameCapture:U2_frame_capture|Ad9233MultistageDecimator:anti_alias_fir|FirDecimatingStage:stage3|snapshot[0][9]                                                                                                                                                                               ; 3       ;
; Ad9233FrameCapture:U2_frame_capture|Ad9233MultistageDecimator:anti_alias_fir|FirDecimatingStage:stage3|snapshot[1][9]                                                                                                                                                                               ; 3       ;
; Ad9233FrameCapture:U2_frame_capture|Ad9233MultistageDecimator:anti_alias_fir|FirDecimatingStage:stage3|snapshot[4][9]                                                                                                                                                                               ; 3       ;
; Ad9233FrameCapture:U2_frame_capture|Ad9233MultistageDecimator:anti_alias_fir|FirDecimatingStage:stage3|snapshot[13][9]                                                                                                                                                                              ; 3       ;
; Ad9233FrameCapture:U2_frame_capture|Ad9233MultistageDecimator:anti_alias_fir|FirDecimatingStage:stage3|snapshot[8][9]                                                                                                                                                                               ; 3       ;
; Ad9233FrameCapture:U2_frame_capture|Ad9233MultistageDecimator:anti_alias_fir|FirDecimatingStage:stage3|snapshot[12][9]                                                                                                                                                                              ; 3       ;
; Ad9233FrameCapture:U2_frame_capture|Ad9233MultistageDecimator:anti_alias_fir|FirDecimatingStage:stage3|snapshot[9][9]                                                                                                                                                                               ; 3       ;
; Ad9233FrameCapture:U2_frame_capture|Ad9233MultistageDecimator:anti_alias_fir|FirDecimatingStage:stage3|snapshot[7][9]                                                                                                                                                                               ; 3       ;
; Ad9233FrameCapture:U2_frame_capture|Ad9233MultistageDecimator:anti_alias_fir|FirDecimatingStage:stage3|snapshot[2][9]                                                                                                                                                                               ; 3       ;
; Ad9233FrameCapture:U2_frame_capture|Ad9233MultistageDecimator:anti_alias_fir|FirDecimatingStage:stage3|snapshot[3][9]                                                                                                                                                                               ; 3       ;
; Ad9233FrameCapture:U2_frame_capture|Ad9233MultistageDecimator:anti_alias_fir|FirDecimatingStage:stage3|snapshot[6][9]                                                                                                                                                                               ; 3       ;
; Ad9233FrameCapture:U2_frame_capture|Ad9233MultistageDecimator:anti_alias_fir|FirDecimatingStage:stage3|snapshot[31][9]                                                                                                                                                                              ; 3       ;
; Ad9233FrameCapture:U2_frame_capture|Ad9233MultistageDecimator:anti_alias_fir|FirDecimatingStage:stage3|snapshot[21][9]                                                                                                                                                                              ; 3       ;
; Ad9233FrameCapture:U2_frame_capture|Ad9233MultistageDecimator:anti_alias_fir|FirDecimatingStage:stage3|snapshot[29][9]                                                                                                                                                                              ; 3       ;
; Ad9233FrameCapture:U2_frame_capture|Ad9233MultistageDecimator:anti_alias_fir|FirDecimatingStage:stage3|snapshot[23][9]                                                                                                                                                                              ; 3       ;
; Ad9233FrameCapture:U2_frame_capture|Ad9233MultistageDecimator:anti_alias_fir|FirDecimatingStage:stage3|snapshot[26][9]                                                                                                                                                                              ; 3       ;
; Ad9233FrameCapture:U2_frame_capture|Ad9233MultistageDecimator:anti_alias_fir|FirDecimatingStage:stage3|snapshot[16][9]                                                                                                                                                                              ; 3       ;
; Ad9233FrameCapture:U2_frame_capture|Ad9233MultistageDecimator:anti_alias_fir|FirDecimatingStage:stage3|snapshot[18][9]                                                                                                                                                                              ; 3       ;
; Ad9233FrameCapture:U2_frame_capture|Ad9233MultistageDecimator:anti_alias_fir|FirDecimatingStage:stage3|snapshot[24][9]                                                                                                                                                                              ; 3       ;
; Ad9233FrameCapture:U2_frame_capture|Ad9233MultistageDecimator:anti_alias_fir|FirDecimatingStage:stage3|snapshot[27][9]                                                                                                                                                                              ; 3       ;
; Ad9233FrameCapture:U2_frame_capture|Ad9233MultistageDecimator:anti_alias_fir|FirDecimatingStage:stage3|snapshot[17][9]                                                                                                                                                                              ; 3       ;
; Ad9233FrameCapture:U2_frame_capture|Ad9233MultistageDecimator:anti_alias_fir|FirDecimatingStage:stage3|snapshot[25][9]                                                                                                                                                                              ; 3       ;
; Ad9233FrameCapture:U2_frame_capture|Ad9233MultistageDecimator:anti_alias_fir|FirDecimatingStage:stage3|snapshot[19][9]                                                                                                                                                                              ; 3       ;
; Ad9233FrameCapture:U2_frame_capture|Ad9233MultistageDecimator:anti_alias_fir|FirDecimatingStage:stage3|snapshot[30][9]                                                                                                                                                                              ; 3       ;
; Ad9233FrameCapture:U2_frame_capture|Ad9233MultistageDecimator:anti_alias_fir|FirDecimatingStage:stage3|snapshot[20][9]                                                                                                                                                                              ; 3       ;
; Ad9233FrameCapture:U2_frame_capture|Ad9233MultistageDecimator:anti_alias_fir|FirDecimatingStage:stage3|snapshot[22][9]                                                                                                                                                                              ; 3       ;
; Ad9233FrameCapture:U2_frame_capture|Ad9233MultistageDecimator:anti_alias_fir|FirDecimatingStage:stage3|snapshot[28][9]                                                                                                                                                                              ; 3       ;
; Ad9233FrameCapture:U2_frame_capture|Ad9233MultistageDecimator:anti_alias_fir|FirDecimatingStage:stage3|snapshot[38][8]                                                                                                                                                                              ; 3       ;
; Ad9233FrameCapture:U2_frame_capture|Ad9233MultistageDecimator:anti_alias_fir|FirDecimatingStage:stage3|snapshot[36][8]                                                                                                                                                                              ; 3       ;
; Ad9233FrameCapture:U2_frame_capture|Ad9233MultistageDecimator:anti_alias_fir|FirDecimatingStage:stage3|snapshot[35][8]                                                                                                                                                                              ; 3       ;
; Ad9233FrameCapture:U2_frame_capture|Ad9233MultistageDecimator:anti_alias_fir|FirDecimatingStage:stage3|snapshot[32][8]                                                                                                                                                                              ; 3       ;
; Ad9233FrameCapture:U2_frame_capture|Ad9233MultistageDecimator:anti_alias_fir|FirDecimatingStage:stage3|snapshot[34][8]                                                                                                                                                                              ; 3       ;
; Ad9233FrameCapture:U2_frame_capture|Ad9233MultistageDecimator:anti_alias_fir|FirDecimatingStage:stage3|snapshot[33][8]                                                                                                                                                                              ; 3       ;
; Ad9233FrameCapture:U2_frame_capture|Ad9233MultistageDecimator:anti_alias_fir|FirDecimatingStage:stage3|snapshot[37][8]                                                                                                                                                                              ; 3       ;
; Ad9233FrameCapture:U2_frame_capture|Ad9233MultistageDecimator:anti_alias_fir|FirDecimatingStage:stage3|snapshot[15][8]                                                                                                                                                                              ; 3       ;
; Ad9233FrameCapture:U2_frame_capture|Ad9233MultistageDecimator:anti_alias_fir|FirDecimatingStage:stage3|snapshot[10][8]                                                                                                                                                                              ; 3       ;
; Ad9233FrameCapture:U2_frame_capture|Ad9233MultistageDecimator:anti_alias_fir|FirDecimatingStage:stage3|snapshot[11][8]                                                                                                                                                                              ; 3       ;
; Ad9233FrameCapture:U2_frame_capture|Ad9233MultistageDecimator:anti_alias_fir|FirDecimatingStage:stage3|snapshot[14][8]                                                                                                                                                                              ; 3       ;
; Ad9233FrameCapture:U2_frame_capture|Ad9233MultistageDecimator:anti_alias_fir|FirDecimatingStage:stage3|snapshot[5][8]                                                                                                                                                                               ; 3       ;
; Ad9233FrameCapture:U2_frame_capture|Ad9233MultistageDecimator:anti_alias_fir|FirDecimatingStage:stage3|snapshot[0][8]                                                                                                                                                                               ; 3       ;
; Ad9233FrameCapture:U2_frame_capture|Ad9233MultistageDecimator:anti_alias_fir|FirDecimatingStage:stage3|snapshot[4][8]                                                                                                                                                                               ; 3       ;
; Ad9233FrameCapture:U2_frame_capture|Ad9233MultistageDecimator:anti_alias_fir|FirDecimatingStage:stage3|snapshot[1][8]                                                                                                                                                                               ; 3       ;
; Ad9233FrameCapture:U2_frame_capture|Ad9233MultistageDecimator:anti_alias_fir|FirDecimatingStage:stage3|snapshot[7][8]                                                                                                                                                                               ; 3       ;
; Ad9233FrameCapture:U2_frame_capture|Ad9233MultistageDecimator:anti_alias_fir|FirDecimatingStage:stage3|snapshot[2][8]                                                                                                                                                                               ; 3       ;
; Ad9233FrameCapture:U2_frame_capture|Ad9233MultistageDecimator:anti_alias_fir|FirDecimatingStage:stage3|snapshot[6][8]                                                                                                                                                                               ; 3       ;
; Ad9233FrameCapture:U2_frame_capture|Ad9233MultistageDecimator:anti_alias_fir|FirDecimatingStage:stage3|snapshot[3][8]                                                                                                                                                                               ; 3       ;
; Ad9233FrameCapture:U2_frame_capture|Ad9233MultistageDecimator:anti_alias_fir|FirDecimatingStage:stage3|snapshot[13][8]                                                                                                                                                                              ; 3       ;
; Ad9233FrameCapture:U2_frame_capture|Ad9233MultistageDecimator:anti_alias_fir|FirDecimatingStage:stage3|snapshot[8][8]                                                                                                                                                                               ; 3       ;
; Ad9233FrameCapture:U2_frame_capture|Ad9233MultistageDecimator:anti_alias_fir|FirDecimatingStage:stage3|snapshot[9][8]                                                                                                                                                                               ; 3       ;
; Ad9233FrameCapture:U2_frame_capture|Ad9233MultistageDecimator:anti_alias_fir|FirDecimatingStage:stage3|snapshot[12][8]                                                                                                                                                                              ; 3       ;
; Ad9233FrameCapture:U2_frame_capture|Ad9233MultistageDecimator:anti_alias_fir|FirDecimatingStage:stage3|snapshot[31][8]                                                                                                                                                                              ; 3       ;
; Ad9233FrameCapture:U2_frame_capture|Ad9233MultistageDecimator:anti_alias_fir|FirDecimatingStage:stage3|snapshot[21][8]                                                                                                                                                                              ; 3       ;
; Ad9233FrameCapture:U2_frame_capture|Ad9233MultistageDecimator:anti_alias_fir|FirDecimatingStage:stage3|snapshot[23][8]                                                                                                                                                                              ; 3       ;
; Ad9233FrameCapture:U2_frame_capture|Ad9233MultistageDecimator:anti_alias_fir|FirDecimatingStage:stage3|snapshot[29][8]                                                                                                                                                                              ; 3       ;
; Ad9233FrameCapture:U2_frame_capture|Ad9233MultistageDecimator:anti_alias_fir|FirDecimatingStage:stage3|snapshot[26][8]                                                                                                                                                                              ; 3       ;
; Ad9233FrameCapture:U2_frame_capture|Ad9233MultistageDecimator:anti_alias_fir|FirDecimatingStage:stage3|snapshot[16][8]                                                                                                                                                                              ; 3       ;
; Ad9233FrameCapture:U2_frame_capture|Ad9233MultistageDecimator:anti_alias_fir|FirDecimatingStage:stage3|snapshot[24][8]                                                                                                                                                                              ; 3       ;
; Ad9233FrameCapture:U2_frame_capture|Ad9233MultistageDecimator:anti_alias_fir|FirDecimatingStage:stage3|snapshot[18][8]                                                                                                                                                                              ; 3       ;
; Ad9233FrameCapture:U2_frame_capture|Ad9233MultistageDecimator:anti_alias_fir|FirDecimatingStage:stage3|snapshot[30][8]                                                                                                                                                                              ; 3       ;
; Ad9233FrameCapture:U2_frame_capture|Ad9233MultistageDecimator:anti_alias_fir|FirDecimatingStage:stage3|snapshot[20][8]                                                                                                                                                                              ; 3       ;
; Ad9233FrameCapture:U2_frame_capture|Ad9233MultistageDecimator:anti_alias_fir|FirDecimatingStage:stage3|snapshot[28][8]                                                                                                                                                                              ; 3       ;
; Ad9233FrameCapture:U2_frame_capture|Ad9233MultistageDecimator:anti_alias_fir|FirDecimatingStage:stage3|snapshot[22][8]                                                                                                                                                                              ; 3       ;
; Ad9233FrameCapture:U2_frame_capture|Ad9233MultistageDecimator:anti_alias_fir|FirDecimatingStage:stage3|snapshot[27][8]                                                                                                                                                                              ; 3       ;
; Ad9233FrameCapture:U2_frame_capture|Ad9233MultistageDecimator:anti_alias_fir|FirDecimatingStage:stage3|snapshot[17][8]                                                                                                                                                                              ; 3       ;
; Ad9233FrameCapture:U2_frame_capture|Ad9233MultistageDecimator:anti_alias_fir|FirDecimatingStage:stage3|snapshot[19][8]                                                                                                                                                                              ; 3       ;
; Ad9233FrameCapture:U2_frame_capture|Ad9233MultistageDecimator:anti_alias_fir|FirDecimatingStage:stage3|snapshot[25][8]                                                                                                                                                                              ; 3       ;
; Ad9233FrameCapture:U2_frame_capture|Ad9233MultistageDecimator:anti_alias_fir|FirDecimatingStage:stage3|snapshot[38][7]                                                                                                                                                                              ; 3       ;
; Ad9233FrameCapture:U2_frame_capture|Ad9233MultistageDecimator:anti_alias_fir|FirDecimatingStage:stage3|snapshot[36][7]                                                                                                                                                                              ; 3       ;
; Ad9233FrameCapture:U2_frame_capture|Ad9233MultistageDecimator:anti_alias_fir|FirDecimatingStage:stage3|snapshot[37][7]                                                                                                                                                                              ; 3       ;
; Ad9233FrameCapture:U2_frame_capture|Ad9233MultistageDecimator:anti_alias_fir|FirDecimatingStage:stage3|snapshot[35][7]                                                                                                                                                                              ; 3       ;
; Ad9233FrameCapture:U2_frame_capture|Ad9233MultistageDecimator:anti_alias_fir|FirDecimatingStage:stage3|snapshot[32][7]                                                                                                                                                                              ; 3       ;
; Ad9233FrameCapture:U2_frame_capture|Ad9233MultistageDecimator:anti_alias_fir|FirDecimatingStage:stage3|snapshot[33][7]                                                                                                                                                                              ; 3       ;
; Ad9233FrameCapture:U2_frame_capture|Ad9233MultistageDecimator:anti_alias_fir|FirDecimatingStage:stage3|snapshot[34][7]                                                                                                                                                                              ; 3       ;
; Ad9233FrameCapture:U2_frame_capture|Ad9233MultistageDecimator:anti_alias_fir|FirDecimatingStage:stage3|snapshot[15][7]                                                                                                                                                                              ; 3       ;
; Ad9233FrameCapture:U2_frame_capture|Ad9233MultistageDecimator:anti_alias_fir|FirDecimatingStage:stage3|snapshot[10][7]                                                                                                                                                                              ; 3       ;
; Ad9233FrameCapture:U2_frame_capture|Ad9233MultistageDecimator:anti_alias_fir|FirDecimatingStage:stage3|snapshot[14][7]                                                                                                                                                                              ; 3       ;
; Ad9233FrameCapture:U2_frame_capture|Ad9233MultistageDecimator:anti_alias_fir|FirDecimatingStage:stage3|snapshot[11][7]                                                                                                                                                                              ; 3       ;
; Ad9233FrameCapture:U2_frame_capture|Ad9233MultistageDecimator:anti_alias_fir|FirDecimatingStage:stage3|snapshot[5][7]                                                                                                                                                                               ; 3       ;
; Ad9233FrameCapture:U2_frame_capture|Ad9233MultistageDecimator:anti_alias_fir|FirDecimatingStage:stage3|snapshot[0][7]                                                                                                                                                                               ; 3       ;
; Ad9233FrameCapture:U2_frame_capture|Ad9233MultistageDecimator:anti_alias_fir|FirDecimatingStage:stage3|snapshot[1][7]                                                                                                                                                                               ; 3       ;
; Ad9233FrameCapture:U2_frame_capture|Ad9233MultistageDecimator:anti_alias_fir|FirDecimatingStage:stage3|snapshot[4][7]                                                                                                                                                                               ; 3       ;
; Ad9233FrameCapture:U2_frame_capture|Ad9233MultistageDecimator:anti_alias_fir|FirDecimatingStage:stage3|snapshot[13][7]                                                                                                                                                                              ; 3       ;
; Ad9233FrameCapture:U2_frame_capture|Ad9233MultistageDecimator:anti_alias_fir|FirDecimatingStage:stage3|snapshot[8][7]                                                                                                                                                                               ; 3       ;
; Ad9233FrameCapture:U2_frame_capture|Ad9233MultistageDecimator:anti_alias_fir|FirDecimatingStage:stage3|snapshot[12][7]                                                                                                                                                                              ; 3       ;
; Ad9233FrameCapture:U2_frame_capture|Ad9233MultistageDecimator:anti_alias_fir|FirDecimatingStage:stage3|snapshot[9][7]                                                                                                                                                                               ; 3       ;
; Ad9233FrameCapture:U2_frame_capture|Ad9233MultistageDecimator:anti_alias_fir|FirDecimatingStage:stage3|snapshot[7][7]                                                                                                                                                                               ; 3       ;
; Ad9233FrameCapture:U2_frame_capture|Ad9233MultistageDecimator:anti_alias_fir|FirDecimatingStage:stage3|snapshot[2][7]                                                                                                                                                                               ; 3       ;
; Ad9233FrameCapture:U2_frame_capture|Ad9233MultistageDecimator:anti_alias_fir|FirDecimatingStage:stage3|snapshot[3][7]                                                                                                                                                                               ; 3       ;
; Ad9233FrameCapture:U2_frame_capture|Ad9233MultistageDecimator:anti_alias_fir|FirDecimatingStage:stage3|snapshot[6][7]                                                                                                                                                                               ; 3       ;
; Ad9233FrameCapture:U2_frame_capture|Ad9233MultistageDecimator:anti_alias_fir|FirDecimatingStage:stage3|snapshot[31][7]                                                                                                                                                                              ; 3       ;
; Ad9233FrameCapture:U2_frame_capture|Ad9233MultistageDecimator:anti_alias_fir|FirDecimatingStage:stage3|snapshot[21][7]                                                                                                                                                                              ; 3       ;
; Ad9233FrameCapture:U2_frame_capture|Ad9233MultistageDecimator:anti_alias_fir|FirDecimatingStage:stage3|snapshot[29][7]                                                                                                                                                                              ; 3       ;
; Ad9233FrameCapture:U2_frame_capture|Ad9233MultistageDecimator:anti_alias_fir|FirDecimatingStage:stage3|snapshot[23][7]                                                                                                                                                                              ; 3       ;
; Ad9233FrameCapture:U2_frame_capture|Ad9233MultistageDecimator:anti_alias_fir|FirDecimatingStage:stage3|snapshot[26][7]                                                                                                                                                                              ; 3       ;
; Ad9233FrameCapture:U2_frame_capture|Ad9233MultistageDecimator:anti_alias_fir|FirDecimatingStage:stage3|snapshot[16][7]                                                                                                                                                                              ; 3       ;
; Ad9233FrameCapture:U2_frame_capture|Ad9233MultistageDecimator:anti_alias_fir|FirDecimatingStage:stage3|snapshot[18][7]                                                                                                                                                                              ; 3       ;
; Ad9233FrameCapture:U2_frame_capture|Ad9233MultistageDecimator:anti_alias_fir|FirDecimatingStage:stage3|snapshot[24][7]                                                                                                                                                                              ; 3       ;
; Ad9233FrameCapture:U2_frame_capture|Ad9233MultistageDecimator:anti_alias_fir|FirDecimatingStage:stage3|snapshot[27][7]                                                                                                                                                                              ; 3       ;
; Ad9233FrameCapture:U2_frame_capture|Ad9233MultistageDecimator:anti_alias_fir|FirDecimatingStage:stage3|snapshot[17][7]                                                                                                                                                                              ; 3       ;
; Ad9233FrameCapture:U2_frame_capture|Ad9233MultistageDecimator:anti_alias_fir|FirDecimatingStage:stage3|snapshot[25][7]                                                                                                                                                                              ; 3       ;
; Ad9233FrameCapture:U2_frame_capture|Ad9233MultistageDecimator:anti_alias_fir|FirDecimatingStage:stage3|snapshot[19][7]                                                                                                                                                                              ; 3       ;
; Ad9233FrameCapture:U2_frame_capture|Ad9233MultistageDecimator:anti_alias_fir|FirDecimatingStage:stage3|snapshot[30][7]                                                                                                                                                                              ; 3       ;
; Ad9233FrameCapture:U2_frame_capture|Ad9233MultistageDecimator:anti_alias_fir|FirDecimatingStage:stage3|snapshot[20][7]                                                                                                                                                                              ; 3       ;
; Ad9233FrameCapture:U2_frame_capture|Ad9233MultistageDecimator:anti_alias_fir|FirDecimatingStage:stage3|snapshot[22][7]                                                                                                                                                                              ; 3       ;
; Ad9233FrameCapture:U2_frame_capture|Ad9233MultistageDecimator:anti_alias_fir|FirDecimatingStage:stage3|snapshot[28][7]                                                                                                                                                                              ; 3       ;
; Ad9233FrameCapture:U2_frame_capture|Ad9233MultistageDecimator:anti_alias_fir|FirDecimatingStage:stage3|snapshot[38][6]                                                                                                                                                                              ; 3       ;
; Ad9233FrameCapture:U2_frame_capture|Ad9233MultistageDecimator:anti_alias_fir|FirDecimatingStage:stage3|snapshot[36][6]                                                                                                                                                                              ; 3       ;
; Ad9233FrameCapture:U2_frame_capture|Ad9233MultistageDecimator:anti_alias_fir|FirDecimatingStage:stage3|snapshot[35][6]                                                                                                                                                                              ; 3       ;
; Ad9233FrameCapture:U2_frame_capture|Ad9233MultistageDecimator:anti_alias_fir|FirDecimatingStage:stage3|snapshot[32][6]                                                                                                                                                                              ; 3       ;
; Ad9233FrameCapture:U2_frame_capture|Ad9233MultistageDecimator:anti_alias_fir|FirDecimatingStage:stage3|snapshot[34][6]                                                                                                                                                                              ; 3       ;
; Ad9233FrameCapture:U2_frame_capture|Ad9233MultistageDecimator:anti_alias_fir|FirDecimatingStage:stage3|snapshot[33][6]                                                                                                                                                                              ; 3       ;
; Ad9233FrameCapture:U2_frame_capture|Ad9233MultistageDecimator:anti_alias_fir|FirDecimatingStage:stage3|snapshot[37][6]                                                                                                                                                                              ; 3       ;
; Ad9233FrameCapture:U2_frame_capture|Ad9233MultistageDecimator:anti_alias_fir|FirDecimatingStage:stage3|snapshot[15][6]                                                                                                                                                                              ; 3       ;
; Ad9233FrameCapture:U2_frame_capture|Ad9233MultistageDecimator:anti_alias_fir|FirDecimatingStage:stage3|snapshot[10][6]                                                                                                                                                                              ; 3       ;
; Ad9233FrameCapture:U2_frame_capture|Ad9233MultistageDecimator:anti_alias_fir|FirDecimatingStage:stage3|snapshot[11][6]                                                                                                                                                                              ; 3       ;
; Ad9233FrameCapture:U2_frame_capture|Ad9233MultistageDecimator:anti_alias_fir|FirDecimatingStage:stage3|snapshot[14][6]                                                                                                                                                                              ; 3       ;
; Ad9233FrameCapture:U2_frame_capture|Ad9233MultistageDecimator:anti_alias_fir|FirDecimatingStage:stage3|snapshot[5][6]                                                                                                                                                                               ; 3       ;
; Ad9233FrameCapture:U2_frame_capture|Ad9233MultistageDecimator:anti_alias_fir|FirDecimatingStage:stage3|snapshot[0][6]                                                                                                                                                                               ; 3       ;
; Ad9233FrameCapture:U2_frame_capture|Ad9233MultistageDecimator:anti_alias_fir|FirDecimatingStage:stage3|snapshot[4][6]                                                                                                                                                                               ; 3       ;
; Ad9233FrameCapture:U2_frame_capture|Ad9233MultistageDecimator:anti_alias_fir|FirDecimatingStage:stage3|snapshot[1][6]                                                                                                                                                                               ; 3       ;
; Ad9233FrameCapture:U2_frame_capture|Ad9233MultistageDecimator:anti_alias_fir|FirDecimatingStage:stage3|snapshot[7][6]                                                                                                                                                                               ; 3       ;
; Ad9233FrameCapture:U2_frame_capture|Ad9233MultistageDecimator:anti_alias_fir|FirDecimatingStage:stage3|snapshot[2][6]                                                                                                                                                                               ; 3       ;
; Ad9233FrameCapture:U2_frame_capture|Ad9233MultistageDecimator:anti_alias_fir|FirDecimatingStage:stage3|snapshot[6][6]                                                                                                                                                                               ; 3       ;
; Ad9233FrameCapture:U2_frame_capture|Ad9233MultistageDecimator:anti_alias_fir|FirDecimatingStage:stage3|snapshot[3][6]                                                                                                                                                                               ; 3       ;
; Ad9233FrameCapture:U2_frame_capture|Ad9233MultistageDecimator:anti_alias_fir|FirDecimatingStage:stage3|snapshot[13][6]                                                                                                                                                                              ; 3       ;
; Ad9233FrameCapture:U2_frame_capture|Ad9233MultistageDecimator:anti_alias_fir|FirDecimatingStage:stage3|snapshot[8][6]                                                                                                                                                                               ; 3       ;
; Ad9233FrameCapture:U2_frame_capture|Ad9233MultistageDecimator:anti_alias_fir|FirDecimatingStage:stage3|snapshot[9][6]                                                                                                                                                                               ; 3       ;
; Ad9233FrameCapture:U2_frame_capture|Ad9233MultistageDecimator:anti_alias_fir|FirDecimatingStage:stage3|snapshot[12][6]                                                                                                                                                                              ; 3       ;
; Ad9233FrameCapture:U2_frame_capture|Ad9233MultistageDecimator:anti_alias_fir|FirDecimatingStage:stage3|snapshot[31][6]                                                                                                                                                                              ; 3       ;
; Ad9233FrameCapture:U2_frame_capture|Ad9233MultistageDecimator:anti_alias_fir|FirDecimatingStage:stage3|snapshot[21][6]                                                                                                                                                                              ; 3       ;
; Ad9233FrameCapture:U2_frame_capture|Ad9233MultistageDecimator:anti_alias_fir|FirDecimatingStage:stage3|snapshot[23][6]                                                                                                                                                                              ; 3       ;
; Ad9233FrameCapture:U2_frame_capture|Ad9233MultistageDecimator:anti_alias_fir|FirDecimatingStage:stage3|snapshot[29][6]                                                                                                                                                                              ; 3       ;
; Ad9233FrameCapture:U2_frame_capture|Ad9233MultistageDecimator:anti_alias_fir|FirDecimatingStage:stage3|snapshot[26][6]                                                                                                                                                                              ; 3       ;
; Ad9233FrameCapture:U2_frame_capture|Ad9233MultistageDecimator:anti_alias_fir|FirDecimatingStage:stage3|snapshot[16][6]                                                                                                                                                                              ; 3       ;
; Ad9233FrameCapture:U2_frame_capture|Ad9233MultistageDecimator:anti_alias_fir|FirDecimatingStage:stage3|snapshot[24][6]                                                                                                                                                                              ; 3       ;
; Ad9233FrameCapture:U2_frame_capture|Ad9233MultistageDecimator:anti_alias_fir|FirDecimatingStage:stage3|snapshot[18][6]                                                                                                                                                                              ; 3       ;
; Ad9233FrameCapture:U2_frame_capture|Ad9233MultistageDecimator:anti_alias_fir|FirDecimatingStage:stage3|snapshot[30][6]                                                                                                                                                                              ; 3       ;
; Ad9233FrameCapture:U2_frame_capture|Ad9233MultistageDecimator:anti_alias_fir|FirDecimatingStage:stage3|snapshot[20][6]                                                                                                                                                                              ; 3       ;
; Ad9233FrameCapture:U2_frame_capture|Ad9233MultistageDecimator:anti_alias_fir|FirDecimatingStage:stage3|snapshot[28][6]                                                                                                                                                                              ; 3       ;
; Ad9233FrameCapture:U2_frame_capture|Ad9233MultistageDecimator:anti_alias_fir|FirDecimatingStage:stage3|snapshot[22][6]                                                                                                                                                                              ; 3       ;
; Ad9233FrameCapture:U2_frame_capture|Ad9233MultistageDecimator:anti_alias_fir|FirDecimatingStage:stage3|snapshot[27][6]                                                                                                                                                                              ; 3       ;
; Ad9233FrameCapture:U2_frame_capture|Ad9233MultistageDecimator:anti_alias_fir|FirDecimatingStage:stage3|snapshot[17][6]                                                                                                                                                                              ; 3       ;
; Ad9233FrameCapture:U2_frame_capture|Ad9233MultistageDecimator:anti_alias_fir|FirDecimatingStage:stage3|snapshot[19][6]                                                                                                                                                                              ; 3       ;
; Ad9233FrameCapture:U2_frame_capture|Ad9233MultistageDecimator:anti_alias_fir|FirDecimatingStage:stage3|snapshot[25][6]                                                                                                                                                                              ; 3       ;
; Ad9233FrameCapture:U2_frame_capture|Ad9233MultistageDecimator:anti_alias_fir|FirDecimatingStage:stage3|snapshot[38][5]                                                                                                                                                                              ; 3       ;
; Ad9233FrameCapture:U2_frame_capture|Ad9233MultistageDecimator:anti_alias_fir|FirDecimatingStage:stage3|snapshot[36][5]                                                                                                                                                                              ; 3       ;
; Ad9233FrameCapture:U2_frame_capture|Ad9233MultistageDecimator:anti_alias_fir|FirDecimatingStage:stage3|snapshot[37][5]                                                                                                                                                                              ; 3       ;
; Ad9233FrameCapture:U2_frame_capture|Ad9233MultistageDecimator:anti_alias_fir|FirDecimatingStage:stage3|snapshot[35][5]                                                                                                                                                                              ; 3       ;
; Ad9233FrameCapture:U2_frame_capture|Ad9233MultistageDecimator:anti_alias_fir|FirDecimatingStage:stage3|snapshot[32][5]                                                                                                                                                                              ; 3       ;
; Ad9233FrameCapture:U2_frame_capture|Ad9233MultistageDecimator:anti_alias_fir|FirDecimatingStage:stage3|snapshot[33][5]                                                                                                                                                                              ; 3       ;
; Ad9233FrameCapture:U2_frame_capture|Ad9233MultistageDecimator:anti_alias_fir|FirDecimatingStage:stage3|snapshot[34][5]                                                                                                                                                                              ; 3       ;
; Ad9233FrameCapture:U2_frame_capture|Ad9233MultistageDecimator:anti_alias_fir|FirDecimatingStage:stage3|snapshot[15][5]                                                                                                                                                                              ; 3       ;
; Ad9233FrameCapture:U2_frame_capture|Ad9233MultistageDecimator:anti_alias_fir|FirDecimatingStage:stage3|snapshot[10][5]                                                                                                                                                                              ; 3       ;
; Ad9233FrameCapture:U2_frame_capture|Ad9233MultistageDecimator:anti_alias_fir|FirDecimatingStage:stage3|snapshot[14][5]                                                                                                                                                                              ; 3       ;
; Ad9233FrameCapture:U2_frame_capture|Ad9233MultistageDecimator:anti_alias_fir|FirDecimatingStage:stage3|snapshot[11][5]                                                                                                                                                                              ; 3       ;
; Ad9233FrameCapture:U2_frame_capture|Ad9233MultistageDecimator:anti_alias_fir|FirDecimatingStage:stage3|snapshot[5][5]                                                                                                                                                                               ; 3       ;
; Ad9233FrameCapture:U2_frame_capture|Ad9233MultistageDecimator:anti_alias_fir|FirDecimatingStage:stage3|snapshot[0][5]                                                                                                                                                                               ; 3       ;
; Ad9233FrameCapture:U2_frame_capture|Ad9233MultistageDecimator:anti_alias_fir|FirDecimatingStage:stage3|snapshot[1][5]                                                                                                                                                                               ; 3       ;
; Ad9233FrameCapture:U2_frame_capture|Ad9233MultistageDecimator:anti_alias_fir|FirDecimatingStage:stage3|snapshot[4][5]                                                                                                                                                                               ; 3       ;
; Ad9233FrameCapture:U2_frame_capture|Ad9233MultistageDecimator:anti_alias_fir|FirDecimatingStage:stage3|snapshot[13][5]                                                                                                                                                                              ; 3       ;
; Ad9233FrameCapture:U2_frame_capture|Ad9233MultistageDecimator:anti_alias_fir|FirDecimatingStage:stage3|snapshot[8][5]                                                                                                                                                                               ; 3       ;
; Ad9233FrameCapture:U2_frame_capture|Ad9233MultistageDecimator:anti_alias_fir|FirDecimatingStage:stage3|snapshot[12][5]                                                                                                                                                                              ; 3       ;
; Ad9233FrameCapture:U2_frame_capture|Ad9233MultistageDecimator:anti_alias_fir|FirDecimatingStage:stage3|snapshot[9][5]                                                                                                                                                                               ; 3       ;
; Ad9233FrameCapture:U2_frame_capture|Ad9233MultistageDecimator:anti_alias_fir|FirDecimatingStage:stage3|snapshot[7][5]                                                                                                                                                                               ; 3       ;
; Ad9233FrameCapture:U2_frame_capture|Ad9233MultistageDecimator:anti_alias_fir|FirDecimatingStage:stage3|snapshot[2][5]                                                                                                                                                                               ; 3       ;
; Ad9233FrameCapture:U2_frame_capture|Ad9233MultistageDecimator:anti_alias_fir|FirDecimatingStage:stage3|snapshot[3][5]                                                                                                                                                                               ; 3       ;
; Ad9233FrameCapture:U2_frame_capture|Ad9233MultistageDecimator:anti_alias_fir|FirDecimatingStage:stage3|snapshot[6][5]                                                                                                                                                                               ; 3       ;
; Ad9233FrameCapture:U2_frame_capture|Ad9233MultistageDecimator:anti_alias_fir|FirDecimatingStage:stage3|snapshot[31][5]                                                                                                                                                                              ; 3       ;
; Ad9233FrameCapture:U2_frame_capture|Ad9233MultistageDecimator:anti_alias_fir|FirDecimatingStage:stage3|snapshot[21][5]                                                                                                                                                                              ; 3       ;
; Ad9233FrameCapture:U2_frame_capture|Ad9233MultistageDecimator:anti_alias_fir|FirDecimatingStage:stage3|snapshot[29][5]                                                                                                                                                                              ; 3       ;
; Ad9233FrameCapture:U2_frame_capture|Ad9233MultistageDecimator:anti_alias_fir|FirDecimatingStage:stage3|snapshot[23][5]                                                                                                                                                                              ; 3       ;
; Ad9233FrameCapture:U2_frame_capture|Ad9233MultistageDecimator:anti_alias_fir|FirDecimatingStage:stage3|snapshot[26][5]                                                                                                                                                                              ; 3       ;
; Ad9233FrameCapture:U2_frame_capture|Ad9233MultistageDecimator:anti_alias_fir|FirDecimatingStage:stage3|snapshot[16][5]                                                                                                                                                                              ; 3       ;
; Ad9233FrameCapture:U2_frame_capture|Ad9233MultistageDecimator:anti_alias_fir|FirDecimatingStage:stage3|snapshot[18][5]                                                                                                                                                                              ; 3       ;
; Ad9233FrameCapture:U2_frame_capture|Ad9233MultistageDecimator:anti_alias_fir|FirDecimatingStage:stage3|snapshot[24][5]                                                                                                                                                                              ; 3       ;
+-----------------------------------------------------------------------------------------------------------------------------------------------------------------------------------------------------------------------------------------------------------------------------------------------------+---------+


+-----------------------------------------------------------------------------------------------------------------------------------------------------------------------------------------------------------------------------------------------------------------------------------------------------------------------------------------------------------------------------------------------------------------------------------------------------------------------------------------------------------------------------------------------------------------------------------------------------------------------------------------------------------------------------------------------------------------------------------------------------------------------------------------------------------------------------------------------------+
; Fitter RAM Summary                                                                                                                                                                                                                                                                                                                                                                                                                                                                                                                                                                                                                                                                                                                                                                                                                                  ;
+-------------------------------------------------------------------------------------------------------------------------------------------------------------------------------------------------------+------+------------------+-------------+--------------+--------------+--------------+--------------+------------------------+-------------------------+------------------------+-------------------------+-------+-----------------------------+-----------------------------+-----------------------------+-----------------------------+---------------------+------+------+------------------------------------------------------------------------------------------------------------------------------------------------------------------------------------+----------------------+-----------------+-----------------+---------------+
; Name                                                                                                                                                                                                  ; Type ; Mode             ; Clock Mode  ; Port A Depth ; Port A Width ; Port B Depth ; Port B Width ; Port A Input Registers ; Port A Output Registers ; Port B Input Registers ; Port B Output Registers ; Size  ; Implementation Port A Depth ; Implementation Port A Width ; Implementation Port B Depth ; Implementation Port B Width ; Implementation Bits ; M9Ks ; MIF  ; Location                                                                                                                                                                           ; Mixed Width RDW Mode ; Port A RDW Mode ; Port B RDW Mode ; Fits in MLABs ;
+-------------------------------------------------------------------------------------------------------------------------------------------------------------------------------------------------------+------+------------------+-------------+--------------+--------------+--------------+--------------+------------------------+-------------------------+------------------------+-------------------------+-------+-----------------------------+-----------------------------+-----------------------------+-----------------------------+---------------------+------+------+------------------------------------------------------------------------------------------------------------------------------------------------------------------------------------+----------------------+-----------------+-----------------+---------------+
; Ad9233FrameCapture:U2_frame_capture|altsyncram:capture_ram|altsyncram_bl51:auto_generated|ALTSYNCRAM                                                                                                  ; M9K  ; Simple Dual Port ; Dual Clocks ; 4096         ; 12           ; 4096         ; 12           ; yes                    ; no                      ; yes                    ; yes                     ; 49152 ; 4096                        ; 12                          ; 4096                        ; 12                          ; 49152               ; 6    ; None ; M9K_X15_Y22_N0, M9K_X15_Y20_N0, M9K_X15_Y19_N0, M9K_X15_Y21_N0, M9K_X15_Y18_N0, M9K_X15_Y23_N0                                                                                     ; Don't care           ; Old data        ; Old data        ; Yes           ;
; sld_signaltap:auto_signaltap_0|sld_signaltap_impl:sld_signaltap_body|sld_signaltap_implb:sld_signaltap_body|altsyncram:\stp_non_zero_ram_gen:stp_buffer_ram|altsyncram_sr14:auto_generated|ALTSYNCRAM ; M9K  ; Simple Dual Port ; Dual Clocks ; 4096         ; 24           ; 4096         ; 24           ; yes                    ; no                      ; yes                    ; no                      ; 98304 ; 4096                        ; 24                          ; 4096                        ; 24                          ; 98304               ; 12   ; None ; M9K_X15_Y4_N0, M9K_X27_Y3_N0, M9K_X15_Y6_N0, M9K_X27_Y8_N0, M9K_X27_Y7_N0, M9K_X27_Y4_N0, M9K_X15_Y3_N0, M9K_X15_Y7_N0, M9K_X27_Y5_N0, M9K_X27_Y6_N0, M9K_X15_Y5_N0, M9K_X15_Y8_N0 ; Don't care           ; Old data        ; Old data        ; Yes           ;
+-------------------------------------------------------------------------------------------------------------------------------------------------------------------------------------------------------+------+------------------+-------------+--------------+--------------+--------------+--------------+------------------------+-------------------------+------------------------+-------------------------+-------+-----------------------------+-----------------------------+-----------------------------+-----------------------------+---------------------+------+------+------------------------------------------------------------------------------------------------------------------------------------------------------------------------------------+----------------------+-----------------+-----------------+---------------+
Note: Fitter may spread logical memories into multiple blocks to improve timing. The actual required RAM blocks can be found in the Fitter Resource Usage section.


+-----------------------------------------------------------------------------------------------+
; Fitter DSP Block Usage Summary                                                                ;
+---------------------------------------+-------------+---------------------+-------------------+
; Statistic                             ; Number Used ; Available per Block ; Maximum Available ;
+---------------------------------------+-------------+---------------------+-------------------+
; Simple Multipliers (9-bit)            ; 0           ; 2                   ; 46                ;
; Simple Multipliers (18-bit)           ; 7           ; 1                   ; 23                ;
; Embedded Multiplier Blocks            ; 7           ; --                  ; 23                ;
; Embedded Multiplier 9-bit elements    ; 14          ; 2                   ; 46                ;
; Signed Embedded Multipliers           ; 7           ; --                  ; --                ;
; Unsigned Embedded Multipliers         ; 0           ; --                  ; --                ;
; Mixed Sign Embedded Multipliers       ; 0           ; --                  ; --                ;
; Variable Sign Embedded Multipliers    ; 0           ; --                  ; --                ;
; Dedicated Input Shift Register Chains ; 0           ; --                  ; --                ;
+---------------------------------------+-------------+---------------------+-------------------+


+-----------------------------------------------------------------------------------------------------------------------------------------------------------------------------------------------------------------------------------------------------------------------------------------------------------------------------------------------------------+
; DSP Block Details                                                                                                                                                                                                                                                                                                                                         ;
+------------------------------------------------------------------------------------------------------------------------------------------------------------+----------------------------+--------------------+---------------------+--------------------------------+-----------------------+-----------------------+-------------------+-----------------+
; Name                                                                                                                                                       ; Mode                       ; Location           ; Sign Representation ; Has Input Shift Register Chain ; Data A Input Register ; Data B Input Register ; Pipeline Register ; Output Register ;
+------------------------------------------------------------------------------------------------------------------------------------------------------------+----------------------------+--------------------+---------------------+--------------------------------+-----------------------+-----------------------+-------------------+-----------------+
; Ad9233FrameCapture:U2_frame_capture|Ad9233MultistageDecimator:anti_alias_fir|FirDecimatingStage:stage3|product_pipe[0][0]                                  ; Simple Multiplier (18-bit) ; DSPOUT_X20_Y15_N2  ;                     ; No                             ;                       ;                       ;                   ; yes             ;
;    Ad9233FrameCapture:U2_frame_capture|Ad9233MultistageDecimator:anti_alias_fir|FirDecimatingStage:stage3|lpm_mult:Mult0|mult_c6t:auto_generated|mac_mult1 ;                            ; DSPMULT_X20_Y15_N0 ; Signed              ;                                ; no                    ; no                    ; no                ;                 ;
; Ad9233FrameCapture:U2_frame_capture|Ad9233MultistageDecimator:anti_alias_fir|FirDecimatingStage:stage2|lpm_mult:Mult1|mult_c6t:auto_generated|mac_out2     ; Simple Multiplier (18-bit) ; DSPOUT_X20_Y1_N2   ;                     ; No                             ;                       ;                       ;                   ; no              ;
;    Ad9233FrameCapture:U2_frame_capture|Ad9233MultistageDecimator:anti_alias_fir|FirDecimatingStage:stage2|lpm_mult:Mult1|mult_c6t:auto_generated|mac_mult1 ;                            ; DSPMULT_X20_Y1_N0  ; Signed              ;                                ; yes                   ; yes                   ; no                ;                 ;
; Ad9233FrameCapture:U2_frame_capture|Ad9233MultistageDecimator:anti_alias_fir|FirDecimatingStage:stage2|product_pipe[0][0]                                  ; Simple Multiplier (18-bit) ; DSPOUT_X20_Y2_N2   ;                     ; No                             ;                       ;                       ;                   ; yes             ;
;    Ad9233FrameCapture:U2_frame_capture|Ad9233MultistageDecimator:anti_alias_fir|FirDecimatingStage:stage2|lpm_mult:Mult0|mult_c6t:auto_generated|mac_mult1 ;                            ; DSPMULT_X20_Y2_N0  ; Signed              ;                                ; no                    ; no                    ; no                ;                 ;
; Ad9233FrameCapture:U2_frame_capture|Ad9233MultistageDecimator:anti_alias_fir|FirDecimatingStage:stage1|lpm_mult:Mult3|mult_c6t:auto_generated|mac_out2     ; Simple Multiplier (18-bit) ; DSPOUT_X20_Y10_N2  ;                     ; No                             ;                       ;                       ;                   ; yes             ;
;    Ad9233FrameCapture:U2_frame_capture|Ad9233MultistageDecimator:anti_alias_fir|FirDecimatingStage:stage1|lpm_mult:Mult3|mult_c6t:auto_generated|mac_mult1 ;                            ; DSPMULT_X20_Y10_N0 ; Signed              ;                                ; no                    ; no                    ; no                ;                 ;
; Ad9233FrameCapture:U2_frame_capture|Ad9233MultistageDecimator:anti_alias_fir|FirDecimatingStage:stage1|lpm_mult:Mult2|mult_c6t:auto_generated|mac_out2     ; Simple Multiplier (18-bit) ; DSPOUT_X20_Y9_N2   ;                     ; No                             ;                       ;                       ;                   ; no              ;
;    Ad9233FrameCapture:U2_frame_capture|Ad9233MultistageDecimator:anti_alias_fir|FirDecimatingStage:stage1|lpm_mult:Mult2|mult_c6t:auto_generated|mac_mult1 ;                            ; DSPMULT_X20_Y9_N0  ; Signed              ;                                ; yes                   ; yes                   ; no                ;                 ;
; Ad9233FrameCapture:U2_frame_capture|Ad9233MultistageDecimator:anti_alias_fir|FirDecimatingStage:stage1|lpm_mult:Mult1|mult_c6t:auto_generated|mac_out2     ; Simple Multiplier (18-bit) ; DSPOUT_X20_Y11_N2  ;                     ; No                             ;                       ;                       ;                   ; no              ;
;    Ad9233FrameCapture:U2_frame_capture|Ad9233MultistageDecimator:anti_alias_fir|FirDecimatingStage:stage1|lpm_mult:Mult1|mult_c6t:auto_generated|mac_mult1 ;                            ; DSPMULT_X20_Y11_N0 ; Signed              ;                                ; yes                   ; yes                   ; no                ;                 ;
; Ad9233FrameCapture:U2_frame_capture|Ad9233MultistageDecimator:anti_alias_fir|FirDecimatingStage:stage1|lpm_mult:Mult0|mult_c6t:auto_generated|mac_out2     ; Simple Multiplier (18-bit) ; DSPOUT_X20_Y12_N2  ;                     ; No                             ;                       ;                       ;                   ; no              ;
;    Ad9233FrameCapture:U2_frame_capture|Ad9233MultistageDecimator:anti_alias_fir|FirDecimatingStage:stage1|lpm_mult:Mult0|mult_c6t:auto_generated|mac_mult1 ;                            ; DSPMULT_X20_Y12_N0 ; Signed              ;                                ; yes                   ; yes                   ; no                ;                 ;
+------------------------------------------------------------------------------------------------------------------------------------------------------------+----------------------------+--------------------+---------------------+--------------------------------+-----------------------+-----------------------+-------------------+-----------------+


+-------------------------------------------------+
; Routing Usage Summary                           ;
+-----------------------+-------------------------+
; Routing Resource Type ; Usage                   ;
+-----------------------+-------------------------+
; Block interconnects   ; 7,642 / 32,401 ( 24 % ) ;
; C16 interconnects     ; 47 / 1,326 ( 4 % )      ;
; C4 interconnects      ; 2,742 / 21,816 ( 13 % ) ;
; Direct links          ; 2,072 / 32,401 ( 6 % )  ;
; Global clocks         ; 7 / 10 ( 70 % )         ;
; Local interconnects   ; 3,826 / 10,320 ( 37 % ) ;
; R24 interconnects     ; 51 / 1,289 ( 4 % )      ;
; R4 interconnects      ; 3,288 / 28,186 ( 12 % ) ;
+-----------------------+-------------------------+


+-----------------------------------------------------------------------------+
; LAB Logic Elements                                                          ;
+---------------------------------------------+-------------------------------+
; Number of Logic Elements  (Average = 13.40) ; Number of LABs  (Total = 502) ;
+---------------------------------------------+-------------------------------+
; 1                                           ; 26                            ;
; 2                                           ; 10                            ;
; 3                                           ; 7                             ;
; 4                                           ; 9                             ;
; 5                                           ; 9                             ;
; 6                                           ; 6                             ;
; 7                                           ; 4                             ;
; 8                                           ; 7                             ;
; 9                                           ; 5                             ;
; 10                                          ; 9                             ;
; 11                                          ; 10                            ;
; 12                                          ; 10                            ;
; 13                                          ; 12                            ;
; 14                                          ; 30                            ;
; 15                                          ; 52                            ;
; 16                                          ; 296                           ;
+---------------------------------------------+-------------------------------+


+--------------------------------------------------------------------+
; LAB-wide Signals                                                   ;
+------------------------------------+-------------------------------+
; LAB-wide Signals  (Average = 1.93) ; Number of LABs  (Total = 502) ;
+------------------------------------+-------------------------------+
; 1 Async. clear                     ; 152                           ;
; 1 Clock                            ; 418                           ;
; 1 Clock enable                     ; 238                           ;
; 1 Sync. clear                      ; 9                             ;
; 1 Sync. load                       ; 12                            ;
; 2 Async. clears                    ; 6                             ;
; 2 Clock enables                    ; 117                           ;
; 2 Clocks                           ; 19                            ;
+------------------------------------+-------------------------------+


+------------------------------------------------------------------------------+
; LAB Signals Sourced                                                          ;
+----------------------------------------------+-------------------------------+
; Number of Signals Sourced  (Average = 21.09) ; Number of LABs  (Total = 502) ;
+----------------------------------------------+-------------------------------+
; 0                                            ; 17                            ;
; 1                                            ; 7                             ;
; 2                                            ; 10                            ;
; 3                                            ; 4                             ;
; 4                                            ; 5                             ;
; 5                                            ; 8                             ;
; 6                                            ; 5                             ;
; 7                                            ; 6                             ;
; 8                                            ; 4                             ;
; 9                                            ; 4                             ;
; 10                                           ; 5                             ;
; 11                                           ; 1                             ;
; 12                                           ; 5                             ;
; 13                                           ; 3                             ;
; 14                                           ; 6                             ;
; 15                                           ; 7                             ;
; 16                                           ; 23                            ;
; 17                                           ; 10                            ;
; 18                                           ; 15                            ;
; 19                                           ; 10                            ;
; 20                                           ; 25                            ;
; 21                                           ; 27                            ;
; 22                                           ; 24                            ;
; 23                                           ; 22                            ;
; 24                                           ; 35                            ;
; 25                                           ; 30                            ;
; 26                                           ; 31                            ;
; 27                                           ; 22                            ;
; 28                                           ; 42                            ;
; 29                                           ; 20                            ;
; 30                                           ; 17                            ;
; 31                                           ; 19                            ;
; 32                                           ; 33                            ;
+----------------------------------------------+-------------------------------+


+---------------------------------------------------------------------------------+
; LAB Signals Sourced Out                                                         ;
+-------------------------------------------------+-------------------------------+
; Number of Signals Sourced Out  (Average = 7.36) ; Number of LABs  (Total = 502) ;
+-------------------------------------------------+-------------------------------+
; 0                                               ; 17                            ;
; 1                                               ; 32                            ;
; 2                                               ; 31                            ;
; 3                                               ; 45                            ;
; 4                                               ; 33                            ;
; 5                                               ; 44                            ;
; 6                                               ; 47                            ;
; 7                                               ; 43                            ;
; 8                                               ; 35                            ;
; 9                                               ; 36                            ;
; 10                                              ; 33                            ;
; 11                                              ; 18                            ;
; 12                                              ; 17                            ;
; 13                                              ; 14                            ;
; 14                                              ; 6                             ;
; 15                                              ; 5                             ;
; 16                                              ; 28                            ;
; 17                                              ; 4                             ;
; 18                                              ; 2                             ;
; 19                                              ; 2                             ;
; 20                                              ; 2                             ;
; 21                                              ; 0                             ;
; 22                                              ; 0                             ;
; 23                                              ; 1                             ;
; 24                                              ; 1                             ;
; 25                                              ; 1                             ;
; 26                                              ; 0                             ;
; 27                                              ; 1                             ;
; 28                                              ; 0                             ;
; 29                                              ; 1                             ;
; 30                                              ; 0                             ;
; 31                                              ; 0                             ;
; 32                                              ; 3                             ;
+-------------------------------------------------+-------------------------------+


+------------------------------------------------------------------------------+
; LAB Distinct Inputs                                                          ;
+----------------------------------------------+-------------------------------+
; Number of Distinct Inputs  (Average = 12.99) ; Number of LABs  (Total = 502) ;
+----------------------------------------------+-------------------------------+
; 0                                            ; 0                             ;
; 1                                            ; 13                            ;
; 2                                            ; 11                            ;
; 3                                            ; 16                            ;
; 4                                            ; 22                            ;
; 5                                            ; 20                            ;
; 6                                            ; 23                            ;
; 7                                            ; 43                            ;
; 8                                            ; 25                            ;
; 9                                            ; 30                            ;
; 10                                           ; 27                            ;
; 11                                           ; 33                            ;
; 12                                           ; 13                            ;
; 13                                           ; 20                            ;
; 14                                           ; 15                            ;
; 15                                           ; 19                            ;
; 16                                           ; 16                            ;
; 17                                           ; 20                            ;
; 18                                           ; 25                            ;
; 19                                           ; 9                             ;
; 20                                           ; 14                            ;
; 21                                           ; 13                            ;
; 22                                           ; 10                            ;
; 23                                           ; 7                             ;
; 24                                           ; 9                             ;
; 25                                           ; 7                             ;
; 26                                           ; 6                             ;
; 27                                           ; 4                             ;
; 28                                           ; 3                             ;
; 29                                           ; 3                             ;
; 30                                           ; 5                             ;
; 31                                           ; 5                             ;
; 32                                           ; 7                             ;
; 33                                           ; 0                             ;
; 34                                           ; 1                             ;
; 35                                           ; 0                             ;
; 36                                           ; 5                             ;
; 37                                           ; 1                             ;
; 38                                           ; 0                             ;
; 39                                           ; 1                             ;
+----------------------------------------------+-------------------------------+


+------------------------------------------+
; I/O Rules Summary                        ;
+----------------------------------+-------+
; I/O Rules Statistic              ; Total ;
+----------------------------------+-------+
; Total I/O Rules                  ; 30    ;
; Number of I/O Rules Passed       ; 15    ;
; Number of I/O Rules Failed       ; 0     ;
; Number of I/O Rules Unchecked    ; 0     ;
; Number of I/O Rules Inapplicable ; 15    ;
+----------------------------------+-------+


+----------------------------------------------------------------------------------------------------------------------------------------------------------------------------------------------------------------------------------------------------------------------------+
; I/O Rules Details                                                                                                                                                                                                                                                          ;
+--------------+-----------+-----------------------------------+------------------------------------------------------------------------------------------------------+----------+-------------------------------------------------+---------------------+-------------------+
; Status       ; ID        ; Category                          ; Rule Description                                                                                     ; Severity ; Information                                     ; Area                ; Extra Information ;
+--------------+-----------+-----------------------------------+------------------------------------------------------------------------------------------------------+----------+-------------------------------------------------+---------------------+-------------------+
; Pass         ; IO_000001 ; Capacity Checks                   ; Number of pins in an I/O bank should not exceed the number of locations available.                   ; Critical ; 0 such failures found.                          ; I/O                 ;                   ;
; Pass         ; IO_000002 ; Capacity Checks                   ; Number of clocks in an I/O bank should not exceed the number of clocks available.                    ; Critical ; 0 such failures found.                          ; I/O                 ;                   ;
; Pass         ; IO_000003 ; Capacity Checks                   ; Number of pins in a Vrefgroup should not exceed the number of locations available.                   ; Critical ; 0 such failures found.                          ; I/O                 ;                   ;
; Inapplicable ; IO_000004 ; Voltage Compatibility Checks      ; The I/O bank should support the requested VCCIO.                                                     ; Critical ; No IOBANK_VCCIO assignments found.              ; I/O                 ;                   ;
; Inapplicable ; IO_000005 ; Voltage Compatibility Checks      ; The I/O bank should not have competing VREF values.                                                  ; Critical ; No VREF I/O Standard assignments found.         ; I/O                 ;                   ;
; Pass         ; IO_000006 ; Voltage Compatibility Checks      ; The I/O bank should not have competing VCCIO values.                                                 ; Critical ; 0 such failures found.                          ; I/O                 ;                   ;
; Pass         ; IO_000007 ; Valid Location Checks             ; Checks for unavailable locations.                                                                    ; Critical ; 0 such failures found.                          ; I/O                 ;                   ;
; Inapplicable ; IO_000008 ; Valid Location Checks             ; Checks for reserved locations.                                                                       ; Critical ; No reserved LogicLock region found.             ; I/O                 ;                   ;
; Pass         ; IO_000009 ; I/O Properties Checks for One I/O ; The location should support the requested I/O standard.                                              ; Critical ; 0 such failures found.                          ; I/O                 ;                   ;
; Pass         ; IO_000010 ; I/O Properties Checks for One I/O ; The location should support the requested I/O direction.                                             ; Critical ; 0 such failures found.                          ; I/O                 ;                   ;
; Inapplicable ; IO_000011 ; I/O Properties Checks for One I/O ; The location should support the requested Current Strength.                                          ; Critical ; No Current Strength assignments found.          ; I/O                 ;                   ;
; Pass         ; IO_000012 ; I/O Properties Checks for One I/O ; The location should support the requested On Chip Termination value.                                 ; Critical ; 0 such failures found.                          ; I/O                 ;                   ;
; Inapplicable ; IO_000013 ; I/O Properties Checks for One I/O ; The location should support the requested Bus Hold value.                                            ; Critical ; No Enable Bus-Hold Circuitry assignments found. ; I/O                 ;                   ;
; Pass         ; IO_000014 ; I/O Properties Checks for One I/O ; The location should support the requested Weak Pull Up value.                                        ; Critical ; 0 such failures found.                          ; I/O                 ;                   ;
; Pass         ; IO_000015 ; I/O Properties Checks for One I/O ; The location should support the requested PCI Clamp Diode.                                           ; Critical ; 0 such failures found.                          ; I/O                 ;                   ;
; Inapplicable ; IO_000018 ; I/O Properties Checks for One I/O ; The I/O standard should support the requested Current Strength.                                      ; Critical ; No Current Strength assignments found.          ; I/O                 ;                   ;
; Pass         ; IO_000019 ; I/O Properties Checks for One I/O ; The I/O standard should support the requested On Chip Termination value.                             ; Critical ; 0 such failures found.                          ; I/O                 ;                   ;
; Pass         ; IO_000020 ; I/O Properties Checks for One I/O ; The I/O standard should support the requested PCI Clamp Diode.                                       ; Critical ; 0 such failures found.                          ; I/O                 ;                   ;
; Pass         ; IO_000021 ; I/O Properties Checks for One I/O ; The I/O standard should support the requested Weak Pull Up value.                                    ; Critical ; 0 such failures found.                          ; I/O                 ;                   ;
; Inapplicable ; IO_000022 ; I/O Properties Checks for One I/O ; The I/O standard should support the requested Bus Hold value.                                        ; Critical ; No Enable Bus-Hold Circuitry assignments found. ; I/O                 ;                   ;
; Inapplicable ; IO_000023 ; I/O Properties Checks for One I/O ; The I/O standard should support the Open Drain value.                                                ; Critical ; No open drain assignments found.                ; I/O                 ;                   ;
; Pass         ; IO_000024 ; I/O Properties Checks for One I/O ; The I/O direction should support the On Chip Termination value.                                      ; Critical ; 0 such failures found.                          ; I/O                 ;                   ;
; Inapplicable ; IO_000026 ; I/O Properties Checks for One I/O ; On Chip Termination and Current Strength should not be used at the same time.                        ; Critical ; No Current Strength assignments found.          ; I/O                 ;                   ;
; Inapplicable ; IO_000027 ; I/O Properties Checks for One I/O ; Weak Pull Up and Bus Hold should not be used at the same time.                                       ; Critical ; No Enable Bus-Hold Circuitry assignments found. ; I/O                 ;                   ;
; Inapplicable ; IO_000045 ; I/O Properties Checks for One I/O ; The I/O standard should support the requested Slew Rate value.                                       ; Critical ; No Slew Rate assignments found.                 ; I/O                 ;                   ;
; Inapplicable ; IO_000046 ; I/O Properties Checks for One I/O ; The location should support the requested Slew Rate value.                                           ; Critical ; No Slew Rate assignments found.                 ; I/O                 ;                   ;
; Inapplicable ; IO_000047 ; I/O Properties Checks for One I/O ; On Chip Termination and Slew Rate should not be used at the same time.                               ; Critical ; No Slew Rate assignments found.                 ; I/O                 ;                   ;
; Pass         ; IO_000033 ; Electromigration Checks           ; Current density for consecutive I/Os should not exceed 240mA for row I/Os and 240mA for column I/Os. ; Critical ; 0 such failures found.                          ; I/O                 ;                   ;
; Inapplicable ; IO_000034 ; SI Related Distance Checks        ; Single-ended outputs should be 5 LAB row(s) away from a differential I/O.                            ; High     ; No Differential I/O Standard assignments found. ; I/O                 ;                   ;
; Inapplicable ; IO_000042 ; SI Related SSO Limit Checks       ; No more than 20 outputs are allowed in a VREF group when VREF is being read from.                    ; High     ; No VREF I/O Standard assignments found.         ; I/O                 ;                   ;
; ----         ; ----      ; Disclaimer                        ; OCT rules are checked but not reported.                                                              ; None     ; ----                                            ; On Chip Termination ;                   ;
+--------------+-----------+-----------------------------------+------------------------------------------------------------------------------------------------------+----------+-------------------------------------------------+---------------------+-------------------+


+---------------------------------------------------------------------------------------------------------------------------------------------------------------------------------------------------------------------------------------------------------------------------------------------------------------------------------------------------------------------------------------------------------------------------------------------------------------------------+
; I/O Rules Matrix                                                                                                                                                                                                                                                                                                                                                                                                                                                          ;
+---------------------+--------------+--------------+--------------+--------------+--------------+-----------+--------------+--------------+-----------+-----------+--------------+--------------+--------------+--------------+--------------+--------------+--------------+--------------+--------------+--------------+--------------+--------------+--------------+--------------+--------------+--------------+--------------+-----------+--------------+--------------+
; Pin/Rules           ; IO_000001    ; IO_000002    ; IO_000003    ; IO_000004    ; IO_000005    ; IO_000006 ; IO_000007    ; IO_000008    ; IO_000009 ; IO_000010 ; IO_000011    ; IO_000012    ; IO_000013    ; IO_000014    ; IO_000015    ; IO_000018    ; IO_000019    ; IO_000020    ; IO_000021    ; IO_000022    ; IO_000023    ; IO_000024    ; IO_000026    ; IO_000027    ; IO_000045    ; IO_000046    ; IO_000047    ; IO_000033 ; IO_000034    ; IO_000042    ;
+---------------------+--------------+--------------+--------------+--------------+--------------+-----------+--------------+--------------+-----------+-----------+--------------+--------------+--------------+--------------+--------------+--------------+--------------+--------------+--------------+--------------+--------------+--------------+--------------+--------------+--------------+--------------+--------------+-----------+--------------+--------------+
; Total Pass          ; 42           ; 13           ; 42           ; 0            ; 0            ; 46        ; 42           ; 0            ; 46        ; 46        ; 0            ; 10           ; 0            ; 2            ; 19           ; 0            ; 10           ; 19           ; 2            ; 0            ; 0            ; 10           ; 0            ; 0            ; 0            ; 0            ; 0            ; 46        ; 0            ; 0            ;
; Total Unchecked     ; 0            ; 0            ; 0            ; 0            ; 0            ; 0         ; 0            ; 0            ; 0         ; 0         ; 0            ; 0            ; 0            ; 0            ; 0            ; 0            ; 0            ; 0            ; 0            ; 0            ; 0            ; 0            ; 0            ; 0            ; 0            ; 0            ; 0            ; 0         ; 0            ; 0            ;
; Total Inapplicable  ; 4            ; 33           ; 4            ; 46           ; 46           ; 0         ; 4            ; 46           ; 0         ; 0         ; 46           ; 36           ; 46           ; 44           ; 27           ; 46           ; 36           ; 27           ; 44           ; 46           ; 46           ; 36           ; 46           ; 46           ; 46           ; 46           ; 46           ; 0         ; 46           ; 46           ;
; Total Fail          ; 0            ; 0            ; 0            ; 0            ; 0            ; 0         ; 0            ; 0            ; 0         ; 0         ; 0            ; 0            ; 0            ; 0            ; 0            ; 0            ; 0            ; 0            ; 0            ; 0            ; 0            ; 0            ; 0            ; 0            ; 0            ; 0            ; 0            ; 0         ; 0            ; 0            ;
; mcu_spi_miso        ; Pass         ; Inapplicable ; Pass         ; Inapplicable ; Inapplicable ; Pass      ; Pass         ; Inapplicable ; Pass      ; Pass      ; Inapplicable ; Inapplicable ; Inapplicable ; Inapplicable ; Inapplicable ; Inapplicable ; Inapplicable ; Inapplicable ; Inapplicable ; Inapplicable ; Inapplicable ; Inapplicable ; Inapplicable ; Inapplicable ; Inapplicable ; Inapplicable ; Inapplicable ; Pass      ; Inapplicable ; Inapplicable ;
; clk_driver          ; Pass         ; Inapplicable ; Pass         ; Inapplicable ; Inapplicable ; Pass      ; Pass         ; Inapplicable ; Pass      ; Pass      ; Inapplicable ; Pass         ; Inapplicable ; Inapplicable ; Inapplicable ; Inapplicable ; Pass         ; Inapplicable ; Inapplicable ; Inapplicable ; Inapplicable ; Pass         ; Inapplicable ; Inapplicable ; Inapplicable ; Inapplicable ; Inapplicable ; Pass      ; Inapplicable ; Inapplicable ;
; IO_data[0]          ; Pass         ; Inapplicable ; Pass         ; Inapplicable ; Inapplicable ; Pass      ; Pass         ; Inapplicable ; Pass      ; Pass      ; Inapplicable ; Inapplicable ; Inapplicable ; Inapplicable ; Inapplicable ; Inapplicable ; Inapplicable ; Inapplicable ; Inapplicable ; Inapplicable ; Inapplicable ; Inapplicable ; Inapplicable ; Inapplicable ; Inapplicable ; Inapplicable ; Inapplicable ; Pass      ; Inapplicable ; Inapplicable ;
; IO_data[1]          ; Pass         ; Inapplicable ; Pass         ; Inapplicable ; Inapplicable ; Pass      ; Pass         ; Inapplicable ; Pass      ; Pass      ; Inapplicable ; Inapplicable ; Inapplicable ; Inapplicable ; Inapplicable ; Inapplicable ; Inapplicable ; Inapplicable ; Inapplicable ; Inapplicable ; Inapplicable ; Inapplicable ; Inapplicable ; Inapplicable ; Inapplicable ; Inapplicable ; Inapplicable ; Pass      ; Inapplicable ; Inapplicable ;
; IO_data[2]          ; Pass         ; Inapplicable ; Pass         ; Inapplicable ; Inapplicable ; Pass      ; Pass         ; Inapplicable ; Pass      ; Pass      ; Inapplicable ; Inapplicable ; Inapplicable ; Inapplicable ; Inapplicable ; Inapplicable ; Inapplicable ; Inapplicable ; Inapplicable ; Inapplicable ; Inapplicable ; Inapplicable ; Inapplicable ; Inapplicable ; Inapplicable ; Inapplicable ; Inapplicable ; Pass      ; Inapplicable ; Inapplicable ;
; IO_data[3]          ; Pass         ; Inapplicable ; Pass         ; Inapplicable ; Inapplicable ; Pass      ; Pass         ; Inapplicable ; Pass      ; Pass      ; Inapplicable ; Inapplicable ; Inapplicable ; Inapplicable ; Inapplicable ; Inapplicable ; Inapplicable ; Inapplicable ; Inapplicable ; Inapplicable ; Inapplicable ; Inapplicable ; Inapplicable ; Inapplicable ; Inapplicable ; Inapplicable ; Inapplicable ; Pass      ; Inapplicable ; Inapplicable ;
; IO_data[4]          ; Pass         ; Inapplicable ; Pass         ; Inapplicable ; Inapplicable ; Pass      ; Pass         ; Inapplicable ; Pass      ; Pass      ; Inapplicable ; Inapplicable ; Inapplicable ; Inapplicable ; Inapplicable ; Inapplicable ; Inapplicable ; Inapplicable ; Inapplicable ; Inapplicable ; Inapplicable ; Inapplicable ; Inapplicable ; Inapplicable ; Inapplicable ; Inapplicable ; Inapplicable ; Pass      ; Inapplicable ; Inapplicable ;
; IO_data[5]          ; Pass         ; Inapplicable ; Pass         ; Inapplicable ; Inapplicable ; Pass      ; Pass         ; Inapplicable ; Pass      ; Pass      ; Inapplicable ; Pass         ; Inapplicable ; Inapplicable ; Inapplicable ; Inapplicable ; Pass         ; Inapplicable ; Inapplicable ; Inapplicable ; Inapplicable ; Pass         ; Inapplicable ; Inapplicable ; Inapplicable ; Inapplicable ; Inapplicable ; Pass      ; Inapplicable ; Inapplicable ;
; IO_data[6]          ; Pass         ; Inapplicable ; Pass         ; Inapplicable ; Inapplicable ; Pass      ; Pass         ; Inapplicable ; Pass      ; Pass      ; Inapplicable ; Pass         ; Inapplicable ; Inapplicable ; Inapplicable ; Inapplicable ; Pass         ; Inapplicable ; Inapplicable ; Inapplicable ; Inapplicable ; Pass         ; Inapplicable ; Inapplicable ; Inapplicable ; Inapplicable ; Inapplicable ; Pass      ; Inapplicable ; Inapplicable ;
; IO_data[7]          ; Pass         ; Inapplicable ; Pass         ; Inapplicable ; Inapplicable ; Pass      ; Pass         ; Inapplicable ; Pass      ; Pass      ; Inapplicable ; Inapplicable ; Inapplicable ; Inapplicable ; Inapplicable ; Inapplicable ; Inapplicable ; Inapplicable ; Inapplicable ; Inapplicable ; Inapplicable ; Inapplicable ; Inapplicable ; Inapplicable ; Inapplicable ; Inapplicable ; Inapplicable ; Pass      ; Inapplicable ; Inapplicable ;
; IO_data[8]          ; Pass         ; Inapplicable ; Pass         ; Inapplicable ; Inapplicable ; Pass      ; Pass         ; Inapplicable ; Pass      ; Pass      ; Inapplicable ; Pass         ; Inapplicable ; Inapplicable ; Inapplicable ; Inapplicable ; Pass         ; Inapplicable ; Inapplicable ; Inapplicable ; Inapplicable ; Pass         ; Inapplicable ; Inapplicable ; Inapplicable ; Inapplicable ; Inapplicable ; Pass      ; Inapplicable ; Inapplicable ;
; IO_data[9]          ; Pass         ; Inapplicable ; Pass         ; Inapplicable ; Inapplicable ; Pass      ; Pass         ; Inapplicable ; Pass      ; Pass      ; Inapplicable ; Pass         ; Inapplicable ; Inapplicable ; Inapplicable ; Inapplicable ; Pass         ; Inapplicable ; Inapplicable ; Inapplicable ; Inapplicable ; Pass         ; Inapplicable ; Inapplicable ; Inapplicable ; Inapplicable ; Inapplicable ; Pass      ; Inapplicable ; Inapplicable ;
; IO_data[10]         ; Pass         ; Inapplicable ; Pass         ; Inapplicable ; Inapplicable ; Pass      ; Pass         ; Inapplicable ; Pass      ; Pass      ; Inapplicable ; Pass         ; Inapplicable ; Inapplicable ; Inapplicable ; Inapplicable ; Pass         ; Inapplicable ; Inapplicable ; Inapplicable ; Inapplicable ; Pass         ; Inapplicable ; Inapplicable ; Inapplicable ; Inapplicable ; Inapplicable ; Pass      ; Inapplicable ; Inapplicable ;
; IO_data[11]         ; Pass         ; Inapplicable ; Pass         ; Inapplicable ; Inapplicable ; Pass      ; Pass         ; Inapplicable ; Pass      ; Pass      ; Inapplicable ; Pass         ; Inapplicable ; Inapplicable ; Inapplicable ; Inapplicable ; Pass         ; Inapplicable ; Inapplicable ; Inapplicable ; Inapplicable ; Pass         ; Inapplicable ; Inapplicable ; Inapplicable ; Inapplicable ; Inapplicable ; Pass      ; Inapplicable ; Inapplicable ;
; IO_data[12]         ; Pass         ; Inapplicable ; Pass         ; Inapplicable ; Inapplicable ; Pass      ; Pass         ; Inapplicable ; Pass      ; Pass      ; Inapplicable ; Pass         ; Inapplicable ; Inapplicable ; Inapplicable ; Inapplicable ; Pass         ; Inapplicable ; Inapplicable ; Inapplicable ; Inapplicable ; Pass         ; Inapplicable ; Inapplicable ; Inapplicable ; Inapplicable ; Inapplicable ; Pass      ; Inapplicable ; Inapplicable ;
; IO_data[13]         ; Pass         ; Inapplicable ; Pass         ; Inapplicable ; Inapplicable ; Pass      ; Pass         ; Inapplicable ; Pass      ; Pass      ; Inapplicable ; Pass         ; Inapplicable ; Inapplicable ; Inapplicable ; Inapplicable ; Pass         ; Inapplicable ; Inapplicable ; Inapplicable ; Inapplicable ; Pass         ; Inapplicable ; Inapplicable ; Inapplicable ; Inapplicable ; Inapplicable ; Pass      ; Inapplicable ; Inapplicable ;
; dac_gnd             ; Pass         ; Inapplicable ; Pass         ; Inapplicable ; Inapplicable ; Pass      ; Pass         ; Inapplicable ; Pass      ; Pass      ; Inapplicable ; Pass         ; Inapplicable ; Inapplicable ; Inapplicable ; Inapplicable ; Pass         ; Inapplicable ; Inapplicable ; Inapplicable ; Inapplicable ; Pass         ; Inapplicable ; Inapplicable ; Inapplicable ; Inapplicable ; Inapplicable ; Pass      ; Inapplicable ; Inapplicable ;
; adc_clk_o           ; Pass         ; Inapplicable ; Pass         ; Inapplicable ; Inapplicable ; Pass      ; Pass         ; Inapplicable ; Pass      ; Pass      ; Inapplicable ; Inapplicable ; Inapplicable ; Inapplicable ; Inapplicable ; Inapplicable ; Inapplicable ; Inapplicable ; Inapplicable ; Inapplicable ; Inapplicable ; Inapplicable ; Inapplicable ; Inapplicable ; Inapplicable ; Inapplicable ; Inapplicable ; Pass      ; Inapplicable ; Inapplicable ;
; adc_oeb_o           ; Pass         ; Inapplicable ; Pass         ; Inapplicable ; Inapplicable ; Pass      ; Pass         ; Inapplicable ; Pass      ; Pass      ; Inapplicable ; Inapplicable ; Inapplicable ; Inapplicable ; Inapplicable ; Inapplicable ; Inapplicable ; Inapplicable ; Inapplicable ; Inapplicable ; Inapplicable ; Inapplicable ; Inapplicable ; Inapplicable ; Inapplicable ; Inapplicable ; Inapplicable ; Pass      ; Inapplicable ; Inapplicable ;
; adc_pwdn_o          ; Pass         ; Inapplicable ; Pass         ; Inapplicable ; Inapplicable ; Pass      ; Pass         ; Inapplicable ; Pass      ; Pass      ; Inapplicable ; Inapplicable ; Inapplicable ; Inapplicable ; Inapplicable ; Inapplicable ; Inapplicable ; Inapplicable ; Inapplicable ; Inapplicable ; Inapplicable ; Inapplicable ; Inapplicable ; Inapplicable ; Inapplicable ; Inapplicable ; Inapplicable ; Pass      ; Inapplicable ; Inapplicable ;
; adc_spi_cs_n_o      ; Pass         ; Inapplicable ; Pass         ; Inapplicable ; Inapplicable ; Pass      ; Pass         ; Inapplicable ; Pass      ; Pass      ; Inapplicable ; Inapplicable ; Inapplicable ; Inapplicable ; Inapplicable ; Inapplicable ; Inapplicable ; Inapplicable ; Inapplicable ; Inapplicable ; Inapplicable ; Inapplicable ; Inapplicable ; Inapplicable ; Inapplicable ; Inapplicable ; Inapplicable ; Pass      ; Inapplicable ; Inapplicable ;
; adc_spi_sclk_o      ; Pass         ; Inapplicable ; Pass         ; Inapplicable ; Inapplicable ; Pass      ; Pass         ; Inapplicable ; Pass      ; Pass      ; Inapplicable ; Inapplicable ; Inapplicable ; Inapplicable ; Inapplicable ; Inapplicable ; Inapplicable ; Inapplicable ; Inapplicable ; Inapplicable ; Inapplicable ; Inapplicable ; Inapplicable ; Inapplicable ; Inapplicable ; Inapplicable ; Inapplicable ; Pass      ; Inapplicable ; Inapplicable ;
; adc_spi_sdio_o      ; Pass         ; Inapplicable ; Pass         ; Inapplicable ; Inapplicable ; Pass      ; Pass         ; Inapplicable ; Pass      ; Pass      ; Inapplicable ; Inapplicable ; Inapplicable ; Inapplicable ; Inapplicable ; Inapplicable ; Inapplicable ; Inapplicable ; Inapplicable ; Inapplicable ; Inapplicable ; Inapplicable ; Inapplicable ; Inapplicable ; Inapplicable ; Inapplicable ; Inapplicable ; Pass      ; Inapplicable ; Inapplicable ;
; adc_dco_i           ; Pass         ; Inapplicable ; Pass         ; Inapplicable ; Inapplicable ; Pass      ; Pass         ; Inapplicable ; Pass      ; Pass      ; Inapplicable ; Inapplicable ; Inapplicable ; Inapplicable ; Pass         ; Inapplicable ; Inapplicable ; Pass         ; Inapplicable ; Inapplicable ; Inapplicable ; Inapplicable ; Inapplicable ; Inapplicable ; Inapplicable ; Inapplicable ; Inapplicable ; Pass      ; Inapplicable ; Inapplicable ;
; mcu_spi_sck         ; Pass         ; Inapplicable ; Pass         ; Inapplicable ; Inapplicable ; Pass      ; Pass         ; Inapplicable ; Pass      ; Pass      ; Inapplicable ; Inapplicable ; Inapplicable ; Pass         ; Pass         ; Inapplicable ; Inapplicable ; Pass         ; Pass         ; Inapplicable ; Inapplicable ; Inapplicable ; Inapplicable ; Inapplicable ; Inapplicable ; Inapplicable ; Inapplicable ; Pass      ; Inapplicable ; Inapplicable ;
; mcu_uart_rx         ; Pass         ; Inapplicable ; Pass         ; Inapplicable ; Inapplicable ; Pass      ; Pass         ; Inapplicable ; Pass      ; Pass      ; Inapplicable ; Inapplicable ; Inapplicable ; Pass         ; Pass         ; Inapplicable ; Inapplicable ; Pass         ; Pass         ; Inapplicable ; Inapplicable ; Inapplicable ; Inapplicable ; Inapplicable ; Inapplicable ; Inapplicable ; Inapplicable ; Pass      ; Inapplicable ; Inapplicable ;
; rstn                ; Pass         ; Inapplicable ; Pass         ; Inapplicable ; Inapplicable ; Pass      ; Pass         ; Inapplicable ; Pass      ; Pass      ; Inapplicable ; Inapplicable ; Inapplicable ; Inapplicable ; Pass         ; Inapplicable ; Inapplicable ; Pass         ; Inapplicable ; Inapplicable ; Inapplicable ; Inapplicable ; Inapplicable ; Inapplicable ; Inapplicable ; Inapplicable ; Inapplicable ; Pass      ; Inapplicable ; Inapplicable ;
; clk                 ; Pass         ; Inapplicable ; Pass         ; Inapplicable ; Inapplicable ; Pass      ; Pass         ; Inapplicable ; Pass      ; Pass      ; Inapplicable ; Inapplicable ; Inapplicable ; Inapplicable ; Pass         ; Inapplicable ; Inapplicable ; Pass         ; Inapplicable ; Inapplicable ; Inapplicable ; Inapplicable ; Inapplicable ; Inapplicable ; Inapplicable ; Inapplicable ; Inapplicable ; Pass      ; Inapplicable ; Inapplicable ;
; adc_data_i[0]       ; Pass         ; Pass         ; Pass         ; Inapplicable ; Inapplicable ; Pass      ; Pass         ; Inapplicable ; Pass      ; Pass      ; Inapplicable ; Inapplicable ; Inapplicable ; Inapplicable ; Pass         ; Inapplicable ; Inapplicable ; Pass         ; Inapplicable ; Inapplicable ; Inapplicable ; Inapplicable ; Inapplicable ; Inapplicable ; Inapplicable ; Inapplicable ; Inapplicable ; Pass      ; Inapplicable ; Inapplicable ;
; adc_data_i[1]       ; Pass         ; Pass         ; Pass         ; Inapplicable ; Inapplicable ; Pass      ; Pass         ; Inapplicable ; Pass      ; Pass      ; Inapplicable ; Inapplicable ; Inapplicable ; Inapplicable ; Pass         ; Inapplicable ; Inapplicable ; Pass         ; Inapplicable ; Inapplicable ; Inapplicable ; Inapplicable ; Inapplicable ; Inapplicable ; Inapplicable ; Inapplicable ; Inapplicable ; Pass      ; Inapplicable ; Inapplicable ;
; adc_data_i[2]       ; Pass         ; Pass         ; Pass         ; Inapplicable ; Inapplicable ; Pass      ; Pass         ; Inapplicable ; Pass      ; Pass      ; Inapplicable ; Inapplicable ; Inapplicable ; Inapplicable ; Pass         ; Inapplicable ; Inapplicable ; Pass         ; Inapplicable ; Inapplicable ; Inapplicable ; Inapplicable ; Inapplicable ; Inapplicable ; Inapplicable ; Inapplicable ; Inapplicable ; Pass      ; Inapplicable ; Inapplicable ;
; adc_data_i[3]       ; Pass         ; Pass         ; Pass         ; Inapplicable ; Inapplicable ; Pass      ; Pass         ; Inapplicable ; Pass      ; Pass      ; Inapplicable ; Inapplicable ; Inapplicable ; Inapplicable ; Pass         ; Inapplicable ; Inapplicable ; Pass         ; Inapplicable ; Inapplicable ; Inapplicable ; Inapplicable ; Inapplicable ; Inapplicable ; Inapplicable ; Inapplicable ; Inapplicable ; Pass      ; Inapplicable ; Inapplicable ;
; adc_data_i[4]       ; Pass         ; Pass         ; Pass         ; Inapplicable ; Inapplicable ; Pass      ; Pass         ; Inapplicable ; Pass      ; Pass      ; Inapplicable ; Inapplicable ; Inapplicable ; Inapplicable ; Pass         ; Inapplicable ; Inapplicable ; Pass         ; Inapplicable ; Inapplicable ; Inapplicable ; Inapplicable ; Inapplicable ; Inapplicable ; Inapplicable ; Inapplicable ; Inapplicable ; Pass      ; Inapplicable ; Inapplicable ;
; adc_data_i[5]       ; Pass         ; Pass         ; Pass         ; Inapplicable ; Inapplicable ; Pass      ; Pass         ; Inapplicable ; Pass      ; Pass      ; Inapplicable ; Inapplicable ; Inapplicable ; Inapplicable ; Pass         ; Inapplicable ; Inapplicable ; Pass         ; Inapplicable ; Inapplicable ; Inapplicable ; Inapplicable ; Inapplicable ; Inapplicable ; Inapplicable ; Inapplicable ; Inapplicable ; Pass      ; Inapplicable ; Inapplicable ;
; adc_data_i[6]       ; Pass         ; Pass         ; Pass         ; Inapplicable ; Inapplicable ; Pass      ; Pass         ; Inapplicable ; Pass      ; Pass      ; Inapplicable ; Inapplicable ; Inapplicable ; Inapplicable ; Pass         ; Inapplicable ; Inapplicable ; Pass         ; Inapplicable ; Inapplicable ; Inapplicable ; Inapplicable ; Inapplicable ; Inapplicable ; Inapplicable ; Inapplicable ; Inapplicable ; Pass      ; Inapplicable ; Inapplicable ;
; adc_data_i[7]       ; Pass         ; Pass         ; Pass         ; Inapplicable ; Inapplicable ; Pass      ; Pass         ; Inapplicable ; Pass      ; Pass      ; Inapplicable ; Inapplicable ; Inapplicable ; Inapplicable ; Pass         ; Inapplicable ; Inapplicable ; Pass         ; Inapplicable ; Inapplicable ; Inapplicable ; Inapplicable ; Inapplicable ; Inapplicable ; Inapplicable ; Inapplicable ; Inapplicable ; Pass      ; Inapplicable ; Inapplicable ;
; adc_data_i[8]       ; Pass         ; Pass         ; Pass         ; Inapplicable ; Inapplicable ; Pass      ; Pass         ; Inapplicable ; Pass      ; Pass      ; Inapplicable ; Inapplicable ; Inapplicable ; Inapplicable ; Pass         ; Inapplicable ; Inapplicable ; Pass         ; Inapplicable ; Inapplicable ; Inapplicable ; Inapplicable ; Inapplicable ; Inapplicable ; Inapplicable ; Inapplicable ; Inapplicable ; Pass      ; Inapplicable ; Inapplicable ;
; adc_data_i[9]       ; Pass         ; Pass         ; Pass         ; Inapplicable ; Inapplicable ; Pass      ; Pass         ; Inapplicable ; Pass      ; Pass      ; Inapplicable ; Inapplicable ; Inapplicable ; Inapplicable ; Pass         ; Inapplicable ; Inapplicable ; Pass         ; Inapplicable ; Inapplicable ; Inapplicable ; Inapplicable ; Inapplicable ; Inapplicable ; Inapplicable ; Inapplicable ; Inapplicable ; Pass      ; Inapplicable ; Inapplicable ;
; adc_data_i[10]      ; Pass         ; Pass         ; Pass         ; Inapplicable ; Inapplicable ; Pass      ; Pass         ; Inapplicable ; Pass      ; Pass      ; Inapplicable ; Inapplicable ; Inapplicable ; Inapplicable ; Pass         ; Inapplicable ; Inapplicable ; Pass         ; Inapplicable ; Inapplicable ; Inapplicable ; Inapplicable ; Inapplicable ; Inapplicable ; Inapplicable ; Inapplicable ; Inapplicable ; Pass      ; Inapplicable ; Inapplicable ;
; adc_data_i[11]      ; Pass         ; Pass         ; Pass         ; Inapplicable ; Inapplicable ; Pass      ; Pass         ; Inapplicable ; Pass      ; Pass      ; Inapplicable ; Inapplicable ; Inapplicable ; Inapplicable ; Pass         ; Inapplicable ; Inapplicable ; Pass         ; Inapplicable ; Inapplicable ; Inapplicable ; Inapplicable ; Inapplicable ; Inapplicable ; Inapplicable ; Inapplicable ; Inapplicable ; Pass      ; Inapplicable ; Inapplicable ;
; adc_otr_i           ; Pass         ; Pass         ; Pass         ; Inapplicable ; Inapplicable ; Pass      ; Pass         ; Inapplicable ; Pass      ; Pass      ; Inapplicable ; Inapplicable ; Inapplicable ; Inapplicable ; Pass         ; Inapplicable ; Inapplicable ; Pass         ; Inapplicable ; Inapplicable ; Inapplicable ; Inapplicable ; Inapplicable ; Inapplicable ; Inapplicable ; Inapplicable ; Inapplicable ; Pass      ; Inapplicable ; Inapplicable ;
; mcu_spi_mosi        ; Pass         ; Inapplicable ; Pass         ; Inapplicable ; Inapplicable ; Pass      ; Pass         ; Inapplicable ; Pass      ; Pass      ; Inapplicable ; Inapplicable ; Inapplicable ; Inapplicable ; Pass         ; Inapplicable ; Inapplicable ; Pass         ; Inapplicable ; Inapplicable ; Inapplicable ; Inapplicable ; Inapplicable ; Inapplicable ; Inapplicable ; Inapplicable ; Inapplicable ; Pass      ; Inapplicable ; Inapplicable ;
; altera_reserved_tms ; Inapplicable ; Inapplicable ; Inapplicable ; Inapplicable ; Inapplicable ; Pass      ; Inapplicable ; Inapplicable ; Pass      ; Pass      ; Inapplicable ; Inapplicable ; Inapplicable ; Inapplicable ; Inapplicable ; Inapplicable ; Inapplicable ; Inapplicable ; Inapplicable ; Inapplicable ; Inapplicable ; Inapplicable ; Inapplicable ; Inapplicable ; Inapplicable ; Inapplicable ; Inapplicable ; Pass      ; Inapplicable ; Inapplicable ;
; altera_reserved_tck ; Inapplicable ; Inapplicable ; Inapplicable ; Inapplicable ; Inapplicable ; Pass      ; Inapplicable ; Inapplicable ; Pass      ; Pass      ; Inapplicable ; Inapplicable ; Inapplicable ; Inapplicable ; Inapplicable ; Inapplicable ; Inapplicable ; Inapplicable ; Inapplicable ; Inapplicable ; Inapplicable ; Inapplicable ; Inapplicable ; Inapplicable ; Inapplicable ; Inapplicable ; Inapplicable ; Pass      ; Inapplicable ; Inapplicable ;
; altera_reserved_tdi ; Inapplicable ; Inapplicable ; Inapplicable ; Inapplicable ; Inapplicable ; Pass      ; Inapplicable ; Inapplicable ; Pass      ; Pass      ; Inapplicable ; Inapplicable ; Inapplicable ; Inapplicable ; Inapplicable ; Inapplicable ; Inapplicable ; Inapplicable ; Inapplicable ; Inapplicable ; Inapplicable ; Inapplicable ; Inapplicable ; Inapplicable ; Inapplicable ; Inapplicable ; Inapplicable ; Pass      ; Inapplicable ; Inapplicable ;
; altera_reserved_tdo ; Inapplicable ; Inapplicable ; Inapplicable ; Inapplicable ; Inapplicable ; Pass      ; Inapplicable ; Inapplicable ; Pass      ; Pass      ; Inapplicable ; Inapplicable ; Inapplicable ; Inapplicable ; Inapplicable ; Inapplicable ; Inapplicable ; Inapplicable ; Inapplicable ; Inapplicable ; Inapplicable ; Inapplicable ; Inapplicable ; Inapplicable ; Inapplicable ; Inapplicable ; Inapplicable ; Pass      ; Inapplicable ; Inapplicable ;
+---------------------+--------------+--------------+--------------+--------------+--------------+-----------+--------------+--------------+-----------+-----------+--------------+--------------+--------------+--------------+--------------+--------------+--------------+--------------+--------------+--------------+--------------+--------------+--------------+--------------+--------------+--------------+--------------+-----------+--------------+--------------+


+---------------------------------------------------------------------------------------------+
; Fitter Device Options                                                                       ;
+------------------------------------------------------------------+--------------------------+
; Option                                                           ; Setting                  ;
+------------------------------------------------------------------+--------------------------+
; Enable user-supplied start-up clock (CLKUSR)                     ; Off                      ;
; Enable device-wide reset (DEV_CLRn)                              ; Off                      ;
; Enable device-wide output enable (DEV_OE)                        ; Off                      ;
; Enable INIT_DONE output                                          ; Off                      ;
; Configuration scheme                                             ; Active Serial            ;
; Error detection CRC                                              ; Off                      ;
; Enable open drain on CRC_ERROR pin                               ; Off                      ;
; Enable input tri-state on active configuration pins in user mode ; Off                      ;
; Configuration Voltage Level                                      ; Auto                     ;
; Force Configuration Voltage Level                                ; Off                      ;
; nCEO                                                             ; Unreserved               ;
; Data[0]                                                          ; As input tri-stated      ;
; Data[1]/ASDO                                                     ; As input tri-stated      ;
; Data[7..2]                                                       ; Unreserved               ;
; FLASH_nCE/nCSO                                                   ; As input tri-stated      ;
; Other Active Parallel pins                                       ; Unreserved               ;
; DCLK                                                             ; As output driving ground ;
; Base pin-out file on sameframe device                            ; Off                      ;
+------------------------------------------------------------------+--------------------------+


+------------------------------------+
; Operating Settings and Conditions  ;
+---------------------------+--------+
; Setting                   ; Value  ;
+---------------------------+--------+
; Nominal Core Voltage      ; 1.20 V ;
; Low Junction Temperature  ; 0 °C   ;
; High Junction Temperature ; 85 °C  ;
+---------------------------+--------+


+----------------------------------------------------------------+
; Estimated Delay Added for Hold Timing Summary                  ;
+---------------------+----------------------+-------------------+
; Source Clock(s)     ; Destination Clock(s) ; Delay Added in ns ;
+---------------------+----------------------+-------------------+
; adc_dco             ; adc_dco              ; 44.1              ;
; I/O                 ; mcu_spi_sck          ; 11.6              ;
; mcu_spi_sck,I/O     ; mcu_spi_sck          ; 4.8               ;
; altera_reserved_tck ; altera_reserved_tck  ; 1.3               ;
+---------------------+----------------------+-------------------+
Note: For more information on problematic transfers, consider running the Fitter again with the Optimize hold timing option (Settings Menu) turned off.
This will disable optimization of problematic paths and expose them for further analysis using the TimeQuest Timing Analyzer.


+----------------------------------------------------------------------------------------------------------------------------------------------------------------------------------------------------------------------------------------------------------------------+
; Estimated Delay Added for Hold Timing Details                                                                                                                                                                                                                        ;
+------------------------------------------------------------------------------------------------------------------------+-------------------------------------------------------------------------------------------------------------------------+-------------------+
; Source Register                                                                                                        ; Destination Register                                                                                                    ; Delay Added in ns ;
+------------------------------------------------------------------------------------------------------------------------+-------------------------------------------------------------------------------------------------------------------------+-------------------+
; mcu_spi_mosi                                                                                                           ; AnalyzerSpiSlave:U3_analyzer_spi|request_command[0]                                                                     ; 1.929             ;
; AnalyzerSpiSlave:U3_analyzer_spi|rx_shift[11]                                                                          ; AnalyzerSpiSlave:U3_analyzer_spi|request_crc[5]                                                                         ; 1.395             ;
; AnalyzerSpiSlave:U3_analyzer_spi|rx_shift[12]                                                                          ; AnalyzerSpiSlave:U3_analyzer_spi|request_crc[5]                                                                         ; 1.395             ;
; AnalyzerSpiSlave:U3_analyzer_spi|rx_shift[3]                                                                           ; AnalyzerSpiSlave:U3_analyzer_spi|request_crc[5]                                                                         ; 1.395             ;
; AnalyzerSpiSlave:U3_analyzer_spi|rx_shift[4]                                                                           ; AnalyzerSpiSlave:U3_analyzer_spi|request_crc[5]                                                                         ; 1.395             ;
; AnalyzerSpiSlave:U3_analyzer_spi|rx_shift[7]                                                                           ; AnalyzerSpiSlave:U3_analyzer_spi|request_crc[5]                                                                         ; 1.395             ;
; AnalyzerSpiSlave:U3_analyzer_spi|rx_shift[8]                                                                           ; AnalyzerSpiSlave:U3_analyzer_spi|request_crc[5]                                                                         ; 1.395             ;
; AnalyzerSpiSlave:U3_analyzer_spi|rx_shift[10]                                                                          ; AnalyzerSpiSlave:U3_analyzer_spi|request_crc[5]                                                                         ; 1.395             ;
; AnalyzerSpiSlave:U3_analyzer_spi|request_crc[0]                                                                        ; AnalyzerSpiSlave:U3_analyzer_spi|request_crc[12]                                                                        ; 1.070             ;
; AnalyzerSpiSlave:U3_analyzer_spi|request_crc[4]                                                                        ; AnalyzerSpiSlave:U3_analyzer_spi|request_crc[12]                                                                        ; 1.070             ;
; AnalyzerSpiSlave:U3_analyzer_spi|request_crc[8]                                                                        ; AnalyzerSpiSlave:U3_analyzer_spi|request_crc[12]                                                                        ; 1.070             ;
; mcu_spi_sck                                                                                                            ; AnalyzerSpiSlave:U3_analyzer_spi|ready_sync[0]                                                                          ; 1.050             ;
; AnalyzerSpiSlave:U3_analyzer_spi|request_crc[11]                                                                       ; AnalyzerSpiSlave:U3_analyzer_spi|request_crc[0]                                                                         ; 0.962             ;
; AnalyzerSpiSlave:U3_analyzer_spi|request_crc[12]                                                                       ; AnalyzerSpiSlave:U3_analyzer_spi|request_crc[0]                                                                         ; 0.962             ;
; AnalyzerSpiSlave:U3_analyzer_spi|request_word_index.00                                                                 ; AnalyzerSpiSlave:U3_analyzer_spi|request_crc[0]                                                                         ; 0.962             ;
; AnalyzerSpiSlave:U3_analyzer_spi|rx_shift[14]                                                                          ; AnalyzerSpiSlave:U3_analyzer_spi|request_crc[12]                                                                        ; 0.668             ;
; AnalyzerSpiSlave:U3_analyzer_spi|rx_shift[6]                                                                           ; AnalyzerSpiSlave:U3_analyzer_spi|request_crc[12]                                                                        ; 0.668             ;
; AnalyzerSpiSlave:U3_analyzer_spi|request_command[1]                                                                    ; AnalyzerSpiSlave:U3_analyzer_spi|response_read_latched                                                                  ; 0.217             ;
; Ad9233FrameCapture:U2_frame_capture|Ad9233MultistageDecimator:anti_alias_fir|FirDecimatingStage:stage3|history[29][15] ; Ad9233FrameCapture:U2_frame_capture|Ad9233MultistageDecimator:anti_alias_fir|FirDecimatingStage:stage3|snapshot[30][15] ; 0.121             ;
; Ad9233FrameCapture:U2_frame_capture|Ad9233MultistageDecimator:anti_alias_fir|FirDecimatingStage:stage3|history[30][15] ; Ad9233FrameCapture:U2_frame_capture|Ad9233MultistageDecimator:anti_alias_fir|FirDecimatingStage:stage3|snapshot[31][15] ; 0.121             ;
; Ad9233FrameCapture:U2_frame_capture|Ad9233MultistageDecimator:anti_alias_fir|FirDecimatingStage:stage3|history[25][15] ; Ad9233FrameCapture:U2_frame_capture|Ad9233MultistageDecimator:anti_alias_fir|FirDecimatingStage:stage3|snapshot[26][15] ; 0.121             ;
; Ad9233FrameCapture:U2_frame_capture|Ad9233MultistageDecimator:anti_alias_fir|FirDecimatingStage:stage3|history[26][15] ; Ad9233FrameCapture:U2_frame_capture|Ad9233MultistageDecimator:anti_alias_fir|FirDecimatingStage:stage3|snapshot[27][15] ; 0.121             ;
; Ad9233FrameCapture:U2_frame_capture|Ad9233MultistageDecimator:anti_alias_fir|FirDecimatingStage:stage3|history[27][15] ; Ad9233FrameCapture:U2_frame_capture|Ad9233MultistageDecimator:anti_alias_fir|FirDecimatingStage:stage3|snapshot[28][15] ; 0.121             ;
; Ad9233FrameCapture:U2_frame_capture|Ad9233MultistageDecimator:anti_alias_fir|FirDecimatingStage:stage3|history[28][14] ; Ad9233FrameCapture:U2_frame_capture|Ad9233MultistageDecimator:anti_alias_fir|FirDecimatingStage:stage3|snapshot[29][14] ; 0.121             ;
; Ad9233FrameCapture:U2_frame_capture|Ad9233MultistageDecimator:anti_alias_fir|FirDecimatingStage:stage3|history[29][14] ; Ad9233FrameCapture:U2_frame_capture|Ad9233MultistageDecimator:anti_alias_fir|FirDecimatingStage:stage3|snapshot[30][14] ; 0.121             ;
; Ad9233FrameCapture:U2_frame_capture|Ad9233MultistageDecimator:anti_alias_fir|FirDecimatingStage:stage3|history[23][14] ; Ad9233FrameCapture:U2_frame_capture|Ad9233MultistageDecimator:anti_alias_fir|FirDecimatingStage:stage3|snapshot[24][14] ; 0.121             ;
; Ad9233FrameCapture:U2_frame_capture|Ad9233MultistageDecimator:anti_alias_fir|FirDecimatingStage:stage3|history[27][14] ; Ad9233FrameCapture:U2_frame_capture|Ad9233MultistageDecimator:anti_alias_fir|FirDecimatingStage:stage3|snapshot[28][14] ; 0.121             ;
; Ad9233FrameCapture:U2_frame_capture|Ad9233MultistageDecimator:anti_alias_fir|FirDecimatingStage:stage3|history[18][14] ; Ad9233FrameCapture:U2_frame_capture|Ad9233MultistageDecimator:anti_alias_fir|FirDecimatingStage:stage3|snapshot[19][14] ; 0.121             ;
; Ad9233FrameCapture:U2_frame_capture|Ad9233MultistageDecimator:anti_alias_fir|FirDecimatingStage:stage3|history[19][14] ; Ad9233FrameCapture:U2_frame_capture|Ad9233MultistageDecimator:anti_alias_fir|FirDecimatingStage:stage3|snapshot[20][14] ; 0.121             ;
; Ad9233FrameCapture:U2_frame_capture|Ad9233MultistageDecimator:anti_alias_fir|FirDecimatingStage:stage3|history[20][14] ; Ad9233FrameCapture:U2_frame_capture|Ad9233MultistageDecimator:anti_alias_fir|FirDecimatingStage:stage3|snapshot[21][14] ; 0.121             ;
; Ad9233FrameCapture:U2_frame_capture|Ad9233MultistageDecimator:anti_alias_fir|FirDecimatingStage:stage3|history[21][14] ; Ad9233FrameCapture:U2_frame_capture|Ad9233MultistageDecimator:anti_alias_fir|FirDecimatingStage:stage3|snapshot[22][14] ; 0.121             ;
; Ad9233FrameCapture:U2_frame_capture|Ad9233MultistageDecimator:anti_alias_fir|FirDecimatingStage:stage3|history[23][11] ; Ad9233FrameCapture:U2_frame_capture|Ad9233MultistageDecimator:anti_alias_fir|FirDecimatingStage:stage3|snapshot[24][11] ; 0.121             ;
; Ad9233FrameCapture:U2_frame_capture|Ad9233MultistageDecimator:anti_alias_fir|FirDecimatingStage:stage3|history[11][8]  ; Ad9233FrameCapture:U2_frame_capture|Ad9233MultistageDecimator:anti_alias_fir|FirDecimatingStage:stage3|snapshot[12][8]  ; 0.121             ;
; Ad9233FrameCapture:U2_frame_capture|Ad9233MultistageDecimator:anti_alias_fir|FirDecimatingStage:stage3|history[12][8]  ; Ad9233FrameCapture:U2_frame_capture|Ad9233MultistageDecimator:anti_alias_fir|FirDecimatingStage:stage3|snapshot[13][8]  ; 0.121             ;
; Ad9233FrameCapture:U2_frame_capture|Ad9233MultistageDecimator:anti_alias_fir|FirDecimatingStage:stage3|history[13][8]  ; Ad9233FrameCapture:U2_frame_capture|Ad9233MultistageDecimator:anti_alias_fir|FirDecimatingStage:stage3|snapshot[14][8]  ; 0.121             ;
; Ad9233FrameCapture:U2_frame_capture|Ad9233MultistageDecimator:anti_alias_fir|FirDecimatingStage:stage3|history[14][8]  ; Ad9233FrameCapture:U2_frame_capture|Ad9233MultistageDecimator:anti_alias_fir|FirDecimatingStage:stage3|snapshot[15][8]  ; 0.121             ;
; Ad9233FrameCapture:U2_frame_capture|Ad9233MultistageDecimator:anti_alias_fir|FirDecimatingStage:stage3|history[34][5]  ; Ad9233FrameCapture:U2_frame_capture|Ad9233MultistageDecimator:anti_alias_fir|FirDecimatingStage:stage3|snapshot[35][5]  ; 0.121             ;
; Ad9233FrameCapture:U2_frame_capture|Ad9233MultistageDecimator:anti_alias_fir|FirDecimatingStage:stage3|history[37][5]  ; Ad9233FrameCapture:U2_frame_capture|Ad9233MultistageDecimator:anti_alias_fir|FirDecimatingStage:stage3|snapshot[38][5]  ; 0.121             ;
; Ad9233FrameCapture:U2_frame_capture|Ad9233MultistageDecimator:anti_alias_fir|FirDecimatingStage:stage3|history[25][5]  ; Ad9233FrameCapture:U2_frame_capture|Ad9233MultistageDecimator:anti_alias_fir|FirDecimatingStage:stage3|snapshot[26][5]  ; 0.121             ;
; Ad9233FrameCapture:U2_frame_capture|Ad9233MultistageDecimator:anti_alias_fir|FirDecimatingStage:stage3|history[26][5]  ; Ad9233FrameCapture:U2_frame_capture|Ad9233MultistageDecimator:anti_alias_fir|FirDecimatingStage:stage3|snapshot[27][5]  ; 0.121             ;
; Ad9233FrameCapture:U2_frame_capture|Ad9233MultistageDecimator:anti_alias_fir|FirDecimatingStage:stage3|history[27][5]  ; Ad9233FrameCapture:U2_frame_capture|Ad9233MultistageDecimator:anti_alias_fir|FirDecimatingStage:stage3|snapshot[28][5]  ; 0.121             ;
; Ad9233FrameCapture:U2_frame_capture|Ad9233MultistageDecimator:anti_alias_fir|FirDecimatingStage:stage3|history[17][5]  ; Ad9233FrameCapture:U2_frame_capture|Ad9233MultistageDecimator:anti_alias_fir|FirDecimatingStage:stage3|snapshot[18][5]  ; 0.121             ;
; Ad9233FrameCapture:U2_frame_capture|Ad9233MultistageDecimator:anti_alias_fir|FirDecimatingStage:stage3|history[34][3]  ; Ad9233FrameCapture:U2_frame_capture|Ad9233MultistageDecimator:anti_alias_fir|FirDecimatingStage:stage3|snapshot[35][3]  ; 0.121             ;
; Ad9233FrameCapture:U2_frame_capture|Ad9233MultistageDecimator:anti_alias_fir|FirDecimatingStage:stage3|history[37][3]  ; Ad9233FrameCapture:U2_frame_capture|Ad9233MultistageDecimator:anti_alias_fir|FirDecimatingStage:stage3|snapshot[38][3]  ; 0.121             ;
; Ad9233FrameCapture:U2_frame_capture|Ad9233MultistageDecimator:anti_alias_fir|FirDecimatingStage:stage3|history[31][3]  ; Ad9233FrameCapture:U2_frame_capture|Ad9233MultistageDecimator:anti_alias_fir|FirDecimatingStage:stage3|snapshot[32][3]  ; 0.121             ;
; Ad9233FrameCapture:U2_frame_capture|Ad9233MultistageDecimator:anti_alias_fir|FirDecimatingStage:stage3|history[14][3]  ; Ad9233FrameCapture:U2_frame_capture|Ad9233MultistageDecimator:anti_alias_fir|FirDecimatingStage:stage3|snapshot[15][3]  ; 0.121             ;
; Ad9233FrameCapture:U2_frame_capture|Ad9233MultistageDecimator:anti_alias_fir|FirDecimatingStage:stage3|history[16][3]  ; Ad9233FrameCapture:U2_frame_capture|Ad9233MultistageDecimator:anti_alias_fir|FirDecimatingStage:stage3|snapshot[17][3]  ; 0.121             ;
; Ad9233FrameCapture:U2_frame_capture|Ad9233MultistageDecimator:anti_alias_fir|FirDecimatingStage:stage3|history[18][3]  ; Ad9233FrameCapture:U2_frame_capture|Ad9233MultistageDecimator:anti_alias_fir|FirDecimatingStage:stage3|snapshot[19][3]  ; 0.121             ;
; Ad9233FrameCapture:U2_frame_capture|Ad9233MultistageDecimator:anti_alias_fir|FirDecimatingStage:stage3|history[20][3]  ; Ad9233FrameCapture:U2_frame_capture|Ad9233MultistageDecimator:anti_alias_fir|FirDecimatingStage:stage3|snapshot[21][3]  ; 0.121             ;
; Ad9233FrameCapture:U2_frame_capture|Ad9233MultistageDecimator:anti_alias_fir|FirDecimatingStage:stage3|history[33][2]  ; Ad9233FrameCapture:U2_frame_capture|Ad9233MultistageDecimator:anti_alias_fir|FirDecimatingStage:stage3|snapshot[34][2]  ; 0.121             ;
; Ad9233FrameCapture:U2_frame_capture|Ad9233MultistageDecimator:anti_alias_fir|FirDecimatingStage:stage3|history[34][2]  ; Ad9233FrameCapture:U2_frame_capture|Ad9233MultistageDecimator:anti_alias_fir|FirDecimatingStage:stage3|snapshot[35][2]  ; 0.121             ;
; Ad9233FrameCapture:U2_frame_capture|Ad9233MultistageDecimator:anti_alias_fir|FirDecimatingStage:stage3|history[35][2]  ; Ad9233FrameCapture:U2_frame_capture|Ad9233MultistageDecimator:anti_alias_fir|FirDecimatingStage:stage3|snapshot[36][2]  ; 0.121             ;
; Ad9233FrameCapture:U2_frame_capture|Ad9233MultistageDecimator:anti_alias_fir|FirDecimatingStage:stage3|history[37][2]  ; Ad9233FrameCapture:U2_frame_capture|Ad9233MultistageDecimator:anti_alias_fir|FirDecimatingStage:stage3|snapshot[38][2]  ; 0.121             ;
; Ad9233FrameCapture:U2_frame_capture|Ad9233MultistageDecimator:anti_alias_fir|FirDecimatingStage:stage3|history[30][2]  ; Ad9233FrameCapture:U2_frame_capture|Ad9233MultistageDecimator:anti_alias_fir|FirDecimatingStage:stage3|snapshot[31][2]  ; 0.121             ;
; Ad9233FrameCapture:U2_frame_capture|Ad9233MultistageDecimator:anti_alias_fir|FirDecimatingStage:stage3|history[31][2]  ; Ad9233FrameCapture:U2_frame_capture|Ad9233MultistageDecimator:anti_alias_fir|FirDecimatingStage:stage3|snapshot[32][2]  ; 0.121             ;
; Ad9233FrameCapture:U2_frame_capture|Ad9233MultistageDecimator:anti_alias_fir|FirDecimatingStage:stage3|history[32][2]  ; Ad9233FrameCapture:U2_frame_capture|Ad9233MultistageDecimator:anti_alias_fir|FirDecimatingStage:stage3|snapshot[33][2]  ; 0.121             ;
; Ad9233FrameCapture:U2_frame_capture|Ad9233MultistageDecimator:anti_alias_fir|FirDecimatingStage:stage3|history[23][2]  ; Ad9233FrameCapture:U2_frame_capture|Ad9233MultistageDecimator:anti_alias_fir|FirDecimatingStage:stage3|snapshot[24][2]  ; 0.121             ;
; Ad9233FrameCapture:U2_frame_capture|Ad9233MultistageDecimator:anti_alias_fir|FirDecimatingStage:stage3|history[24][2]  ; Ad9233FrameCapture:U2_frame_capture|Ad9233MultistageDecimator:anti_alias_fir|FirDecimatingStage:stage3|snapshot[25][2]  ; 0.121             ;
; Ad9233FrameCapture:U2_frame_capture|Ad9233MultistageDecimator:anti_alias_fir|FirDecimatingStage:stage3|history[25][2]  ; Ad9233FrameCapture:U2_frame_capture|Ad9233MultistageDecimator:anti_alias_fir|FirDecimatingStage:stage3|snapshot[26][2]  ; 0.121             ;
; Ad9233FrameCapture:U2_frame_capture|Ad9233MultistageDecimator:anti_alias_fir|FirDecimatingStage:stage3|history[26][2]  ; Ad9233FrameCapture:U2_frame_capture|Ad9233MultistageDecimator:anti_alias_fir|FirDecimatingStage:stage3|snapshot[27][2]  ; 0.121             ;
; Ad9233FrameCapture:U2_frame_capture|Ad9233MultistageDecimator:anti_alias_fir|FirDecimatingStage:stage3|history[27][2]  ; Ad9233FrameCapture:U2_frame_capture|Ad9233MultistageDecimator:anti_alias_fir|FirDecimatingStage:stage3|snapshot[28][2]  ; 0.121             ;
; Ad9233FrameCapture:U2_frame_capture|Ad9233MultistageDecimator:anti_alias_fir|FirDecimatingStage:stage3|history[11][2]  ; Ad9233FrameCapture:U2_frame_capture|Ad9233MultistageDecimator:anti_alias_fir|FirDecimatingStage:stage3|snapshot[12][2]  ; 0.121             ;
; Ad9233FrameCapture:U2_frame_capture|Ad9233MultistageDecimator:anti_alias_fir|FirDecimatingStage:stage3|history[13][2]  ; Ad9233FrameCapture:U2_frame_capture|Ad9233MultistageDecimator:anti_alias_fir|FirDecimatingStage:stage3|snapshot[14][2]  ; 0.121             ;
; Ad9233FrameCapture:U2_frame_capture|Ad9233MultistageDecimator:anti_alias_fir|FirDecimatingStage:stage3|history[15][2]  ; Ad9233FrameCapture:U2_frame_capture|Ad9233MultistageDecimator:anti_alias_fir|FirDecimatingStage:stage3|snapshot[16][2]  ; 0.121             ;
; Ad9233FrameCapture:U2_frame_capture|Ad9233MultistageDecimator:anti_alias_fir|FirDecimatingStage:stage3|history[16][2]  ; Ad9233FrameCapture:U2_frame_capture|Ad9233MultistageDecimator:anti_alias_fir|FirDecimatingStage:stage3|snapshot[17][2]  ; 0.121             ;
; Ad9233FrameCapture:U2_frame_capture|Ad9233MultistageDecimator:anti_alias_fir|FirDecimatingStage:stage3|history[17][2]  ; Ad9233FrameCapture:U2_frame_capture|Ad9233MultistageDecimator:anti_alias_fir|FirDecimatingStage:stage3|snapshot[18][2]  ; 0.121             ;
; Ad9233FrameCapture:U2_frame_capture|Ad9233MultistageDecimator:anti_alias_fir|FirDecimatingStage:stage3|history[18][2]  ; Ad9233FrameCapture:U2_frame_capture|Ad9233MultistageDecimator:anti_alias_fir|FirDecimatingStage:stage3|snapshot[19][2]  ; 0.121             ;
; Ad9233FrameCapture:U2_frame_capture|Ad9233MultistageDecimator:anti_alias_fir|FirDecimatingStage:stage3|history[19][2]  ; Ad9233FrameCapture:U2_frame_capture|Ad9233MultistageDecimator:anti_alias_fir|FirDecimatingStage:stage3|snapshot[20][2]  ; 0.121             ;
; Ad9233FrameCapture:U2_frame_capture|Ad9233MultistageDecimator:anti_alias_fir|FirDecimatingStage:stage3|history[21][2]  ; Ad9233FrameCapture:U2_frame_capture|Ad9233MultistageDecimator:anti_alias_fir|FirDecimatingStage:stage3|snapshot[22][2]  ; 0.121             ;
; Ad9233FrameCapture:U2_frame_capture|Ad9233MultistageDecimator:anti_alias_fir|FirDecimatingStage:stage3|history[34][1]  ; Ad9233FrameCapture:U2_frame_capture|Ad9233MultistageDecimator:anti_alias_fir|FirDecimatingStage:stage3|snapshot[35][1]  ; 0.121             ;
; Ad9233FrameCapture:U2_frame_capture|Ad9233MultistageDecimator:anti_alias_fir|FirDecimatingStage:stage3|history[35][1]  ; Ad9233FrameCapture:U2_frame_capture|Ad9233MultistageDecimator:anti_alias_fir|FirDecimatingStage:stage3|snapshot[36][1]  ; 0.121             ;
; Ad9233FrameCapture:U2_frame_capture|Ad9233MultistageDecimator:anti_alias_fir|FirDecimatingStage:stage3|history[36][1]  ; Ad9233FrameCapture:U2_frame_capture|Ad9233MultistageDecimator:anti_alias_fir|FirDecimatingStage:stage3|snapshot[37][1]  ; 0.121             ;
; Ad9233FrameCapture:U2_frame_capture|Ad9233MultistageDecimator:anti_alias_fir|FirDecimatingStage:stage3|history[37][1]  ; Ad9233FrameCapture:U2_frame_capture|Ad9233MultistageDecimator:anti_alias_fir|FirDecimatingStage:stage3|snapshot[38][1]  ; 0.121             ;
; Ad9233FrameCapture:U2_frame_capture|Ad9233MultistageDecimator:anti_alias_fir|FirDecimatingStage:stage3|history[33][0]  ; Ad9233FrameCapture:U2_frame_capture|Ad9233MultistageDecimator:anti_alias_fir|FirDecimatingStage:stage3|snapshot[34][0]  ; 0.121             ;
; Ad9233FrameCapture:U2_frame_capture|Ad9233MultistageDecimator:anti_alias_fir|FirDecimatingStage:stage3|history[34][0]  ; Ad9233FrameCapture:U2_frame_capture|Ad9233MultistageDecimator:anti_alias_fir|FirDecimatingStage:stage3|snapshot[35][0]  ; 0.121             ;
; Ad9233FrameCapture:U2_frame_capture|Ad9233MultistageDecimator:anti_alias_fir|FirDecimatingStage:stage3|history[31][0]  ; Ad9233FrameCapture:U2_frame_capture|Ad9233MultistageDecimator:anti_alias_fir|FirDecimatingStage:stage3|snapshot[32][0]  ; 0.121             ;
; Ad9233FrameCapture:U2_frame_capture|Ad9233MultistageDecimator:anti_alias_fir|FirDecimatingStage:stage3|history[32][0]  ; Ad9233FrameCapture:U2_frame_capture|Ad9233MultistageDecimator:anti_alias_fir|FirDecimatingStage:stage3|snapshot[33][0]  ; 0.121             ;
; Ad9233FrameCapture:U2_frame_capture|Ad9233MultistageDecimator:anti_alias_fir|FirDecimatingStage:stage3|history[6][0]   ; Ad9233FrameCapture:U2_frame_capture|Ad9233MultistageDecimator:anti_alias_fir|FirDecimatingStage:stage3|snapshot[7][0]   ; 0.121             ;
; Ad9233FrameCapture:U2_frame_capture|Ad9233MultistageDecimator:anti_alias_fir|FirDecimatingStage:stage3|history[8][0]   ; Ad9233FrameCapture:U2_frame_capture|Ad9233MultistageDecimator:anti_alias_fir|FirDecimatingStage:stage3|snapshot[9][0]   ; 0.121             ;
; Ad9233FrameCapture:U2_frame_capture|Ad9233MultistageDecimator:anti_alias_fir|FirDecimatingStage:stage3|history[9][0]   ; Ad9233FrameCapture:U2_frame_capture|Ad9233MultistageDecimator:anti_alias_fir|FirDecimatingStage:stage3|snapshot[10][0]  ; 0.121             ;
; Ad9233FrameCapture:U2_frame_capture|Ad9233MultistageDecimator:anti_alias_fir|FirDecimatingStage:stage3|history[10][0]  ; Ad9233FrameCapture:U2_frame_capture|Ad9233MultistageDecimator:anti_alias_fir|FirDecimatingStage:stage3|snapshot[11][0]  ; 0.121             ;
; Ad9233FrameCapture:U2_frame_capture|Ad9233MultistageDecimator:anti_alias_fir|FirDecimatingStage:stage3|history[12][0]  ; Ad9233FrameCapture:U2_frame_capture|Ad9233MultistageDecimator:anti_alias_fir|FirDecimatingStage:stage3|snapshot[13][0]  ; 0.121             ;
; Ad9233FrameCapture:U2_frame_capture|Ad9233MultistageDecimator:anti_alias_fir|FirDecimatingStage:stage3|history[14][0]  ; Ad9233FrameCapture:U2_frame_capture|Ad9233MultistageDecimator:anti_alias_fir|FirDecimatingStage:stage3|snapshot[15][0]  ; 0.121             ;
; Ad9233FrameCapture:U2_frame_capture|Ad9233MultistageDecimator:anti_alias_fir|FirDecimatingStage:stage3|history[19][0]  ; Ad9233FrameCapture:U2_frame_capture|Ad9233MultistageDecimator:anti_alias_fir|FirDecimatingStage:stage3|snapshot[20][0]  ; 0.121             ;
; Ad9233FrameCapture:U2_frame_capture|Ad9233MultistageDecimator:anti_alias_fir|FirDecimatingStage:stage3|history[21][0]  ; Ad9233FrameCapture:U2_frame_capture|Ad9233MultistageDecimator:anti_alias_fir|FirDecimatingStage:stage3|snapshot[22][0]  ; 0.121             ;
; Ad9233FrameCapture:U2_frame_capture|Ad9233MultistageDecimator:anti_alias_fir|FirDecimatingStage:stage3|history[3][0]   ; Ad9233FrameCapture:U2_frame_capture|Ad9233MultistageDecimator:anti_alias_fir|FirDecimatingStage:stage3|snapshot[4][0]   ; 0.121             ;
; Ad9233FrameCapture:U2_frame_capture|Ad9233MultistageDecimator:anti_alias_fir|FirDecimatingStage:stage3|history[0][0]   ; Ad9233FrameCapture:U2_frame_capture|Ad9233MultistageDecimator:anti_alias_fir|FirDecimatingStage:stage3|snapshot[1][0]   ; 0.121             ;
; Ad9233FrameCapture:U2_frame_capture|Ad9233MultistageDecimator:anti_alias_fir|FirDecimatingStage:stage3|history[1][0]   ; Ad9233FrameCapture:U2_frame_capture|Ad9233MultistageDecimator:anti_alias_fir|FirDecimatingStage:stage3|snapshot[2][0]   ; 0.121             ;
; Ad9233FrameCapture:U2_frame_capture|Ad9233MultistageDecimator:anti_alias_fir|FirDecimatingStage:stage3|history[11][16] ; Ad9233FrameCapture:U2_frame_capture|Ad9233MultistageDecimator:anti_alias_fir|FirDecimatingStage:stage3|snapshot[12][16] ; 0.121             ;
; Ad9233FrameCapture:U2_frame_capture|Ad9233MultistageDecimator:anti_alias_fir|FirDecimatingStage:stage3|history[13][16] ; Ad9233FrameCapture:U2_frame_capture|Ad9233MultistageDecimator:anti_alias_fir|FirDecimatingStage:stage3|snapshot[14][16] ; 0.121             ;
; Ad9233FrameCapture:U2_frame_capture|Ad9233MultistageDecimator:anti_alias_fir|FirDecimatingStage:stage3|history[18][16] ; Ad9233FrameCapture:U2_frame_capture|Ad9233MultistageDecimator:anti_alias_fir|FirDecimatingStage:stage3|snapshot[19][16] ; 0.121             ;
; Ad9233FrameCapture:U2_frame_capture|Ad9233MultistageDecimator:anti_alias_fir|FirDecimatingStage:stage3|history[22][16] ; Ad9233FrameCapture:U2_frame_capture|Ad9233MultistageDecimator:anti_alias_fir|FirDecimatingStage:stage3|snapshot[23][16] ; 0.121             ;
; Ad9233FrameCapture:U2_frame_capture|Ad9233MultistageDecimator:anti_alias_fir|FirDecimatingStage:stage3|history[25][16] ; Ad9233FrameCapture:U2_frame_capture|Ad9233MultistageDecimator:anti_alias_fir|FirDecimatingStage:stage3|snapshot[26][16] ; 0.121             ;
; Ad9233FrameCapture:U2_frame_capture|Ad9233MultistageDecimator:anti_alias_fir|FirDecimatingStage:stage3|history[29][16] ; Ad9233FrameCapture:U2_frame_capture|Ad9233MultistageDecimator:anti_alias_fir|FirDecimatingStage:stage3|snapshot[30][16] ; 0.121             ;
; Ad9233FrameCapture:U2_frame_capture|Ad9233MultistageDecimator:anti_alias_fir|FirDecimatingStage:stage3|history[34][15] ; Ad9233FrameCapture:U2_frame_capture|Ad9233MultistageDecimator:anti_alias_fir|FirDecimatingStage:stage3|snapshot[35][15] ; 0.120             ;
; Ad9233FrameCapture:U2_frame_capture|Ad9233MultistageDecimator:anti_alias_fir|FirDecimatingStage:stage3|history[35][15] ; Ad9233FrameCapture:U2_frame_capture|Ad9233MultistageDecimator:anti_alias_fir|FirDecimatingStage:stage3|snapshot[36][15] ; 0.120             ;
; Ad9233FrameCapture:U2_frame_capture|Ad9233MultistageDecimator:anti_alias_fir|FirDecimatingStage:stage3|history[3][13]  ; Ad9233FrameCapture:U2_frame_capture|Ad9233MultistageDecimator:anti_alias_fir|FirDecimatingStage:stage3|snapshot[4][13]  ; 0.120             ;
; Ad9233FrameCapture:U2_frame_capture|Ad9233MultistageDecimator:anti_alias_fir|FirDecimatingStage:stage3|history[4][13]  ; Ad9233FrameCapture:U2_frame_capture|Ad9233MultistageDecimator:anti_alias_fir|FirDecimatingStage:stage3|snapshot[5][13]  ; 0.120             ;
; Ad9233FrameCapture:U2_frame_capture|Ad9233MultistageDecimator:anti_alias_fir|FirDecimatingStage:stage3|history[5][13]  ; Ad9233FrameCapture:U2_frame_capture|Ad9233MultistageDecimator:anti_alias_fir|FirDecimatingStage:stage3|snapshot[6][13]  ; 0.120             ;
; Ad9233FrameCapture:U2_frame_capture|Ad9233MultistageDecimator:anti_alias_fir|FirDecimatingStage:stage3|history[0][13]  ; Ad9233FrameCapture:U2_frame_capture|Ad9233MultistageDecimator:anti_alias_fir|FirDecimatingStage:stage3|snapshot[1][13]  ; 0.120             ;
+------------------------------------------------------------------------------------------------------------------------+-------------------------------------------------------------------------------------------------------------------------+-------------------+
Note: This table only shows the top 100 path(s) that have the largest delay added for hold.


+-----------------+
; Fitter Messages ;
+-----------------+
Info (11104): Parallel Compilation has detected 16 hyper-threaded processors. However, the extra hyper-threaded processors will not be used by default. Parallel Compilation will use 10 of the 10 physical processors detected instead.
Info (119006): Selected device EP4CE10F17C8 for design "DAC904_HighSpeedDAC"
Info (21077): Low junction temperature is 0 degrees C
Info (21077): High junction temperature is 85 degrees C
Info (15535): Implemented PLL "Ad9233Pll62m5:U0_adc_pll62m5_inst|altpll:altpll_component|Ad9233Pll62m5_altpll:auto_generated|pll1" as Cyclone IV E PLL type
    Info (15099): Implementing clock multiplication of 5, clock division of 4, and phase shift of 0 degrees (0 ps) for Ad9233Pll62m5:U0_adc_pll62m5_inst|altpll:altpll_component|Ad9233Pll62m5_altpll:auto_generated|wire_pll1_clk[0] port
Info (171003): Fitter is performing an Auto Fit compilation, which may decrease Fitter effort to reduce compilation time
Info (176444): Device migration not selected. If you intend to use device migration later, you may need to change the pin assignments as they may be incompatible with other devices
    Info (176445): Device EP4CE6F17C8 is compatible
    Info (176445): Device EP4CE15F17C8 is compatible
    Info (176445): Device EP4CE22F17C8 is compatible
Info (169124): Fitter converted 4 user pins into dedicated programming pins
    Info (169125): Pin ~ALTERA_ASDO_DATA1~ is reserved at location C1
    Info (169125): Pin ~ALTERA_FLASH_nCE_nCSO~ is reserved at location D2
    Info (169125): Pin ~ALTERA_DCLK~ is reserved at location H1
    Info (169125): Pin ~ALTERA_DATA0~ is reserved at location H2
Warning (15714): Some pins have incomplete I/O assignments. Refer to the I/O Assignment Warnings report for details
Info (176045): Design uses memory blocks. Violating setup or hold times of memory block address registers for either read or write operations could cause memory contents to be corrupted. Make sure that all memory block address registers meet the setup and hold time requirements.
Info (332164): Evaluating HDL-embedded SDC commands
    Info (332165): Entity sld_jtag_hub
        Info (332166): create_clock -name altera_reserved_tck [get_ports {altera_reserved_tck}] -period 10MHz   
        Info (332166): set_clock_groups -asynchronous -group {altera_reserved_tck}
Info (332104): Reading SDC File: 'DAC904_HighSpeedDAC.sdc'
Info (332110): Deriving PLL clocks
    Info (332110): create_generated_clock -source {U0_adc_pll62m5_inst|altpll_component|auto_generated|pll1|inclk[0]} -divide_by 4 -multiply_by 5 -duty_cycle 50.00 -name {U0_adc_pll62m5_inst|altpll_component|auto_generated|pll1|clk[0]} {U0_adc_pll62m5_inst|altpll_component|auto_generated|pll1|clk[0]}
Info (332151): Clock uncertainty is not calculated until you update the timing netlist.
Info (332154): The derive_clock_uncertainty command did not apply clock uncertainty to any clock-to-clock transfers.
Info (332129): Detected timing requirements -- optimizing circuit to achieve only the specified requirements
Info (332111): Found 5 clocks
    Info (332111):   Period   Clock Name
    Info (332111): ======== ============
    Info (332111):   16.000      adc_dco
    Info (332111):  100.000 altera_reserved_tck
    Info (332111):   20.000      clk_50m
    Info (332111):   83.333  mcu_spi_sck
    Info (332111):   16.000 U0_adc_pll62m5_inst|altpll_component|auto_generated|pll1|clk[0]
Info (176353): Automatically promoted node Ad9233Pll62m5:U0_adc_pll62m5_inst|altpll:altpll_component|Ad9233Pll62m5_altpll:auto_generated|wire_pll1_clk[0] (placed in counter C1 of PLL_1)
    Info (176355): Automatically promoted destinations to use location or clock signal Global Clock CLKCTRL_G4
Info (176352): Promoted node adc_dco_i~input (placed in PIN G2 (DIFFIO_L4p, DQS0L/CQ1L,DPCLK0))
    Info (176354): Promoted destinations to use location or clock signal Global Clock CLKCTRL_G0
Info (176353): Automatically promoted node clk~input (placed in PIN M2 (CLK2, DIFFCLK_1p))
    Info (176355): Automatically promoted destinations to use location or clock signal Global Clock CLKCTRL_G1
Info (176353): Automatically promoted node rstn~input (placed in PIN M1 (CLK3, DIFFCLK_1n))
    Info (176355): Automatically promoted destinations to use location or clock signal Global Clock CLKCTRL_G3
    Info (176356): Following destination nodes may be non-global or may not use global or regional clocks
        Info (176357): Destination node AnalyzerSpiSlave:U3_analyzer_spi|spi_miso~1
        Info (176357): Destination node Ad9233FrameCapture:U2_frame_capture|Ad9233MultistageDecimator:anti_alias_fir|FirDecimatingStage:stage3|snapshot[28][13]~1
        Info (176357): Destination node Ad9233FrameCapture:U2_frame_capture|Ad9233MultistageDecimator:anti_alias_fir|FirDecimatingStage:stage2|snapshot[15][10]~2
        Info (176357): Destination node Ad9233FrameCapture:U2_frame_capture|Ad9233MultistageDecimator:anti_alias_fir|FirDecimatingStage:stage1|snapshot[11][16]~0
        Info (176357): Destination node Ad9233FrameCapture:U2_frame_capture|Ad9233MultistageDecimator:anti_alias_fir|FirDecimatingStage:stage1|history[6][12]~0
Info (176353): Automatically promoted node altera_internal_jtag~TCKUTAP 
    Info (176355): Automatically promoted destinations to use location or clock signal Global Clock
Info (176353): Automatically promoted node sld_signaltap:auto_signaltap_0|sld_signaltap_impl:sld_signaltap_body|sld_signaltap_implb:sld_signaltap_body|reset_all 
    Info (176355): Automatically promoted destinations to use location or clock signal Global Clock
    Info (176356): Following destination nodes may be non-global or may not use global or regional clocks
        Info (176357): Destination node sld_signaltap:auto_signaltap_0|sld_signaltap_impl:sld_signaltap_body|sld_signaltap_implb:sld_signaltap_body|sld_offload_buffer_mgr:\stp_non_zero_depth_offload_gen:stp_offload_buff_mgr_inst|acq_buf_read_reset~0
        Info (176357): Destination node sld_signaltap:auto_signaltap_0|sld_signaltap_impl:sld_signaltap_body|sld_signaltap_implb:sld_signaltap_body|sld_offload_buffer_mgr:\stp_non_zero_depth_offload_gen:stp_offload_buff_mgr_inst|acq_buf_read_reset
Info (176353): Automatically promoted node AnalyzerSpiSlave:U3_analyzer_spi|spi_miso~1 
    Info (176355): Automatically promoted destinations to use location or clock signal Global Clock
Info (176233): Starting register packing
Info (176235): Finished register packing
    Extra Info (176218): Packed 12 registers into blocks of type EC
    Extra Info (176218): Packed 127 registers into blocks of type Embedded multiplier block
    Extra Info (176218): Packed 104 registers into blocks of type Embedded multiplier output
    Extra Info (176218): Packed 13 registers into blocks of type I/O Input Buffer
Warning (15058): PLL "Ad9233Pll62m5:U0_adc_pll62m5_inst|altpll:altpll_component|Ad9233Pll62m5_altpll:auto_generated|pll1" is in normal or source synchronous mode with output clock "compensate_clock" set to clk[0] that is not fully compensated because it feeds an output pin -- only PLLs in zero delay buffer mode can fully compensate output pins
Warning (15064): PLL "Ad9233Pll62m5:U0_adc_pll62m5_inst|altpll:altpll_component|Ad9233Pll62m5_altpll:auto_generated|pll1" output port clk[0] feeds output pin "adc_clk_o~output" via non-dedicated routing -- jitter performance depends on switching rate of other design elements. Use PLL dedicated clock outputs to ensure jitter performance
Info (171121): Fitter preparation operations ending: elapsed time is 00:00:06
Info (170189): Fitter placement preparation operations beginning
Info (170190): Fitter placement preparation operations ending: elapsed time is 00:00:04
Info (170191): Fitter placement operations beginning
Info (170137): Fitter placement was successful
Info (170192): Fitter placement operations ending: elapsed time is 00:00:17
Info (170193): Fitter routing operations beginning
Info (170195): Router estimated average interconnect usage is 10% of the available device resources
    Info (170196): Router estimated peak interconnect usage is 17% of the available device resources in the region that extends from location X11_Y0 to location X22_Y11
Info (170194): Fitter routing operations ending: elapsed time is 00:00:06
Info (170199): The Fitter performed an Auto Fit compilation.  Optimizations were skipped to reduce compilation time.
    Info (170201): Optimizations that may affect the design's routability were skipped
    Info (170200): Optimizations that may affect the design's timing were skipped
Info (11888): Total time spent on timing analysis during the Fitter is 8.31 seconds.
Info (334003): Started post-fitting delay annotation
Info (334004): Delay annotation completed successfully
Info (334003): Started post-fitting delay annotation
Info (334004): Delay annotation completed successfully
Info (11218): Fitter post-fit operations ending: elapsed time is 00:00:06
Warning (171167): Found invalid Fitter assignments. See the Ignored Assignments panel in the Fitter Compilation Report for more information.
Warning (169177): 19 pins must meet Altera requirements for 3.3-, 3.0-, and 2.5-V interfaces. For more information, refer to AN 447: Interfacing Cyclone IV E Devices with 3.3/3.0/2.5-V LVTTL/LVCMOS I/O Systems.
    Info (169178): Pin adc_dco_i uses I/O standard 3.3-V LVCMOS at G2
    Info (169178): Pin mcu_spi_sck uses I/O standard 3.3-V LVTTL at E6
    Info (169178): Pin mcu_uart_rx uses I/O standard 3.3-V LVTTL at A8
    Info (169178): Pin rstn uses I/O standard 2.5 V at M1
    Info (169178): Pin clk uses I/O standard 2.5 V at M2
    Info (169178): Pin adc_data_i[0] uses I/O standard 3.3-V LVCMOS at R10
    Info (169178): Pin adc_data_i[1] uses I/O standard 3.3-V LVCMOS at T11
    Info (169178): Pin adc_data_i[2] uses I/O standard 3.3-V LVCMOS at R9
    Info (169178): Pin adc_data_i[3] uses I/O standard 3.3-V LVCMOS at T10
    Info (169178): Pin adc_data_i[4] uses I/O standard 3.3-V LVCMOS at R8
    Info (169178): Pin adc_data_i[5] uses I/O standard 3.3-V LVCMOS at T9
    Info (169178): Pin adc_data_i[6] uses I/O standard 3.3-V LVCMOS at R7
    Info (169178): Pin adc_data_i[7] uses I/O standard 3.3-V LVCMOS at T8
    Info (169178): Pin adc_data_i[8] uses I/O standard 3.3-V LVCMOS at R6
    Info (169178): Pin adc_data_i[9] uses I/O standard 3.3-V LVCMOS at T7
    Info (169178): Pin adc_data_i[10] uses I/O standard 3.3-V LVCMOS at R5
    Info (169178): Pin adc_data_i[11] uses I/O standard 3.3-V LVCMOS at T6
    Info (169178): Pin adc_otr_i uses I/O standard 3.3-V LVCMOS at R4
    Info (169178): Pin mcu_spi_mosi uses I/O standard 3.3-V LVTTL at D5
Info (144001): Generated suppressed messages file D:/diansai2025/26Diansai_G_62m5/FPGA_sendwave/prj/DAC904_HighSpeedDAC.fit.smsg
Info: Quartus II 64-Bit Fitter was successful. 0 errors, 5 warnings
    Info: Peak virtual memory: 5922 megabytes
    Info: Processing ended: Fri Jul 31 18:55:10 2026
    Info: Elapsed time: 00:00:48
    Info: Total CPU time (on all processors): 00:00:57


+----------------------------+
; Fitter Suppressed Messages ;
+----------------------------+
The suppressed messages can be found in D:/diansai2025/26Diansai_G_62m5/FPGA_sendwave/prj/DAC904_HighSpeedDAC.fit.smsg.


