Analysis & Synthesis report for DAC904_HighSpeedDAC
Thu Jul 30 21:23:22 2026
Quartus II 64-Bit Version 13.1.0 Build 162 10/23/2013 SJ Full Version


---------------------
; Table of Contents ;
---------------------
  1. Legal Notice
  2. Analysis & Synthesis Summary
  3. Analysis & Synthesis Settings
  4. Parallel Compilation
  5. Analysis & Synthesis Source Files Read
  6. Analysis & Synthesis Resource Usage Summary
  7. Analysis & Synthesis Resource Utilization by Entity
  8. Analysis & Synthesis RAM Summary
  9. State Machine - |DAC904_WriteTEST|AnalyzerSpiSlave:U3_analyzer_spi|request_word_index
 10. State Machine - |DAC904_WriteTEST|Ad9233SpiInit:U1_ad9233_spi_init|state
 11. Registers Removed During Synthesis
 12. General Register Statistics
 13. Inverted Register Statistics
 14. Multiplexer Restructuring Statistics (Restructuring Performed)
 15. Source assignments for Ad9233FrameCapture:U2_frame_capture|altsyncram:capture_ram|altsyncram_bl51:auto_generated
 16. Parameter Settings for User Entity Instance: Ad9233Pll25:U0_adc_pll25_inst|altpll:altpll_component
 17. Parameter Settings for User Entity Instance: Ad9233SpiInit:U1_ad9233_spi_init
 18. Parameter Settings for User Entity Instance: Ad9233FrameCapture:U2_frame_capture
 19. Parameter Settings for User Entity Instance: Ad9233FrameCapture:U2_frame_capture|altsyncram:capture_ram
 20. Parameter Settings for Inferred Entity Instance: sld_signaltap:auto_signaltap_0
 21. altpll Parameter Settings by Entity Instance
 22. altsyncram Parameter Settings by Entity Instance
 23. SignalTap II Logic Analyzer Settings
 24. Elapsed Time Per Partition
 25. Connections to In-System Debugging Instance "auto_signaltap_0"
 26. Analysis & Synthesis Messages
 27. Analysis & Synthesis Suppressed Messages



----------------
; Legal Notice ;
----------------
Copyright (C) 1991-2013 Altera Corporation
Your use of Altera Corporation's design tools, logic functions 
and other software and tools, and its AMPP partner logic 
functions, and any output files from any of the foregoing 
(including device programming or simulation files), and any 
associated documentation or information are expressly subject 
to the terms and conditions of the Altera Program License 
Subscription Agreement, Altera MegaCore Function License 
Agreement, or other applicable license agreement, including, 
without limitation, that your use is for the sole purpose of 
programming logic devices manufactured by Altera and sold by 
Altera or its authorized distributors.  Please refer to the 
applicable agreement for further details.



+----------------------------------------------------------------------------------+
; Analysis & Synthesis Summary                                                     ;
+------------------------------------+---------------------------------------------+
; Analysis & Synthesis Status        ; Successful - Thu Jul 30 21:23:22 2026       ;
; Quartus II 64-Bit Version          ; 13.1.0 Build 162 10/23/2013 SJ Full Version ;
; Revision Name                      ; DAC904_HighSpeedDAC                         ;
; Top-level Entity Name              ; DAC904_WriteTEST                            ;
; Family                             ; Cyclone IV E                                ;
; Total logic elements               ; 1,612                                       ;
;     Total combinational functions  ; 1,083                                       ;
;     Dedicated logic registers      ; 1,126                                       ;
; Total registers                    ; 1126                                        ;
; Total pins                         ; 42                                          ;
; Total virtual pins                 ; 25                                          ;
; Total memory bits                  ; 147,456                                     ;
; Embedded Multiplier 9-bit elements ; 0                                           ;
; Total PLLs                         ; 1                                           ;
+------------------------------------+---------------------------------------------+


+-----------------------------------------------------------------------------------------------------------------------+
; Analysis & Synthesis Settings                                                                                         ;
+----------------------------------------------------------------------------+--------------------+---------------------+
; Option                                                                     ; Setting            ; Default Value       ;
+----------------------------------------------------------------------------+--------------------+---------------------+
; Device                                                                     ; EP4CE10F17C8       ;                     ;
; Top-level entity name                                                      ; DAC904_WriteTEST   ; DAC904_HighSpeedDAC ;
; Family name                                                                ; Cyclone IV E       ; Cyclone IV GX       ;
; Use smart compilation                                                      ; Off                ; Off                 ;
; Enable parallel Assembler and TimeQuest Timing Analyzer during compilation ; On                 ; On                  ;
; Enable compact report table                                                ; Off                ; Off                 ;
; Restructure Multiplexers                                                   ; Auto               ; Auto                ;
; Create Debugging Nodes for IP Cores                                        ; Off                ; Off                 ;
; Preserve fewer node names                                                  ; On                 ; On                  ;
; Disable OpenCore Plus hardware evaluation                                  ; Off                ; Off                 ;
; Verilog Version                                                            ; Verilog_2001       ; Verilog_2001        ;
; VHDL Version                                                               ; VHDL_1993          ; VHDL_1993           ;
; State Machine Processing                                                   ; Auto               ; Auto                ;
; Safe State Machine                                                         ; Off                ; Off                 ;
; Extract Verilog State Machines                                             ; On                 ; On                  ;
; Extract VHDL State Machines                                                ; On                 ; On                  ;
; Ignore Verilog initial constructs                                          ; Off                ; Off                 ;
; Iteration limit for constant Verilog loops                                 ; 5000               ; 5000                ;
; Iteration limit for non-constant Verilog loops                             ; 250                ; 250                 ;
; Add Pass-Through Logic to Inferred RAMs                                    ; On                 ; On                  ;
; Infer RAMs from Raw Logic                                                  ; On                 ; On                  ;
; Parallel Synthesis                                                         ; On                 ; On                  ;
; DSP Block Balancing                                                        ; Auto               ; Auto                ;
; NOT Gate Push-Back                                                         ; On                 ; On                  ;
; Power-Up Don't Care                                                        ; On                 ; On                  ;
; Remove Redundant Logic Cells                                               ; Off                ; Off                 ;
; Remove Duplicate Registers                                                 ; On                 ; On                  ;
; Ignore CARRY Buffers                                                       ; Off                ; Off                 ;
; Ignore CASCADE Buffers                                                     ; Off                ; Off                 ;
; Ignore GLOBAL Buffers                                                      ; Off                ; Off                 ;
; Ignore ROW GLOBAL Buffers                                                  ; Off                ; Off                 ;
; Ignore LCELL Buffers                                                       ; Off                ; Off                 ;
; Ignore SOFT Buffers                                                        ; On                 ; On                  ;
; Limit AHDL Integers to 32 Bits                                             ; Off                ; Off                 ;
; Optimization Technique                                                     ; Balanced           ; Balanced            ;
; Carry Chain Length                                                         ; 70                 ; 70                  ;
; Auto Carry Chains                                                          ; On                 ; On                  ;
; Auto Open-Drain Pins                                                       ; On                 ; On                  ;
; Perform WYSIWYG Primitive Resynthesis                                      ; Off                ; Off                 ;
; Auto ROM Replacement                                                       ; On                 ; On                  ;
; Auto RAM Replacement                                                       ; On                 ; On                  ;
; Auto DSP Block Replacement                                                 ; On                 ; On                  ;
; Auto Shift Register Replacement                                            ; Auto               ; Auto                ;
; Allow Shift Register Merging across Hierarchies                            ; Auto               ; Auto                ;
; Auto Clock Enable Replacement                                              ; On                 ; On                  ;
; Strict RAM Replacement                                                     ; Off                ; Off                 ;
; Allow Synchronous Control Signals                                          ; On                 ; On                  ;
; Force Use of Synchronous Clear Signals                                     ; Off                ; Off                 ;
; Auto RAM Block Balancing                                                   ; On                 ; On                  ;
; Auto RAM to Logic Cell Conversion                                          ; Off                ; Off                 ;
; Auto Resource Sharing                                                      ; Off                ; Off                 ;
; Allow Any RAM Size For Recognition                                         ; Off                ; Off                 ;
; Allow Any ROM Size For Recognition                                         ; Off                ; Off                 ;
; Allow Any Shift Register Size For Recognition                              ; Off                ; Off                 ;
; Use LogicLock Constraints during Resource Balancing                        ; On                 ; On                  ;
; Ignore translate_off and synthesis_off directives                          ; Off                ; Off                 ;
; Timing-Driven Synthesis                                                    ; On                 ; On                  ;
; Report Parameter Settings                                                  ; On                 ; On                  ;
; Report Source Assignments                                                  ; On                 ; On                  ;
; Report Connectivity Checks                                                 ; On                 ; On                  ;
; Ignore Maximum Fan-Out Assignments                                         ; Off                ; Off                 ;
; Synchronization Register Chain Length                                      ; 2                  ; 2                   ;
; PowerPlay Power Optimization                                               ; Normal compilation ; Normal compilation  ;
; HDL message level                                                          ; Level2             ; Level2              ;
; Suppress Register Optimization Related Messages                            ; Off                ; Off                 ;
; Number of Removed Registers Reported in Synthesis Report                   ; 5000               ; 5000                ;
; Number of Swept Nodes Reported in Synthesis Report                         ; 5000               ; 5000                ;
; Number of Inverted Registers Reported in Synthesis Report                  ; 100                ; 100                 ;
; Clock MUX Protection                                                       ; On                 ; On                  ;
; Auto Gated Clock Conversion                                                ; Off                ; Off                 ;
; Block Design Naming                                                        ; Auto               ; Auto                ;
; SDC constraint protection                                                  ; Off                ; Off                 ;
; Synthesis Effort                                                           ; Auto               ; Auto                ;
; Shift Register Replacement - Allow Asynchronous Clear Signal               ; On                 ; On                  ;
; Pre-Mapping Resynthesis Optimization                                       ; Off                ; Off                 ;
; Analysis & Synthesis Message Level                                         ; Medium             ; Medium              ;
; Disable Register Merging Across Hierarchies                                ; Auto               ; Auto                ;
; Resource Aware Inference For Block RAM                                     ; On                 ; On                  ;
; Synthesis Seed                                                             ; 1                  ; 1                   ;
+----------------------------------------------------------------------------+--------------------+---------------------+


+------------------------------------------+
; Parallel Compilation                     ;
+----------------------------+-------------+
; Processors                 ; Number      ;
+----------------------------+-------------+
; Number detected on machine ; 20          ;
; Maximum allowed            ; 14          ;
;                            ;             ;
; Average used               ; 1.00        ;
; Maximum used               ; 2           ;
;                            ;             ;
; Usage by Processor         ; % Time Used ;
;     Processor 1            ; 100.0%      ;
;     Processor 2            ; < 0.1%      ;
;     Processors 3-20        ;   0.0%      ;
+----------------------------+-------------+


+-------------------------------------------------------------------------------------------------------------------------------------------------------------------------+
; Analysis & Synthesis Source Files Read                                                                                                                                  ;
+----------------------------------+-----------------+------------------------------+---------------------------------------------------------------------------+---------+
; File Name with User-Entered Path ; Used in Netlist ; File Type                    ; File Name with Absolute Path                                              ; Library ;
+----------------------------------+-----------------+------------------------------+---------------------------------------------------------------------------+---------+
; ../rtl/Ad9233Pll25.V             ; yes             ; User Verilog HDL File        ; C:/Users/15256/Desktop/Project/FPGA_sendwave/rtl/Ad9233Pll25.V            ;         ;
; ../rtl/Ad9233SpiInit.V           ; yes             ; User Verilog HDL File        ; C:/Users/15256/Desktop/Project/FPGA_sendwave/rtl/Ad9233SpiInit.V          ;         ;
; ../rtl/Ad9233FrameCapture.V      ; yes             ; User Verilog HDL File        ; C:/Users/15256/Desktop/Project/FPGA_sendwave/rtl/Ad9233FrameCapture.V     ;         ;
; ../rtl/AnalyzerSpiSlave.V        ; yes             ; User Verilog HDL File        ; C:/Users/15256/Desktop/Project/FPGA_sendwave/rtl/AnalyzerSpiSlave.V       ;         ;
; ../rtl/DAC904_WriteTEST.V        ; yes             ; User Verilog HDL File        ; C:/Users/15256/Desktop/Project/FPGA_sendwave/rtl/DAC904_WriteTEST.V       ;         ;
; altpll.tdf                       ; yes             ; Megafunction                 ; c:/quartusii/quartus/libraries/megafunctions/altpll.tdf                   ;         ;
; aglobal131.inc                   ; yes             ; Megafunction                 ; c:/quartusii/quartus/libraries/megafunctions/aglobal131.inc               ;         ;
; stratix_pll.inc                  ; yes             ; Megafunction                 ; c:/quartusii/quartus/libraries/megafunctions/stratix_pll.inc              ;         ;
; stratixii_pll.inc                ; yes             ; Megafunction                 ; c:/quartusii/quartus/libraries/megafunctions/stratixii_pll.inc            ;         ;
; cycloneii_pll.inc                ; yes             ; Megafunction                 ; c:/quartusii/quartus/libraries/megafunctions/cycloneii_pll.inc            ;         ;
; db/ad9233pll25_altpll.v          ; yes             ; Auto-Generated Megafunction  ; C:/Users/15256/Desktop/Project/FPGA_sendwave/prj/db/ad9233pll25_altpll.v  ;         ;
; altsyncram.tdf                   ; yes             ; Megafunction                 ; c:/quartusii/quartus/libraries/megafunctions/altsyncram.tdf               ;         ;
; stratix_ram_block.inc            ; yes             ; Megafunction                 ; c:/quartusii/quartus/libraries/megafunctions/stratix_ram_block.inc        ;         ;
; lpm_mux.inc                      ; yes             ; Megafunction                 ; c:/quartusii/quartus/libraries/megafunctions/lpm_mux.inc                  ;         ;
; lpm_decode.inc                   ; yes             ; Megafunction                 ; c:/quartusii/quartus/libraries/megafunctions/lpm_decode.inc               ;         ;
; a_rdenreg.inc                    ; yes             ; Megafunction                 ; c:/quartusii/quartus/libraries/megafunctions/a_rdenreg.inc                ;         ;
; altrom.inc                       ; yes             ; Megafunction                 ; c:/quartusii/quartus/libraries/megafunctions/altrom.inc                   ;         ;
; altram.inc                       ; yes             ; Megafunction                 ; c:/quartusii/quartus/libraries/megafunctions/altram.inc                   ;         ;
; altdpram.inc                     ; yes             ; Megafunction                 ; c:/quartusii/quartus/libraries/megafunctions/altdpram.inc                 ;         ;
; db/altsyncram_bl51.tdf           ; yes             ; Auto-Generated Megafunction  ; C:/Users/15256/Desktop/Project/FPGA_sendwave/prj/db/altsyncram_bl51.tdf   ;         ;
; sld_signaltap.vhd                ; yes             ; Megafunction                 ; c:/quartusii/quartus/libraries/megafunctions/sld_signaltap.vhd            ;         ;
; sld_signaltap_impl.vhd           ; yes             ; Encrypted Megafunction       ; c:/quartusii/quartus/libraries/megafunctions/sld_signaltap_impl.vhd       ;         ;
; sld_ela_control.vhd              ; yes             ; Encrypted Megafunction       ; c:/quartusii/quartus/libraries/megafunctions/sld_ela_control.vhd          ;         ;
; lpm_shiftreg.tdf                 ; yes             ; Megafunction                 ; c:/quartusii/quartus/libraries/megafunctions/lpm_shiftreg.tdf             ;         ;
; lpm_constant.inc                 ; yes             ; Megafunction                 ; c:/quartusii/quartus/libraries/megafunctions/lpm_constant.inc             ;         ;
; dffeea.inc                       ; yes             ; Megafunction                 ; c:/quartusii/quartus/libraries/megafunctions/dffeea.inc                   ;         ;
; sld_mbpmg.vhd                    ; yes             ; Encrypted Megafunction       ; c:/quartusii/quartus/libraries/megafunctions/sld_mbpmg.vhd                ;         ;
; sld_ela_trigger_flow_mgr.vhd     ; yes             ; Encrypted Megafunction       ; c:/quartusii/quartus/libraries/megafunctions/sld_ela_trigger_flow_mgr.vhd ;         ;
; sld_buffer_manager.vhd           ; yes             ; Encrypted Megafunction       ; c:/quartusii/quartus/libraries/megafunctions/sld_buffer_manager.vhd       ;         ;
; db/altsyncram_sr14.tdf           ; yes             ; Auto-Generated Megafunction  ; C:/Users/15256/Desktop/Project/FPGA_sendwave/prj/db/altsyncram_sr14.tdf   ;         ;
; altdpram.tdf                     ; yes             ; Megafunction                 ; c:/quartusii/quartus/libraries/megafunctions/altdpram.tdf                 ;         ;
; memmodes.inc                     ; yes             ; Megafunction                 ; c:/quartusii/quartus/libraries/others/maxplus2/memmodes.inc               ;         ;
; a_hdffe.inc                      ; yes             ; Megafunction                 ; c:/quartusii/quartus/libraries/megafunctions/a_hdffe.inc                  ;         ;
; alt_le_rden_reg.inc              ; yes             ; Megafunction                 ; c:/quartusii/quartus/libraries/megafunctions/alt_le_rden_reg.inc          ;         ;
; altsyncram.inc                   ; yes             ; Megafunction                 ; c:/quartusii/quartus/libraries/megafunctions/altsyncram.inc               ;         ;
; lpm_mux.tdf                      ; yes             ; Megafunction                 ; c:/quartusii/quartus/libraries/megafunctions/lpm_mux.tdf                  ;         ;
; muxlut.inc                       ; yes             ; Megafunction                 ; c:/quartusii/quartus/libraries/megafunctions/muxlut.inc                   ;         ;
; bypassff.inc                     ; yes             ; Megafunction                 ; c:/quartusii/quartus/libraries/megafunctions/bypassff.inc                 ;         ;
; altshift.inc                     ; yes             ; Megafunction                 ; c:/quartusii/quartus/libraries/megafunctions/altshift.inc                 ;         ;
; db/mux_tsc.tdf                   ; yes             ; Auto-Generated Megafunction  ; C:/Users/15256/Desktop/Project/FPGA_sendwave/prj/db/mux_tsc.tdf           ;         ;
; lpm_decode.tdf                   ; yes             ; Megafunction                 ; c:/quartusii/quartus/libraries/megafunctions/lpm_decode.tdf               ;         ;
; declut.inc                       ; yes             ; Megafunction                 ; c:/quartusii/quartus/libraries/megafunctions/declut.inc                   ;         ;
; lpm_compare.inc                  ; yes             ; Megafunction                 ; c:/quartusii/quartus/libraries/megafunctions/lpm_compare.inc              ;         ;
; db/decode_dvf.tdf                ; yes             ; Auto-Generated Megafunction  ; C:/Users/15256/Desktop/Project/FPGA_sendwave/prj/db/decode_dvf.tdf        ;         ;
; lpm_counter.tdf                  ; yes             ; Megafunction                 ; c:/quartusii/quartus/libraries/megafunctions/lpm_counter.tdf              ;         ;
; lpm_add_sub.inc                  ; yes             ; Megafunction                 ; c:/quartusii/quartus/libraries/megafunctions/lpm_add_sub.inc              ;         ;
; cmpconst.inc                     ; yes             ; Megafunction                 ; c:/quartusii/quartus/libraries/megafunctions/cmpconst.inc                 ;         ;
; lpm_counter.inc                  ; yes             ; Megafunction                 ; c:/quartusii/quartus/libraries/megafunctions/lpm_counter.inc              ;         ;
; alt_counter_stratix.inc          ; yes             ; Megafunction                 ; c:/quartusii/quartus/libraries/megafunctions/alt_counter_stratix.inc      ;         ;
; db/cntr_fgi.tdf                  ; yes             ; Auto-Generated Megafunction  ; C:/Users/15256/Desktop/Project/FPGA_sendwave/prj/db/cntr_fgi.tdf          ;         ;
; db/cmpr_rgc.tdf                  ; yes             ; Auto-Generated Megafunction  ; C:/Users/15256/Desktop/Project/FPGA_sendwave/prj/db/cmpr_rgc.tdf          ;         ;
; db/cntr_m9j.tdf                  ; yes             ; Auto-Generated Megafunction  ; C:/Users/15256/Desktop/Project/FPGA_sendwave/prj/db/cntr_m9j.tdf          ;         ;
; db/cntr_ggi.tdf                  ; yes             ; Auto-Generated Megafunction  ; C:/Users/15256/Desktop/Project/FPGA_sendwave/prj/db/cntr_ggi.tdf          ;         ;
; db/cntr_23j.tdf                  ; yes             ; Auto-Generated Megafunction  ; C:/Users/15256/Desktop/Project/FPGA_sendwave/prj/db/cntr_23j.tdf          ;         ;
; db/cmpr_ngc.tdf                  ; yes             ; Auto-Generated Megafunction  ; C:/Users/15256/Desktop/Project/FPGA_sendwave/prj/db/cmpr_ngc.tdf          ;         ;
; sld_rom_sr.vhd                   ; yes             ; Encrypted Megafunction       ; c:/quartusii/quartus/libraries/megafunctions/sld_rom_sr.vhd               ;         ;
; sld_hub.vhd                      ; yes             ; Encrypted Megafunction       ; c:/quartusii/quartus/libraries/megafunctions/sld_hub.vhd                  ;         ;
; sld_jtag_hub.vhd                 ; yes             ; Encrypted Megafunction       ; c:/quartusii/quartus/libraries/megafunctions/sld_jtag_hub.vhd             ;         ;
+----------------------------------+-----------------+------------------------------+---------------------------------------------------------------------------+---------+


+---------------------------------------------------------------+
; Analysis & Synthesis Resource Usage Summary                   ;
+---------------------------------------------+-----------------+
; Resource                                    ; Usage           ;
+---------------------------------------------+-----------------+
; Estimated Total logic elements              ; 1,612           ;
;                                             ;                 ;
; Total combinational functions               ; 1083            ;
; Logic element usage by number of LUT inputs ;                 ;
;     -- 4 input functions                    ; 459             ;
;     -- 3 input functions                    ; 252             ;
;     -- <=2 input functions                  ; 372             ;
;                                             ;                 ;
; Logic elements by mode                      ;                 ;
;     -- normal mode                          ; 857             ;
;     -- arithmetic mode                      ; 226             ;
;                                             ;                 ;
; Total registers                             ; 1126            ;
;     -- Dedicated logic registers            ; 1126            ;
;     -- I/O registers                        ; 0               ;
;                                             ;                 ;
; Virtual pins                                ; 25              ;
; I/O pins                                    ; 42              ;
; Total memory bits                           ; 147456          ;
; Embedded Multiplier 9-bit elements          ; 0               ;
; Total PLLs                                  ; 1               ;
;     -- PLLs                                 ; 1               ;
;                                             ;                 ;
; Maximum fan-out node                        ; adc_dco_i~input ;
; Maximum fan-out                             ; 470             ;
; Total fan-out                               ; 8291            ;
; Average fan-out                             ; 3.51            ;
+---------------------------------------------+-----------------+


+---------------------------------------------------------------------------------------------------------------------------------------------------------------------------------------------------------------------------------------------------------------------------------------------------------------------------------------------------------------------------------------------------------------------------------------------------------------------------------------------------------------------------------------------------------------------------------------------+
; Analysis & Synthesis Resource Utilization by Entity                                                                                                                                                                                                                                                                                                                                                                                                                                                                                                                                         ;
+---------------------------------------------------------------------------------------------------------+-------------------+--------------+-------------+--------------+---------+-----------+------+--------------+--------------------------------------------------------------------------------------------------------------------------------------------------------------------------------------------------------------------------------------------------------------------------------------------------------------------------------------------------------+--------------+
; Compilation Hierarchy Node                                                                              ; LC Combinationals ; LC Registers ; Memory Bits ; DSP Elements ; DSP 9x9 ; DSP 18x18 ; Pins ; Virtual Pins ; Full Hierarchy Name                                                                                                                                                                                                                                                                                                                                    ; Library Name ;
+---------------------------------------------------------------------------------------------------------+-------------------+--------------+-------------+--------------+---------+-----------+------+--------------+--------------------------------------------------------------------------------------------------------------------------------------------------------------------------------------------------------------------------------------------------------------------------------------------------------------------------------------------------------+--------------+
; |DAC904_WriteTEST                                                                                       ; 1083 (8)          ; 1126 (19)    ; 147456      ; 0            ; 0       ; 0         ; 42   ; 25           ; |DAC904_WriteTEST                                                                                                                                                                                                                                                                                                                                      ; work         ;
;    |Ad9233FrameCapture:U2_frame_capture|                                                                ; 79 (79)           ; 81 (81)      ; 49152       ; 0            ; 0       ; 0         ; 0    ; 0            ; |DAC904_WriteTEST|Ad9233FrameCapture:U2_frame_capture                                                                                                                                                                                                                                                                                                  ; work         ;
;       |altsyncram:capture_ram|                                                                          ; 0 (0)             ; 0 (0)        ; 49152       ; 0            ; 0       ; 0         ; 0    ; 0            ; |DAC904_WriteTEST|Ad9233FrameCapture:U2_frame_capture|altsyncram:capture_ram                                                                                                                                                                                                                                                                           ; work         ;
;          |altsyncram_bl51:auto_generated|                                                               ; 0 (0)             ; 0 (0)        ; 49152       ; 0            ; 0       ; 0         ; 0    ; 0            ; |DAC904_WriteTEST|Ad9233FrameCapture:U2_frame_capture|altsyncram:capture_ram|altsyncram_bl51:auto_generated                                                                                                                                                                                                                                            ; work         ;
;    |Ad9233Pll25:U0_adc_pll25_inst|                                                                      ; 1 (0)             ; 1 (0)        ; 0           ; 0            ; 0       ; 0         ; 0    ; 0            ; |DAC904_WriteTEST|Ad9233Pll25:U0_adc_pll25_inst                                                                                                                                                                                                                                                                                                        ; work         ;
;       |altpll:altpll_component|                                                                         ; 1 (0)             ; 1 (0)        ; 0           ; 0            ; 0       ; 0         ; 0    ; 0            ; |DAC904_WriteTEST|Ad9233Pll25:U0_adc_pll25_inst|altpll:altpll_component                                                                                                                                                                                                                                                                                ; work         ;
;          |Ad9233Pll25_altpll:auto_generated|                                                            ; 1 (1)             ; 1 (1)        ; 0           ; 0            ; 0       ; 0         ; 0    ; 0            ; |DAC904_WriteTEST|Ad9233Pll25:U0_adc_pll25_inst|altpll:altpll_component|Ad9233Pll25_altpll:auto_generated                                                                                                                                                                                                                                              ; work         ;
;    |Ad9233SpiInit:U1_ad9233_spi_init|                                                                   ; 102 (102)         ; 72 (72)      ; 0           ; 0            ; 0       ; 0         ; 0    ; 0            ; |DAC904_WriteTEST|Ad9233SpiInit:U1_ad9233_spi_init                                                                                                                                                                                                                                                                                                     ; work         ;
;    |AnalyzerSpiSlave:U3_analyzer_spi|                                                                   ; 342 (342)         ; 207 (207)    ; 0           ; 0            ; 0       ; 0         ; 0    ; 0            ; |DAC904_WriteTEST|AnalyzerSpiSlave:U3_analyzer_spi                                                                                                                                                                                                                                                                                                     ; work         ;
;    |sld_hub:auto_hub|                                                                                   ; 121 (1)           ; 90 (0)       ; 0           ; 0            ; 0       ; 0         ; 0    ; 0            ; |DAC904_WriteTEST|sld_hub:auto_hub                                                                                                                                                                                                                                                                                                                     ; work         ;
;       |sld_jtag_hub:\jtag_hub_gen:sld_jtag_hub_inst|                                                    ; 120 (82)          ; 90 (62)      ; 0           ; 0            ; 0       ; 0         ; 0    ; 0            ; |DAC904_WriteTEST|sld_hub:auto_hub|sld_jtag_hub:\jtag_hub_gen:sld_jtag_hub_inst                                                                                                                                                                                                                                                                        ; work         ;
;          |sld_rom_sr:hub_info_reg|                                                                      ; 21 (21)           ; 9 (9)        ; 0           ; 0            ; 0       ; 0         ; 0    ; 0            ; |DAC904_WriteTEST|sld_hub:auto_hub|sld_jtag_hub:\jtag_hub_gen:sld_jtag_hub_inst|sld_rom_sr:hub_info_reg                                                                                                                                                                                                                                                ; work         ;
;          |sld_shadow_jsm:shadow_jsm|                                                                    ; 17 (17)           ; 19 (19)      ; 0           ; 0            ; 0       ; 0         ; 0    ; 0            ; |DAC904_WriteTEST|sld_hub:auto_hub|sld_jtag_hub:\jtag_hub_gen:sld_jtag_hub_inst|sld_shadow_jsm:shadow_jsm                                                                                                                                                                                                                                              ; work         ;
;    |sld_signaltap:auto_signaltap_0|                                                                     ; 430 (1)           ; 656 (48)     ; 98304       ; 0            ; 0       ; 0         ; 0    ; 0            ; |DAC904_WriteTEST|sld_signaltap:auto_signaltap_0                                                                                                                                                                                                                                                                                                       ; work         ;
;       |sld_signaltap_impl:sld_signaltap_body|                                                           ; 429 (0)           ; 608 (0)      ; 98304       ; 0            ; 0       ; 0         ; 0    ; 0            ; |DAC904_WriteTEST|sld_signaltap:auto_signaltap_0|sld_signaltap_impl:sld_signaltap_body                                                                                                                                                                                                                                                                 ; work         ;
;          |sld_signaltap_implb:sld_signaltap_body|                                                       ; 429 (88)          ; 608 (180)    ; 98304       ; 0            ; 0       ; 0         ; 0    ; 0            ; |DAC904_WriteTEST|sld_signaltap:auto_signaltap_0|sld_signaltap_impl:sld_signaltap_body|sld_signaltap_implb:sld_signaltap_body                                                                                                                                                                                                                          ; work         ;
;             |altdpram:\stp_non_zero_ram_gen:attribute_mem_gen:attribute_mem|                            ; 27 (0)            ; 76 (76)      ; 0           ; 0            ; 0       ; 0         ; 0    ; 0            ; |DAC904_WriteTEST|sld_signaltap:auto_signaltap_0|sld_signaltap_impl:sld_signaltap_body|sld_signaltap_implb:sld_signaltap_body|altdpram:\stp_non_zero_ram_gen:attribute_mem_gen:attribute_mem                                                                                                                                                           ; work         ;
;                |lpm_decode:wdecoder|                                                                    ; 2 (0)             ; 0 (0)        ; 0           ; 0            ; 0       ; 0         ; 0    ; 0            ; |DAC904_WriteTEST|sld_signaltap:auto_signaltap_0|sld_signaltap_impl:sld_signaltap_body|sld_signaltap_implb:sld_signaltap_body|altdpram:\stp_non_zero_ram_gen:attribute_mem_gen:attribute_mem|lpm_decode:wdecoder                                                                                                                                       ; work         ;
;                   |decode_dvf:auto_generated|                                                           ; 2 (2)             ; 0 (0)        ; 0           ; 0            ; 0       ; 0         ; 0    ; 0            ; |DAC904_WriteTEST|sld_signaltap:auto_signaltap_0|sld_signaltap_impl:sld_signaltap_body|sld_signaltap_implb:sld_signaltap_body|altdpram:\stp_non_zero_ram_gen:attribute_mem_gen:attribute_mem|lpm_decode:wdecoder|decode_dvf:auto_generated                                                                                                             ; work         ;
;                |lpm_mux:mux|                                                                            ; 25 (0)            ; 0 (0)        ; 0           ; 0            ; 0       ; 0         ; 0    ; 0            ; |DAC904_WriteTEST|sld_signaltap:auto_signaltap_0|sld_signaltap_impl:sld_signaltap_body|sld_signaltap_implb:sld_signaltap_body|altdpram:\stp_non_zero_ram_gen:attribute_mem_gen:attribute_mem|lpm_mux:mux                                                                                                                                               ; work         ;
;                   |mux_tsc:auto_generated|                                                              ; 25 (25)           ; 0 (0)        ; 0           ; 0            ; 0       ; 0         ; 0    ; 0            ; |DAC904_WriteTEST|sld_signaltap:auto_signaltap_0|sld_signaltap_impl:sld_signaltap_body|sld_signaltap_implb:sld_signaltap_body|altdpram:\stp_non_zero_ram_gen:attribute_mem_gen:attribute_mem|lpm_mux:mux|mux_tsc:auto_generated                                                                                                                        ; work         ;
;             |altsyncram:\stp_non_zero_ram_gen:stp_buffer_ram|                                           ; 0 (0)             ; 0 (0)        ; 98304       ; 0            ; 0       ; 0         ; 0    ; 0            ; |DAC904_WriteTEST|sld_signaltap:auto_signaltap_0|sld_signaltap_impl:sld_signaltap_body|sld_signaltap_implb:sld_signaltap_body|altsyncram:\stp_non_zero_ram_gen:stp_buffer_ram                                                                                                                                                                          ; work         ;
;                |altsyncram_sr14:auto_generated|                                                         ; 0 (0)             ; 0 (0)        ; 98304       ; 0            ; 0       ; 0         ; 0    ; 0            ; |DAC904_WriteTEST|sld_signaltap:auto_signaltap_0|sld_signaltap_impl:sld_signaltap_body|sld_signaltap_implb:sld_signaltap_body|altsyncram:\stp_non_zero_ram_gen:stp_buffer_ram|altsyncram_sr14:auto_generated                                                                                                                                           ; work         ;
;             |lpm_shiftreg:segment_offset_config_deserialize|                                            ; 0 (0)             ; 12 (12)      ; 0           ; 0            ; 0       ; 0         ; 0    ; 0            ; |DAC904_WriteTEST|sld_signaltap:auto_signaltap_0|sld_signaltap_impl:sld_signaltap_body|sld_signaltap_implb:sld_signaltap_body|lpm_shiftreg:segment_offset_config_deserialize                                                                                                                                                                           ; work         ;
;             |lpm_shiftreg:status_register|                                                              ; 17 (17)           ; 17 (17)      ; 0           ; 0            ; 0       ; 0         ; 0    ; 0            ; |DAC904_WriteTEST|sld_signaltap:auto_signaltap_0|sld_signaltap_impl:sld_signaltap_body|sld_signaltap_implb:sld_signaltap_body|lpm_shiftreg:status_register                                                                                                                                                                                             ; work         ;
;             |serial_crc_16:\tdo_crc_gen:tdo_crc_calc|                                                   ; 14 (14)           ; 13 (13)      ; 0           ; 0            ; 0       ; 0         ; 0    ; 0            ; |DAC904_WriteTEST|sld_signaltap:auto_signaltap_0|sld_signaltap_impl:sld_signaltap_body|sld_signaltap_implb:sld_signaltap_body|serial_crc_16:\tdo_crc_gen:tdo_crc_calc                                                                                                                                                                                  ; work         ;
;             |sld_buffer_manager:sld_buffer_manager_inst|                                                ; 94 (94)           ; 69 (69)      ; 0           ; 0            ; 0       ; 0         ; 0    ; 0            ; |DAC904_WriteTEST|sld_signaltap:auto_signaltap_0|sld_signaltap_impl:sld_signaltap_body|sld_signaltap_implb:sld_signaltap_body|sld_buffer_manager:sld_buffer_manager_inst                                                                                                                                                                               ; work         ;
;             |sld_ela_control:ela_control|                                                               ; 58 (1)            ; 136 (1)      ; 0           ; 0            ; 0       ; 0         ; 0    ; 0            ; |DAC904_WriteTEST|sld_signaltap:auto_signaltap_0|sld_signaltap_impl:sld_signaltap_body|sld_signaltap_implb:sld_signaltap_body|sld_ela_control:ela_control                                                                                                                                                                                              ; work         ;
;                |lpm_shiftreg:trigger_config_deserialize|                                                ; 0 (0)             ; 4 (4)        ; 0           ; 0            ; 0       ; 0         ; 0    ; 0            ; |DAC904_WriteTEST|sld_signaltap:auto_signaltap_0|sld_signaltap_impl:sld_signaltap_body|sld_signaltap_implb:sld_signaltap_body|sld_ela_control:ela_control|lpm_shiftreg:trigger_config_deserialize                                                                                                                                                      ; work         ;
;                |sld_ela_basic_multi_level_trigger:\basic_multi_level_mbpm_trigger_gen:multi_level_mbpm| ; 48 (0)            ; 120 (0)      ; 0           ; 0            ; 0       ; 0         ; 0    ; 0            ; |DAC904_WriteTEST|sld_signaltap:auto_signaltap_0|sld_signaltap_impl:sld_signaltap_body|sld_signaltap_implb:sld_signaltap_body|sld_ela_control:ela_control|sld_ela_basic_multi_level_trigger:\basic_multi_level_mbpm_trigger_gen:multi_level_mbpm                                                                                                       ; work         ;
;                   |lpm_shiftreg:trigger_condition_deserialize|                                          ; 0 (0)             ; 72 (72)      ; 0           ; 0            ; 0       ; 0         ; 0    ; 0            ; |DAC904_WriteTEST|sld_signaltap:auto_signaltap_0|sld_signaltap_impl:sld_signaltap_body|sld_signaltap_implb:sld_signaltap_body|sld_ela_control:ela_control|sld_ela_basic_multi_level_trigger:\basic_multi_level_mbpm_trigger_gen:multi_level_mbpm|lpm_shiftreg:trigger_condition_deserialize                                                            ; work         ;
;                   |sld_mbpmg:\trigger_modules_gen:0:trigger_match|                                      ; 48 (0)            ; 48 (0)       ; 0           ; 0            ; 0       ; 0         ; 0    ; 0            ; |DAC904_WriteTEST|sld_signaltap:auto_signaltap_0|sld_signaltap_impl:sld_signaltap_body|sld_signaltap_implb:sld_signaltap_body|sld_ela_control:ela_control|sld_ela_basic_multi_level_trigger:\basic_multi_level_mbpm_trigger_gen:multi_level_mbpm|sld_mbpmg:\trigger_modules_gen:0:trigger_match                                                        ; work         ;
;                      |sld_sbpmg:\gen_sbpmg_pipeline_less_than_two:sm0:0:sm1|                            ; 2 (2)             ; 2 (2)        ; 0           ; 0            ; 0       ; 0         ; 0    ; 0            ; |DAC904_WriteTEST|sld_signaltap:auto_signaltap_0|sld_signaltap_impl:sld_signaltap_body|sld_signaltap_implb:sld_signaltap_body|sld_ela_control:ela_control|sld_ela_basic_multi_level_trigger:\basic_multi_level_mbpm_trigger_gen:multi_level_mbpm|sld_mbpmg:\trigger_modules_gen:0:trigger_match|sld_sbpmg:\gen_sbpmg_pipeline_less_than_two:sm0:0:sm1  ; work         ;
;                      |sld_sbpmg:\gen_sbpmg_pipeline_less_than_two:sm0:10:sm1|                           ; 2 (2)             ; 2 (2)        ; 0           ; 0            ; 0       ; 0         ; 0    ; 0            ; |DAC904_WriteTEST|sld_signaltap:auto_signaltap_0|sld_signaltap_impl:sld_signaltap_body|sld_signaltap_implb:sld_signaltap_body|sld_ela_control:ela_control|sld_ela_basic_multi_level_trigger:\basic_multi_level_mbpm_trigger_gen:multi_level_mbpm|sld_mbpmg:\trigger_modules_gen:0:trigger_match|sld_sbpmg:\gen_sbpmg_pipeline_less_than_two:sm0:10:sm1 ; work         ;
;                      |sld_sbpmg:\gen_sbpmg_pipeline_less_than_two:sm0:11:sm1|                           ; 2 (2)             ; 2 (2)        ; 0           ; 0            ; 0       ; 0         ; 0    ; 0            ; |DAC904_WriteTEST|sld_signaltap:auto_signaltap_0|sld_signaltap_impl:sld_signaltap_body|sld_signaltap_implb:sld_signaltap_body|sld_ela_control:ela_control|sld_ela_basic_multi_level_trigger:\basic_multi_level_mbpm_trigger_gen:multi_level_mbpm|sld_mbpmg:\trigger_modules_gen:0:trigger_match|sld_sbpmg:\gen_sbpmg_pipeline_less_than_two:sm0:11:sm1 ; work         ;
;                      |sld_sbpmg:\gen_sbpmg_pipeline_less_than_two:sm0:12:sm1|                           ; 2 (2)             ; 2 (2)        ; 0           ; 0            ; 0       ; 0         ; 0    ; 0            ; |DAC904_WriteTEST|sld_signaltap:auto_signaltap_0|sld_signaltap_impl:sld_signaltap_body|sld_signaltap_implb:sld_signaltap_body|sld_ela_control:ela_control|sld_ela_basic_multi_level_trigger:\basic_multi_level_mbpm_trigger_gen:multi_level_mbpm|sld_mbpmg:\trigger_modules_gen:0:trigger_match|sld_sbpmg:\gen_sbpmg_pipeline_less_than_two:sm0:12:sm1 ; work         ;
;                      |sld_sbpmg:\gen_sbpmg_pipeline_less_than_two:sm0:13:sm1|                           ; 2 (2)             ; 2 (2)        ; 0           ; 0            ; 0       ; 0         ; 0    ; 0            ; |DAC904_WriteTEST|sld_signaltap:auto_signaltap_0|sld_signaltap_impl:sld_signaltap_body|sld_signaltap_implb:sld_signaltap_body|sld_ela_control:ela_control|sld_ela_basic_multi_level_trigger:\basic_multi_level_mbpm_trigger_gen:multi_level_mbpm|sld_mbpmg:\trigger_modules_gen:0:trigger_match|sld_sbpmg:\gen_sbpmg_pipeline_less_than_two:sm0:13:sm1 ; work         ;
;                      |sld_sbpmg:\gen_sbpmg_pipeline_less_than_two:sm0:14:sm1|                           ; 2 (2)             ; 2 (2)        ; 0           ; 0            ; 0       ; 0         ; 0    ; 0            ; |DAC904_WriteTEST|sld_signaltap:auto_signaltap_0|sld_signaltap_impl:sld_signaltap_body|sld_signaltap_implb:sld_signaltap_body|sld_ela_control:ela_control|sld_ela_basic_multi_level_trigger:\basic_multi_level_mbpm_trigger_gen:multi_level_mbpm|sld_mbpmg:\trigger_modules_gen:0:trigger_match|sld_sbpmg:\gen_sbpmg_pipeline_less_than_two:sm0:14:sm1 ; work         ;
;                      |sld_sbpmg:\gen_sbpmg_pipeline_less_than_two:sm0:15:sm1|                           ; 2 (2)             ; 2 (2)        ; 0           ; 0            ; 0       ; 0         ; 0    ; 0            ; |DAC904_WriteTEST|sld_signaltap:auto_signaltap_0|sld_signaltap_impl:sld_signaltap_body|sld_signaltap_implb:sld_signaltap_body|sld_ela_control:ela_control|sld_ela_basic_multi_level_trigger:\basic_multi_level_mbpm_trigger_gen:multi_level_mbpm|sld_mbpmg:\trigger_modules_gen:0:trigger_match|sld_sbpmg:\gen_sbpmg_pipeline_less_than_two:sm0:15:sm1 ; work         ;
;                      |sld_sbpmg:\gen_sbpmg_pipeline_less_than_two:sm0:16:sm1|                           ; 2 (2)             ; 2 (2)        ; 0           ; 0            ; 0       ; 0         ; 0    ; 0            ; |DAC904_WriteTEST|sld_signaltap:auto_signaltap_0|sld_signaltap_impl:sld_signaltap_body|sld_signaltap_implb:sld_signaltap_body|sld_ela_control:ela_control|sld_ela_basic_multi_level_trigger:\basic_multi_level_mbpm_trigger_gen:multi_level_mbpm|sld_mbpmg:\trigger_modules_gen:0:trigger_match|sld_sbpmg:\gen_sbpmg_pipeline_less_than_two:sm0:16:sm1 ; work         ;
;                      |sld_sbpmg:\gen_sbpmg_pipeline_less_than_two:sm0:17:sm1|                           ; 2 (2)             ; 2 (2)        ; 0           ; 0            ; 0       ; 0         ; 0    ; 0            ; |DAC904_WriteTEST|sld_signaltap:auto_signaltap_0|sld_signaltap_impl:sld_signaltap_body|sld_signaltap_implb:sld_signaltap_body|sld_ela_control:ela_control|sld_ela_basic_multi_level_trigger:\basic_multi_level_mbpm_trigger_gen:multi_level_mbpm|sld_mbpmg:\trigger_modules_gen:0:trigger_match|sld_sbpmg:\gen_sbpmg_pipeline_less_than_two:sm0:17:sm1 ; work         ;
;                      |sld_sbpmg:\gen_sbpmg_pipeline_less_than_two:sm0:18:sm1|                           ; 2 (2)             ; 2 (2)        ; 0           ; 0            ; 0       ; 0         ; 0    ; 0            ; |DAC904_WriteTEST|sld_signaltap:auto_signaltap_0|sld_signaltap_impl:sld_signaltap_body|sld_signaltap_implb:sld_signaltap_body|sld_ela_control:ela_control|sld_ela_basic_multi_level_trigger:\basic_multi_level_mbpm_trigger_gen:multi_level_mbpm|sld_mbpmg:\trigger_modules_gen:0:trigger_match|sld_sbpmg:\gen_sbpmg_pipeline_less_than_two:sm0:18:sm1 ; work         ;
;                      |sld_sbpmg:\gen_sbpmg_pipeline_less_than_two:sm0:19:sm1|                           ; 2 (2)             ; 2 (2)        ; 0           ; 0            ; 0       ; 0         ; 0    ; 0            ; |DAC904_WriteTEST|sld_signaltap:auto_signaltap_0|sld_signaltap_impl:sld_signaltap_body|sld_signaltap_implb:sld_signaltap_body|sld_ela_control:ela_control|sld_ela_basic_multi_level_trigger:\basic_multi_level_mbpm_trigger_gen:multi_level_mbpm|sld_mbpmg:\trigger_modules_gen:0:trigger_match|sld_sbpmg:\gen_sbpmg_pipeline_less_than_two:sm0:19:sm1 ; work         ;
;                      |sld_sbpmg:\gen_sbpmg_pipeline_less_than_two:sm0:1:sm1|                            ; 2 (2)             ; 2 (2)        ; 0           ; 0            ; 0       ; 0         ; 0    ; 0            ; |DAC904_WriteTEST|sld_signaltap:auto_signaltap_0|sld_signaltap_impl:sld_signaltap_body|sld_signaltap_implb:sld_signaltap_body|sld_ela_control:ela_control|sld_ela_basic_multi_level_trigger:\basic_multi_level_mbpm_trigger_gen:multi_level_mbpm|sld_mbpmg:\trigger_modules_gen:0:trigger_match|sld_sbpmg:\gen_sbpmg_pipeline_less_than_two:sm0:1:sm1  ; work         ;
;                      |sld_sbpmg:\gen_sbpmg_pipeline_less_than_two:sm0:20:sm1|                           ; 2 (2)             ; 2 (2)        ; 0           ; 0            ; 0       ; 0         ; 0    ; 0            ; |DAC904_WriteTEST|sld_signaltap:auto_signaltap_0|sld_signaltap_impl:sld_signaltap_body|sld_signaltap_implb:sld_signaltap_body|sld_ela_control:ela_control|sld_ela_basic_multi_level_trigger:\basic_multi_level_mbpm_trigger_gen:multi_level_mbpm|sld_mbpmg:\trigger_modules_gen:0:trigger_match|sld_sbpmg:\gen_sbpmg_pipeline_less_than_two:sm0:20:sm1 ; work         ;
;                      |sld_sbpmg:\gen_sbpmg_pipeline_less_than_two:sm0:21:sm1|                           ; 2 (2)             ; 2 (2)        ; 0           ; 0            ; 0       ; 0         ; 0    ; 0            ; |DAC904_WriteTEST|sld_signaltap:auto_signaltap_0|sld_signaltap_impl:sld_signaltap_body|sld_signaltap_implb:sld_signaltap_body|sld_ela_control:ela_control|sld_ela_basic_multi_level_trigger:\basic_multi_level_mbpm_trigger_gen:multi_level_mbpm|sld_mbpmg:\trigger_modules_gen:0:trigger_match|sld_sbpmg:\gen_sbpmg_pipeline_less_than_two:sm0:21:sm1 ; work         ;
;                      |sld_sbpmg:\gen_sbpmg_pipeline_less_than_two:sm0:22:sm1|                           ; 2 (2)             ; 2 (2)        ; 0           ; 0            ; 0       ; 0         ; 0    ; 0            ; |DAC904_WriteTEST|sld_signaltap:auto_signaltap_0|sld_signaltap_impl:sld_signaltap_body|sld_signaltap_implb:sld_signaltap_body|sld_ela_control:ela_control|sld_ela_basic_multi_level_trigger:\basic_multi_level_mbpm_trigger_gen:multi_level_mbpm|sld_mbpmg:\trigger_modules_gen:0:trigger_match|sld_sbpmg:\gen_sbpmg_pipeline_less_than_two:sm0:22:sm1 ; work         ;
;                      |sld_sbpmg:\gen_sbpmg_pipeline_less_than_two:sm0:23:sm1|                           ; 2 (2)             ; 2 (2)        ; 0           ; 0            ; 0       ; 0         ; 0    ; 0            ; |DAC904_WriteTEST|sld_signaltap:auto_signaltap_0|sld_signaltap_impl:sld_signaltap_body|sld_signaltap_implb:sld_signaltap_body|sld_ela_control:ela_control|sld_ela_basic_multi_level_trigger:\basic_multi_level_mbpm_trigger_gen:multi_level_mbpm|sld_mbpmg:\trigger_modules_gen:0:trigger_match|sld_sbpmg:\gen_sbpmg_pipeline_less_than_two:sm0:23:sm1 ; work         ;
;                      |sld_sbpmg:\gen_sbpmg_pipeline_less_than_two:sm0:2:sm1|                            ; 2 (2)             ; 2 (2)        ; 0           ; 0            ; 0       ; 0         ; 0    ; 0            ; |DAC904_WriteTEST|sld_signaltap:auto_signaltap_0|sld_signaltap_impl:sld_signaltap_body|sld_signaltap_implb:sld_signaltap_body|sld_ela_control:ela_control|sld_ela_basic_multi_level_trigger:\basic_multi_level_mbpm_trigger_gen:multi_level_mbpm|sld_mbpmg:\trigger_modules_gen:0:trigger_match|sld_sbpmg:\gen_sbpmg_pipeline_less_than_two:sm0:2:sm1  ; work         ;
;                      |sld_sbpmg:\gen_sbpmg_pipeline_less_than_two:sm0:3:sm1|                            ; 2 (2)             ; 2 (2)        ; 0           ; 0            ; 0       ; 0         ; 0    ; 0            ; |DAC904_WriteTEST|sld_signaltap:auto_signaltap_0|sld_signaltap_impl:sld_signaltap_body|sld_signaltap_implb:sld_signaltap_body|sld_ela_control:ela_control|sld_ela_basic_multi_level_trigger:\basic_multi_level_mbpm_trigger_gen:multi_level_mbpm|sld_mbpmg:\trigger_modules_gen:0:trigger_match|sld_sbpmg:\gen_sbpmg_pipeline_less_than_two:sm0:3:sm1  ; work         ;
;                      |sld_sbpmg:\gen_sbpmg_pipeline_less_than_two:sm0:4:sm1|                            ; 2 (2)             ; 2 (2)        ; 0           ; 0            ; 0       ; 0         ; 0    ; 0            ; |DAC904_WriteTEST|sld_signaltap:auto_signaltap_0|sld_signaltap_impl:sld_signaltap_body|sld_signaltap_implb:sld_signaltap_body|sld_ela_control:ela_control|sld_ela_basic_multi_level_trigger:\basic_multi_level_mbpm_trigger_gen:multi_level_mbpm|sld_mbpmg:\trigger_modules_gen:0:trigger_match|sld_sbpmg:\gen_sbpmg_pipeline_less_than_two:sm0:4:sm1  ; work         ;
;                      |sld_sbpmg:\gen_sbpmg_pipeline_less_than_two:sm0:5:sm1|                            ; 2 (2)             ; 2 (2)        ; 0           ; 0            ; 0       ; 0         ; 0    ; 0            ; |DAC904_WriteTEST|sld_signaltap:auto_signaltap_0|sld_signaltap_impl:sld_signaltap_body|sld_signaltap_implb:sld_signaltap_body|sld_ela_control:ela_control|sld_ela_basic_multi_level_trigger:\basic_multi_level_mbpm_trigger_gen:multi_level_mbpm|sld_mbpmg:\trigger_modules_gen:0:trigger_match|sld_sbpmg:\gen_sbpmg_pipeline_less_than_two:sm0:5:sm1  ; work         ;
;                      |sld_sbpmg:\gen_sbpmg_pipeline_less_than_two:sm0:6:sm1|                            ; 2 (2)             ; 2 (2)        ; 0           ; 0            ; 0       ; 0         ; 0    ; 0            ; |DAC904_WriteTEST|sld_signaltap:auto_signaltap_0|sld_signaltap_impl:sld_signaltap_body|sld_signaltap_implb:sld_signaltap_body|sld_ela_control:ela_control|sld_ela_basic_multi_level_trigger:\basic_multi_level_mbpm_trigger_gen:multi_level_mbpm|sld_mbpmg:\trigger_modules_gen:0:trigger_match|sld_sbpmg:\gen_sbpmg_pipeline_less_than_two:sm0:6:sm1  ; work         ;
;                      |sld_sbpmg:\gen_sbpmg_pipeline_less_than_two:sm0:7:sm1|                            ; 2 (2)             ; 2 (2)        ; 0           ; 0            ; 0       ; 0         ; 0    ; 0            ; |DAC904_WriteTEST|sld_signaltap:auto_signaltap_0|sld_signaltap_impl:sld_signaltap_body|sld_signaltap_implb:sld_signaltap_body|sld_ela_control:ela_control|sld_ela_basic_multi_level_trigger:\basic_multi_level_mbpm_trigger_gen:multi_level_mbpm|sld_mbpmg:\trigger_modules_gen:0:trigger_match|sld_sbpmg:\gen_sbpmg_pipeline_less_than_two:sm0:7:sm1  ; work         ;
;                      |sld_sbpmg:\gen_sbpmg_pipeline_less_than_two:sm0:8:sm1|                            ; 2 (2)             ; 2 (2)        ; 0           ; 0            ; 0       ; 0         ; 0    ; 0            ; |DAC904_WriteTEST|sld_signaltap:auto_signaltap_0|sld_signaltap_impl:sld_signaltap_body|sld_signaltap_implb:sld_signaltap_body|sld_ela_control:ela_control|sld_ela_basic_multi_level_trigger:\basic_multi_level_mbpm_trigger_gen:multi_level_mbpm|sld_mbpmg:\trigger_modules_gen:0:trigger_match|sld_sbpmg:\gen_sbpmg_pipeline_less_than_two:sm0:8:sm1  ; work         ;
;                      |sld_sbpmg:\gen_sbpmg_pipeline_less_than_two:sm0:9:sm1|                            ; 2 (2)             ; 2 (2)        ; 0           ; 0            ; 0       ; 0         ; 0    ; 0            ; |DAC904_WriteTEST|sld_signaltap:auto_signaltap_0|sld_signaltap_impl:sld_signaltap_body|sld_signaltap_implb:sld_signaltap_body|sld_ela_control:ela_control|sld_ela_basic_multi_level_trigger:\basic_multi_level_mbpm_trigger_gen:multi_level_mbpm|sld_mbpmg:\trigger_modules_gen:0:trigger_match|sld_sbpmg:\gen_sbpmg_pipeline_less_than_two:sm0:9:sm1  ; work         ;
;                |sld_ela_trigger_flow_mgr:\builtin:ela_trigger_flow_mgr_entity|                          ; 9 (9)             ; 11 (1)       ; 0           ; 0            ; 0       ; 0         ; 0    ; 0            ; |DAC904_WriteTEST|sld_signaltap:auto_signaltap_0|sld_signaltap_impl:sld_signaltap_body|sld_signaltap_implb:sld_signaltap_body|sld_ela_control:ela_control|sld_ela_trigger_flow_mgr:\builtin:ela_trigger_flow_mgr_entity                                                                                                                                ; work         ;
;                   |lpm_shiftreg:trigger_config_deserialize|                                             ; 0 (0)             ; 10 (10)      ; 0           ; 0            ; 0       ; 0         ; 0    ; 0            ; |DAC904_WriteTEST|sld_signaltap:auto_signaltap_0|sld_signaltap_impl:sld_signaltap_body|sld_signaltap_implb:sld_signaltap_body|sld_ela_control:ela_control|sld_ela_trigger_flow_mgr:\builtin:ela_trigger_flow_mgr_entity|lpm_shiftreg:trigger_config_deserialize                                                                                        ; work         ;
;             |sld_offload_buffer_mgr:\stp_non_zero_depth_offload_gen:stp_offload_buff_mgr_inst|          ; 112 (9)           ; 97 (0)       ; 0           ; 0            ; 0       ; 0         ; 0    ; 0            ; |DAC904_WriteTEST|sld_signaltap:auto_signaltap_0|sld_signaltap_impl:sld_signaltap_body|sld_signaltap_implb:sld_signaltap_body|sld_offload_buffer_mgr:\stp_non_zero_depth_offload_gen:stp_offload_buff_mgr_inst                                                                                                                                         ; work         ;
;                |lpm_counter:\adv_point_3_and_more:advance_pointer_counter|                              ; 7 (0)             ; 5 (0)        ; 0           ; 0            ; 0       ; 0         ; 0    ; 0            ; |DAC904_WriteTEST|sld_signaltap:auto_signaltap_0|sld_signaltap_impl:sld_signaltap_body|sld_signaltap_implb:sld_signaltap_body|sld_offload_buffer_mgr:\stp_non_zero_depth_offload_gen:stp_offload_buff_mgr_inst|lpm_counter:\adv_point_3_and_more:advance_pointer_counter                                                                               ; work         ;
;                   |cntr_fgi:auto_generated|                                                             ; 7 (7)             ; 5 (5)        ; 0           ; 0            ; 0       ; 0         ; 0    ; 0            ; |DAC904_WriteTEST|sld_signaltap:auto_signaltap_0|sld_signaltap_impl:sld_signaltap_body|sld_signaltap_implb:sld_signaltap_body|sld_offload_buffer_mgr:\stp_non_zero_depth_offload_gen:stp_offload_buff_mgr_inst|lpm_counter:\adv_point_3_and_more:advance_pointer_counter|cntr_fgi:auto_generated                                                       ; work         ;
;                |lpm_counter:read_pointer_counter|                                                       ; 12 (0)            ; 12 (0)       ; 0           ; 0            ; 0       ; 0         ; 0    ; 0            ; |DAC904_WriteTEST|sld_signaltap:auto_signaltap_0|sld_signaltap_impl:sld_signaltap_body|sld_signaltap_implb:sld_signaltap_body|sld_offload_buffer_mgr:\stp_non_zero_depth_offload_gen:stp_offload_buff_mgr_inst|lpm_counter:read_pointer_counter                                                                                                        ; work         ;
;                   |cntr_m9j:auto_generated|                                                             ; 12 (12)           ; 12 (12)      ; 0           ; 0            ; 0       ; 0         ; 0    ; 0            ; |DAC904_WriteTEST|sld_signaltap:auto_signaltap_0|sld_signaltap_impl:sld_signaltap_body|sld_signaltap_implb:sld_signaltap_body|sld_offload_buffer_mgr:\stp_non_zero_depth_offload_gen:stp_offload_buff_mgr_inst|lpm_counter:read_pointer_counter|cntr_m9j:auto_generated                                                                                ; work         ;
;                |lpm_counter:status_advance_pointer_counter|                                             ; 7 (0)             ; 5 (0)        ; 0           ; 0            ; 0       ; 0         ; 0    ; 0            ; |DAC904_WriteTEST|sld_signaltap:auto_signaltap_0|sld_signaltap_impl:sld_signaltap_body|sld_signaltap_implb:sld_signaltap_body|sld_offload_buffer_mgr:\stp_non_zero_depth_offload_gen:stp_offload_buff_mgr_inst|lpm_counter:status_advance_pointer_counter                                                                                              ; work         ;
;                   |cntr_ggi:auto_generated|                                                             ; 7 (7)             ; 5 (5)        ; 0           ; 0            ; 0       ; 0         ; 0    ; 0            ; |DAC904_WriteTEST|sld_signaltap:auto_signaltap_0|sld_signaltap_impl:sld_signaltap_body|sld_signaltap_implb:sld_signaltap_body|sld_offload_buffer_mgr:\stp_non_zero_depth_offload_gen:stp_offload_buff_mgr_inst|lpm_counter:status_advance_pointer_counter|cntr_ggi:auto_generated                                                                      ; work         ;
;                |lpm_counter:status_read_pointer_counter|                                                ; 3 (0)             ; 1 (0)        ; 0           ; 0            ; 0       ; 0         ; 0    ; 0            ; |DAC904_WriteTEST|sld_signaltap:auto_signaltap_0|sld_signaltap_impl:sld_signaltap_body|sld_signaltap_implb:sld_signaltap_body|sld_offload_buffer_mgr:\stp_non_zero_depth_offload_gen:stp_offload_buff_mgr_inst|lpm_counter:status_read_pointer_counter                                                                                                 ; work         ;
;                   |cntr_23j:auto_generated|                                                             ; 3 (3)             ; 1 (1)        ; 0           ; 0            ; 0       ; 0         ; 0    ; 0            ; |DAC904_WriteTEST|sld_signaltap:auto_signaltap_0|sld_signaltap_impl:sld_signaltap_body|sld_signaltap_implb:sld_signaltap_body|sld_offload_buffer_mgr:\stp_non_zero_depth_offload_gen:stp_offload_buff_mgr_inst|lpm_counter:status_read_pointer_counter|cntr_23j:auto_generated                                                                         ; work         ;
;                |lpm_shiftreg:info_data_shift_out|                                                       ; 25 (25)           ; 25 (25)      ; 0           ; 0            ; 0       ; 0         ; 0    ; 0            ; |DAC904_WriteTEST|sld_signaltap:auto_signaltap_0|sld_signaltap_impl:sld_signaltap_body|sld_signaltap_implb:sld_signaltap_body|sld_offload_buffer_mgr:\stp_non_zero_depth_offload_gen:stp_offload_buff_mgr_inst|lpm_shiftreg:info_data_shift_out                                                                                                        ; work         ;
;                |lpm_shiftreg:ram_data_shift_out|                                                        ; 24 (24)           ; 24 (24)      ; 0           ; 0            ; 0       ; 0         ; 0    ; 0            ; |DAC904_WriteTEST|sld_signaltap:auto_signaltap_0|sld_signaltap_impl:sld_signaltap_body|sld_signaltap_implb:sld_signaltap_body|sld_offload_buffer_mgr:\stp_non_zero_depth_offload_gen:stp_offload_buff_mgr_inst|lpm_shiftreg:ram_data_shift_out                                                                                                         ; work         ;
;                |lpm_shiftreg:status_data_shift_out|                                                     ; 25 (25)           ; 25 (25)      ; 0           ; 0            ; 0       ; 0         ; 0    ; 0            ; |DAC904_WriteTEST|sld_signaltap:auto_signaltap_0|sld_signaltap_impl:sld_signaltap_body|sld_signaltap_implb:sld_signaltap_body|sld_offload_buffer_mgr:\stp_non_zero_depth_offload_gen:stp_offload_buff_mgr_inst|lpm_shiftreg:status_data_shift_out                                                                                                      ; work         ;
;             |sld_rom_sr:crc_rom_sr|                                                                     ; 19 (19)           ; 8 (8)        ; 0           ; 0            ; 0       ; 0         ; 0    ; 0            ; |DAC904_WriteTEST|sld_signaltap:auto_signaltap_0|sld_signaltap_impl:sld_signaltap_body|sld_signaltap_implb:sld_signaltap_body|sld_rom_sr:crc_rom_sr                                                                                                                                                                                                    ; work         ;
+---------------------------------------------------------------------------------------------------------+-------------------+--------------+-------------+--------------+---------+-----------+------+--------------+--------------------------------------------------------------------------------------------------------------------------------------------------------------------------------------------------------------------------------------------------------------------------------------------------------------------------------------------------------+--------------+
Note: For table entries with two numbers listed, the numbers in parentheses indicate the number of resources of the given type used by the specific entity alone. The numbers listed outside of parentheses indicate the total resources of the given type used by the specific entity and all of its sub-entities in the hierarchy.


+------------------------------------------------------------------------------------------------------------------------------------------------------------------------------------------------------------------------------------------------------------------------------------------------------------+
; Analysis & Synthesis RAM Summary                                                                                                                                                                                                                                                                           ;
+-------------------------------------------------------------------------------------------------------------------------------------------------------------------------------------------------------+------+------------------+--------------+--------------+--------------+--------------+-------+------+
; Name                                                                                                                                                                                                  ; Type ; Mode             ; Port A Depth ; Port A Width ; Port B Depth ; Port B Width ; Size  ; MIF  ;
+-------------------------------------------------------------------------------------------------------------------------------------------------------------------------------------------------------+------+------------------+--------------+--------------+--------------+--------------+-------+------+
; Ad9233FrameCapture:U2_frame_capture|altsyncram:capture_ram|altsyncram_bl51:auto_generated|ALTSYNCRAM                                                                                                  ; M9K  ; Simple Dual Port ; 4096         ; 12           ; 4096         ; 12           ; 49152 ; None ;
; sld_signaltap:auto_signaltap_0|sld_signaltap_impl:sld_signaltap_body|sld_signaltap_implb:sld_signaltap_body|altsyncram:\stp_non_zero_ram_gen:stp_buffer_ram|altsyncram_sr14:auto_generated|ALTSYNCRAM ; M9K  ; Simple Dual Port ; 4096         ; 24           ; 4096         ; 24           ; 98304 ; None ;
+-------------------------------------------------------------------------------------------------------------------------------------------------------------------------------------------------------+------+------------------+--------------+--------------+--------------+--------------+-------+------+


Encoding Type:  One-Hot
+-----------------------------------------------------------------------------------------------------------------------+
; State Machine - |DAC904_WriteTEST|AnalyzerSpiSlave:U3_analyzer_spi|request_word_index                                 ;
+-----------------------+-----------------------+-----------------------+-----------------------+-----------------------+
; Name                  ; request_word_index.11 ; request_word_index.10 ; request_word_index.01 ; request_word_index.00 ;
+-----------------------+-----------------------+-----------------------+-----------------------+-----------------------+
; request_word_index.00 ; 0                     ; 0                     ; 0                     ; 0                     ;
; request_word_index.01 ; 0                     ; 0                     ; 1                     ; 1                     ;
; request_word_index.10 ; 0                     ; 1                     ; 0                     ; 1                     ;
; request_word_index.11 ; 1                     ; 0                     ; 0                     ; 1                     ;
+-----------------------+-----------------------+-----------------------+-----------------------+-----------------------+


Encoding Type:  One-Hot
+----------------------------------------------------------------------------------------------------------------------------------+
; State Machine - |DAC904_WriteTEST|Ad9233SpiInit:U1_ad9233_spi_init|state                                                         ;
+------------------+------------------+-----------------+------------------+-----------------+------------------+------------------+
; Name             ; state.STATE_DONE ; state.STATE_GAP ; state.STATE_HIGH ; state.STATE_LOW ; state.STATE_LOAD ; state.STATE_WAIT ;
+------------------+------------------+-----------------+------------------+-----------------+------------------+------------------+
; state.STATE_WAIT ; 0                ; 0               ; 0                ; 0               ; 0                ; 0                ;
; state.STATE_LOAD ; 0                ; 0               ; 0                ; 0               ; 1                ; 1                ;
; state.STATE_LOW  ; 0                ; 0               ; 0                ; 1               ; 0                ; 1                ;
; state.STATE_HIGH ; 0                ; 0               ; 1                ; 0               ; 0                ; 1                ;
; state.STATE_GAP  ; 0                ; 1               ; 0                ; 0               ; 0                ; 1                ;
; state.STATE_DONE ; 1                ; 0               ; 0                ; 0               ; 0                ; 1                ;
+------------------+------------------+-----------------+------------------+-----------------+------------------+------------------+


+--------------------------------------------------------------------------------------------------+
; Registers Removed During Synthesis                                                               ;
+---------------------------------------------------------+----------------------------------------+
; Register name                                           ; Reason for Removal                     ;
+---------------------------------------------------------+----------------------------------------+
; AnalyzerSpiSlave:U3_analyzer_spi|flags_latched[5,7..15] ; Stuck at GND due to stuck port data_in ;
; AnalyzerSpiSlave:U3_analyzer_spi|request_word_index~4   ; Lost fanout                            ;
; AnalyzerSpiSlave:U3_analyzer_spi|request_word_index~5   ; Lost fanout                            ;
; Ad9233SpiInit:U1_ad9233_spi_init|state~10               ; Lost fanout                            ;
; Ad9233SpiInit:U1_ad9233_spi_init|state~11               ; Lost fanout                            ;
; Ad9233SpiInit:U1_ad9233_spi_init|state~12               ; Lost fanout                            ;
; Total Number of Removed Registers = 15                  ;                                        ;
+---------------------------------------------------------+----------------------------------------+


+------------------------------------------------------+
; General Register Statistics                          ;
+----------------------------------------------+-------+
; Statistic                                    ; Value ;
+----------------------------------------------+-------+
; Total registers                              ; 1126  ;
; Number of registers using Synchronous Clear  ; 140   ;
; Number of registers using Synchronous Load   ; 84    ;
; Number of registers using Asynchronous Clear ; 662   ;
; Number of registers using Asynchronous Load  ; 0     ;
; Number of registers using Clock Enable       ; 711   ;
; Number of registers using Preset             ; 0     ;
+----------------------------------------------+-------+


+------------------------------------------------------------------------------------------------------------------------------------------------------------------------------------------+
; Inverted Register Statistics                                                                                                                                                             ;
+--------------------------------------------------------------------------------------------------------------------------------------------------------------------------------+---------+
; Inverted Register                                                                                                                                                              ; Fan out ;
+--------------------------------------------------------------------------------------------------------------------------------------------------------------------------------+---------+
; AnalyzerSpiSlave:U3_analyzer_spi|ram_read_address[0]                                                                                                                           ; 2       ;
; AnalyzerSpiSlave:U3_analyzer_spi|ram_read_address[1]                                                                                                                           ; 2       ;
; AnalyzerSpiSlave:U3_analyzer_spi|ram_read_address[2]                                                                                                                           ; 2       ;
; AnalyzerSpiSlave:U3_analyzer_spi|ram_read_address[3]                                                                                                                           ; 2       ;
; AnalyzerSpiSlave:U3_analyzer_spi|ram_read_address[4]                                                                                                                           ; 2       ;
; AnalyzerSpiSlave:U3_analyzer_spi|ram_read_address[5]                                                                                                                           ; 2       ;
; AnalyzerSpiSlave:U3_analyzer_spi|ram_read_address[6]                                                                                                                           ; 2       ;
; AnalyzerSpiSlave:U3_analyzer_spi|ram_read_address[7]                                                                                                                           ; 2       ;
; AnalyzerSpiSlave:U3_analyzer_spi|ram_read_address[8]                                                                                                                           ; 2       ;
; AnalyzerSpiSlave:U3_analyzer_spi|ram_read_address[9]                                                                                                                           ; 2       ;
; AnalyzerSpiSlave:U3_analyzer_spi|ram_read_address[10]                                                                                                                          ; 2       ;
; AnalyzerSpiSlave:U3_analyzer_spi|ram_read_address[11]                                                                                                                          ; 2       ;
; Ad9233SpiInit:U1_ad9233_spi_init|spi_cs_n                                                                                                                                      ; 2       ;
; Ad9233SpiInit:U1_ad9233_spi_init|spi_sclk                                                                                                                                      ; 2       ;
; Ad9233SpiInit:U1_ad9233_spi_init|bit_index[0]                                                                                                                                  ; 4       ;
; Ad9233SpiInit:U1_ad9233_spi_init|bit_index[4]                                                                                                                                  ; 2       ;
; Ad9233SpiInit:U1_ad9233_spi_init|bit_index[2]                                                                                                                                  ; 2       ;
; Ad9233SpiInit:U1_ad9233_spi_init|bit_index[1]                                                                                                                                  ; 2       ;
; AnalyzerSpiSlave:U3_analyzer_spi|request_crc[0]                                                                                                                                ; 2       ;
; AnalyzerSpiSlave:U3_analyzer_spi|request_crc[3]                                                                                                                                ; 3       ;
; AnalyzerSpiSlave:U3_analyzer_spi|request_crc[4]                                                                                                                                ; 3       ;
; AnalyzerSpiSlave:U3_analyzer_spi|request_crc[5]                                                                                                                                ; 3       ;
; AnalyzerSpiSlave:U3_analyzer_spi|request_crc[6]                                                                                                                                ; 3       ;
; AnalyzerSpiSlave:U3_analyzer_spi|request_crc[8]                                                                                                                                ; 5       ;
; AnalyzerSpiSlave:U3_analyzer_spi|request_crc[9]                                                                                                                                ; 5       ;
; AnalyzerSpiSlave:U3_analyzer_spi|request_crc[10]                                                                                                                               ; 5       ;
; AnalyzerSpiSlave:U3_analyzer_spi|request_crc[13]                                                                                                                               ; 2       ;
; AnalyzerSpiSlave:U3_analyzer_spi|request_crc[12]                                                                                                                               ; 4       ;
; AnalyzerSpiSlave:U3_analyzer_spi|request_crc[15]                                                                                                                               ; 5       ;
; AnalyzerSpiSlave:U3_analyzer_spi|request_crc[14]                                                                                                                               ; 4       ;
; AnalyzerSpiSlave:U3_analyzer_spi|request_crc[1]                                                                                                                                ; 3       ;
; AnalyzerSpiSlave:U3_analyzer_spi|request_crc[2]                                                                                                                                ; 3       ;
; AnalyzerSpiSlave:U3_analyzer_spi|request_crc[11]                                                                                                                               ; 2       ;
; AnalyzerSpiSlave:U3_analyzer_spi|request_crc[7]                                                                                                                                ; 4       ;
; AnalyzerSpiSlave:U3_analyzer_spi|response_crc[15]                                                                                                                              ; 4       ;
; AnalyzerSpiSlave:U3_analyzer_spi|response_crc[14]                                                                                                                              ; 5       ;
; AnalyzerSpiSlave:U3_analyzer_spi|response_crc[7]                                                                                                                               ; 4       ;
; AnalyzerSpiSlave:U3_analyzer_spi|response_crc[11]                                                                                                                              ; 6       ;
; AnalyzerSpiSlave:U3_analyzer_spi|response_crc[10]                                                                                                                              ; 2       ;
; AnalyzerSpiSlave:U3_analyzer_spi|response_crc[3]                                                                                                                               ; 2       ;
; AnalyzerSpiSlave:U3_analyzer_spi|response_crc[6]                                                                                                                               ; 4       ;
; AnalyzerSpiSlave:U3_analyzer_spi|response_crc[2]                                                                                                                               ; 3       ;
; AnalyzerSpiSlave:U3_analyzer_spi|response_crc[9]                                                                                                                               ; 4       ;
; AnalyzerSpiSlave:U3_analyzer_spi|response_crc[13]                                                                                                                              ; 3       ;
; AnalyzerSpiSlave:U3_analyzer_spi|response_crc[5]                                                                                                                               ; 4       ;
; AnalyzerSpiSlave:U3_analyzer_spi|response_crc[1]                                                                                                                               ; 2       ;
; AnalyzerSpiSlave:U3_analyzer_spi|response_crc[12]                                                                                                                              ; 2       ;
; AnalyzerSpiSlave:U3_analyzer_spi|response_crc[8]                                                                                                                               ; 5       ;
; AnalyzerSpiSlave:U3_analyzer_spi|response_crc[4]                                                                                                                               ; 2       ;
; AnalyzerSpiSlave:U3_analyzer_spi|response_crc[0]                                                                                                                               ; 2       ;
; sld_hub:auto_hub|sld_jtag_hub:\jtag_hub_gen:sld_jtag_hub_inst|tdo                                                                                                              ; 1       ;
; sld_hub:auto_hub|sld_jtag_hub:\jtag_hub_gen:sld_jtag_hub_inst|jtag_ir_reg[2]                                                                                                   ; 2       ;
; sld_hub:auto_hub|sld_jtag_hub:\jtag_hub_gen:sld_jtag_hub_inst|jtag_ir_reg[1]                                                                                                   ; 3       ;
; sld_signaltap:auto_signaltap_0|sld_signaltap_impl:sld_signaltap_body|sld_signaltap_implb:sld_signaltap_body|sld_buffer_manager:sld_buffer_manager_inst|modified_post_count[1]  ; 1       ;
; sld_signaltap:auto_signaltap_0|sld_signaltap_impl:sld_signaltap_body|sld_signaltap_implb:sld_signaltap_body|sld_buffer_manager:sld_buffer_manager_inst|modified_post_count[2]  ; 1       ;
; sld_signaltap:auto_signaltap_0|sld_signaltap_impl:sld_signaltap_body|sld_signaltap_implb:sld_signaltap_body|sld_buffer_manager:sld_buffer_manager_inst|modified_post_count[3]  ; 1       ;
; sld_signaltap:auto_signaltap_0|sld_signaltap_impl:sld_signaltap_body|sld_signaltap_implb:sld_signaltap_body|sld_buffer_manager:sld_buffer_manager_inst|modified_post_count[4]  ; 1       ;
; sld_signaltap:auto_signaltap_0|sld_signaltap_impl:sld_signaltap_body|sld_signaltap_implb:sld_signaltap_body|sld_buffer_manager:sld_buffer_manager_inst|modified_post_count[5]  ; 1       ;
; sld_signaltap:auto_signaltap_0|sld_signaltap_impl:sld_signaltap_body|sld_signaltap_implb:sld_signaltap_body|sld_buffer_manager:sld_buffer_manager_inst|modified_post_count[6]  ; 1       ;
; sld_signaltap:auto_signaltap_0|sld_signaltap_impl:sld_signaltap_body|sld_signaltap_implb:sld_signaltap_body|sld_buffer_manager:sld_buffer_manager_inst|modified_post_count[7]  ; 1       ;
; sld_signaltap:auto_signaltap_0|sld_signaltap_impl:sld_signaltap_body|sld_signaltap_implb:sld_signaltap_body|sld_buffer_manager:sld_buffer_manager_inst|modified_post_count[8]  ; 1       ;
; sld_signaltap:auto_signaltap_0|sld_signaltap_impl:sld_signaltap_body|sld_signaltap_implb:sld_signaltap_body|sld_buffer_manager:sld_buffer_manager_inst|modified_post_count[9]  ; 1       ;
; sld_signaltap:auto_signaltap_0|sld_signaltap_impl:sld_signaltap_body|sld_signaltap_implb:sld_signaltap_body|sld_buffer_manager:sld_buffer_manager_inst|modified_post_count[10] ; 1       ;
; sld_signaltap:auto_signaltap_0|sld_signaltap_impl:sld_signaltap_body|sld_signaltap_implb:sld_signaltap_body|sld_buffer_manager:sld_buffer_manager_inst|modified_post_count[11] ; 1       ;
; sld_signaltap:auto_signaltap_0|sld_signaltap_impl:sld_signaltap_body|sld_signaltap_implb:sld_signaltap_body|sld_buffer_manager:sld_buffer_manager_inst|modified_post_count[12] ; 1       ;
; sld_signaltap:auto_signaltap_0|sld_signaltap_impl:sld_signaltap_body|sld_signaltap_implb:sld_signaltap_body|trigger_out_mode_ff                                                ; 2       ;
; sld_signaltap:auto_signaltap_0|sld_signaltap_impl:sld_signaltap_body|sld_signaltap_implb:sld_signaltap_body|sld_buffer_manager:sld_buffer_manager_inst|modified_post_count[0]  ; 1       ;
; Total number of inverted registers = 67                                                                                                                                        ;         ;
+--------------------------------------------------------------------------------------------------------------------------------------------------------------------------------+---------+


+-----------------------------------------------------------------------------------------------------------------------------------------------------------------------------------------+
; Multiplexer Restructuring Statistics (Restructuring Performed)                                                                                                                          ;
+--------------------+-----------+---------------+----------------------+------------------------+------------+---------------------------------------------------------------------------+
; Multiplexer Inputs ; Bus Width ; Baseline Area ; Area if Restructured ; Saving if Restructured ; Registered ; Example Multiplexer Output                                                ;
+--------------------+-----------+---------------+----------------------+------------------------+------------+---------------------------------------------------------------------------+
; 3:1                ; 24 bits   ; 48 LEs        ; 24 LEs               ; 24 LEs                 ; Yes        ; |DAC904_WriteTEST|Ad9233SpiInit:U1_ad9233_spi_init|startup_count[16]      ;
; 4:1                ; 32 bits   ; 64 LEs        ; 32 LEs               ; 32 LEs                 ; Yes        ; |DAC904_WriteTEST|Ad9233FrameCapture:U2_frame_capture|otr_count[24]       ;
; 4:1                ; 4 bits    ; 8 LEs         ; 4 LEs                ; 4 LEs                  ; Yes        ; |DAC904_WriteTEST|Ad9233FrameCapture:U2_frame_capture|decimation_count[3] ;
; 4:1                ; 4 bits    ; 8 LEs         ; 8 LEs                ; 0 LEs                  ; Yes        ; |DAC904_WriteTEST|AnalyzerSpiSlave:U3_analyzer_spi|tx_bits_remaining[2]   ;
; 5:1                ; 12 bits   ; 36 LEs        ; 12 LEs               ; 24 LEs                 ; Yes        ; |DAC904_WriteTEST|Ad9233FrameCapture:U2_frame_capture|write_address[9]    ;
; 5:1                ; 13 bits   ; 39 LEs        ; 13 LEs               ; 26 LEs                 ; Yes        ; |DAC904_WriteTEST|AnalyzerSpiSlave:U3_analyzer_spi|response_word_index[2] ;
; 5:1                ; 15 bits   ; 45 LEs        ; 30 LEs               ; 15 LEs                 ; Yes        ; |DAC904_WriteTEST|AnalyzerSpiSlave:U3_analyzer_spi|tx_shift[13]           ;
; 4:1                ; 8 bits    ; 16 LEs        ; 8 LEs                ; 8 LEs                  ; Yes        ; |DAC904_WriteTEST|Ad9233SpiInit:U1_ad9233_spi_init|half_count[7]          ;
; 5:1                ; 9 bits    ; 27 LEs        ; 9 LEs                ; 18 LEs                 ; Yes        ; |DAC904_WriteTEST|Ad9233SpiInit:U1_ad9233_spi_init|shift_data[6]          ;
; 4:1                ; 16 bits   ; 32 LEs        ; 16 LEs               ; 16 LEs                 ; Yes        ; |DAC904_WriteTEST|AnalyzerSpiSlave:U3_analyzer_spi|request_crc[5]         ;
; 5:1                ; 4 bits    ; 12 LEs        ; 4 LEs                ; 8 LEs                  ; Yes        ; |DAC904_WriteTEST|Ad9233SpiInit:U1_ad9233_spi_init|bit_index[0]           ;
; 6:1                ; 12 bits   ; 48 LEs        ; 12 LEs               ; 36 LEs                 ; Yes        ; |DAC904_WriteTEST|AnalyzerSpiSlave:U3_analyzer_spi|ram_read_address[10]   ;
; 6:1                ; 16 bits   ; 64 LEs        ; 16 LEs               ; 48 LEs                 ; Yes        ; |DAC904_WriteTEST|AnalyzerSpiSlave:U3_analyzer_spi|response_crc[5]        ;
; 3:1                ; 4 bits    ; 8 LEs         ; 4 LEs                ; 4 LEs                  ; No         ; |DAC904_WriteTEST|AnalyzerSpiSlave:U3_analyzer_spi|request_word_index     ;
; 3:1                ; 14 bits   ; 28 LEs        ; 14 LEs               ; 14 LEs                 ; No         ; |DAC904_WriteTEST|Ad9233SpiInit:U1_ad9233_spi_init|shift_data             ;
; 18:1               ; 10 bits   ; 120 LEs       ; 70 LEs               ; 50 LEs                 ; No         ; |DAC904_WriteTEST|AnalyzerSpiSlave:U3_analyzer_spi|next_word              ;
; 18:1               ; 6 bits    ; 72 LEs        ; 42 LEs               ; 30 LEs                 ; No         ; |DAC904_WriteTEST|AnalyzerSpiSlave:U3_analyzer_spi|next_word              ;
; 8:1                ; 2 bits    ; 10 LEs        ; 6 LEs                ; 4 LEs                  ; No         ; |DAC904_WriteTEST|Ad9233SpiInit:U1_ad9233_spi_init|Selector11             ;
+--------------------+-----------+---------------+----------------------+------------------------+------------+---------------------------------------------------------------------------+


+------------------------------------------------------------------------------------------------------------------+
; Source assignments for Ad9233FrameCapture:U2_frame_capture|altsyncram:capture_ram|altsyncram_bl51:auto_generated ;
+---------------------------------+--------------------+------+----------------------------------------------------+
; Assignment                      ; Value              ; From ; To                                                 ;
+---------------------------------+--------------------+------+----------------------------------------------------+
; OPTIMIZE_POWER_DURING_SYNTHESIS ; NORMAL_COMPILATION ; -    ; -                                                  ;
+---------------------------------+--------------------+------+----------------------------------------------------+


+----------------------------------------------------------------------------------------------------+
; Parameter Settings for User Entity Instance: Ad9233Pll25:U0_adc_pll25_inst|altpll:altpll_component ;
+-------------------------------+-------------------------------+------------------------------------+
; Parameter Name                ; Value                         ; Type                               ;
+-------------------------------+-------------------------------+------------------------------------+
; OPERATION_MODE                ; NORMAL                        ; Untyped                            ;
; PLL_TYPE                      ; AUTO                          ; Untyped                            ;
; LPM_HINT                      ; CBX_MODULE_PREFIX=Ad9233Pll25 ; Untyped                            ;
; QUALIFY_CONF_DONE             ; OFF                           ; Untyped                            ;
; COMPENSATE_CLOCK              ; CLK0                          ; Untyped                            ;
; SCAN_CHAIN                    ; LONG                          ; Untyped                            ;
; PRIMARY_CLOCK                 ; INCLK0                        ; Untyped                            ;
; INCLK0_INPUT_FREQUENCY        ; 20000                         ; Signed Integer                     ;
; INCLK1_INPUT_FREQUENCY        ; 0                             ; Untyped                            ;
; GATE_LOCK_SIGNAL              ; NO                            ; Untyped                            ;
; GATE_LOCK_COUNTER             ; 0                             ; Untyped                            ;
; LOCK_HIGH                     ; 1                             ; Untyped                            ;
; LOCK_LOW                      ; 1                             ; Untyped                            ;
; VALID_LOCK_MULTIPLIER         ; 1                             ; Untyped                            ;
; INVALID_LOCK_MULTIPLIER       ; 5                             ; Untyped                            ;
; SWITCH_OVER_ON_LOSSCLK        ; OFF                           ; Untyped                            ;
; SWITCH_OVER_ON_GATED_LOCK     ; OFF                           ; Untyped                            ;
; ENABLE_SWITCH_OVER_COUNTER    ; OFF                           ; Untyped                            ;
; SKIP_VCO                      ; OFF                           ; Untyped                            ;
; SWITCH_OVER_COUNTER           ; 0                             ; Untyped                            ;
; SWITCH_OVER_TYPE              ; AUTO                          ; Untyped                            ;
; FEEDBACK_SOURCE               ; EXTCLK0                       ; Untyped                            ;
; BANDWIDTH                     ; 0                             ; Untyped                            ;
; BANDWIDTH_TYPE                ; AUTO                          ; Untyped                            ;
; SPREAD_FREQUENCY              ; 0                             ; Untyped                            ;
; DOWN_SPREAD                   ; 0                             ; Untyped                            ;
; SELF_RESET_ON_GATED_LOSS_LOCK ; OFF                           ; Untyped                            ;
; SELF_RESET_ON_LOSS_LOCK       ; OFF                           ; Untyped                            ;
; CLK9_MULTIPLY_BY              ; 0                             ; Untyped                            ;
; CLK8_MULTIPLY_BY              ; 0                             ; Untyped                            ;
; CLK7_MULTIPLY_BY              ; 0                             ; Untyped                            ;
; CLK6_MULTIPLY_BY              ; 0                             ; Untyped                            ;
; CLK5_MULTIPLY_BY              ; 1                             ; Untyped                            ;
; CLK4_MULTIPLY_BY              ; 1                             ; Untyped                            ;
; CLK3_MULTIPLY_BY              ; 1                             ; Untyped                            ;
; CLK2_MULTIPLY_BY              ; 1                             ; Untyped                            ;
; CLK1_MULTIPLY_BY              ; 1                             ; Untyped                            ;
; CLK0_MULTIPLY_BY              ; 1                             ; Signed Integer                     ;
; CLK9_DIVIDE_BY                ; 0                             ; Untyped                            ;
; CLK8_DIVIDE_BY                ; 0                             ; Untyped                            ;
; CLK7_DIVIDE_BY                ; 0                             ; Untyped                            ;
; CLK6_DIVIDE_BY                ; 0                             ; Untyped                            ;
; CLK5_DIVIDE_BY                ; 1                             ; Untyped                            ;
; CLK4_DIVIDE_BY                ; 1                             ; Untyped                            ;
; CLK3_DIVIDE_BY                ; 1                             ; Untyped                            ;
; CLK2_DIVIDE_BY                ; 1                             ; Untyped                            ;
; CLK1_DIVIDE_BY                ; 1                             ; Untyped                            ;
; CLK0_DIVIDE_BY                ; 2                             ; Signed Integer                     ;
; CLK9_PHASE_SHIFT              ; 0                             ; Untyped                            ;
; CLK8_PHASE_SHIFT              ; 0                             ; Untyped                            ;
; CLK7_PHASE_SHIFT              ; 0                             ; Untyped                            ;
; CLK6_PHASE_SHIFT              ; 0                             ; Untyped                            ;
; CLK5_PHASE_SHIFT              ; 0                             ; Untyped                            ;
; CLK4_PHASE_SHIFT              ; 0                             ; Untyped                            ;
; CLK3_PHASE_SHIFT              ; 0                             ; Untyped                            ;
; CLK2_PHASE_SHIFT              ; 0                             ; Untyped                            ;
; CLK1_PHASE_SHIFT              ; 0                             ; Untyped                            ;
; CLK0_PHASE_SHIFT              ; 0                             ; Untyped                            ;
; CLK5_TIME_DELAY               ; 0                             ; Untyped                            ;
; CLK4_TIME_DELAY               ; 0                             ; Untyped                            ;
; CLK3_TIME_DELAY               ; 0                             ; Untyped                            ;
; CLK2_TIME_DELAY               ; 0                             ; Untyped                            ;
; CLK1_TIME_DELAY               ; 0                             ; Untyped                            ;
; CLK0_TIME_DELAY               ; 0                             ; Untyped                            ;
; CLK9_DUTY_CYCLE               ; 50                            ; Untyped                            ;
; CLK8_DUTY_CYCLE               ; 50                            ; Untyped                            ;
; CLK7_DUTY_CYCLE               ; 50                            ; Untyped                            ;
; CLK6_DUTY_CYCLE               ; 50                            ; Untyped                            ;
; CLK5_DUTY_CYCLE               ; 50                            ; Untyped                            ;
; CLK4_DUTY_CYCLE               ; 50                            ; Untyped                            ;
; CLK3_DUTY_CYCLE               ; 50                            ; Untyped                            ;
; CLK2_DUTY_CYCLE               ; 50                            ; Untyped                            ;
; CLK1_DUTY_CYCLE               ; 50                            ; Untyped                            ;
; CLK0_DUTY_CYCLE               ; 50                            ; Signed Integer                     ;
; CLK9_USE_EVEN_COUNTER_MODE    ; OFF                           ; Untyped                            ;
; CLK8_USE_EVEN_COUNTER_MODE    ; OFF                           ; Untyped                            ;
; CLK7_USE_EVEN_COUNTER_MODE    ; OFF                           ; Untyped                            ;
; CLK6_USE_EVEN_COUNTER_MODE    ; OFF                           ; Untyped                            ;
; CLK5_USE_EVEN_COUNTER_MODE    ; OFF                           ; Untyped                            ;
; CLK4_USE_EVEN_COUNTER_MODE    ; OFF                           ; Untyped                            ;
; CLK3_USE_EVEN_COUNTER_MODE    ; OFF                           ; Untyped                            ;
; CLK2_USE_EVEN_COUNTER_MODE    ; OFF                           ; Untyped                            ;
; CLK1_USE_EVEN_COUNTER_MODE    ; OFF                           ; Untyped                            ;
; CLK0_USE_EVEN_COUNTER_MODE    ; OFF                           ; Untyped                            ;
; CLK9_USE_EVEN_COUNTER_VALUE   ; OFF                           ; Untyped                            ;
; CLK8_USE_EVEN_COUNTER_VALUE   ; OFF                           ; Untyped                            ;
; CLK7_USE_EVEN_COUNTER_VALUE   ; OFF                           ; Untyped                            ;
; CLK6_USE_EVEN_COUNTER_VALUE   ; OFF                           ; Untyped                            ;
; CLK5_USE_EVEN_COUNTER_VALUE   ; OFF                           ; Untyped                            ;
; CLK4_USE_EVEN_COUNTER_VALUE   ; OFF                           ; Untyped                            ;
; CLK3_USE_EVEN_COUNTER_VALUE   ; OFF                           ; Untyped                            ;
; CLK2_USE_EVEN_COUNTER_VALUE   ; OFF                           ; Untyped                            ;
; CLK1_USE_EVEN_COUNTER_VALUE   ; OFF                           ; Untyped                            ;
; CLK0_USE_EVEN_COUNTER_VALUE   ; OFF                           ; Untyped                            ;
; LOCK_WINDOW_UI                ;  0.05                         ; Untyped                            ;
; LOCK_WINDOW_UI_BITS           ; UNUSED                        ; Untyped                            ;
; VCO_RANGE_DETECTOR_LOW_BITS   ; UNUSED                        ; Untyped                            ;
; VCO_RANGE_DETECTOR_HIGH_BITS  ; UNUSED                        ; Untyped                            ;
; DPA_MULTIPLY_BY               ; 0                             ; Untyped                            ;
; DPA_DIVIDE_BY                 ; 1                             ; Untyped                            ;
; DPA_DIVIDER                   ; 0                             ; Untyped                            ;
; EXTCLK3_MULTIPLY_BY           ; 1                             ; Untyped                            ;
; EXTCLK2_MULTIPLY_BY           ; 1                             ; Untyped                            ;
; EXTCLK1_MULTIPLY_BY           ; 1                             ; Untyped                            ;
; EXTCLK0_MULTIPLY_BY           ; 1                             ; Untyped                            ;
; EXTCLK3_DIVIDE_BY             ; 1                             ; Untyped                            ;
; EXTCLK2_DIVIDE_BY             ; 1                             ; Untyped                            ;
; EXTCLK1_DIVIDE_BY             ; 1                             ; Untyped                            ;
; EXTCLK0_DIVIDE_BY             ; 1                             ; Untyped                            ;
; EXTCLK3_PHASE_SHIFT           ; 0                             ; Untyped                            ;
; EXTCLK2_PHASE_SHIFT           ; 0                             ; Untyped                            ;
; EXTCLK1_PHASE_SHIFT           ; 0                             ; Untyped                            ;
; EXTCLK0_PHASE_SHIFT           ; 0                             ; Untyped                            ;
; EXTCLK3_TIME_DELAY            ; 0                             ; Untyped                            ;
; EXTCLK2_TIME_DELAY            ; 0                             ; Untyped                            ;
; EXTCLK1_TIME_DELAY            ; 0                             ; Untyped                            ;
; EXTCLK0_TIME_DELAY            ; 0                             ; Untyped                            ;
; EXTCLK3_DUTY_CYCLE            ; 50                            ; Untyped                            ;
; EXTCLK2_DUTY_CYCLE            ; 50                            ; Untyped                            ;
; EXTCLK1_DUTY_CYCLE            ; 50                            ; Untyped                            ;
; EXTCLK0_DUTY_CYCLE            ; 50                            ; Untyped                            ;
; VCO_MULTIPLY_BY               ; 0                             ; Untyped                            ;
; VCO_DIVIDE_BY                 ; 0                             ; Untyped                            ;
; SCLKOUT0_PHASE_SHIFT          ; 0                             ; Untyped                            ;
; SCLKOUT1_PHASE_SHIFT          ; 0                             ; Untyped                            ;
; VCO_MIN                       ; 0                             ; Untyped                            ;
; VCO_MAX                       ; 0                             ; Untyped                            ;
; VCO_CENTER                    ; 0                             ; Untyped                            ;
; PFD_MIN                       ; 0                             ; Untyped                            ;
; PFD_MAX                       ; 0                             ; Untyped                            ;
; M_INITIAL                     ; 0                             ; Untyped                            ;
; M                             ; 0                             ; Untyped                            ;
; N                             ; 1                             ; Untyped                            ;
; M2                            ; 1                             ; Untyped                            ;
; N2                            ; 1                             ; Untyped                            ;
; SS                            ; 1                             ; Untyped                            ;
; C0_HIGH                       ; 0                             ; Untyped                            ;
; C1_HIGH                       ; 0                             ; Untyped                            ;
; C2_HIGH                       ; 0                             ; Untyped                            ;
; C3_HIGH                       ; 0                             ; Untyped                            ;
; C4_HIGH                       ; 0                             ; Untyped                            ;
; C5_HIGH                       ; 0                             ; Untyped                            ;
; C6_HIGH                       ; 0                             ; Untyped                            ;
; C7_HIGH                       ; 0                             ; Untyped                            ;
; C8_HIGH                       ; 0                             ; Untyped                            ;
; C9_HIGH                       ; 0                             ; Untyped                            ;
; C0_LOW                        ; 0                             ; Untyped                            ;
; C1_LOW                        ; 0                             ; Untyped                            ;
; C2_LOW                        ; 0                             ; Untyped                            ;
; C3_LOW                        ; 0                             ; Untyped                            ;
; C4_LOW                        ; 0                             ; Untyped                            ;
; C5_LOW                        ; 0                             ; Untyped                            ;
; C6_LOW                        ; 0                             ; Untyped                            ;
; C7_LOW                        ; 0                             ; Untyped                            ;
; C8_LOW                        ; 0                             ; Untyped                            ;
; C9_LOW                        ; 0                             ; Untyped                            ;
; C0_INITIAL                    ; 0                             ; Untyped                            ;
; C1_INITIAL                    ; 0                             ; Untyped                            ;
; C2_INITIAL                    ; 0                             ; Untyped                            ;
; C3_INITIAL                    ; 0                             ; Untyped                            ;
; C4_INITIAL                    ; 0                             ; Untyped                            ;
; C5_INITIAL                    ; 0                             ; Untyped                            ;
; C6_INITIAL                    ; 0                             ; Untyped                            ;
; C7_INITIAL                    ; 0                             ; Untyped                            ;
; C8_INITIAL                    ; 0                             ; Untyped                            ;
; C9_INITIAL                    ; 0                             ; Untyped                            ;
; C0_MODE                       ; BYPASS                        ; Untyped                            ;
; C1_MODE                       ; BYPASS                        ; Untyped                            ;
; C2_MODE                       ; BYPASS                        ; Untyped                            ;
; C3_MODE                       ; BYPASS                        ; Untyped                            ;
; C4_MODE                       ; BYPASS                        ; Untyped                            ;
; C5_MODE                       ; BYPASS                        ; Untyped                            ;
; C6_MODE                       ; BYPASS                        ; Untyped                            ;
; C7_MODE                       ; BYPASS                        ; Untyped                            ;
; C8_MODE                       ; BYPASS                        ; Untyped                            ;
; C9_MODE                       ; BYPASS                        ; Untyped                            ;
; C0_PH                         ; 0                             ; Untyped                            ;
; C1_PH                         ; 0                             ; Untyped                            ;
; C2_PH                         ; 0                             ; Untyped                            ;
; C3_PH                         ; 0                             ; Untyped                            ;
; C4_PH                         ; 0                             ; Untyped                            ;
; C5_PH                         ; 0                             ; Untyped                            ;
; C6_PH                         ; 0                             ; Untyped                            ;
; C7_PH                         ; 0                             ; Untyped                            ;
; C8_PH                         ; 0                             ; Untyped                            ;
; C9_PH                         ; 0                             ; Untyped                            ;
; L0_HIGH                       ; 1                             ; Untyped                            ;
; L1_HIGH                       ; 1                             ; Untyped                            ;
; G0_HIGH                       ; 1                             ; Untyped                            ;
; G1_HIGH                       ; 1                             ; Untyped                            ;
; G2_HIGH                       ; 1                             ; Untyped                            ;
; G3_HIGH                       ; 1                             ; Untyped                            ;
; E0_HIGH                       ; 1                             ; Untyped                            ;
; E1_HIGH                       ; 1                             ; Untyped                            ;
; E2_HIGH                       ; 1                             ; Untyped                            ;
; E3_HIGH                       ; 1                             ; Untyped                            ;
; L0_LOW                        ; 1                             ; Untyped                            ;
; L1_LOW                        ; 1                             ; Untyped                            ;
; G0_LOW                        ; 1                             ; Untyped                            ;
; G1_LOW                        ; 1                             ; Untyped                            ;
; G2_LOW                        ; 1                             ; Untyped                            ;
; G3_LOW                        ; 1                             ; Untyped                            ;
; E0_LOW                        ; 1                             ; Untyped                            ;
; E1_LOW                        ; 1                             ; Untyped                            ;
; E2_LOW                        ; 1                             ; Untyped                            ;
; E3_LOW                        ; 1                             ; Untyped                            ;
; L0_INITIAL                    ; 1                             ; Untyped                            ;
; L1_INITIAL                    ; 1                             ; Untyped                            ;
; G0_INITIAL                    ; 1                             ; Untyped                            ;
; G1_INITIAL                    ; 1                             ; Untyped                            ;
; G2_INITIAL                    ; 1                             ; Untyped                            ;
; G3_INITIAL                    ; 1                             ; Untyped                            ;
; E0_INITIAL                    ; 1                             ; Untyped                            ;
; E1_INITIAL                    ; 1                             ; Untyped                            ;
; E2_INITIAL                    ; 1                             ; Untyped                            ;
; E3_INITIAL                    ; 1                             ; Untyped                            ;
; L0_MODE                       ; BYPASS                        ; Untyped                            ;
; L1_MODE                       ; BYPASS                        ; Untyped                            ;
; G0_MODE                       ; BYPASS                        ; Untyped                            ;
; G1_MODE                       ; BYPASS                        ; Untyped                            ;
; G2_MODE                       ; BYPASS                        ; Untyped                            ;
; G3_MODE                       ; BYPASS                        ; Untyped                            ;
; E0_MODE                       ; BYPASS                        ; Untyped                            ;
; E1_MODE                       ; BYPASS                        ; Untyped                            ;
; E2_MODE                       ; BYPASS                        ; Untyped                            ;
; E3_MODE                       ; BYPASS                        ; Untyped                            ;
; L0_PH                         ; 0                             ; Untyped                            ;
; L1_PH                         ; 0                             ; Untyped                            ;
; G0_PH                         ; 0                             ; Untyped                            ;
; G1_PH                         ; 0                             ; Untyped                            ;
; G2_PH                         ; 0                             ; Untyped                            ;
; G3_PH                         ; 0                             ; Untyped                            ;
; E0_PH                         ; 0                             ; Untyped                            ;
; E1_PH                         ; 0                             ; Untyped                            ;
; E2_PH                         ; 0                             ; Untyped                            ;
; E3_PH                         ; 0                             ; Untyped                            ;
; M_PH                          ; 0                             ; Untyped                            ;
; C1_USE_CASC_IN                ; OFF                           ; Untyped                            ;
; C2_USE_CASC_IN                ; OFF                           ; Untyped                            ;
; C3_USE_CASC_IN                ; OFF                           ; Untyped                            ;
; C4_USE_CASC_IN                ; OFF                           ; Untyped                            ;
; C5_USE_CASC_IN                ; OFF                           ; Untyped                            ;
; C6_USE_CASC_IN                ; OFF                           ; Untyped                            ;
; C7_USE_CASC_IN                ; OFF                           ; Untyped                            ;
; C8_USE_CASC_IN                ; OFF                           ; Untyped                            ;
; C9_USE_CASC_IN                ; OFF                           ; Untyped                            ;
; CLK0_COUNTER                  ; G0                            ; Untyped                            ;
; CLK1_COUNTER                  ; G0                            ; Untyped                            ;
; CLK2_COUNTER                  ; G0                            ; Untyped                            ;
; CLK3_COUNTER                  ; G0                            ; Untyped                            ;
; CLK4_COUNTER                  ; G0                            ; Untyped                            ;
; CLK5_COUNTER                  ; G0                            ; Untyped                            ;
; CLK6_COUNTER                  ; E0                            ; Untyped                            ;
; CLK7_COUNTER                  ; E1                            ; Untyped                            ;
; CLK8_COUNTER                  ; E2                            ; Untyped                            ;
; CLK9_COUNTER                  ; E3                            ; Untyped                            ;
; L0_TIME_DELAY                 ; 0                             ; Untyped                            ;
; L1_TIME_DELAY                 ; 0                             ; Untyped                            ;
; G0_TIME_DELAY                 ; 0                             ; Untyped                            ;
; G1_TIME_DELAY                 ; 0                             ; Untyped                            ;
; G2_TIME_DELAY                 ; 0                             ; Untyped                            ;
; G3_TIME_DELAY                 ; 0                             ; Untyped                            ;
; E0_TIME_DELAY                 ; 0                             ; Untyped                            ;
; E1_TIME_DELAY                 ; 0                             ; Untyped                            ;
; E2_TIME_DELAY                 ; 0                             ; Untyped                            ;
; E3_TIME_DELAY                 ; 0                             ; Untyped                            ;
; M_TIME_DELAY                  ; 0                             ; Untyped                            ;
; N_TIME_DELAY                  ; 0                             ; Untyped                            ;
; EXTCLK3_COUNTER               ; E3                            ; Untyped                            ;
; EXTCLK2_COUNTER               ; E2                            ; Untyped                            ;
; EXTCLK1_COUNTER               ; E1                            ; Untyped                            ;
; EXTCLK0_COUNTER               ; E0                            ; Untyped                            ;
; ENABLE0_COUNTER               ; L0                            ; Untyped                            ;
; ENABLE1_COUNTER               ; L0                            ; Untyped                            ;
; CHARGE_PUMP_CURRENT           ; 2                             ; Untyped                            ;
; LOOP_FILTER_R                 ;  1.000000                     ; Untyped                            ;
; LOOP_FILTER_C                 ; 5                             ; Untyped                            ;
; CHARGE_PUMP_CURRENT_BITS      ; 9999                          ; Untyped                            ;
; LOOP_FILTER_R_BITS            ; 9999                          ; Untyped                            ;
; LOOP_FILTER_C_BITS            ; 9999                          ; Untyped                            ;
; VCO_POST_SCALE                ; 0                             ; Untyped                            ;
; CLK2_OUTPUT_FREQUENCY         ; 0                             ; Untyped                            ;
; CLK1_OUTPUT_FREQUENCY         ; 0                             ; Untyped                            ;
; CLK0_OUTPUT_FREQUENCY         ; 0                             ; Untyped                            ;
; INTENDED_DEVICE_FAMILY        ; Cyclone IV E                  ; Untyped                            ;
; PORT_CLKENA0                  ; PORT_CONNECTIVITY             ; Untyped                            ;
; PORT_CLKENA1                  ; PORT_CONNECTIVITY             ; Untyped                            ;
; PORT_CLKENA2                  ; PORT_CONNECTIVITY             ; Untyped                            ;
; PORT_CLKENA3                  ; PORT_CONNECTIVITY             ; Untyped                            ;
; PORT_CLKENA4                  ; PORT_CONNECTIVITY             ; Untyped                            ;
; PORT_CLKENA5                  ; PORT_CONNECTIVITY             ; Untyped                            ;
; PORT_EXTCLKENA0               ; PORT_CONNECTIVITY             ; Untyped                            ;
; PORT_EXTCLKENA1               ; PORT_CONNECTIVITY             ; Untyped                            ;
; PORT_EXTCLKENA2               ; PORT_CONNECTIVITY             ; Untyped                            ;
; PORT_EXTCLKENA3               ; PORT_CONNECTIVITY             ; Untyped                            ;
; PORT_EXTCLK0                  ; PORT_UNUSED                   ; Untyped                            ;
; PORT_EXTCLK1                  ; PORT_UNUSED                   ; Untyped                            ;
; PORT_EXTCLK2                  ; PORT_UNUSED                   ; Untyped                            ;
; PORT_EXTCLK3                  ; PORT_UNUSED                   ; Untyped                            ;
; PORT_CLKBAD0                  ; PORT_CONNECTIVITY             ; Untyped                            ;
; PORT_CLKBAD1                  ; PORT_CONNECTIVITY             ; Untyped                            ;
; PORT_CLK0                     ; PORT_USED                     ; Untyped                            ;
; PORT_CLK1                     ; PORT_UNUSED                   ; Untyped                            ;
; PORT_CLK2                     ; PORT_UNUSED                   ; Untyped                            ;
; PORT_CLK3                     ; PORT_UNUSED                   ; Untyped                            ;
; PORT_CLK4                     ; PORT_UNUSED                   ; Untyped                            ;
; PORT_CLK5                     ; PORT_UNUSED                   ; Untyped                            ;
; PORT_CLK6                     ; PORT_UNUSED                   ; Untyped                            ;
; PORT_CLK7                     ; PORT_UNUSED                   ; Untyped                            ;
; PORT_CLK8                     ; PORT_UNUSED                   ; Untyped                            ;
; PORT_CLK9                     ; PORT_UNUSED                   ; Untyped                            ;
; PORT_SCANDATA                 ; PORT_CONNECTIVITY             ; Untyped                            ;
; PORT_SCANDATAOUT              ; PORT_CONNECTIVITY             ; Untyped                            ;
; PORT_SCANDONE                 ; PORT_CONNECTIVITY             ; Untyped                            ;
; PORT_SCLKOUT1                 ; PORT_CONNECTIVITY             ; Untyped                            ;
; PORT_SCLKOUT0                 ; PORT_CONNECTIVITY             ; Untyped                            ;
; PORT_ACTIVECLOCK              ; PORT_CONNECTIVITY             ; Untyped                            ;
; PORT_CLKLOSS                  ; PORT_CONNECTIVITY             ; Untyped                            ;
; PORT_INCLK1                   ; PORT_UNUSED                   ; Untyped                            ;
; PORT_INCLK0                   ; PORT_USED                     ; Untyped                            ;
; PORT_FBIN                     ; PORT_CONNECTIVITY             ; Untyped                            ;
; PORT_PLLENA                   ; PORT_CONNECTIVITY             ; Untyped                            ;
; PORT_CLKSWITCH                ; PORT_CONNECTIVITY             ; Untyped                            ;
; PORT_ARESET                   ; PORT_USED                     ; Untyped                            ;
; PORT_PFDENA                   ; PORT_CONNECTIVITY             ; Untyped                            ;
; PORT_SCANCLK                  ; PORT_CONNECTIVITY             ; Untyped                            ;
; PORT_SCANACLR                 ; PORT_CONNECTIVITY             ; Untyped                            ;
; PORT_SCANREAD                 ; PORT_CONNECTIVITY             ; Untyped                            ;
; PORT_SCANWRITE                ; PORT_CONNECTIVITY             ; Untyped                            ;
; PORT_ENABLE0                  ; PORT_CONNECTIVITY             ; Untyped                            ;
; PORT_ENABLE1                  ; PORT_CONNECTIVITY             ; Untyped                            ;
; PORT_LOCKED                   ; PORT_USED                     ; Untyped                            ;
; PORT_CONFIGUPDATE             ; PORT_CONNECTIVITY             ; Untyped                            ;
; PORT_FBOUT                    ; PORT_CONNECTIVITY             ; Untyped                            ;
; PORT_PHASEDONE                ; PORT_CONNECTIVITY             ; Untyped                            ;
; PORT_PHASESTEP                ; PORT_CONNECTIVITY             ; Untyped                            ;
; PORT_PHASEUPDOWN              ; PORT_CONNECTIVITY             ; Untyped                            ;
; PORT_SCANCLKENA               ; PORT_CONNECTIVITY             ; Untyped                            ;
; PORT_PHASECOUNTERSELECT       ; PORT_CONNECTIVITY             ; Untyped                            ;
; PORT_VCOOVERRANGE             ; PORT_CONNECTIVITY             ; Untyped                            ;
; PORT_VCOUNDERRANGE            ; PORT_CONNECTIVITY             ; Untyped                            ;
; M_TEST_SOURCE                 ; 5                             ; Untyped                            ;
; C0_TEST_SOURCE                ; 5                             ; Untyped                            ;
; C1_TEST_SOURCE                ; 5                             ; Untyped                            ;
; C2_TEST_SOURCE                ; 5                             ; Untyped                            ;
; C3_TEST_SOURCE                ; 5                             ; Untyped                            ;
; C4_TEST_SOURCE                ; 5                             ; Untyped                            ;
; C5_TEST_SOURCE                ; 5                             ; Untyped                            ;
; C6_TEST_SOURCE                ; 5                             ; Untyped                            ;
; C7_TEST_SOURCE                ; 5                             ; Untyped                            ;
; C8_TEST_SOURCE                ; 5                             ; Untyped                            ;
; C9_TEST_SOURCE                ; 5                             ; Untyped                            ;
; CBXI_PARAMETER                ; Ad9233Pll25_altpll            ; Untyped                            ;
; VCO_FREQUENCY_CONTROL         ; AUTO                          ; Untyped                            ;
; VCO_PHASE_SHIFT_STEP          ; 0                             ; Untyped                            ;
; WIDTH_CLOCK                   ; 5                             ; Signed Integer                     ;
; WIDTH_PHASECOUNTERSELECT      ; 4                             ; Untyped                            ;
; USING_FBMIMICBIDIR_PORT       ; OFF                           ; Untyped                            ;
; DEVICE_FAMILY                 ; Cyclone IV E                  ; Untyped                            ;
; SCAN_CHAIN_MIF_FILE           ; UNUSED                        ; Untyped                            ;
; SIM_GATE_LOCK_DEVICE_BEHAVIOR ; OFF                           ; Untyped                            ;
; AUTO_CARRY_CHAINS             ; ON                            ; AUTO_CARRY                         ;
; IGNORE_CARRY_BUFFERS          ; OFF                           ; IGNORE_CARRY                       ;
; AUTO_CASCADE_CHAINS           ; ON                            ; AUTO_CASCADE                       ;
; IGNORE_CASCADE_BUFFERS        ; OFF                           ; IGNORE_CASCADE                     ;
+-------------------------------+-------------------------------+------------------------------------+
Note: In order to hide this table in the UI and the text report file, please set the "Show Parameter Settings in Synthesis Report" option in "Analysis and Synthesis Settings -> More Settings" to "Off".


+-------------------------------------------------------------------------------+
; Parameter Settings for User Entity Instance: Ad9233SpiInit:U1_ad9233_spi_init ;
+------------------------+---------+--------------------------------------------+
; Parameter Name         ; Value   ; Type                                       ;
+------------------------+---------+--------------------------------------------+
; STARTUP_DELAY_CYCLES   ; 5000000 ; Signed Integer                             ;
; SPI_HALF_PERIOD_CYCLES ; 5       ; Signed Integer                             ;
+------------------------+---------+--------------------------------------------+
Note: In order to hide this table in the UI and the text report file, please set the "Show Parameter Settings in Synthesis Report" option in "Analysis and Synthesis Settings -> More Settings" to "Off".


+----------------------------------------------------------------------------------+
; Parameter Settings for User Entity Instance: Ad9233FrameCapture:U2_frame_capture ;
+----------------+-------+---------------------------------------------------------+
; Parameter Name ; Value ; Type                                                    ;
+----------------+-------+---------------------------------------------------------+
; DECIMATION     ; 13    ; Signed Integer                                          ;
; SAMPLE_COUNT   ; 4096  ; Signed Integer                                          ;
+----------------+-------+---------------------------------------------------------+
Note: In order to hide this table in the UI and the text report file, please set the "Show Parameter Settings in Synthesis Report" option in "Analysis and Synthesis Settings -> More Settings" to "Off".


+---------------------------------------------------------------------------------------------------------+
; Parameter Settings for User Entity Instance: Ad9233FrameCapture:U2_frame_capture|altsyncram:capture_ram ;
+------------------------------------+----------------------+---------------------------------------------+
; Parameter Name                     ; Value                ; Type                                        ;
+------------------------------------+----------------------+---------------------------------------------+
; BYTE_SIZE_BLOCK                    ; 8                    ; Untyped                                     ;
; AUTO_CARRY_CHAINS                  ; ON                   ; AUTO_CARRY                                  ;
; IGNORE_CARRY_BUFFERS               ; OFF                  ; IGNORE_CARRY                                ;
; AUTO_CASCADE_CHAINS                ; ON                   ; AUTO_CASCADE                                ;
; IGNORE_CASCADE_BUFFERS             ; OFF                  ; IGNORE_CASCADE                              ;
; WIDTH_BYTEENA                      ; 1                    ; Untyped                                     ;
; OPERATION_MODE                     ; DUAL_PORT            ; Untyped                                     ;
; WIDTH_A                            ; 12                   ; Signed Integer                              ;
; WIDTHAD_A                          ; 12                   ; Signed Integer                              ;
; NUMWORDS_A                         ; 4096                 ; Signed Integer                              ;
; OUTDATA_REG_A                      ; UNREGISTERED         ; Untyped                                     ;
; ADDRESS_ACLR_A                     ; NONE                 ; Untyped                                     ;
; OUTDATA_ACLR_A                     ; NONE                 ; Untyped                                     ;
; WRCONTROL_ACLR_A                   ; NONE                 ; Untyped                                     ;
; INDATA_ACLR_A                      ; NONE                 ; Untyped                                     ;
; BYTEENA_ACLR_A                     ; NONE                 ; Untyped                                     ;
; WIDTH_B                            ; 12                   ; Signed Integer                              ;
; WIDTHAD_B                          ; 12                   ; Signed Integer                              ;
; NUMWORDS_B                         ; 4096                 ; Signed Integer                              ;
; INDATA_REG_B                       ; CLOCK1               ; Untyped                                     ;
; WRCONTROL_WRADDRESS_REG_B          ; CLOCK1               ; Untyped                                     ;
; RDCONTROL_REG_B                    ; CLOCK1               ; Untyped                                     ;
; ADDRESS_REG_B                      ; CLOCK1               ; Untyped                                     ;
; OUTDATA_REG_B                      ; UNREGISTERED         ; Untyped                                     ;
; BYTEENA_REG_B                      ; CLOCK1               ; Untyped                                     ;
; INDATA_ACLR_B                      ; NONE                 ; Untyped                                     ;
; WRCONTROL_ACLR_B                   ; NONE                 ; Untyped                                     ;
; ADDRESS_ACLR_B                     ; NONE                 ; Untyped                                     ;
; OUTDATA_ACLR_B                     ; NONE                 ; Untyped                                     ;
; RDCONTROL_ACLR_B                   ; NONE                 ; Untyped                                     ;
; BYTEENA_ACLR_B                     ; NONE                 ; Untyped                                     ;
; WIDTH_BYTEENA_A                    ; 1                    ; Untyped                                     ;
; WIDTH_BYTEENA_B                    ; 1                    ; Untyped                                     ;
; RAM_BLOCK_TYPE                     ; M9K                  ; Untyped                                     ;
; BYTE_SIZE                          ; 8                    ; Untyped                                     ;
; READ_DURING_WRITE_MODE_MIXED_PORTS ; DONT_CARE            ; Untyped                                     ;
; READ_DURING_WRITE_MODE_PORT_A      ; NEW_DATA_NO_NBE_READ ; Untyped                                     ;
; READ_DURING_WRITE_MODE_PORT_B      ; NEW_DATA_NO_NBE_READ ; Untyped                                     ;
; INIT_FILE                          ; UNUSED               ; Untyped                                     ;
; INIT_FILE_LAYOUT                   ; PORT_A               ; Untyped                                     ;
; MAXIMUM_DEPTH                      ; 0                    ; Untyped                                     ;
; CLOCK_ENABLE_INPUT_A               ; NORMAL               ; Untyped                                     ;
; CLOCK_ENABLE_INPUT_B               ; NORMAL               ; Untyped                                     ;
; CLOCK_ENABLE_OUTPUT_A              ; NORMAL               ; Untyped                                     ;
; CLOCK_ENABLE_OUTPUT_B              ; NORMAL               ; Untyped                                     ;
; CLOCK_ENABLE_CORE_A                ; USE_INPUT_CLKEN      ; Untyped                                     ;
; CLOCK_ENABLE_CORE_B                ; USE_INPUT_CLKEN      ; Untyped                                     ;
; ENABLE_ECC                         ; FALSE                ; Untyped                                     ;
; ECC_PIPELINE_STAGE_ENABLED         ; FALSE                ; Untyped                                     ;
; WIDTH_ECCSTATUS                    ; 3                    ; Untyped                                     ;
; DEVICE_FAMILY                      ; Cyclone IV E         ; Untyped                                     ;
; CBXI_PARAMETER                     ; altsyncram_bl51      ; Untyped                                     ;
+------------------------------------+----------------------+---------------------------------------------+
Note: In order to hide this table in the UI and the text report file, please set the "Show Parameter Settings in Synthesis Report" option in "Analysis and Synthesis Settings -> More Settings" to "Off".


+-----------------------------------------------------------------------------------------------------------------------------------------------------------------------+
; Parameter Settings for Inferred Entity Instance: sld_signaltap:auto_signaltap_0                                                                                       ;
+-------------------------------------------------+----------------------------------------------------------------------------------------------------+----------------+
; Parameter Name                                  ; Value                                                                                              ; Type           ;
+-------------------------------------------------+----------------------------------------------------------------------------------------------------+----------------+
; lpm_type                                        ; sld_signaltap                                                                                      ; String         ;
; sld_node_info                                   ; 805334528                                                                                          ; Untyped        ;
; SLD_IP_VERSION                                  ; 6                                                                                                  ; Signed Integer ;
; SLD_IP_MINOR_VERSION                            ; 0                                                                                                  ; Signed Integer ;
; SLD_COMMON_IP_VERSION                           ; 0                                                                                                  ; Signed Integer ;
; sld_data_bits                                   ; 24                                                                                                 ; Untyped        ;
; sld_trigger_bits                                ; 24                                                                                                 ; Untyped        ;
; SLD_NODE_CRC_BITS                               ; 32                                                                                                 ; Signed Integer ;
; sld_node_crc_hiword                             ; 63733                                                                                              ; Untyped        ;
; sld_node_crc_loword                             ; 49956                                                                                              ; Untyped        ;
; SLD_INCREMENTAL_ROUTING                         ; 0                                                                                                  ; Signed Integer ;
; sld_sample_depth                                ; 4096                                                                                               ; Untyped        ;
; sld_segment_size                                ; 4096                                                                                               ; Untyped        ;
; sld_ram_block_type                              ; M9K                                                                                                ; Untyped        ;
; sld_state_bits                                  ; 11                                                                                                 ; Untyped        ;
; sld_buffer_full_stop                            ; 1                                                                                                  ; Untyped        ;
; SLD_MEM_ADDRESS_BITS                            ; 7                                                                                                  ; Signed Integer ;
; SLD_DATA_BIT_CNTR_BITS                          ; 4                                                                                                  ; Signed Integer ;
; sld_trigger_level                               ; 1                                                                                                  ; Untyped        ;
; sld_trigger_in_enabled                          ; 0                                                                                                  ; Untyped        ;
; SLD_HPS_TRIGGER_IN_ENABLED                      ; 0                                                                                                  ; Signed Integer ;
; SLD_HPS_TRIGGER_OUT_ENABLED                     ; 0                                                                                                  ; Signed Integer ;
; SLD_HPS_EVENT_ENABLED                           ; 0                                                                                                  ; Signed Integer ;
; SLD_HPS_EVENT_ID                                ; 0                                                                                                  ; Signed Integer ;
; sld_advanced_trigger_entity                     ; basic,1,                                                                                           ; Untyped        ;
; sld_trigger_level_pipeline                      ; 1                                                                                                  ; Untyped        ;
; sld_enable_advanced_trigger                     ; 0                                                                                                  ; Untyped        ;
; SLD_ADVANCED_TRIGGER_1                          ; NONE                                                                                               ; String         ;
; SLD_ADVANCED_TRIGGER_2                          ; NONE                                                                                               ; String         ;
; SLD_ADVANCED_TRIGGER_3                          ; NONE                                                                                               ; String         ;
; SLD_ADVANCED_TRIGGER_4                          ; NONE                                                                                               ; String         ;
; SLD_ADVANCED_TRIGGER_5                          ; NONE                                                                                               ; String         ;
; SLD_ADVANCED_TRIGGER_6                          ; NONE                                                                                               ; String         ;
; SLD_ADVANCED_TRIGGER_7                          ; NONE                                                                                               ; String         ;
; SLD_ADVANCED_TRIGGER_8                          ; NONE                                                                                               ; String         ;
; SLD_ADVANCED_TRIGGER_9                          ; NONE                                                                                               ; String         ;
; SLD_ADVANCED_TRIGGER_10                         ; NONE                                                                                               ; String         ;
; sld_inversion_mask_length                       ; 98                                                                                                 ; Untyped        ;
; sld_inversion_mask                              ; 00000000000000000000000000000000000000000000000000000000000000000000000000000000000000000000000000 ; Untyped        ;
; sld_power_up_trigger                            ; 0                                                                                                  ; Untyped        ;
; SLD_STATE_FLOW_MGR_ENTITY                       ; state_flow_mgr_entity.vhd                                                                          ; String         ;
; sld_state_flow_use_generated                    ; 0                                                                                                  ; Untyped        ;
; sld_current_resource_width                      ; 1                                                                                                  ; Untyped        ;
; sld_attribute_mem_mode                          ; OFF                                                                                                ; Untyped        ;
; SLD_STORAGE_QUALIFIER_BITS                      ; 1                                                                                                  ; Signed Integer ;
; SLD_STORAGE_QUALIFIER_GAP_RECORD                ; 0                                                                                                  ; Signed Integer ;
; SLD_STORAGE_QUALIFIER_MODE                      ; OFF                                                                                                ; String         ;
; SLD_STORAGE_QUALIFIER_ENABLE_ADVANCED_CONDITION ; 0                                                                                                  ; Signed Integer ;
; sld_storage_qualifier_inversion_mask_length     ; 0                                                                                                  ; Untyped        ;
; SLD_STORAGE_QUALIFIER_ADVANCED_CONDITION_ENTITY ; basic                                                                                              ; String         ;
; SLD_STORAGE_QUALIFIER_PIPELINE                  ; 0                                                                                                  ; Signed Integer ;
+-------------------------------------------------+----------------------------------------------------------------------------------------------------+----------------+
Note: In order to hide this table in the UI and the text report file, please set the "Show Parameter Settings in Synthesis Report" option in "Analysis and Synthesis Settings -> More Settings" to "Off".


+---------------------------------------------------------------------------------------+
; altpll Parameter Settings by Entity Instance                                          ;
+-------------------------------+-------------------------------------------------------+
; Name                          ; Value                                                 ;
+-------------------------------+-------------------------------------------------------+
; Number of entity instances    ; 1                                                     ;
; Entity Instance               ; Ad9233Pll25:U0_adc_pll25_inst|altpll:altpll_component ;
;     -- OPERATION_MODE         ; NORMAL                                                ;
;     -- PLL_TYPE               ; AUTO                                                  ;
;     -- PRIMARY_CLOCK          ; INCLK0                                                ;
;     -- INCLK0_INPUT_FREQUENCY ; 20000                                                 ;
;     -- INCLK1_INPUT_FREQUENCY ; 0                                                     ;
;     -- VCO_MULTIPLY_BY        ; 0                                                     ;
;     -- VCO_DIVIDE_BY          ; 0                                                     ;
+-------------------------------+-------------------------------------------------------+


+--------------------------------------------------------------------------------------------------------+
; altsyncram Parameter Settings by Entity Instance                                                       ;
+-------------------------------------------+------------------------------------------------------------+
; Name                                      ; Value                                                      ;
+-------------------------------------------+------------------------------------------------------------+
; Number of entity instances                ; 1                                                          ;
; Entity Instance                           ; Ad9233FrameCapture:U2_frame_capture|altsyncram:capture_ram ;
;     -- OPERATION_MODE                     ; DUAL_PORT                                                  ;
;     -- WIDTH_A                            ; 12                                                         ;
;     -- NUMWORDS_A                         ; 4096                                                       ;
;     -- OUTDATA_REG_A                      ; UNREGISTERED                                               ;
;     -- WIDTH_B                            ; 12                                                         ;
;     -- NUMWORDS_B                         ; 4096                                                       ;
;     -- ADDRESS_REG_B                      ; CLOCK1                                                     ;
;     -- OUTDATA_REG_B                      ; UNREGISTERED                                               ;
;     -- RAM_BLOCK_TYPE                     ; M9K                                                        ;
;     -- READ_DURING_WRITE_MODE_MIXED_PORTS ; DONT_CARE                                                  ;
+-------------------------------------------+------------------------------------------------------------+


+-------------------------------------------------------------------------------------------------------------------------------------------------------------------------------------------------------------------------------------------------------------------------+
; SignalTap II Logic Analyzer Settings                                                                                                                                                                                                                                    ;
+----------------+------------------+---------------------+------------------+--------------+----------+------------------------+----------------------+--------------------+-----------------------------+-----------------+------------------+--------------------------+
; Instance Index ; Instance Name    ; Trigger Input Width ; Data Input Width ; Sample Depth ; Segments ; Storage Qualifier Type ; Trigger Flow Control ; Trigger Conditions ; Advanced Trigger Conditions ; Trigger In Used ; Trigger Out Used ; Power-Up Trigger Enabled ;
+----------------+------------------+---------------------+------------------+--------------+----------+------------------------+----------------------+--------------------+-----------------------------+-----------------+------------------+--------------------------+
; 0              ; auto_signaltap_0 ; 24                  ; 24               ; 4096         ; 1        ; continuous             ; sequential           ; 1                  ; 0                           ; no              ; no               ; no                       ;
+----------------+------------------+---------------------+------------------+--------------+----------+------------------------+----------------------+--------------------+-----------------------------+-----------------+------------------+--------------------------+


+-------------------------------+
; Elapsed Time Per Partition    ;
+----------------+--------------+
; Partition Name ; Elapsed Time ;
+----------------+--------------+
; Top            ; 00:00:01     ;
+----------------+--------------+


+------------------------------------------------------------------------------------------------------------------------------------------------------+
; Connections to In-System Debugging Instance "auto_signaltap_0"                                                                                       ;
+------------------------+---------------+-----------+----------------+-------------------+--------------------------------------------------+---------+
; Name                   ; Type          ; Status    ; Partition Name ; Netlist Type Used ; Actual Connection                                ; Details ;
+------------------------+---------------+-----------+----------------+-------------------+--------------------------------------------------+---------+
; adc_debug_clk_o        ; pre-synthesis ; connected ; Top            ; post-synthesis    ; adc_dco_i                                        ; N/A     ;
; adc_debug_sample_o[0]  ; pre-synthesis ; connected ; Top            ; post-synthesis    ; adc_raw_sample[0]                                ; N/A     ;
; adc_debug_sample_o[0]  ; pre-synthesis ; connected ; Top            ; post-synthesis    ; adc_raw_sample[0]                                ; N/A     ;
; adc_debug_sample_o[10] ; pre-synthesis ; connected ; Top            ; post-synthesis    ; adc_raw_sample[10]                               ; N/A     ;
; adc_debug_sample_o[10] ; pre-synthesis ; connected ; Top            ; post-synthesis    ; adc_raw_sample[10]                               ; N/A     ;
; adc_debug_sample_o[11] ; pre-synthesis ; connected ; Top            ; post-synthesis    ; adc_raw_sample[11]                               ; N/A     ;
; adc_debug_sample_o[11] ; pre-synthesis ; connected ; Top            ; post-synthesis    ; adc_raw_sample[11]                               ; N/A     ;
; adc_debug_sample_o[1]  ; pre-synthesis ; connected ; Top            ; post-synthesis    ; adc_raw_sample[1]                                ; N/A     ;
; adc_debug_sample_o[1]  ; pre-synthesis ; connected ; Top            ; post-synthesis    ; adc_raw_sample[1]                                ; N/A     ;
; adc_debug_sample_o[2]  ; pre-synthesis ; connected ; Top            ; post-synthesis    ; adc_raw_sample[2]                                ; N/A     ;
; adc_debug_sample_o[2]  ; pre-synthesis ; connected ; Top            ; post-synthesis    ; adc_raw_sample[2]                                ; N/A     ;
; adc_debug_sample_o[3]  ; pre-synthesis ; connected ; Top            ; post-synthesis    ; adc_raw_sample[3]                                ; N/A     ;
; adc_debug_sample_o[3]  ; pre-synthesis ; connected ; Top            ; post-synthesis    ; adc_raw_sample[3]                                ; N/A     ;
; adc_debug_sample_o[4]  ; pre-synthesis ; connected ; Top            ; post-synthesis    ; adc_raw_sample[4]                                ; N/A     ;
; adc_debug_sample_o[4]  ; pre-synthesis ; connected ; Top            ; post-synthesis    ; adc_raw_sample[4]                                ; N/A     ;
; adc_debug_sample_o[5]  ; pre-synthesis ; connected ; Top            ; post-synthesis    ; adc_raw_sample[5]                                ; N/A     ;
; adc_debug_sample_o[5]  ; pre-synthesis ; connected ; Top            ; post-synthesis    ; adc_raw_sample[5]                                ; N/A     ;
; adc_debug_sample_o[6]  ; pre-synthesis ; connected ; Top            ; post-synthesis    ; adc_raw_sample[6]                                ; N/A     ;
; adc_debug_sample_o[6]  ; pre-synthesis ; connected ; Top            ; post-synthesis    ; adc_raw_sample[6]                                ; N/A     ;
; adc_debug_sample_o[7]  ; pre-synthesis ; connected ; Top            ; post-synthesis    ; adc_raw_sample[7]                                ; N/A     ;
; adc_debug_sample_o[7]  ; pre-synthesis ; connected ; Top            ; post-synthesis    ; adc_raw_sample[7]                                ; N/A     ;
; adc_debug_sample_o[8]  ; pre-synthesis ; connected ; Top            ; post-synthesis    ; adc_raw_sample[8]                                ; N/A     ;
; adc_debug_sample_o[8]  ; pre-synthesis ; connected ; Top            ; post-synthesis    ; adc_raw_sample[8]                                ; N/A     ;
; adc_debug_sample_o[9]  ; pre-synthesis ; connected ; Top            ; post-synthesis    ; adc_raw_sample[9]                                ; N/A     ;
; adc_debug_sample_o[9]  ; pre-synthesis ; connected ; Top            ; post-synthesis    ; adc_raw_sample[9]                                ; N/A     ;
; adc_debug_status_o[0]  ; pre-synthesis ; connected ; Top            ; post-synthesis    ; ~VCC                                             ; N/A     ;
; adc_debug_status_o[0]  ; pre-synthesis ; connected ; Top            ; post-synthesis    ; ~VCC                                             ; N/A     ;
; adc_debug_status_o[10] ; pre-synthesis ; connected ; Top            ; post-synthesis    ; Ad9233FrameCapture:U2_frame_capture|capture_busy ; N/A     ;
; adc_debug_status_o[10] ; pre-synthesis ; connected ; Top            ; post-synthesis    ; Ad9233FrameCapture:U2_frame_capture|capture_busy ; N/A     ;
; adc_debug_status_o[11] ; pre-synthesis ; connected ; Top            ; post-synthesis    ; Ad9233FrameCapture:U2_frame_capture|frame_ready  ; N/A     ;
; adc_debug_status_o[11] ; pre-synthesis ; connected ; Top            ; post-synthesis    ; Ad9233FrameCapture:U2_frame_capture|frame_ready  ; N/A     ;
; adc_debug_status_o[1]  ; pre-synthesis ; connected ; Top            ; post-synthesis    ; adc_raw_otr                                      ; N/A     ;
; adc_debug_status_o[1]  ; pre-synthesis ; connected ; Top            ; post-synthesis    ; adc_raw_otr                                      ; N/A     ;
; adc_debug_status_o[2]  ; pre-synthesis ; connected ; Top            ; post-synthesis    ; adc_cfg_done_dco_sync[1]                         ; N/A     ;
; adc_debug_status_o[2]  ; pre-synthesis ; connected ; Top            ; post-synthesis    ; adc_cfg_done_dco_sync[1]                         ; N/A     ;
; adc_debug_status_o[3]  ; pre-synthesis ; connected ; Top            ; post-synthesis    ; adc_pll_locked_dco_sync[1]                       ; N/A     ;
; adc_debug_status_o[3]  ; pre-synthesis ; connected ; Top            ; post-synthesis    ; adc_pll_locked_dco_sync[1]                       ; N/A     ;
; adc_debug_status_o[4]  ; pre-synthesis ; connected ; Top            ; post-synthesis    ; ~GND                                             ; N/A     ;
; adc_debug_status_o[4]  ; pre-synthesis ; connected ; Top            ; post-synthesis    ; ~GND                                             ; N/A     ;
; adc_debug_status_o[5]  ; pre-synthesis ; connected ; Top            ; post-synthesis    ; ~GND                                             ; N/A     ;
; adc_debug_status_o[5]  ; pre-synthesis ; connected ; Top            ; post-synthesis    ; ~GND                                             ; N/A     ;
; adc_debug_status_o[6]  ; pre-synthesis ; connected ; Top            ; post-synthesis    ; ~GND                                             ; N/A     ;
; adc_debug_status_o[6]  ; pre-synthesis ; connected ; Top            ; post-synthesis    ; ~GND                                             ; N/A     ;
; adc_debug_status_o[7]  ; pre-synthesis ; connected ; Top            ; post-synthesis    ; ~GND                                             ; N/A     ;
; adc_debug_status_o[7]  ; pre-synthesis ; connected ; Top            ; post-synthesis    ; ~GND                                             ; N/A     ;
; adc_debug_status_o[8]  ; pre-synthesis ; connected ; Top            ; post-synthesis    ; ~GND                                             ; N/A     ;
; adc_debug_status_o[8]  ; pre-synthesis ; connected ; Top            ; post-synthesis    ; ~GND                                             ; N/A     ;
; adc_debug_status_o[9]  ; pre-synthesis ; connected ; Top            ; post-synthesis    ; Equal0~4_wirecell                                ; N/A     ;
; adc_debug_status_o[9]  ; pre-synthesis ; connected ; Top            ; post-synthesis    ; Equal0~4_wirecell                                ; N/A     ;
+------------------------+---------------+-----------+----------------+-------------------+--------------------------------------------------+---------+


+-------------------------------+
; Analysis & Synthesis Messages ;
+-------------------------------+
Info: *******************************************************************
Info: Running Quartus II 64-Bit Analysis & Synthesis
    Info: Version 13.1.0 Build 162 10/23/2013 SJ Full Version
    Info: Processing started: Thu Jul 30 21:23:17 2026
Info: Command: quartus_map --read_settings_files=on --write_settings_files=off DAC904_HighSpeedDAC -c DAC904_HighSpeedDAC
Info (11104): Parallel Compilation has detected 20 hyper-threaded processors. However, the extra hyper-threaded processors will not be used by default. Parallel Compilation will use 14 of the 14 physical processors detected instead.
Info (12021): Found 1 design units, including 1 entities, in source file /users/15256/desktop/project/fpga_sendwave/rtl/ad9233pll25.v
    Info (12023): Found entity 1: Ad9233Pll25
Info (12021): Found 1 design units, including 1 entities, in source file /users/15256/desktop/project/fpga_sendwave/rtl/ad9233spiinit.v
    Info (12023): Found entity 1: Ad9233SpiInit
Info (12021): Found 1 design units, including 1 entities, in source file /users/15256/desktop/project/fpga_sendwave/rtl/ad9233framecapture.v
    Info (12023): Found entity 1: Ad9233FrameCapture
Info (12021): Found 1 design units, including 1 entities, in source file /users/15256/desktop/project/fpga_sendwave/rtl/analyzerspislave.v
    Info (12023): Found entity 1: AnalyzerSpiSlave
Info (12021): Found 1 design units, including 1 entities, in source file /users/15256/desktop/project/fpga_sendwave/rtl/dac904_writetest.v
    Info (12023): Found entity 1: DAC904_WriteTEST
Info (12127): Elaborating entity "DAC904_WriteTEST" for the top level hierarchy
Info (12128): Elaborating entity "Ad9233Pll25" for hierarchy "Ad9233Pll25:U0_adc_pll25_inst"
Info (12128): Elaborating entity "altpll" for hierarchy "Ad9233Pll25:U0_adc_pll25_inst|altpll:altpll_component"
Info (12130): Elaborated megafunction instantiation "Ad9233Pll25:U0_adc_pll25_inst|altpll:altpll_component"
Info (12133): Instantiated megafunction "Ad9233Pll25:U0_adc_pll25_inst|altpll:altpll_component" with the following parameter:
    Info (12134): Parameter "bandwidth_type" = "AUTO"
    Info (12134): Parameter "clk0_divide_by" = "2"
    Info (12134): Parameter "clk0_duty_cycle" = "50"
    Info (12134): Parameter "clk0_multiply_by" = "1"
    Info (12134): Parameter "clk0_phase_shift" = "0"
    Info (12134): Parameter "compensate_clock" = "CLK0"
    Info (12134): Parameter "inclk0_input_frequency" = "20000"
    Info (12134): Parameter "intended_device_family" = "Cyclone IV E"
    Info (12134): Parameter "lpm_hint" = "CBX_MODULE_PREFIX=Ad9233Pll25"
    Info (12134): Parameter "lpm_type" = "altpll"
    Info (12134): Parameter "operation_mode" = "NORMAL"
    Info (12134): Parameter "pll_type" = "AUTO"
    Info (12134): Parameter "port_areset" = "PORT_USED"
    Info (12134): Parameter "port_inclk0" = "PORT_USED"
    Info (12134): Parameter "port_inclk1" = "PORT_UNUSED"
    Info (12134): Parameter "port_locked" = "PORT_USED"
    Info (12134): Parameter "port_clk0" = "PORT_USED"
    Info (12134): Parameter "port_clk1" = "PORT_UNUSED"
    Info (12134): Parameter "port_clk2" = "PORT_UNUSED"
    Info (12134): Parameter "port_clk3" = "PORT_UNUSED"
    Info (12134): Parameter "port_clk4" = "PORT_UNUSED"
    Info (12134): Parameter "port_clk5" = "PORT_UNUSED"
    Info (12134): Parameter "port_extclk0" = "PORT_UNUSED"
    Info (12134): Parameter "port_extclk1" = "PORT_UNUSED"
    Info (12134): Parameter "port_extclk2" = "PORT_UNUSED"
    Info (12134): Parameter "port_extclk3" = "PORT_UNUSED"
    Info (12134): Parameter "width_clock" = "5"
Info (12021): Found 1 design units, including 1 entities, in source file db/ad9233pll25_altpll.v
    Info (12023): Found entity 1: Ad9233Pll25_altpll
Info (12128): Elaborating entity "Ad9233Pll25_altpll" for hierarchy "Ad9233Pll25:U0_adc_pll25_inst|altpll:altpll_component|Ad9233Pll25_altpll:auto_generated"
Info (12128): Elaborating entity "Ad9233SpiInit" for hierarchy "Ad9233SpiInit:U1_ad9233_spi_init"
Info (12128): Elaborating entity "Ad9233FrameCapture" for hierarchy "Ad9233FrameCapture:U2_frame_capture"
Info (12128): Elaborating entity "altsyncram" for hierarchy "Ad9233FrameCapture:U2_frame_capture|altsyncram:capture_ram"
Info (12130): Elaborated megafunction instantiation "Ad9233FrameCapture:U2_frame_capture|altsyncram:capture_ram"
Info (12133): Instantiated megafunction "Ad9233FrameCapture:U2_frame_capture|altsyncram:capture_ram" with the following parameter:
    Info (12134): Parameter "operation_mode" = "DUAL_PORT"
    Info (12134): Parameter "width_a" = "12"
    Info (12134): Parameter "widthad_a" = "12"
    Info (12134): Parameter "numwords_a" = "4096"
    Info (12134): Parameter "width_b" = "12"
    Info (12134): Parameter "widthad_b" = "12"
    Info (12134): Parameter "numwords_b" = "4096"
    Info (12134): Parameter "outdata_reg_b" = "UNREGISTERED"
    Info (12134): Parameter "address_reg_b" = "CLOCK1"
    Info (12134): Parameter "intended_device_family" = "Cyclone IV E"
    Info (12134): Parameter "ram_block_type" = "M9K"
    Info (12134): Parameter "lpm_type" = "altsyncram"
Info (12021): Found 1 design units, including 1 entities, in source file db/altsyncram_bl51.tdf
    Info (12023): Found entity 1: altsyncram_bl51
Info (12128): Elaborating entity "altsyncram_bl51" for hierarchy "Ad9233FrameCapture:U2_frame_capture|altsyncram:capture_ram|altsyncram_bl51:auto_generated"
Warning (287013): Variable or input pin "data_b" is defined but never used.
Info (12128): Elaborating entity "AnalyzerSpiSlave" for hierarchy "AnalyzerSpiSlave:U3_analyzer_spi"
Info (12021): Found 1 design units, including 1 entities, in source file db/altsyncram_sr14.tdf
    Info (12023): Found entity 1: altsyncram_sr14
Info (12021): Found 1 design units, including 1 entities, in source file db/mux_tsc.tdf
    Info (12023): Found entity 1: mux_tsc
Info (12021): Found 1 design units, including 1 entities, in source file db/decode_dvf.tdf
    Info (12023): Found entity 1: decode_dvf
Info (12021): Found 1 design units, including 1 entities, in source file db/cntr_fgi.tdf
    Info (12023): Found entity 1: cntr_fgi
Info (12021): Found 1 design units, including 1 entities, in source file db/cmpr_rgc.tdf
    Info (12023): Found entity 1: cmpr_rgc
Info (12021): Found 1 design units, including 1 entities, in source file db/cntr_m9j.tdf
    Info (12023): Found entity 1: cntr_m9j
Info (12021): Found 1 design units, including 1 entities, in source file db/cntr_ggi.tdf
    Info (12023): Found entity 1: cntr_ggi
Info (12021): Found 1 design units, including 1 entities, in source file db/cntr_23j.tdf
    Info (12023): Found entity 1: cntr_23j
Info (12021): Found 1 design units, including 1 entities, in source file db/cmpr_ngc.tdf
    Info (12023): Found entity 1: cmpr_ngc
Info (12033): Analysis and Synthesis generated SignalTap II or debug node instance "auto_signaltap_0"
Info (13000): Registers with preset signals will power-up high
Info (13003): DEV_CLRn pin will set, and not reset, register with preset signal due to NOT Gate Push-Back
Warning (13024): Output pins are stuck at VCC or GND
    Warning (13410): Pin "clk_driver" is stuck at GND
    Warning (13410): Pin "IO_data[0]" is stuck at GND
    Warning (13410): Pin "IO_data[1]" is stuck at GND
    Warning (13410): Pin "IO_data[2]" is stuck at GND
    Warning (13410): Pin "IO_data[3]" is stuck at GND
    Warning (13410): Pin "IO_data[4]" is stuck at GND
    Warning (13410): Pin "IO_data[5]" is stuck at GND
    Warning (13410): Pin "IO_data[6]" is stuck at GND
    Warning (13410): Pin "IO_data[7]" is stuck at GND
    Warning (13410): Pin "IO_data[8]" is stuck at GND
    Warning (13410): Pin "IO_data[9]" is stuck at GND
    Warning (13410): Pin "IO_data[10]" is stuck at GND
    Warning (13410): Pin "IO_data[11]" is stuck at GND
    Warning (13410): Pin "IO_data[12]" is stuck at GND
    Warning (13410): Pin "IO_data[13]" is stuck at VCC
    Warning (13410): Pin "dac_gnd" is stuck at GND
    Warning (13410): Pin "adc_pwdn_o" is stuck at GND
    Warning (13410): Pin "adc_debug_status_o[0]" is stuck at VCC
    Warning (13410): Pin "adc_debug_status_o[4]" is stuck at GND
    Warning (13410): Pin "adc_debug_status_o[5]" is stuck at GND
    Warning (13410): Pin "adc_debug_status_o[6]" is stuck at GND
    Warning (13410): Pin "adc_debug_status_o[7]" is stuck at GND
    Warning (13410): Pin "adc_debug_status_o[8]" is stuck at GND
Info (286031): Timing-Driven Synthesis is running on partition "Top"
Info (17049): 5 registers lost all their fanouts during netlist optimizations.
Info (144001): Generated suppressed messages file C:/Users/15256/Desktop/Project/FPGA_sendwave/prj/DAC904_HighSpeedDAC.map.smsg
Info (35024): Succesfully connected in-system debug instance "auto_signaltap_0" to all 49 required data inputs, trigger inputs, acquisition clocks, and dynamic pins
Info (16010): Generating hard_block partition "hard_block:auto_generated_inst"
    Info (16011): Adding 1 node(s), including 0 DDIO, 1 PLL, 0 transceiver and 0 LCELL
Info (15717): Design contains 25 virtual pins; timing numbers associated with paths containing virtual pins are estimates
    Info (15719): Pin "adc_debug_clk_o" is virtual output pin
    Info (15719): Pin "adc_debug_sample_o[0]" is virtual output pin
    Info (15719): Pin "adc_debug_sample_o[1]" is virtual output pin
    Info (15719): Pin "adc_debug_sample_o[2]" is virtual output pin
    Info (15719): Pin "adc_debug_sample_o[3]" is virtual output pin
    Info (15719): Pin "adc_debug_sample_o[4]" is virtual output pin
    Info (15719): Pin "adc_debug_sample_o[5]" is virtual output pin
    Info (15719): Pin "adc_debug_sample_o[6]" is virtual output pin
    Info (15719): Pin "adc_debug_sample_o[7]" is virtual output pin
    Info (15719): Pin "adc_debug_sample_o[8]" is virtual output pin
    Info (15719): Pin "adc_debug_sample_o[9]" is virtual output pin
    Info (15719): Pin "adc_debug_sample_o[10]" is virtual output pin
    Info (15719): Pin "adc_debug_sample_o[11]" is virtual output pin
    Info (15719): Pin "adc_debug_status_o[0]" is virtual output pin
    Info (15719): Pin "adc_debug_status_o[1]" is virtual output pin
    Info (15719): Pin "adc_debug_status_o[2]" is virtual output pin
    Info (15719): Pin "adc_debug_status_o[3]" is virtual output pin
    Info (15719): Pin "adc_debug_status_o[4]" is virtual output pin
    Info (15719): Pin "adc_debug_status_o[5]" is virtual output pin
    Info (15719): Pin "adc_debug_status_o[6]" is virtual output pin
    Info (15719): Pin "adc_debug_status_o[7]" is virtual output pin
    Info (15719): Pin "adc_debug_status_o[8]" is virtual output pin
    Info (15719): Pin "adc_debug_status_o[9]" is virtual output pin
    Info (15719): Pin "adc_debug_status_o[10]" is virtual output pin
    Info (15719): Pin "adc_debug_status_o[11]" is virtual output pin
Info (21057): Implemented 1751 device resources after synthesis - the final resource count might be different
    Info (21058): Implemented 22 input pins
    Info (21059): Implemented 24 output pins
    Info (21061): Implemented 1667 logic cells
    Info (21064): Implemented 36 RAM segments
    Info (21065): Implemented 1 PLLs
Info: Quartus II 64-Bit Analysis & Synthesis was successful. 0 errors, 25 warnings
    Info: Peak virtual memory: 4746 megabytes
    Info: Processing ended: Thu Jul 30 21:23:22 2026
    Info: Elapsed time: 00:00:05
    Info: Total CPU time (on all processors): 00:00:00


+------------------------------------------+
; Analysis & Synthesis Suppressed Messages ;
+------------------------------------------+
The suppressed messages can be found in C:/Users/15256/Desktop/Project/FPGA_sendwave/prj/DAC904_HighSpeedDAC.map.smsg.


