frequency_hz,amplitude,amplitude_db
0.000,0.999992370314,-0.000066271
3125.000,0.99999249637,-0.000065176
6250.000,0.999992872661,-0.000061908
9375.000,0.999993493579,-0.000056514
12500.000,0.999994349862,-0.000049077
15625.000,0.999995428715,-0.000039706
18750.000,0.999996713981,-0.000028542
21875.000,0.999998186353,-0.000015753
25000.000,0.999999823631,-0.000001532
28125.000,1.00000160102,0.000013906
31250.000,1.00000349145,0.000030326
34375.000,1.00000546596,0.000047477
37500.000,1.00000749405,0.000065092
40625.000,1.00000954411,0.000082899
43750.000,1.00001158385,0.000100615
46875.000,1.00001358071,0.000117960
50000.000,1.00001550231,0.000134650
53125.000,1.0000173169,0.000150411
56250.000,1.00001899376,0.000164976
59375.000,1.00002050363,0.000178090
62500.000,1.00002181914,0.000189517
65625.000,1.00002291513,0.000199036
68750.000,1.00002376904,0.000206453
71875.000,1.00002436121,0.000211596
75000.000,1.00002467514,0.000214323
78125.000,1.00002469778,0.000214520
81250.000,1.00002441966,0.000212104
84375.000,1.00002383508,0.000207026
87500.000,1.00002294219,0.000199271
90625.000,1.00002174303,0.000188856
93750.000,1.00002024355,0.000175831
96875.000,1.00001845353,0.000160284
100000.000,1.00001638646,0.000142330
103125.000,1.00001405945,0.000122118
106250.000,1.00001149294,0.000099826
109375.000,1.00000871051,0.000075658
112500.000,1.00000573857,0.000049844
115625.000,1.00000260602,0.000022636
118750.000,0.999999343892,-0.000005699
121875.000,0.999995984966,-0.000034874
125000.000,0.999992563329,-0.000064594
128125.000,0.999989113946,-0.000094556
131250.000,0.999985672211,-0.000124450
134375.000,0.999982273479,-0.000153972
137500.000,0.999978952608,-0.000182817
140625.000,0.999975743501,-0.000210692
143750.000,0.99997267866,-0.000237313
146875.000,0.999969788756,-0.000262415
150000.000,0.999967102222,-0.000285751
153125.000,0.999964644877,-0.000307096
156250.000,0.999962439582,-0.000326252
159375.000,0.999960505934,-0.000343048
162500.000,0.999958860006,-0.000357345
165625.000,0.999957514133,-0.000369035
168750.000,0.999956476747,-0.000378046
171875.000,0.999955752271,-0.000384339
175000.000,0.999955341062,-0.000387911
178125.000,0.999955239415,-0.000388794
181250.000,0.999955439624,-0.000387055
184375.000,0.999955930095,-0.000382795
187500.000,0.999956695524,-0.000376146
190625.000,0.999957717123,-0.000367272
193750.000,0.999958972898,-0.000356364
196875.000,0.999960437977,-0.000343638
200000.000,0.999962084983,-0.000329332
203125.000,0.999963884445,-0.000313701
206250.000,0.999965805244,-0.000297017
209375.000,0.999967815085,-0.000279559
212500.000,0.999969880998,-0.000261614
215625.000,0.999971969842,-0.000243470
218750.000,0.999974048832,-0.000225412
221875.000,0.999976086053,-0.000207716
225000.000,0.999978050971,-0.000190649
228125.000,0.999979914939,-0.000174458
231250.000,0.999981651662,-0.000159373
234375.000,0.999983237648,-0.000145597
237500.000,0.999984652615,-0.000133307
240625.000,0.999985879855,-0.000122647
243750.000,0.999986906548,-0.000113729
246875.000,0.999987724021,-0.000106628
250000.000,0.999988327939,-0.000101383
253125.000,0.999988718444,-0.000097991
256250.000,0.999988900209,-0.000096412
259375.000,0.999988882429,-0.000096567
262500.000,0.999988678738,-0.000098336
265625.000,0.999988307047,-0.000101564
268750.000,0.99998778931,-0.000106061
271875.000,0.999987151217,-0.000111604
275000.000,0.999986421817,-0.000117939
278125.000,0.999985633071,-0.000124790
281250.000,0.999984819349,-0.000131858
284375.000,0.999984016862,-0.000138829
287500.000,0.999983263049,-0.000145377
290625.000,0.999982595925,-0.000151171
293750.000,0.999982053388,-0.000155884
296875.000,0.999981672508,-0.000159192
300000.000,0.999981488799,-0.000160788
303125.000,0.999981535489,-0.000160382
306250.000,0.999981842798,-0.000157713
309375.000,0.999982437239,-0.000152550
312500.000,0.999983340941,-0.000144700
315625.000,0.999984571028,-0.000134015
318750.000,0.999986139043,-0.000120396
321875.000,0.999988050447,-0.000103793
325000.000,0.999990304183,-0.000084217
328125.000,0.999992892347,-0.000061737
331250.000,0.999995799934,-0.000036481
334375.000,0.999999004711,-0.000008645
337500.000,1.00000247719,0.000021517
340625.000,1.00000618072,0.000053685
343750.000,1.00001007171,0.000087481
346875.000,1.00001409999,0.000122470
350000.000,1.00001820927,0.000158162
353125.000,1.00002233773,0.000194021
356250.000,1.0000264188,0.000229468
359375.000,1.00003038195,0.000263890
362500.000,1.00003415368,0.000296650
365625.000,1.00003765859,0.000327092
368750.000,1.0000408205,0.000354555
371875.000,1.00004356375,0.000378382
375000.000,1.00004581443,0.000397930
378125.000,1.00004750175,0.000412585
381250.000,1.00004855944,0.000421772
384375.000,1.00004892703,0.000424964
387500.000,1.00004855127,0.000421701
390625.000,1.00004738739,0.000411592
393750.000,1.00004540032,0.000394333
396875.000,1.00004256578,0.000369714
400000.000,1.00003887125,0.000337625
403125.000,1.0000343168,0.000298067
406250.000,1.00002891562,0.000251154
409375.000,1.00002269444,0.000197119
412500.000,1.00001569357,0.000136312
415625.000,1.00000796672,0.000069198
418750.000,0.999999580418,-0.000003644
421875.000,0.999990613104,-0.000081534
425000.000,0.999981153821,-0.000163697
428125.000,0.999971300468,-0.000249285
431250.000,0.999961157597,-0.000337387
434375.000,0.999950833744,-0.000427063
437500.000,0.99994043825,-0.000517362
440625.000,0.999930077558,-0.000607360
443750.000,0.999919850982,-0.000696193
446875.000,0.999909845921,-0.000783104
450000.000,0.999900132516,-0.000867481
453125.000,0.999890757742,-0.000948918
456250.000,0.999881738947,-0.001027263
459375.000,0.999873056824,-0.001102684
462500.000,0.999864647841,-0.001175733
465625.000,0.999856396143,-0.001247417
468750.000,0.999848124939,-0.001319270
471875.000,0.999839587403,-0.001393438
475000.000,0.999830457132,-0.001472755
478125.000,0.999820318176,-0.001560837
481250.000,0.999808654703,-0.001662163
484375.000,0.999794840339,-0.001782177
487500.000,0.999778127234,-0.001927376
490625.000,0.999757634921,-0.002105411
493750.000,0.999732339023,-0.002325185
496875.000,0.999701059881,-0.002596949
500000.000,0.999662451182,-0.002932407
503125.000,0.999614988652,-0.003344810
506250.000,0.999556958904,-0.003849059
509375.000,0.999486448529,-0.004461797
512500.000,0.999401333502,-0.005201508
515625.000,0.999299269014,-0.006088605
518750.000,0.999177679808,-0.007145521
521875.000,0.999033751108,-0.008396789
525000.000,0.998864420252,-0.009869125
528125.000,0.998666369112,-0.011591502
531250.000,0.998436017386,-0.013595214
534375.000,0.998169516872,-0.015913944
537500.000,0.997862746806,-0.018583812
540625.000,0.997511310337,-0.021643427
543750.000,0.997110532258,-0.025133927
546875.000,0.996655458025,-0.029099011
550000.000,0.996140854188,-0.033584961
553125.000,0.995561210265,-0.038640660
556250.000,0.994910742143,-0.044317600
559375.000,0.994183397059,-0.050669878
562500.000,0.993372860202,-0.057754190
565625.000,0.992472562991,-0.065629810
568750.000,0.991475693047,-0.074358569
571875.000,0.990375205895,-0.084004816
575000.000,0.989163838403,-0.094635377
578125.000,0.987834123961,-0.106319511
581250.000,0.986378409401,-0.119128850
584375.000,0.984788873635,-0.133137336
587500.000,0.983057547987,-0.148421158
590625.000,0.981176338175,-0.165058674
593750.000,0.979137047908,-0.183130332
596875.000,0.976931404016,-0.202718591
600000.000,0.974551083064,-0.223907831
603125.000,0.971987739348,-0.246784265
606250.000,0.969233034196,-0.271435846
609375.000,0.966278666462,-0.297952175
612500.000,0.963116404104,-0.326424401
615625.000,0.959738116713,-0.356945131
618750.000,0.956135808884,-0.389608329
621875.000,0.952301654259,-0.424509225
625000.000,0.948228030118,-0.461744217
628125.000,0.943907552349,-0.501410781
631250.000,0.939333110643,-0.543607378
634375.000,0.934497903737,-0.588433370
637500.000,0.929395474544,-0.635988931
640625.000,0.924019744987,-0.686374969
643750.000,0.918365050361,-0.739693046
646875.000,0.912426173041,-0.796045309
650000.000,0.906198375354,-0.855534415
653125.000,0.899677431439,-0.918263475
656250.000,0.892859657911,-0.984335987
659375.000,0.885741943145,-1.053855788
662500.000,0.87832177503,-1.126927005
665625.000,0.870597266993,-1.203654011
668750.000,0.862567182151,-1.284141387
671875.000,0.854230955432,-1.368493895
675000.000,0.845588713505,-1.456816448
678125.000,0.836641292389,-1.549214093
681250.000,0.827390252617,-1.645791996
684375.000,0.817837891812,-1.746655434
687500.000,0.807987254597,-1.851909797
690625.000,0.797842139714,-1.961660585
693750.000,0.787407104298,-2.076013423
696875.000,0.776687465209,-2.195074075
700000.000,0.765689297392,-2.318948466
703125.000,0.754419429207,-2.447742707
706250.000,0.742885434715,-2.581563130
709375.000,0.731095622906,-2.720516324
712500.000,0.719059023875,-2.864709183
715625.000,0.706785371973,-3.014248949
718750.000,0.69428508597,-3.169243276
721875.000,0.68156924628,-3.329800280
725000.000,0.668649569319,-3.496028616
728125.000,0.655538379093,-3.668037541
731250.000,0.6422485761,-3.845936998
734375.000,0.628793603671,-4.029837695
737500.000,0.615187411879,-4.219851195
740625.000,0.601444419159,-4.416090012
743750.000,0.587579471795,-4.618667710
746875.000,0.573607801436,-4.827699012
750000.000,0.559544980836,-5.043299911
753125.000,0.545406877989,-5.265587792
756250.000,0.531209608871,-5.494681555
759375.000,0.516969488994,-5.730701755
762500.000,0.502702983978,-5.973770737
765625.000,0.48842665937,-6.224012787
768750.000,0.474157129936,-6.481554291
771875.000,0.459911008639,-6.746523897
775000.000,0.445704855557,-7.019052693
778125.000,0.431555126947,-7.299274391
781250.000,0.417478124705,-7.587325521
784375.000,0.403489946441,-7.883345638
787500.000,0.389606436395,-8.187477542
790625.000,0.375843137419,-8.499867504
793750.000,0.36221524424,-8.820665517
796875.000,0.348737558213,-9.150025552
800000.000,0.335424443763,-9.488105835
803125.000,0.322289786706,-9.835069139
806250.000,0.309346954648,-10.191083100
809375.000,0.296608759602,-10.556320546
812500.000,0.284087423015,-10.930959855
815625.000,0.271794543325,-11.315185332
818750.000,0.259741066198,-11.709187622
821875.000,0.247937257552,-12.113164137
825000.000,0.236392679472,-12.527319533
828125.000,0.225116169114,-12.951866208
831250.000,0.214115820649,-13.387024845
834375.000,0.203398970327,-13.833024999
837500.000,0.192972184679,-14.290105728
840625.000,0.182841251887,-14.758516276
843750.000,0.173011176333,-15.238516820
846875.000,0.163486176303,-15.730379271
850000.000,0.154269684835,-16.234388154
853125.000,0.145364353651,-16.750841568
856250.000,0.136772060128,-17.280052229
859375.000,0.128493917224,-17.822348618
862500.000,0.120530286278,-18.378076238
865625.000,0.112880792576,-18.947598998
868750.000,0.105544343567,-19.531300737
871875.000,0.0985191496078,-20.129586911
875000.000,0.0918027470883,-20.742886457
878125.000,0.0853920237911,-21.371653871
881250.000,0.0792832463269,-22.016371511
884375.000,0.0734720894738,-22.677552181
887500.000,0.0679536672476,-23.355742016
890625.000,0.0627225655193,-24.051523723
893750.000,0.0577728759929,-24.765520246
896875.000,0.0530982313528,-25.498398892
900000.000,0.0486918413851,-26.250876028
903125.000,0.0445465298791,-27.023722427
906250.000,0.0406547721102,-27.817769381
909375.000,0.0370087327107,-28.633915724
912500.000,0.0336003037337,-29.473135935
915625.000,0.030421142719,-30.336489529
918750.000,0.0274627105749,-31.225132001
921875.000,0.0247163090934,-32.140327646
925000.000,0.0221731179241,-33.083464665
928125.000,0.0198242308363,-34.056073079
931250.000,0.0176606911102,-35.059846106
934375.000,0.0156735259043,-36.096665880
937500.000,0.0138537794559,-37.168634607
940625.000,0.0121925449819,-38.278112670
943750.000,0.0106809951594,-39.427765635
946875.000,0.00931041107302,-40.620622873
950000.000,0.00807220953109,-41.860151472
953125.000,0.00695796866367,-43.150350630
956250.000,0.00595945172646,-44.495873876
959375.000,0.00506862904869,-45.902189835
962500.000,0.00427769807461,-47.375797435
965625.000,0.00357910146116,-48.924519799
968750.000,0.00296554320653,-50.557914882
971875.000,0.00243000279681,-52.287864531
975000.000,0.00196574736988,-54.129445935
978125.000,0.00156634190745,-56.102268647
981250.000,0.00122565747751,-58.232617618
984375.000,0.00093787756041,-60.557077098
987500.000,0.000697502501955,-63.129084605
990625.000,0.000499352147181,-66.031861567
993750.000,0.000338566717114,-69.407114751
996875.000,0.000210605999804,-73.530585213
1000000.000,0.000111246934492,-79.074238951
1003125.000,3.65796749007e-05,-88.735203172
1006250.000,1.6997776046e-05,-95.392157942
1009375.000,5.27862623346e-05,-85.549581765
1012500.000,7.37933993778e-05,-82.639649658
1015625.000,8.27426206442e-05,-81.645414563
1018750.000,8.20832372198e-05,-81.714910482
1021875.000,7.40013988079e-05,-82.615201419
1025000.000,6.04318434643e-05,-84.374683149
1028125.000,4.30703227995e-05,-87.316437466
1031250.000,2.33865896555e-05,-92.620662090
1034375.000,2.63783628079e-06,-111.575043255
1037500.000,1.81175270934e-05,-94.838021611
1040625.000,3.80058609977e-05,-88.402988487
1043750.000,5.63241572543e-05,-84.986105953
1046875.000,7.2525872034e-05,-82.790140813
1050000.000,8.6206827755e-05,-81.289166716
1053125.000,9.70912753186e-05,-80.256395886
1056250.000,0.000105018202747,-79.574708368
1059375.000,0.000109927970508,-79.177835798
1062500.000,0.000111849347681,-79.027330888
1065625.000,0.000110887016615,-79.102386019
1068750.000,0.000107209607062,-79.395325915
1071875.000,0.000101038313792,-79.910278205
1075000.000,9.26361447649e-05,-80.664390545
1078125.000,8.22978397141e-05,-81.692231294
1081250.000,7.03404919655e-05,-83.055891971
1084375.000,5.70948991881e-05,-84.868053791
1087500.000,4.28976617614e-05,-87.351327588
1090625.000,2.80840406931e-05,-91.030808127
1093750.000,1.2981580248e-05,-97.733448753
1096875.000,2.09550585236e-06,-113.574222438
1100000.000,1.68511919754e-05,-95.467387474
1103125.000,3.10117549907e-05,-90.169473117
1106250.000,4.43291640599e-05,-87.066209167
1109375.000,5.65837694517e-05,-84.946162489
1112500.000,6.75863185608e-05,-83.402824180
1115625.000,7.71793316307e-05,-82.249979734
1118750.000,8.52378732697e-05,-81.387347894
1121875.000,9.16697592227e-05,-80.755478187
1125000.000,9.641524064e-05,-80.317086209
1128125.000,9.94462102539e-05,-80.048235251
1131250.000,0.000100764976842,-79.933807812
1134375.000,0.000100402655519,-79.965096010
1137500.000,9.84172223331e-05,-80.138577928
1140625.000,9.48912819576e-05,-80.455473722
1143750.000,8.99295971493e-05,-80.921947041
1146875.000,8.36564281829e-05,-81.550013642
1150000.000,7.62127294932e-05,-82.359449684
1153125.000,6.77532493209e-05,-83.381397440
1156250.000,5.84435766895e-05,-84.665264271
1159375.000,4.8457177681e-05,-86.292837686
1162500.000,3.79724609529e-05,-88.410625116
1165625.000,2.71699095864e-05,-91.318236136
1168750.000,1.62293135706e-05,-95.793996971
1171875.000,5.32713428981e-06,-105.470127102
1175000.000,5.36597106168e-06,-105.407033476
1178125.000,1.56874403635e-05,-96.088958243
1181250.000,2.54848915451e-05,-91.874344206
1184375.000,3.4617983878e-05,-89.213964573
1187500.000,4.29600413924e-05,-87.338706177
1190625.000,5.03994276619e-05,-85.951487908
1193750.000,5.68406647406e-05,-84.906817034
1196875.000,6.22052923389e-05,-84.123453291
1200000.000,6.64324667048e-05,-83.552392429
1203125.000,6.94793016807e-05,-83.162891104
1206250.000,7.13209575121e-05,-82.935656698
1209375.000,7.19504856962e-05,-82.859325401
1212500.000,7.13784407686e-05,-82.928658865
1215625.000,6.96322722729e-05,-83.143788650
1218750.000,6.67555123136e-05,-83.510257335
1221875.000,6.28067758733e-05,-84.039870002
1225000.000,5.78585927929e-05,-84.752642665
1228125.000,5.19960915202e-05,-85.680586010
1231250.000,4.53155558964e-05,-86.875053761
1234375.000,3.79228769273e-05,-88.421974468
1237500.000,2.99319221023e-05,-90.477307874
1240625.000,2.14628449303e-05,-93.366254244
1243750.000,1.26403574703e-05,-97.964812880
1246875.000,3.59198821233e-06,-108.893301944
1250000.000,5.55365276509e-06,-105.108425549
1253125.000,1.46685801967e-05,-96.672238408
1256250.000,2.36270915019e-05,-92.531794736
1259375.000,3.23073570618e-05,-89.813971369
1262500.000,4.05929252672e-05,-87.830993016
1265625.000,4.83741262456e-05,-86.307737326
1268750.000,5.55493596707e-05,-85.106418858
1271875.000,6.2026254033e-05,-84.148488930
1275000.000,6.77226863781e-05,-83.385316458
1278125.000,7.25676536112e-05,-82.785138382
1281250.000,7.65019883465e-05,-82.326545541
1284375.000,7.94789143207e-05,-81.994961479
1287500.000,8.1464438329e-05,-81.780638649
1290625.000,8.24375777229e-05,-81.677495553
1293750.000,8.23904243175e-05,-81.682465210
1296875.000,8.13280475523e-05,-81.795193074
1300000.000,7.9268241479e-05,-82.018015526
1303125.000,7.62411218607e-05,-82.356214437
1306250.000,7.22885812869e-05,-82.818605970
1309375.000,6.74636116442e-05,-83.418608254
1312500.000,6.18295046067e-05,-84.176084663
1315625.000,5.54589419849e-05,-85.120568398
1318750.000,4.84329888113e-05,-86.297174594
1321875.000,4.08400028077e-05,-87.778284735
1325000.000,3.27744746661e-05,-89.689285216
1328125.000,2.43358139309e-05,-92.275082477
1331250.000,1.56270957221e-05,-96.122434552
1334375.000,6.75378359723e-06,-103.409057180
1337500.000,2.17755619051e-06,-113.240612589
1340625.000,1.10605339177e-05,-99.124478162
1343750.000,1.97901943909e-05,-94.070998798
1346875.000,2.82642395693e-05,-90.975253889
1350000.000,3.63842022664e-05,-88.781742853
1353125.000,4.40565582116e-05,-87.119788677
1356250.000,5.11937647508e-05,-85.815658632
1359375.000,5.77152154109e-05,-84.774193582
1362500.000,6.35481007991e-05,-83.937948485
1365625.000,6.86281674271e-05,-83.269951958
1368750.000,7.290036752e-05,-82.745405644
1371875.000,7.63193939975e-05,-82.347301735
1375000.000,7.88500964097e-05,-82.063955426
1378125.000,8.04677749371e-05,-81.887560149
1381250.000,8.11583509222e-05,-81.813335722
1384375.000,8.09184139678e-05,-81.839052763
1387500.000,7.97551468588e-05,-81.964825619
1390625.000,7.76861310134e-05,-82.193130142
1393750.000,7.47390364135e-05,-82.529050113
1396875.000,7.09512012404e-05,-82.980804946
1400000.000,6.63691075115e-05,-83.560680449
1403125.000,6.10477601281e-05,-84.286605318
1406250.000,5.50499777372e-05,-85.184857047
1409375.000,4.84456045291e-05,-86.294912407
1412500.000,4.13106529814e-05,-87.678758805
1415625.000,3.37263880799e-05,-89.440603340
1418750.000,2.5778364047e-05,-91.774892948
1421875.000,1.75554249837e-05,-95.111773052
1425000.000,9.14868106045e-06,-100.772830249
1428125.000,6.50471963239e-07,-123.735428355
1431250.000,7.84667071401e-06,-102.106291444
1434375.000,1.62510506115e-05,-95.782371143
1437500.000,2.44728120231e-05,-92.226322512
1440625.000,3.24249127811e-05,-89.782423669
1443750.000,4.00240542806e-05,-87.953578423
1446875.000,4.71915589361e-05,-86.522713517
1450000.000,5.3854186089e-05,-85.375610666
1453125.000,5.99448782304e-05,-84.444958353
1456250.000,6.54034301722e-05,-83.687989478
1459375.000,7.01770748845e-05,-83.076094759
1462500.000,7.42209806339e-05,-82.589466238
1465625.000,7.74986550902e-05,-82.214116683
1468750.000,7.99822532576e-05,-81.940127302
1471875.000,8.16527870031e-05,-81.760579743
1475000.000,8.25002352711e-05,-81.670896259
1478125.000,8.25235549439e-05,-81.668441436
1481250.000,8.17305936186e-05,-81.752306935
1484375.000,8.01379064198e-05,-81.923240152
1487500.000,7.7770480115e-05,-82.183704399
1490625.000,7.46613687436e-05,-82.538081051
1493750.000,7.08512457771e-05,-82.993050183
1496875.000,6.6387878831e-05,-83.558224147
1500000.000,6.1325533554e-05,-84.247173292
1503125.000,5.57243141093e-05,-85.079105368
1506250.000,4.96494481699e-05,-86.081711482
1509375.000,4.31705249086e-05,-87.296253415
1512500.000,3.63606948299e-05,-88.787356526
1515625.000,2.92958405628e-05,-90.663880732
1518750.000,2.20537279897e-05,-93.130359726
1521875.000,1.4713147114e-05,-96.645888452
1525000.000,7.35305207188e-06,-102.670647170
1528125.000,5.17096175129e-08,-145.728573492
1531250.000,7.11413487177e-06,-102.957558112
1534375.000,1.40700650802e-05,-97.034077875
1537500.000,2.07447667278e-05,-93.661828888
1540625.000,2.70707580072e-05,-91.349991668
1543750.000,3.29850700645e-05,-89.633651782
1546875.000,3.8429870916e-05,-88.306621486
1550000.000,4.3353026729e-05,-87.259611530
1553125.000,4.77085952558e-05,-86.428067415
1556250.000,5.14572469643e-05,-85.771069057
1559375.000,5.4566610236e-05,-85.261460489
1562500.000,5.70115378891e-05,-84.880744874
1565625.000,5.87742931494e-05,-84.616251705
1568750.000,5.98446540713e-05,-84.459492782
1571875.000,6.02199363313e-05,-84.405194160
1575000.000,5.99049351556e-05,-84.450747952
1578125.000,5.89117880195e-05,-84.595955918
1581250.000,5.72597605808e-05,-84.843009444
1584375.000,5.49749590804e-05,-85.196701705
1587500.000,5.20899732605e-05,-85.664917310
1590625.000,4.86434543936e-05,-86.259511828
1593750.000,4.46796338344e-05,-86.997807895
1596875.000,4.02477879235e-05,-87.905159682
1600000.000,3.54016556288e-05,-89.019528537
1603125.000,3.01988157651e-05,-90.400201748
1606250.000,2.47000308791e-05,-92.146050076
1609375.000,1.89685652724e-05,-94.439310333
1612500.000,1.30694846857e-05,-97.674830716
1615625.000,7.0689453831e-06,-103.012907476
1618750.000,1.03348029943e-06,-119.713955953
1621875.000,4.97071012132e-06,-106.071631261
1625000.000,1.08784548953e-05,-99.268655692
1628125.000,1.66262900692e-05,-95.584092938
1631250.000,2.21531099013e-05,-93.091305959
1634375.000,2.74007851161e-05,-91.244739863
1637500.000,3.23147420784e-05,-89.811986121
1640625.000,3.68444972536e-05,-88.672547302
1643750.000,4.0944141864e-05,-87.756164534
1646875.000,4.45727722564e-05,-87.018607072
1650000.000,4.76948621159e-05,-86.430568048
1653125.000,5.02805733728e-05,-85.971995570
1656250.000,5.23060032518e-05,-85.628969271
1659375.000,5.37533657692e-05,-85.391886744
1662500.000,5.46111065567e-05,-85.254380470
1665625.000,5.48739507e-05,-85.212675425
1668750.000,5.45428839869e-05,-85.265238044
1671875.000,5.36250686284e-05,-85.412642780
1675000.000,5.21336952383e-05,-85.657629823
1678125.000,5.0087773472e-05,-86.005365467
1681250.000,4.75118643826e-05,-86.463958548
1684375.000,4.44357580874e-05,-87.045348125
1687500.000,4.08941009072e-05,-87.766786714
1690625.000,3.69259765974e-05,-88.653360198
1693750.000,3.25744467226e-05,-89.742459041
1696875.000,2.78860555743e-05,-91.092258229
1700000.000,2.29103053688e-05,-92.799382442
1703125.000,1.76991076478e-05,-95.040972586
1706250.000,1.23062170234e-05,-98.197508606
1709375.000,6.78665347843e-06,-103.366886500
1712500.000,1.19611946305e-06,-118.444508856
1715625.000,4.40958196448e-06,-107.112051608
1718750.000,9.97512185935e-06,-100.021635803
1721875.000,1.54462069899e-05,-96.223562992
1725000.000,2.07701226139e-05,-93.651218793
1728125.000,2.58962509451e-05,-91.735262102
1731250.000,3.07765602244e-05,-90.235598424
1734375.000,3.53660596527e-05,-89.028266497
1737500.000,3.96232158941e-05,-88.041005584
1740625.000,4.35103273237e-05,-87.228152991
1743750.000,4.69938527016e-05,-86.559178974
1746875.000,5.00446914881e-05,-86.012839674
1750000.000,5.26384135644e-05,-85.573944162
1753125.000,5.47554367101e-05,-85.231455058
1756250.000,5.63811507501e-05,-84.977321287
1759375.000,5.75059878838e-05,-84.805738630
1762500.000,5.81254392793e-05,-84.712675039
1765625.000,5.82400185988e-05,-84.695569900
1768750.000,5.78551736613e-05,-84.753155969
1771875.000,5.69811480005e-05,-84.885376105
1775000.000,5.56327945709e-05,-85.093382477
1778125.000,5.38293443365e-05,-85.379618201
1781250.000,5.15941329262e-05,-85.747993635
1784375.000,4.89542889175e-05,-86.204185067
1787500.000,4.59403876897e-05,-86.756106883
1790625.000,4.25860750757e-05,-87.414647692
1793750.000,3.89276653184e-05,-88.194832845
1796875.000,3.50037180206e-05,-89.117716467
1800000.000,3.08545989518e-05,-90.213601883
1803125.000,2.65220296556e-05,-91.527864873
1806250.000,2.20486308545e-05,-93.132367472
1809375.000,1.74774646295e-05,-95.150431362
1812500.000,1.28515802941e-05,-97.820869321
1815625.000,8.21356875454e-06,-101.709362062
1818750.000,3.60512999647e-06,-108.861581411
1821875.000,9.33341898291e-07,-120.599184760
1825000.000,5.36315204236e-06,-105.411597817
1828125.000,9.64767248234e-06,-100.311548966
1831250.000,1.37526808799e-05,-97.232252687
1834375.000,1.76466669748e-05,-95.066746203
1837500.000,2.1301104092e-05,-93.431957707
1840625.000,2.46906833627e-05,-92.149337799
1843750.000,2.77935087775e-05,-91.121132449
1846875.000,3.05912516406e-05,-90.288055070
1850000.000,3.30692634649e-05,-89.611509556
1853125.000,3.52166468123e-05,-89.065039964
1856250.000,3.70262840346e-05,-88.629797433
1859375.000,3.84948243655e-05,-88.291953150
1862500.000,3.9622630216e-05,-88.041133973
1865625.000,4.04136839893e-05,-87.869431176
1868750.000,4.08754571339e-05,-87.770747547
1871875.000,4.10187435251e-05,-87.740352939
1875000.000,4.08574596395e-05,-87.774572793
1878125.000,4.04084143016e-05,-87.870563834
1881250.000,3.96910510688e-05,-88.026148006
1884375.000,3.87271665744e-05,-88.239685529
1887500.000,3.75406083681e-05,-88.509973873
1890625.000,3.61569559352e-05,-88.836162801
1893750.000,3.46031887366e-05,-89.217677569
1896875.000,3.29073451619e-05,-89.654143070
1900000.000,3.10981763481e-05,-90.145301560
1903125.000,2.9204798792e-05,-90.690915630
1906250.000,2.72563496533e-05,-91.290646163
1909375.000,2.52816485325e-05,-91.943892211
1912500.000,2.3308869397e-05,-92.649575831
1915625.000,2.13652261417e-05,-93.405850120
1918750.000,1.94766750759e-05,-94.209703618
1921875.000,1.76676373775e-05,-95.056430461
1925000.000,1.59607442991e-05,-95.938937200
1928125.000,1.43766076025e-05,-96.846871616
1931250.000,1.29336173868e-05,-97.765599817
1934375.000,1.16477691329e-05,-98.675144919
1937500.000,1.05325214353e-05,-99.549352967
1940625.000,9.59868552887e-06,-100.355764728
1943750.000,8.85434734229e-06,-101.056868907
1946875.000,8.30482244228e-06,-101.613392967
1950000.000,7.95264385466e-06,-101.989769325
1953125.000,7.79758238418e-06,-102.160800561
1956250.000,7.83669869652e-06,-102.117337011
1959375.000,8.06442608246e-06,-101.868530688
1962500.000,8.47268249614e-06,-101.439581359
1965625.000,9.05101015355e-06,-100.866058958
1968750.000,9.78674069325e-06,-100.187238369
1971875.000,1.06651836443e-05,-99.440633240
1975000.000,1.16698357185e-05,-98.658705153
1978125.000,1.27826082468e-05,-97.867610417
1981250.000,1.39840699117e-05,-97.087328270
1984375.000,1.5253701802e-05,-96.332494960
1987500.000,1.65701617153e-05,-95.613465062
1990625.000,1.79115545751e-05,-94.937334387
1993750.000,1.92557058052e-05,-94.308811159
1996875.000,2.05804345119e-05,-93.730909206
2000000.000,2.18638233767e-05,-93.205477794
2003125.000,2.30844822301e-05,-92.733597239
2006250.000,2.42218024033e-05,-92.315870862
2009375.000,2.52561990835e-05,-91.952640155
2012500.000,2.61693390839e-05,-91.644144910
2015625.000,2.69443516226e-05,-91.390645252
2018750.000,2.75660199426e-05,-91.192518680
2021875.000,2.80209518352e-05,-91.050342328
2025000.000,2.82977274001e-05,-90.964968828
2028125.000,2.83870226447e-05,-90.937603116
2031250.000,2.82817078239e-05,-90.969887374
2034375.000,2.79769197025e-05,-91.064002073
2037500.000,2.74701072435e-05,-91.222792902
2040625.000,2.67610505152e-05,-91.449936843
2043750.000,2.58518529151e-05,-91.750166473
2046875.000,2.47469071087e-05,-92.129581437
2050000.000,2.34528353694e-05,-92.596092900
2053125.000,2.19784052738e-05,-93.160076453
2056250.000,2.0334421985e-05,-93.835363362
2059375.000,1.85335985898e-05,-94.640804948
2062500.000,1.65904061796e-05,-95.602859622
2065625.000,1.45209055891e-05,-96.760125965
2068750.000,1.23425628583e-05,-98.171893047
2071875.000,1.00740506623e-05,-99.935917388
2075000.000,7.73503807138e-06,-102.230750888
2078125.000,5.34597110391e-06,-105.439467861
2081250.000,2.92784660866e-06,-110.669033598
2084375.000,5.0198205563e-07,-125.986236146
2087500.000,1.91021617088e-06,-114.378349655
2090625.000,4.28748340474e-06,-107.355950959
2093750.000,6.6089237164e-06,-103.597385219
2096875.000,8.85423086062e-06,-101.056983173
2100000.000,1.10039007869e-05,-99.169066679
2103125.000,1.30394334677e-05,-97.694825545
2106250.000,1.49435219534e-05,-96.510940681
2109375.000,1.67002267186e-05,-95.545552659
2112500.000,1.8295133561e-05,-94.753288313
2115625.000,1.97154935073e-05,-94.103846949
2118750.000,2.09503434064e-05,-93.576177078
2121875.000,2.19906061127e-05,-93.155256006
2125000.000,2.28291694046e-05,-92.830197784
2128125.000,2.34609430241e-05,-92.593090704
2131250.000,2.38828934759e-05,-92.438261169
2134375.000,2.40940564681e-05,-92.361801523
2137500.000,2.40955271278e-05,-92.361271368
2140625.000,2.38904283615e-05,-92.435521263
2143750.000,2.34838579725e-05,-92.584611097
2146875.000,2.28828153646e-05,-92.809810872
2150000.000,2.20961088772e-05,-93.113683976
2153125.000,2.11342449976e-05,-93.500265247
2156250.000,2.00093008724e-05,-93.975361708
2159375.000,1.87347817113e-05,-94.547027255
2162500.000,1.73254648122e-05,-95.226302104
2165625.000,1.57972320668e-05,-96.028380037
2168750.000,1.41668929007e-05,-96.974507786
2171875.000,1.24519996869e-05,-98.095217978
2175000.000,1.06706577187e-05,-99.436176214
2178125.000,8.841331864e-06,-101.069646153
2181250.000,6.98265202851e-06,-103.119591999
2184375.000,5.11321953857e-06,-105.826111205
2187500.000,3.25141651532e-06,-109.758547853
2190625.000,1.41522024874e-06,-116.983519325
2193750.000,3.77975496086e-07,-128.450727086
2196875.000,2.11153042542e-06,-113.508053127
2200000.000,3.7697172018e-06,-108.473824573
2203125.000,5.33786891299e-06,-105.452641916
2206250.000,6.8025131056e-06,-103.346612257
2209375.000,8.1514911483e-06,-101.775258774
2212500.000,9.37406184976e-06,-100.561443707
2215625.000,1.04609884571e-05,-99.608545542
2218750.000,1.14046083527e-05,-98.858392486
2221875.000,1.21988849574e-05,-98.273597286
2225000.000,1.28394415627e-05,-97.829077300
2228125.000,1.33235770026e-05,-97.507583275
2231250.000,1.36502632853e-05,-97.297179438
2234375.000,1.38201254938e-05,-97.189760267
2237500.000,1.38354044587e-05,-97.180162807
2240625.000,1.36999028766e-05,-97.265650234
2243750.000,1.34189157317e-05,-97.445651488
2246875.000,1.29991460222e-05,-97.721703554
2250000.000,1.24486069493e-05,-98.097584904
2253125.000,1.17765118457e-05,-98.579666535
2256250.000,1.09931532445e-05,-99.177554359
2259375.000,1.01097725771e-05,-99.905172278
2262500.000,9.1384220659e-06,-100.782575751
2265625.000,8.09182045499e-06,-101.839075242
2268750.000,6.98320423201e-06,-103.118905126
2271875.000,5.82617604647e-06,-104.692327933
2275000.000,4.63455201276e-06,-106.679844789
2278125.000,3.42220957933e-06,-109.313867948
2281250.000,2.20293760659e-06,-113.139956062
2284375.000,9.90290246566e-07,-120.084749966
2287500.000,2.02553853568e-07,-133.869189800
2290625.000,1.36292558168e-06,-117.310557136
2293750.000,2.47879129223e-06,-112.115200763
2296875.000,3.53886940297e-06,-109.022709282
2300000.000,4.53273656184e-06,-106.872790419
2303125.000,5.45092241005e-06,-105.270599996
2306250.000,6.28499211532e-06,-104.033905256
2309375.000,7.02761600425e-06,-103.063839536
2312500.000,7.67262576205e-06,-102.301119686
2315625.000,8.21505684675e-06,-101.707788540
2318750.000,8.65117690079e-06,-101.258496147
2321875.000,8.97850012412e-06,-100.935924140
2325000.000,9.19578771169e-06,-100.728221263
2328125.000,9.30303461706e-06,-100.627507260
2331250.000,9.3014430605e-06,-100.628993363
2334375.000,9.19338331531e-06,-100.730492635
2337500.000,8.98234246753e-06,-100.932207814
2340625.000,8.67286194157e-06,-101.236751337
2343750.000,8.270464706e-06,-101.649401747
2346875.000,7.78157316908e-06,-102.178651892
2350000.000,7.213418858e-06,-102.837176982
2353125.000,6.57394504966e-06,-103.643478608
2356250.000,5.87170357296e-06,-104.624717549
2359375.000,5.11574704832e-06,-105.821818753
2362500.000,4.31551785698e-06,-107.299341640
2365625.000,3.4807351417e-06,-109.166580441
2368750.000,2.62128114156e-06,-111.629727939
2371875.000,1.7470881446e-06,-115.153703666
2375000.000,8.68027304958e-07,-121.229332266
2378125.000,6.19945992843e-09,-164.152922856
2381250.000,8.66163355191e-07,-121.248003879
2384375.000,1.70280728798e-06,-115.376689994
2387500.000,2.50753815118e-06,-112.015049013
2390625.000,3.27231190165e-06,-109.702906162
2393750.000,3.98971062369e-06,-107.981172057
2396875.000,4.65301088139e-06,-106.645318637
2400000.000,5.25624276781e-06,-105.586491688
2403125.000,5.79423918108e-06,-104.740071629
2406250.000,6.26267497899e-06,-104.064802536
2409375.000,6.65809577982e-06,-103.532999232
2412500.000,6.97793630574e-06,-103.125459982
2415625.000,7.22052828423e-06,-102.828620529
2418750.000,7.3850980387e-06,-102.632874699
2421875.000,7.47175402071e-06,-102.531548681
2425000.000,7.4814646385e-06,-102.520267449
2428125.000,7.41602685055e-06,-102.596574129
2431250.000,7.27802607467e-06,-102.759727856
2434375.000,7.07078806687e-06,-103.010643594
2437500.000,6.79832349373e-06,-103.351963473
2440625.000,6.46526598968e-06,-103.788272059
2443750.000,6.07680456056e-06,-104.326494620
2446875.000,5.63861122487e-06,-104.976556969
2450000.000,5.15676483973e-06,-105.752453459
2453125.000,4.63767206427e-06,-106.673999283
2456250.000,4.08798644346e-06,-107.769811061
2459375.000,3.51452658257e-06,-109.082663350
2462500.000,2.92419438091e-06,-110.679875235
2465625.000,2.32389427206e-06,-112.675672690
2468750.000,1.72045437886e-06,-115.287136781
2471875.000,1.12055046078e-06,-119.011371630
2475000.000,5.30633471312e-07,-125.504107181
2478125.000,4.31385131016e-08,-147.302696565
2481250.000,5.94963298239e-07,-124.510196479
2484375.000,1.11945189113e-06,-119.019891313
2487500.000,1.61167959484e-06,-115.854425851
2490625.000,2.06723042281e-06,-113.692222245
2493750.000,2.48223446653e-06,-112.103143968
2496875.000,2.85339794076e-06,-110.892753130
2500000.000,3.17802572389e-06,-109.956851836
2503125.000,3.45403630232e-06,-109.233462045
2506250.000,3.67996911998e-06,-108.683116513
2509375.000,3.854984425e-06,-108.279547445
2512500.000,3.97885579348e-06,-108.004836016
2515625.000,4.05195558859e-06,-107.846706467
2518750.000,4.07523369991e-06,-107.796949620
2521875.000,4.05018997383e-06,-107.850492115
2525000.000,3.97884081422e-06,-108.004868716
2528125.000,3.86368049449e-06,-108.259975892
2531250.000,3.70763777038e-06,-108.618054045
2534375.000,3.51402842831e-06,-109.083894588
2537500.000,3.28650443735e-06,-109.665315540
2540625.000,3.02900040366e-06,-110.374013376
2543750.000,2.74567803607e-06,-111.227007808
2546875.000,2.4408693471e-06,-112.249109331
2550000.000,2.11901931035e-06,-113.477301712
2553125.000,1.78462868212e-06,-114.969042628
2556250.000,1.44219768624e-06,-116.819504111
2559375.000,1.09617122546e-06,-119.202432047
2562500.000,7.50886256617e-07,-122.488516889
2565625.000,4.10521921515e-07,-127.733272940
2568750.000,7.90529824019e-08,-142.041634819
2571875.000,2.39792945682e-07,-132.403271946
2575000.000,5.42573928922e-07,-125.310821565
2578125.000,8.26167639764e-07,-121.658636399
2581250.000,1.08780036538e-06,-119.269015993
2584375.000,1.3250708587e-06,-117.555217941
2587500.000,1.53596885914e-06,-116.272351786
2590625.000,1.71888818302e-06,-115.295047482
2593750.000,1.87263435328e-06,-114.550940276
2596875.000,1.99642680463e-06,-113.994932156
2600000.000,2.08989577233e-06,-113.597507451
2603125.000,2.15307403247e-06,-113.338820738
2606250.000,2.18638372707e-06,-113.205472274
2609375.000,2.19061856192e-06,-113.188664734
2612500.000,2.1669217185e-06,-113.283135552
2615625.000,2.11675986849e-06,-113.486568137
2618750.000,2.04189372089e-06,-113.799337328
2621875.000,1.94434556604e-06,-114.224530919
2625000.000,1.82636431027e-06,-114.768251763
2628125.000,1.69038851674e-06,-115.440269324
2631250.000,1.5390079812e-06,-116.255182559
2634375.000,1.37492438187e-06,-117.234423730
2637500.000,1.20091154023e-06,-118.409779636
2640625.000,1.01977582579e-06,-119.829905748
2643750.000,8.34317223411e-07,-121.573375817
2646875.000,6.47291563493e-07,-123.778001067
2650000.000,4.61374387784e-07,-126.718930362
2653125.000,2.79126895968e-07,-131.083966279
2656250.000,1.02964377128e-07,-139.746260068
2659375.000,6.48725065105e-08,-143.758786434
2662500.000,2.22343264224e-07,-133.059520455
2665625.000,3.67629678198e-07,-128.691788718
2668750.000,4.99154239954e-07,-126.035304710
2671875.000,6.15594755928e-07,-124.214101769
2675000.000,7.15895009057e-07,-122.903013306
2678125.000,7.99271418531e-07,-121.946114337
2681250.000,8.65215696515e-07,-121.257512206
2684375.000,9.13493552705e-07,-120.785890270
2687500.000,9.44139552492e-07,-120.499276165
2690625.000,9.57448283082e-07,-120.377693506
2693750.000,9.53962031259e-07,-120.409378207
2696875.000,9.34455219316e-07,-120.588830118
2700000.000,8.99915887506e-07,-120.915961618
2703125.000,8.51524545559e-07,-121.396056576
2706250.000,7.90630748423e-07,-122.040525990
2709375.000,7.18727776124e-07,-122.868711419
2712500.000,6.37425818423e-07,-123.911406995
2715625.000,5.48424079483e-07,-125.217669701
2718750.000,4.5348222683e-07,-126.868794588
2721875.000,3.54391610962e-07,-129.010331343
2725000.000,2.52946680396e-07,-131.939420316
2728125.000,1.50917006779e-07,-136.425236340
2731250.000,5.00203214729e-08,-146.017070429
2734375.000,4.81030555435e-08,-146.356546721
2737500.000,1.41914037547e-07,-136.959492876
2740625.000,2.29996517013e-07,-132.765574815
2743750.000,3.11076742021e-07,-130.142649163
2746875.000,3.84040067673e-07,-128.312469249
2750000.000,4.47944866757e-07,-126.975508717
2753125.000,5.02033429045e-07,-125.985347268
2756250.000,5.4573972233e-07,-125.260288688
2759375.000,5.78693936392e-07,-124.751021364
2762500.000,6.00723779398e-07,-124.426503527
2765625.000,6.11852542683e-07,-124.267064616
2768750.000,6.12293999777e-07,-124.260799929
2771875.000,6.02444249962e-07,-124.401662728
2775000.000,5.82870663166e-07,-124.688556058
2778125.000,5.54298124917e-07,-125.125131811
2781250.000,5.17592819873e-07,-125.720235138
2784375.000,4.73743829081e-07,-126.489128681
2787500.000,4.23842848696e-07,-127.455902802
2790625.000,3.6906236589e-07,-128.658004770
2793750.000,3.10632651859e-07,-130.155057915
2796875.000,2.49817949773e-07,-132.047527203
2800000.000,1.87892249813e-07,-134.521822667
2803125.000,1.2611505088e-07,-137.984661611
2806250.000,6.57075111237e-08,-143.647699655
2809375.000,7.82938691311e-09,-162.125444888
2812500.000,4.64428494025e-08,-146.661622858
2815625.000,9.61363360263e-08,-140.342248677
2818750.000,1.404002354e-07,-137.052643281
2821875.000,1.78521901909e-07,-134.966169900
2825000.000,2.09940499834e-07,-133.558075463
2828125.000,2.3425780126e-07,-132.606118746
2831250.000,2.51245931059e-07,-131.998019259
2834375.000,2.60851867428e-07,-131.672120997
2837500.000,2.63198550235e-07,-131.594330145
2840625.000,2.58582496261e-07,-131.748017527
2843750.000,2.47467868905e-07,-132.129623633
2846875.000,2.30476999587e-07,-132.747448169
2850000.000,2.08377408855e-07,-133.622987333
2853125.000,1.82065425528e-07,-134.795450390
2856250.000,1.52546552355e-07,-136.331952065
2859375.000,1.20912775429e-07,-138.350556199
2862500.000,8.83170615446e-08,-141.079107781
2865625.000,5.59453322475e-08,-145.044722852
2868750.000,2.49862448782e-08,-152.045980161
2871875.000,3.40085101913e-09,-169.368247855
2875000.000,2.8119379673e-08,-151.019885286
2878125.000,4.816999557e-08,-146.344467873
2881250.000,6.26855740571e-08,-144.056647853
2884375.000,7.09662602134e-08,-142.978961613
2887500.000,7.2514086405e-08,-142.791552405
2890625.000,6.70666607083e-08,-143.469866338
2893750.000,5.46294263011e-08,-145.251467205
2896875.000,3.55059956954e-08,-148.993966078
2900000.000,1.03260735108e-08,-159.721295751
2903125.000,1.99295027289e-08,-154.010070749
2906250.000,5.39070525584e-08,-145.367088263
2909375.000,8.98620948495e-08,-140.928469229
2912500.000,1.25645531143e-07,-138.017059069
2915625.000,1.58694320945e-07,-135.988772294
2918750.000,1.8602695733e-07,-134.608482345
2921875.000,2.0424400428e-07,-133.797013672
2925000.000,2.09533906513e-07,-133.574913800
2928125.000,1.97684228546e-07,-134.080559555
2931250.000,1.64098423003e-07,-135.697911851
2934375.000,1.03818169342e-07,-139.674532669
2937500.000,1.15512637689e-08,-158.747409981
2940625.000,1.18295020033e-07,-138.540670757
2943750.000,2.91575241239e-07,-130.704987128
2946875.000,5.14361976055e-07,-125.774622878
2950000.000,7.92897138351e-07,-122.015662991
2953125.000,1.13353875734e-06,-118.911272522
2956250.000,1.54270358872e-06,-116.234350204
2959375.000,2.02680598791e-06,-113.863756426
2962500.000,2.59219352341e-06,-111.726651576
2965625.000,3.24507985271e-06,-109.775492238
2968750.000,3.99147542358e-06,-107.977330809
2971875.000,4.83711659829e-06,-106.308268877
2975000.000,5.78739382798e-06,-104.750339264
2978125.000,6.84727952769e-06,-103.289638850
2981250.000,8.02125632026e-06,-101.915152110
2984375.000,9.31324632762e-06,-100.617978203
2987500.000,1.07265421931e-05,-99.390805092
2990625.000,1.22637405154e-05,-98.227540943
2993750.000,1.39266783669e-05,-97.123049084
2996875.000,1.57163735509e-05,-96.072953146
3000000.000,1.76329692348e-05,-95.073491004
3003125.000,1.96756835614e-05,-94.121403414
3006250.000,2.18427648123e-05,-93.213847808
3009375.000,2.41314526523e-05,-92.348330678
3012500.000,2.653794594e-05,-91.522653899
3015625.000,2.90573775378e-05,-90.734871677
3018750.000,3.16837965014e-05,-89.983255695
3021875.000,3.4410157966e-05,-89.266266673
3025000.000,3.72283209853e-05,-88.582531004
3028125.000,4.01290545158e-05,-87.930821452
3031250.000,4.3102051666e-05,-87.310041137
3034375.000,4.61359522649e-05,-86.719210219
3037500.000,4.92183737317e-05,-86.157454806
3040625.000,5.23359501574e-05,-85.623997736
3043750.000,5.54743794401e-05,-85.118150945
3046875.000,5.86184782453e-05,-84.639309204
3050000.000,6.17522444937e-05,-84.186945052
3053125.000,6.48589270169e-05,-83.760604806
3056250.000,6.79211019569e-05,-83.359905534
3059375.000,7.09207554242e-05,-82.984532942
3062500.000,7.38393718795e-05,-82.634240127
3065625.000,7.66580276513e-05,-82.308847180
3068750.000,7.93574889534e-05,-82.008241654
3071875.000,8.19183137322e-05,-81.732379922
3075000.000,8.43209566375e-05,-81.481289499
3078125.000,8.65458763776e-05,-81.255072400
3081250.000,8.8573644709e-05,-81.053909684
3084375.000,9.03850562815e-05,-80.878067344
3087500.000,9.19612385669e-05,-80.727903763
3090625.000,9.32837610813e-05,-80.603879041
3093750.000,9.43347431302e-05,-80.506566576
3096875.000,9.50969593052e-05,-80.436667385
3100000.000,9.55539419879e-05,-80.395027837
3103125.000,9.5690080136e-05,-80.382661634
3106250.000,9.54907136523e-05,-80.400777219
3109375.000,9.49422226844e-05,-80.450812105
3112500.000,9.40321112326e-05,-80.534476258
3115625.000,9.27490844908e-05,-80.653807371
3118750.000,9.10831194068e-05,-80.811242082
3121875.000,8.90255279796e-05,-81.009708840
3125000.000,8.65690128973e-05,-81.252750690
3128125.000,8.37077151519e-05,-81.544690244
3131250.000,8.04372533529e-05,-81.890855349
3134375.000,7.6754754507e-05,-82.297894260
3137500.000,7.26588761157e-05,-82.774226481
3140625.000,6.81498194891e-05,-83.330705803
3143750.000,6.32293342564e-05,-83.981627817
3146875.000,5.79007141162e-05,-84.746321598
3150000.000,5.2168783919e-05,-85.651785736
3153125.000,4.60398782636e-05,-86.737316668
3156250.000,3.95218118292e-05,-88.063263079
3159375.000,3.26238417245e-05,-89.729297971
3162500.000,2.53566222068e-05,-91.918171999
3165625.000,1.77321521493e-05,-95.024771019
3168750.000,9.76371570907e-06,-100.207697489
3171875.000,1.46581666531e-06,-116.678406900
3175000.000,7.14589303818e-06,-102.918869775
3178125.000,1.60546900067e-05,-95.887961513
3181250.000,2.52428607702e-05,-91.957228562
3184375.000,3.46917872197e-05,-89.195466520
3187500.000,4.43820354868e-05,-87.055855673
3190625.000,5.42934476182e-05,-85.305051598
3193750.000,6.44052354156e-05,-83.821576560
3196875.000,7.46960757883e-05,-82.534044271
3200000.000,8.5144206975e-05,-81.396897903
3203125.000,9.57275250129e-05,-80.379263388
3206250.000,0.000106423679825,-79.459234570
3209375.000,0.000117210170328,-78.620694059
3212500.000,0.000128064437972,-77.851429042
3215625.000,0.000138963958191,-77.141956482
3218750.000,0.000149886329192,-76.484759528
3221875.000,0.000160809357641,-75.873773657
3225000.000,0.000171711140768,-75.304030530
3228125.000,0.000182570144485,-74.771404815
3231250.000,0.000193365277148,-74.272430201
3234375.000,0.000204075958629,-73.804163095
3237500.000,0.000214682184428,-73.364079887
3240625.000,0.000225164584569,-72.949998345
3243750.000,0.000235504477106,-72.560016644
3246875.000,0.000245683916086,-72.192465481
3250000.000,0.000255685733867,-71.845870060
3253125.000,0.000265493577749,-71.518919600
3256250.000,0.000275091940887,-71.210442651
3259375.000,0.00028446618755,-70.919386953
3262500.000,0.00029360257277,-70.644802862
3265625.000,0.000302488256506,-70.385829626
3268750.000,0.000311111312482,-70.141683940
3271875.000,0.000319460731866,-69.911650355
3275000.000,0.000327526422013,-69.695073182
3278125.000,0.000335299200511,-69.491349642
3281250.000,0.000342770784811,-69.299924023
3284375.000,0.000349933777695,-69.120282696
3287500.000,0.000356781648949,-68.951949833
3290625.000,0.000363308713495,-68.794483720
3293750.000,0.000369510106375,-68.647473577
3296875.000,0.000375381754891,-68.510536794
3300000.000,0.00038092034828,-68.383316545
3303125.000,0.000386123305247,-68.265479697
3306250.000,0.000390988739724,-68.156714998
3309375.000,0.000395515425186,-68.056731485
3312500.000,0.000399702757885,-67.965257103
3315625.000,0.000403550719301,-67.882037485
3318750.000,0.000407059838145,-67.806834888
3321875.000,0.000410231152223,-67.739427263
3325000.000,0.000413066170423,-67.679607434
3328125.000,0.000415566835123,-67.627182384
3331250.000,0.000417735485243,-67.581972626
3334375.000,0.000419574820192,-67.543811657
3337500.000,0.000421087864903,-67.512545482
3340625.000,0.000422277936152,-67.488032194
3343750.000,0.000423148610307,-67.470141622
3346875.000,0.000423703692671,-67.458755020
3350000.000,0.000423947188513,-67.453764810
3353125.000,0.000423883275894,-67.455074359
3356250.000,0.000423516280354,-67.462597807
3359375.000,0.000422850651517,-67.476259918
3362500.000,0.000421890941633,-67.495995984
3365625.000,0.000420641786076,-67.521751744
3368750.000,0.000419107885771,-67.553483351
3371875.000,0.00041729399156,-67.591157369
3375000.000,0.000415204890415,-67.634750797
3378125.000,0.000412845393481,-67.684251138
3381250.000,0.000410220325846,-67.739656495
3384375.000,0.000407334517989,-67.800975715
3387500.000,0.000404192798784,-67.868228565
3390625.000,0.000400799989961,-67.941445960
3393750.000,0.000397160901944,-68.020670234
3396875.000,0.000393280330918,-68.105955467
3400000.000,0.000389163057028,-68.197367874
3403125.000,0.000384813843586,-68.294986254
3406250.000,0.000380237437162,-68.398902518
3409375.000,0.000375438568452,-68.509222295
3412500.000,0.00037042195379,-68.626065638
3415625.000,0.0003651922972,-68.749567828
3418750.000,0.000359754292871,-68.879880300
3421875.000,0.000354112627959,-69.017171713
3425000.000,0.00034827198561,-69.161629161
3428125.000,0.000342237048105,-69.313459573
3431250.000,0.000336012500056,-69.472891321
3434375.000,0.000329603031565,-69.640176050
3437500.000,0.00032301334128,-69.815590796
3440625.000,0.000316248139276,-69.999440422
3443750.000,0.00030931214972,-70.192060413
3446875.000,0.000302210113277,-70.393820127
3450000.000,0.000294946789201,-70.605126544
3453125.000,0.000287526957091,-70.826428636
3456250.000,0.000279955418309,-71.058222453
3459375.000,0.000272236997009,-71.301057090
3462500.000,0.000264376540802,-71.555541684
3465625.000,0.000256378921038,-71.822353690
3468750.000,0.000248249032717,-72.102248700
3471875.000,0.000239991794042,-72.396072154
3475000.000,0.000231612145616,-72.704773404
3478125.000,0.000223115049317,-73.029422703
3481250.000,0.000214505486869,-73.371231889
3484375.000,0.000205788458129,-73.731579735
3487500.000,0.000196968979128,-74.112043320
3490625.000,0.00018805207988,-74.514437177
3493750.000,0.000179042802015,-74.940862681
3496875.000,0.000169946196235,-75.393771029
3500000.000,0.00016076731965,-75.876044577
3503125.000,0.000151511233011,-76.391103349
3506250.000,0.000142182997881,-76.943046661
3509375.000,0.00013278767375,-77.536844745
3512500.000,0.000123330315151,-78.178603175
3515625.000,0.000113815968772,-78.875936013
3518750.000,0.000104249670614,-79.638506171
3521875.000,9.46364431878e-05,-80.478831812
3525000.000,8.49812927909e-05,-81.413533329
3528125.000,7.52892068586e-05,-82.465345559
3531250.000,6.55651514227e-05,-83.666538629
3534375.000,5.5814068665e-05,-85.065126353
3537500.000,4.60408745947e-05,-86.737128702
3540625.000,3.62504568296e-05,-88.813730321
3543750.000,2.64476725121e-05,-91.552250828
3546875.000,1.66373463322e-05,-95.578318856
3550000.000,6.8242686729e-06,-103.318877665
3553125.000,2.98680613518e-06,-110.495859305
3556250.000,1.27911614441e-05,-97.861800391
3559375.000,2.25841198251e-05,-92.923936612
3562500.000,3.23610445117e-05,-89.799549384
3565625.000,4.21173407578e-05,-87.510781150
3568750.000,5.18484571216e-05,-85.705283252
3571875.000,6.15498866834e-05,-84.215454846
3575000.000,7.12171682154e-05,-82.948305981
3578125.000,8.08458872962e-05,-81.846841363
3581250.000,9.0431677402e-05,-80.873588269
3584375.000,9.99702209625e-05,-80.002586960
3587500.000,0.00010945725041,-79.215109313
3590625.000,0.000118888549202,-78.497199452
3593750.000,0.000128259952859,-77.838178481
3596875.000,0.000137567349995,-77.229692572
3600000.000,0.000146806683356,-76.665083455
3603125.000,0.000155973950872,-76.138958538
3606250.000,0.000165065206718,-75.646889198
3609375.000,0.000174076562401,-75.185193964
3612500.000,0.000183004187841,-74.750779436
3615625.000,0.000191844312489,-74.341021432
3618750.000,0.000200593226435,-73.953674724
3621875.000,0.000209247281542,-73.586803510
3625000.000,0.000217802892581,-73.238727136
3628125.000,0.000226256538351,-72.907977234
3631250.000,0.000234604762816,-72.593263506
3634375.000,0.00024284417622,-72.293446142
3637500.000,0.000250971456188,-72.007513389
3640625.000,0.000258983348804,-71.734563155
3643750.000,0.000266876669657,-71.473787811
3646875.000,0.000274648304862,-71.224461542
3650000.000,0.000282295212031,-70.985929756
3653125.000,0.0002898144212,-70.757600156
3656250.000,0.0002972030357,-70.538935178
3659375.000,0.000304458232984,-70.329445550
3662500.000,0.000311577265376,-70.128684774
3665625.000,0.000318557460768,-69.936244382
3668750.000,0.000325396223241,-69.751749841
3671875.000,0.000332091033624,-69.574857002
3675000.000,0.000338639449975,-69.405248998
3678125.000,0.000345039107994,-69.242633552
3681250.000,0.000351287721369,-69.086740599
3684375.000,0.00035738308204,-68.937320203
3687500.000,0.000363323060404,-68.794140725
3690625.000,0.000369105605458,-68.656987186
3693750.000,0.000374728744866,-68.525659831
3696875.000,0.000380190584978,-68.399972844
3700000.000,0.000385489310797,-68.279753199
3703125.000,0.00039062318588,-68.164839645
3706250.000,0.000395590552216,-68.055081782
3709375.000,0.000400389830046,-67.950339244
3712500.000,0.000405019517663,-67.850480957
3715625.000,0.000409478191175,-67.755384477
3718750.000,0.000413764504248,-67.664935381
3721875.000,0.000417877187831,-67.579026732
3725000.000,0.000421815049872,-67.497558584
3728125.000,0.000425576975015,-67.420437534
3731250.000,0.000429161924312,-67.347576321
3734375.000,0.000432568934918,-67.278893456
3737500.000,0.000435797119796,-67.214312887
3740625.000,0.000438845667432,-67.153763698
3743750.000,0.000441713841553,-67.097179829
3746875.000,0.00044440098086,-67.044499824
3750000.000,0.000446906498767,-66.995666599
3753125.000,0.000449229883159,-66.950627236
3756250.000,0.000451370696144,-66.909332792
3759375.000,0.000453328573842,-66.871738120
3762500.000,0.000455103226152,-66.837801717
3765625.000,0.000456694436546,-66.807485579
3768750.000,0.000458102061855,-66.780755070
3771875.000,0.000459326032065,-66.757578809
3775000.000,0.000460366350093,-66.737928562
3778125.000,0.000461223091572,-66.721779149
3781250.000,0.000461896404612,-66.709108366
3784375.000,0.000462386509555,-66.699896905
3787500.000,0.0004626936987,-66.694128300
3790625.000,0.00046281833601,-66.691788869
3793750.000,0.000462760856786,-66.692867670
3796875.000,0.000462521767314,-66.697356471
3800000.000,0.000462101644464,-66.705249719
3803125.000,0.000461501135257,-66.716544526
3806250.000,0.000460720956396,-66.731240659
3809375.000,0.000459761893726,-66.749340541
3812500.000,0.000458624801674,-66.770849261
3815625.000,0.000457310602622,-66.795774590
3818750.000,0.000455820286231,-66.824127010
3821875.000,0.000454154908717,-66.855919748
3825000.000,0.000452315592077,-66.891168823
3828125.000,0.000450303523254,-66.929893101
3831250.000,0.000448119953265,-66.972114360
3834375.000,0.000445766196271,-67.017857368
3837500.000,0.000443243628605,-67.067149969
3840625.000,0.000440553687759,-67.120023181
3843750.000,0.000437697871331,-67.176511310
3846875.000,0.000434677735928,-67.236652074
3850000.000,0.000431494896049,-67.300486740
3853125.000,0.00042815102293,-67.368060281
3856250.000,0.000424647843373,-67.439421544
3859375.000,0.000420987138553,-67.514623439
3862500.000,0.000417170742806,-67.593723146
3865625.000,0.000413200542418,-67.676782341
3868750.000,0.000409078474403,-67.763867447
3871875.000,0.000404806525273,-67.855049910
3875000.000,0.000400386729827,-67.950406499
3878125.000,0.00039582116994,-68.050019638
3881250.000,0.000391111973356,-68.153977770
3884375.000,0.000386261312508,-68.262375762
3887500.000,0.000381271403344,-68.375315341
3890625.000,0.00037614450418,-68.492905585
3893750.000,0.000370882914574,-68.615263456
3896875.000,0.000365488974208,-68.742514399
3900000.000,0.000359965061815,-68.874792996
3903125.000,0.000354313594114,-69.012243691
3906250.000,0.000348537024769,-69.155021608
3909375.000,0.000342637843377,-69.303293443
3912500.000,0.000336618574468,-69.457238470
3915625.000,0.000330481776528,-69.617049669
3918750.000,0.000324230041045,-69.782934974
3921875.000,0.000317865991552,-69.955118694
3925000.000,0.000311392282701,-70.133843097
3928125.000,0.000304811599329,-70.319370207
3931250.000,0.000298126655541,-70.511983838
3934375.000,0.000291340193786,-70.711991905
3937500.000,0.000284454983937,-70.919729051
3940625.000,0.000277473822359,-71.135559663
3943750.000,0.00027039953098,-71.359881321
3946875.000,0.000263234956335,-71.593128780
3950000.000,0.000255982968606,-71.835778576
3953125.000,0.000248646460643,-72.088354367
3956250.000,0.000241228346965,-72.351433184
3959375.000,0.000233731562732,-72.625652744
3962500.000,0.000226159062702,-72.911720088
3965625.000,0.000218513820164,-73.210421807
3968750.000,0.000210798825838,-73.522636250
3971875.000,0.000203017086759,-73.849348170
3975000.000,0.000195171625121,-74.191666433
3978125.000,0.000187265477113,-74.550845572
3981250.000,0.000179301691726,-74.928312256
3984375.000,0.000171283329529,-75.325698070
3987500.000,0.000163213461438,-75.744880492
3990625.000,0.000155095167466,-76.188034679
3993750.000,0.00014693153545,-76.657699659
3996875.000,0.000138725659773,-77.156864020
4000000.000,0.000130480640082,-77.689078430
4003125.000,0.00012219958,-78.258605735
4006250.000,0.000113885585827,-78.870624797
4009375.000,0.000105541765268,-79.531512924
4012500.000,9.71712261436e-05,-80.249246343
4015625.000,8.87770751291e-05,-81.033983349
4018750.000,8.03624165013e-05,-81.898940249
4021875.000,7.19303509077e-05,-82.861756420
4025000.000,6.34839741557e-05,-83.946717877
4028125.000,5.5026376025e-05,-85.188581768
4031250.000,4.65606391135e-05,-86.639621340
4034375.000,3.8089837707e-05,-88.383817556
4037500.000,2.96170366847e-05,-90.569167934
4040625.000,2.11452904538e-05,-93.495726899
4043750.000,1.26776419235e-05,-97.939230378
4046875.000,4.21712150933e-06,-107.499677707
4050000.000,4.23325383223e-06,-107.466513796
4053125.000,1.26704815236e-05,-97.944137601
4056250.000,2.10915742645e-05,-93.517820071
4059375.000,2.94935609039e-05,-90.605455795
4062500.000,3.78734872595e-05,-88.433294094
4065625.000,4.62284169439e-05,-86.701819568
4068750.000,5.45554321372e-05,-85.263239996
4071875.000,6.28516343678e-05,-84.033668492
4075000.000,7.11141452436e-05,-82.960880112
4078125.000,7.93401071972e-05,-82.010144342
4081250.000,8.75266842124e-05,-81.157190473
4084375.000,9.56710625332e-05,-80.384388054
4087500.000,0.000103770451387,-79.678525883
4090625.000,0.000111822083694,-79.029448387
4093750.000,0.000119823216792,-78.429180509
4096875.000,0.000127771133155,-77.871345072
4100000.000,0.00013566314113,-77.350762631
4103125.000,0.000143496575684,-76.863169251
4106250.000,0.00015126879916,-76.405012814
4109375.000,0.000158977202052,-75.973303015
4112500.000,0.000166619203789,-75.565498904
4115625.000,0.000174192253543,-75.179423246
4118750.000,0.000181693831042,-74.813196356
4121875.000,0.000189121447405,-74.465184340
4125000.000,0.000196472645986,-74.133958119
4128125.000,0.000203745003228,-73.818260667
4131250.000,0.000210936129525,-73.516980543
4134375.000,0.000218043670093,-73.229130331
4137500.000,0.000225065305824,-72.953828941
4140625.000,0.000231998754173,-72.690286945
4143750.000,0.000238841769995,-72.437794381
4146875.000,0.000245592146399,-72.195710505
4150000.000,0.000252247715577,-71.963455163
4153125.000,0.000258806349604,-71.740501456
4156250.000,0.00026526596122,-71.526369497
4159375.000,0.00027162450458,-71.320621056
4162500.000,0.000277879975957,-71.122854947
4165625.000,0.000284030414418,-70.932703051
4168750.000,0.000290073902446,-70.749826846
4171875.000,0.000296008566512,-70.573914405
4175000.000,0.000301832577603,-70.404677749
4178125.000,0.000307544151686,-70.241850544
4181250.000,0.000313141550125,-70.085186058
4184375.000,0.000318623080032,-69.934455370
4187500.000,0.000323987094566,-69.789445776
4190625.000,0.000329231993167,-69.649959376
4193750.000,0.000334356221751,-69.515811819
4196875.000,0.000339358272829,-69.386831183
4200000.000,0.000344236685589,-69.262856968
4203125.000,0.000348990045933,-69.143739201
4206250.000,0.000353616986461,-69.029337625
4209375.000,0.000358116186424,-68.919520979
4212500.000,0.00036248637165,-68.814166338
4215625.000,0.000366726314441,-68.713158523
4218750.000,0.000370834833454,-68.616389565
4221875.000,0.000374810793567,-68.523758221
4225000.000,0.000378653105756,-68.435169534
4228125.000,0.000382360726962,-68.350534427
4231250.000,0.000385932659984,-68.269769344
4234375.000,0.00038936795339,-68.192795912
4237500.000,0.000392665701448,-68.119540636
4240625.000,0.000395825044103,-68.049934623
4243750.000,0.000398845166989,-67.983913323
4246875.000,0.000401725301496,-67.921416293
4250000.000,0.000404464724867,-67.862386982
4253125.000,0.000407062760376,-67.806772534
4256250.000,0.000409518777547,-67.754523597
4259375.000,0.000411832192431,-67.705594162
4262500.000,0.000414002467942,-67.659941399
4265625.000,0.000416029114249,-67.617525517
4268750.000,0.000417911689219,-67.578309625
4271875.000,0.000419649798903,-67.542259613
4275000.000,0.00042124309806,-67.509344037
4278125.000,0.000422691290731,-67.479534008
4281250.000,0.000423994130798,-67.452803103
4284375.000,0.000425151422595,-67.429127268
4287500.000,0.000426163021484,-67.408484742
4290625.000,0.000427028834441,-67.390855979
4293750.000,0.000427748820592,-67.376223585
4296875.000,0.000428322991711,-67.364572255
4300000.000,0.000428751412665,-67.355888720
4303125.000,0.000429034201764,-67.350161707
4306250.000,0.000429171531027,-67.347381891
4309375.000,0.000429163626329,-67.347541874
4312500.000,0.000429010767427,-67.350636153
4315625.000,0.000428713287833,-67.356661109
4318750.000,0.000428271574527,-67.365614998
4321875.000,0.000427686067502,-67.377497946
4325000.000,0.000426957259124,-67.392311963
4328125.000,0.000426085693284,-67.410060958
4331250.000,0.000425071964357,-67.430750760
4334375.000,0.000423916715947,-67.454389159
4337500.000,0.000422620639414,-67.480985945
4340625.000,0.00042118447219,-67.510552967
4343750.000,0.000419608995892,-67.543104193
4346875.000,0.000417895034208,-67.578655790
4350000.000,0.00041604345061,-67.617226206
4353125.000,0.000414055145878,-67.658836272
4356250.000,0.000411931055446,-67.703509308
4359375.000,0.000409672146627,-67.751271249
4362500.000,0.0004072794157,-67.802150781
4365625.000,0.000404753884909,-67.856179482
4368750.000,0.000402096599413,-67.913391995
4371875.000,0.000399308624192,-67.973826198
4375000.000,0.000396391040983,-68.037523395
4378125.000,0.000393344945271,-68.104528528
4381250.000,0.000390171443366,-68.174890396
4384375.000,0.000386871649635,-68.248661893
4387500.000,0.000383446683932,-68.325900274
4390625.000,0.000379897669259,-68.406667418
4393750.000,0.000376225729728,-68.491030135
4396875.000,0.000372431988869,-68.579060475
4400000.000,0.000368517568333,-68.670836064
4403125.000,0.000364483587033,-68.766440470
4406250.000,0.000360331160785,-68.865963585
4409375.000,0.000356061402492,-68.969502037
4412500.000,0.000351675422909,-69.077159632
4415625.000,0.000347174332028,-69.189047828
4418750.000,0.000342559241133,-69.305286243
4421875.000,0.000337831265546,-69.426003198
4425000.000,0.000332991528091,-69.551336312
4428125.000,0.000328041163299,-69.681433134
4431250.000,0.000322981322373,-69.816451834
4434375.000,0.000317813178918,-69.956561953
4437500.000,0.000312537935428,-70.101945221
4440625.000,0.000307156830541,-70.252796448
4443750.000,0.000301671147026,-70.409324508
4446875.000,0.000296082220497,-70.571753417
4450000.000,0.000290391448811,-70.740323530
4453125.000,0.000284600302109,-70.915292865
4456250.000,0.000278710333457,-71.096938582
4459375.000,0.000272723190021,-71.285558637
4462500.000,0.000266640624722,-71.481473636
4465625.000,0.000260464508275,-71.685028934
4468750.000,0.000254196841548,-71.896596999
4471875.000,0.000247839768145,-72.116580117
4475000.000,0.000241395587109,-72.345413468
4478125.000,0.000234866765648,-72.583568657
4481250.000,0.000228255951767,-72.831557789
4484375.000,0.000221565986696,-73.089938175
4487500.000,0.000214799916999,-73.359317816
4490625.000,0.000207961006222,-73.640361798
4493750.000,0.000201052745975,-73.933799819
4496875.000,0.00019407886632,-74.240435067
4500000.000,0.000187043345314,-74.561154773
4503125.000,0.000179950417609,-74.896942823
4506250.000,0.000172804581975,-75.248894925
4509375.000,0.000165610607624,-75.618236988
4512500.000,0.0001583735392,-76.006347558
4515625.000,0.000151098700369,-76.414785422
4518750.000,0.000143791695852,-76.845323885
4521875.000,0.00013645841184,-77.299993751
4525000.000,0.00012910501469,-77.781137771
4528125.000,0.000121737947819,-78.291480472
4531250.000,0.000114363926744,-78.834218827
4534375.000,0.000106989932192,-79.413141755
4537500.000,9.96232012561e-05,-80.032790138
4540625.000,9.22712165567e-05,-80.698675067
4543750.000,8.49416934035e-05,-81.417581703
4546875.000,7.76425649413e-05,-82.198002520
4550000.000,7.03819653146e-05,-83.050772206
4553125.000,6.31682108651e-05,-83.990028472
4556250.000,5.60097794176e-05,-85.034722754
4559375.000,4.89152877133e-05,-86.211107753
4562500.000,4.18934670694e-05,-87.557073926
4565625.000,3.49531373504e-05,-89.130276729
4568750.000,2.81031793746e-05,-91.024890892
4571875.000,2.13525058648e-05,-93.411023004
4575000.000,1.47100310837e-05,-96.647728191
4578125.000,8.18463931202e-06,-101.740009094
4581250.000,1.78515231886e-06,-114.966494432
4584375.000,4.47970398972e-06,-106.975013648
4587500.000,1.06013335632e-05,-99.492790010
4590625.000,1.65713046569e-05,-95.612865966
4593750.000,2.23813845159e-05,-93.002261029
4596875.000,2.8023574105e-05,-91.049529519
4600000.000,3.34901426658e-05,-89.501660048
4603125.000,3.8773661883e-05,-88.229263624
4606250.000,4.38670394379e-05,-87.157233498
4609375.000,4.87635517436e-05,-86.238093392
4612500.000,5.34568756334e-05,-85.439928556
4615625.000,5.79411187966e-05,-84.740262463
4618750.000,6.22108487413e-05,-84.122677471
4621875.000,6.62611201054e-05,-83.574824538
4625000.000,7.00875000969e-05,-83.087188606
4628125.000,7.36860918987e-05,-82.652289532
4631250.000,7.70535558445e-05,-82.264146296
4634375.000,8.01871282363e-05,-81.917906795
4637500.000,8.3084637625e-05,-81.609585400
4640625.000,8.57445184456e-05,-81.335872687
4643750.000,8.81658218853e-05,-81.093994792
4646875.000,9.03482238847e-05,-80.881607612
4650000.000,9.22920302024e-05,-80.696716010
4653125.000,9.39981784715e-05,-80.537611244
4656250.000,9.54682372236e-05,-80.402821928
4659375.000,9.67044018455e-05,-80.291075140
4662500.000,9.77094874832e-05,-80.201265294
4665625.000,9.84869189026e-05,-80.132428979
4668750.000,9.90407173594e-05,-80.083724454
4671875.000,9.93754845292e-05,-80.054414816
4675000.000,9.94963835959e-05,-80.043854086
4678125.000,9.94091175816e-05,-80.051475625
4681250.000,9.91199050494e-05,-80.076782453
4684375.000,9.86354533149e-05,-80.119339102
4687500.000,9.79629293236e-05,-80.178764738
4690625.000,9.71099283549e-05,-80.254727326
4693750.000,9.60844407499e-05,-80.346938666
4696875.000,9.4894816853e-05,-80.455150161
4700000.000,9.35497303826e-05,-80.579149197
4703125.000,9.20581404435e-05,-80.718756040
4706250.000,9.04292524151e-05,-80.873821190
4709375.000,8.86724779496e-05,-81.044223100
4712500.000,8.67973943174e-05,-81.229866245
4715625.000,8.4813703343e-05,-81.430679463
4718750.000,8.27311901793e-05,-81.646614556
4721875.000,8.05596821612e-05,-81.877645118
4725000.000,7.83090079804e-05,-82.123765553
4728125.000,7.59889574169e-05,-82.384990281
4731250.000,7.36092418683e-05,-82.661353104
4734375.000,7.11794558889e-05,-82.952906723
4737500.000,6.87090399621e-05,-83.259722392
4740625.000,6.62072447105e-05,-83.581889708
4743750.000,6.36830967328e-05,-83.919516524
4746875.000,6.11453662515e-05,-84.272728986
4750000.000,5.86025367341e-05,-84.641671684
4753125.000,5.60627766383e-05,-85.026507932
4756250.000,5.35339134142e-05,-85.427420157
4759375.000,5.10234098802e-05,-85.844610420
4762500.000,4.85383430681e-05,-86.278301061
4765625.000,4.60853856202e-05,-86.728735484
4768750.000,4.36707897974e-05,-87.196179074
4771875.000,4.13003741394e-05,-87.680920281
4775000.000,3.89795128027e-05,-88.183271867
4778125.000,3.67131275763e-05,-88.703572331
4781250.000,3.45056825634e-05,-89.242187546
4784375.000,3.23611814974e-05,-89.799512616
4787500.000,3.02831676378e-05,-90.375973987
4790625.000,2.82747261828e-05,-90.972031843
4793750.000,2.63384891131e-05,-91.588182832
4796875.000,2.447664237e-05,-92.224963152
4800000.000,2.26909352538e-05,-92.882952068
4803125.000,2.09826919198e-05,-93.562775918
4806250.000,1.9352824831e-05,-94.265112686
4809375.000,1.78018500257e-05,-94.990697241
4812500.000,1.6329904038e-05,-95.740327347
4815625.000,1.49367623114e-05,-96.514870598
4818750.000,1.36218589347e-05,-97.315272430
4821875.000,1.23843075246e-05,-98.142565444
4825000.000,1.12229230781e-05,-98.997880275
4828125.000,1.0136244616e-05,-99.882458345
4831250.000,9.12255843676e-06,-100.797666920
4834375.000,8.17992180304e-06,-101.745016960
4837500.000,7.30618688506e-06,-102.726184463
4840625.000,6.49902478923e-06,-103.743036130
4843750.000,5.75594950482e-06,-104.797660493
4846875.000,5.07434160913e-06,-105.892405981
4850000.000,4.45147157759e-06,-107.029927905
4853125.000,3.88452255539e-06,-108.213247050
4856250.000,3.37061245492e-06,-109.445823575
4859375.000,2.90681525483e-06,-110.731651386
4862500.000,2.49018138662e-06,-112.075380349
4865625.000,2.11775710661e-06,-113.482477044
4868750.000,1.78660276267e-06,-114.959439976
4871875.000,1.49380987772e-06,-116.514093463
4875000.000,1.23651698433e-06,-118.155998279
4878125.000,1.01192415734e-06,-119.897040724
4881250.000,8.17306204152e-07,-121.752304087
4884375.000,6.50024484747e-07,-123.741405686
4887500.000,5.07537345699e-07,-125.890639918
4890625.000,3.87409164535e-07,-128.236602197
4893750.000,2.87318012165e-07,-130.832742939
4896875.000,2.0506195214e-07,-133.762298251
4900000.000,1.38564005893e-07,-137.166991393
4903125.000,8.58758228221e-08,-141.322581774
4906250.000,4.51801030661e-08,-146.901055654
4909375.000,1.47918289668e-08,-156.599562469
4912500.000,6.84163141028e-09,-163.296806539
4915625.000,2.11414789063e-08,-153.497292717
4918750.000,2.93994207114e-08,-150.633224538
4921875.000,3.27805106512e-08,-149.687685706
4925000.000,3.23268087211e-08,-149.808743330
4928125.000,2.89617734803e-08,-150.763496951
4931250.000,2.34952991525e-08,-152.580380420
4934375.000,1.66293083714e-08,-155.582516262
4937500.000,8.96381148613e-09,-160.950145710
4940625.000,1.00334416366e-09,-179.971001425
4943750.000,6.83630330582e-09,-163.303573544
4946875.000,1.42211492517e-08,-156.941306112
4950000.000,2.08919575381e-08,-153.600417310
4953125.000,2.66571255697e-08,-151.483733645
4956250.000,3.13855964799e-08,-150.065392264
4959375.000,3.49998638059e-08,-149.118672912
4962500.000,3.74691316861e-08,-148.526527424
4965625.000,3.88026880055e-08,-148.222763764
4968750.000,3.90435420235e-08,-148.169015802
4971875.000,3.82623718895e-08,-148.344562230
4975000.000,3.65518211994e-08,-148.741819588
4978125.000,3.40211774069e-08,-149.365013207
4981250.000,3.07914585985e-08,-150.231394760
4984375.000,2.69909288487e-08,-151.375643393
4987500.000,2.27510562801e-08,-152.859968705
4990625.000,1.82029219986e-08,-154.797177838
4993750.000,1.34740823892e-08,-157.410016028
4996875.000,8.68588189702e-09,-161.223721602
5000000.000,3.95120834545e-09,-168.065401391
5003125.000,6.27321783555e-10,-184.050192629
5006250.000,4.95876492871e-09,-166.092529581
5009375.000,8.96485950406e-09,-160.949130245
5012500.000,1.2580666347e-08,-158.005927109
5015625.000,1.57548673421e-08,-156.051704986
5018750.000,1.84497513184e-08,-154.680189665
5021875.000,2.06409182019e-08,-153.705419744
5025000.000,2.23167337234e-08,-153.027387368
5028125.000,2.34775678837e-08,-152.586937901
5031250.000,2.4134850784e-08,-152.347107638
5034375.000,2.43099793436e-08,-152.284308204
5037500.000,2.40331080009e-08,-152.383801238
5040625.000,2.33418555753e-08,-152.637292448
5043750.000,2.22799592489e-08,-153.041712157
5046875.000,2.08959050314e-08,-153.598776284
5050000.000,1.9241562195e-08,-154.315193422
5053125.000,1.73708470382e-08,-155.203580079
5056250.000,1.53384389759e-08,-156.284376743
5059375.000,1.31985694095e-08,-157.589462787
5062500.000,1.10039012049e-08,-159.169066349
5065625.000,8.80451378979e-09,-161.105892440
5068750.000,6.64700613635e-09,-163.547478406
5071875.000,4.57372703099e-09,-166.794595170
5075000.000,2.62213925386e-09,-171.626884959
5078125.000,8.24321590432e-10,-181.678066501
5081250.000,7.93390071783e-10,-182.010264769
5084375.000,2.2106237654e-09,-173.109703308
5087500.000,3.41305814749e-09,-169.337126254
5090625.000,4.39238058785e-09,-167.146000730
5093750.000,5.14612429787e-09,-165.770394564
5096875.000,5.67739386689e-09,-164.917019515
5100000.000,5.99449006497e-09,-164.444955105
5103125.000,6.11044599479e-09,-164.278541798
5106250.000,6.04248766265e-09,-164.375684553
5109375.000,5.81143274357e-09,-164.714335680
5112500.000,5.44104179122e-09,-165.286358768
5115625.000,4.95733633948e-09,-166.095032292
5118750.000,4.38789830933e-09,-167.154868917
5121875.000,3.76116486126e-09,-168.493552599
5125000.000,3.10573234143e-09,-170.156719508
5128125.000,2.449682266e-09,-172.217804836
5131250.000,1.81994141312e-09,-174.798851849
5134375.000,1.24168703567e-09,-178.119757066
5137500.000,7.37807022334e-10,-182.641144311
5140625.000,3.28423520193e-10,-189.671314965
5143750.000,3.04871313158e-11,-210.317668772
5146875.000,1.42552680634e-10,-196.920492232
5150000.000,1.80996854438e-10,-194.846579454
5153125.000,7.90630845885e-11,-202.040524920
5156250.000,1.65031787253e-10,-195.648647940
5159375.000,5.49072888919e-10,-185.207399991
5162500.000,1.06693004083e-09,-179.437281131
5165625.000,1.70871880324e-09,-175.346588029
5168750.000,2.46103527816e-09,-172.177643216
5171875.000,3.3072589252e-09,-169.610636057
5175000.000,4.22791658861e-09,-167.477471787
5178125.000,5.20110003026e-09,-165.678095871
5181250.000,6.20292848701e-09,-164.148064515
5184375.000,7.20804716755e-09,-162.843647602
5187500.000,8.1901521537e-09,-161.734160600
5190625.000,9.12253189311e-09,-160.797692193
5193750.000,9.97861534337e-09,-160.018594366
5196875.000,1.07325168921e-08,-159.385968386
5200000.000,1.13595683636e-08,-158.892763409
5203125.000,1.18368287993e-08,-158.535292674
5206250.000,1.21435631907e-08,-158.313077259
5209375.000,1.22616819843e-08,-158.228999036
5212500.000,1.21761339327e-08,-158.289811670
5215625.000,1.1875245733e-08,-158.507147896
5218750.000,1.13510028414e-08,-158.899315352
5221875.000,1.05992668868e-08,-159.494483446
5225000.000,9.61992619654e-09,-160.336565197
5228125.000,8.41697706358e-09,-161.496877126
5231250.000,6.99853455028e-09,-163.099857781
5234375.000,5.37677275698e-09,-165.389566362
5237500.000,3.56779564492e-09,-168.952000579
5240625.000,1.59144060052e-09,-175.964191330
5243750.000,5.2898201499e-10,-185.531181868
5246875.000,2.7670090698e-09,-171.159788346
5250000.000,5.09339944504e-09,-165.859845267
5253125.000,7.47655739866e-09,-162.525966564
5256250.000,9.88299776153e-09,-160.102226060
5259375.000,1.22778456002e-08,-158.217556648
5262500.000,1.46253624939e-08,-156.697867220
5265625.000,1.68894911682e-08,-155.447668686
5268750.000,1.90344100064e-08,-154.409211602
5271875.000,2.10250888093e-08,-153.545243222
5275000.000,2.28278372367e-08,-152.830704653
5278125.000,2.44108374419e-08,-152.248346427
5281250.000,2.57446527388e-08,-151.786259237
5284375.000,2.68027045065e-08,-151.436427632
5287500.000,2.75617100225e-08,-151.193876816
5290625.000,2.80020745707e-08,-151.056195844
5293750.000,2.81082318298e-08,-151.023329463
5296875.000,2.7868927361e-08,-151.097594928
5300000.000,2.72774408671e-08,-151.283927541
5303125.000,2.63317438238e-08,-151.590407574
5306250.000,2.50345900248e-08,-152.029190327
5309375.000,2.33935375924e-08,-152.618081976
5312500.000,2.14209020276e-08,-153.383244902
5315625.000,1.9133640834e-08,-154.364047653
5318750.000,1.6553171301e-08,-155.622375812
5321875.000,1.37051239657e-08,-157.262340636
5325000.000,1.06190351998e-08,-159.478298792
5328125.000,7.32798324301e-09,-162.700310649
5331250.000,3.86817281259e-09,-168.249882637
5334375.000,2.78474126559e-10,-191.104302991
5337500.000,3.40007717214e-09,-169.370224512
5340625.000,7.12481217155e-09,-162.944531606
5343750.000,1.0851985458e-08,-159.289815938
5346875.000,1.45373487168e-08,-156.750295835
5350000.000,1.81367331589e-08,-154.828818732
5353125.000,2.16066326649e-08,-153.308258229
5356250.000,2.49047795525e-08,-152.074345962
5359375.000,2.7990705025e-08,-151.059723249
5362500.000,3.08262765437e-08,-150.221578597
5365625.000,3.33762047771e-08,-149.531260973
5368750.000,3.56085131909e-08,-148.968923192
5371875.000,3.74949638775e-08,-148.520541209
5375000.000,3.90114339097e-08,-148.176161728
5378125.000,4.01382371181e-08,-147.928834115
5381250.000,4.0860387075e-08,-147.773950471
5384375.000,4.1167797777e-08,-147.708847289
5387500.000,4.10554195084e-08,-147.732590117
5390625.000,4.0523308163e-08,-147.845902156
5393750.000,3.95766272929e-08,-148.051224380
5396875.000,3.82255830623e-08,-148.352917630
5400000.000,3.64852931552e-08,-148.757643198
5403125.000,3.4375591662e-08,-149.274996363
5406250.000,3.19207727566e-08,-149.918532071
5409375.000,2.91492768485e-08,-150.707444300
5412500.000,2.60933236188e-08,-151.669411988
5415625.000,2.27884970728e-08,-152.845686322
5418750.000,1.92732883566e-08,-154.300883617
5421875.000,1.55886026066e-08,-156.143856282
5425000.000,1.17772365849e-08,-158.579132012
5428125.000,7.88333417855e-09,-162.065801262
5431250.000,3.95182710061e-09,-168.064041296
5434375.000,2.7868307175e-11,-211.097788223
5437500.000,3.84373434305e-09,-168.304932718
5440625.000,7.61907668685e-09,-162.361953104
5443750.000,1.12557017613e-08,-158.972548456
5446875.000,1.47131211689e-08,-156.645903768
5450000.000,1.79533075198e-08,-154.917110602
5453125.000,2.09411517052e-08,-153.579988740
5456250.000,2.36448791849e-08,-152.525258014
5459375.000,2.60364201294e-08,-151.688374584
5462500.000,2.8091728891e-08,-151.028430631
5465625.000,2.97910489915e-08,-150.518284086
5468750.000,3.11191205893e-08,-150.139453689
5471875.000,3.2065328178e-08,-149.879286217
5475000.000,3.26237870828e-08,-149.729312519
5478125.000,3.2793368174e-08,-149.684279502
5481250.000,3.25776610302e-08,-149.741601997
5484375.000,3.19848766181e-08,-149.901106405
5487500.000,3.10276913549e-08,-150.165010746
5490625.000,2.97230351811e-08,-150.538136889
5493750.000,2.8091827035e-08,-151.028400285
5496875.000,2.6158661716e-08,-151.647689568
5500000.000,2.39514528339e-08,-152.413362765
5503125.000,2.1501037011e-08,-153.350811865
5506250.000,1.88407449997e-08,-154.498038567
5509375.000,1.60059457845e-08,-155.914373170
5512500.000,1.3033569989e-08,-157.698732232
5515625.000,9.96161918252e-09,-160.033401294
5518750.000,6.82866773643e-09,-163.313280366
5521875.000,3.67336396813e-09,-168.698720766
5525000.000,5.33937204477e-10,-185.450196333
5528125.000,2.55228274298e-09,-171.861424319
5531250.000,5.54932742369e-09,-165.115193000
5534375.000,8.42302700724e-09,-161.490636136
5537500.000,1.11414174042e-08,-159.061191100
5540625.000,1.36751122115e-08,-157.281382027
5543750.000,1.59976349539e-08,-155.918884350
5546875.000,1.80857076978e-08,-154.853289851
5550000.000,1.99194927496e-08,-154.014434502
5553125.000,2.14827848356e-08,-153.358188426
5556250.000,2.27631518553e-08,-152.855352088
5559375.000,2.37520230498e-08,-152.485987879
5562500.000,2.44447241119e-08,-152.236297198
5565625.000,2.48404595704e-08,-152.096807472
5568750.000,2.49422434239e-08,-152.061289732
5571875.000,2.47567797465e-08,-152.126116942
5575000.000,2.42942956393e-08,-152.289913757
5578125.000,2.35683295212e-08,-152.553423967
5581250.000,2.25954783444e-08,-152.919569205
5584375.000,2.13951078225e-08,-153.393710410
5587500.000,1.99890302373e-08,-153.984165501
5590625.000,1.84011547638e-08,-154.703098440
5593750.000,1.66571155793e-08,-155.568004016
5596875.000,1.47838832597e-08,-156.604229510
5600000.000,1.2809365126e-08,-157.849447896
5603125.000,1.07620002751e-08,-159.362140024
5606250.000,8.67035504769e-09,-161.239262359
5609375.000,6.56272457489e-09,-163.658316438
5612500.000,4.46674591137e-09,-167.000175029
5615625.000,2.40902800793e-09,-172.363163015
5618750.000,4.14803470316e-10,-187.643152378
5621875.000,1.4923933095e-09,-176.522334132
5625000.000,3.29101751824e-09,-169.653396119
5628125.000,4.96177112022e-09,-166.087265460
5631250.000,6.48782278262e-09,-163.758020431
5634375.000,7.85498797057e-09,-162.097089514
5637500.000,9.05186727863e-09,-160.865236449
5640625.000,1.00699416755e-08,-159.939460897
5643750.000,1.09036239807e-08,-159.248582677
5646875.000,1.15502665286e-08,-158.748159882
5650000.000,1.20101256083e-08,-158.409049010
5653125.000,1.22862838841e-08,-158.211589084
5656250.000,1.2384532594e-08,-158.142407590
5659375.000,1.23132158873e-08,-158.192570120
5662500.000,1.20830401779e-08,-158.356475608
5665625.000,1.170685187e-08,-158.631197537
5668750.000,1.11993872301e-08,-159.016114778
5671875.000,1.05769985428e-08,-159.512751110
5675000.000,9.85736098123e-09,-160.124786782
5678125.000,9.0591648634e-09,-160.858236735
5681250.000,8.20179811616e-09,-161.721818498
5684375.000,7.30502386164e-09,-162.727567222
5687500.000,6.38865806053e-09,-163.891807119
5690625.000,5.47225208463e-09,-165.236678093
5693750.000,4.57478496692e-09,-166.792586294
5696875.000,3.71436988317e-09,-168.602297013
5700000.000,2.90797915642e-09,-170.728174214
5703125.000,2.17119175557e-09,-173.266036376
5706250.000,1.51796688163e-09,-176.374754072
5709375.000,9.60446808281e-10,-180.350533647
5712500.000,5.08791671741e-10,-185.869200123
5715625.000,1.71048400447e-10,-195.337619655
5718750.000,4.69445640052e-11,-206.568293801
5721875.000,1.41615655114e-10,-196.977774685
5725000.000,1.11681151784e-10,-199.040402315
5728125.000,4.18712262189e-11,-207.561686408
5731250.000,3.15835485277e-10,-190.010781540
5734375.000,7.04876119382e-10,-183.037744054
5737500.000,1.20165076377e-09,-178.404434663
5740625.000,1.79696453041e-09,-174.909209904
5743750.000,2.47995334568e-09,-172.111129786
5746875.000,3.23829318118e-09,-169.793676693
5750000.000,4.05843168927e-09,-167.832835192
5753125.000,4.92583842717e-09,-166.150396752
5756250.000,5.82526958979e-09,-164.693679419
5759375.000,6.74104296124e-09,-163.425458101
5762500.000,7.65731865742e-09,-162.318465589
5765625.000,8.55838115942e-09,-161.352167510
5768750.000,9.4289181276e-09,-160.510762706
5771875.000,1.02542915525e-08,-159.781886775
5775000.000,1.10207969259e-08,-159.155740001
5778125.000,1.17159063018e-08,-158.624482205
5781250.000,1.2328491385e-08,-158.181801280
5784375.000,1.28490230813e-08,-157.822597815
5787500.000,1.32697443195e-08,-157.542748900
5790625.000,1.35848133611e-08,-157.338926478
5793750.000,1.37904152751e-08,-157.208453112
5796875.000,1.38848397324e-08,-157.149182576
5800000.000,1.38685238018e-08,-157.159395276
5803125.000,1.37440589582e-08,-157.237699810
5806250.000,1.35161620676e-08,-157.382932188
5809375.000,1.3191610657e-08,-157.594043503
5812500.000,1.27791433378e-08,-157.869965171
5815625.000,1.22893267725e-08,-158.209438155
5818750.000,1.17343911063e-08,-158.610788818
5821875.000,1.11280362585e-08,-159.071629359
5825000.000,1.04852119362e-08,-159.588455735
5828125.000,9.82187463398e-09,-160.156112270
5831250.000,9.15472525762e-09,-160.767093695
5834375.000,8.50093131452e-09,-161.410669856
5837500.000,7.87783787527e-09,-162.071859223
5840625.000,7.30267169893e-09,-162.730364464
5843750.000,6.79224304765e-09,-163.359735641
5846875.000,6.36264977852e-09,-163.927239622
5850000.000,6.02898829486e-09,-164.395111186
5853125.000,5.80507587015e-09,-164.723841996
5856250.000,5.703188719e-09,-164.877645147
5859375.000,5.73381998511e-09,-164.831118919
5862500.000,5.90546155404e-09,-164.574923070
5865625.000,6.22441327299e-09,-164.118031597
5868750.000,6.6946227844e-09,-163.485477775
5871875.000,7.31755875314e-09,-162.712675638
5875000.000,8.09211979894e-09,-161.838753928
5878125.000,9.01458094092e-09,-160.901089149
5881250.000,1.00785788275e-08,-159.932014062
5884375.000,1.12751364692e-08,-158.957563858
5887500.000,1.25927276219e-08,-157.997603805
5890625.000,1.40173803961e-08,-157.066662817
5893750.000,1.55328190926e-08,-156.174994317
5896875.000,1.71206427054e-08,-155.329598721
5900000.000,1.87605379899e-08,-154.535094233
5903125.000,2.04305244755e-08,-153.794409688
5906250.000,2.21072283271e-08,-153.109314065
5909375.000,2.37661815068e-08,-152.480811808
5912500.000,2.53821423065e-08,-151.909434506
5915625.000,2.69294329693e-08,-151.395455821
5918750.000,2.83822898472e-08,-150.939051383
5921875.000,2.97152213092e-08,-150.540420618
5925000.000,3.09033684739e-08,-150.199883596
5928125.000,3.19228637411e-08,-149.917963116
5931250.000,3.27511820943e-08,-149.695460406
5934375.000,3.33674801864e-08,-149.533531775
5937500.000,3.37529183643e-08,-149.433773420
5940625.000,3.38909609526e-08,-149.398322338
5943750.000,3.37676504113e-08,-149.429983140
5946875.000,3.33718512743e-08,-149.532394011
5950000.000,3.26954601722e-08,-149.710250916
5953125.000,3.17335786729e-08,-149.969618974
5956250.000,3.04846461617e-08,-150.318376830
5959375.000,2.8950530493e-08,-150.766869476
5962500.000,2.71365747223e-08,-151.328899429
5965625.000,2.5051598802e-08,-152.023291042
5968750.000,2.2707855721e-08,-152.876477476
5971875.000,2.01209422112e-08,-153.927033725
5975000.000,1.73096647238e-08,-155.234226881
5978125.000,1.42958620187e-08,-156.895793044
5981250.000,1.11041862953e-08,-159.090265213
5984375.000,7.76184536273e-09,-162.200700277
5987500.000,4.29830889791e-09,-167.334047543
5990625.000,7.44982336948e-10,-182.557080479
5993750.000,2.86514758835e-09,-170.857060038
5996875.000,6.49789126395e-09,-163.744551209
6000000.000,1.01182537856e-08,-159.897888637
6003125.000,1.369084669e-08,-157.271393855
6006250.000,1.71803085557e-08,-155.299380811
6009375.000,2.05517290558e-08,-153.743032685
6012500.000,2.37710709762e-08,-152.479025025
6015625.000,2.68055847032e-08,-151.435494304
6018750.000,2.96242097581e-08,-150.567064517
6021875.000,3.21979581015e-08,-149.843433382
6025000.000,3.45002741476e-08,-149.243549078
6028125.000,3.65073667102e-08,-148.752389835
6031250.000,3.81985084612e-08,-148.359071893
6034375.000,3.95562988785e-08,-148.055687007
6037500.000,4.05668871482e-08,-147.836566322
6040625.000,4.12201519792e-08,-147.697808226
6043750.000,4.15098358654e-08,-147.636979677
6046875.000,4.14336319071e-08,-147.652939930
6050000.000,4.09932219393e-08,-147.745758923
6053125.000,4.01942653379e-08,-147.916718097
6056250.000,3.90463385318e-08,-148.168393694
6059375.000,3.75628258962e-08,-148.504834854
6062500.000,3.57607633406e-08,-148.931864389
6065625.000,3.36606365403e-08,-149.457553511
6068750.000,3.12861363452e-08,-150.092961327
6071875.000,2.86638744822e-08,-150.853302132
6075000.000,2.58230631823e-08,-151.759844843
6078125.000,2.27951628542e-08,-152.843146015
6081250.000,1.96135023372e-08,-154.148896969
6084375.000,1.63128766391e-08,-155.749388960
6087500.000,1.29291273619e-08,-157.768615728
6090625.000,9.49871124201e-09,-160.446706291
6093750.000,6.05826239336e-09,-164.353038412
6096875.000,2.64415391598e-09,-171.554265364
6100000.000,7.0793544787e-10,-183.000126821
6103125.000,3.963444028e-09,-168.038545411
6106250.000,7.0893338363e-09,-162.987891445
6109375.000,1.00544758585e-08,-159.952811286
6112500.000,1.28300090702e-08,-157.835460732
6115625.000,1.53896686099e-08,-156.255414637
6118750.000,1.7710078926e-08,-155.035590067
6121875.000,1.9771008219e-08,-154.079423667
6125000.000,2.1555581016e-08,-153.328805331
6128125.000,2.30504462713e-08,-152.746413240
6131250.000,2.42458990103e-08,-152.307234162
6134375.000,2.51359541413e-08,-151.994092493
6137500.000,2.5718371722e-08,-151.795130617
6140625.000,2.59946336168e-08,-151.702325988
6143750.000,2.59698721419e-08,-151.710603771
6146875.000,2.56527519293e-08,-151.817320772
6150000.000,2.50553068925e-08,-152.022005468
6153125.000,2.41927347525e-08,-152.326300722
6156250.000,2.3083152178e-08,-152.734097706
6159375.000,2.17473140917e-08,-153.251887461
6162500.000,2.02083011966e-08,-153.889403875
6165625.000,1.84911801757e-08,-154.660707393
6168750.000,1.66226413716e-08,-155.585999296
6171875.000,1.46306190798e-08,-156.694745935
6175000.000,1.25438997458e-08,-158.031348513
6178125.000,1.03917235577e-08,-159.666248299
6181250.000,8.20338495862e-09,-161.720138158
6184375.000,6.00783760911e-09,-164.425636295
6187500.000,3.83330923563e-09,-168.328522890
6190625.000,1.7069316437e-09,-175.355677408
6193750.000,3.45609066701e-10,-189.228297455
6196875.000,2.30039734279e-09,-172.763942855
6200000.000,4.13558372881e-09,-167.669263641
6203125.000,5.83164718049e-09,-164.684175181
6206250.000,7.37162071802e-09,-162.648740361
6209375.000,8.74127750413e-09,-161.168501845
6212500.000,9.92927502017e-09,-160.061649202
6215625.000,1.09272556273e-08,-159.229777942
6218750.000,1.17299024125e-08,-158.614112020
6221875.000,1.23349498911e-08,-158.177252209
6225000.000,1.27431497635e-08,-157.894464257
6228125.000,1.29581925966e-08,-157.749111389
6231250.000,1.29865869151e-08,-157.730099471
6234375.000,1.28374978099e-08,-157.830392350
6237500.000,1.25225477642e-08,-158.046146063
6240625.000,1.20555829082e-08,-158.376235718
6243750.000,1.14524084528e-08,-158.822063423
6246875.000,1.07304974576e-08,-159.387602880
6250000.000,9.9086774883e-09,-160.079686139
6253125.000,9.00680002999e-09,-160.908589588
6256250.000,8.0453977632e-09,-161.889049592
6259375.000,7.04533498358e-09,-163.041967054
6262500.000,6.02745653474e-09,-164.397318255
6265625.000,5.01224063702e-09,-165.999361735
6268750.000,4.01946093302e-09,-167.916643762
6271875.000,3.06786292098e-09,-170.263280991
6275000.000,2.17485973124e-09,-173.251374957
6278125.000,1.35625190572e-09,-177.353192771
6281250.000,6.2597547173e-10,-184.068853678
6284375.000,4.11781521321e-12,-227.706662925
6287500.000,5.24444687424e-10,-185.606006192
6290625.000,9.27836188645e-10,-180.650573852
6293750.000,1.20964285048e-09,-178.346856742
6296875.000,1.36779757604e-09,-177.279563405
6300000.000,1.4028352309e-09,-177.059866715
6303125.000,1.31786860641e-09,-177.602557749
6306250.000,1.11852108518e-09,-179.027116493
6309375.000,8.12817009079e-10,-181.800144338
6312500.000,4.11031404276e-10,-187.722499904
6315625.000,7.44986485304e-11,-202.557032113
6318750.000,6.29598105925e-10,-184.018731743
6321875.000,1.23851006478e-09,-178.142009195
6325000.000,1.88417990479e-09,-174.497552647
6328125.000,2.54856304902e-09,-171.874092358
6331250.000,3.21295151992e-09,-169.861916549
6334375.000,3.85831415419e-09,-168.272048277
6337500.000,4.46564508028e-09,-167.002315933
6340625.000,5.01631490347e-09,-165.992304162
6343750.000,5.49241895458e-09,-165.204726855
6346875.000,5.87711695293e-09,-164.616713337
6350000.000,6.15495852888e-09,-164.215497379
6353125.000,6.31218920621e-09,-163.996399835
6356250.000,6.33703171421e-09,-163.962282388
6359375.000,6.21993781398e-09,-164.124279146
6362500.000,5.95380625034e-09,-164.504106047
6365625.000,5.53416290463e-09,-165.138961221
6368750.000,4.95929977757e-09,-166.091592777
6371875.000,4.23037003243e-09,-167.472432860
6375000.000,3.35143696659e-09,-169.495378887
6378125.000,2.32947548749e-09,-172.654837103
6381250.000,1.17432537208e-09,-178.604231116
6384375.000,1.01403666734e-10,-199.878926815
6387500.000,1.48247433531e-09,-176.580256329
6390625.000,2.95121001971e-09,-170.599997666
6393750.000,4.48772670846e-09,-166.959471968
6396875.000,6.07020562153e-09,-164.335931949
6400000.000,7.67520292049e-09,-162.298202672
6403125.000,9.27799224731e-09,-160.650919894
6406250.000,1.08529352717e-08,-159.289055743
6409375.000,1.23738749155e-08,-158.149885569
6412500.000,1.38145454918e-08,-157.193267982
6415625.000,1.51489936424e-08,-156.392324333
6418750.000,1.63520037012e-08,-155.728580465
6421875.000,1.73995209106e-08,-155.189254194
6425000.000,1.82690658764e-08,-154.765673164
6428125.000,1.89401336387e-08,-154.452339220
6431250.000,1.93945708627e-08,-154.246396509
6434375.000,1.96169248852e-08,-154.147381417
6437500.000,1.95947586536e-08,-154.157201626
6440625.000,1.93189260179e-08,-154.280340413
6443750.000,1.87838023229e-08,-154.524329817
6446875.000,1.79874658639e-08,-154.900600345
6450000.000,1.69318263876e-08,-155.425923865
6453125.000,1.56226975936e-08,-156.124879475
6456250.000,1.40698113644e-08,-157.034234503
6459375.000,1.22867722678e-08,-158.211243824
6462500.000,1.02909518048e-08,-159.750889114
6465625.000,8.10332271384e-09,-161.826737300
6468750.000,5.74823460158e-09,-164.809310308
6471875.000,3.25313304438e-09,-169.753963498
6475000.000,6.48225232728e-10,-183.765481354
6478125.000,2.03390393516e-09,-173.833391268
6481250.000,4.7587205609e-09,-166.450195937
6484375.000,7.49020972919e-09,-162.510120434
6487500.000,1.0191376556e-08,-159.835343032
6490625.000,1.28247734578e-08,-157.839005954
6493750.000,1.53530462456e-08,-156.276108838
6496875.000,1.77394912316e-08,-155.021176798
6500000.000,1.99486152012e-08,-154.001744938
6503125.000,2.19466898628e-08,-153.172619470
6506250.000,2.37022923275e-08,-152.504192998
6509375.000,2.51868231566e-08,-151.976532142
6512500.000,2.63749936999e-08,-151.576152709
6515625.000,2.72452746988e-08,-151.294176180
6518750.000,2.77802985417e-08,-151.125261828
6521875.000,2.79672080785e-08,-151.067017728
6525000.000,2.77979455448e-08,-151.119746004
6528125.000,2.72694758827e-08,-151.286464182
6531250.000,2.63839396069e-08,-151.573207116
6534375.000,2.51487313074e-08,-151.989678383
6537500.000,2.3576500878e-08,-152.550413011
6540625.000,2.16850756869e-08,-153.276781154
6543750.000,1.94973029998e-08,-154.200509181
6546875.000,1.70408131777e-08,-155.370193696
6550000.000,1.43477053496e-08,-156.864351015
6553125.000,1.14541584754e-08,-158.820736249
6556250.000,8.39997187267e-09,-161.514443363
6559375.000,5.2280404937e-09,-165.633221145
6562500.000,1.98377127373e-09,-174.050168058
6565625.000,1.28555201432e-09,-177.818206936
6568750.000,4.53144705298e-09,-166.875261802
6571875.000,7.70494520104e-09,-162.264608914
6575000.000,1.07573276451e-08,-159.365912070
6578125.000,1.36408749146e-08,-157.303155470
6581250.000,1.63096186748e-08,-155.751123856
6584375.000,1.87200843818e-08,-154.553843960
6587500.000,2.08320132436e-08,-153.625375140
6590625.000,2.26090518815e-08,-152.914352991
6593750.000,2.4019398298e-08,-152.388757523
6596875.000,2.50363930512e-08,-152.028564780
6600000.000,2.56390450916e-08,-151.821963077
6603125.000,2.581248236e-08,-151.763404556
6606250.000,2.55483181387e-08,-151.852753689
6609375.000,2.48449251143e-08,-152.095246159
6612500.000,2.37076103066e-08,-152.502244402
6615625.000,2.21486852953e-08,-153.093040952
6618750.000,2.01874275995e-08,-153.898380358
6621875.000,1.78499305985e-08,-154.967269362
6625000.000,1.51688410015e-08,-156.380952018
6628125.000,1.21829845357e-08,-158.284926141
6631250.000,8.93688229645e-09,-160.976279238
6634375.000,5.48016191424e-09,-165.224132197
6637500.000,1.86686948427e-09,-174.577720864
6640625.000,1.84531009441e-09,-174.678612851
6643750.000,5.59591501333e-09,-165.042577798
6646875.000,9.32263975028e-09,-160.609221953
6650000.000,1.29623271069e-08,-157.746340465
6653125.000,1.64520052774e-08,-155.675623197
6656250.000,1.97299548674e-08,-154.097478164
6659375.000,2.27367897963e-08,-152.865417066
6662500.000,2.54165350791e-08,-151.897673103
6665625.000,2.77176838774e-08,-151.144861254
6668750.000,2.95942158144e-08,-150.575863269
6671875.000,3.10065582943e-08,-150.170928749
6675000.000,3.19224727616e-08,-149.918069499
6678125.000,3.23178480774e-08,-149.811151299
6681250.000,3.2177383891e-08,-149.848985363
6684375.000,3.14951477488e-08,-150.035126999
6687500.000,3.0274990851e-08,-150.378319589
6690625.000,2.85308088196e-08,-150.893718327
6693750.000,2.6286635545e-08,-151.605299923
6696875.000,2.35765601124e-08,-152.550391189
6700000.000,2.0444459031e-08,-153.788487531
6703125.000,1.69435383483e-08,-155.419917801
6706250.000,1.3135682884e-08,-157.630946893
6709375.000,9.09061254665e-09,-160.828137040
6712500.000,4.88484861248e-09,-166.222977821
6715625.000,6.00495893713e-10,-184.429799161
6718750.000,3.67615021919e-09,-168.692135005
6721875.000,7.85615968343e-09,-162.095793954
6725000.000,1.18496714282e-08,-158.525873835
6728125.000,1.5567726277e-08,-156.155496262
6731250.000,1.89242077507e-08,-154.459645858
6734375.000,2.183786642e-08,-153.215795897
6737500.000,2.42344006975e-08,-152.311354313
6740625.000,2.60485644304e-08,-151.684324125
6743750.000,2.72262692892e-08,-151.300237286
6746875.000,2.77266479184e-08,-151.142052647
6750000.000,2.75240420702e-08,-151.205755740
6753125.000,2.66098785174e-08,-151.499142163
6756250.000,2.4994394551e-08,-152.043147577
6759375.000,2.2708174209e-08,-152.876355654
6762500.000,1.98034562075e-08,-154.065180154
6765625.000,1.63551747866e-08,-155.726896205
6768750.000,1.24616953961e-08,-158.088457370
6771875.000,8.24520833349e-09,-161.675967329
6775000.000,3.85174511489e-09,-168.286849191
6778125.000,5.49215483941e-10,-185.205144545
6781250.000,4.76558216405e-09,-166.437680766
6784375.000,8.58395394925e-09,-161.326252418
6787500.000,1.17714149337e-08,-158.583426629
6790625.000,1.40778407209e-08,-157.029279056
6793750.000,1.52387319661e-08,-156.341023394
6796875.000,1.49785856333e-08,-156.490583867
6800000.000,1.3014809476e-08,-157.711243703
6803125.000,9.06217982661e-09,-160.855346482
6806250.000,2.83783709206e-09,-170.940250783
6809375.000,5.93319253314e-09,-164.534231170
6812500.000,1.75119666561e-08,-155.133301567
6815625.000,3.213911126e-08,-149.859322738
6818750.000,5.00278501167e-08,-146.015763199
6821875.000,7.13566150558e-08,-142.931315195
6825000.000,9.62612791956e-08,-140.330967427
6828125.000,1.24827061167e-07,-138.073825081
6831250.000,1.5708015408e-07,-136.077573628
6834375.000,1.92979138456e-07,-134.289792736
6837500.000,2.3240624341e-07,-132.675044183
6840625.000,2.75158525136e-07,-131.208340541
6843750.000,3.20939035923e-07,-129.871549126
6846875.000,3.69348060794e-07,-128.651283537
6850000.000,4.19874501846e-07,-127.537609968
6853125.000,4.7188749309e-07,-126.523230661
6856250.000,5.24628330431e-07,-125.602965216
6859375.000,5.77202802522e-07,-124.773431378
6862500.000,6.28574008911e-07,-124.032871614
6865625.000,6.77555751311e-07,-123.381099279
6868750.000,7.22806583091e-07,-122.819558014
6871875.000,7.62824599901e-07,-122.351506202
6875000.000,7.95943051881e-07,-121.982360081
6878125.000,8.20326854466e-07,-121.720261420
6881250.000,8.33970070406e-07,-121.576990702
6884375.000,8.34694430702e-07,-121.569449684
6887500.000,8.20148956578e-07,-121.722145266
6890625.000,7.87810737634e-07,-122.071562084
6893750.000,7.34986915031e-07,-122.674407852
6896875.000,6.58817909768e-07,-123.624692064
6900000.000,5.56281928696e-07,-125.094100965
6903125.000,4.24200771537e-07,-127.448570918
6906250.000,2.59246952905e-07,-131.725726789
6909375.000,5.79521441895e-08,-144.738609816
6912500.000,1.83283071098e-07,-134.737552934
6915625.000,4.68178143087e-07,-126.591777304
6918750.000,8.00560229512e-07,-121.932119774
6921875.000,1.18435063386e-06,-118.530394064
6925000.000,1.62355005455e-06,-115.790686348
6928125.000,2.12222270255e-06,-113.464180878
6931250.000,2.68447935347e-06,-111.422798638
6934375.000,3.31445941286e-06,-109.591745895
6937500.000,4.01631207839e-06,-107.923450974
6940625.000,4.79417669584e-06,-106.385719270
6943750.000,5.65216241151e-06,-104.955707349
6946875.000,6.59432723055e-06,-103.616590113
6950000.000,7.62465660245e-06,-102.355594224
6953125.000,8.74704165302e-06,-101.162776108
6956250.000,9.96525719628e-06,-100.030229760
6959375.000,1.12829396578e-05,-98.951554690
6962500.000,1.27035650461e-05,-97.921487687
6965625.000,1.42304271145e-05,-96.935641295
6968750.000,1.58666158498e-05,-95.990313859
6971875.000,1.76149964348e-05,-95.082348808
6975000.000,1.94781888193e-05,-94.209028570
6978125.000,2.14585480446e-05,-93.367993343
6981250.000,2.35581454515e-05,-92.557178023
6984375.000,2.57787509092e-05,-91.774762598
6987500.000,2.81218161885e-05,-91.019132695
6990625.000,3.05884596032e-05,-90.288847860
6993750.000,3.31794520306e-05,-89.582615815
6996875.000,3.58952044232e-05,-88.899271380
7000000.000,3.87357569014e-05,-88.237759069
7003125.000,4.17007695234e-05,-87.597118614
7006250.000,4.47895148035e-05,-86.976472843
7009375.000,4.80008720502e-05,-86.375017451
7012500.000,5.13333235775e-05,-85.792012328
7015625.000,5.47849528314e-05,-85.226774159
7018750.000,5.83534444673e-05,-84.678670070
7021875.000,6.20360863884e-05,-84.147112158
7025000.000,6.58297737608e-05,-83.631552749
7028125.000,6.97310149867e-05,-83.131480265
7031250.000,7.37359396238e-05,-82.646415623
7034375.000,7.78403082127e-05,-82.175909063
7037500.000,8.20395239633e-05,-81.719537366
7040625.000,8.63286462524e-05,-81.276901387
7043750.000,9.0702405846e-05,-80.847623866
7046875.000,9.51552217774e-05,-80.431347484
7050000.000,9.96812197805e-05,-80.027733125
7053125.000,0.000104274252178,-79.636458322
7056250.000,0.00010892791911,-79.257215856
7059375.000,0.000113635590983,-78.889712502
7062500.000,0.000118390432009,-78.533667894
7065625.000,0.000123185424698,-78.188813497
7068750.000,0.000128013395161,-77.854891679
7071875.000,0.000132867039085,-77.531654861
7075000.000,0.000137738948217,-77.218864753
7078125.000,0.000142621637212,-76.916291648
7081250.000,0.00014750757069,-76.623713787
7084375.000,0.000152389190344,-76.340916768
7087500.000,0.000157258941955,-76.067693012
7090625.000,0.000162109302139,-75.803841276
7093750.000,0.000166932804711,-75.549166196
7096875.000,0.000171722066484,-75.303477878
7100000.000,0.000176469812395,-75.066591520
7103125.000,0.000181168899804,-74.838327061
7106250.000,0.000185812341839,-74.618508862
7109375.000,0.000190393329684,-74.406965419
7112500.000,0.000194905253679,-74.203529086
7115625.000,0.000199341723146,-74.008035839
7118750.000,0.000203696584833,-73.820325046
7121875.000,0.000207963939908,-73.640239268
7125000.000,0.000212138159434,-73.467624070
7128125.000,0.000216213898244,-73.302327860
7131250.000,0.000220186107195,-73.144201733
7134375.000,0.000224050043739,-72.993099339
7137500.000,0.000227801280812,-72.848876769
7140625.000,0.000231435714,-72.711392441
7143750.000,0.000234949567,-72.580507020
7146875.000,0.000238339395382,-72.456083334
7150000.000,0.000241602088657,-72.337986311
7153125.000,0.000244734870708,-72.226082928
7156250.000,0.0002477352986,-72.120242170
7159375.000,0.00025060125984,-72.020335000
7162500.000,0.00025333096813,-71.926234343
7165625.000,0.000255922957699,-71.837815075
7168750.000,0.000258376076272,-71.754954026
7171875.000,0.000260689476777,-71.677529992
7175000.000,0.000262862607867,-71.605423755
7178125.000,0.000264895203359,-71.538518114
7181250.000,0.000266787270685,-71.476697918
7184375.000,0.000268539078467,-71.419850115
7187500.000,0.000270151143306,-71.367863803
7190625.000,0.000271624215916,-71.320630286
7193750.000,0.000272959266693,-71.278043145
7196875.000,0.000274157470838,-71.239998300
7200000.000,0.000275220193137,-71.206394094
7203125.000,0.000276148972521,-71.177131367
7206250.000,0.000276945506487,-71.152113540
7209375.000,0.000277611635506,-71.131246706
7212500.000,0.000278149327502,-71.114439715
7215625.000,0.000278560662504,-71.101604267
7218750.000,0.000278847817559,-71.092655005
7221875.000,0.00027901305199,-71.087509607
7225000.000,0.000279058693078,-71.086088881
7228125.000,0.000278987122242,-71.088316857
7231250.000,0.00027880076178,-71.094120879
7234375.000,0.000278502062234,-71.103431693
7237500.000,0.000278093490427,-71.116183538
7240625.000,0.000277577518216,-71.132314230
7243750.000,0.000276956612009,-71.151765243
7246875.000,0.000276233223057,-71.174481785
7250000.000,0.00027540977856,-71.200412879
7253125.000,0.000274488673602,-71.229511428
7256250.000,0.000273472263907,-71.261734282
7259375.000,0.000272362859445,-71.297042299
7262500.000,0.000271162718851,-71.335400405
7265625.000,0.000269874044679,-71.376777640
7268750.000,0.000268498979448,-71.421147214
7271875.000,0.000267039602477,-71.468486543
7275000.000,0.000265497927464,-71.518777295
7278125.000,0.0002638759008,-71.572005422
7281250.000,0.000262175400557,-71.628161196
7284375.000,0.000260398236133,-71.687239238
7287500.000,0.000258546148498,-71.749238549
7290625.000,0.000256620811003,-71.814162537
7293750.000,0.000254623830699,-71.882019048
7296875.000,0.000252556750131,-71.952820391
7300000.000,0.000250421049537,-72.026583372
7303125.000,0.000248218149425,-72.103329331
7306250.000,0.000245949413464,-72.183084176
7309375.000,0.000243616151634,-72.265878431
7312500.000,0.000241219623615,-72.351747290
7315625.000,0.00023876104233,-72.440730677
7318750.000,0.000236241577625,-72.532873316
7321875.000,0.00023366236003,-72.628224823
7325000.000,0.000231024484559,-72.726839801
7328125.000,0.000228329014517,-72.828777956
7331250.000,0.000225576985269,-72.934104236
7334375.000,0.000222769407947,-73.042888987
7337500.000,0.000219907273053,-73.155208137
7340625.000,0.000216991553943,-73.271143401
7343750.000,0.000214023210163,-73.390782524
7346875.000,0.000211003190605,-73.514219553
7350000.000,0.000207932436494,-73.641555149
7353125.000,0.000204811884158,-73.772896943
7356250.000,0.000201642467591,-73.908359931
7359375.000,0.000198425120802,-74.048066932
7362500.000,0.000195160779928,-74.192149099
7365625.000,0.000191850385125,-74.340746493
7368750.000,0.000188494882235,-74.494008734
7371875.000,0.00018509522422,-74.652095733
7375000.000,0.000181652372381,-74.815178518
7378125.000,0.000178167297366,-74.983440156
7381250.000,0.000174640979971,-75.157076806
7384375.000,0.000171074411745,-75.336298894
7387500.000,0.000167468595424,-75.521332443
7390625.000,0.000163824545177,-75.712420582
7393750.000,0.000160143286716,-75.909825249
7396875.000,0.000156425857253,-76.113829126
7400000.000,0.000152673305331,-76.324737839
7403125.000,0.000148886690549,-76.542882469
7406250.000,0.000145067083184,-76.768622422
7409375.000,0.000141215563733,-77.002348719
7412500.000,0.000137333222387,-77.244487791
7415625.000,0.000133421158448,-77.495505857
7418750.000,0.000129480479715,-77.755914005
7421875.000,0.00012551230182,-78.026274113
7425000.000,0.000121517747575,-78.307205781
7428125.000,0.000117497946283,-78.599394485
7431250.000,0.000113454033077,-78.903601223
7434375.000,0.000109387148248,-79.220673994
7437500.000,0.00010529843661,-79.551561537
7440625.000,0.000101189046874,-79.897329896
7443750.000,9.70601310604e-05,-80.259182532
7446875.000,9.29128439417e-05,-80.638484931
7450000.000,8.87483425195e-05,-81.036794983
7453125.000,8.45677855421e-05,-81.455900830
7456250.000,8.03723330592e-05,-81.897868495
7459375.000,7.61631460135e-05,-82.365102504
7462500.000,7.19413858735e-05,-82.860424004
7465625.000,6.77082142982e-05,-83.387172798
7468750.000,6.34647928392e-05,-83.949342665
7471875.000,5.92122826723e-05,-84.551763925
7475000.000,5.49518443546e-05,-85.200354534
7478125.000,5.06846376113e-05,-85.902473086
7481250.000,4.64118211366e-05,-86.667427802
7484375.000,4.21345524153e-05,-87.507232302
7487500.000,3.78539875551e-05,-88.437767300
7490625.000,3.35712811262e-05,-89.480641703
7493750.000,2.92875860082e-05,-90.666328460
7496875.000,2.50040532332e-05,-92.039791703
7500000.000,2.07218318299e-05,-93.671437104
7503125.000,1.64420686588e-05,-95.680870852
7506250.000,1.21659082383e-05,-98.297109271
7509375.000,7.89449256072e-06,-102.053515604
7512500.000,3.62896089323e-06,-108.804354237
7515625.000,6.29550437985e-07,-124.019389392
7518750.000,4.87990827814e-06,-106.231766817
7521875.000,9.12098289288e-06,-100.799167177
7525000.000,1.33516482355e-05,-97.489302363
7528125.000,1.75707822329e-05,-95.104178075
7531250.000,2.17772670847e-05,-93.239932450
7534375.000,2.59699895861e-05,-91.710564490
7537500.000,3.01478414577e-05,-90.414875545
7540625.000,3.43097196955e-05,-89.291656601
7543750.000,3.84545269293e-05,-88.301050540
7546875.000,4.25811717893e-05,-87.415647828
7550000.000,4.66885692861e-05,-86.615788686
7553125.000,5.07756411871e-05,-85.886891674
7556250.000,5.48413164028e-05,-85.217842580
7559375.000,5.88845313692e-05,-84.599975538
7562500.000,6.29042304275e-05,-84.026402929
7565625.000,6.68993662002e-05,-83.491559934
7568750.000,7.08688999588e-05,-82.990886168
7571875.000,7.48118019828e-05,-82.520597687
7575000.000,7.87270519055e-05,-82.077520226
7578125.000,8.26136390474e-05,-81.658964944
7581250.000,8.64705627358e-05,-81.262634294
7584375.000,9.02968326047e-05,-80.886549668
7587500.000,9.40914688822e-05,-80.528995031
7590625.000,9.78535026555e-05,-80.188472484
7593750.000,0.000101581976121,-79.863666858
7596875.000,0.000105275942814,-79.553417210
7600000.000,0.000108934467821,-79.256693678
7603125.000,0.000112556627977,-78.972578523
7606250.000,0.000116141512039,-78.700250484
7609375.000,0.000119688220853,-78.438971774
7612500.000,0.000123195867498,-78.188077199
7615625.000,0.000126663577425,-77.946965003
7618750.000,0.000130090488577,-77.715089105
7621875.000,0.000133475751505,-77.491952505
7625000.000,0.000136818529476,-77.277101634
7628125.000,0.000140117998571,-77.070121494
7631250.000,0.000143373347786,-76.870631476
7634375.000,0.000146583779124,-76.678281716
7637500.000,0.000149748507693,-76.492749937
7640625.000,0.000152866761804,-76.313738681
7643750.000,0.000155937783074,-76.140972886
7646875.000,0.00015896082653,-75.974197755
7650000.000,0.000161935160728,-75.813176867
7653125.000,0.00016486006787,-75.657690514
7656250.000,0.00016773484394,-75.507534221
7659375.000,0.000170558798843,-75.362517423
7662500.000,0.000173331256557,-75.222462291
7665625.000,0.000176051555294,-75.087202678
7668750.000,0.000178719047674,-74.956583168
7671875.000,0.000181333100909,-74.830458234
7675000.000,0.000183893096991,-74.708691461
7678125.000,0.000186398432902,-74.591154864
7681250.000,0.000188848520812,-74.477728250
7684375.000,0.000191242788308,-74.368298659
7687500.000,0.000193580678607,-74.262759841
7690625.000,0.000195861650784,-74.161011789
7693750.000,0.000198085180002,-74.062960311
7696875.000,0.000200250757735,-73.968516638
7700000.000,0.000202357891998,-73.877597067
7703125.000,0.000204406107568,-73.790122636
7706250.000,0.0002063949462,-73.706018822
7709375.000,0.000208323966837,-73.625215267
7712500.000,0.000210192745807,-73.547645529
7715625.000,0.000212000877014,-73.473246849
7718750.000,0.00021374797211,-73.401959937
7721875.000,0.000215433660656,-73.333728779
7725000.000,0.000217057590266,-73.268500455
7728125.000,0.00021861942673,-73.206224977
7731250.000,0.000220118854126,-73.146855133
7734375.000,0.000221555574904,-73.090346351
7737500.000,0.00022292930996,-73.036656565
7740625.000,0.000224239798676,-72.985746103
7743750.000,0.000225486798953,-72.937577573
7746875.000,0.00022667008722,-72.892115765
7750000.000,0.000227789458416,-72.849327559
7753125.000,0.000228844725964,-72.809181841
7756250.000,0.000229835721718,-72.771649422
7759375.000,0.000230762295899,-72.736702976
7762500.000,0.000231624317012,-72.704316965
7765625.000,0.000232421671748,-72.674467587
7768750.000,0.000233154264876,-72.647132720
7771875.000,0.000233822019122,-72.622291871
7775000.000,0.000234424875043,-72.599926136
7778125.000,0.000234962790885,-72.580018158
7781250.000,0.000235435742447,-72.562552090
7784375.000,0.000235843722935,-72.547513563
7787500.000,0.000236186742815,-72.534889661
7790625.000,0.000236464829669,-72.524668889
7793750.000,0.000236678028051,-72.516841157
7796875.000,0.000236826399353,-72.511397757
7800000.000,0.000236910021666,-72.508331351
7803125.000,0.000236928989661,-72.507635951
7806250.000,0.000236883414466,-72.509306912
7809375.000,0.000236773423565,-72.513340925
7812500.000,0.000236599160691,-72.519736006
7815625.000,0.000236360785748,-72.528491499
7818750.000,0.000236058474729,-72.539608067
7821875.000,0.000235692419653,-72.553087701
7825000.000,0.00023526282851,-72.568933717
7828125.000,0.000234769925216,-72.587150768
7831250.000,0.00023421394958,-72.607744846
7834375.000,0.000233595157278,-72.630723299
7837500.000,0.000232913819834,-72.656094841
7840625.000,0.00023217022461,-72.683869569
7843750.000,0.000231364674797,-72.714058985
7846875.000,0.000230497489417,-72.746676012
7850000.000,0.000229569003315,-72.781735026
7853125.000,0.000228579567164,-72.819251880
7856250.000,0.000227529547458,-72.859243939
7859375.000,0.000226419326503,-72.901730115
7862500.000,0.000225249302412,-72.946730907
7865625.000,0.000224019889075,-72.994268443
7868750.000,0.000222731516138,-73.044366533
7871875.000,0.000221384628958,-73.097050722
7875000.000,0.000219979688549,-73.152348343
7878125.000,0.000218517171519,-73.210288592
7881250.000,0.000216997569985,-73.270902590
7884375.000,0.000215421391475,-73.334223464
7887500.000,0.000213789158813,-73.400286430
7890625.000,0.000212101409984,-73.469128888
7893750.000,0.000210358697984,-73.540790518
7896875.000,0.000208561590649,-73.615313391
7900000.000,0.000206710670467,-73.692742088
7903125.000,0.000204806534372,-73.773123825
7906250.000,0.000202849793519,-73.856508601
7909375.000,0.000200841073042,-73.942949339
7912500.000,0.000198781011802,-74.032502063
7915625.000,0.000196670262113,-74.125226068
7918750.000,0.000194509489458,-74.221184121
7921875.000,0.000192299372194,-74.320442672
7925000.000,0.000190040601248,-74.423072085
7928125.000,0.000187733879798,-74.529146888
7931250.000,0.000185379922959,-74.638746053
7934375.000,0.000182979457454,-74.751953289
7937500.000,0.000180533221289,-74.868857372
7940625.000,0.000178041963423,-74.989552500
7943750.000,0.000175506443444,-75.114138689
7946875.000,0.000172927431243,-75.242722194
7950000.000,0.000170305706696,-75.375415984
7953125.000,0.000167642059349,-75.512340257
7956250.000,0.000164937288119,-75.653623007
7959375.000,0.00016219220099,-75.799400653
7962500.000,0.000159407614732,-75.949818733
7965625.000,0.000156584354622,-76.105032667
7968750.000,0.000153723254185,-76.265208610
7971875.000,0.000150825154933,-76.430524398
7975000.000,0.000147890906133,-76.601170602
7978125.000,0.000144921364572,-76.777351706
7981250.000,0.000141917394343,-76.959287425
7984375.000,0.000138879866634,-77.147214184
7987500.000,0.000135809659537,-77.341386790
7990625.000,0.000132707657852,-77.542080312
7993750.000,0.000129574752914,-77.749592213
7996875.000,0.000126411842415,-77.964244778
8000000.000,0.000123219830236,-78.186387878
8003125.000,0.00011999962628,-78.416402130
8006250.000,0.000116752146312,-78.654702537
8009375.000,0.000113478311787,-78.901742676
8012500.000,0.000110179049693,-79.158019556
8015625.000,0.000106855292371,-79.424079261
8018750.000,0.000103507977349,-79.700523558
8021875.000,0.000100138047155,-79.988017645
8025000.000,9.67464491234e-05,-80.287299318
8028125.000,9.33341352026e-05,-80.599189843
8031250.000,8.99020617352e-05,-80.924606968
8034375.000,8.64511892401e-05,-81.264580562
8037500.000,8.29824821725e-05,-81.620271574
8040625.000,7.94969086763e-05,-81.992995181
8043750.000,7.5995440321e-05,-82.384249287
8046875.000,7.24790518232e-05,-82.795749935
8050000.000,6.89487207586e-05,-83.229475742
8053125.000,6.54054272568e-05,-83.687724260
8056250.000,6.18501536885e-05,-84.173184338
8059375.000,5.82838843372e-05,-84.689030246
8062500.000,5.47076050645e-05,-85.239045938
8065625.000,5.11223029653e-05,-85.827791805
8068750.000,4.75289660169e-05,-86.460832672
8071875.000,4.39285827235e-05,-87.145056165
8075000.000,4.03221417562e-05,-87.889128158
8078125.000,3.67106315953e-05,-88.704162871
8081250.000,3.30950401714e-05,-89.604741748
8084375.000,2.94763545096e-05,-90.610524578
8087500.000,2.58555603834e-05,-91.748920901
8090625.000,2.22336419705e-05,-93.059787842
8093750.000,1.86115815232e-05,-94.604334421
8096875.000,1.49903590491e-05,-96.483759296
8100000.000,1.1370952002e-05,-98.884063473
8103125.000,7.75433499422e-06,-102.209108820
8106250.000,4.14147951622e-06,-107.656889646
8109375.000,5.33353680881e-07,-125.459694067
8112500.000,3.06907801944e-06,-110.259841423
8115625.000,6.66485493703e-06,-103.524185974
8118750.000,1.02530204753e-05,-99.782963507
8121875.000,1.38326222775e-05,-97.181909640
8125000.000,1.74027124008e-05,-95.187661139
8128125.000,2.09623474749e-05,-93.571201687
8131250.000,2.45105888459e-05,-92.212925101
8134375.000,2.80465027104e-05,-91.042425717
8137500.000,3.15691602402e-05,-90.014739409
8140625.000,3.50776376984e-05,-89.099393237
8143750.000,3.85710165551e-05,-88.274778299
8146875.000,4.20483835985e-05,-87.525013889
8150000.000,4.55088310505e-05,-86.838086395
8153125.000,4.89514566876e-05,-86.204687600
8156250.000,5.23753639684e-05,-85.617458920
8159375.000,5.57796621779e-05,-85.070482406
8162500.000,5.91634665802e-05,-84.558927744
8165625.000,6.25258985949e-05,-84.078801161
8168750.000,6.58660859923e-05,-83.626762864
8171875.000,6.91831631103e-05,-83.199991711
8175000.000,7.24762710989e-05,-82.796083184
8178125.000,7.57445581893e-05,-82.412971265
8181250.000,7.89871799919e-05,-82.048867822
8184375.000,8.22032998223e-05,-81.702214971
8187500.000,8.53920890521e-05,-81.371647233
8190625.000,8.85527274919e-05,-81.055961153
8193750.000,9.16844037919e-05,-80.754090696
8196875.000,9.47863158709e-05,-80.465087129
8200000.000,9.78576713608e-05,-80.188102460
8203125.000,0.000100897688066,-79.922375698
8206250.000,0.000103905594431,-79.667221375
8209375.000,0.000106880630017,-79.422019897
8212500.000,0.000109822045966,-79.186209394
8215625.000,0.00011272910546,-78.959278785
8218750.000,0.000115601084163,-78.740761857
8221875.000,0.000118437270626,-78.530232189
8225000.000,0.000121236966668,-78.327298763
8228125.000,0.000123999487694,-78.131602183
8231250.000,0.000126724162967,-77.942811374
8234375.000,0.00012941033581,-77.760620717
8237500.000,0.00013205736372,-77.584747537
8240625.000,0.000134664618403,-77.414929905
8243750.000,0.000137231485702,-77.250924697
8246875.000,0.000139757365419,-77.092505898
8250000.000,0.00014224167101,-76.939463088
8253125.000,0.000144683829156,-76.791600117
8256250.000,0.000147083279192,-76.648733924
8259375.000,0.000149439472396,-76.510693488
8262500.000,0.000151751871121,-76.377318906
8265625.000,0.00015401994777,-76.248460564
8268750.000,0.000156243183616,-76.123978409
8271875.000,0.000158421067459,-76.003741294
8275000.000,0.000160553094116,-75.887626409
8278125.000,0.000162638762758,-75.775518763
8281250.000,0.000164677575085,-75.667310734
8284375.000,0.000166669033354,-75.562901668
8287500.000,0.00016861263827,-75.462197524
8290625.000,0.00017050788673,-75.365110564
8293750.000,0.000172354269466,-75.271559080
8296875.000,0.000174151268571,-75.181467153
8300000.000,0.000175898354946,-75.094764443
8303125.000,0.000177594985676,-75.011386010
8306250.000,0.000179240601359,-74.931272154
8309375.000,0.000180834623416,-74.854368278
8312500.000,0.000182376451405,-74.780624777
8315625.000,0.000183865460364,-74.709996930
8318750.000,0.000185300998215,-74.642444823
8321875.000,0.000186682383258,-74.577933268
8325000.000,0.000188008901794,-74.516431748
8328125.000,0.000189279805895,-74.457914362
8331250.000,0.00019049431137,-74.402359778
8334375.000,0.000191651595953,-74.349751197
8337500.000,0.000192750797743,-74.300076317
8340625.000,0.000193791013949,-74.253327299
8343750.000,0.000194771299945,-74.209500743
8346875.000,0.000195690668692,-74.168597655
8350000.000,0.000196548090545,-74.130623419
8353125.000,0.000197342493481,-74.095587773
8356250.000,0.000198072763774,-74.063504770
8359375.000,0.000198737747137,-74.034392752
8362500.000,0.000199336250366,-74.008274307
8365625.000,0.000199867043493,-73.985176235
8368750.000,0.000200328862475,-73.965129500
8371875.000,0.000200720412425,-73.948169187
8375000.000,0.000201040371397,-73.934334442
8378125.000,0.000201287394731,-73.923668424
8381250.000,0.000201460119959,-73.916218236
8384375.000,0.000201557172259,-73.912034864
8387500.000,0.000201577170471,-73.911173105
8390625.000,0.000201518733628,-73.913691493
8393750.000,0.000201380488023,-73.919652220
8396875.000,0.000201161074748,-73.929121055
8400000.000,0.000200859157715,-73.942167256
8403125.000,0.000200473432099,-73.958863489
8406250.000,0.00020000263317,-73.979285730
8409375.000,0.000199445545491,-74.003513180
8412500.000,0.000198801012401,-74.031628165
8415625.000,0.000198067945764,-74.063716053
8418750.000,0.000197245335907,-74.099865148
8421875.000,0.000196332261705,-74.140166608
8425000.000,0.000195327900723,-74.184714349
8428125.000,0.000194231539391,-74.233604956
8431250.000,0.000193042583103,-74.286937595
8434375.000,0.000191760566198,-74.344813933
8437500.000,0.000190385161735,-74.407338055
8440625.000,0.000188916191002,-74.474616388
8443750.000,0.000187353632677,-74.546757635
8446875.000,0.00018569763157,-74.623872706
8450000.000,0.000183948506877,-74.706074660
8453125.000,0.000182106759871,-74.793478655
8456250.000,0.000180173080967,-74.886201899
8459375.000,0.000178148356081,-74.984363618
8462500.000,0.000176033672235,-75.088085022
8465625.000,0.00017383032234,-75.197489290
8468750.000,0.000171539809096,-75.312701552
8471875.000,0.00016916384797,-75.433848890
8475000.000,0.000166704369191,-75.561060350
8478125.000,0.000164163518733,-75.694466953
8481250.000,0.000161543658245,-75.834201730
8484375.000,0.000158847363903,-75.980399759
8487500.000,0.000156077424151,-76.133198220
8490625.000,0.000153236836345,-76.292736457
8493750.000,0.000150328802251,-76.459156056
8496875.000,0.000147356722435,-76.632600936
8500000.000,0.000144324189533,-76.813217453
8503125.000,0.000141234980417,-77.001154519
8506250.000,0.00013809304729,-77.196563735
8509375.000,0.000134902507732,-77.399599541
8512500.000,0.000131667633735,-77.610419386
8515625.000,0.000128392839786,-77.829183907
8518750.000,0.000125082670025,-78.056057137
8521875.000,0.000121741784572,-78.291206727
8525000.000,0.000118374945053,-78.534804192
8528125.000,0.000114986999429,-78.787025175
8531250.000,0.000111582866182,-79.048049745
8534375.000,0.000108167517956,-79.318062713
8537500.000,0.000104745964735,-79.597253979
8540625.000,0.000101323236646,-79.885818913
8543750.000,9.79043664878e-05,-80.183958769
8546875.000,9.44943720841e-05,-80.491881130
8550000.000,9.10982385492e-05,-80.809800407
8553125.000,8.77209005821e-05,-81.137938366
8556250.000,8.43672248772e-05,-81.476524721
8559375.000,8.10419927623e-05,-81.825797771
8562500.000,7.7749883157e-05,-82.186005099
8565625.000,7.44954559538e-05,-82.557404348
8568750.000,7.12831359178e-05,-82.940264058
8571875.000,6.81171971945e-05,-83.334864604
8575000.000,6.50017485216e-05,-83.741499217
8578125.000,6.19407192205e-05,-84.160475123
8581250.000,5.89378460573e-05,-84.592114798
8584375.000,5.59966610392e-05,-85.036757365
8587500.000,5.31204802187e-05,-85.494760150
8590625.000,5.03123935665e-05,-85.966500420
8593750.000,4.75752559656e-05,-86.452377329
8596875.000,4.49116793775e-05,-86.952814102
8600000.000,4.23240262129e-05,-87.468260506
8603125.000,3.98144039454e-05,-87.999195633
8606250.000,3.73846609867e-05,-88.546131066
8609375.000,3.50363838374e-05,-89.109614489
8612500.000,3.27708955235e-05,-89.690233812
8615625.000,3.05892553097e-05,-90.288621914
8618750.000,2.8492259687e-05,-90.905462120
8621875.000,2.64804446072e-05,-91.541494547
8625000.000,2.45540889434e-05,-92.197523507
8628125.000,2.27132191397e-05,-92.874426179
8631250.000,2.09576150054e-05,-93.573162839
8634375.000,1.92868166102e-05,-94.294788980
8637500.000,1.77001322165e-05,-95.040469791
8640625.000,1.61966471953e-05,-95.811497555
8643750.000,1.47752338492e-05,-96.609312735
8646875.000,1.34345620766e-05,-97.435529712
8650000.000,1.21731107952e-05,-98.291968503
8653125.000,1.09891800453e-05,-99.180694223
8656250.000,9.88090368707e-06,-100.104066678
8659375.000,8.84626260627e-06,-101.064803450
8662500.000,7.88309833707e-06,-102.066061117
8665625.000,6.98912701393e-06,-103.111541340
8668750.000,6.16195355921e-06,-104.205631583
8671875.000,5.39908601843e-06,-105.353595066
8675000.000,4.69794995085e-06,-106.561832285
8678125.000,4.05590278883e-06,-107.838249253
8681250.000,3.4702480786e-06,-109.192789551
8684375.000,2.93824951893e-06,-110.638226526
8687500.000,2.45714471885e-06,-112.191385281
8690625.000,2.02415859524e-06,-113.875109260
8693750.000,1.63651634144e-06,-115.721593074
8696875.000,1.29145589704e-06,-117.778408406
8700000.000,9.86239857979e-07,-120.120348997
8703125.000,7.18166770595e-07,-122.875493869
8706250.000,4.8458175783e-07,-126.292658780
8709375.000,2.82886434563e-07,-130.967757561
8712500.000,1.10548072575e-07,-139.128976500
8715625.000,3.489201593e-08,-149.145478758
8718750.000,1.55810901721e-07,-136.148043181
8721875.000,2.54497287544e-07,-131.886336841
8725000.000,3.33145594554e-07,-129.547318508
8728125.000,3.93850892466e-07,-128.093363322
8731250.000,4.3860467206e-07,-127.158534930
8734375.000,4.6929145375e-07,-126.571147093
8737500.000,4.87686219258e-07,-126.237190325
8740625.000,4.95452648094e-07,-126.099956921
8743750.000,4.94142135263e-07,-126.122962249
8746875.000,4.8519356129e-07,-126.281699421
8750000.000,4.69933781669e-07,-126.559266683
8753125.000,4.49578798011e-07,-126.943883563
8756250.000,4.2523556996e-07,-127.427408298
8759375.000,3.97904423343e-07,-128.004424659
8762500.000,3.68482007357e-07,-128.671674270
8765625.000,3.37764751293e-07,-129.427713497
8768750.000,3.06452769412e-07,-130.272728992
8771875.000,2.75154161242e-07,-131.208478297
8775000.000,2.44389653874e-07,-132.238343674
8778125.000,2.14597532232e-07,-133.367505530
8781250.000,1.86138803673e-07,-134.603261633
8784375.000,1.593025436e-07,-135.955545794
8787500.000,1.34311369951e-07,-137.437744423
8790625.000,1.11326995747e-07,-139.067990212
8793750.000,9.04558106955e-08,-140.871270594
8796875.000,7.17544450392e-08,-142.883023802
8800000.000,5.52352712747e-08,-145.155670174
8803125.000,4.0871802176e-08,-147.771524247
8806250.000,2.86039465534e-08,-150.871480842
8809375.000,1.83430874553e-08,-154.730551267
8812500.000,9.97695092176e-09,-160.020043283
8815625.000,3.37423698087e-09,-169.436488382
8818750.000,1.61101175584e-09,-175.858025809
8821875.000,5.13532480603e-09,-165.788641647
8825000.000,7.36201898428e-09,-162.660061340
8828125.000,8.45772741725e-09,-161.454926315
8831250.000,8.58925210356e-09,-161.320893001
8834375.000,7.92074607953e-09,-162.024678179
8837500.000,6.61122775039e-09,-163.594357631
8840625.000,4.81242657654e-09,-166.352717670
8843750.000,2.6669561045e-09,-171.479682646
8846875.000,3.06807327717e-10,-190.262685440
8850000.000,2.14784741392e-09,-173.359931495
8853125.000,4.58955234848e-09,-166.764593444
8856250.000,6.92418263879e-09,-163.192629706
8859375.000,9.07129187893e-09,-160.846617178
8862500.000,1.0964211146e-08,-159.200452190
8865625.000,1.25499195167e-08,-158.027181187
8868750.000,1.37887071396e-08,-157.209529047
8871875.000,1.46536528631e-08,-156.681082017
8875000.000,1.51299390394e-08,-156.403256436
8878125.000,1.52140264727e-08,-156.355116648
8881250.000,1.49127125547e-08,-156.528867063
8884375.000,1.42420954503e-08,-156.928522158
8887500.000,1.322646678e-08,-157.571123090
8890625.000,1.18971545779e-08,-158.491137913
8893750.000,1.02913374604e-08,-159.750563615
8896875.000,8.45084986971e-09,-161.461992270
8900000.000,6.4209970341e-09,-163.847950614
8903125.000,4.24939691769e-09,-167.433454029
8906250.000,1.98486491215e-09,-174.045380911
8909375.000,3.23644572345e-10,-189.798633438
8912500.000,2.62802715857e-09,-171.607403020
8915625.000,4.88193748809e-09,-166.228155718
8918750.000,7.04160920995e-09,-163.046561615
8921875.000,9.06657885198e-09,-160.851131141
8925000.000,1.09203082267e-08,-159.235302069
8928125.000,1.25707018025e-08,-158.012809513
8931250.000,1.39905171578e-08,-157.083324631
8934375.000,1.51576682929e-08,-156.387352023
8937500.000,1.60554231355e-08,-155.887564885
8940625.000,1.66724980073e-08,-155.559986516
8943750.000,1.70030531974e-08,-155.389461728
8946875.000,1.70465949773e-08,-155.367247149
8950000.000,1.68077904992e-08,-155.489787477
8953125.000,1.62962029496e-08,-155.758271507
8956250.000,1.5525955129e-08,-156.178833466
8959375.000,1.45153302777e-08,-156.763461558
8962500.000,1.32863194607e-08,-157.531906189
8965625.000,1.18641251472e-08,-158.515285617
8968750.000,1.02766308505e-08,-159.762984872
8971875.000,8.55384668652e-09,-161.356770760
8975000.000,6.72734066576e-09,-163.443131590
8978125.000,4.82966527083e-09,-166.321659356
8981250.000,2.89378852369e-09,-170.770664201
8984375.000,9.52538308354e-10,-180.422350984
8987500.000,9.61931898677e-10,-180.337113467
8990625.000,2.81864836152e-09,-170.999182017
8993750.000,4.58828671596e-09,-166.766989029
8996875.000,6.24359992557e-09,-164.091298665
9000000.000,7.75979946043e-09,-162.202990045
9003125.000,9.11488547792e-09,-160.804975672
9006250.000,1.02899227227e-08,-159.751757736
9009375.000,1.12692597792e-08,-158.962092193
9012500.000,1.20406902616e-08,-158.386972308
9015625.000,1.25955554156e-08,-157.995653540
9018750.000,1.29287885237e-08,-157.768843365
9021875.000,1.30389023365e-08,-157.695179352
9025000.000,1.29279215675e-08,-157.769425828
9028125.000,1.26012632272e-08,-157.991718328
9031250.000,1.20675682599e-08,-158.367604719
9034375.000,1.13384885384e-08,-158.908896692
9037500.000,1.04284338181e-08,-159.635618214
9040625.000,9.35428367445e-09,-160.579789280
9043750.000,8.13506982146e-09,-161.792774305
9046875.000,6.79163445771e-09,-163.360513938
9050000.000,5.346270483e-09,-165.438981457
9053125.000,3.82234949175e-09,-168.353392126
9056250.000,2.24394347255e-09,-172.979761753
9059375.000,6.35446032593e-10,-183.938426549
9062500.000,9.7880118575e-10,-180.186110264
9065625.000,2.57487147365e-09,-171.784888883
9068750.000,4.12960032116e-09,-167.681839580
9071875.000,5.62091224454e-09,-165.003863900
9075000.000,7.02812289178e-09,-163.063213063
9078125.000,8.33221263377e-09,-161.584793112
9081250.000,9.51606835001e-09,-160.430848945
9084375.000,1.05646907122e-08,-159.522864253
9087500.000,1.14653648123e-08,-158.812242441
9090625.000,1.2207792607e-08,-158.267257147
9093750.000,1.27841862358e-08,-157.866538226
9096875.000,1.31893218775e-08,-157.595550658
9100000.000,1.34205543836e-08,-157.444590874
9103125.000,1.34777935155e-08,-157.407624029
9106250.000,1.33634431292e-08,-157.481632605
9109375.000,1.30823051745e-08,-157.666314484
9112500.000,1.26414508356e-08,-157.964061601
9115625.000,1.20500615556e-08,-158.380214691
9118750.000,1.13192430665e-08,-158.923652281
9121875.000,1.04618158529e-08,-159.607858572
9125000.000,9.49208573721e-09,-160.452766953
9128125.000,8.4255984713e-09,-161.487984827
9131250.000,7.27888235898e-09,-162.758705992
9134375.000,6.06918299726e-09,-164.337395350
9137500.000,4.81419425389e-09,-166.349527796
9140625.000,3.53178953136e-09,-169.040103701
9143750.000,2.23975728307e-09,-172.995980851
9146875.000,9.55544574809e-10,-180.394980978
9150000.000,3.03987726294e-10,-190.342879019
9153125.000,1.52279480196e-09,-176.347172286
9156250.000,2.6858597454e-09,-171.418333395
9159375.000,3.77938475117e-09,-168.451577871
9162500.000,4.79095930635e-09,-166.391550359
9165625.000,5.70970345415e-09,-164.867728944
9168750.000,6.52638462168e-09,-163.706546707
9171875.000,7.23350691575e-09,-162.813021980
9175000.000,7.82537223634e-09,-162.129899896
9178125.000,8.29811297404e-09,-161.620413136
9181250.000,8.64969650585e-09,-161.259982609
9184375.000,8.87990208729e-09,-161.031836457
9187500.000,8.9902711611e-09,-160.924544181
9190625.000,8.98403246311e-09,-160.930573749
9193750.000,8.86600364168e-09,-161.045441893
9196875.000,8.6424714393e-09,-161.267240940
9200000.000,8.32105273653e-09,-161.596434511
9203125.000,7.91053901014e-09,-162.035878469
9206250.000,7.42072694047e-09,-162.591070976
9209375.000,6.86223805849e-09,-163.270684397
9212500.000,6.24633041801e-09,-164.087500924
9215625.000,5.58470533999e-09,-165.059994723
9218750.000,4.88931229052e-09,-166.215044451
9221875.000,4.17215490522e-09,-167.592791506
9225000.000,3.44510111104e-09,-169.255960547
9228125.000,2.71970016323e-09,-171.309579453
9231250.000,2.00700925914e-09,-173.949012479
9234375.000,1.31743219293e-09,-177.605434566
9237500.000,6.60572286545e-10,-183.601593011
9240625.000,4.51015706203e-11,-206.916166679
9243750.000,5.21352092993e-10,-185.657377572
9246875.000,1.03229856e-09,-179.723893570
9250000.000,1.48245855463e-09,-176.580348789
9253125.000,1.86781568624e-09,-174.573319633
9256250.000,2.18564692805e-09,-173.208399863
9259375.000,2.43453149023e-09,-172.271692071
9262500.000,2.61433835141e-09,-171.652764122
9265625.000,2.72619303725e-09,-171.288867915
9268750.000,2.77242453564e-09,-171.142805327
9271875.000,2.75649353687e-09,-171.192860429
9275000.000,2.68290344951e-09,-171.427899123
9278125.000,2.5570958849e-09,-171.845059734
9281250.000,2.38533252104e-09,-172.449021414
9284375.000,2.17456543107e-09,-173.252550404
9287500.000,1.93229811725e-09,-174.278517386
9290625.000,1.66643959573e-09,-175.564208476
9293750.000,1.38515396006e-09,-177.170039040
9296875.000,1.09670788323e-09,-179.198180695
9300000.000,8.09318523188e-10,-181.837610393
9303125.000,5.31004258539e-10,-185.498039919
9306250.000,2.69440607323e-10,-191.390739025
9309375.000,3.18235791824e-11,-209.945019541
9312500.000,1.75257432999e-10,-195.126471074
9315625.000,3.45935281343e-10,-189.220102856
9318750.000,4.75167470274e-10,-186.463065972
9321875.000,5.58823819592e-10,-185.054501811
9325000.000,5.93758104238e-10,-184.527808992
9328125.000,5.77862647776e-10,-184.763507536
9331250.000,5.10105118362e-10,-185.846806375
9334375.000,3.90547055474e-10,-188.166532644
9337500.000,2.2034393935e-10,-193.137977809
9340625.000,1.72690102787e-12,-235.254651040
9343750.000,2.62033550375e-10,-191.632861974
9346875.000,5.66681132245e-10,-184.933224941
9350000.000,9.07043812372e-10,-180.847434700
9353125.000,1.27711909768e-09,-177.875372015
9356250.000,1.67017320059e-09,-175.544769785
9359375.000,2.07885249873e-09,-173.643526483
9362500.000,2.49530551731e-09,-172.057525463
9365625.000,2.91131351631e-09,-170.718220466
9368750.000,3.31842763958e-09,-169.581352960
9371875.000,3.70811049058e-09,-168.616946673
9375000.000,4.07187994161e-09,-167.804100711
9378125.000,4.40145295371e-09,-167.128078717
9381250.000,4.68888719194e-09,-166.578604313
9384375.000,4.92671825799e-09,-166.148845456
9387500.000,5.10809043211e-09,-165.834828454
9390625.000,5.22687891683e-09,-165.635151209
9393750.000,5.27780170458e-09,-165.550938619
9396875.000,5.25651934591e-09,-165.586034658
9400000.000,5.15972108239e-09,-165.747475485
9403125.000,4.98519599758e-09,-166.046355247
9406250.000,4.73188807722e-09,-166.499310725
9409375.000,4.39993429364e-09,-167.131076180
9412500.000,3.99068508275e-09,-167.979050848
9415625.000,3.50670684303e-09,-169.102010783
9418750.000,2.95176633846e-09,-170.598360484
9421875.000,2.330797161e-09,-172.649910391
9425000.000,1.64984865703e-09,-175.651117848
9428125.000,9.16017985881e-10,-180.761919979
9431250.000,1.37366214031e-10,-197.242401425
9434375.000,6.77180419325e-10,-183.385912160
9437500.000,1.51794271247e-09,-176.374892370
9440625.000,2.37461265012e-09,-172.488144459
9443750.000,3.23638777136e-09,-169.798788969
9446875.000,4.09211390106e-09,-167.761045730
9450000.000,4.93043426214e-09,-166.142296546
9453125.000,5.73994289762e-09,-164.821848561
9456250.000,6.50934026709e-09,-163.729260514
9459375.000,7.22758885243e-09,-162.820131212
9462500.000,7.88406660151e-09,-162.064994313
9465625.000,8.46871607526e-09,-161.443648544
9468750.000,8.97218720507e-09,-160.942033468
9471875.000,9.38597168044e-09,-160.550415210
9475000.000,9.70252707518e-09,-160.262302734
9478125.000,9.91538897686e-09,-160.073804878
9481250.000,1.00192695471e-08,-159.983278789
9484375.000,1.00101411196e-08,-159.991195999
9487500.000,9.88530365567e-09,-160.100199711
9490625.000,9.64343509159e-09,-160.315364767
9493750.000,9.28462385048e-09,-160.644713724
9496875.000,8.81038302942e-09,-161.100104206
9500000.000,8.22364602718e-09,-161.698711828
9503125.000,7.52874362632e-09,-162.465549830
9506250.000,6.73136279579e-09,-163.437940039
9509375.000,5.8384877249e-09,-164.673992571
9512500.000,4.8583238449e-09,-166.270270790
9515625.000,3.80020581397e-09,-168.403857639
9518750.000,2.6744906648e-09,-171.455178273
9521875.000,1.49243750667e-09,-176.522076903
9525000.000,2.66075349437e-10,-191.499907176
9528125.000,9.91939216482e-10,-180.070298790
9531250.000,2.26847263032e-09,-172.885329125
9534375.000,3.55007128842e-09,-168.995258517
9537500.000,4.82312274887e-09,-166.333433702
9540625.000,6.07401910567e-09,-164.330476927
9543750.000,7.28932041635e-09,-162.746259182
9546875.000,8.4559160606e-09,-161.456786736
9550000.000,9.56118194703e-09,-160.389768344
9553125.000,1.05931315433e-08,-159.499512694
9556250.000,1.15405587961e-08,-158.755463241
9559375.000,1.23931711182e-08,-158.136351075
9562500.000,1.31417107584e-08,-157.626961912
9565625.000,1.3778063033e-08,-157.216236655
9568750.000,1.4295350071e-08,-156.896104100
9571875.000,1.46880089273e-08,-156.660741444
9575000.000,1.49518531243e-08,-156.506099556
9578125.000,1.50841169106e-08,-156.429602204
9581250.000,1.5083481749e-08,-156.429967957
9584375.000,1.49500847882e-08,-156.507126885
9587500.000,1.46855093068e-08,-156.662219743
9590625.000,1.42927573561e-08,-156.897679582
9593750.000,1.37762050629e-08,-157.217408025
9596875.000,1.31415412731e-08,-157.627073933
9600000.000,1.23956904367e-08,-158.134585563
9603125.000,1.15467208313e-08,-158.750826683
9606250.000,1.06037394113e-08,-159.490819073
9609375.000,9.57677473039e-09,-160.375614563
9612500.000,8.47664953551e-09,-161.435515445
9615625.000,7.31484475409e-09,-162.715897733
9618750.000,6.10335669319e-09,-164.288624964
9621875.000,4.85454934722e-09,-166.277021598
9625000.000,3.58100375781e-09,-168.919904465
9628125.000,2.29536639246e-09,-172.782959627
9631250.000,1.01019850614e-09,-179.911865561
9634375.000,2.62171584297e-10,-191.628287630
9637500.000,1.50979143494e-09,-176.421660854
9640625.000,2.72122082221e-09,-171.304724291
9643750.000,3.88565981421e-09,-168.210704483
9646875.000,4.9930669971e-09,-166.032652131
9650000.000,6.03426643958e-09,-164.387510354
9653125.000,7.00104213885e-09,-163.096746167
9656250.000,7.88621887214e-09,-162.062623476
9659375.000,8.68372856907e-09,-161.225875199
9662500.000,9.38866152482e-09,-160.547926352
9665625.000,9.99730198278e-09,-160.002343784
9668750.000,1.0507147826e-08,-159.570303151
9671875.000,1.09169143427e-08,-159.238001946
9675000.000,1.1226522232e-08,-158.995095185
9678125.000,1.14370702375e-08,-158.833704236
9681250.000,1.15507929933e-08,-158.747763985
9684375.000,1.15710048595e-08,-158.732578480
9687500.000,1.15020307083e-08,-158.784509545
9690625.000,1.13491247834e-08,-158.900752578
9693750.000,1.11183789059e-08,-159.079170592
9696875.000,1.0816621427e-08,-159.318167400
9700000.000,1.04513084422e-08,-159.616586701
9703125.000,1.00304088593e-08,-159.973627278
9706250.000,9.56228498667e-09,-160.388766342
9709375.000,9.05557034077e-09,-160.861683832
9712500.000,8.51904639415e-09,-161.392180332
9715625.000,7.96151997252e-09,-161.980080221
9718750.000,7.39170298383e-09,-162.625109848
9721875.000,6.81809610214e-09,-163.326737632
9725000.000,6.24887795872e-09,-164.083959141
9728125.000,5.69180129072e-09,-164.895005404
9731250.000,5.1540973852e-09,-165.756947597
9734375.000,4.64239001868e-09,-166.665167524
9737500.000,4.16261994712e-09,-167.612664780
9740625.000,3.71998083474e-09,-168.589185952
9743750.000,3.31886733931e-09,-169.580202134
9746875.000,2.96283588785e-09,-170.565848070
9750000.000,2.65457849046e-09,-171.520088579
9753125.000,2.39590974855e-09,-172.410590908
9756250.000,2.18776702329e-09,-173.199978563
9759375.000,2.0302235413e-09,-173.849122814
9762500.000,1.92251403189e-09,-174.322609634
9765625.000,1.86307231347e-09,-174.595405761
9768750.000,1.84958008172e-09,-174.658537204
9771875.000,1.87902599837e-09,-174.521344218
9775000.000,1.94777404072e-09,-174.209228532
9778125.000,2.05163994904e-09,-173.757977061
9781250.000,2.18597450481e-09,-173.207098151
9784375.000,2.34575228643e-09,-172.594357034
9787500.000,2.52566448516e-09,-171.952486852
9790625.000,2.72021431912e-09,-171.307937552
9793750.000,2.92381356134e-09,-170.681006477
9796875.000,3.13087869767e-09,-170.086675166
9800000.000,3.33592525135e-09,-169.535673785
9803125.000,3.53365885332e-09,-169.035507610
9806250.000,3.71906170116e-09,-168.591332328
9809375.000,3.88747313053e-09,-168.206651994
9812500.000,4.03466312559e-09,-167.883854417
9815625.000,4.1568977094e-09,-167.624613245
9818750.000,4.25099529003e-09,-167.430187524
9821875.000,4.31437317982e-09,-167.301645850
9825000.000,4.34508366375e-09,-167.240037138
9828125.000,4.34183915258e-09,-167.246525388
9831250.000,4.30402612991e-09,-167.322502014
9834375.000,4.2317077713e-09,-167.469686620
9837500.000,4.12561529034e-09,-167.690225440
9840625.000,3.98712823586e-09,-167.986795923
9843750.000,3.81824413442e-09,-168.362726135
9846875.000,3.6215380302e-09,-168.822138997
9850000.000,3.40011263052e-09,-169.370133930
9853125.000,3.15753990196e-09,-170.013023051
9856250.000,2.89779509239e-09,-170.758646548
9859375.000,2.62518426487e-09,-171.616804151
9862500.000,2.3442665278e-09,-172.599860268
9865625.000,2.05977222007e-09,-173.723616069
9868750.000,1.77651837206e-09,-175.008605937
9871875.000,1.49932280051e-09,-176.482097091
9875000.000,1.23291821341e-09,-178.181314634
9878125.000,9.81867699987e-10,-180.158940530
9881250.000,7.50482956733e-10,-182.493183320
9884375.000,5.42746557623e-10,-185.308058448
9887500.000,3.62239514422e-10,-188.820083540
9890625.000,2.1207529031e-10,-193.470198596
9893750.000,9.48413321406e-11,-200.460047091
9896875.000,1.25490712156e-11,-218.027768322
9900000.000,3.34067865518e-11,-209.523305956
9903125.000,4.2279002142e-11,-207.477505427
9906250.000,1.39880491148e-11,-217.084857029
9909375.000,5.08685035547e-11,-205.871020764
9912500.000,1.51017673003e-10,-196.419444519
9915625.000,2.84523840829e-10,-190.917626747
9918750.000,4.48812490564e-10,-186.958701301
9921875.000,6.40704599059e-10,-183.866843172
9925000.000,8.56461211367e-10,-181.345846024
9928125.000,1.09183757249e-09,-179.236839295
9931250.000,1.34214603962e-09,-177.444004516
9934375.000,1.60232686164e-09,-175.904977734
9937500.000,1.86702578791e-09,-174.576993668
9940625.000,2.13067735905e-09,-173.429646180
9943750.000,2.38759263916e-09,-172.440795374
9946875.000,2.63205007481e-09,-171.594117050
9950000.000,2.85838810961e-09,-170.877576068
9953125.000,3.06109814778e-09,-170.282454909
9956250.000,3.23491644611e-09,-169.802738643
9959375.000,3.37491351773e-09,-169.434747030
9962500.000,3.47657965884e-09,-169.176956304
9965625.000,3.53590525822e-09,-169.029987602
9968750.000,3.54945461376e-09,-168.996767454
9971875.000,3.51443206964e-09,-169.082896935
9975000.000,3.42873939055e-09,-169.297310464
9978125.000,3.29102341082e-09,-169.653380566
9981250.000,3.10071313132e-09,-170.170768231
9984375.000,2.85804558694e-09,-170.878616966
9987500.000,2.56407996546e-09,-171.821368694
9990625.000,2.22069962778e-09,-173.070203605
9993750.000,1.83060185309e-09,-174.748122047
9996875.000,1.39727531084e-09,-177.094360293
10000000.000,9.24965440537e-10,-180.677489870
10003125.000,4.18628097778e-10,-187.563432515
10006250.000,1.16127999388e-10,-198.701261115
10009375.000,6.73109326165e-10,-183.438287842
10012500.000,1.24561524674e-09,-178.092321690
10015625.000,1.82652434688e-09,-174.767490689
10018750.000,2.40838826066e-09,-172.365469967
10021875.000,2.98353173516e-09,-170.505386766
10025000.000,3.54415756991e-09,-169.009739561
10028125.000,4.08245498909e-09,-167.781571897
10031250.000,4.59070994122e-09,-166.762402935
10034375.000,5.06141577542e-09,-165.914559713
10037500.000,5.48738272911e-09,-165.212694959
10040625.000,5.86184465742e-09,-164.639313896
10043750.000,6.17856146341e-09,-164.182252573
10046875.000,6.43191573255e-09,-163.833193082
10050000.000,6.61700214263e-09,-163.586774495
10053125.000,6.72970830729e-09,-163.440075189
10056250.000,6.76678582252e-09,-163.392351386
10059375.000,6.7259104066e-09,-163.444978441
10062500.000,6.60573017211e-09,-163.601583403
10065625.000,6.40590122008e-09,-163.868395250
10068750.000,6.12710992082e-09,-164.254886566
10071875.000,5.77108142315e-09,-164.774855965
10075000.000,5.34057411776e-09,-165.448241066
10078125.000,4.83935998644e-09,-166.304241415
10081250.000,4.2721909432e-09,-167.386986900
10084375.000,3.64475148837e-09,-168.766641560
10087500.000,2.96359817587e-09,-170.563613624
10090625.000,2.23608658642e-09,-173.010227672
10093750.000,1.47028667444e-09,-176.651959577
10096875.000,6.74887525849e-10,-183.415371980
10100000.000,1.4090728386e-10,-197.021331130
10103125.000,9.67492399245e-10,-180.287048763
10106250.000,1.79498001682e-09,-174.918807640
10109375.000,2.6133242803e-09,-171.656133930
10112500.000,3.41244911098e-09,-169.338676329
10115625.000,4.18237777612e-09,-167.571534836
10118750.000,4.91336246562e-09,-166.172423923
10121875.000,5.59601213852e-09,-165.042427043
10125000.000,6.22141690023e-09,-164.122213908
10128125.000,6.78126722253e-09,-163.373782830
10131250.000,7.26796635897e-09,-162.771741831
10134375.000,7.67473440688e-09,-162.298732897
10137500.000,7.99570255659e-09,-161.942867404
10140625.000,8.22599619741e-09,-161.696229912
10143750.000,8.3618056998e-09,-161.553998564
10146875.000,8.40044383305e-09,-161.513955352
10150000.000,8.34038897805e-09,-161.576273886
10153125.000,8.18131346129e-09,-161.743539347
10156250.000,7.92409654349e-09,-162.021004837
10159375.000,7.5708217991e-09,-162.417139521
10162500.000,7.12475883189e-09,-162.944596633
10165625.000,6.59032948548e-09,-163.621857444
10168750.000,5.97305891346e-09,-164.476064034
10171875.000,5.27951208414e-09,-165.548124235
10175000.000,4.51721649339e-09,-166.902581896
10178125.000,3.69457204631e-09,-168.648717201
10181250.000,2.82074924967e-09,-170.992710374
10184375.000,1.90557701865e-09,-174.399469869
10187500.000,9.59421540655e-10,-180.359810702
10190625.000,6.94221899521e-12,-223.170033809
10193750.000,9.82464702075e-10,-180.153660879
10196875.000,1.955959858e-09,-174.172801249
10200000.000,2.9162453472e-09,-170.703518822
10203125.000,3.8522829877e-09,-168.285636344
10206250.000,4.75331757794e-09,-166.460063374
10209375.000,5.609012252e-09,-165.022272227
10212500.000,6.40957855647e-09,-163.863410507
10215625.000,7.14589950987e-09,-162.918861908
10218750.000,7.8096439988e-09,-162.147375258
10221875.000,8.39337097079e-09,-161.521271630
10225000.000,8.89062202743e-09,-161.021357056
10228125.000,9.29600117269e-09,-160.634076603
10231250.000,9.60524064128e-09,-160.349835005
10234375.000,9.81525192608e-09,-160.161970979
10237500.000,9.92416131544e-09,-160.066123699
10240625.000,9.93132947394e-09,-160.059852201
10243750.000,9.83735479965e-09,-160.142433296
10246875.000,9.64406053155e-09,-160.314801448
10250000.000,9.35446579243e-09,-160.579620176
10253125.000,8.97274096923e-09,-160.941497391
10256250.000,8.50414806517e-09,-161.407383739
10259375.000,7.95496683977e-09,-161.987232527
10262500.000,7.33240777671e-09,-162.695067813
10265625.000,6.64451307381e-09,-163.550736794
10268750.000,5.90004704049e-09,-164.582890515
10271875.000,5.10837741323e-09,-165.834340480
10275000.000,4.27934923845e-09,-167.372445384
10278125.000,3.42315307275e-09,-169.311473603
10281250.000,2.55018931982e-09,-171.868551548
10284375.000,1.67093059116e-09,-175.540831798
10287500.000,7.95783991164e-10,-181.984096037
10290625.000,6.50447680626e-11,-203.735752612
10293750.000,9.0168354369e-10,-180.898917128
10296875.000,1.70472040694e-09,-175.366936799
10300000.000,2.46532301452e-09,-172.162523400
10303125.000,3.1753490665e-09,-169.964170514
10306250.000,3.82744634113e-09,-168.341817784
10309375.000,4.41514094662e-09,-167.101108554
10312500.000,4.93291260132e-09,-166.137931581
10315625.000,5.37625593881e-09,-165.390401294
10318750.000,5.74172703667e-09,-164.819149157
10321875.000,6.02697458322e-09,-164.398012800
10325000.000,6.23075531997e-09,-164.109186061
10328125.000,6.35293361803e-09,-163.940513652
10331250.000,6.3944652906e-09,-163.883915313
10334375.000,6.35736596171e-09,-163.934455754
10337500.000,6.2446645407e-09,-164.089817734
10340625.000,6.06034257295e-09,-164.350056516
10343750.000,5.80926043921e-09,-164.717583058
10346875.000,5.49707157166e-09,-165.197372170
10350000.000,5.13012602881e-09,-165.797439314
10353125.000,4.71536493403e-09,-166.529693810
10356250.000,4.2602074067e-09,-167.411385138
10359375.000,3.77243173661e-09,-168.467572204
10362500.000,3.26005263262e-09,-169.735507766
10365625.000,2.73119642906e-09,-171.272941281
10368750.000,2.19397617636e-09,-173.175361852
10371875.000,1.65636852819e-09,-175.616860598
10375000.000,1.12609432027e-09,-178.968504640
10378125.000,6.10504671793e-10,-184.286220167
10381250.000,1.16474361158e-10,-198.675393258
10384375.000,3.49695890632e-10,-189.126189423
10387500.000,7.82366729922e-10,-182.131792523
10390625.000,1.17663573562e-09,-178.587159316
10393750.000,1.52840008845e-09,-176.315258917
10396875.000,1.83440539312e-09,-174.730093629
10400000.000,2.09227991848e-09,-173.587604265
10403125.000,2.30055375522e-09,-172.763352289
10406250.000,2.45866262999e-09,-172.186021194
10409375.000,2.56693635821e-09,-171.811697972
10412500.000,2.6265721713e-09,-171.612213229
10415625.000,2.63959339538e-09,-171.569259339
10418750.000,2.60879420431e-09,-171.671203581
10421875.000,2.53767139864e-09,-171.911292302
10425000.000,2.43034438193e-09,-172.286643643
10428125.000,2.29146470931e-09,-172.797736538
10431250.000,2.12611676442e-09,-173.448257762
10434375.000,1.9397112802e-09,-174.245258172
10437500.000,1.73787355356e-09,-175.199636514
10440625.000,1.52632830908e-09,-176.327040815
10443750.000,1.31078324005e-09,-177.649382405
10446875.000,1.09681330127e-09,-179.197345828
10450000.000,8.89747833661e-10,-181.014661215
10453125.000,6.9456257951e-10,-183.165772372
10456250.000,5.15778586507e-10,-185.750733847
10459375.000,3.57369906904e-10,-188.937640420
10462500.000,2.22681871764e-10,-193.046302737
10465625.000,1.14361563964e-10,-198.834398281
10468750.000,3.43019239868e-11,-209.293630396
10471875.000,1.63992900872e-11,-215.703499036
10475000.000,3.74647089428e-11,-208.527552740
10478125.000,2.94460055484e-11,-210.619472208
10481250.000,6.28444386474e-12,-224.034662974
10484375.000,6.75590374011e-11,-203.406330940
10487500.000,1.51457407598e-10,-196.394189620
10490625.000,2.54365399804e-10,-191.890839283
10493750.000,3.7204979698e-10,-188.587978562
10496875.000,4.99747715722e-10,-186.024983646
10500000.000,6.32269305056e-10,-183.981958030
10503125.000,7.64112100169e-10,-182.336858459
10506250.000,8.89585124618e-10,-181.016249757
10509375.000,1.00294059863e-09,-179.974495765
10512500.000,1.09851090584e-09,-179.183912542
10515625.000,1.17084829584e-09,-178.629987437
10518750.000,1.21486466526e-09,-178.309441987
10521875.000,1.22596866248e-09,-178.230412617
10525000.000,1.20019730845e-09,-178.414947030
10528125.000,1.13433931871e-09,-178.905140281
10531250.000,1.02604735228e-09,-179.776651920
10534375.000,8.7393650015e-10,-181.170402437
10537500.000,6.7766646642e-10,-183.379680088
10540625.000,4.38005079574e-10,-187.170417058
10543750.000,1.56871008323e-10,-196.089146238
10546875.000,1.62646163914e-10,-195.775123506
10550000.000,5.1629002408e-10,-185.742125329
10553125.000,8.98666727608e-10,-180.928026748
10556250.000,1.30330045691e-09,-177.699109050
10559375.000,1.72271525288e-09,-175.275730021
10562500.000,2.14854306223e-09,-173.357118751
10565625.000,2.57165736345e-09,-171.795737908
10568750.000,2.98233122194e-09,-170.508882497
10571875.000,3.37041811627e-09,-169.446324390
10575000.000,3.7255533634e-09,-168.576184231
10578125.000,4.03737345054e-09,-167.878021544
10581250.000,4.29575009375e-09,-167.339219835
10584375.000,4.49103535189e-09,-166.953070526
10587500.000,4.61431368045e-09,-166.717857711
10590625.000,4.65765638876e-09,-166.636651080
10593750.000,4.61437358859e-09,-166.717744941
10596875.000,4.47925839792e-09,-166.975877668
10600000.000,4.24881789446e-09,-167.434637650
10603125.000,3.92148510463e-09,-168.130988606
10606250.000,3.49780618026e-09,-169.124085185
10609375.000,2.98059684343e-09,-170.513935256
10612500.000,2.37506220189e-09,-172.486500238
10615625.000,1.68887412644e-09,-175.448054353
10618750.000,9.32200560756e-10,-180.609812803
10621875.000,1.1768140485e-10,-198.585843115
10625000.000,7.39654041838e-10,-182.619427304
10628125.000,1.62253264713e-09,-175.796131119
10631250.000,2.51165007415e-09,-172.000817342
10634375.000,3.38595391119e-09,-169.406379154
10637500.000,4.22300006253e-09,-167.487578243
10640625.000,4.99938439866e-09,-166.021669388
10643750.000,5.69125083436e-09,-164.895845460
10646875.000,6.27487611806e-09,-164.047896877
10650000.000,6.72733066504e-09,-163.443144503
10653125.000,7.02721378233e-09,-163.064336683
10656250.000,7.15546060639e-09,-162.907248098
10659375.000,7.09621701978e-09,-162.979462224
10662500.000,6.83777775281e-09,-163.301700382
10665625.000,6.37358180069e-09,-163.912328719
10668750.000,5.70325823022e-09,-164.877539283
10671875.000,4.83371440896e-09,-166.314380253
10675000.000,3.78025768496e-09,-168.449571901
10678125.000,2.56774058434e-09,-171.808977092
10681250.000,1.23171869506e-09,-178.189769336
10684375.000,1.80390422941e-10,-194.875730464
10687500.000,1.60815971105e-09,-175.873416448
10690625.000,2.97702952466e-09,-170.524337164
10693750.000,4.19722259082e-09,-167.540759966
10696875.000,5.16271104218e-09,-165.742443636
10700000.000,5.75024986971e-09,-164.806265664
10703125.000,5.81849130097e-09,-164.703792213
10706250.000,5.2071946487e-09,-165.667923756
10709375.000,3.73654605889e-09,-168.550593200
10712500.000,1.20660232331e-09,-178.368716856
10715625.000,2.60312749818e-09,-171.690091203
10718750.000,7.93394946384e-09,-162.010211403
10721875.000,1.50480886992e-08,-156.450373151
10725000.000,2.42286183351e-08,-152.313427026
10728125.000,3.57792028907e-08,-148.927386782
10731250.000,5.00236467347e-08,-146.016493026
10734375.000,6.7305239559e-08,-143.439022513
10737500.000,8.79858922504e-08,-141.111739150
10740625.000,1.12445058101e-07,-138.981192536
10743750.000,1.41078435969e-07,-137.010787273
10746875.000,1.74296453765e-07,-135.174228979
10750000.000,2.12522532491e-07,-133.451900351
10753125.000,2.56191132986e-07,-131.828718113
10756250.000,3.05745589473e-07,-130.292795983
10759375.000,3.61635736032e-07,-128.834573201
10762500.000,4.24315334134e-07,-127.446225464
10765625.000,4.94239311386e-07,-126.121254283
10768750.000,5.71860823624e-07,-124.854193092
10771875.000,6.57628154493e-07,-123.640392040
10775000.000,7.51981468487e-07,-122.475857237
10778125.000,8.55349435287e-07,-121.357128540
10781250.000,9.68145744962e-07,-120.281185179
10784375.000,1.0907655352e-06,-119.245371857
10787500.000,1.22358175316e-06,-118.247340162
10790625.000,1.36694147602e-06,-117.285001577
10793750.000,1.52116221522e-06,-116.356489415
10796875.000,1.68652823068e-06,-115.460127696
10800000.000,1.86328688174e-06,-114.594405472
10803125.000,2.0516450425e-06,-113.757955497
10806250.000,2.25176560932e-06,-112.949536361
10809375.000,2.46376412855e-06,-112.168017445
10812500.000,2.68770557253e-06,-111.412366165
10815625.000,2.9236012914e-06,-110.681637099
10818750.000,3.17140616803e-06,-109.974962670
10821875.000,3.43101600221e-06,-109.291545128
10825000.000,3.70226514964e-06,-108.630649621
10828125.000,3.98492443983e-06,-107.991598181
10831250.000,4.27869939543e-06,-107.373764485
10834375.000,4.5832287742e-06,-106.776569284
10837500.000,4.89808345278e-06,-106.199476394
10840625.000,5.22276566901e-06,-105.641989186
10843750.000,5.55670863828e-06,-105.103647490
10846875.000,5.89927655577e-06,-104.584024876
10850000.000,6.24976499493e-06,-104.082726256
10853125.000,6.60740170939e-06,-103.599385773
10856250.000,6.97134784274e-06,-103.133664943
10859375.000,7.34069954795e-06,-102.685251021
10862500.000,7.71449001555e-06,-102.253855574
10865625.000,8.0916919058e-06,-101.839213230
10868750.000,8.47122017847e-06,-101.441080604
10871875.000,8.85193530995e-06,-101.059235371
10875000.000,9.23264688471e-06,-100.693475486
10878125.000,9.61211754596e-06,-100.343618538
10881250.000,9.98906728655e-06,-100.009501229
10884375.000,1.03621780593e-05,-99.690978985
10887500.000,1.07300986834e-05,-99.387925677
10890625.000,1.1091450021e-05,-99.100233468
10893750.000,1.14448303954e-05,-98.827812778
10896875.000,1.17888212218e-05,-98.570592367
10900000.000,1.21219928185e-05,-98.328519552
10903125.000,1.24429103646e-05,-98.101560548
10906250.000,1.2750139971e-05,-97.889700950
10909375.000,1.30422548273e-05,-97.692946371
10912500.000,1.33178413902e-05,-97.511323233
10915625.000,1.3575505575e-05,-97.344879751
10918750.000,1.38138789136e-05,-97.193687103
10921875.000,1.40316246417e-05,-97.057840832
10925000.000,1.42274436793e-05,-96.937462498
10928125.000,1.44000804664e-05,-96.832701622
10931250.000,1.45483286209e-05,-96.743737951
10934375.000,1.46710363822e-05,-96.670784118
10937500.000,1.47671118098e-05,-96.614088737
10940625.000,1.48355277041e-05,-96.573940022
10943750.000,1.48753262202e-05,-96.550670026
10946875.000,1.48856231486e-05,-96.544659600
10950000.000,1.48656118369e-05,-96.556344229
10953125.000,1.4814566729e-05,-96.586220910
10956250.000,1.47318465039e-05,-96.634856297
10959375.000,1.46168967952e-05,-96.702896389
10962500.000,1.44692524783e-05,-96.791078103
10965625.000,1.42885395115e-05,-96.900243198
10968750.000,1.40744763261e-05,-97.031355102
10971875.000,1.3826874757e-05,-97.185519419
10975000.000,1.35456405139e-05,-97.364009085
10978125.000,1.32307731919e-05,-97.568295508
10981250.000,1.28823658279e-05,-97.800087442
10984375.000,1.2500604006e-05,-98.061380044
10987500.000,1.20857645271e-05,-98.354517432
10990625.000,1.16382136493e-05,-98.682273490
10993750.000,1.11584049197e-05,-99.047957656
10996875.000,1.06468766119e-05,-99.455555580
11000000.000,1.01042487909e-05,-99.909919379
11003125.000,9.53122002956e-06,-100.417030092
11006250.000,8.92856379627e-06,-100.984367878
11009375.000,8.29712454705e-06,-101.621447814
11012500.000,7.63781354388e-06,-102.340618959
11015625.000,6.95160443262e-06,-103.158298971
11018750.000,6.23952860776e-06,-104.096964395
11021875.000,5.50267039906e-06,-105.188529999
11025000.000,4.74216210884e-06,-106.480472079
11028125.000,3.95917893387e-06,-108.047897400
11031250.000,3.15493380336e-06,-110.020194973
11034375.000,2.33067216711e-06,-112.650376203
11037500.000,1.48766676415e-06,-116.549886788
11040625.000,6.27212403787e-07,-124.051707232
11043750.000,2.49379209949e-07,-132.062795105
11046875.000,1.1407845799e-06,-118.855927157
11050000.000,2.04567341799e-06,-113.783273963
11053125.000,2.96271351781e-06,-110.566206820
11056250.000,3.89057547349e-06,-108.199723107
11059375.000,4.82793722185e-06,-106.324767714
11062500.000,5.77348838433e-06,-104.771234072
11065625.000,6.72593439068e-06,-103.444947468
11068750.000,7.68400036559e-06,-102.288252463
11071875.000,8.6464347623e-06,-101.263258619
11075000.000,9.61201273183e-06,-100.343713252
11078125.000,1.05795392146e-05,-99.510664946
11081250.000,1.15478517467e-05,-98.749976006
11084375.000,1.25158229745e-05,-98.050811764
11087500.000,1.34823628738e-05,-97.404679763
11090625.000,1.44464206697e-05,-96.804794859
11093750.000,1.54069864611e-05,-96.245645981
11096875.000,1.6363092548e-05,-95.722692266
11100000.000,1.73138144697e-05,-95.232144812
11103125.000,1.82582717577e-05,-94.770806663
11106250.000,1.91956284143e-05,-94.335953313
11109375.000,2.01250931236e-05,-93.925242027
11112500.000,2.10459192088e-05,-93.536642022
11115625.000,2.19574043483e-05,-93.168380009
11118750.000,2.28588900637e-05,-92.818897221
11121875.000,2.37497609967e-05,-92.486815130
11125000.000,2.46294439885e-05,-92.170907846
11128125.000,2.54974069827e-05,-91.870079678
11131250.000,2.63531577652e-05,-91.583346761
11134375.000,2.7196242561e-05,-91.309821881
11137500.000,2.80262445057e-05,-91.048701869
11140625.000,2.88427820117e-05,-90.799257047
11143750.000,2.9645507045e-05,-90.560822345
11146875.000,3.04341033303e-05,-90.332789784
11150000.000,3.12082845069e-05,-90.114602070
11153125.000,3.19677922463e-05,-89.905747117
11156250.000,3.27123943519e-05,-89.705753339
11159375.000,3.34418828568e-05,-89.514185575
11162500.000,3.4156072133e-05,-89.330641559
11165625.000,3.48547970274e-05,-89.154748840
11168750.000,3.55379110365e-05,-88.986162083
11171875.000,3.62052845341e-05,-88.824560702
11175000.000,3.68568030606e-05,-88.669646759
11178125.000,3.74923656848e-05,-88.521143114
11181250.000,3.81118834459e-05,-88.378791767
11184375.000,3.8715277885e-05,-88.242352383
11187500.000,3.93024796696e-05,-88.111600966
11190625.000,3.98734273179e-05,-87.986328660
11193750.000,4.04280660253e-05,-87.866340674
11196875.000,4.09663465972e-05,-87.751455299
11200000.000,4.1488224487e-05,-87.641503013
11203125.000,4.19936589434e-05,-87.536325665
11206250.000,4.24826122615e-05,-87.435775726
11209375.000,4.29550491402e-05,-87.339715596
11212500.000,4.34109361407e-05,-87.248016973
11215625.000,4.38502412448e-05,-87.160560260
11218750.000,4.42729335066e-05,-87.077234018
11221875.000,4.4678982794e-05,-86.997934460
11225000.000,4.50683596161e-05,-86.922564979
11228125.000,4.54410350274e-05,-86.851035702
11231250.000,4.57969806052e-05,-86.783263082
11234375.000,4.6136168493e-05,-86.719169510
11237500.000,4.64585715034e-05,-86.658682958
11240625.000,4.6764163273e-05,-86.601736637
11243750.000,4.70529184623e-05,-86.548268685
11246875.000,4.73248129946e-05,-86.498221870
11250000.000,4.75798243282e-05,-86.451543316
11253125.000,4.78179317508e-05,-86.408184243
11256250.000,4.80391166951e-05,-86.368099733
11259375.000,4.82433630668e-05,-86.331248499
11262500.000,4.84306575795e-05,-86.297592683
11265625.000,4.86009900894e-05,-86.267097666
11268750.000,4.87543539302e-05,-86.239731885
11271875.000,4.88907462374e-05,-86.215466678
11275000.000,4.90101682608e-05,-86.194276129
11278125.000,4.91126256639e-05,-86.176136939
11281250.000,4.91981288004e-05,-86.161028297
11284375.000,4.92666929739e-05,-86.148931775
11287500.000,4.93183386717e-05,-86.139831228
11290625.000,4.93530917731e-05,-86.133712707
11293750.000,4.93709837344e-05,-86.130564384
11296875.000,4.93720517438e-05,-86.130376490
11300000.000,4.93563388511e-05,-86.133141257
11303125.000,4.93238940691e-05,-86.138852873
11306250.000,4.92747724498e-05,-86.147507452
11309375.000,4.92090351325e-05,-86.159103006
11312500.000,4.91267493701e-05,-86.173639428
11315625.000,4.90279885289e-05,-86.191118484
11318750.000,4.89128320685e-05,-86.211543813
11321875.000,4.8781365501e-05,-86.234920939
11325000.000,4.86336803322e-05,-86.261257283
11328125.000,4.84698739862e-05,-86.290562187
11331250.000,4.82900497162e-05,-86.322846950
11334375.000,4.80943165026e-05,-86.358124858
11337500.000,4.78827889424e-05,-86.396411239
11340625.000,4.76555871301e-05,-86.437723509
11343750.000,4.74128365314e-05,-86.482081234
11346875.000,4.71546678559e-05,-86.529506197
11350000.000,4.68812169249e-05,-86.580022472
11353125.000,4.65926245409e-05,-86.633656505
11356250.000,4.62890363557e-05,-86.690437205
11359375.000,4.59706027442e-05,-86.750396039
11362500.000,4.56374786791e-05,-86.813567139
11365625.000,4.52898236113e-05,-86.879987415
11368750.000,4.49278013567e-05,-86.949696681
11371875.000,4.45515799872e-05,-87.022737789
11375000.000,4.41613317303e-05,-87.099156770
11378125.000,4.3757232874e-05,-87.179002996
11381250.000,4.33394636802e-05,-87.262329346
11384375.000,4.29082083042e-05,-87.349192394
11387500.000,4.24636547197e-05,-87.439652603
11390625.000,4.20059946538e-05,-87.533774545
11393750.000,4.15354235241e-05,-87.631627136
11396875.000,4.10521403837e-05,-87.733283893
11400000.000,4.05563478693e-05,-87.838823209
11403125.000,4.00482521551e-05,-87.948328666
11406250.000,3.95280629082e-05,-88.061889359
11409375.000,3.89959932472e-05,-88.179600270
11412500.000,3.84522597027e-05,-88.301562663
11415625.000,3.78970821777e-05,-88.427884530
11418750.000,3.73306839082e-05,-88.558681072
11421875.000,3.67532914238e-05,-88.694075236
11425000.000,3.61651345047e-05,-88.834198307
11428125.000,3.55664461382e-05,-88.979190562
11431250.000,3.49574624707e-05,-89.129201998
11434375.000,3.43384227578e-05,-89.284393137
11437500.000,3.3709569308e-05,-89.444935925
11440625.000,3.30711474237e-05,-89.611014734
11443750.000,3.24234053371e-05,-89.782827488
11446875.000,3.17665941403e-05,-89.960586912
11450000.000,3.11009677107e-05,-90.144521953
11453125.000,3.04267826311e-05,-90.334879362
11456250.000,2.97442981044e-05,-90.531925499
11459375.000,2.90537758641e-05,-90.735948363
11462500.000,2.83554800787e-05,-90.947259908
11465625.000,2.76496772522e-05,-91.166198675
11468750.000,2.69366361203e-05,-91.393132809
11471875.000,2.6216627543e-05,-91.628463517
11475000.000,2.54899243931e-05,-91.872629054
11478125.000,2.47568014431e-05,-92.126109330
11481250.000,2.40175352479e-05,-92.389431265
11484375.000,2.32724040276e-05,-92.663175040
11487500.000,2.25216875475e-05,-92.947981419
11490625.000,2.17656669983e-05,-93.244560391
11493750.000,2.10046248748e-05,-93.553701404
11496875.000,2.02388448574e-05,-93.876285574
11500000.000,1.94686116907e-05,-94.213300339
11503125.000,1.86942110664e-05,-94.565857165
11506250.000,1.79159295062e-05,-94.935213101
11509375.000,1.71340542471e-05,-95.322797249
11512500.000,1.63488731283e-05,-95.730243528
11515625.000,1.55606744817e-05,-96.159431646
11518750.000,1.47697470239e-05,-96.612538864
11521875.000,1.39763797513e-05,-97.092106154
11525000.000,1.31808618381e-05,-97.601123844
11528125.000,1.23834825372e-05,-98.143144079
11531250.000,1.15845310836e-05,-98.722430816
11534375.000,1.07842966004e-05,-99.344163525
11537500.000,9.98306800777e-06,-100.014719407
11540625.000,9.18113393307e-06,-100.742073543
11543750.000,8.37878262494e-06,-101.536381531
11546875.000,7.57630186698e-06,-102.410854596
11550000.000,6.77397889472e-06,-103.383123216
11553125.000,5.97210031213e-06,-104.477458123
11556250.000,5.17095201066e-06,-105.728589854
11559375.000,4.37081908776e-06,-107.188743380
11562500.000,3.57198576476e-06,-108.941805611
11565625.000,2.77473530715e-06,-111.135568792
11568750.000,1.97934994144e-06,-114.069548348
11571875.000,1.18611077385e-06,-118.517494985
11575000.000,3.95297705274e-07,-128.061514135
11578125.000,3.92810651976e-07,-128.116334876
11581250.000,1.17793706107e-06,-118.577558279
11584375.000,1.9598057487e-06,-114.155739455
11587500.000,2.73814249385e-06,-111.250879096
11590625.000,3.51267471935e-06,-109.087241298
11593750.000,4.28313158496e-06,-107.364771663
11596875.000,5.04924408164e-06,-105.935472698
11600000.000,5.81074512818e-06,-104.715363465
11603125.000,6.56736966884e-06,-103.652170743
11606250.000,7.31885477275e-06,-102.711137408
11609375.000,8.06493973398e-06,-101.867977471
11612500.000,8.80536617298e-06,-101.105051582
11615625.000,9.53987813855e-06,-100.409143458
11618750.000,1.02682222099e-05,-99.770094831
11621875.000,1.09901475992e-05,-99.179929498
11625000.000,1.17054062529e-05,-98.632270178
11628125.000,1.24137529542e-05,-98.121938035
11631250.000,1.31149454221e-05,-97.644670248
11634375.000,1.38087444113e-05,-97.196916175
11637500.000,1.44949138089e-05,-96.775687255
11640625.000,1.51732207301e-05,-96.378444486
11643750.000,1.58434356105e-05,-96.003012737
11646875.000,1.65053322972e-05,-95.647514554
11650000.000,1.71586881361e-05,-95.310318382
11653125.000,1.78032840557e-05,-94.989997577
11656250.000,1.84389046488e-05,-94.685297630
11659375.000,1.90653382505e-05,-94.395109704
11662500.000,1.96823770118e-05,-94.118449073
11665625.000,2.02898169703e-05,-93.854437412
11668750.000,2.08874581181e-05,-93.602288158
11671875.000,2.14751044646e-05,-93.361294298
11675000.000,2.20525640967e-05,-93.130818139
11678125.000,2.26196492355e-05,-92.910282680
11681250.000,2.31761762896e-05,-92.699164287
11684375.000,2.37219659062e-05,-92.496986452
11687500.000,2.42568430176e-05,-92.303314448
11690625.000,2.47806368868e-05,-92.117750720
11693750.000,2.52931811502e-05,-91.939930911
11696875.000,2.57943138577e-05,-91.769520402
11700000.000,2.62838775119e-05,-91.606211307
11703125.000,2.67617191056e-05,-91.449719840
11706250.000,2.72276901577e-05,-91.299784003
11709375.000,2.76816467484e-05,-91.156161556
11712500.000,2.81234495549e-05,-91.018628217
11715625.000,2.85529638845e-05,-90.886976080
11718750.000,2.89700597106e-05,-90.761012193
11721875.000,2.93746117061e-05,-90.640557310
11725000.000,2.97664992791e-05,-90.525444760
11728125.000,3.01456066081e-05,-90.415519452
11731250.000,3.05118226784e-05,-90.310636964
11734375.000,3.08650413189e-05,-90.210662746
11737500.000,3.12051612402e-05,-90.115471381
11740625.000,3.15320860724e-05,-90.024945932
11743750.000,3.18457244053e-05,-89.938977353
11746875.000,3.21459898276e-05,-89.857463941
11750000.000,3.24328009678e-05,-89.780310862
11753125.000,3.2706081535e-05,-89.707429698
11756250.000,3.29657603598e-05,-89.638738055
11759375.000,3.32117714356e-05,-89.574159191
11762500.000,3.34440539593e-05,-89.513621691
11765625.000,3.36625523707e-05,-89.457059158
11768750.000,3.38672163923e-05,-89.404409947
11771875.000,3.40580010675e-05,-89.355616905
11775000.000,3.42348667959e-05,-89.310627152
11778125.000,3.43977793683e-05,-89.269391869
11781250.000,3.4546709999e-05,-89.231866113
11784375.000,3.46816353546e-05,-89.198008646
11787500.000,3.48025375813e-05,-89.167781778
11790625.000,3.49094043273e-05,-89.141151233
11793750.000,3.50022287633e-05,-89.118086022
11796875.000,3.50810095984e-05,-89.098558331
11800000.000,3.51457510918e-05,-89.082543421
11803125.000,3.51964630606e-05,-89.070019543
11806250.000,3.52331608833e-05,-89.060967862
11809375.000,3.52558654988e-05,-89.055372387
11812500.000,3.5264603401e-05,-89.053219921
11815625.000,3.52594066285e-05,-89.054500012
11818750.000,3.52403127502e-05,-89.059204919
11821875.000,3.52073648462e-05,-89.067329584
11825000.000,3.51606114847e-05,-89.078871613
11828125.000,3.51001066945e-05,-89.093831268
11831250.000,3.50259099335e-05,-89.112211468
11834375.000,3.49380860538e-05,-89.134017796
11837500.000,3.48367052631e-05,-89.159258516
11840625.000,3.4721843083e-05,-89.187944599
11843750.000,3.45935803048e-05,-89.220089756
11846875.000,3.44520029421e-05,-89.255710487
11850000.000,3.4297202182e-05,-89.294826128
11853125.000,3.41292743342e-05,-89.337458914
11856250.000,3.39483207788e-05,-89.383634056
11859375.000,3.37544479126e-05,-89.433379819
11862500.000,3.35477670952e-05,-89.486727615
11865625.000,3.33283945947e-05,-89.543712110
11868750.000,3.30964515329e-05,-89.604371340
11871875.000,3.28520638306e-05,-89.668746840
11875000.000,3.25953621538e-05,-89.736883787
11878125.000,3.23264818601e-05,-89.808831155
11881250.000,3.20455629459e-05,-89.884641895
11884375.000,3.17527499943e-05,-89.964373120
11887500.000,3.14481921242e-05,-90.048086320
11890625.000,3.11320429404e-05,-90.135847584
11893750.000,3.08044604839e-05,-90.227727863
11896875.000,3.04656071842e-05,-90.323803238
11900000.000,3.01156498107e-05,-90.424155231
11903125.000,2.97547594263e-05,-90.528871135
11906250.000,2.93831113406e-05,-90.638044384
11909375.000,2.90008850629e-05,-90.751774958
11912500.000,2.86082642552e-05,-90.870169826
11915625.000,2.82054366854e-05,-90.993343440
11918750.000,2.77925941787e-05,-91.121418280
11921875.000,2.73699325685e-05,-91.254525451
11925000.000,2.69376516456e-05,-91.392805353
11928125.000,2.64959551056e-05,-91.536408415
11931250.000,2.60450504946e-05,-91.685495925
11934375.000,2.55851491508e-05,-91.840240939
11937500.000,2.5116466146e-05,-92.000829306
11940625.000,2.46392202211e-05,-92.167460816
11943750.000,2.41536337203e-05,-92.340350478
11946875.000,2.36599325205e-05,-92.519729967
11950000.000,2.31583459578e-05,-92.705849250
11953125.000,2.26491067491e-05,-92.898978426
11956250.000,2.21324509109e-05,-93.099409807
11959375.000,2.16086176728e-05,-93.307460291
11962500.000,2.10778493879e-05,-93.523474061
11965625.000,2.05403914387e-05,-93.747825686
11968750.000,1.99964921393e-05,-93.980923665
11971875.000,1.94464026339e-05,-94.223214530
11975000.000,1.88903767922e-05,-94.475187589
11978125.000,1.83286711009e-05,-94.737380438
11981250.000,1.7761544553e-05,-95.010385409
11984375.000,1.71892585342e-05,-95.294857128
11987500.000,1.66120767072e-05,-95.591521444
11990625.000,1.60302648947e-05,-95.901186020
11993750.000,1.54440909605e-05,-96.224752984
11996875.000,1.48538246901e-05,-96.563234122
12000000.000,1.42597376707e-05,-96.917769278
12003125.000,1.36621031717e-05,-97.289648787
12006250.000,1.3061196025e-05,-97.680341050
12009375.000,1.24572925063e-05,-98.091526758
12012500.000,1.18506702181e-05,-98.525141746
12015625.000,1.12416079738e-05,-98.983431277
12018750.000,1.06303856835e-05,-99.469019569
12021875.000,1.00172842422e-05,-99.985000057
12025000.000,9.40258541978e-06,-100.535054249
12028125.000,8.78657175411e-06,-101.123610800
12031250.000,8.16952644552e-06,-101.756062341
12034375.000,7.5517332541e-06,-102.439067176
12037500.000,6.93347639933e-06,-103.180979168
12040625.000,6.31504046135e-06,-103.992477250
12043750.000,5.69671028458e-06,-104.887517335
12046875.000,5.07877088197e-06,-105.884827580
12050000.000,4.46150734147e-06,-107.010367761
12053125.000,3.84520473228e-06,-108.301610637
12056250.000,3.23014801189e-06,-109.815551539
12059375.000,2.6166219322e-06,-111.645180455
12062500.000,2.00491094567e-06,-113.958098263
12065625.000,1.39529910926e-06,-117.106653660
12068750.000,7.88069986936e-07,-122.068704239
12071875.000,1.835065494e-07,-134.726968621
12075000.000,4.18108929048e-07,-127.574211153
12078125.000,1.01649497742e-06,-119.857895258
12081250.000,1.61137103891e-06,-115.856088924
12084375.000,2.2024575858e-06,-113.141848927
12087500.000,2.78947623951e-06,-111.089546670
12090625.000,3.37214989529e-06,-109.441862576
12093750.000,3.95020285233e-06,-108.067612035
12096875.000,4.52336094817e-06,-106.890775114
12100000.000,5.09135169896e-06,-105.863338037
12103125.000,5.65390444359e-06,-104.953030716
12106250.000,6.21075049272e-06,-104.137118350
12109375.000,6.7616232811e-06,-103.398980586
12112500.000,7.30625852332e-06,-102.726099297
12115625.000,7.84439437164e-06,-102.108811612
12118750.000,8.37577157552e-06,-101.539503505
12121875.000,8.90013364067e-06,-101.012069442
12125000.000,9.41722698795e-06,-100.521539229
12128125.000,9.92680110939e-06,-100.063813589
12131250.000,1.04286087211e-05,-99.635472537
12134375.000,1.09224059101e-05,-99.233633756
12137500.000,1.14079522756e-05,-98.855846087
12140625.000,1.18850110604e-05,-98.500008195
12143750.000,1.23533492739e-05,-98.164305587
12146875.000,1.28127378019e-05,-97.847161222
12150000.000,1.32629515047e-05,-97.547196367
12153125.000,1.37037692995e-05,-97.263199225
12156250.000,1.41349742266e-05,-96.994099581
12159375.000,1.45563534995e-05,-96.738948123
12162500.000,1.49676985347e-05,-96.496899451
12165625.000,1.5368804963e-05,-96.267198015
12168750.000,1.57594726213e-05,-96.049166399
12171875.000,1.61395055223e-05,-95.842195504
12175000.000,1.65087118044e-05,-95.645736279
12178125.000,1.68669036607e-05,-95.459292713
12181250.000,1.72138972484e-05,-95.282415874
12184375.000,1.75495125776e-05,-95.114698824
12187500.000,1.78735733828e-05,-94.955772246
12190625.000,1.81859069786e-05,-94.805300693
12193750.000,1.84863440989e-05,-94.662979348
12196875.000,1.87747187253e-05,-94.528531214
12200000.000,1.9050867906e-05,-94.401704685
12203125.000,1.93146315676e-05,-94.282271435
12206250.000,1.9565852325e-05,-94.170024573
12209375.000,1.98043752916e-05,-94.064777048
12212500.000,2.0030047896e-05,-93.966360244
12215625.000,2.02427197073e-05,-93.874622767
12218750.000,2.04422422765e-05,-93.789429377
12221875.000,2.06284689969e-05,-93.710660066
12225000.000,2.08012549895e-05,-93.638209244
12228125.000,2.09604570197e-05,-93.571985045
12231250.000,2.11059334495e-05,-93.511908712
12234375.000,2.12375442308e-05,-93.457914073
12237500.000,2.13551509462e-05,-93.409947089
12240625.000,2.14586169024e-05,-93.367965471
12243750.000,2.15478072804e-05,-93.331938347
12246875.000,2.16225893484e-05,-93.301845993
12250000.000,2.16828327418e-05,-93.277679605
12253125.000,2.17284098146e-05,-93.259441124
12256250.000,2.17591960656e-05,-93.247143090
12259375.000,2.17750706426e-05,-93.240808548
12262500.000,2.17759169278e-05,-93.240470978
12265625.000,2.1761623206e-05,-93.246174272
12268750.000,2.17320834152e-05,-93.257972733
12271875.000,2.16871979835e-05,-93.275931116
12275000.000,2.16268747477e-05,-93.300124699
12278125.000,2.15510299551e-05,-93.330639389
12281250.000,2.14595893447e-05,-93.367571861
12284375.000,2.13524893054e-05,-93.411029740
12287500.000,2.12296781048e-05,-93.461131816
12290625.000,2.10911171869e-05,-93.518008305
12293750.000,2.0936782528e-05,-93.581801160
12296875.000,2.07666660469e-05,-93.652664420
12300000.000,2.05807770589e-05,-93.730764636
12303125.000,2.03791437654e-05,-93.816281339
12306250.000,2.01618147676e-05,-93.909407591
12309375.000,1.99288605951e-05,-94.010350615
12312500.000,1.96803752353e-05,-94.119332507
12315625.000,1.94164776522e-05,-94.236591055
12318750.000,1.91373132808e-05,-94.362380672
12321875.000,1.8843055484e-05,-94.496973462
12325000.000,1.85339069559e-05,-94.640660431
12328125.000,1.82101010589e-05,-94.793752881
12331250.000,1.78719030782e-05,-94.956583989
12334375.000,1.75196113795e-05,-95.129510632
12337500.000,1.71535584547e-05,-95.312915463
12340625.000,1.6774111841e-05,-95.507209313
12343750.000,1.63816748983e-05,-95.712833942
12346875.000,1.59766874322e-05,-95.930265225
12350000.000,1.55596261488e-05,-96.160016840
12353125.000,1.51310049273e-05,-96.402644546
12356250.000,1.46913749018e-05,-96.658751172
12359375.000,1.42413243381e-05,-96.928992453
12362500.000,1.37814782996e-05,-97.214083888
12365625.000,1.33124980909e-05,-97.514808830
12368750.000,1.28350804754e-05,-97.832028080
12371875.000,1.23499566598e-05,-98.166691330
12375000.000,1.18578910421e-05,-98.519850891
12378125.000,1.1359679723e-05,-98.892678261
12381250.000,1.08561487786e-05,-99.286484270
12384375.000,1.03481522981e-05,-99.702743764
12387500.000,9.83657018879e-06,-100.143126096
12390625.000,9.32230575573e-06,-100.609533141
12393750.000,8.80628306227e-06,-101.104147181
12396875.000,8.28944408218e-06,-101.629491874
12400000.000,7.77274565451e-06,-102.188510867
12403125.000,7.25715625474e-06,-102.784670519
12406250.000,6.74365259764e-06,-103.422096214
12409375.000,6.23321608856e-06,-104.105756341
12412500.000,5.7268291424e-06,-104.841715474
12415625.000,5.22547138979e-06,-105.637490515
12418750.000,4.73011579271e-06,-106.502564553
12421875.000,4.24172469235e-06,-107.449150453
12425000.000,3.76124581274e-06,-108.493365655
12428125.000,3.2896082458e-06,-109.657116368
12431250.000,2.82771844305e-06,-110.971276712
12434375.000,2.37645624028e-06,-112.481403567
12437500.000,1.93667094173e-06,-114.258883273
12440625.000,1.50917749076e-06,-116.425193618
12443750.000,1.09475275337e-06,-119.213679077
12446875.000,6.94131940803e-07,-123.171159418
12450000.000,3.08005197572e-07,-130.228839095
12453125.000,6.29856208132e-08,-144.015171714
12456250.000,4.18249955612e-07,-127.571281929
12459375.000,7.57251315565e-07,-122.415199270
12462500.000,1.07950978916e-06,-119.335468301
12465625.000,1.38460427804e-06,-117.173486618
12468750.000,1.67217443394e-06,-115.534368417
12471875.000,1.9419222825e-06,-114.235363099
12475000.000,2.19361352011e-06,-113.176797716
12478125.000,2.42707847177e-06,-112.298323639
12481250.000,2.64221270063e-06,-111.560644484
12484375.000,2.83897726201e-06,-110.936761716
12487500.000,3.01739859755e-06,-110.407346317
12490625.000,3.17756806791e-06,-109.958102750
12493750.000,3.31964112433e-06,-109.578177279
12496875.000,3.44383612319e-06,-109.259150457
12500000.000,3.5504327895e-06,-108.994374085
12503125.000,3.63977033815e-06,-108.778520371
12506250.000,3.71224526472e-06,-108.607266761
12509375.000,3.76830881953e-06,-108.477070264
12512500.000,3.80846418169e-06,-108.385002491
12515625.000,3.83326335158e-06,-108.328626859
12518750.000,3.84330378319e-06,-108.305905732
12521875.000,3.83922477861e-06,-108.315129202
12525000.000,3.82170367004e-06,-108.354859812
12528125.000,3.79145181539e-06,-108.423889180
12531250.000,3.7492104352e-06,-108.521203657
12534375.000,3.69574632021e-06,-108.645956937
12537500.000,3.63184743919e-06,-108.797448058
12540625.000,3.5583184777e-06,-108.975103683
12543750.000,3.47597633922e-06,-109.178463769
12546875.000,3.38564563933e-06,-109.407169991
12550000.000,3.28815422476e-06,-109.660956418
12553125.000,3.1843287476e-06,-109.939642048
12556250.000,3.07499032543e-06,-110.243124925
12559375.000,2.96095031643e-06,-110.571377597
12562500.000,2.84300623803e-06,-110.924443748
12565625.000,2.72193785593e-06,-111.302435886
12568750.000,2.59850346904e-06,-111.705533981
12571875.000,2.47343641406e-06,-112.133984996
12575000.000,2.34744181129e-06,-112.588103286
12578125.000,2.22119357136e-06,-113.068271843
12581250.000,2.09533168025e-06,-113.574944413
12584375.000,1.97045977739e-06,-114.108648518
12587500.000,1.84714303922e-06,-114.669989446
12590625.000,1.72590637804e-06,-115.259655327
12593750.000,1.60723296318e-06,-115.878423382
12596875.000,1.49156306875e-06,-116.527167567
12600000.000,1.37929324972e-06,-117.206867785
12603125.000,1.27077584516e-06,-117.918620976
12606250.000,1.16631880484e-06,-118.663654442
12609375.000,1.06618583282e-06,-119.443341851
12612500.000,9.70596839037e-07,-120.259222548
12615625.000,8.79728687582e-07,-121.113024913
12618750.000,7.9371622798e-07,-122.006694804
12621875.000,7.12653593646e-07,-122.942430411
12625000.000,6.36595749789e-07,-123.922725305
12628125.000,5.65560271187e-07,-124.950422119
12631250.000,4.99529328701e-07,-126.028780162
12634375.000,4.3845186204e-07,-127.161561624
12637500.000,3.82245915146e-07,-128.353142939
12640625.000,3.30801109654e-07,-129.608660846
12643750.000,2.83981231278e-07,-130.934207243
12646875.000,2.41626903484e-07,-132.337094233
12650000.000,2.03558322723e-07,-133.826222726
12653125.000,1.69578029522e-07,-135.412608310
12656250.000,1.39473690106e-07,-137.110154173
12659375.000,1.13020863722e-07,-138.936827562
12662500.000,8.99857316931e-08,-140.916526953
12665625.000,7.01277651728e-08,-143.082200019
12668750.000,5.3202309815e-08,-145.481390242
12671875.000,3.89630669569e-08,-148.186937304
12675000.000,2.71644524785e-08,-151.319980882
12678125.000,1.75638162272e-08,-155.107622313
12681250.000,9.92350675163e-09,-160.066696610
12684375.000,4.012768051e-09,-167.931118859
12687500.000,3.90542887349e-10,-188.166625345
12690625.000,3.49842686802e-09,-169.122544005
12693750.000,5.51140851623e-09,-165.174747941
12696875.000,6.61740229106e-09,-163.586249251
12700000.000,6.99078102698e-09,-163.109486022
12703125.000,6.79164737945e-09,-163.360497413
12706250.000,6.16530642666e-09,-164.200906667
12709375.000,5.24193562811e-09,-165.610166331
12712500.000,4.13644637625e-09,-167.667452027
12715625.000,2.94852952346e-09,-170.607890386
12718750.000,1.76287553852e-09,-175.075566968
12721875.000,6.49558363279e-10,-183.747636423
12725000.000,3.3542938474e-10,-189.487977888
12728125.000,1.14950347301e-09,-178.789794245
12731250.000,1.76269205867e-09,-175.076471042
12734375.000,2.15673219873e-09,-173.324075557
12737500.000,2.32407511396e-09,-172.674996794
12740625.000,2.26681693451e-09,-172.891671031
12743750.000,1.99557193801e-09,-173.998652236
12746875.000,1.5283053679e-09,-176.315797230
12750000.000,8.89142797645e-10,-181.020569702
12753125.000,1.07172688531e-10,-199.398317489
12756250.000,7.84741712076e-10,-182.105465247
12759375.000,1.75112567192e-09,-175.133653701
12762500.000,2.75501686049e-09,-171.197514779
12765625.000,3.75903621363e-09,-168.498469808
12768750.000,4.72639330887e-09,-166.509402824
12771875.000,5.62181505543e-09,-165.002468915
12775000.000,6.41238787267e-09,-163.859604318
12778125.000,7.06830499351e-09,-163.013694384
12781250.000,7.56351206022e-09,-162.425529925
12784375.000,7.87624575937e-09,-162.073614824
12787500.000,7.98946185186e-09,-161.949649452
12790625.000,7.8911505706e-09,-162.057193396
12793750.000,7.57453897054e-09,-162.412875913
12796875.000,7.03818138555e-09,-163.050790897
12800000.000,6.28594068118e-09,-164.032594433
12803125.000,5.32686444868e-09,-165.470567089
12806250.000,4.17496165843e-09,-167.586950172
12809375.000,2.84888657345e-09,-170.906496831
12812500.000,1.37153787147e-09,-177.255843920
12815625.000,2.30418036212e-10,-192.749670581
12818750.000,1.92708961366e-09,-174.301961786
12821875.000,3.68595812157e-09,-168.668992068
12825000.000,5.47251964271e-09,-165.236253419
12828125.000,7.25095959012e-09,-162.792090304
12831250.000,8.9848478055e-09,-160.929785500
12834375.000,1.06378422799e-08,-159.462929059
12837500.000,1.21743895831e-08,-158.291056097
12840625.000,1.35604103408e-08,-157.354543369
12843750.000,1.47639584921e-08,-156.615943689
12846875.000,1.57558435924e-08,-156.051166781
12850000.000,1.65102061355e-08,-155.644950088
12853125.000,1.70050366713e-08,-155.388448544
12856250.000,1.72226304497e-08,-155.278010342
12859375.000,1.71499703609e-08,-155.314732524
12862500.000,1.67790320793e-08,-155.504661913
12865625.000,1.61070065413e-08,-155.859703299
12868750.000,1.51364361578e-08,-156.399527331
12871875.000,1.38752624605e-08,-157.155175863
12875000.000,1.23367842617e-08,-158.175960598
12878125.000,1.05395266947e-08,-159.543577837
12881250.000,8.50702289462e-09,-161.404447968
12884375.000,6.26751133728e-09,-164.058097435
12887500.000,3.85355311961e-09,-168.282773001
12890625.000,1.3015746862e-09,-177.710618128
12893750.000,1.34865743405e-09,-177.401966987
12896875.000,4.05462225353e-09,-167.840992007
12900000.000,6.77168180655e-09,-163.386069142
12903125.000,9.4537611714e-09,-160.487907468
12906250.000,1.20540610787e-08,-158.377332245
12909375.000,1.45257926111e-08,-156.757203214
12912500.000,1.68229231485e-08,-155.481970781
12915625.000,1.89009224678e-08,-154.470339988
12918750.000,2.07174978676e-08,-153.673253944
12921875.000,2.22333072372e-08,-153.059918611
12925000.000,2.34126392675e-08,-152.610992525
12928125.000,2.42240503701e-08,-152.315064783
12931250.000,2.46409484179e-08,-152.166851608
12934375.000,2.46421140947e-08,-152.166440719
12937500.000,2.42121514597e-08,-152.319332360
12940625.000,2.33418602353e-08,-152.637290714
12943750.000,2.20285234021e-08,-153.140292263
12946875.000,2.02761047721e-08,-153.860309467
12950000.000,1.80953524621e-08,-154.848659065
12953125.000,1.55038054266e-08,-156.191233813
12956250.000,1.25257015724e-08,-158.043958793
12959375.000,9.19178728435e-09,-160.732000692
12962500.000,5.53902960626e-09,-165.131326271
12965625.000,1.61023363065e-09,-175.862222142
12968750.000,2.54643097859e-09,-171.881361819
12971875.000,6.87798910829e-09,-163.250770325
12975000.000,1.13272985532e-08,-158.917473053
12978125.000,1.58337599739e-08,-156.008318857
12981250.000,2.03340897875e-08,-153.835505262
12984375.000,2.47631463787e-08,-152.123883503
12987500.000,2.90547991041e-08,-150.735642462
12990625.000,3.31428289536e-08,-149.592208490
12993750.000,3.69618490509e-08,-148.644926218
12996875.000,4.04482328388e-08,-147.862008955
13000000.000,4.35410374832e-08,-147.222024539
13003125.000,4.61829099512e-08,-146.710374120
13006250.000,4.83209632445e-08,-146.317288339
13009375.000,4.99076105557e-08,-146.036664450
13012500.000,5.09013454251e-08,-145.865414765
13015625.000,5.12674565954e-08,-145.803164552
13018750.000,5.09786669213e-08,-145.852230508
13021875.000,5.0015686544e-08,-146.017875309
13025000.000,4.83676715459e-08,-146.308896387
13028125.000,4.60325803931e-08,-146.738693594
13031250.000,4.30174216983e-08,-147.327112463
13034375.000,3.93383881608e-08,-148.103668774
13037500.000,3.50208729605e-08,-149.113460650
13040625.000,3.0099366299e-08,-150.428852956
13043750.000,2.46172313783e-08,-152.175215848
13046875.000,1.86263605479e-08,-154.597439894
13050000.000,1.21867140029e-08,-158.282267615
13053125.000,5.36574489617e-09,-165.407399577
13056250.000,1.76228376938e-09,-175.078483172
13059375.000,9.11708358865e-09,-160.802881268
13062500.000,1.66132183031e-08,-155.590924562
13065625.000,2.4161064933e-08,-152.337678550
13068750.000,3.16678477215e-08,-149.987629042
13071875.000,3.9038733052e-08,-148.170085704
13075000.000,4.61779726036e-08,-146.711302765
13078125.000,5.29900811315e-08,-145.516108311
13081250.000,5.93810347022e-08,-144.527044784
13084375.000,6.52594746503e-08,-143.707128534
13087500.000,7.05379023862e-08,-143.031549185
13090625.000,7.51338498687e-08,-142.483287146
13093750.000,7.89710108234e-08,-142.050646060
13096875.000,8.19803179766e-08,-141.725808030
13100000.000,8.41009519601e-08,-141.503981766
13103125.000,8.52812683385e-08,-141.382926985
13106250.000,8.54796298548e-08,-141.362747342
13109375.000,8.46651320741e-08,-141.445908196
13112500.000,8.28182116963e-08,-141.637483030
13115625.000,7.99311281434e-08,-141.945681148
13118750.000,7.60083103636e-08,-142.382778431
13121875.000,7.10665623835e-08,-142.966693833
13125000.000,6.51351228158e-08,-143.723695273
13128125.000,5.82555750909e-08,-144.693250122
13131250.000,5.04816071285e-08,-145.937336548
13134375.000,4.18786208706e-08,-147.560152575
13137500.000,3.25231939401e-08,-149.756136222
13140625.000,2.25023975357e-08,-152.955424143
13143750.000,1.19129764719e-08,-158.479594319
13146875.000,8.60398996732e-10,-181.306002094
13150000.000,1.05422142817e-08,-159.541363211
13153125.000,2.21752714533e-08,-153.082621103
13156250.000,3.39139879343e-08,-149.392422774
13159375.000,4.56297489612e-08,-146.815038411
13162500.000,5.71915410086e-08,-144.853364027
13165625.000,6.84674361533e-08,-143.290318690
13168750.000,7.9326112561e-08,-142.011676563
13171875.000,8.96383936724e-08,-140.950118693
13175000.000,9.9278788035e-08,-140.062870664
13178125.000,1.08127011674e-07,-139.321315990
13181250.000,1.16069474729e-07,-138.705639619
13184375.000,1.23000714236e-07,-138.201847334
13187500.000,1.28824755501e-07,-137.800013462
13190625.000,1.33456384829e-07,-137.493212877
13193750.000,1.36822317551e-07,-137.276861152
13196875.000,1.38862245903e-07,-137.148316298
13200000.000,1.3952975294e-07,-137.106663495
13203125.000,1.38793079687e-07,-137.152643751
13206250.000,1.36635734537e-07,-137.288714083
13209375.000,1.3305693555e-07,-137.519249661
13212500.000,1.28071877992e-07,-137.850924442
13215625.000,1.21711821683e-07,-138.293344747
13218750.000,1.14023994477e-07,-138.860074978
13221875.000,1.05071310497e-07,-139.570317020
13225000.000,9.49319037483e-08,-140.451756195
13228125.000,8.36984799961e-08,-141.545648579
13231250.000,7.14774918948e-08,-142.916613901
13234375.000,5.83881444315e-08,-144.673506527
13237500.000,4.45612399107e-08,-147.020854670
13240625.000,3.01378735768e-08,-150.417747865
13243750.000,1.52679928564e-08,-156.324361038
13246875.000,1.0883502297e-10,-199.264626535
13250000.000,1.51767404729e-08,-156.376429848
13253125.000,3.04220072463e-08,-150.336242691
13256250.000,4.545819579e-08,-146.847756103
13259375.000,6.01163660283e-08,-144.420145599
13262500.000,7.42293076583e-08,-142.588491802
13265625.000,8.76334471498e-08,-141.146602091
13268750.000,1.00170739592e-07,-139.985182394
13271875.000,1.11690523747e-07,-139.039673451
13275000.000,1.22051318739e-07,-138.269150475
13278125.000,1.31122541214e-07,-137.646452851
13281250.000,1.38786122539e-07,-137.153079151
13284375.000,1.44938006459e-07,-136.776354329
13287500.000,1.49489508796e-07,-136.507785703
13290625.000,1.52368522164e-07,-136.342094894
13293750.000,1.53520550231e-07,-136.276669634
13296875.000,1.52909557795e-07,-136.311307353
13300000.000,1.50518624965e-07,-136.448195155
13303125.000,1.463503957e-07,-136.692121980
13306250.000,1.40427313458e-07,-137.050968253
13309375.000,1.32791638583e-07,-137.536585402
13312500.000,1.2350524502e-07,-138.166291968
13315625.000,1.1264919597e-07,-138.965438074
13318750.000,1.00323100799e-07,-139.971981062
13321875.000,8.66442580679e-08,-141.245204256
13325000.000,7.17465917479e-08,-142.883974497
13328125.000,5.57793904567e-08,-145.070524718
13331250.000,3.89058614723e-08,-148.199699278
13334375.000,2.1301513836e-08,-153.431790629
13337500.000,3.15238667084e-09,-170.027210350
13340625.000,1.53468591837e-08,-156.279609835
13343750.000,3.39949663225e-08,-149.371707695
13346875.000,5.2586201528e-08,-145.582563971
13350000.000,7.0912549405e-08,-142.985538017
13353125.000,8.87659553998e-08,-141.035071364
13356250.000,1.0594059377e-07,-139.498751946
13359375.000,1.22235135646e-07,-138.256078824
13362500.000,1.37454992069e-07,-137.236789658
13365625.000,1.51414506996e-07,-136.396650263
13368750.000,1.63939075509e-07,-135.706350367
13371875.000,1.74867163262e-07,-135.145834703
13375000.000,1.84052203766e-07,-134.701179562
13378125.000,1.91364351766e-07,-134.362779228
13381250.000,1.96692071882e-07,-134.124262899
13384375.000,1.99943543662e-07,-133.981852300
13387500.000,2.0104786602e-07,-133.934010645
13390625.000,1.99956046041e-07,-133.981309193
13393750.000,1.96641759527e-07,-134.126484969
13396875.000,1.91101872985e-07,-134.374701128
13400000.000,1.83356719455e-07,-134.734063397
13403125.000,1.73450123078e-07,-135.216507753
13406250.000,1.61449170248e-07,-135.839283653
13409375.000,1.4744372782e-07,-136.627473948
13412500.000,1.31545711775e-07,-137.618466096
13415625.000,1.13888112387e-07,-138.870432102
13418750.000,9.46237848921e-08,-140.479993689
13421875.000,7.39240170571e-08,-142.624288829
13425000.000,5.19768878342e-08,-145.683794557
13428125.000,2.89854335455e-08,-150.756403987
13431250.000,5.16564025675e-09,-165.737516841
13434375.000,1.92557167709e-08,-154.308806213
13437500.000,4.40433640892e-08,-147.122390329
13440625.000,6.89559272453e-08,-143.228567945
13443750.000,9.37484087879e-08,-140.560721898
13446875.000,1.18174720401e-07,-138.549508331
13450000.000,1.41990242003e-07,-136.954830012
13453125.000,1.64954379987e-07,-135.652722965
13456250.000,1.86833096734e-07,-134.570923755
13459375.000,2.07401383648e-07,-133.663767012
13462500.000,2.26445650468e-07,-132.900720335
13465625.000,2.43766004354e-07,-132.260537225
13468750.000,2.59178393344e-07,-131.728024133
13471875.000,2.72516590151e-07,-131.292141076
13475000.000,2.83633993895e-07,-130.944834392
13478125.000,2.92405229279e-07,-130.680297297
13481250.000,2.98727524842e-07,-130.494495191
13484375.000,3.02521854319e-07,-130.384864925
13487500.000,3.03733827625e-07,-130.350136738
13490625.000,3.02334320736e-07,-130.390250986
13493750.000,2.98319836555e-07,-130.506357352
13496875.000,2.91712591797e-07,-130.700896482
13500000.000,2.8256032798e-07,-130.977776280
13503125.000,2.70935847583e-07,-131.342670591
13506250.000,2.56936279549e-07,-131.803491376
13509375.000,2.4068208128e-07,-132.371124833
13512500.000,2.22315787296e-07,-133.060593914
13515625.000,2.02000517456e-07,-133.892950361
13518750.000,1.799182605e-07,-134.898495129
13521875.000,1.56267951121e-07,-136.122601640
13525000.000,1.31263361183e-07,-137.637129584
13528125.000,1.0513082784e-07,-139.565398315
13531250.000,7.81068431979e-08,-142.146218290
13534375.000,5.04355317781e-08,-145.945267915
13537500.000,2.23660434334e-08,-153.008216721
13540625.000,5.85010968828e-09,-164.656719818
13543750.000,3.39617427382e-08,-149.380200643
13546875.000,6.17206845331e-08,-144.191385318
13550000.000,8.8884430938e-08,-141.023486074
13553125.000,1.15218735642e-07,-138.769537897
13556250.000,1.40500109442e-07,-137.046466749
13559375.000,1.64518200002e-07,-135.675721015
13562500.000,1.87078025336e-07,-134.559544457
13565625.000,2.08002035795e-07,-133.638648288
13568750.000,2.27131981225e-07,-132.874434216
13571875.000,2.44330562078e-07,-132.240444118
13575000.000,2.59482845479e-07,-131.717826965
13578125.000,2.72497430134e-07,-131.292751782
13581250.000,2.83307346391e-07,-130.954843274
13584375.000,2.91870680936e-07,-130.696190574
13587500.000,2.98170918646e-07,-130.510694333
13590625.000,3.02216997159e-07,-130.393622278
13593750.000,3.04043073094e-07,-130.341297730
13596875.000,3.03708002023e-07,-130.350875305
13600000.000,3.01294537551e-07,-130.420174840
13603125.000,2.96908258016e-07,-130.547554461
13606250.000,2.90676232555e-07,-130.731809546
13609375.000,2.82745441028e-07,-130.972087778
13612500.000,2.73280965395e-07,-131.267812336
13615625.000,2.62463972552e-07,-131.618606043
13618750.000,2.50489511236e-07,-132.024209093
13621875.000,2.37564147641e-07,-132.484382019
13625000.000,2.2390346644e-07,-132.998783654
13628125.000,2.09729465371e-07,-133.566811005
13631250.000,1.95267873015e-07,-134.187384087
13634375.000,1.80745420198e-07,-134.858653965
13637500.000,1.66387096253e-07,-135.577607148
13640625.000,1.52413421484e-07,-136.339535749
13643750.000,1.39037767268e-07,-137.137344299
13646875.000,1.26463754696e-07,-137.960678563
13650000.000,1.14882761909e-07,-138.794902641
13653125.000,1.04471569186e-07,-139.620037641
13656250.000,9.53901693363e-08,-140.409927605
13659375.000,8.77797692388e-08,-141.132111304
13662500.000,8.17610062361e-08,-141.749075446
13665625.000,7.74324007852e-08,-142.221545505
13668750.000,7.48690641528e-08,-142.513951909
13671875.000,7.41216771145e-08,-142.601095254
13675000.000,7.52157526044e-08,-142.473823892
13678125.000,7.81511920909e-08,-142.141287860
13681250.000,8.29021421445e-08,-141.628684948
13684375.000,8.94171542876e-08,-140.971583115
13687500.000,9.76196477689e-08,-140.209255274
13690625.000,1.07408671463e-07,-139.379213103
13693750.000,1.18659957679e-07,-138.513916218
13696875.000,1.312272573e-07,-137.639518960
13700000.000,1.44943942428e-07,-136.775998604
13703125.000,1.5962485961e-07,-135.937989434
13706250.000,1.75068413776e-07,-135.135844064
13709375.000,1.91058860313e-07,-134.376656344
13712500.000,2.0736878022e-07,-133.665132538
13715625.000,2.23761711044e-07,-133.004284514
13718750.000,2.399949045e-07,-132.395959580
13721875.000,2.55822179906e-07,-131.841236094
13725000.000,2.70996841516e-07,-131.340715416
13728125.000,2.85274626764e-07,-130.894737083
13731250.000,2.98416652055e-07,-130.503538926
13734375.000,3.10192322429e-07,-130.167379112
13737500.000,3.20382171799e-07,-129.886633179
13740625.000,3.28780600934e-07,-129.661876302
13743750.000,3.35198481429e-07,-129.493959151
13746875.000,3.39465595126e-07,-129.384084699
13750000.000,3.41432880302e-07,-129.333893165
13753125.000,3.40974457686e-07,-129.345563054
13756250.000,3.37989411999e-07,-129.421938088
13759375.000,3.32403307073e-07,-129.566693282
13762500.000,3.24169415582e-07,-129.784559239
13765625.000,3.13269647488e-07,-130.081633632
13768750.000,2.9971516462e-07,-130.465825652
13771875.000,2.83546672133e-07,-130.947508910
13775000.000,2.64834381341e-07,-131.540512692
13778125.000,2.43677641906e-07,-132.263686334
13781250.000,2.20204245029e-07,-133.143486262
13784375.000,1.94569403198e-07,-134.218509064
13787500.000,1.66954415351e-07,-135.548041818
13790625.000,1.37565030144e-07,-137.229839047
13793750.000,1.06629523314e-07,-139.442450646
13796875.000,7.43965084249e-08,-142.568948925
13800000.000,4.11325033397e-08,-147.716297167
13803125.000,7.11927763846e-09,-162.951281401
13806250.000,2.73489912349e-08,-151.261173759
13809375.000,6.19687231169e-08,-144.156549050
13812500.000,9.64300694695e-08,-140.315750407
13815625.000,1.30420143402e-07,-137.693106532
13818750.000,1.63626310489e-07,-135.722937243
13821875.000,1.95739504642e-07,-134.166430302
13825000.000,2.26457532916e-07,-132.900264566
13828125.000,2.55488332951e-07,-131.852578549
13831250.000,2.82553147148e-07,-130.977997021
13834375.000,3.0738957835e-07,-130.246217216
13837500.000,3.29754492987e-07,-129.636185567
13840625.000,3.49426739051e-07,-129.132877295
13843750.000,3.66209648246e-07,-128.725404357
13846875.000,3.79933293735e-07,-128.405852947
13850000.000,3.90456477583e-07,-128.168547359
13853125.000,3.97668424714e-07,-128.009577822
13856250.000,4.01490163386e-07,-127.926501812
13859375.000,4.01875575418e-07,-127.918167758
13862500.000,3.98812103073e-07,-127.984633406
13865625.000,3.92321103076e-07,-128.127166608
13868750.000,3.82457842078e-07,-128.348328594
13871875.000,3.69311131824e-07,-128.652152032
13875000.000,3.53002606104e-07,-129.044441767
13878125.000,3.33685645613e-07,-129.533249506
13881250.000,3.11543960551e-07,-130.129613267
13884375.000,2.86789844713e-07,-130.848724624
13887500.000,2.59662118303e-07,-131.711828086
13890625.000,2.30423780335e-07,-132.749454052
13893750.000,1.99359394548e-07,-134.007265879
13896875.000,1.6677223587e-07,-135.557524975
13900000.000,1.32981227142e-07,-137.524193274
13903125.000,9.83176981678e-08,-140.147365956
13906250.000,6.31220012525e-08,-143.996384810
13909375.000,2.77400190016e-08,-151.137864916
13912500.000,7.48039840418e-09,-162.521505422
13915625.000,4.21930286398e-08,-147.495185992
13918750.000,7.6056866669e-08,-142.377231406
13921875.000,1.08739669839e-07,-139.272239799
13925000.000,1.3992142029e-07,-137.082315903
13928125.000,1.69297667458e-07,-135.426980509
13931250.000,1.96582714279e-07,-134.129093456
13934375.000,2.21512612559e-07,-133.092030815
13937500.000,2.43847934914e-07,-132.257618360
13940625.000,2.63376292815e-07,-131.588466392
13943750.000,2.79914573248e-07,-131.059489804
13946875.000,2.93310869181e-07,-130.653436863
13950000.000,3.03446082505e-07,-130.358369298
13953125.000,3.10235181488e-07,-130.166179072
13956250.000,3.13628098588e-07,-130.071700698
13959375.000,3.13610258157e-07,-130.072194801
13962500.000,3.10202727807e-07,-130.167087750
13965625.000,3.03461991006e-07,-130.357913942
13968750.000,2.93479342822e-07,-130.648449242
13971875.000,2.80379914594e-07,-131.045062018
13975000.000,2.64321337551e-07,-131.557355534
13978125.000,2.45492059202e-07,-132.199251024
13981250.000,2.24109329976e-07,-132.990801256
13984375.000,2.00416881772e-07,-133.961313984
13987500.000,1.74682322538e-07,-135.155020849
13990625.000,1.4719427501e-07,-136.642181623
13993750.000,1.18259289981e-07,-138.543294656
13996875.000,8.81985672306e-08,-141.090769397
14000000.000,5.73445192667e-08,-144.830161674
14003125.000,2.60372148369e-08,-151.688109469
14006250.000,5.37925952659e-09,-165.385550047
14009375.000,3.65604806022e-08,-148.739762079
14012500.000,6.71653726699e-08,-143.457091424
14015625.000,9.68598547476e-08,-140.277123731
14018750.000,1.25320411643e-07,-138.039563745
14021875.000,1.52237550022e-07,-136.349564276
14025000.000,1.77319102057e-07,-135.024889533
14028125.000,2.00293340995e-07,-133.966669783
14031250.000,2.20911874574e-07,-133.115618781
14034375.000,2.38952285228e-07,-132.433776235
14037500.000,2.54220488071e-07,-131.895789036
14040625.000,2.66552781365e-07,-131.484335629
14043750.000,2.75817567033e-07,-131.187561535
14046875.000,2.81916722506e-07,-130.997583245
14050000.000,2.84786609307e-07,-130.909608702
14053125.000,2.84398707011e-07,-130.921447648
14056250.000,2.807598662e-07,-131.033299465
14059375.000,2.73912177478e-07,-131.247773193
14062500.000,2.63932458174e-07,-131.570143947
14065625.000,2.50931362439e-07,-132.008901107
14068750.000,2.35052124573e-07,-132.576716380
14071875.000,2.16468949513e-07,-133.292087808
14075000.000,1.9538506813e-07,-134.182172587
14078125.000,1.72030478795e-07,-135.287892039
14081250.000,1.46659400104e-07,-136.673801916
14084375.000,1.19547462724e-07,-138.449192738
14087500.000,9.09886713289e-08,-140.820253535
14090625.000,6.12921700772e-08,-144.251900040
14093750.000,3.07788470487e-08,-150.234953051
14096875.000,2.22184679976e-10,-193.065717795
14100000.000,3.13771909948e-08,-150.067718774
14103125.000,6.23514656978e-08,-144.103066662
14106250.000,9.28129845935e-08,-140.647825229
14109375.000,1.22436024402e-07,-138.241815615
14112500.000,1.50904706629e-07,-136.425944292
14115625.000,1.77916427583e-07,-134.995679006
14118750.000,2.03185136688e-07,-133.842161291
14121875.000,2.26444427117e-07,-132.900767260
14125000.000,2.47450404897e-07,-132.130236625
14128125.000,2.65984304856e-07,-131.502879787
14131250.000,2.8185482486e-07,-130.999490528
14134375.000,2.9490015282e-07,-130.606500048
14137500.000,3.04989664238e-07,-130.314297563
14140625.000,3.12025272e-07,-130.116204591
14143750.000,3.15942413654e-07,-130.007841367
14146875.000,3.16710665893e-07,-129.986746212
14150000.000,3.14333979501e-07,-130.052173384
14153125.000,3.08850532904e-07,-130.205032900
14156250.000,3.00332206317e-07,-130.447961869
14159375.000,2.88883682667e-07,-130.785539764
14162500.000,2.74641186107e-07,-131.224686679
14165625.000,2.57770872236e-07,-131.775323178
14168750.000,2.38466888901e-07,-132.451438283
14171875.000,2.16949129249e-07,-133.272841772
14175000.000,1.93460702984e-07,-134.268144769
14178125.000,1.68265154234e-07,-135.480116241
14181250.000,1.41643457697e-07,-136.976069602
14184375.000,1.13890827168e-07,-138.870225057
14187500.000,8.53133723396e-08,-141.379657811
14190625.000,5.62246419627e-08,-145.001466029
14193750.000,2.69420923237e-08,-151.391373600
14196875.000,2.21647902243e-09,-173.086727493
14200000.000,3.09364939077e-08,-150.190578146
14203125.000,5.89101083184e-08,-144.596203574
14206250.000,8.58396416234e-08,-141.326242084
14209375.000,1.11440881439e-07,-139.059109231
14212500.000,1.35446226807e-07,-137.364661776
14215625.000,1.57607634154e-07,-136.048455002
14218750.000,1.7769933281e-07,-135.006284056
14221875.000,1.95520279391e-07,-134.176163817
14225000.000,2.10896323351e-07,-133.518619829
14228125.000,2.23682059321e-07,-133.007376952
14231250.000,2.337623455e-07,-132.624508876
14234375.000,2.41053470849e-07,-132.357732217
14237500.000,2.45503958349e-07,-132.198830024
14240625.000,2.47094995339e-07,-132.142721014
14243750.000,2.45840486333e-07,-132.186931872
14246875.000,2.41786728199e-07,-132.331350829
14250000.000,2.35011711723e-07,-132.578209886
14253125.000,2.25624057992e-07,-132.932291880
14256250.000,2.13761602152e-07,-133.401406083
14259375.000,1.99589641434e-07,-133.997240041
14262500.000,1.83298867781e-07,-134.736804352
14265625.000,1.65103009542e-07,-135.644900205
14268750.000,1.45236209901e-07,-136.758501860
14271875.000,1.23950172565e-07,-138.135057285
14275000.000,1.01511108548e-07,-139.869728590
14278125.000,7.81965196128e-08,-142.136251524
14281250.000,5.42918563623e-08,-145.305306171
14284375.000,3.0087090197e-08,-150.432396240
14287500.000,5.8732396826e-09,-164.622445511
14290625.000,1.80611077791e-08,-154.865112315
14293750.000,4.14332377871e-08,-147.653022551
14296875.000,6.39696733933e-08,-143.880517333
14300000.000,8.54094222664e-08,-141.369884316
14303125.000,1.0550706787e-07,-139.534368924
14306250.000,1.24035667575e-07,-138.129068232
14309375.000,1.40789422991e-07,-137.028599419
14312500.000,1.55586090376e-07,-136.160584643
14315625.000,1.68269101745e-07,-135.479912472
14318750.000,1.78709370997e-07,-134.957053475
14321875.000,1.86806762667e-07,-134.572148115
14325000.000,1.9249120515e-07,-134.311782169
14328125.000,1.95723434212e-07,-134.167143452
14331250.000,1.96495357043e-07,-134.132954141
14334375.000,1.94830031614e-07,-134.206881980
14337500.000,1.90781260676e-07,-134.389285715
14340625.000,1.84432804318e-07,-134.683236604
14343750.000,1.75897219671e-07,-135.094820504
14346875.000,1.65314340892e-07,-135.633789402
14350000.000,1.52849416821e-07,-136.314724279
14353125.000,1.38690928217e-07,-137.159038905
14356250.000,1.23048110171e-07,-138.198501040
14359375.000,1.06148209288e-07,-139.481746559
14362500.000,8.82335084921e-08,-141.087329025
14365625.000,6.95581554699e-08,-143.153038861
14368750.000,5.03848332255e-08,-145.954003492
14371875.000,3.09813137921e-08,-150.178003390
14375000.000,1.16169374271e-08,-158.698166998
14378125.000,7.44093867803e-09,-162.567445491
14381250.000,2.59304776932e-08,-151.723789651
14384375.000,4.35988416756e-08,-147.210500976
14387500.000,6.02055666877e-08,-144.407267029
14390625.000,7.55257910116e-08,-142.438094350
14393750.000,8.93532941243e-08,-140.977788641
14396875.000,1.01503305994e-07,-139.870396248
14400000.000,1.11815048856e-07,-139.029994842
14403125.000,1.20153976244e-07,-138.405237051
14406250.000,1.26413677672e-07,-137.964118677
14409375.000,1.30517420899e-07,-137.686630334
14412500.000,1.32419308056e-07,-137.560973716
14415625.000,1.32105026268e-07,-137.581613165
14418750.000,1.29592178381e-07,-137.748424196
14421875.000,1.24930184239e-07,-138.066652391
14425000.000,1.18199748422e-07,-138.547668956
14428125.000,1.09511895586e-07,-139.210774072
14431250.000,9.90065800518e-08,-140.086718818
14434375.000,8.68508817758e-08,-141.224515358
14437500.000,7.32368062758e-08,-142.705412055
14440625.000,5.83787112893e-08,-144.674909926
14443750.000,4.25103882965e-08,-147.430098562
14446875.000,2.58818317233e-08,-151.740099816
14450000.000,8.7557334445e-09,-161.154149367
14453125.000,8.59625567202e-09,-161.313813522
14456250.000,2.58974514308e-08,-151.734859455
14459375.000,4.28702001564e-08,-147.356889776
14462500.000,5.92400286777e-08,-144.547694798
14465625.000,7.47398261609e-08,-142.528958332
14468750.000,8.91140015154e-08,-141.001081093
14471875.000,1.02122559253e-07,-139.817566201
14475000.000,1.1354503579e-07,-138.896636969
14478125.000,1.23184238507e-07,-138.188897137
14481250.000,1.3086973076e-07,-137.663215821
14484375.000,1.36461007159e-07,-137.299828554
14487500.000,1.39850306049e-07,-137.086731578
14490625.000,1.40965008444e-07,-137.017773566
14493750.000,1.39769576484e-07,-137.091747016
14496875.000,1.36266988377e-07,-137.312186845
14500000.000,1.30499631481e-07,-137.687814295
14503125.000,1.22549620416e-07,-138.233760592
14506250.000,1.12538512881e-07,-138.973976561
14509375.000,1.00626401923e-07,-139.945761120
14512500.000,8.70103702064e-08,-141.208579671
14515625.000,7.19222985607e-08,-142.862728829
14518750.000,5.56260285592e-08,-145.094438911
14521875.000,3.84138861953e-08,-148.310235092
14525000.000,2.06025813071e-08,-153.721567265
14528125.000,2.52850522511e-09,-171.942722891
14531250.000,1.54575434171e-08,-156.217190500
14534375.000,3.29961670359e-08,-149.630730131
14537500.000,4.9725666674e-08,-146.068387711
14540625.000,6.52887765904e-08,-143.703229386
14543750.000,7.93397769036e-08,-142.010180501
14546875.000,9.15519188788e-08,-140.766650974
14550000.000,1.01625091447e-07,-139.859981012
14553125.000,1.09293652251e-07,-139.228101221
14556250.000,1.14334341579e-07,-138.836466098
14559375.000,1.16574193524e-07,-138.667951607
14562500.000,1.15898355292e-07,-138.718454541
14565625.000,1.12257722926e-07,-138.995675428
14568750.000,1.05676299997e-07,-139.520448018
14571875.000,9.62581848159e-08,-140.331246645
14575000.000,8.41940917293e-08,-141.494367676
14578125.000,6.97673129005e-08,-143.126960072
14581250.000,5.33590288008e-08,-145.455841674
14584375.000,3.54528783201e-08,-149.006969998
14587500.000,1.66387030775e-08,-155.577610566
14590625.000,2.38461492203e-09,-172.451634854
14593750.000,2.08072977549e-08,-153.635686360
14596875.000,3.77078672675e-08,-148.471360606
14600000.000,5.20534540252e-08,-145.671008949
14603125.000,6.27012736108e-08,-144.054472751
14606250.000,6.84013158373e-08,-143.298710873
14609375.000,6.78002830753e-08,-143.375369858
14612500.000,5.94468041257e-08,-144.517429764
14615625.000,4.17979396864e-08,-147.576902501
14618750.000,1.32269846713e-08,-157.570782995
14621875.000,2.79674385148e-08,-151.066946160
14625000.000,8.35510129278e-08,-141.560965612
14628125.000,1.55342115092e-07,-136.174215718
14631250.000,2.45198998396e-07,-132.209626164
14634375.000,3.55005823789e-07,-128.995290448
14637500.000,4.86657601102e-07,-126.255529780
14640625.000,6.42044115435e-07,-123.848702603
14643750.000,8.23032923898e-07,-121.691655826
14646875.000,1.03145151837e-06,-119.731023610
14650000.000,1.26906875972e-06,-117.930296933
14653125.000,1.53757569814e-06,-116.263269876
14656250.000,1.83856590273e-06,-114.710415968
14659375.000,2.17351543118e-06,-113.256745443
14662500.000,2.54376257701e-06,-111.890468523
14665625.000,2.95048753775e-06,-110.602124308
14668750.000,3.39469215233e-06,-109.383992072
14671875.000,3.87717985946e-06,-108.229681039
14675000.000,4.39853603147e-06,-107.133836921
14678125.000,4.95910883957e-06,-106.091927199
14681250.000,5.55899080652e-06,-105.100080884
14684375.000,6.19800120193e-06,-104.154966878
14687500.000,6.87566943295e-06,-103.253700228
14690625.000,7.59121957988e-06,-102.393768924
14693750.000,8.34355622144e-06,-101.572976066
14696875.000,9.13125168845e-06,-100.789393728
14700000.000,9.95253487794e-06,-100.041325836
14703125.000,1.08052817512e-05,-99.327278085
14706250.000,1.16870076304e-05,-98.645933448
14709375.000,1.25948613974e-05,-97.996132148
14712500.000,1.35256216886e-05,-97.376855279
14715625.000,1.44756951655e-05,-96.787211420
14718750.000,1.54411169299e-05,-96.226425765
14721875.000,1.64175531371e-05,-95.693831388
14725000.000,1.74003058488e-05,-95.188862359
14728125.000,1.83843201483e-05,-94.711048514
14731250.000,1.93641935321e-05,-94.260011711
14734375.000,2.03341875687e-05,-93.835463494
14737500.000,2.12882418082e-05,-93.437204108
14740625.000,2.22199899022e-05,-93.065122855
14743750.000,2.31227778862e-05,-92.719199851
14746875.000,2.39896845544e-05,-92.399509253
14750000.000,2.48135438461e-05,-92.106224116
14753125.000,2.55869691481e-05,-91.839623091
14756250.000,2.63023793982e-05,-91.600099241
14759375.000,2.69520268712e-05,-91.388171381
14762500.000,2.75280265055e-05,-91.204498444
14765625.000,2.80223866238e-05,-91.049897586
14768750.000,2.84270408877e-05,-90.925366917
14771875.000,2.87338813169e-05,-90.832114128
14775000.000,2.89347921931e-05,-90.771592647
14778125.000,2.90216846648e-05,-90.745547621
14781250.000,2.89865318581e-05,-90.756074868
14784375.000,2.88214042982e-05,-90.805697248
14787500.000,2.85185054392e-05,-90.897464763
14790625.000,2.80702070978e-05,-91.035087664
14793750.000,2.74690845886e-05,-91.223116265
14796875.000,2.6707951354e-05,-91.467188469
14800000.000,2.57798928893e-05,-91.774377828
14803125.000,2.46782997594e-05,-92.153695297
14806250.000,2.33968995188e-05,-92.616833801
14809375.000,2.19297873382e-05,-93.179311597
14812500.000,2.02714551646e-05,-93.862301497
14815625.000,1.84168192332e-05,-94.695707492
14818750.000,1.63612457764e-05,-95.723672628
14821875.000,1.41005747674e-05,-97.015263686
14825000.000,1.16311415674e-05,-98.687553165
14828125.000,8.94979634009e-06,-100.963736946
14831250.000,6.05392112247e-06,-104.359264837
14834375.000,2.94144445209e-06,-110.628786973
14837500.000,3.89146537739e-07,-128.197736583
14840625.000,3.93879662014e-06,-108.092728868
14843750.000,7.70787563314e-06,-102.261306026
14846875.000,1.1696174327e-05,-98.639123347
14850000.000,1.59029029258e-05,-95.970471841
14853125.000,2.03266924027e-05,-93.838665696
14856250.000,2.49655984647e-05,-92.053160375
14859375.000,2.98171082053e-05,-90.510689573
14862500.000,3.48781493978e-05,-89.148931328
14865625.000,4.01451023499e-05,-87.927348610
14868750.000,4.56138142596e-05,-86.818072205
14871875.000,5.1279615972e-05,-85.801104717
14875000.000,5.71373410361e-05,-84.861599479
14878125.000,6.31813469445e-05,-83.988222395
14881250.000,6.94055384235e-05,-83.172117447
14884375.000,7.58033926352e-05,-82.406227135
14887500.000,8.23679861355e-05,-81.684831044
14890625.000,8.90920234326e-05,-81.003223548
14893750.000,9.59678669691e-05,-80.357483159
14896875.000,0.000102987568362,-79.744303917
14900000.000,0.000110142900705,-79.160869804
14903125.000,0.000117425391762,-78.604759644
14906250.000,0.000124826357852,-78.073874020
14909375.000,0.00013233693823,-77.566378350
14912500.000,0.00013994812979,-77.080658018
14915625.000,0.000147650821878,-76.615282625
14918750.000,0.000155435831041,-76.168977210
14921875.000,0.000163293935517,-75.740598880
14925000.000,0.00017121590928,-75.329117668
14928125.000,0.000179192555487,-74.933600739
14931250.000,0.00018721473912,-74.553199259
14934375.000,0.000195273418695,-74.187137408
14937500.000,0.000203359676867,-73.834703137
14940625.000,0.00021146474978,-73.495240344
14943750.000,0.000219580055055,-73.168142207
14946875.000,0.000227697218255,-72.852845501
14950000.000,0.00023580809775,-72.548825703
14953125.000,0.000243904807863,-72.255592775
14956250.000,0.000251979740209,-71.972687523
14959375.000,0.000260025583167,-71.699678419
14962500.000,0.000268035339406,-71.436158844
14965625.000,0.000276002341431,-71.181744673
14968750.000,0.00028392026511,-70.936072163
14971875.000,0.000291783141155,-70.698796094
14975000.000,0.000299585364556,-70.469588135
14978125.000,0.000307321701972,-70.248135406
14981250.000,0.000314987297091,-70.034139204
14984375.000,0.000322577673993,-69.827313880
14987500.000,0.000330088738556,-69.627385840
14990625.000,0.000337516777954,-69.434092670
14993750.000,0.00034485845832,-69.247182353
14996875.000,0.000352110820625,-69.066412571
15000000.000,0.000359271274886,-68.891550098
15003125.000,0.000366337592758,-68.722370254
15006250.000,0.000373307898638,-68.558656419
15009375.000,0.000380180659363,-68.400199609
15012500.000,0.000386954672624,-68.246798094
15015625.000,0.000393629054203,-68.098257066
15018750.000,0.000400203224158,-67.954388338
15021875.000,0.000406676892072,-67.815010082
15025000.000,0.000413050041484,-67.679946598
15028125.000,0.000419322913651,-67.549028104
15031250.000,0.000425495990721,-67.422090555
15034375.000,0.000431569978492,-67.298975479
15037500.000,0.000437545788831,-67.179529834
15040625.000,0.00044342452192,-67.063605871
15043750.000,0.000449207448393,-66.951061025
15046875.000,0.000454895991531,-66.841757802
15050000.000,0.00046049170958,-66.735563684
15053125.000,0.000465996278316,-66.632351036
15056250.000,0.000471411473956,-66.531997023
15059375.000,0.000476739156486,-66.434383525
15062500.000,0.000481981253525,-66.339397063
15065625.000,0.000487139744762,-66.246928715
15068750.000,0.000492216647067,-66.156874046
15071875.000,0.000497214000323,-66.069133024
15075000.000,0.000502133854042,-65.983609947
15078125.000,0.000506978254797,-65.900213359
15081250.000,0.000511749234535,-65.818855965
15084375.000,0.000516448799764,-65.739454551
15087500.000,0.000521078921687,-65.661929885
15090625.000,0.000525641527236,-65.586206631
15093750.000,0.00053013849108,-65.512213247
15096875.000,0.000534571628555,-65.439881888
15100000.000,0.000538942689532,-65.369148293
15103125.000,0.00054325335322,-65.299951687
15106250.000,0.000547505223855,-65.232234656
15109375.000,0.000551699827279,-65.165943040
15112500.000,0.000555838608365,-65.101025811
15115625.000,0.000559922929249,-65.037434949
15118750.000,0.000563954068343,-64.975125320
15121875.000,0.000567933220066,-64.914054549
15125000.000,0.000571861495271,-64.854182890
15128125.000,0.000575739922289,-64.795473103
15131250.000,0.000579569448565,-64.737890320
15134375.000,0.000583350942819,-64.681401918
15137500.000,0.000587085197668,-64.625977389
15140625.000,0.000590772932679,-64.571588218
15143750.000,0.00059441479777,-64.518207750
15146875.000,0.000598011376922,-64.465811073
15150000.000,0.00060156319214,-64.414374896
15153125.000,0.000605070707605,-64.363877428
15156250.000,0.00060853433398,-64.314298270
15159375.000,0.000611954432796,-64.265618300
15162500.000,0.000615331320902,-64.217819568
15165625.000,0.000618665274897,-64.170885197
15168750.000,0.000621956535539,-64.124799285
15171875.000,0.00062520531206,-64.079546813
15175000.000,0.000628411786375,-64.035113560
15178125.000,0.000631576117134,-63.991486021
15181250.000,0.000634698443605,-63.948651333
15184375.000,0.000637778889349,-63.906597202
15187500.000,0.000640817565676,-63.865311843
15190625.000,0.000643814574851,-63.824783917
15193750.000,0.000646770013057,-63.785002480
15196875.000,0.000649683973078,-63.745956932
15200000.000,0.00065255654672,-63.707636979
15203125.000,0.000655387826948,-63.670032588
15206250.000,0.000658177909745,-63.633133958
15209375.000,0.0006609268957,-63.596931493
15212500.000,0.000663634891323,-63.561415771
15215625.000,0.000666302010094,-63.526577531
15218750.000,0.000668928373271,-63.492407652
15221875.000,0.000671514110446,-63.458897142
15225000.000,0.000674059359881,-63.426037128
15228125.000,0.000676564268636,-63.393818846
15231250.000,0.000679028992501,-63.362233645
15234375.000,0.000681453695758,-63.331272976
15237500.000,0.00068383855078,-63.300928398
15240625.000,0.000686183737506,-63.271191578
15243750.000,0.000688489442789,-63.242054295
15246875.000,0.000690755859654,-63.213508446
15250000.000,0.000692983186481,-63.185546047
15253125.000,0.000695171626131,-63.158159244
15256250.000,0.000697321385024,-63.131340318
15259375.000,0.000699432672219,-63.105081692
15262500.000,0.000701505698464,-63.079375935
15265625.000,0.000703540675283,-63.054215774
15268750.000,0.000705537814075,-63.029594096
15271875.000,0.000707497325262,-63.005503954
15275000.000,0.000709419417483,-62.981938573
15278125.000,0.000711304296859,-62.958891356
15281250.000,0.000713152166319,-62.936355884
15284375.000,0.000714963225023,-62.914325921
15287500.000,0.000716737667844,-62.892795415
15290625.000,0.000718475684961,-62.871758498
15293750.000,0.000720177461535,-62.851209486
15296875.000,0.000721843177469,-62.831142878
15300000.000,0.000723473007279,-62.811553355
15303125.000,0.000725067120027,-62.792435772
15306250.000,0.000726625679373,-62.773785160
15309375.000,0.000728148843678,-62.755596716
15312500.000,0.00072963676621,-62.737865803
15315625.000,0.000731089595401,-62.720587935
15318750.000,0.000732507475185,-62.703758780
15321875.000,0.000733890545373,-62.687374145
15325000.000,0.0007352389421,-62.671429970
15328125.000,0.000736552798284,-62.655922324
15331250.000,0.000737832244142,-62.640847390
15334375.000,0.000739077407711,-62.626201463
15337500.000,0.000740288415382,-62.611980935
15340625.000,0.000741465392451,-62.598182293
15343750.000,0.000742608463647,-62.584802107
15346875.000,0.000743717753666,-62.571837022
15350000.000,0.000744793387668,-62.559283754
15353125.000,0.000745835491759,-62.547139078
15356250.000,0.000746844193428,-62.535399824
15359375.000,0.000747819621956,-62.524062873
15362500.000,0.000748761908764,-62.513125145
15365625.000,0.000749671187732,-62.502583603
15368750.000,0.000750547595445,-62.492435241
15371875.000,0.000751391271398,-62.482677085
15375000.000,0.000752202358135,-62.473306188
15378125.000,0.000752981001339,-62.464319629
15381250.000,0.000753727349858,-62.455714511
15384375.000,0.000754441555674,-62.447487962
15387500.000,0.000755123773824,-62.439637129
15390625.000,0.000755774162259,-62.432159189
15393750.000,0.000756392881663,-62.425051338
15396875.000,0.000756980095221,-62.418310802
15400000.000,0.000757535968346,-62.411934835
15403125.000,0.000758060668372,-62.405920719
15406250.000,0.000758554364221,-62.400265773
15409375.000,0.000759017226031,-62.394967352
15412500.000,0.000759449424778,-62.390022850
15415625.000,0.000759851131879,-62.385429705
15418750.000,0.00076022251879,-62.381185403
15421875.000,0.000760563756604,-62.377287480
15425000.000,0.000760875015642,-62.373733526
15428125.000,0.00076115646508,-62.370521190
15431250.000,0.000761408272561,-62.367648179
15434375.000,0.000761630603857,-62.365112269
15437500.000,0.000761823622539,-62.362911298
15440625.000,0.000761987489685,-62.361043177
15443750.000,0.00076212236362,-62.359505886
15446875.000,0.000762228399699,-62.358297480
15450000.000,0.000762305750123,-62.357416086
15453125.000,0.000762354563803,-62.356859909
15456250.000,0.00076237498627,-62.356627229
15459375.000,0.000762367159627,-62.356716400
15462500.000,0.000762331222542,-62.357125852
15465625.000,0.000762267310297,-62.357854090
15468750.000,0.000762175554874,-62.358899688
15471875.000,0.000762056085083,-62.360261294
15475000.000,0.00076190902673,-62.361937622
15478125.000,0.000761734502827,-62.363927451
15481250.000,0.000761532633834,-62.366229624
15484375.000,0.000761303537927,-62.368843039
15487500.000,0.000761047331297,-62.371766652
15490625.000,0.000760764128474,-62.374999469
15493750.000,0.000760454042659,-62.378540540
15496875.000,0.00076011718608,-62.382388961
15500000.000,0.000759753670345,-62.386543864
15503125.000,0.00075936360681,-62.391004413
15506250.000,0.000758947106931,-62.395769804
15509375.000,0.00075850428262,-62.400839256
15512500.000,0.000758035246583,-62.406212008
15515625.000,0.000757540112648,-62.411887316
15518750.000,0.000757018996061,-62.417864450
15521875.000,0.000756472013769,-62.424142688
15525000.000,0.000755899284671,-62.430721313
15528125.000,0.000755300929833,-62.437599613
15531250.000,0.000754677072675,-62.444776876
15534375.000,0.000754027839118,-62.452252389
15537500.000,0.000753353357695,-62.460025435
15540625.000,0.000752653759618,-62.468095293
15543750.000,0.000751929178812,-62.476461239
15546875.000,0.000751179751904,-62.485122540
15550000.000,0.000750405618171,-62.494078462
15553125.000,0.000749606919452,-62.503328265
15556250.000,0.000748783800024,-62.512871203
15559375.000,0.000747936406432,-62.522706532
15562500.000,0.000747064887306,-62.532833507
15565625.000,0.000746169393123,-62.543251382
15568750.000,0.00074525007596,-62.553959421
15571875.000,0.00074430708922,-62.564956890
15575000.000,0.000743340587326,-62.576243071
15578125.000,0.000742350725421,-62.587817255
15581250.000,0.000741337659032,-62.599678754
15584375.000,0.000740301543753,-62.611826900
15587500.000,0.000739242534898,-62.624261048
15590625.000,0.000738160787177,-62.636980585
15593750.000,0.000737056454371,-62.649984927
15596875.000,0.000735929689015,-62.663273527
15600000.000,0.000734780642098,-62.676845875
15603125.000,0.000733609462785,-62.690701507
15606250.000,0.000732416298155,-62.704840002
15609375.000,0.000731201292966,-62.719260986
15612500.000,0.000729964589459,-62.733964139
15615625.000,0.000728706327175,-62.748949192
15618750.000,0.000727426642822,-62.764215929
15621875.000,0.000726125670166,-62.779764194
15625000.000,0.000724803539967,-62.795593884
15628125.000,0.000723460379944,-62.811704958
15631250.000,0.000722096314788,-62.828097428
15634375.000,0.000720711466197,-62.844771369
15637500.000,0.000719305952965,-62.861726909
15640625.000,0.000717879891093,-62.878964235
15643750.000,0.000716433393936,-62.896483586
15646875.000,0.000714966572392,-62.914285255
15650000.000,0.000713479535104,-62.932369587
15653125.000,0.000711972388701,-62.950736972
15656250.000,0.000710445238052,-62.969387847
15659375.000,0.000708898186549,-62.988322693
15662500.000,0.000707331336397,-63.007542025
15665625.000,0.000705744788925,-63.027046398
15668750.000,0.000704138644889,-63.046836397
15671875.000,0.000702513004799,-63.066912635
15675000.000,0.000700867969227,-63.087275750
15678125.000,0.000699203639121,-63.107926400
15681250.000,0.0006975201161,-63.128865261
15684375.000,0.000695817502751,-63.150093022
15687500.000,0.000694095902888,-63.171610383
15690625.000,0.00069235542181,-63.193418050
15693750.000,0.000690596166523,-63.215516735
15696875.000,0.000688818245937,-63.237907150
15700000.000,0.00068702177104,-63.260590007
15703125.000,0.000685206855026,-63.283566017
15706250.000,0.000683373613409,-63.306835886
15709375.000,0.000681522164081,-63.330400314
15712500.000,0.000679652627353,-63.354259998
15715625.000,0.000677765125945,-63.378415626
15718750.000,0.000675859784948,-63.402867884
15721875.000,0.000673936731749,-63.427617450
15725000.000,0.000671996095918,-63.452665001
15728125.000,0.000670038009069,-63.478011210
15731250.000,0.000668062604682,-63.503656751
15734375.000,0.000666070017899,-63.529602300
15737500.000,0.0006640603853,-63.555848539
15740625.000,0.000662033844646,-63.582396158
15743750.000,0.000659990534611,-63.609245859
15746875.000,0.000657930594494,-63.636398359
15750000.000,0.000655854163918,-63.663854397
15753125.000,0.000653761382527,-63.691614733
15756250.000,0.000651652389675,-63.719680156
15759375.000,0.000649527324115,-63.748051489
15762500.000,0.000647386323698,-63.776729590
15765625.000,0.000645229525074,-63.805715359
15768750.000,0.000643057063412,-63.835009741
15771875.000,0.000640869072135,-63.864613733
15775000.000,0.000638665682676,-63.894528382
15778125.000,0.000636447024256,-63.924754795
15781250.000,0.000634213223696,-63.955294139
15784375.000,0.000631964405245,-63.986147645
15787500.000,0.000629700690461,-64.017316610
15790625.000,0.000627422198104,-64.048802402
15793750.000,0.00062512904408,-64.080606458
15796875.000,0.000622821341419,-64.112730289
15800000.000,0.000620499200278,-64.145175478
15803125.000,0.000618162728,-64.177943684
15806250.000,0.000615812029194,-64.211036638
15809375.000,0.000613447205854,-64.244456147
15812500.000,0.000611068357517,-64.278204089
15815625.000,0.000608675581445,-64.312282414
15818750.000,0.000606268972836,-64.346693144
15821875.000,0.000603848625073,-64.381438364
15825000.000,0.000601414629974,-64.416520230
15828125.000,0.000598967078082,-64.451940955
15831250.000,0.000596506058957,-64.487702813
15834375.000,0.000594031661483,-64.523808136
15837500.000,0.000591543974181,-64.560259305
15840625.000,0.00058904308552,-64.597058752
15843750.000,0.000586529084235,-64.634208953
15846875.000,0.00058400205962,-64.671712425
15850000.000,0.00058146210183,-64.709571724
15853125.000,0.000578909302147,-64.747789439
15856250.000,0.000576343753241,-64.786368192
15859375.000,0.00057376554939,-64.825310633
15862500.000,0.000571174786688,-64.864619437
15865625.000,0.00056857156321,-64.904297302
15868750.000,0.000565955979145,-64.944346951
15871875.000,0.000563328136891,-64.984771125
15875000.000,0.000560688141114,-65.025572588
15878125.000,0.000558036098765,-65.066754122
15881250.000,0.00055537211905,-65.108318532
15884375.000,0.000552696313368,-65.150268645
15887500.000,0.000550008795201,-65.192607313
15890625.000,0.000547309679964,-65.235337413
15893750.000,0.00054459908482,-65.278461856
15896875.000,0.000541877128457,-65.321983586
15900000.000,0.000539143930824,-65.365905586
15903125.000,0.000536399612858,-65.410230885
15906250.000,0.00053364429615,-65.454962563
15909375.000,0.000530878102628,-65.500103757
15912500.000,0.000528101154192,-65.545657667
15915625.000,0.000525313572353,-65.591627567
15918750.000,0.00052251547786,-65.638016809
15921875.000,0.000519706990325,-65.684828833
15925000.000,0.000516888227863,-65.732067176
15928125.000,0.000514059306725,-65.779735476
15931250.000,0.000511220340966,-65.827837487
15934375.000,0.000508371442121,-65.876377080
15937500.000,0.000505512718923,-65.925358258
15940625.000,0.000502644277045,-65.974785157
15943750.000,0.000499766218883,-66.024662057
15946875.000,0.000496878643389,-66.074993390
15950000.000,0.000493981645942,-66.125783743
15953125.000,0.000491075318278,-66.177037864
15956250.000,0.000488159748471,-66.228760670
15959375.000,0.000485235020974,-66.280957245
15962500.000,0.000482301216716,-66.333632849
15965625.000,0.000479358413251,-66.386792918
15968750.000,0.000476406684981,-66.440443062
15971875.000,0.000473446103422,-66.494589069
15975000.000,0.000470476737528,-66.549236903
15978125.000,0.000467498654075,-66.604392702
15981250.000,0.000464511918081,-66.660062775
15984375.000,0.000461516593275,-66.716253596
15987500.000,0.000458512742609,-66.772971805
15990625.000,0.000455500428782,-66.830224197
15993750.000,0.000452479714811,-66.888017719
15996875.000,0.000449450664593,-66.946359461
16000000.000,0.000446413343492,-67.005256652
16003125.000,0.000443367818902,-67.064716652
16006250.000,0.000440314160817,-67.124746942
16009375.000,0.000437252442355,-67.185355120
16012500.000,0.00043418274026,-67.246548894
16015625.000,0.000431105135353,-67.308336075
16018750.000,0.000428019712918,-67.370724572
16021875.000,0.000424926563032,-67.433722388
16025000.000,0.000421825780801,-67.497337619
16028125.000,0.000418717466518,-67.561578449
16031250.000,0.000415601725704,-67.626453156
16034375.000,0.000412478669061,-67.691970113
16037500.000,0.000409348412284,-67.758137795
16040625.000,0.000406211075767,-67.824964786
16043750.000,0.00040306678416,-67.892459792
16046875.000,0.000399915665801,-67.960631660
16050000.000,0.000396757851997,-68.029489393
16053125.000,0.00039359347617,-68.099042173
16056250.000,0.000390422672847,-68.169299394
16059375.000,0.000387245576516,-68.240270689
16062500.000,0.000384062320333,-68.311965972
16065625.000,0.000380873034697,-68.384395474
16068750.000,0.000377677845688,-68.457569797
16071875.000,0.000374476873377,-68.531499958
16075000.000,0.000371270230041,-68.606197458
16078125.000,0.000368058018246,-68.681674332
16081250.000,0.000364840328868,-68.757943229
16084375.000,0.000361617239019,-68.835017480
16087500.000,0.000358388809934,-68.912911178
16090625.000,0.000355155084799,-68.991639262
16093750.000,0.000351916086578,-69.071217610
16096875.000,0.000348671815832,-69.151663130
16100000.000,0.000345422248568,-69.232993861
16103125.000,0.000342167334133,-69.315229077
16106250.000,0.000338906993189,-69.398389392
16109375.000,0.00033564111578,-69.482496877
16112500.000,0.000332369559525,-69.567575169
16115625.000,0.000329092147971,-69.653649594
16118750.000,0.000325808669114,-69.740747283
16121875.000,0.000322518874132,-69.828897299
16125000.000,0.000319222476342,-69.918130754
16128125.000,0.000315919150422,-70.008480944
16131250.000,0.000312608531901,-70.099983463
16134375.000,0.000309290216962,-70.192676336
16137500.000,0.00030596376257,-70.286600140
16140625.000,0.000302628686933,-70.381798130
16143750.000,0.000299284470348,-70.478316356
16146875.000,0.0002959305564,-70.576203786
16150000.000,0.000292566353578,-70.675512422
16153125.000,0.000289191237283,-70.776297413
16156250.000,0.000285804552247,-70.878617162
16159375.000,0.000282405615379,-70.982533440
16162500.000,0.000278993719021,-71.088111478
16165625.000,0.000275568134633,-71.195420072
16168750.000,0.000272128116883,-71.304531673
16171875.000,0.00026867290815,-71.415522476
16175000.000,0.000265201743425,-71.528472505
16178125.000,0.00026171385558,-71.643465689
16181250.000,0.000258208481021,-71.760589943
16184375.000,0.000254684865651,-71.879937234
16187500.000,0.000251142271177,-72.001603651
16190625.000,0.000247579981684,-72.125689471
16193750.000,0.000243997310467,-72.252299216
16196875.000,0.000240393607083,-72.381541719
16200000.000,0.000236768264577,-72.513530181
16203125.000,0.000233120726852,-72.648382230
16206250.000,0.000229450496128,-72.786219978
16209375.000,0.000225757140451,-72.927170091
16212500.000,0.000222040301204,-73.071363844
16215625.000,0.000218299700564,-73.218937200
16218750.000,0.000214535148858,-73.370030880
16221875.000,0.000210746551772,-73.524790451
16225000.000,0.000206933917347,-73.683366416
16228125.000,0.000203097362712,-73.845914320
16231250.000,0.000199237120519,-74.012594871
16234375.000,0.000195353544993,-74.183574068
16237500.000,0.000191447117581,-74.359023360
16240625.000,0.000187518452122,-74.539119811
16243750.000,0.000183568299506,-74.724046303
16246875.000,0.000179597551763,-74.913991757
16250000.000,0.000175607245555,-75.109151381
16253125.000,0.000171598565002,-75.309726965
16256250.000,0.000167572843836,-75.515927200
16259375.000,0.000163531566819,-75.727968044
16262500.000,0.000159476370418,-75.946073143
16265625.000,0.00015540904269,-76.170474295
16268750.000,0.000151331522368,-76.401411980
16271875.000,0.000147245897133,-76.639135952
16275000.000,0.000143154401037,-76.883905916
16278125.000,0.000139059411104,-77.135992282
16281250.000,0.000134963443076,-77.395677018
16284375.000,0.000130869146323,-77.663254611
16287500.000,0.000126779297924,-77.939033152
16290625.000,0.00012269679593,-78.223335563
16293750.000,0.000118624651828,-78.516500985
16296875.000,0.000114565982241,-78.818886342
16300000.000,0.000110523999873,-79.130868126
16303125.000,0.000106502003767,-79.452844424
16306250.000,0.000102503368881,-79.785237217
16309375.000,9.85315350571e-05,-80.128495023
16312500.000,9.45899954209e-05,-80.483095911
16315625.000,9.06822842606e-05,-80.849550973
16318750.000,8.68119644626e-05,-81.228408321
16321875.000,8.29826145466e-05,-81.620257718
16325000.000,7.91978153809e-05,-82.025735959
16328125.000,7.54611366371e-05,-82.445533150
16331250.000,7.17761230635e-05,-82.880400070
16334375.000,6.81462806443e-05,-83.331156851
16337500.000,6.45750627202e-05,-83.798703267
16340625.000,6.10658561571e-05,-84.284030992
16343750.000,5.76219676178e-05,-84.788238319
16346875.000,5.42466100407e-05,-85.312547928
16350000.000,5.0942889377e-05,-85.858328527
16353125.000,4.77137916811e-05,-86.427121398
16356250.000,4.45621706143e-05,-87.020673258
16359375.000,4.14907354438e-05,-87.640977340
16362500.000,3.85020395991e-05,-88.290325273
16365625.000,3.55984698587e-05,-88.971373381
16368750.000,3.27822362249e-05,-89.687228491
16371875.000,3.00553625519e-05,-90.441560577
16375000.000,2.74196779755e-05,-91.238753000
16378125.000,2.48768092014e-05,-92.084106495
16381250.000,2.24281736943e-05,-92.984121784
16384375.000,2.00749738079e-05,-93.946900254
16387500.000,1.78181918934e-05,-94.982727365
16390625.000,1.56585864095e-05,-96.104948935
16393750.000,1.35966890661e-05,-97.331336679
16396875.000,1.16328030049e-05,-98.686312528
16400000.000,9.76700204424e-06,-100.204774428
16403125.000,7.99913097256e-06,-101.939143846
16406250.000,6.32880690793e-06,-103.973563089
16409375.000,4.75542169601e-06,-106.456219303
16412500.000,3.27814534642e-06,-109.687435892
16415625.000,1.89593047598e-06,-114.443551847
16418750.000,6.07517735287e-07,-124.328820783
16421875.000,5.88557814487e-07,-124.604217393
16425000.000,1.69395941642e-06,-115.421939973
16428125.000,2.71054046567e-06,-111.338882095
16431250.000,3.64033554306e-06,-108.777171680
16434375.000,4.48555068577e-06,-106.963684631
16437500.000,5.24855295656e-06,-105.599208330
16440625.000,5.93185937203e-06,-104.536183069
16443750.000,6.53812525756e-06,-103.690935269
16446875.000,7.07013209638e-06,-103.011449438
16450000.000,7.5307749472e-06,-102.463206617
16453125.000,7.92304949996e-06,-102.022152615
16456250.000,8.25003885009e-06,-101.670880126
16459375.000,8.51490006314e-06,-101.396408897
16462500.000,8.72085060902e-06,-101.188823061
16465625.000,8.87115474282e-06,-101.040396903
16468750.000,8.96910990651e-06,-100.945013083
16471875.000,9.01803322963e-06,-100.897763375
16475000.000,9.02124820013e-06,-100.894667367
16478125.000,8.98207157936e-06,-100.932469766
16481250.000,8.90380062822e-06,-101.008491464
16484375.000,8.78970071341e-06,-101.120518245
16487500.000,8.64299335423e-06,-101.266716419
16490625.000,8.46684477178e-06,-101.445568047
16493750.000,8.26435499348e-06,-101.655820721
16496875.000,8.03854756566e-06,-101.896448282
16500000.000,7.79235991943e-06,-102.166619923
16503125.000,7.52863443117e-06,-102.465675809
16506250.000,7.25011021376e-06,-102.793107828
16509375.000,6.95941566988e-06,-103.148544466
16512500.000,6.65906183168e-06,-103.531739050
16515625.000,6.35143650749e-06,-103.942560780
16518750.000,6.03879924922e-06,-104.380988152
16521875.000,5.72327714919e-06,-104.847104458
16525000.000,5.40686146967e-06,-105.341095149
16528125.000,5.09140510201e-06,-105.863246931
16531250.000,4.77862084841e-06,-106.413948529
16534375.000,4.4700805124e-06,-106.993693091
16537500.000,4.16721478049e-06,-107.603082304
16540625.000,3.87131387226e-06,-108.242832324
16543750.000,3.58352893059e-06,-108.913781701
16546875.000,3.30487412156e-06,-109.616901552
16550000.000,3.03622940734e-06,-110.353308354
16553125.000,2.77834395353e-06,-111.124279809
16556250.000,2.53184012812e-06,-111.931274422
16559375.000,2.29721804692e-06,-112.775955611
16562500.000,2.0748606175e-06,-113.660221450
16565625.000,1.86503903192e-06,-114.586241495
16568750.000,1.66791865654e-06,-115.556502670
16571875.000,1.48356526638e-06,-116.573866861
16575000.000,1.3119515701e-06,-117.641643928
16578125.000,1.15296397194e-06,-118.763685268
16581250.000,1.00640951638e-06,-119.944505306
16584375.000,8.72022962131e-07,-121.189441581
16587500.000,7.49473932482e-07,-122.504869356
16590625.000,6.38374090594e-07,-123.898494956
16593750.000,5.38284289539e-07,-125.379765908
16596875.000,4.4872164894e-07,-126.960459541
16600000.000,3.69166512224e-07,-128.655554030
16603125.000,2.99069240932e-07,-130.484565031
16606250.000,2.37856805349e-07,-132.473688368
16609375.000,1.84939133636e-07,-134.659423624
16612500.000,1.39715184865e-07,-137.095127805
16615625.000,1.0157871476e-07,-139.863945729
16618750.000,6.99237063636e-08,-143.107511193
16621875.000,4.41494415833e-08,-147.101495703
16625000.000,2.36651931889e-08,-152.517798917
16628125.000,7.89452063459e-09,-162.053484715
16631250.000,3.72084317992e-09,-168.587172671
16634375.000,1.17175233319e-08,-158.623283461
16637500.000,1.66074579105e-08,-155.593936791
16640625.000,1.88752784524e-08,-154.482132657
16643750.000,1.89761140695e-08,-154.435854353
16646875.000,1.73338141397e-08,-155.222117289
16650000.000,1.43395812229e-08,-156.869270635
16653125.000,1.03510028063e-08,-159.700351473
16656250.000,5.69146762937e-09,-164.895514598
16659375.000,6.49949702689e-10,-183.742405011
16662500.000,4.51885923717e-09,-166.899423735
16665625.000,9.59409026716e-09,-160.359923995
16668750.000,1.43879340992e-08,-156.840031201
16671875.000,1.87445990978e-08,-154.542476873
16675000.000,2.25390167264e-08,-152.941300683
16678125.000,2.56753217234e-08,-151.809682116
16681250.000,2.80851350693e-08,-151.030469663
16684375.000,2.97256782961e-08,-150.537364533
16687500.000,3.05777479111e-08,-150.291890081
16690625.000,3.06435786498e-08,-150.273210357
16693750.000,2.99446239529e-08,-150.473622729
16696875.000,2.85192814971e-08,-150.897228402
16700000.000,2.64205908169e-08,-151.561149499
16703125.000,2.37139290075e-08,-152.499929692
16706250.000,2.04747292897e-08,-153.775636633
16709375.000,1.67862457888e-08,-155.500928442
16712500.000,1.27373862809e-08,-157.898393607
16715625.000,8.42063295306e-09,-161.493105254
16718750.000,3.9300693245e-09,-168.111995776
16721875.000,6.40470465502e-10,-183.870017848
16725000.000,5.19911585986e-09,-165.681410088
16728125.000,9.65752555159e-09,-160.302682683
16731250.000,1.39322947241e-08,-157.119546941
16734375.000,1.7946196166e-08,-154.920551788
16737500.000,2.16292496896e-08,-153.299170916
16740625.000,2.49196164582e-08,-152.069172925
16743750.000,2.77643168671e-08,-151.130260155
16746875.000,3.01197726779e-08,-150.422966204
16750000.000,3.19521760455e-08,-149.909991193
16753125.000,3.32376898691e-08,-149.567383375
16756250.000,3.39624856751e-08,-149.380010635
16759375.000,3.41226267742e-08,-149.339150881
16762500.000,3.37238059201e-08,-149.441268374
16765625.000,3.2780947965e-08,-149.687569832
16768750.000,3.13176891392e-08,-150.084205821
16771875.000,2.93657455589e-08,-150.643179370
16775000.000,2.69641843477e-08,-151.384254247
16778125.000,2.41586113415e-08,-152.338560659
16781250.000,2.10002898564e-08,-153.555494218
16784375.000,1.7545205155e-08,-155.116830985
16787500.000,1.38530894403e-08,-157.169067236
16790625.000,9.98642204221e-09,-160.011801678
16793750.000,6.00941923812e-09,-164.423349941
16796875.000,1.98702779153e-09,-174.035921172
16800000.000,2.01606433934e-09,-173.909912244
16803125.000,5.93638728043e-09,-164.529555483
16806250.000,9.71260652475e-09,-160.253284099
16809375.000,1.32863871307e-08,-157.531861950
16812500.000,1.66031947961e-08,-155.596166735
16815625.000,1.96130248451e-08,-154.149108430
16818750.000,2.2271051378e-08,-153.045185604
16821875.000,2.45381900328e-08,-152.203149490
16825000.000,2.63815691254e-08,-151.573987540
16828125.000,2.77749051815e-08,-151.126948300
16831250.000,2.8698780234e-08,-150.842731228
16834375.000,2.91408195329e-08,-150.709964773
16837500.000,2.9095769609e-08,-150.723403017
16840625.000,2.85654778829e-08,-150.883170121
16843750.000,2.75587762255e-08,-151.194801432
16846875.000,2.60912719917e-08,-151.670094957
16850000.000,2.4185051168e-08,-152.329059789
16853125.000,2.18682992181e-08,-153.203699848
16856250.000,1.91748461574e-08,-154.345362235
16859375.000,1.61436431459e-08,-155.839969021
16862500.000,1.28181786354e-08,-157.843473607
16865625.000,9.24584263655e-09,-160.681070050
16868750.000,5.47724819941e-09,-165.228751575
16871875.000,1.56551949548e-09,-176.106830395
16875000.000,2.43444383991e-09,-172.272004795
16878125.000,6.46671633472e-09,-163.786323783
16881250.000,1.04751005602e-08,-159.596835983
16884375.000,1.44038756086e-08,-156.830412757
16887500.000,1.81985307862e-08,-154.799273446
16890625.000,2.18064754977e-08,-153.228290444
16893750.000,2.51777166823e-08,-151.979673155
16896875.000,2.82654957916e-08,-150.974867848
16900000.000,3.10268778322e-08,-150.165238487
16903125.000,3.34232857696e-08,-149.519017156
16906250.000,3.54209743235e-08,-149.014789937
16909375.000,3.69914380339e-08,-148.637975705
16912500.000,3.81117493265e-08,-148.378822334
16915625.000,3.87648232625e-08,-148.231243835
16918750.000,3.89396065403e-08,-148.192168821
16921875.000,3.86311893155e-08,-148.261238426
16925000.000,3.78408393307e-08,-148.440784785
16928125.000,3.65759587943e-08,-148.736085611
16931250.000,3.48499653824e-08,-149.155952979
16934375.000,3.26820996279e-08,-149.713801009
16937500.000,3.00971618083e-08,-150.429489137
16940625.000,2.71251822597e-08,-151.332546700
16943750.000,2.38010297994e-08,-152.468085038
16946875.000,2.01639635926e-08,-153.908481908
16950000.000,1.62571344613e-08,-155.779120045
16953125.000,1.21270421e-08,-158.324902295
16956250.000,7.8229551791e-09,-162.132583160
16959375.000,3.39630163742e-09,-169.379874910
16962500.000,1.09996326568e-09,-179.172436366
16965625.000,5.61200335506e-09,-165.017641560
16968750.000,1.00857545521e-08,-159.925832102
16971875.000,1.44675766683e-08,-156.792084150
16975000.000,1.87048962158e-08,-154.560893943
16978125.000,2.27468326697e-08,-152.861581343
16981250.000,2.65448009141e-08,-151.520410550
16984375.000,3.00530829123e-08,-150.442219410
16987500.000,3.32293621166e-08,-149.569559910
16990625.000,3.60352145824e-08,-148.865457749
16993750.000,3.84365513967e-08,-148.305111700
16996875.000,4.04040075415e-08,-147.871511130
17000000.000,4.19132730849e-08,-147.552968460
17003125.000,4.29453632594e-08,-147.341674387
17006250.000,4.3486824697e-08,-147.232846046
17009375.000,4.35298759416e-08,-147.224251411
17012500.000,4.30724810505e-08,-147.316002228
17015625.000,4.21183559378e-08,-147.510571791
17018750.000,4.06769078691e-08,-147.813041364
17021875.000,3.87631093106e-08,-148.231627882
17025000.000,3.63973080407e-08,-148.778614715
17028125.000,3.36049761828e-08,-149.471928161
17031250.000,3.0416401513e-08,-150.337843350
17034375.000,2.68663249622e-08,-151.415834731
17037500.000,2.29935289e-08,-152.767887417
17040625.000,1.88403812611e-08,-154.498206258
17043750.000,1.44523410461e-08,-156.801235970
17046875.000,9.87743113386e-09,-160.107119791
17050000.000,5.16568466701e-09,-165.737442167
17053125.000,3.6857150856e-10,-188.669564796
17056250.000,4.46158854758e-09,-167.010209666
17059375.000,9.2722190407e-09,-160.656326349
17062500.000,1.4011079778e-08,-157.070567882
17065625.000,1.86268527189e-08,-154.597210387
17068750.000,2.30697142052e-08,-152.739155712
17071875.000,2.7291887142e-08,-151.279328666
17075000.000,3.12481670154e-08,-150.103509057
17078125.000,3.48964160038e-08,-149.144383489
17081250.000,3.8198019783e-08,-148.359183014
17084375.000,4.11183021647e-08,-147.719296526
17087500.000,4.36268931793e-08,-147.204914270
17090625.000,4.56980467595e-08,-146.802047246
17093750.000,4.73109048512e-08,-146.500774914
17096875.000,4.8449705295e-08,-146.294177206
17100000.000,4.91039316052e-08,-146.177674676
17103125.000,4.92684033033e-08,-146.148630243
17106250.000,4.89433062762e-08,-146.206133920
17109375.000,4.81341631885e-08,-146.350931480
17112500.000,4.68517447231e-08,-146.585484634
17115625.000,4.51119230748e-08,-146.914173180
17118750.000,4.29354696894e-08,-147.343675636
17121875.000,4.03477999542e-08,-147.883602822
17125000.000,3.73786680187e-08,-148.547523574
17128125.000,3.4061815522e-08,-149.354644150
17131250.000,3.04345784396e-08,-150.332654189
17134375.000,2.65374567319e-08,-151.522814018
17137500.000,2.24136518373e-08,-152.989747569
17140625.000,1.81085773521e-08,-154.842313349
17143750.000,1.36693485364e-08,-157.285043657
17146875.000,9.14425643675e-09,-160.777032066
17150000.000,4.58223254752e-09,-166.778457484
17153125.000,3.23100173037e-11,-209.813256188
17156250.000,4.45691264828e-09,-167.019317553
17159375.000,8.83779948017e-09,-161.073117126
17162500.000,1.30641907632e-08,-157.678349733
17165625.000,1.70918970658e-08,-155.344194627
17168750.000,2.08791682369e-08,-153.605736126
17171875.000,2.43871324575e-08,-152.256785257
17175000.000,2.75802007035e-08,-151.188051555
17178125.000,3.04264324683e-08,-150.334979323
17181250.000,3.28978590247e-08,-149.656647296
17184375.000,3.49707610025e-08,-149.125898337
17187500.000,3.66258976027e-08,-148.724234462
17190625.000,3.78486853148e-08,-148.438984025
17193750.000,3.86293245723e-08,-148.261657707
17196875.000,3.89628733859e-08,-148.186980456
17200000.000,3.88492675639e-08,-148.212343293
17203125.000,3.829328773e-08,-148.337546900
17206250.000,3.7304473929e-08,-148.564781602
17209375.000,3.58969891683e-08,-148.898839520
17212500.000,3.40894338364e-08,-149.347604231
17215625.000,3.19046133668e-08,-149.922930279
17218750.000,2.93692621248e-08,-150.642139292
17221875.000,2.65137268537e-08,-151.530584443
17225000.000,2.33716134657e-08,-152.626226099
17228125.000,1.99794013553e-08,-153.988350574
17231250.000,1.6376029663e-08,-155.715827674
17234375.000,1.2602460268e-08,-157.990893262
17237500.000,8.70122241365e-09,-161.208394602
17240625.000,4.71594410208e-09,-166.528627024
17243750.000,6.90875436826e-10,-183.212004956
17246875.000,3.32959084892e-09,-169.552182615
17250000.000,7.30139643983e-09,-162.731881405
17253125.000,1.11812869451e-08,-159.030164142
17256250.000,1.49272688189e-08,-156.520392922
17259375.000,1.849904889e-08,-154.657011997
17262500.000,2.18584518919e-08,-153.207611997
17265625.000,2.49698116887e-08,-152.051694658
17268750.000,2.78003322079e-08,-151.119000287
17271875.000,3.03204144731e-08,-150.365297326
17275000.000,3.2503946514e-08,-149.761278106
17278125.000,3.4328553401e-08,-149.286889946
17281250.000,3.57758050447e-08,-148.928211695
17284375.000,3.68313799844e-08,-148.675640177
17287500.000,3.74851837847e-08,-148.522807111
17290625.000,3.77314212232e-08,-148.465936720
17293750.000,3.75686219573e-08,-148.503494697
17296875.000,3.69996198438e-08,-148.636054762
17300000.000,3.6031486612e-08,-148.866356382
17303125.000,3.46754210551e-08,-149.199565134
17306250.000,3.2946595399e-08,-149.643789148
17309375.000,3.08639609295e-08,-150.210966789
17312500.000,2.84500154002e-08,-150.918349884
17315625.000,2.57305351187e-08,-151.791023633
17318750.000,2.27342749646e-08,-152.866377833
17321875.000,1.94926398946e-08,-154.202586805
17325000.000,1.60393317866e-08,-155.896274576
17328125.000,1.24099756619e-08,-158.124581405
17331250.000,8.64172954001e-09,-161.267986598
17334375.000,4.7728822884e-09,-166.424385526
17337500.000,8.42443904525e-10,-181.489180154
17340625.000,3.11026726819e-09,-170.144045801
17343750.000,7.04603594926e-09,-163.041102907
17346875.000,1.09261555399e-08,-159.230652427
17350000.000,1.47128236922e-08,-156.646079385
17353125.000,1.83695236799e-08,-154.718042095
17356250.000,2.18613876717e-08,-153.206445485
17359375.000,2.51555382156e-08,-151.987327726
17362500.000,2.82214045415e-08,-150.988427516
17365625.000,3.10310105971e-08,-150.164081607
17368750.000,3.35592320769e-08,-149.483759710
17371875.000,3.57840200742e-08,-148.926217424
17375000.000,3.76865893741e-08,-148.476263286
17378125.000,3.92515698223e-08,-148.122859389
17381250.000,4.04671196127e-08,-147.857954138
17384375.000,4.13249997759e-08,-147.675742802
17387500.000,4.18206095711e-08,-147.572192825
17390625.000,4.19529829262e-08,-147.544743094
17393750.000,4.17247464742e-08,-147.592125870
17396875.000,4.11420401623e-08,-147.714283524
17400000.000,4.02144017919e-08,-147.912367745
17403125.000,3.89546172265e-08,-148.188821175
17406250.000,3.73785383623e-08,-148.547553703
17409375.000,3.55048712659e-08,-148.994241154
17412500.000,3.33549371888e-08,-149.536797457
17415625.000,3.09524094201e-08,-150.186110773
17418750.000,2.83230291708e-08,-150.957206007
17421875.000,2.54943038565e-08,-151.871136846
17425000.000,2.24951913041e-08,-152.958206183
17428125.000,1.93557735056e-08,-154.263789370
17431250.000,1.61069236102e-08,-155.859748021
17434375.000,1.27799698665e-08,-157.869403404
17437500.000,9.40636021014e-09,-160.531567885
17440625.000,6.01733113195e-09,-164.411921775
17443750.000,2.64358436703e-09,-171.556136500
17446875.000,6.85025198213e-10,-183.285869059
17450000.000,3.93978716786e-09,-168.090544773
17453125.000,7.09341579863e-09,-162.982891643
17456250.000,1.01203098999e-08,-159.896123770
17459375.000,1.29967899363e-08,-157.723278008
17462500.000,1.57013100991e-08,-156.081282181
17465625.000,1.82146434153e-08,-154.791586529
17468750.000,2.05200382863e-08,-153.756436665
17471875.000,2.2603345191e-08,-152.916545650
17475000.000,2.44531126369e-08,-152.233317033
17478125.000,2.60606517956e-08,-151.680294529
17481250.000,2.74200696046e-08,-151.238628942
17484375.000,2.85282704946e-08,-150.894491127
17487500.000,2.93849272163e-08,-150.637507613
17490625.000,2.99924215979e-08,-150.459769355
17493750.000,3.03557563849e-08,-150.355178824
17496875.000,3.04824396041e-08,-150.319005560
17500000.000,3.03823431951e-08,-150.347574697
17503125.000,3.00675379037e-08,-150.438042658
17506250.000,2.95521066691e-08,-150.588231086
17509375.000,2.88519389394e-08,-150.796499912
17512500.000,2.7984508543e-08,-151.061646313
17515625.000,2.69686378579e-08,-151.382819770
17518750.000,2.58242511681e-08,-151.759445259
17521875.000,2.45721201461e-08,-152.191147397
17525000.000,2.32336044635e-08,-152.677668170
17528125.000,2.18303905285e-08,-153.218769901
17531250.000,2.03842313384e-08,-153.814113211
17534375.000,1.89166903627e-08,-154.463096897
17537500.000,1.74488923005e-08,-155.164642759
17540625.000,1.60012834201e-08,-155.916903647
17543750.000,1.4593404057e-08,-156.716867855
17546875.000,1.32436756513e-08,-157.559829281
17550000.000,1.19692045288e-08,-158.438694235
17553125.000,1.07856043888e-08,-159.343110270
17556250.000,9.70683923354e-09,-160.258443264
17559375.000,8.74508821155e-09,-161.164716109
17562500.000,7.91063358034e-09,-162.035774630
17565625.000,7.21177271351e-09,-162.839159379
17568750.000,6.65475479021e-09,-163.537358850
17571875.000,6.24374251779e-09,-164.091100297
17575000.000,5.98079894799e-09,-164.464815934
17578125.000,5.86589916139e-09,-164.633308142
17581250.000,5.89696631555e-09,-164.587427060
17584375.000,6.06993128314e-09,-164.336324510
17587500.000,6.37881484805e-09,-163.905200071
17590625.000,6.81583118663e-09,-163.329623493
17593750.000,7.37151113602e-09,-162.648869481
17596875.000,8.03484354763e-09,-161.900451506
17600000.000,8.79343284208e-09,-161.116830978
17603125.000,9.63367072314e-09,-160.324164037
17606250.000,1.05409198744e-08,-159.542429758
17609375.000,1.14997073582e-08,-158.786264227
17612500.000,1.24939253544e-08,-158.066021862
17615625.000,1.35070368263e-08,-157.388798321
17618750.000,1.45222836789e-08,-156.759301679
17621875.000,1.55228949754e-08,-156.180545617
17625000.000,1.64922928167e-08,-155.654379260
17628125.000,1.74142935371e-08,-155.181882786
17631250.000,1.82733019663e-08,-154.763659380
17634375.000,1.90544966053e-08,-154.400050405
17637500.000,1.97440037053e-08,-154.091295523
17640625.000,2.03290583822e-08,-153.837654738
17643750.000,2.07981510809e-08,-153.639505427
17646875.000,2.11411578844e-08,-153.497424608
17650000.000,2.13494533716e-08,-153.412264802
17653125.000,2.14160049374e-08,-153.385230834
17656250.000,2.13354477237e-08,-153.417964781
17659375.000,2.11041395236e-08,-153.512647012
17662500.000,2.07201952793e-08,-153.672123117
17665625.000,2.01835010106e-08,-153.900069985
17668750.000,1.94957072588e-08,-154.201220100
17671875.000,1.8660202356e-08,-154.581673019
17675000.000,1.76820660609e-08,-155.049339824
17678125.000,1.65680043062e-08,-155.614596025
17681250.000,1.53262660232e-08,-156.291272810
17684375.000,1.39665431867e-08,-157.098221428
17687500.000,1.24998554001e-08,-158.061900219
17690625.000,1.09384205118e-08,-159.220907696
17693750.000,9.29551287166e-09,-160.634532868
17696875.000,7.58531097405e-09,-162.400532196
17700000.000,5.82273632321e-09,-164.697457521
17703125.000,4.02328543229e-09,-167.908383106
17706250.000,2.20285692289e-09,-173.140274193
17709375.000,3.77575721414e-10,-188.459918783
17712500.000,1.43638364282e-09,-176.854590983
17715625.000,3.22297265303e-09,-169.834867589
17718750.000,4.96644137828e-09,-166.079093728
17721875.000,6.65150611718e-09,-163.541600103
17725000.000,8.26351029804e-09,-161.656708547
17728125.000,9.78857692033e-09,-160.185608841
17731250.000,1.12137509444e-08,-159.004981875
17734375.000,1.25271301632e-08,-158.042968200
17737500.000,1.37179832424e-08,-157.254194640
17740625.000,1.47768537727e-08,-156.608360486
17743750.000,1.56956493512e-08,-156.084414244
17746875.000,1.64677148885e-08,-155.667333214
17750000.000,1.70878895264e-08,-155.346231447
17753125.000,1.75525467358e-08,-155.113197239
17756250.000,1.7859617369e-08,-154.962556997
17759375.000,1.800859562e-08,-154.890403076
17762500.000,1.80005280508e-08,-154.894295091
17765625.000,1.78379860136e-08,-154.973083619
17768750.000,1.75250219953e-08,-155.126828566
17771875.000,1.70671105671e-08,-155.356799960
17775000.000,1.64710747922e-08,-155.665561215
17778125.000,1.57449990941e-08,-156.057147200
17781250.000,1.4898129718e-08,-156.537364973
17784375.000,1.39407640494e-08,-157.114268465
17787500.000,1.28841301486e-08,-157.798897936
17790625.000,1.17402579586e-08,-158.606447212
17793750.000,1.05218437077e-08,-159.558163071
17796875.000,9.24210908702e-09,-160.684578194
17800000.000,7.91465681409e-09,-162.031358235
17803125.000,6.55332421185e-09,-163.670766914
17806250.000,5.17203642985e-09,-165.726768496
17809375.000,3.78466091389e-09,-168.439460499
17812500.000,2.40486469223e-09,-172.378187077
17815625.000,1.04597599076e-09,-179.609565682
17818750.000,2.79148376977e-10,-191.083297858
17821875.000,1.55824849559e-09,-176.147265675
17825000.000,2.77977844496e-09,-171.119796340
17828125.000,3.93301387232e-09,-168.105490435
17831250.000,5.0081490127e-09,-166.006455152
17834375.000,5.99638227701e-09,-164.442213762
17837500.000,6.88998965438e-09,-163.235628604
17840625.000,7.68238533213e-09,-162.290078267
17843750.000,8.36816908662e-09,-161.547391061
17846875.000,8.94316014483e-09,-160.970179846
17850000.000,9.40441738223e-09,-160.533362090
17853125.000,9.75024586515e-09,-160.219688657
17856250.000,9.98018990442e-09,-160.017223896
17859375.000,1.00950129306e-08,-159.917862409
17862500.000,1.00966646429e-08,-159.916441369
17865625.000,9.98823601457e-09,-160.010224083
17868750.000,9.77390286593e-09,-160.198639627
17871875.000,9.45885882706e-09,-160.483225126
17875000.000,9.04923861874e-09,-160.867759195
17878125.000,8.55203266677e-09,-161.358612978
17881250.000,7.97499414917e-09,-161.965392538
17884375.000,7.32653963464e-09,-162.702021933
17887500.000,6.61564451913e-09,-163.588556779
17890625.000,5.85173451817e-09,-164.654307704
17893750.000,5.04457446868e-09,-165.943509249
17896875.000,4.20415572468e-09,-167.526424116
17900000.000,3.34058340833e-09,-169.523553605
17903125.000,2.46396476259e-09,-172.167310147
17906250.000,1.58429981306e-09,-176.003252581
17909375.000,7.11375499803e-10,-182.958021925
17912500.000,1.45335622271e-10,-196.752558511
17915625.000,9.76771084431e-10,-180.204144108
17918750.000,1.77436766653e-09,-175.019127701
17921875.000,2.53014316068e-09,-171.937098097
17925000.000,3.23676998765e-09,-169.797763229
17928125.000,3.88764001387e-09,-168.206279130
17931250.000,4.47692003213e-09,-166.980413260
17934375.000,4.99959748804e-09,-166.021299176
17937500.000,5.45151614147e-09,-165.269653953
17940625.000,5.82940148611e-09,-164.687520653
17943750.000,6.13087585297e-09,-164.249549560
17946875.000,6.35446325638e-09,-163.938422544
17950000.000,6.49958414349e-09,-163.742288590
17953125.000,6.56654032285e-09,-163.653267691
17956250.000,6.55649045953e-09,-163.666571328
17959375.000,6.47141660556e-09,-163.780012821
17962500.000,6.31408234724e-09,-163.993795168
17965625.000,6.08798321646e-09,-164.310531070
17968750.000,5.79729009544e-09,-164.735499341
17971875.000,5.44678640622e-09,-165.277193102
17975000.000,5.04179992944e-09,-165.948287843
17978125.000,4.58813014196e-09,-166.767285437
17981250.000,4.09197199118e-09,-167.761346952
17984375.000,3.55983704765e-09,-168.971397630
17987500.000,2.99847298653e-09,-170.461997188
17990625.000,2.41478234496e-09,-172.342440161
17993750.000,1.81574149296e-09,-174.818919638
17996875.000,1.20832073108e-09,-178.356355466
18000000.000,5.99406391795e-10,-184.445572605
18003125.000,4.27421117223e-12,-227.382880497
18006250.000,5.96224206804e-10,-184.491807910
18009375.000,1.17024422866e-09,-178.634469840
18012500.000,1.72049445895e-09,-175.286934435
18015625.000,2.24155106373e-09,-172.989027265
18018750.000,2.72845650686e-09,-171.281659295
18021875.000,3.17676331655e-09,-169.960302818
18025000.000,3.58257095775e-09,-168.916103981
18028125.000,3.94255555441e-09,-168.084443567
18031250.000,4.25399229494e-09,-167.424066021
18034375.000,4.51477043824e-09,-166.907286546
18037500.000,4.72340092969e-09,-166.514903785
18040625.000,4.87901672025e-09,-166.233353871
18043750.000,4.98136596204e-09,-166.053031023
18046875.000,5.03079833703e-09,-165.967261826
18050000.000,5.02824484357e-09,-165.971671662
18053125.000,4.97519144124e-09,-166.063804066
18056250.000,4.87364700674e-09,-166.242918590
18059375.000,4.72610611941e-09,-166.509930620
18062500.000,4.53550723694e-09,-166.867482715
18065625.000,4.30518686121e-09,-167.320159876
18068750.000,4.03883033441e-09,-167.874887811
18071875.000,3.74041991815e-09,-168.541592780
18075000.000,3.41418083716e-09,-169.334269591
18078125.000,3.06452596411e-09,-170.272733895
18081250.000,2.69599983313e-09,-171.385602780
18084375.000,2.31322265122e-09,-172.715651274
18087500.000,1.92083496609e-09,-174.330198943
18090625.000,1.52344362463e-09,-176.343472246
18093750.000,1.12556962066e-09,-178.972552742
18096875.000,7.31598400582e-10,-182.714545053
18100000.000,3.45733146369e-10,-189.225179630
18103125.000,2.80484905428e-11,-211.041810115
18106250.000,3.86033783693e-10,-188.267493729
18109375.000,7.24810090304e-10,-182.795515387
18112500.000,1.04129547118e-09,-179.648520409
18115625.000,1.33276452884e-09,-177.504931488
18118750.000,1.59686928532e-09,-175.934612648
18121875.000,1.83165498477e-09,-174.743126556
18125000.000,2.03557077031e-09,-173.826275880
18128125.000,2.20747524687e-09,-173.122083152
18131250.000,2.34663700315e-09,-172.591081708
18134375.000,2.45273022507e-09,-172.207004341
18137500.000,2.52582559006e-09,-171.951932821
18140625.000,2.56637667996e-09,-171.813591994
18143750.000,2.57520220421e-09,-171.783773292
18146875.000,2.55346436365e-09,-171.857403976
18150000.000,2.50264372504e-09,-172.032019438
18153125.000,2.42451101087e-09,-172.307516784
18156250.000,2.32109623384e-09,-172.686137062
18159375.000,2.19465562823e-09,-173.172672338
18162500.000,2.0476368438e-09,-173.774941293
18165625.000,1.88264288051e-09,-174.504641074
18168750.000,1.70239523984e-09,-175.378792075
18171875.000,1.50969677069e-09,-176.422205479
18175000.000,1.3073946769e-09,-177.671865752
18178125.000,1.09834413675e-09,-179.185231280
18181250.000,8.85372970829e-10,-181.057474811
18184375.000,6.71247763932e-10,-183.462342960
18187500.000,4.58641822183e-10,-186.770526916
18190625.000,2.50105310723e-10,-192.037541728
18193750.000,4.80378831413e-11,-206.368322773
18196875.000,1.45335928044e-10,-196.752540237
18200000.000,3.27988331046e-10,-189.682832141
18203125.000,4.9810671922e-10,-186.053551996
18206250.000,6.54108801295e-10,-183.687000144
18209375.000,7.94654323396e-10,-181.996434989
18212500.000,9.18653333728e-10,-180.736966892
18215625.000,1.02527098735e-09,-179.783226638
18218750.000,1.11392893248e-09,-179.062850316
18221875.000,1.18430336065e-09,-178.530740767
18225000.000,1.23631984613e-09,-178.157383183
18228125.000,1.27014513513e-09,-177.922933017
18231250.000,1.28617608248e-09,-177.813991415
18234375.000,1.28502596328e-09,-177.821761951
18237500.000,1.26750841565e-09,-177.940982970
18240625.000,1.23461929426e-09,-178.169338806
18243750.000,1.18751673418e-09,-178.507205234
18246875.000,1.12749973922e-09,-178.957670998
18250000.000,1.05598562047e-09,-179.526839912
18253125.000,9.74486617029e-10,-180.224482417
18256250.000,8.84586031748e-10,-181.065198455
18259375.000,7.87914214199e-10,-182.070421293
18262500.000,6.86124714115e-10,-183.271938743
18265625.000,5.80870919403e-10,-184.718407308
18268750.000,4.73783477109e-10,-186.488401782
18271875.000,3.66448778018e-10,-188.719734444
18275000.000,2.60388762964e-10,-191.687555232
18278125.000,1.57042286338e-10,-196.079667812
18281250.000,5.77482427534e-11,-204.769224531
18284375.000,3.62693639231e-11,-208.809201217
18287500.000,1.23914262434e-10,-198.137574076
18290625.000,2.04228551783e-10,-193.797670846
18293750.000,2.76401051694e-10,-191.169206176
18296875.000,3.39773317557e-10,-189.376214587
18300000.000,3.93843303666e-10,-188.093530685
18303125.000,4.38266691177e-10,-187.165230700
18306250.000,4.72855929779e-10,-186.505423208
18309375.000,4.97577071135e-10,-186.062792812
18312500.000,5.12544501978e-10,-185.805368415
18315625.000,5.18013710102e-10,-185.713174915
18318750.000,5.14372241602e-10,-185.774449528
18321875.000,5.02129028247e-10,-185.983693424
18325000.000,4.81902283302e-10,-186.340820319
18328125.000,4.54406178581e-10,-186.851115443
18331250.000,4.20436528524e-10,-187.525991169
18334375.000,3.80855715348e-10,-188.384790455
18337500.000,3.36577094913e-10,-189.458308848
18340625.000,2.88549124866e-10,-190.795604770
18343750.000,2.37739455331e-10,-192.477974732
18346875.000,1.85119217183e-10,-194.650969898
18350000.000,1.31647735756e-10,-197.611732121
18353125.000,7.82578860279e-11,-202.129437757
18356250.000,2.58422921411e-11,-211.753379365
18359375.000,2.47594428362e-11,-212.125182650
18362500.000,7.27723092941e-11,-202.760676867
18365625.000,1.17496119246e-10,-198.599529547
18368750.000,1.58314266123e-10,-196.009598959
18371875.000,1.94700916325e-10,-194.212640091
18375000.000,2.26226557113e-10,-192.909128277
18378125.000,2.52561851949e-10,-191.952644931
18381250.000,2.73479779476e-10,-191.261495579
18384375.000,2.88856058806e-10,-190.786370373
18387500.000,2.98667889612e-10,-190.496229335
18390625.000,3.02991059464e-10,-190.371403726
18393750.000,3.01995495795e-10,-190.399990688
18396875.000,2.95939361132e-10,-190.575945361
18400000.000,2.85161811742e-10,-190.898172694
18403125.000,2.70074558219e-10,-191.370326513
18406250.000,2.5115238311e-10,-192.001253932
18409375.000,2.28922784939e-10,-192.806219587
18412500.000,2.03954929583e-10,-193.809315867
18415625.000,1.76848098732e-10,-195.047992097
18418750.000,1.48219831484e-10,-196.581873697
18421875.000,1.18693958013e-10,-198.511427755
18425000.000,8.88887250269e-11,-201.023066461
18428125.000,5.94052098617e-11,-204.523509311
18431250.000,3.08162147967e-11,-210.224414148
18434375.000,3.65582529762e-12,-228.740291325
18437500.000,2.15901950417e-11,-213.314868686
18440625.000,4.44930129465e-11,-207.034163680
18443750.000,6.46881929194e-11,-203.783499616
18446875.000,8.18818965437e-11,-201.736242136
18450000.000,9.58557057244e-11,-200.367640621
18453125.000,1.06469982597e-10,-199.455456338
18456250.000,1.13665700668e-10,-198.887411332
18459375.000,1.17464704725e-10,-198.601852174
18462500.000,1.17968380314e-10,-198.564687667
18465625.000,1.15354737472e-10,-198.759291297
18468750.000,1.098739371e-10,-199.182106264
18471875.000,1.01842311688e-10,-199.841435026
18475000.000,9.16349549813e-11,-200.758776583
18478125.000,7.96769768734e-11,-201.973343048
18481250.000,6.64335404271e-11,-203.552252044
18484375.000,5.23988169909e-11,-205.613570360
18487500.000,3.80840126542e-11,-208.385145984
18490625.000,2.40046346038e-11,-212.394098009
18493750.000,1.066717907e-11,-219.439008287
18496875.000,1.44456668087e-12,-236.805248128
18500000.000,1.18834076388e-11,-218.501180099
18503125.000,2.02526032738e-11,-213.870382891
18506250.000,2.62194994379e-11,-211.627512076
18509375.000,2.95287204576e-11,-210.595107431
18512500.000,3.00147145145e-11,-210.453315662
18515625.000,2.76134506291e-11,-211.177586394
18518750.000,2.23730735259e-11,-213.005487002
18521875.000,1.44633331446e-11,-216.794632205
18525000.000,4.18361849681e-12,-227.568958511
18528125.000,8.03055921027e-12,-221.905084229
18531250.000,2.16027718886e-11,-213.309810404
18534375.000,3.5812686836e-11,-208.919261899
18537500.000,4.979498353e-11,-206.056288139
18540625.000,6.25402502098e-11,-204.076807711
18543750.000,7.28979120393e-11,-202.745698214
18546875.000,7.95812182921e-11,-201.983788332
18550000.000,8.11742910876e-11,-201.811629909
18553125.000,7.6141213013e-11,-202.367604174
18556250.000,6.28371057846e-11,-204.035676527
18559375.000,3.95211272635e-11,-208.063413530
18562500.000,4.37128989422e-12,-227.187807822
18565625.000,4.44990196595e-11,-207.032991134
18568750.000,1.09022962071e-10,-199.249640454
18571875.000,1.91160771161e-10,-194.372024523
18575000.000,2.92879066016e-10,-190.666233382
18578125.000,4.1612914852e-10,-187.615437244
18581250.000,5.62824500423e-10,-184.992540109
18584375.000,7.34817706603e-10,-182.676407744
18587500.000,9.33877041508e-10,-180.594206024
18590625.000,1.16166296327e-09,-178.698397136
18593750.000,1.41970476503e-09,-176.956039200
18596875.000,1.70937763515e-09,-175.343239650
18600000.000,2.03188037765e-09,-173.842037275
18603125.000,2.38821404055e-09,-172.438535054
18606250.000,2.77916169443e-09,-171.121723696
18609375.000,3.20526959392e-09,-169.882708726
18612500.000,3.6668299447e-09,-168.714184614
18615625.000,4.16386548389e-09,-167.610066181
18618750.000,4.69611606658e-09,-166.565223557
18621875.000,5.26302743223e-09,-165.575287326
18625000.000,5.86374230574e-09,-164.636502478
18628125.000,6.49709396525e-09,-163.745617043
18631250.000,7.16160238592e-09,-162.899795896
18634375.000,7.85547304481e-09,-162.096553145
18637500.000,8.57659844569e-09,-161.333698460
18640625.000,9.32256239745e-09,-160.609294023
18643750.000,1.00906470528e-08,-159.921619683
18646875.000,1.08778426868e-08,-159.269144523
18650000.000,1.16808601696e-08,-158.650503499
18653125.000,1.24961460599e-08,-158.064478145
18656250.000,1.33199002218e-08,-157.509980568
18659375.000,1.41480958422e-08,-156.986040137
18662500.000,1.49765017034e-08,-156.491792395
18665625.000,1.58007065425e-08,-156.026469855
18668750.000,1.66161453113e-08,-155.589394369
18671875.000,1.74181271298e-08,-155.179970880
18675000.000,1.82018647105e-08,-154.797682359
18678125.000,1.8962505018e-08,-154.442085826
18681250.000,1.96951609166e-08,-154.112809330
18684375.000,2.03949435453e-08,-153.809549850
18687500.000,2.10569951594e-08,-153.532072054
18690625.000,2.16765221678e-08,-153.280207915
18693750.000,2.2248828096e-08,-153.053857190
18696875.000,2.27693462053e-08,-152.852988789
18700000.000,2.3233671503e-08,-152.677643107
18703125.000,2.36375918808e-08,-152.527935400
18706250.000,2.39771181314e-08,-152.404060340
18709375.000,2.4248512601e-08,-152.306297916
18712500.000,2.44483162487e-08,-152.235020906
18715625.000,2.45733738988e-08,-152.190704225
18718750.000,2.46208574883e-08,-152.173936513
18721875.000,2.45882871309e-08,-152.185434481
18725000.000,2.44735498366e-08,-152.226060652
18728125.000,2.42749157511e-08,-152.296845374
18731250.000,2.39910517948e-08,-152.399014233
18734375.000,2.3621032611e-08,-152.534022416
18737500.000,2.31643487522e-08,-152.703598103
18740625.000,2.26209120563e-08,-152.909797773
18743750.000,2.1991058194e-08,-153.155077444
18746875.000,2.12755463843e-08,-153.442385557
18750000.000,2.04755563073e-08,-153.775285798
18753125.000,1.9592682258e-08,-154.158122092
18756250.000,1.86289246141e-08,-154.596244295
18759375.000,1.75866787052e-08,-155.096323411
18762500.000,1.64687211994e-08,-155.666802452
18765625.000,1.52781941301e-08,-156.318559519
18768750.000,1.40185867163e-08,-157.065915351
18771875.000,1.26937151337e-08,-157.928225043
18775000.000,1.13077004153e-08,-158.932514123
18778125.000,9.86494466857e-09,-160.118106926
18781250.000,8.37010580789e-09,-161.545381040
18784375.000,6.8280710075e-09,-163.314039423
18787500.000,5.24392908888e-09,-165.606863794
18790625.000,3.62294205763e-09,-168.818772233
18793750.000,1.97051600997e-09,-174.108400645
18796875.000,2.9217162618e-10,-190.687239245
18800000.000,1.40648552984e-09,-177.037294631
18803125.000,3.1197946938e-09,-170.117479698
18806250.000,4.84206935674e-09,-166.299379882
18809375.000,6.56762629304e-09,-163.651831343
18812500.000,8.2908139692e-09,-161.628056590
18815625.000,1.0006040149e-08,-159.994755177
18818750.000,1.17077985262e-08,-158.630495195
18821875.000,1.33906942256e-08,-157.463938138
18825000.000,1.50494680265e-08,-156.449577028
18828125.000,1.66790191808e-08,-155.556589838
18831250.000,1.82744267089e-08,-154.763124770
18834375.000,1.98309690737e-08,-154.053121255
18837500.000,2.13441421498e-08,-153.414425908
18840625.000,2.28096754217e-08,-152.837617893
18843750.000,2.42235463583e-08,-152.315245505
18846875.000,2.55819929296e-08,-151.841312509
18850000.000,2.6881524248e-08,-151.410922187
18853125.000,2.81189293287e-08,-151.020024395
18856250.000,2.92912839834e-08,-150.665231812
18859375.000,3.03959558699e-08,-150.343683894
18862500.000,3.14306077417e-08,-150.052944428
18865625.000,3.23931989442e-08,-149.790923235
18868750.000,3.32819852273e-08,-149.555815530
18871875.000,3.40955169435e-08,-149.346054411
18875000.000,3.48326357187e-08,-149.160273241
18878125.000,3.54924696876e-08,-148.997275598
18881250.000,3.60744273915e-08,-148.856011075
18884375.000,3.65781904485e-08,-148.735555664
18887500.000,3.70037051001e-08,-148.635095776
18890625.000,3.73511727538e-08,-148.553915153
18893750.000,3.76210396356e-08,-148.491384143
18896875.000,3.78139856695e-08,-148.446950894
18900000.000,3.79309127037e-08,-148.420134141
18903125.000,3.79729321968e-08,-148.410517324
18906250.000,3.7941352484e-08,-148.417743840
18909375.000,3.78376657277e-08,-148.441513277
18912500.000,3.76635346678e-08,-148.481578490
18915625.000,3.74207792702e-08,-148.537743455
18918750.000,3.71113633723e-08,-148.609861811
18921875.000,3.6737381419e-08,-148.697836055
18925000.000,3.63010453734e-08,-148.801617365
18928125.000,3.58046718799e-08,-148.921206037
18931250.000,3.52506697548e-08,-149.056652542
18934375.000,3.46415278608e-08,-149.208059234
18937500.000,3.39798034318e-08,-149.375582756
18940625.000,3.32681108862e-08,-149.559437193
18943750.000,3.25091111744e-08,-149.759898086
18946875.000,3.17055016966e-08,-149.977307406
18950000.000,3.08600068059e-08,-150.212079650
18953125.000,2.99753689278e-08,-150.464709261
18956250.000,2.90543402965e-08,-150.735779623
18959375.000,2.80996753202e-08,-151.025973963
18962500.000,2.71141235678e-08,-151.336088581
18965625.000,2.61004233769e-08,-151.667048958
18968750.000,2.50612960621e-08,-152.019929458
18971875.000,2.39994407133e-08,-152.395977581
18975000.000,2.29175295595e-08,-152.796643996
18978125.000,2.18182038715e-08,-153.223620089
18981250.000,2.07040703813e-08,-153.678885293
18984375.000,1.95776981779e-08,-154.164767423
18987500.000,1.84416160564e-08,-154.684020480
18990625.000,1.7298310278e-08,-155.239926345
18993750.000,1.61502227125e-08,-155.836429687
18996875.000,1.49997493209e-08,-156.478319978
19000000.000,1.38492389489e-08,-157.171481831
19003125.000,1.27009923878e-08,-157.923246885
19006250.000,1.15572616784e-08,-158.742901067
19009375.000,1.04202496129e-08,-159.642437551
19012500.000,9.29210941347e-09,-160.637713702
19015625.000,8.17494454804e-09,-161.750303691
19018750.000,7.07080866096e-09,-163.010618296
19021875.000,5.98170559077e-09,-164.463499320
19025000.000,4.9095894462e-09,-166.179096466
19028125.000,3.85636473002e-09,-168.276437956
19031250.000,2.82388647634e-09,-170.983055329
19034375.000,1.81396040028e-09,-174.827443961
19037500.000,8.283430317e-10,-181.635795537
19040625.000,1.31258166872e-10,-197.637473306
19043750.000,1.06318471803e-09,-179.467825489
19046875.000,1.96582707943e-09,-174.129093736
19050000.000,2.8376246428e-09,-170.940901059
19053125.000,3.67706577393e-09,-168.689972031
19056250.000,4.48268790253e-09,-166.969229938
19059375.000,5.25307765886e-09,-165.591723575
19062500.000,5.98687105311e-09,-164.456001914
19065625.000,6.68275369965e-09,-163.500890900
19068750.000,7.3394610751e-09,-162.686716569
19071875.000,7.9557788111e-09,-161.986345995
19075000.000,8.53054301214e-09,-161.380466458
19078125.000,9.0626405938e-09,-160.854904858
19081250.000,9.55100963157e-09,-160.399014340
19084375.000,9.99463972033e-09,-160.004657128
19087500.000,1.0392572326e-08,-159.665538888
19090625.000,1.07439011365e-08,-159.376759932
19093750.000,1.10477723922e-08,-159.134505635
19096875.000,1.13033851978e-08,-158.935829444
19100000.000,1.15099918084e-08,-158.778499709
19103125.000,1.16668978809e-08,-158.660892069
19106250.000,1.17734626903e-08,-158.581915762
19109375.000,1.18290993049e-08,-158.540966446
19112500.000,1.18332747166e-08,-158.537901059
19115625.000,1.17855099241e-08,-158.573032442
19118750.000,1.16853799677e-08,-158.647143226
19121875.000,1.15325139126e-08,-158.761520256
19125000.000,1.13265947823e-08,-158.918012729
19128125.000,1.10673594387e-08,-159.119119702
19131250.000,1.0754598414e-08,-159.368116038
19134375.000,1.03881556902e-08,-159.669231002
19137500.000,9.96792843182e-09,-160.027901777
19140625.000,9.49386667032e-09,-160.451137434
19143750.000,8.96597294665e-09,-160.948051518
19146875.000,8.38430190884e-09,-161.530661833
19150000.000,7.74895987183e-09,-162.215131762
19153125.000,7.06010433956e-09,-163.023777611
19156250.000,6.31794349376e-09,-163.988485253
19159375.000,5.52273565048e-09,-165.156914882
19162500.000,4.67478868903e-09,-166.604760309
19165625.000,3.77445945343e-09,-168.462904712
19168750.000,2.82215313167e-09,-170.988388497
19171875.000,1.81832261238e-09,-174.806581208
19175000.000,7.63467822332e-10,-182.344185246
19178125.000,3.41864954088e-10,-189.322908363
19181250.000,1.49708377103e-09,-176.495077951
19184375.000,2.70155173313e-09,-171.367734231
19187500.000,3.95458772179e-09,-168.057975727
19190625.000,5.25546713474e-09,-165.587773509
19193750.000,6.60342263899e-09,-163.604618114
19196875.000,7.99764493661e-09,-161.940757614
19200000.000,9.43728354477e-09,-160.503059926
19203125.000,1.09214475874e-08,-159.234395882
19206250.000,1.24492066029e-08,-158.097166512
19209375.000,1.40195913647e-08,-157.065292895
19212500.000,1.56315947188e-08,-156.119934269
19215625.000,1.72841724349e-08,-155.247028192
19218750.000,1.8976244076e-08,-154.435794846
19221875.000,2.07066938853e-08,-153.677784736
19225000.000,2.24743716905e-08,-152.966248817
19228125.000,2.42780938271e-08,-152.295708290
19231250.000,2.61166440809e-08,-151.661652590
19234375.000,2.79887746508e-08,-151.060322291
19237500.000,2.98932071302e-08,-150.488549773
19240625.000,3.18286335084e-08,-149.943640129
19243750.000,3.37937171923e-08,-149.423280694
19246875.000,3.57870940469e-08,-148.925471308
19250000.000,3.78073734556e-08,-148.448469856
19253125.000,3.98531393947e-08,-147.990749235
19256250.000,4.19229515296e-08,-147.550962980
19259375.000,4.40153463232e-08,-147.127917533
19262500.000,4.61288381606e-08,-146.720549675
19265625.000,4.82619204849e-08,-146.327908004
19268750.000,5.04130669451e-08,-145.949137618
19271875.000,5.25807325536e-08,-145.583467352
19275000.000,5.47633548507e-08,-145.230199089
19278125.000,5.69593550733e-08,-144.888698734
19281250.000,5.91671393294e-08,-144.558388558
19284375.000,6.13850997722e-08,-144.238740679
19287500.000,6.36116157752e-08,-143.929271459
19290625.000,6.5845055104e-08,-143.629536691
19293750.000,6.80837750821e-08,-143.339127433
19296875.000,7.03261237557e-08,-143.057666389
19300000.000,7.25704410447e-08,-142.784804750
19303125.000,7.48150598899e-08,-142.520219441
19306250.000,7.70583073869e-08,-142.263610693
19309375.000,7.92985059089e-08,-142.014699906
19312500.000,8.15339742179e-08,-141.773227766
19315625.000,8.3763028563e-08,-141.538952571
19318750.000,8.59839837645e-08,-141.311648745
19321875.000,8.81951542831e-08,-141.091105514
19325000.000,9.03948552796e-08,-140.877125724
19328125.000,9.25814036544e-08,-140.669524781
19331250.000,9.47531190782e-08,-140.468129701
19334375.000,9.69083250074e-08,-140.272778257
19337500.000,9.90453496898e-08,-140.083318207
19340625.000,1.01162527153e-07,-139.899606601
19343750.000,1.03258198187e-07,-139.721509150
19346875.000,1.05330711316e-07,-139.548899659
19350000.000,1.07378423756e-07,-139.381659510
19353125.000,1.09399702371e-07,-139.219677191
19356250.000,1.11392924619e-07,-139.062847870
19359375.000,1.13356479489e-07,-138.911073009
19362500.000,1.15288768437e-07,-138.764260002
19365625.000,1.17188206312e-07,-138.622321860
19368750.000,1.19053222285e-07,-138.485176910
19371875.000,1.20882260765e-07,-138.352748527
19375000.000,1.22673782321e-07,-138.224964884
19378125.000,1.24426264596e-07,-138.101758733
19381250.000,1.26138203213e-07,-137.983067193
19384375.000,1.27808112693e-07,-137.868831564
19387500.000,1.2943452735e-07,-137.758997157
19390625.000,1.31016002198e-07,-137.653513134
19393750.000,1.32551113842e-07,-137.552332370
19396875.000,1.34038461372e-07,-137.455411321
19400000.000,1.35476667243e-07,-137.362709913
19403125.000,1.3686437815e-07,-137.274191430
19406250.000,1.38200265889e-07,-137.189822428
19409375.000,1.39483028219e-07,-137.109572651
19412500.000,1.40711389696e-07,-137.033414955
19415625.000,1.41884102502e-07,-136.961325253
19418750.000,1.42999947254e-07,-136.893282454
19421875.000,1.44057733798e-07,-136.829268430
19425000.000,1.45056301977e-07,-136.769267970
19428125.000,1.45994522384e-07,-136.713268767
19431250.000,1.46871297092e-07,-136.661261393
19434375.000,1.47685560348e-07,-136.613239297
19437500.000,1.48436279257e-07,-136.569198807
19440625.000,1.49122454423e-07,-136.529139137
19443750.000,1.49743120571e-07,-136.493062413
19446875.000,1.50297347134e-07,-136.460973700
19450000.000,1.50784238807e-07,-136.432881042
19453125.000,1.51202936079e-07,-136.408795511
19456250.000,1.51552615719e-07,-136.388731271
19459375.000,1.51832491241e-07,-136.372705642
19462500.000,1.52041813329e-07,-136.360739188
19465625.000,1.52179870235e-07,-136.352855811
19468750.000,1.52245988141e-07,-136.349082854
19471875.000,1.52239531494e-07,-136.349451225
19475000.000,1.52159903303e-07,-136.353995528
19478125.000,1.52006545419e-07,-136.362754218
19481250.000,1.51778938775e-07,-136.375769761
19484375.000,1.51476603603e-07,-136.393088823
19487500.000,1.51099099628e-07,-136.414762471
19490625.000,1.50646026233e-07,-136.440846395
19493750.000,1.5011702261e-07,-136.471401158
19496875.000,1.49511767877e-07,-136.506492465
19500000.000,1.48829981188e-07,-136.546191463
19503125.000,1.48071421818e-07,-136.590575068
19506250.000,1.47235889236e-07,-136.639726328
19509375.000,1.46323223156e-07,-136.693734819
19512500.000,1.45333303586e-07,-136.752697087
19515625.000,1.44266050854e-07,-136.816717129
19518750.000,1.43121425627e-07,-136.885906929
19521875.000,1.41899428921e-07,-136.960387047
19525000.000,1.40600102097e-07,-137.040287279
19528125.000,1.39223526855e-07,-137.125747375
19531250.000,1.37769825209e-07,-137.216917852
19534375.000,1.36239159463e-07,-137.313960889
19537500.000,1.3463173217e-07,-137.417051331
19540625.000,1.32947786089e-07,-137.526377807
19543750.000,1.31187604126e-07,-137.642143987
19546875.000,1.29351509267e-07,-137.764569992
19550000.000,1.27439864501e-07,-137.893893979
19553125.000,1.25453072729e-07,-138.030373940
19556250.000,1.23391576657e-07,-138.174289729
19559375.000,1.21255858681e-07,-138.325945371
19562500.000,1.19046440747e-07,-138.485671692
19565625.000,1.16763884201e-07,-138.653829329
19568750.000,1.14408789616e-07,-138.830812180
19571875.000,1.11981796595e-07,-139.017051382
19575000.000,1.09483583565e-07,-139.213019918
19578125.000,1.06914867528e-07,-139.419237956
19581250.000,1.04276403809e-07,-139.636279096
19584375.000,1.0156898576e-07,-139.864777685
19587500.000,9.87934444492e-08,-140.105437451
19590625.000,9.59506483155e-08,-140.359041730
19593750.000,9.30415028018e-08,-140.626465670
19596875.000,9.00669499543e-08,-140.908690881
19600000.000,8.70279679921e-08,-141.206823133
19603125.000,8.39255708558e-08,-141.522113921
19606250.000,8.07608077196e-08,-141.855986923
19609375.000,7.75347624778e-08,-142.210070784
19612500.000,7.42485532058e-08,-142.586240090
19615625.000,7.09033315956e-08,-142.986667155
19618750.000,6.75002823598e-08,-143.413888209
19621875.000,6.40406226192e-08,-143.870889088
19625000.000,6.05256012635e-08,-144.361217751
19628125.000,5.69564982962e-08,-144.889134382
19631250.000,5.3334624151e-08,-145.459815221
19634375.000,4.96613190056e-08,-146.079634995
19637500.000,4.59379520672e-08,-146.756567395
19640625.000,4.21659208533e-08,-147.500768215
19643750.000,3.8346650459e-08,-148.325451305
19646875.000,3.44815928166e-08,-149.248253618
19650000.000,3.05722259479e-08,-150.293458787
19653125.000,2.66200532105e-08,-151.495821615
19656250.000,2.26266025442e-08,-152.907613037
19659375.000,1.8593425713e-08,-154.612811741
19662500.000,1.45220975494e-08,-156.759413006
19665625.000,1.04142151971e-08,-159.647469048
19668750.000,6.27139736002e-09,-164.052713623
19671875.000,2.09528355166e-09,-173.575143926
19675000.000,2.11246665335e-09,-173.504202759
19678125.000,6.35017435796e-09,-163.944287001
19681250.000,1.06161420827e-08,-159.480665553
19684375.000,1.49086545037e-08,-156.531230991
19687500.000,1.92259791765e-08,-154.322230648
19690625.000,2.35663672723e-08,-152.554147166
19693750.000,2.79280542991e-08,-151.079186396
19696875.000,3.23092608352e-08,-149.813459551
19700000.000,3.67081932479e-08,-148.704739813
19703125.000,4.11230444286e-08,-147.718294821
19706250.000,4.55519945268e-08,-146.829852048
19709375.000,4.99932116841e-08,-146.021779245
19712500.000,5.44448527847e-08,-145.280863443
19715625.000,5.8905064205e-08,-144.596947326
19718750.000,6.33719825847e-08,-143.962054116
19721875.000,6.78437355968e-08,-143.369804941
19725000.000,7.23184427409e-08,-142.815018685
19728125.000,7.67942161459e-08,-142.293429764
19731250.000,8.12691613923e-08,-141.801484433
19734375.000,8.57413783446e-08,-141.336190784
19737500.000,9.02089620065e-08,-140.895006288
19740625.000,9.46700033896e-08,-140.475752147
19743750.000,9.91225904001e-08,-140.076547139
19746875.000,1.03564808743e-07,-139.695755850
19750000.000,1.07994742841e-07,-139.331947707
19753125.000,1.12410476766e-07,-138.983864204
19756250.000,1.16810095191e-07,-138.650392443
19759375.000,1.21191684345e-07,-138.330543572
19762500.000,1.25553332979e-07,-138.023435078
19765625.000,1.29893133349e-07,-137.728276136
19768750.000,1.34209182188e-07,-137.444355401
19771875.000,1.38499581691e-07,-137.171030766
19775000.000,1.42762440494e-07,-136.907720730
19778125.000,1.46995874652e-07,-136.653897066
19781250.000,1.51198008598e-07,-136.409078576
19784375.000,1.55366976114e-07,-136.172825736
19787500.000,1.59500921259e-07,-135.944736083
19790625.000,1.63597999302e-07,-135.724440235
19793750.000,1.67656377622e-07,-135.511598429
19796875.000,1.71674236591e-07,-135.305897503
19800000.000,1.75649770426e-07,-135.107048270
19803125.000,1.79581188016e-07,-134.914783194
19806250.000,1.83466713719e-07,-134.728854362
19809375.000,1.87304588125e-07,-134.549031684
19812500.000,1.91093068783e-07,-134.375101303
19815625.000,1.94830430906e-07,-134.206864179
19818750.000,1.98514968033e-07,-134.044134837
19821875.000,2.02144992655e-07,-133.886740243
19825000.000,2.0571883682e-07,-133.734518799
19828125.000,2.09234852702e-07,-133.587319448
19831250.000,2.12691413138e-07,-133.445000865
19834375.000,2.16086912148e-07,-133.307430729
19837500.000,2.1941976542e-07,-133.174485072
19840625.000,2.22688410796e-07,-133.046047681
19843750.000,2.25891308719e-07,-132.922009569
19846875.000,2.29026942689e-07,-132.802268487
19850000.000,2.320938197e-07,-132.686728480
19853125.000,2.35090470686e-07,-132.575299490
19856250.000,2.38015450962e-07,-132.467896989
19859375.000,2.4086734068e-07,-132.364441644
19862500.000,2.4364474529e-07,-132.264859013
19865625.000,2.46346296029e-07,-132.169079265
19868750.000,2.48970650423e-07,-132.077036922
19871875.000,2.51516492823e-07,-131.988670629
19875000.000,2.53982534958e-07,-131.903922930
19878125.000,2.56367516536e-07,-131.822740073
19881250.000,2.58670205865e-07,-131.745071826
19884375.000,2.60889400516e-07,-131.670871303
19887500.000,2.63023928023e-07,-131.600094815
19890625.000,2.65072646606e-07,-131.532701714
19893750.000,2.6703444595e-07,-131.468654269
19896875.000,2.68908247988e-07,-131.407917537
19900000.000,2.70693007729e-07,-131.350459247
19903125.000,2.72387714108e-07,-131.296249698
19906250.000,2.73991390836e-07,-131.245261661
19909375.000,2.75503097277e-07,-131.197470287
19912500.000,2.76921929318e-07,-131.152853026
19915625.000,2.78247020233e-07,-131.111389557
19918750.000,2.79477541525e-07,-131.073061715
19921875.000,2.80612703745e-07,-131.037853434
19925000.000,2.81651757269e-07,-131.005750696
19928125.000,2.82593993021e-07,-130.976741480
19931250.000,2.83438743136e-07,-130.950815730
19934375.000,2.84185381547e-07,-130.927965318
19937500.000,2.84833324476e-07,-130.908184023
19940625.000,2.85382030832e-07,-130.891467517
19943750.000,2.85831002492e-07,-130.877813350
19946875.000,2.86179784461e-07,-130.867220955
19950000.000,2.86427964894e-07,-130.859691654
19953125.000,2.86575174978e-07,-130.855228675
19956250.000,2.86621088656e-07,-130.853837176
19959375.000,2.86565422205e-07,-130.855524280
19962500.000,2.8640793364e-07,-130.860299121
19965625.000,2.86148421956e-07,-130.868172896
19968750.000,2.85786726215e-07,-130.879158930
19971875.000,2.85322724447e-07,-130.893272754
19975000.000,2.84756332415e-07,-130.910532186
19978125.000,2.84087502221e-07,-130.930957433
19981250.000,2.83316220754e-07,-130.954571201
19984375.000,2.82442508038e-07,-130.981398814
19987500.000,2.81466415439e-07,-131.011468354
19990625.000,2.80388023791e-07,-131.044810806
19993750.000,2.79207441449e-07,-131.081460221
19996875.000,2.77924802281e-07,-131.121453893
20000000.000,2.76540263647e-07,-131.164832549
20003125.000,2.75054004384e-07,-131.211640560
20006250.000,2.73466222823e-07,-131.261926158
20009375.000,2.71777134884e-07,-131.315741681
20012500.000,2.69986972277e-07,-131.373143828
20015625.000,2.68095980853e-07,-131.434193933
20018750.000,2.66104419128e-07,-131.498958263
20021875.000,2.64012557045e-07,-131.567508332
20025000.000,2.61820674994e-07,-131.639921237
20028125.000,2.59529063138e-07,-131.716280020
20031250.000,2.57138021073e-07,-131.796674055
20034375.000,2.54647857892e-07,-131.881199456
20037500.000,2.52058892651e-07,-131.969959520
20040625.000,2.49371455297e-07,-132.063065205
20043750.000,2.46585888087e-07,-132.160635627
20046875.000,2.43702547523e-07,-132.262798619
20050000.000,2.40721806835e-07,-132.369691310
20053125.000,2.37644059028e-07,-132.481460767
20056250.000,2.34469720521e-07,-132.598264685
20059375.000,2.31199235383e-07,-132.720272131
20062500.000,2.27833080173e-07,-132.847664368
20065625.000,2.24371769397e-07,-132.980635744
20068750.000,2.2081586156e-07,-133.119394675
20071875.000,2.17165965825e-07,-133.264164725
20075000.000,2.13422749238e-07,-133.415185799
20078125.000,2.0958694452e-07,-133.572715474
20081250.000,2.05659358361e-07,-133.737030470
20084375.000,2.01640880221e-07,-133.908428308
20087500.000,1.97532491554e-07,-134.087229166
20090625.000,1.93335275426e-07,-134.273777971
20093750.000,1.89050426452e-07,-134.468446773
20096875.000,1.84679261004e-07,-134.671637439
20100000.000,1.80223227597e-07,-134.883784737
20103125.000,1.75683917395e-07,-135.105359865
20106250.000,1.71063074727e-07,-135.336874523
20109375.000,1.66362607555e-07,-135.578885623
20112500.000,1.61584597779e-07,-135.832000770
20115625.000,1.56731311278e-07,-136.096884658
20118750.000,1.51805207604e-07,-136.374266598
20121875.000,1.46808949219e-07,-136.664949395
20125000.000,1.41745410157e-07,-136.969819901
20128125.000,1.36617684022e-07,-137.289861624
20131250.000,1.31429091213e-07,-137.626169902
20134375.000,1.26183185275e-07,-137.979970276
20137500.000,1.2088375825e-07,-138.352640927
20140625.000,1.15534844976e-07,-138.745740281
20143750.000,1.10140726187e-07,-139.161041289
20146875.000,1.04705930374e-07,-139.600574398
20150000.000,9.9235234277e-08,-140.066682014
20153125.000,9.37336619716e-08,-140.562088314
20156250.000,8.82064824584e-08,-141.089989932
20159375.000,8.26592056989e-08,-141.654175446
20162500.000,7.70975770567e-08,-142.259185406
20165625.000,7.15275700945e-08,-142.910530568
20168750.000,6.59553777086e-08,-143.614995765
20171875.000,6.03874015706e-08,-144.381073148
20175000.000,5.48302398862e-08,-145.219597081
20178125.000,4.92906734686e-08,-146.144704959
20181250.000,4.37756501517e-08,-147.175347902
20184375.000,3.8292267579e-08,-148.337778300
20187500.000,3.28477544126e-08,-149.669886300
20190625.000,2.74494500209e-08,-151.229327054
20193750.000,2.21047827269e-08,-153.110274990
20196875.000,1.68212466969e-08,-155.482836397
20200000.000,1.160637757e-08,-158.706066108
20203125.000,6.46772694591e-09,-163.784966468
20206250.000,1.41283584423e-09,-176.998165908
20209375.000,3.55079272013e-09,-168.993493584
20212500.000,8.41572190615e-09,-161.498172480
20215625.000,1.31746098144e-08,-157.605244764
20218750.000,1.78202386729e-08,-154.981729672
20221875.000,2.23455442905e-08,-153.016181247
20225000.000,2.67436455961e-08,-151.455587832
20228125.000,3.1007874084e-08,-150.170560164
20231250.000,3.51318029807e-08,-149.085991229
20234375.000,3.91092759547e-08,-148.154404485
20237500.000,4.2934435179e-08,-147.343884921
20240625.000,4.6601748563e-08,-146.631955753
20243750.000,5.01060359662e-08,-146.002199084
20246875.000,5.34424942292e-08,-145.442265620
20250000.000,5.66067208306e-08,-144.942640052
20253125.000,5.95947360174e-08,-144.495841993
20256250.000,6.24030032322e-08,-144.095890176
20259375.000,6.50284477112e-08,-143.737932258
20262500.000,6.74684730891e-08,-143.417982369
20265625.000,6.9720975897e-08,-143.132730852
20268750.000,7.17843578348e-08,-142.879403607
20271875.000,7.36575357131e-08,-142.655656300
20275000.000,7.5339948983e-08,-142.459493564
20278125.000,7.68315647752e-08,-142.289206435
20281250.000,7.81328804027e-08,-142.143323299
20284375.000,7.9244923279e-08,-142.020571014
20287500.000,8.0169248238e-08,-141.919843777
20290625.000,8.09079322452e-08,-141.840177958
20293750.000,8.14635665203e-08,-141.780731604
20296875.000,8.18392460955e-08,-141.740767600
20300000.000,8.2038556868e-08,-141.719639757
20303125.000,8.20655602023e-08,-141.716781231
20306250.000,8.1924775171e-08,-141.731694836
20309375.000,8.16211585323e-08,-141.763944903
20312500.000,8.11600825628e-08,-141.813150397
20315625.000,8.05473108631e-08,-141.878979085
20318750.000,7.9788972294e-08,-141.961142575
20321875.000,7.88915331889e-08,-142.059392074
20325000.000,7.7861768017e-08,-142.173514779
20328125.000,7.67067286676e-08,-142.303330767
20331250.000,7.54337125497e-08,-142.448690350
20334375.000,7.40502296969e-08,-142.609471800
20337500.000,7.25639690806e-08,-142.785579408
20340625.000,7.0982764333e-08,-142.976941832
20343750.000,6.9314559094e-08,-143.183510699
20346875.000,6.75673721868e-08,-143.405259424
20350000.000,6.57492628339e-08,-143.642182240
20353125.000,6.38682961188e-08,-143.894293396
20356250.000,6.19325089054e-08,-144.161626525
20359375.000,5.99498764056e-08,-144.444234158
20362500.000,5.79282795944e-08,-144.742187387
20365625.000,5.58754736603e-08,-145.055575646
20368750.000,5.37990576617e-08,-145.384506626
20371875.000,5.17064455641e-08,-145.729106315
20375000.000,4.96048388073e-08,-146.089519146
20378125.000,4.75012005495e-08,-146.465908277
20381250.000,4.54022317174e-08,-146.858455983
20384375.000,4.33143489774e-08,-147.267364175
20387500.000,4.12436647277e-08,-147.692855044
20390625.000,3.91959691989e-08,-148.135171846
20393750.000,3.71767147295e-08,-148.594579821
20396875.000,3.51910022713e-08,-149.071367278
20400000.000,3.32435701599e-08,-149.565846835
20403125.000,3.13387851702e-08,-150.078356854
20406250.000,2.94806358606e-08,-150.609263070
20409375.000,2.7672728195e-08,-151.158960452
20412500.000,2.59182834105e-08,-151.727875311
20415625.000,2.42201380907e-08,-152.316467701
20418750.000,2.25807463844e-08,-152.925234140
20421875.000,2.10021842973e-08,-153.554710697
20425000.000,1.94861559725e-08,-154.205476511
20428125.000,1.80340018609e-08,-154.878157797
20431250.000,1.66467086728e-08,-155.573432416
20434375.000,1.53249209927e-08,-156.292035116
20437500.000,1.4068954428e-08,-157.034763542
20440625.000,1.28788101574e-08,-157.802485171
20443750.000,1.17541907355e-08,-158.596145325
20446875.000,1.06945170073e-08,-159.416776491
20450000.000,9.6989459809e-09,-160.265509190
20453125.000,8.76638950419e-09,-161.143584738
20456250.000,7.89553359115e-09,-162.052370289
20459375.000,7.08485824176e-09,-162.993376699
20462500.000,6.33265760182e-09,-163.968279861
20465625.000,5.63706031139e-09,-164.978946372
20468750.000,4.99604989326e-09,-166.027464664
20471875.000,4.40748503883e-09,-167.116183065
20475000.000,3.86911965329e-09,-168.247756789
20478125.000,3.37862252981e-09,-169.425206525
20481250.000,2.93359652908e-09,-170.651992338
20484375.000,2.53159714957e-09,-171.932108040
20487500.000,2.17015038256e-09,-173.270203405
20490625.000,1.84676975593e-09,-174.671744928
20493750.000,1.55897248046e-09,-176.143231021
20496875.000,1.30429462337e-09,-177.692485920
20500000.000,1.08030524437e-09,-179.329070312
20503125.000,8.84619440483e-10,-181.064870415
20506250.000,7.14910257121e-10,-182.914969438
20509375.000,5.68919433783e-10,-184.898984617
20512500.000,4.44466963698e-10,-187.043210274
20515625.000,3.39459457464e-10,-189.384241744
20518750.000,2.51897311017e-10,-191.975529371
20521875.000,1.79880688269e-10,-194.900309188
20525000.000,1.21614338221e-10,-198.300304382
20528125.000,7.54112752934e-11,-202.451274294
20531250.000,3.96953599329e-11,-208.025205116
20534375.000,1.300282415e-11,-217.719246216
20537500.000,6.01720638218e-12,-224.412101851
20540625.000,1.86031359377e-11,-214.608276808
20543750.000,2.58822049494e-11,-211.739974563
20546875.000,2.8872611161e-11,-210.790278758
20550000.000,2.84863743895e-11,-210.907256444
20553125.000,2.55328706335e-11,-211.858007104
20556250.000,2.07229592657e-11,-213.670964534
20559375.000,1.46736258002e-11,-216.669251206
20562500.000,7.9130623021e-12,-222.033108298
20565625.000,8.8610783954e-13,-241.050268423
20568750.000,6.04002750882e-12,-224.379221668
20571875.000,1.25698298373e-11,-218.013412030
20575000.000,1.84734120737e-11,-214.669057643
20578125.000,2.35803773939e-11,-212.548984970
20581250.000,2.77736810784e-11,-211.127331115
20584375.000,3.0983552464e-11,-210.177375781
20587500.000,3.31815341542e-11,-209.582070763
20590625.000,3.43746908184e-11,-209.275223988
20593750.000,3.46000348031e-11,-209.218469287
20596875.000,3.39192104211e-11,-209.391085318
20600000.000,3.24134732926e-11,-209.785488586
20603125.000,3.01789955112e-11,-210.405904391
20606250.000,2.7322521815e-11,-211.269584372
20609375.000,2.3957396329e-11,-212.411207650
20612500.000,2.01999739954e-11,-213.892983793
20615625.000,1.61664254567e-11,-215.827719919
20618750.000,1.19699390261e-11,-218.438161237
20621875.000,7.71831852621e-12,-222.249546051
20625000.000,3.51197116423e-12,-229.088981172
20628125.000,5.57724611146e-13,-245.071603813
20631250.000,4.40968522069e-12,-227.111848219
20634375.000,7.97403947717e-12,-221.966432372
20637500.000,1.11927180234e-11,-219.021288744
20640625.000,1.40197378599e-11,-217.065202134
20643750.000,1.64212073167e-11,-215.691898319
20646875.000,1.83750786141e-11,-214.715415884
20650000.000,1.98706764433e-11,-214.035746965
20653125.000,2.09080319019e-11,-213.593736918
20656250.000,2.14970515738e-11,-213.352422032
20659375.000,2.16565515577e-11,-213.288213926
20662500.000,2.14131859399e-11,-213.386374236
20665625.000,2.08002984583e-11,-213.638608668
20668750.000,1.98567250744e-11,-214.041847543
20671875.000,1.86255737953e-11,-214.597806783
20675000.000,1.71530064508e-11,-215.313194981
20678125.000,1.54870452578e-11,-216.200628650
20681250.000,1.36764249236e-11,-217.280548285
20684375.000,1.17695087709e-11,-218.584833262
20687500.000,9.8132850339e-12,-220.163711732
20690625.000,7.85245695428e-12,-222.099888713
20693750.000,5.92863784332e-12,-224.540901563
20696875.000,4.07965970583e-12,-227.787521219
20700000.000,2.33900151938e-12,-232.619389922
20703125.000,7.35340827119e-13,-242.670226415
20706250.000,7.07770106182e-13,-243.002155689
20709375.000,1.97210454759e-12,-234.101401309
20712500.000,3.04484106681e-12,-230.328707431
20715625.000,3.91852787013e-12,-228.137541200
20718750.000,4.59093851665e-12,-226.761970468
20721875.000,5.06482738899e-12,-225.908707019
20725000.000,5.34759464703e-12,-225.436830402
20728125.000,5.45087150663e-12,-225.270681109
20731250.000,5.39003758521e-12,-225.368164129
20734375.000,5.18368269961e-12,-225.707231802
20737500.000,4.85302593715e-12,-226.279747752
20740625.000,4.42130500275e-12,-227.088990487
20743750.000,3.91314881813e-12,-228.149472709
20746875.000,3.3539461043e-12,-229.488878410
20750000.000,2.76922223445e-12,-231.152843801
20753125.000,2.18403600855e-12,-233.214804113
20756250.000,1.6224072085e-12,-235.796802655
20759375.000,1.10678483667e-12,-239.118735989
20762500.000,6.57564866121e-13,-243.641227987
20765625.000,2.92665140398e-13,-250.672580074
20768750.000,2.71637920953e-14,-271.320192043
20771875.000,1.2699378804e-13,-257.924350445
20775000.000,1.61215772252e-13,-255.851849441
20778125.000,7.04102395355e-14,-263.047283564
20781250.000,1.46943842052e-13,-256.656972182
20784375.000,4.88800519374e-13,-246.217366826
20787500.000,9.49623862703e-13,-240.448967614
20790625.000,1.52053505277e-12,-236.360071273
20793750.000,2.1895253623e-12,-233.193000396
20796875.000,2.9417297962e-12,-230.627944412
20800000.000,3.75975520339e-12,-228.496808619
20803125.000,4.62405586753e-12,-226.699538549
20806250.000,5.51334889439e-12,-225.171690475
20809375.000,6.40506118116e-12,-223.869534350
20812500.000,7.27579936026e-12,-222.762385714
20815625.000,8.10183387504e-12,-221.828333322
20818750.000,8.85958824508e-12,-221.051729235
20821875.000,9.52612465433e-12,-220.421674796
20825000.000,1.00796171797e-11,-219.931119239
20828125.000,1.04998043338e-11,-219.576375881
20831250.000,1.0768413057e-11,-219.356965881
20834375.000,1.08695468851e-11,-219.275771196
20837500.000,1.07900317174e-11,-219.339545574
20840625.000,1.05197134023e-11,-219.559921838
20843750.000,1.0051702225e-11,-219.955207711
20846875.000,9.3825603241e-12,-220.553572693
20850000.000,8.51242905295e-12,-221.398929894
20853125.000,7.44509431145e-12,-222.562595928
20856250.000,6.18798892984e-12,-224.169009438
20859375.000,4.75213220149e-12,-226.462229721
20862500.000,3.15200770714e-12,-230.028254585
20865625.000,1.40538155268e-12,-237.044115028
20868750.000,4.66935915174e-13,-246.614854406
20871875.000,2.44138094906e-12,-232.247288974
20875000.000,4.49197502448e-12,-226.951253342
20878125.000,6.59070575054e-12,-223.621361550
20881250.000,8.7079439201e-12,-221.201687530
20884375.000,1.08128900189e-11,-219.321164287
20887500.000,1.28740431011e-11,-217.805700825
20890625.000,1.4859684603e-11,-216.559808168
20893750.000,1.67383694924e-11,-215.525736990
20896875.000,1.84794170497e-11,-214.666234662
20900000.000,2.00533936585e-11,-213.956242414
20903125.000,2.14325800838e-11,-213.378510897
20906250.000,2.259141604e-11,-212.921130929
20909375.000,2.35069152044e-11,-212.576087186
20912500.000,2.41590442937e-11,-212.338404999
20915625.000,2.45310604346e-11,-212.205673552
20918750.000,2.4609801667e-11,-212.177837726
20921875.000,2.43859261699e-11,-212.257214908
20925000.000,2.38540965768e-11,-212.448740535
20928125.000,2.30131065899e-11,-212.760495020
20931250.000,2.18659479538e-11,-213.204633799
20934375.000,2.04198167544e-11,-213.798963191
20937500.000,1.86860589225e-11,-214.569645721
20940625.000,1.66800556774e-11,-215.556050081
20943750.000,1.44210505704e-11,-216.820062004
20946875.000,1.19319206139e-11,-218.465792895
20950000.000,9.23889478588e-12,-220.687599574
20953125.000,6.37122396449e-12,-223.915542562
20956250.000,3.36080703536e-12,-229.471128447
20959375.000,2.41778522299e-13,-252.331645621
20962500.000,2.9499363657e-12,-230.603747045
20965625.000,6.17709293771e-12,-224.184317288
20968750.000,9.40161777898e-12,-220.535948179
20971875.000,1.2585112132e-11,-218.002858212
20975000.000,1.56893608048e-11,-216.087894990
20978125.000,1.8676839462e-11,-214.573932284
20981250.000,2.15112132088e-11,-213.346701904
20984375.000,2.41578195491e-11,-212.338845342
20987500.000,2.65841290096e-11,-211.507551283
20990625.000,2.87601771141e-11,-210.824168875
20993750.000,3.0658961798e-11,-210.268851114
20996875.000,3.22568008558e-11,-209.827574140
21000000.000,3.35336446487e-11,-209.490384843
21003125.000,3.44733398727e-11,-209.250332778
21006250.000,3.5063840983e-11,-209.102810238
21009375.000,3.52973665165e-11,-209.045153909
21012500.000,3.51704984386e-11,-209.076429536
21015625.000,3.46842233453e-11,-209.197360517
21018750.000,3.38439152297e-11,-209.410388028
21021875.000,3.26592603117e-11,-209.719873113
21025000.000,3.11441251927e-11,-210.132477270
21028125.000,2.93163704341e-11,-210.657795986
21031250.000,2.71976123314e-11,-211.309384417
21034375.000,2.48129363942e-11,-212.106436755
21037500.000,2.21905666494e-11,-213.076632153
21040625.000,1.93614954833e-11,-214.261222016
21043750.000,1.63590792363e-11,-215.724822881
21046875.000,1.32186051802e-11,-217.576287379
21050000.000,9.97683588703e-12,-220.020143432
21053125.000,6.67153722938e-12,-223.515481723
21056250.000,3.34099643805e-12,-229.522479748
21059375.000,2.35367398752e-14,-272.565073848
21062500.000,3.24296493748e-12,-229.781154937
21065625.000,6.42155078104e-12,-223.847201575
21068750.000,9.47663919431e-12,-220.466913081
21071875.000,1.23744602618e-11,-218.149474693
21075000.000,1.50834639275e-11,-216.429978220
21078125.000,1.75746957448e-11,-215.102243696
21081250.000,1.98221354641e-11,-214.056991205
21084375.000,2.1802994331e-11,-213.229677163
21087500.000,2.34979675385e-11,-212.579394010
21090625.000,2.48914389241e-11,-212.078999939
21093750.000,2.5971635684e-11,-211.710013956
21096875.000,2.67307315714e-11,-211.459783105
21100000.000,2.71648977574e-11,-211.319838504
21103125.000,2.72743012583e-11,-211.284927336
21106250.000,2.70630515366e-11,-211.352464709
21109375.000,2.65390965788e-11,-211.522277302
21112500.000,2.57140704248e-11,-211.796583420
21115625.000,2.46030947502e-11,-212.180205217
21118750.000,2.32245377281e-11,-212.681058433
21121875.000,2.159973387e-11,-213.311031995
21125000.000,1.97526691123e-11,-214.087484226
21128125.000,1.77096357737e-11,-215.035807413
21131250.000,1.54988623806e-11,-216.194003559
21134375.000,1.31501236552e-11,-217.621403267
21137500.000,1.06943361216e-11,-219.416923404
21140625.000,8.16314496187e-12,-221.762849824
21143750.000,5.58850774834e-12,-225.054082852
21146875.000,3.00228069531e-12,-230.450974125
21150000.000,4.35812928658e-13,-247.213997806
21153125.000,2.08044589804e-12,-233.636871471
21156250.000,4.51731955528e-12,-226.902383727
21159375.000,6.84725602225e-12,-223.289668667
21162500.000,9.0446507148e-12,-220.872164000
21165625.000,1.10861382403e-11,-219.104394204
21168750.000,1.29508492256e-11,-217.754035053
21171875.000,1.46206293047e-11,-216.700678679
21175000.000,1.60802179079e-11,-215.874161406
21178125.000,1.7317385087e-11,-215.230353711
21181250.000,1.83230252074e-11,-214.740056419
21184375.000,1.90912069645e-11,-214.383332284
21187500.000,1.96191797567e-11,-214.146383073
21190625.000,1.99073371099e-11,-214.019736583
21193750.000,1.9959138367e-11,-213.997164221
21196875.000,1.97809904584e-11,-214.075039331
21200000.000,1.93820920831e-11,-214.251986949
21203125.000,1.87742431091e-11,-214.528751254
21206250.000,1.79716224562e-11,-214.908254271
21209375.000,1.69905380951e-11,-215.395857334
21212500.000,1.58491531466e-11,-215.999878762
21215625.000,1.45671923193e-11,-216.732482922
21218750.000,1.31656331435e-11,-217.611165011
21221875.000,1.16663865945e-11,-218.661272725
21225000.000,1.00919717769e-11,-219.920479454
21228125.000,8.46518934098e-12,-221.447266472
21231250.000,6.80879826015e-12,-223.338590669
21234375.000,5.1452004542e-12,-225.771954014
21237500.000,3.49613757787e-12,-229.128229712
21240625.000,1.88240403754e-12,-234.505743086
21243750.000,3.23580000851e-13,-249.800366564
21246875.000,1.16221217186e-12,-238.694291610
21250000.000,2.55852505299e-12,-231.840206521
21253125.000,3.85077422259e-12,-228.289038881
21256250.000,5.02639516104e-12,-225.974867428
21259375.000,6.07496729485e-12,-224.329121116
21262500.000,6.98830404792e-12,-223.112564159
21265625.000,7.76050825047e-12,-222.202196701
21268750.000,8.3879927751e-12,-221.526839046
21271875.000,8.86946677514e-12,-221.042049776
21275000.000,9.20588839501e-12,-220.718685889
21278125.000,9.40038529742e-12,-220.537086909
21281250.000,9.45814479941e-12,-220.483880829
21284375.000,9.38627582763e-12,-220.550133753
21287500.000,9.19364527813e-12,-220.730245136
21290625.000,8.89069170414e-12,-221.021288984
21293750.000,8.48921954047e-12,-221.422644699
21296875.000,8.00217731307e-12,-221.935836594
21300000.000,7.44342345879e-12,-222.564545463
21303125.000,6.82748351683e-12,-223.314786794
21306250.000,6.16930251462e-12,-224.195278668
21309375.000,5.48399638786e-12,-225.218056799
21312500.000,4.78660623158e-12,-226.399445963
21315625.000,4.09185907591e-12,-227.761586637
21318750.000,3.41393872887e-12,-229.334885552
21321875.000,2.76627002534e-12,-231.162108583
21325000.000,2.16131956937e-12,-233.305620285
21328125.000,1.61041576413e-12,-235.861239737
21331250.000,1.12359059197e-12,-238.987838118
21334375.000,7.0944524273e-13,-242.981622383
21337500.000,3.75041296439e-13,-248.518418175
21340625.000,1.25818755834e-13,-258.005092273
21343750.000,3.44582054819e-14,-269.254146871
21346875.000,1.03727345398e-13,-259.682134730
21350000.000,8.16263119678e-14,-261.763396506
21353125.000,3.05371056334e-14,-270.303442572
21356250.000,2.29841576418e-13,-252.771428166
21359375.000,5.11834416317e-13,-245.817410300
21362500.000,8.70637725791e-13,-241.203250365
21365625.000,1.29907648307e-12,-237.727305582
21368750.000,1.78882628285e-12,-234.948636655
21371875.000,2.33057812948e-12,-232.650726667
21375000.000,2.9142174559e-12,-230.709560895
21378125.000,3.52901434541e-12,-229.046931525
21381250.000,4.16382178999e-12,-227.610157328
21384375.000,4.80727871986e-12,-226.362013946
21387500.000,5.44801449451e-12,-225.275234913
21390625.000,6.0748515512e-12,-224.329286606
21393750.000,6.6770029589e-12,-223.508368626
21396875.000,7.24426173317e-12,-222.800117343
21400000.000,7.76717891724e-12,-222.194733815
21403125.000,8.23722762702e-12,-221.684378652
21406250.000,8.64695050246e-12,-221.262740541
21409375.000,8.99008827347e-12,-220.924720878
21412500.000,9.26168746293e-12,-220.666197569
21415625.000,9.45818558007e-12,-220.483843378
21418750.000,9.57747252384e-12,-220.374981705
21421875.000,9.61892728291e-12,-220.337467169
21425000.000,9.58342941746e-12,-220.369581028
21428125.000,9.47334519502e-12,-220.469932747
21431250.000,9.29248865501e-12,-220.637359209
21434375.000,9.04605825716e-12,-220.870812394
21437500.000,8.74055015621e-12,-221.169224614
21440625.000,8.38364949612e-12,-221.531337740
21443750.000,7.98410146469e-12,-221.955479050
21446875.000,7.55156415176e-12,-222.439261677
21450000.000,7.0964455396e-12,-222.979182516
21453125.000,6.62972719173e-12,-223.570086842
21456250.000,6.16277741478e-12,-224.204470354
21459375.000,5.70715682464e-12,-224.871603870
21462500.000,5.27441936849e-12,-225.556506849
21465625.000,4.87591192225e-12,-226.238882960
21468750.000,4.52257560799e-12,-226.892283278
21471875.000,4.22475195165e-12,-227.483975695
21475000.000,3.99199692987e-12,-227.976196028
21478125.000,3.83290583998e-12,-228.329436992
21481250.000,3.75495176682e-12,-228.507912745
21484375.000,3.76434021765e-12,-228.486222647
21487500.000,3.86588225845e-12,-228.255027545
21490625.000,4.06288820957e-12,-227.823302543
21493750.000,4.35708365441e-12,-227.216082034
21496875.000,4.7485491839e-12,-226.468781187
21500000.000,5.23568494755e-12,-225.620529892
21503125.000,5.81520071427e-12,-224.708705816
21506250.000,6.48213176792e-12,-223.765642899
21509375.000,7.22988057898e-12,-222.817377524
21512500.000,8.05028381121e-12,-221.883776168
21515625.000,8.9337038465e-12,-220.979368971
21518750.000,9.86914364595e-12,-220.114410596
21521875.000,1.08443834173e-11,-219.295902715
21525000.000,1.18461372349e-11,-218.528464809
21528125.000,1.28602274576e-11,-217.815027000
21531250.000,1.38717745255e-11,-217.157359578
21534375.000,1.48653994783e-11,-216.556468310
21537500.000,1.58254363522e-11,-216.012886128
21540625.000,1.67361514477e-11,-215.526888056
21543750.000,1.75819663648e-11,-215.098651102
21546875.000,1.83476816195e-11,-214.728376093
21550000.000,1.90186976545e-11,-214.416384512
21553125.000,1.95812300655e-11,-214.163200598
21556250.000,2.00225159519e-11,-213.969627033
21559375.000,2.03310084035e-11,-213.836821603
21562500.000,2.04965563072e-11,-213.766382001
21565625.000,2.05105668406e-11,-213.760446742
21568750.000,2.03661482747e-11,-213.821821974
21571875.000,2.00582309653e-11,-213.954147444
21575000.000,1.95836647176e-11,-214.162120696
21578125.000,1.89412910389e-11,-214.451808456
21581250.000,1.81319891411e-11,-214.831090994
21584375.000,1.71586949133e-11,-215.310314952
21587500.000,1.60263924717e-11,-215.903284520
21590625.000,1.47420782675e-11,-216.628825748
21593750.000,1.33146981104e-11,-217.513373521
21596875.000,1.17550578608e-11,-218.595504577
21600000.000,1.00757088839e-11,-219.934487780
21603125.000,8.2908097314e-12,-221.628061030
21606250.000,6.41596583425e-12,-223.854759148
21609375.000,4.46804929892e-12,-226.997640873
21612500.000,2.46500117346e-12,-232.163657393
21615625.000,4.25618793235e-13,-247.419584080
21618750.000,1.63066897712e-12,-235.752683820
21621875.000,3.68403562862e-12,-228.673523567
21625000.000,5.71449690792e-12,-224.860439959
21628125.000,7.70215355001e-12,-222.267756551
21631250.000,9.62743361725e-12,-220.329789345
21634375.000,1.14713312255e-11,-218.807723603
21637500.000,1.32156384969e-11,-217.578236993
21640625.000,1.48431676675e-11,-216.569468135
21643750.000,1.63379604194e-11,-215.736043208
21646875.000,1.76854816842e-11,-215.047662144
21650000.000,1.88727953818e-11,-214.483275374
21653125.000,1.98887198042e-11,-214.027863412
21656250.000,2.07239606432e-11,-213.670544823
21659375.000,2.13712199549e-11,-213.403413717
21662500.000,2.1825279702e-11,-213.220803638
21665625.000,2.20830588428e-11,-213.118815406
21668750.000,2.21436433137e-11,-213.095018454
21671875.000,2.2008288606e-11,-213.148274549
21675000.000,2.16803950196e-11,-213.278656183
21678125.000,2.11654560358e-11,-213.487447394
21681250.000,2.04709806154e-11,-213.777227059
21684375.000,1.96063905765e-11,-214.152047002
21687500.000,1.85828945312e-11,-214.617732759
21690625.000,1.74133401768e-11,-215.182358316
21693750.000,1.61120470081e-11,-215.856985594
21696875.000,1.46946217778e-11,-216.656831753
21700000.000,1.31777592421e-11,-217.603168626
21703125.000,1.15790309201e-11,-218.726555727
21706250.000,9.91666472667e-12,-220.072687392
21709375.000,8.20931845236e-12,-221.713857941
21712500.000,6.47585011736e-12,-223.774064230
21715625.000,4.7350882493e-12,-226.493438450
21718750.000,3.00560511024e-12,-230.441361591
21721875.000,1.30549583172e-12,-237.684490210
21725000.000,3.47833681936e-13,-249.172567321
21728125.000,1.93786737968e-12,-234.253518955
21731250.000,3.44916567791e-12,-229.245718883
21734375.000,4.86753575543e-12,-226.253816992
21737500.000,6.18018344939e-12,-224.179972667
21740625.000,7.37584495947e-12,-222.643764415
21743750.000,8.44489684475e-12,-221.468113020
21746875.000,9.37944312388e-12,-220.556458916
21750000.000,1.01733786106e-11,-219.850695852
21753125.000,1.08224279473e-11,-219.313505938
21756250.000,1.13241601493e-11,-218.919879947
21759375.000,1.16779788004e-11,-218.652646350
21762500.000,1.1885088383e-11,-218.499951686
21765625.000,1.19484375459e-11,-218.453777643
21768750.000,1.18726404256e-11,-218.509053701
21771875.000,1.16638774199e-11,-218.663141063
21775000.000,1.13297770935e-11,-218.915572691
21778125.000,1.08792811223e-11,-219.267996017
21781250.000,1.03224944087e-11,-219.724306874
21784375.000,9.6705226665e-12,-220.291001056
21787500.000,8.93529993333e-12,-220.977817297
21790625.000,8.12940856378e-12,-221.798820987
21793750.000,7.26589433087e-12,-222.774218449
21796875.000,6.35807930928e-12,-223.933481182
21800000.000,5.41937518122e-12,-225.321015638
21803125.000,4.46309958831e-12,-227.007268447
21806250.000,3.50229805478e-12,-229.112937942
21809375.000,2.54957389911e-12,-231.870647911
21812500.000,1.61692839657e-12,-235.826184236
21815625.000,7.15613277457e-13,-242.906432203
21818750.000,1.44002566328e-13,-256.832595362
21821875.000,9.52550522482e-13,-240.422239609
21825000.000,1.7017624673e-12,-235.382021180
21828125.000,2.38455262229e-12,-232.451861782
21831250.000,2.99508023558e-12,-230.471830775
21834375.000,3.5287925496e-12,-229.047477443
21837500.000,3.98244781842e-12,-227.996998120
21840625.000,4.35411843843e-12,-227.221995234
21843750.000,4.64317454121e-12,-226.663699810
21846875.000,4.85024869234e-12,-226.284719855
21850000.000,4.97718260039e-12,-226.060328516
21853125.000,5.02695700452e-12,-225.973896585
21856250.000,5.00360613542e-12,-226.014337672
21859375.000,4.91211835666e-12,-226.174623550
21862500.000,4.75832478214e-12,-226.450918365
21865625.000,4.54877780617e-12,-226.842105532
21868750.000,4.29062162218e-12,-227.349595660
21871875.000,3.99145688186e-12,-227.977371158
21875000.000,3.65920171025e-12,-228.732272995
21878125.000,3.30195131109e-12,-229.624586698
21881250.000,2.92783838509e-12,-230.669057995
21884375.000,2.54489653664e-12,-231.886597386
21887500.000,2.16092876503e-12,-233.307190988
21890625.000,1.78338302504e-12,-234.975107429
21893750.000,1.41923670307e-12,-236.958903320
21896875.000,1.07489168566e-12,-239.372705928
21900000.000,7.5608150805e-13,-242.428627672
21903125.000,4.67791857661e-13,-246.598946835
21906250.000,2.14195475878e-13,-253.383794127
21909375.000,1.39773767566e-15,-297.091486568
21912500.000,1.76574873477e-13,-255.061421925
21915625.000,3.09838121258e-13,-250.177302988
21918750.000,4.00606814426e-13,-247.945633350
21921875.000,4.49203640096e-13,-246.951134662
21925000.000,4.56825498051e-13,-246.804993272
21928125.000,4.25499735558e-13,-247.422014110
21931250.000,3.58026711592e-13,-248.921691408
21934375.000,2.57909856253e-13,-251.770641212
21937500.000,1.29274581025e-13,-257.769737222
21940625.000,2.32224376797e-14,-272.681843879
21943750.000,1.94491937657e-13,-254.221967939
21946875.000,3.79116937254e-13,-248.424536256
21950000.000,5.71461927948e-13,-244.860253959
21953125.000,7.65784481925e-13,-242.317868771
21956250.000,9.56347340042e-13,-240.387686915
21959375.000,1.13752905866e-12,-238.880750006
21962500.000,1.30393133205e-12,-237.694905578
21965625.000,1.450481182e-12,-236.769758024
21968750.000,1.57252630604e-12,-236.068041614
21971875.000,1.66592200292e-12,-235.566906715
21975000.000,1.72710825034e-12,-235.253608824
21978125.000,1.75317568116e-12,-235.123491244
21981250.000,1.74191940513e-12,-235.179438855
21984375.000,1.69187982918e-12,-235.432609745
21987500.000,1.60236985906e-12,-235.904744656
21990625.000,1.47348809416e-12,-236.633067378
21993750.000,1.30611786894e-12,-237.680352579
21996875.000,1.1019122344e-12,-239.157059900
22000000.000,8.63265207835e-13,-241.277115242
22003125.000,5.93269854846e-13,-244.534954368
22006250.000,2.95663984771e-13,-250.584031485
22009375.000,2.52355508489e-14,-271.959744218
22012500.000,3.64608776677e-13,-248.763457629
22015625.000,7.1721737913e-13,-242.886983909
22018750.000,1.07749686374e-12,-239.351679705
22021875.000,1.43965446618e-12,-236.834834623
22025000.000,1.7977711056e-12,-234.905312080
22028125.000,2.14590560367e-12,-233.367787723
22031250.000,2.47819935813e-12,-232.117275197
22034375.000,2.78897965461e-12,-231.091093077
22037500.000,3.07285982613e-12,-230.249145008
22040625.000,3.32483452678e-12,-229.564599283
22043750.000,3.54036847275e-12,-229.019030707
22046875.000,3.7154771124e-12,-228.599708193
22050000.000,3.84679783345e-12,-228.298012744
22053125.000,3.9316504732e-12,-228.108501965
22056250.000,3.96808608211e-12,-228.028378300
22059375.000,3.95492309709e-12,-228.057239138
22062500.000,3.89177029207e-12,-228.197056029
22065625.000,3.77903610568e-12,-228.452379175
22068750.000,3.61792417575e-12,-228.830810786
22071875.000,3.4104151558e-12,-229.343855007
22075000.000,3.15923511583e-12,-230.008361039
22078125.000,2.86781107226e-12,-230.848989257
22081250.000,2.54021441073e-12,-231.902592491
22084375.000,2.1810931733e-12,-233.226515631
22087500.000,1.79559438753e-12,-234.915835215
22090625.000,1.3892777776e-12,-237.144218221
22093750.000,9.68022360981e-13,-240.282292210
22096875.000,5.37927554415e-13,-245.385524183
22100000.000,1.05210519121e-13,-259.558816731
22103125.000,3.23898460291e-13,-249.791822330
22106250.000,7.4326072576e-13,-242.577176298
22109375.000,1.14693227896e-12,-238.809244488
22112500.000,1.52926327955e-12,-236.310354791
22115625.000,1.88499224541e-12,-234.493808642
22118750.000,2.20933327703e-12,-233.114775321
22121875.000,2.49805474916e-12,-232.047960951
22125000.000,2.74754805818e-12,-231.221094049
22128125.000,2.95488518126e-12,-230.589187799
22131250.000,3.11786400386e-12,-230.122856639
22134375.000,3.23504058134e-12,-229.802405341
22137500.000,3.30574773477e-12,-229.614605820
22140625.000,3.33009962314e-12,-229.550855479
22143750.000,3.30898218488e-12,-229.606111420
22146875.000,3.24402959993e-12,-229.778303835
22150000.000,3.13758717649e-12,-230.068083973
22153125.000,2.99266131848e-12,-230.478848596
22156250.000,2.81285746978e-12,-231.017045468
22159375.000,2.60230716091e-12,-231.692828864
22162500.000,2.3655854891e-12,-232.521227050
22165625.000,2.10762055568e-12,-233.524151488
22168750.000,1.83359654094e-12,-234.733924380
22171875.000,1.54885223449e-12,-236.199800267
22175000.000,1.25877693771e-12,-238.001024450
22178125.000,9.68705724266e-13,-240.276162679
22181250.000,6.83816074394e-13,-243.301213890
22184375.000,4.09027897823e-13,-247.764941397
22187500.000,1.48908912276e-13,-256.541586174
22190625.000,9.24127296403e-14,-260.685364032
22193750.000,3.11326792148e-13,-250.135670064
22196875.000,5.04808664198e-13,-245.937463995
22200000.000,6.70474983416e-13,-243.472348436
22203125.000,8.0662595447e-13,-241.866556160
22206250.000,9.12273379942e-13,-240.797499953
22209375.000,9.8715368684e-13,-240.112304563
22212500.000,1.03172551918e-12,-239.728716546
22215625.000,1.04715176245e-12,-239.599807440
22218750.000,1.03526617705e-12,-239.698959490
22221875.000,9.98525126583e-13,-240.012820044
22225000.000,9.39945199171e-13,-240.537949319
22228125.000,8.63027820667e-13,-241.279504082
22231250.000,7.71672247956e-13,-242.251342364
22234375.000,6.70078600411e-13,-243.477485029
22237500.000,5.62642831308e-13,-244.995344203
22240625.000,4.53845757587e-13,-246.861834397
22243750.000,3.48138444355e-13,-249.164960313
22246875.000,2.49826382652e-13,-252.047234007
22250000.000,1.62954994759e-13,-255.758646467
22253125.000,9.11990528879e-14,-260.800193437
22256250.000,3.77585970356e-14,-268.459683016
22259375.000,5.26388898487e-15,-285.573865571
22262500.000,4.30816368151e-15,-287.314156095
22265625.000,1.02961665517e-14,-279.746488817
22268750.000,4.95534250709e-14,-266.098526445
22271875.000,1.13126615194e-13,-258.928704140
22275000.000,1.99847995375e-13,-253.986004074
22278125.000,3.07722202239e-13,-250.236823363
22281250.000,4.33950481696e-13,-247.251196504
22284375.000,5.74976391682e-13,-244.806999738
22287500.000,7.26552891196e-13,-242.774655294
22290625.000,8.83830262421e-13,-241.072622645
22293750.000,1.04146383213e-12,-239.647116152
22296875.000,1.1937399684e-12,-238.461805300
22300000.000,1.33471834846e-12,-237.492207384
22303125.000,1.45838801983e-12,-236.722538238
22306250.000,1.55883432663e-12,-236.144000786
22309375.000,1.63041335634e-12,-235.754045512
22312500.000,1.6679301787e-12,-235.556442667
22315625.000,1.66681682296e-12,-235.562242498
22318750.000,1.6233056627e-12,-235.791993927
22321875.000,1.53459367381e-12,-236.280131929
22325000.000,1.39899289707e-12,-237.083689810
22328125.000,1.21606238372e-12,-238.300882906
22331250.000,9.86716937288e-13,-240.116148339
22334375.000,7.1330808937e-13,-242.934457015
22337500.000,3.99672966117e-13,-247.965904529
22340625.000,5.11470227831e-14,-265.823592821
22343750.000,3.25462963538e-13,-249.749968507
22346875.000,7.21948734667e-13,-242.829872809
22350000.000,1.12881570842e-12,-238.947539113
22353125.000,1.53544522746e-12,-236.275313423
22356250.000,1.93030488332e-12,-234.287481813
22359375.000,2.30120702233e-12,-232.760886187
22362500.000,2.63561458995e-12,-231.582361940
22365625.000,2.92099245556e-12,-230.689391295
22368750.000,3.1452012899e-12,-230.047031098
22371875.000,3.2969299557e-12,-229.637805590
22375000.000,3.36616123613e-12,-229.457301711
22378125.000,3.34466456593e-12,-229.512948616
22381250.000,3.22650828599e-12,-229.825344305
22384375.000,3.00858280218e-12,-230.432760627
22387500.000,2.69112493436e-12,-231.401322797
22390625.000,2.27823269324e-12,-232.848038404
22393750.000,1.77835874644e-12,-234.999612495
22396875.000,1.20476994665e-12,-238.381917492
22400000.000,5.75959509081e-13,-244.792160943
22403125.000,8.40022349379e-14,-261.514183182
22406250.000,7.45193108752e-13,-242.554623399
22409375.000,1.37165535491e-12,-237.255099934
22412500.000,1.92131806873e-12,-234.328014659
22415625.000,2.34604099839e-12,-232.593288052
22418750.000,2.5917947442e-12,-231.727987903
22421875.000,2.5989920198e-12,-231.703901080
22425000.000,2.30298406341e-12,-232.754181347
22428125.000,1.63473550008e-12,-235.731050122
22431250.000,5.21689950435e-13,-245.651750584
22434375.000,1.11116253906e-12,-239.084448170
22437500.000,3.34000660029e-12,-229.525053499
22440625.000,6.24070318469e-12,-224.095329450
22443750.000,9.88706558636e-12,-220.098651698
22446875.000,1.43489057274e-11,-216.863624354
22450000.000,1.96898488023e-11,-214.115152376
22453125.000,2.59649167526e-11,-211.712261310
22456250.000,3.32178835663e-11,-209.572560830
22459375.000,4.14784080472e-11,-207.643558406
22462500.000,5.07589524374e-11,-205.889746989
22465625.000,6.10514981138e-11,-204.286073493
22468750.000,7.23240724455e-11,-202.814342549
22471875.000,8.45171038038e-11,-201.461107872
22475000.000,9.75396245965e-11,-200.216378404
22478125.000,1.11265345046e-10,-199.072801619
22481250.000,1.25528623247e-10,-198.025144687
22484375.000,1.40120359629e-10,-197.069975134
22487500.000,1.54783846605e-10,-196.205487294
22490625.000,1.69210606449e-10,-195.431448360
22493750.000,1.83036252703e-10,-194.749257682
22496875.000,1.95836412295e-10,-194.162131114
22500000.000,2.07122747264e-10,-193.675444042
22503125.000,2.16339116395e-10,-193.297298969
22506250.000,2.22857918106e-10,-193.039438618
22509375.000,2.25976656697e-10,-192.918728420
22512500.000,2.24914774492e-10,-192.959640303
22515625.000,2.1881079232e-10,-193.198625225
22518750.000,2.06719800549e-10,-193.692358454
22521875.000,1.87611341931e-10,-194.534818203
22525000.000,1.60367726474e-10,-195.897660555
22528125.000,1.23782816897e-10,-198.146792768
22531250.000,7.65613211408e-11,-202.319811620
22534375.000,1.73186262009e-11,-215.229731227
22537500.000,5.54187956885e-11,-205.126858323
22540625.000,1.43212380086e-10,-196.880388751
22543750.000,2.47709838383e-10,-192.121134881
22546875.000,3.70642880137e-10,-188.620886761
22550000.000,5.13824273353e-10,-185.783707665
22553125.000,6.79144231072e-10,-183.360759681
22556250.000,8.68566116916e-10,-181.223942333
22559375.000,1.0841214683e-09,-179.298441108
22562500.000,1.32790433984e-09,-177.536664195
22565625.000,1.60206497602e-09,-175.906397478
22568750.000,1.90880282741e-09,-174.384778608
22571875.000,2.25035892907e-09,-172.954964140
22575000.000,2.62900766803e-09,-171.604162944
22578125.000,3.04704796824e-09,-170.322414177
22581250.000,3.50679393103e-09,-169.101795074
22584375.000,4.01056497106e-09,-167.935888874
22587500.000,4.56067549454e-09,-166.819416560
22590625.000,5.15942417081e-09,-165.747975322
22593750.000,5.80908285268e-09,-164.717848586
22596875.000,6.51188520585e-09,-163.725865279
22600000.000,7.27001511031e-09,-162.769293730
22603125.000,8.08559490156e-09,-161.845760423
22606250.000,8.96067352079e-09,-160.953186915
22609375.000,9.8972146472e-09,-160.089740216
22612500.000,1.08970848859e-08,-159.253793321
22615625.000,1.1962042088e-08,-158.443893477
22618750.000,1.30937238782e-08,-157.658736435
22621875.000,1.42936364679e-08,-156.897145351
22625000.000,1.55631438287e-08,-156.158053379
22628125.000,1.69034573027e-08,-155.440489181
22631250.000,1.8315625722e-08,-154.743564796
22634375.000,1.98005261113e-08,-154.066465403
22637500.000,2.13588550377e-08,-153.408440636
22640625.000,2.29911206787e-08,-152.768797179
22643750.000,2.46976356651e-08,-152.146892406
22646875.000,2.64785107573e-08,-151.542128895
22650000.000,2.83336494079e-08,-150.953949685
22653125.000,3.02627432551e-08,-150.381834133
22656250.000,3.22652685892e-08,-149.825294306
22659375.000,3.43404838253e-08,-149.283871807
22662500.000,3.64874280098e-08,-148.757134977
22665625.000,3.87049203855e-08,-148.244676431
22668750.000,4.09915610222e-08,-147.746110855
22671875.000,4.33457325254e-08,-147.261073065
22675000.000,4.57656028209e-08,-146.789216255
22678125.000,4.82491290055e-08,-146.330210443
22681250.000,5.07940622517e-08,-145.883741062
22684375.000,5.33979537383e-08,-145.449507705
22687500.000,5.60581615859e-08,-145.027222979
22690625.000,5.87718587484e-08,-144.616611477
22693750.000,6.1536041831e-08,-144.217408844
22696875.000,6.43475407708e-08,-143.829360925
22700000.000,6.72030293365e-08,-143.452222993
22703125.000,7.00990363755e-08,-143.085759041
22706250.000,7.3031957749e-08,-142.729741144
22709375.000,7.59980688808e-08,-142.383948861
22712500.000,7.89935378424e-08,-142.048168704
22715625.000,8.20144389e-08,-141.722193640
22718750.000,8.50567664382e-08,-141.405822633
22721875.000,8.81164491768e-08,-141.098860238
22725000.000,9.11893645947e-08,-140.801116209
22728125.000,9.42713534782e-08,-140.512405152
22731250.000,9.73582344955e-08,-140.232546205
22734375.000,1.00445818728e-07,-139.961362740
22737500.000,1.03529924054e-07,-139.698682091
22740625.000,1.06606389314e-07,-139.444335313
22743750.000,1.09671088171e-07,-139.198156948
22746875.000,1.12719942586e-07,-138.959984822
22750000.000,1.15748935834e-07,-138.729659862
22753125.000,1.18754124993e-07,-138.507025919
22756250.000,1.21731652828e-07,-138.291929625
22759375.000,1.24677759023e-07,-138.084220248
22762500.000,1.27588790697e-07,-137.883749577
22765625.000,1.30461212146e-07,-137.690371813
22768750.000,1.33291613779e-07,-137.503943479
22771875.000,1.3607672021e-07,-137.324323337
22775000.000,1.38813397457e-07,-137.151372326
22778125.000,1.41498659245e-07,-136.984953505
22781250.000,1.44129672378e-07,-136.824932011
22784375.000,1.46703761183e-07,-136.671175032
22787500.000,1.4921841101e-07,-136.523551780
22790625.000,1.51671270795e-07,-136.381933489
22793750.000,1.54060154698e-07,-136.246193408
22796875.000,1.56383042822e-07,-136.116206817
22800000.000,1.58638081052e-07,-135.991851043
22803125.000,1.6082358002e-07,-135.873005490
22806250.000,1.6293801325e-07,-135.759551669
22809375.000,1.64980014497e-07,-135.651373251
22812500.000,1.66948374358e-07,-135.548356110
22815625.000,1.68842036161e-07,-135.450388382
22818750.000,1.7066009122e-07,-135.357360531
22821875.000,1.72401773486e-07,-135.269165419
22825000.000,1.74066453662e-07,-135.185698374
22828125.000,1.75653632846e-07,-135.106857275
22831250.000,1.77162935746e-07,-135.032542634
22834375.000,1.78594103554e-07,-134.962657677
22837500.000,1.79946986521e-07,-134.897108437
22840625.000,1.8122153631e-07,-134.835803843
22843750.000,1.82417798181e-07,-134.778655812
22846875.000,1.83535903081e-07,-134.725579338
22850000.000,1.84576059682e-07,-134.676492591
22853125.000,1.85538546456e-07,-134.631317001
22856250.000,1.86423703802e-07,-134.589977357
22859375.000,1.8723192632e-07,-134.552401889
22862500.000,1.87963655259e-07,-134.518522360
22865625.000,1.88619371186e-07,-134.488274146
22868750.000,1.89199586934e-07,-134.461596322
22871875.000,1.89704840861e-07,-134.438431734
22875000.000,1.90135690445e-07,-134.418727078
22878125.000,1.90492706276e-07,-134.402432965
22881250.000,1.90776466428e-07,-134.389503990
22884375.000,1.90987551283e-07,-134.379898790
22887500.000,1.91126538784e-07,-134.373580100
22890625.000,1.91194000153e-07,-134.370514808
22893750.000,1.91190496075e-07,-134.370673999
22896875.000,1.91116573359e-07,-134.374032998
22900000.000,1.90972762064e-07,-134.380571412
22903125.000,1.90759573103e-07,-134.390273163
22906250.000,1.90477496302e-07,-134.403126521
22909375.000,1.90126998913e-07,-134.419124139
22912500.000,1.89708524566e-07,-134.438263072
22915625.000,1.8922249263e-07,-134.460544817
22918750.000,1.88669297986e-07,-134.485975330
22921875.000,1.88049311166e-07,-134.514565062
22925000.000,1.87362878841e-07,-134.546328985
22928125.000,1.86610324644e-07,-134.581286632
22931250.000,1.85791950279e-07,-134.619462128
22934375.000,1.84908036895e-07,-134.660884243
22937500.000,1.83958846703e-07,-134.705586436
22940625.000,1.82944624799e-07,-134.753606925
22943750.000,1.81865601146e-07,-134.804988750
22946875.000,1.80721992723e-07,-134.859779867
22950000.000,1.7951400577e-07,-134.918033238
22953125.000,1.78241838124e-07,-134.979806956
22956250.000,1.7690568161e-07,-135.045164376
22959375.000,1.75505724461e-07,-135.114174272
22962500.000,1.74042153738e-07,-135.186911021
22965625.000,1.72515157736e-07,-135.263454808
22968750.000,1.70924928338e-07,-135.343891870
22971875.000,1.69271663306e-07,-135.428314766
22975000.000,1.67555568494e-07,-135.516822687
22978125.000,1.65776859962e-07,-135.609521815
22981250.000,1.6393576597e-07,-135.706525716
22984375.000,1.62032528852e-07,-135.807955798
22987500.000,1.60067406761e-07,-135.913941819
22990625.000,1.58040675259e-07,-136.024622468
22993750.000,1.55952628765e-07,-136.140146006
22996875.000,1.53803581858e-07,-136.260671007
23000000.000,1.51593870415e-07,-136.386367174
23003125.000,1.49323852606e-07,-136.517416273
23006250.000,1.46993909733e-07,-136.654013172
23009375.000,1.44604446921e-07,-136.796367026
23012500.000,1.42155893678e-07,-136.944702601
23015625.000,1.39648704299e-07,-137.099261789
23018750.000,1.3708335816e-07,-137.260305302
23021875.000,1.34460359885e-07,-137.428114614
23025000.000,1.31780239398e-07,-137.602994157
23028125.000,1.29043551883e-07,-137.785273833
23031250.000,1.26250877643e-07,-137.975311883
23034375.000,1.23402821883e-07,-138.173498181
23037500.000,1.20500014426e-07,-138.380258022
23040625.000,1.1754310936e-07,-138.596056502
23043750.000,1.14532784647e-07,-138.821403602
23046875.000,1.1146974168e-07,-139.056860106
23050000.000,1.08354704819e-07,-139.303044533
23053125.000,1.05188420903e-07,-139.560641290
23056250.000,1.01971658745e-07,-139.830410322
23059375.000,9.87052086321e-08,-140.113198584
23062500.000,9.53898818124e-08,-140.409953786
23065625.000,9.20265100041e-08,-140.721740955
23068750.000,8.86159449049e-08,-141.049762546
23071875.000,8.51590577304e-08,-141.395383052
23075000.000,8.16567387607e-08,-141.760159382
23078125.000,7.81098969203e-08,-142.145878706
23081250.000,7.45194593772e-08,-142.554606090
23084375.000,7.08863711689e-08,-142.988745112
23087500.000,6.72115948554e-08,-143.451115983
23090625.000,6.34961101952e-08,-143.945057580
23093750.000,5.97409138483e-08,-144.474562767
23096875.000,5.59470191001e-08,-145.044460961
23100000.000,5.21154556029e-08,-145.660669224
23103125.000,4.82472691412e-08,-146.330545265
23106250.000,4.4343521404e-08,-147.063396434
23109375.000,4.04052897726e-08,-147.871235486
23112500.000,3.64336671147e-08,-148.769942281
23115625.000,3.24297615813e-08,-149.781124884
23118750.000,2.83946964064e-08,-150.935255408
23121875.000,2.43296096998e-08,-152.277297161
23125000.000,2.02356542367e-08,-153.877654998
23128125.000,1.61139972344e-08,-155.855934305
23131250.000,1.19658201173e-08,-158.441150604
23134375.000,7.79231826618e-09,-162.166666353
23137500.000,3.59470074923e-09,-168.886745156
23140625.000,6.25809968562e-10,-184.071150465
23143750.000,4.8679783356e-09,-166.253027264
23146875.000,9.13055604791e-09,-160.790055465
23150000.000,1.34122824071e-08,-157.449946214
23153125.000,1.77118847037e-08,-155.034704470
23156250.000,2.20280786195e-08,-153.140467643
23159375.000,2.63595686615e-08,-151.581234013
23162500.000,3.07050486098e-08,-150.255804215
23165625.000,3.50632019927e-08,-149.102968528
23168750.000,3.94327025798e-08,-148.082869138
23171875.000,4.38122148896e-08,-147.168095818
23175000.000,4.82003947194e-08,-146.338988105
23178125.000,5.25958896814e-08,-145.580963884
23181250.000,5.69973397533e-08,-144.882908275
23184375.000,6.14033778388e-08,-144.236154748
23187500.000,6.58126303272e-08,-143.633815029
23190625.000,7.0223717663e-08,-143.070323652
23193750.000,7.46352549106e-08,-142.541119591
23196875.000,7.90458523197e-08,-142.042418267
23200000.000,8.3454115884e-08,-141.571044789
23203125.000,8.78586478933e-08,-141.124309692
23206250.000,9.22580474784e-08,-140.699914818
23209375.000,9.66509111427e-08,-140.295880949
23212500.000,1.01035833284e-07,-139.910491448
23215625.000,1.05411406701e-07,-139.542247821
23218750.000,1.09776223087e-07,-139.189834309
23221875.000,1.14128873508e-07,-138.852089387
23225000.000,1.18467948867e-07,-138.527982616
23228125.000,1.22792040352e-07,-138.216595684
23231250.000,1.27099739872e-07,-137.917106766
23234375.000,1.31389640474e-07,-137.628777515
23237500.000,1.35660336758e-07,-137.350942184
23240625.000,1.39910425263e-07,-137.082998467
23243750.000,1.44138504866e-07,-136.824399743
23246875.000,1.48343177152e-07,-136.574648474
23250000.000,1.5252304679e-07,-136.333290557
23253125.000,1.56676721901e-07,-136.099910473
23256250.000,1.60802814423e-07,-135.874127087
23259375.000,1.64899940479e-07,-135.655590022
23262500.000,1.6896672074e-07,-135.443976490
23265625.000,1.73001780803e-07,-135.238988528
23268750.000,1.77003751566e-07,-135.040350575
23271875.000,1.80971269614e-07,-134.847807336
23275000.000,1.84902977616e-07,-134.661121901
23278125.000,1.8879752473e-07,-134.480074078
23281250.000,1.92653567025e-07,-134.304458910
23284375.000,1.96469767913e-07,-134.134085358
23287500.000,2.00244798597e-07,-133.968775120
23290625.000,2.03977338535e-07,-133.808361582
23293750.000,2.07666075911e-07,-133.652688870
23296875.000,2.11309708139e-07,-133.501610997
23300000.000,2.14906942361e-07,-133.354991096
23303125.000,2.18456495972e-07,-133.212700734
23306250.000,2.21957097153e-07,-133.074619274
23309375.000,2.25407485419e-07,-132.940633317
23312500.000,2.28806412172e-07,-132.810636177
23315625.000,2.32152641268e-07,-132.684527418
23318750.000,2.35444949586e-07,-132.562212419
23321875.000,2.38682127602e-07,-132.443601991
23325000.000,2.41862979967e-07,-132.328612011
23328125.000,2.44986326081e-07,-132.217163102
23331250.000,2.48051000668e-07,-132.109180333
23334375.000,2.5105585434e-07,-132.004592938
23337500.000,2.53999754158e-07,-131.903334075
23340625.000,2.56881584178e-07,-131.805340583
23343750.000,2.59700245986e-07,-131.710552780
23346875.000,2.6245465922e-07,-131.618914261
23350000.000,2.65143762067e-07,-131.530371718
23353125.000,2.67766511748e-07,-131.444874780
23356250.000,2.70321884978e-07,-131.362375857
23359375.000,2.72808878405e-07,-131.282829999
23362500.000,2.75226509023e-07,-131.206194769
23365625.000,2.77573814562e-07,-131.132430125
23368750.000,2.79849853854e-07,-131.061498311
23371875.000,2.82053707168e-07,-130.993363755
23375000.000,2.84184476529e-07,-130.927992979
23378125.000,2.86241285999e-07,-130.865354512
23381250.000,2.88223281944e-07,-130.805418818
23384375.000,2.90129633275e-07,-130.748158219
23387500.000,2.91959531663e-07,-130.693546834
23390625.000,2.93712191738e-07,-130.641560518
23393750.000,2.95386851263e-07,-130.592176812
23396875.000,2.969827713e-07,-130.545374889
23400000.000,2.98499236351e-07,-130.501135512
23403125.000,2.99935554495e-07,-130.459440995
23406250.000,3.01291057506e-07,-130.420275165
23409375.000,3.02565100972e-07,-130.383623333
23412500.000,3.03757064399e-07,-130.349472260
23415625.000,3.04866351325e-07,-130.317810138
23418750.000,3.05892389415e-07,-130.288626562
23421875.000,3.06834630579e-07,-130.261912515
23425000.000,3.07692551069e-07,-130.237660349
23428125.000,3.08465651608e-07,-130.215863773
23431250.000,3.09153457504e-07,-130.196517842
23434375.000,3.09755518786e-07,-130.179618945
23437500.000,3.10271410343e-07,-130.165164804
23440625.000,3.10700732078e-07,-130.153154469
23443750.000,3.11043109072e-07,-130.143588314
23446875.000,3.11298191758e-07,-130.136468040
23450000.000,3.11465656111e-07,-130.131796681
23453125.000,3.11545203842e-07,-130.129578604
23456250.000,3.11536562616e-07,-130.129819525
23459375.000,3.11439486258e-07,-130.132526514
23462500.000,3.11253754995e-07,-130.137708010
23465625.000,3.10979175681e-07,-130.145373839
23468750.000,3.10615582041e-07,-130.155535233
23471875.000,3.10162834913e-07,-130.168204850
23475000.000,3.09620822489e-07,-130.183396800
23478125.000,3.08989460563e-07,-130.201126677
23481250.000,3.08268692762e-07,-130.221411585
23484375.000,3.07458490785e-07,-130.244270179
23487500.000,3.06558854619e-07,-130.269722705
23490625.000,3.05569812753e-07,-130.297791039
23493750.000,3.04491422369e-07,-130.328498742
23496875.000,3.03323769527e-07,-130.361871110
23500000.000,3.02066969319e-07,-130.397935235
23503125.000,3.00721166009e-07,-130.436720067
23506250.000,2.99286533142e-07,-130.478256489
23509375.000,2.9776327364e-07,-130.522577390
23512500.000,2.96151619854e-07,-130.569717751
23515625.000,2.94451833601e-07,-130.619714738
23518750.000,2.92664206168e-07,-130.672607800
23521875.000,2.90789058281e-07,-130.728438780
23525000.000,2.88826740051e-07,-130.787252031
23528125.000,2.86777630885e-07,-130.849094547
23531250.000,2.84642139368e-07,-130.914016102
23534375.000,2.8242070312e-07,-130.982069402
23537500.000,2.80113788617e-07,-131.053310250
23540625.000,2.77721890994e-07,-131.127797726
23543750.000,2.75245533815e-07,-131.205594385
23546875.000,2.72685268827e-07,-131.286766463
23550000.000,2.70041675688e-07,-131.371384115
23553125.000,2.67315361678e-07,-131.459521663
23556250.000,2.64506961397e-07,-131.551257871
23559375.000,2.61617136441e-07,-131.646676245
23562500.000,2.58646575079e-07,-131.745865360
23565625.000,2.55595991909e-07,-131.848919216
23568750.000,2.52466127522e-07,-131.955937628
23571875.000,2.49257748147e-07,-132.067026656
23575000.000,2.45971645317e-07,-132.182299077
23578125.000,2.42608635514e-07,-132.301874895
23581250.000,2.39169559835e-07,-132.425881915
23584375.000,2.35655283658e-07,-132.554456368
23587500.000,2.32066696316e-07,-132.687743606
23590625.000,2.28404710779e-07,-132.825898863
23593750.000,2.24670263354e-07,-132.969088112
23596875.000,2.20864313386e-07,-133.117489010
23600000.000,2.16987842975e-07,-133.271291948
23603125.000,2.1304185671e-07,-133.430701231
23606250.000,2.09027381407e-07,-133.595936401
23609375.000,2.04945465861e-07,-133.767233708
23612500.000,2.00797180606e-07,-133.944847788
23615625.000,1.96583617693e-07,-134.129053539
23618750.000,1.92305890457e-07,-134.320148257
23621875.000,1.87965133308e-07,-134.518454059
23625000.000,1.83562501514e-07,-134.724320651
23628125.000,1.7909917099e-07,-134.938128488
23631250.000,1.74576338079e-07,-135.160292411
23634375.000,1.69995219341e-07,-135.391265836
23637500.000,1.65357051319e-07,-135.631545615
23640625.000,1.6066309031e-07,-135.881677675
23643750.000,1.55914612117e-07,-136.142263628
23646875.000,1.51112911786e-07,-136.413968519
23650000.000,1.46259303331e-07,-136.697529991
23653125.000,1.41355119435e-07,-136.993769162
23656250.000,1.36401711129e-07,-137.303603630
23659375.000,1.31400447457e-07,-137.628063117
23662500.000,1.26352715106e-07,-137.968308428
23665625.000,1.21259918019e-07,-138.325654594
23668750.000,1.16123476976e-07,-138.701599379
23671875.000,1.10944829155e-07,-139.097858686
23675000.000,1.05725427662e-07,-139.516410989
23678125.000,1.00466741039e-07,-139.959553705
23681250.000,9.51702527465e-08,-140.429975546
23684375.000,8.98374606216e-08,-140.930850650
23687500.000,8.44698763181e-08,-141.465962834
23690625.000,7.90690247243e-08,-142.039872359
23693750.000,7.36364433669e-08,-142.658143921
23696875.000,6.81736818002e-08,-143.327665016
23700000.000,6.26823009824e-08,-144.057101391
23703125.000,5.71638726485e-08,-144.857567140
23706250.000,5.16199786772e-08,-145.743643584
23709375.000,4.60522104533e-08,-146.734990387
23712500.000,4.04621682426e-08,-147.859016969
23715625.000,3.48514605611e-08,-149.155580334
23718750.000,2.92217035633e-08,-150.685889384
23721875.000,2.35745204402e-08,-152.551142661
23725000.000,1.79115408279e-08,-154.937341053
23728125.000,1.22344002465e-08,-158.248346315
23731250.000,6.54473954362e-09,-163.682152642
23734375.000,8.44204374289e-10,-181.471048037
23737500.000,4.86555530419e-09,-166.257351734
23740625.000,1.05828857107e-08,-159.507917880
23743750.000,1.63061296945e-08,-155.752982155
23746875.000,2.20336271644e-08,-153.138280073
23750000.000,2.77637154974e-08,-151.130448292
23753125.000,3.34947299252e-08,-149.500470393
23756250.000,3.92250038999e-08,-148.128740091
23759375.000,4.49528694457e-08,-146.944851620
23762500.000,5.06766574981e-08,-145.903840756
23765625.000,5.63946982303e-08,-144.975234458
23768750.000,6.21053213816e-08,-144.137423730
23771875.000,6.78068565791e-08,-143.374527768
23775000.000,7.34976336691e-08,-142.674532865
23778125.000,7.91759830574e-08,-142.028130714
23781250.000,8.48402360638e-08,-141.427962635
23784375.000,9.04887253033e-08,-140.868110591
23787500.000,9.61197850855e-08,-140.343744178
23790625.000,1.01731751852e-07,-139.850869535
23793750.000,1.07322964647e-07,-139.386146781
23796875.000,1.12891765631e-07,-138.946754691
23800000.000,1.18436500633e-07,-138.530288658
23803125.000,1.23955519753e-07,-138.134682586
23806250.000,1.29447178017e-07,-137.758148257
23809375.000,1.34909836071e-07,-137.399127708
23812500.000,1.40341860937e-07,-137.056255380
23815625.000,1.45741626807e-07,-136.728327741
23818750.000,1.51107515888e-07,-136.414278678
23821875.000,1.56437919287e-07,-136.113159381
23825000.000,1.61731237932e-07,-135.824121785
23828125.000,1.66985883523e-07,-135.546404825
23831250.000,1.72200279504e-07,-135.279322959
23834375.000,1.77372862045e-07,-135.022256525
23837500.000,1.82502081022e-07,-134.774643581
23840625.000,1.87586400993e-07,-134.535972977
23843750.000,1.92624302135e-07,-134.305778434
23846875.000,1.97614281147e-07,-134.083633462
23850000.000,2.02554852092e-07,-133.869146981
23853125.000,2.07444547167e-07,-133.661959529
23856250.000,2.12281917367e-07,-133.461739968
23859375.000,2.17065533058e-07,-133.268182618
23862500.000,2.21793984392e-07,-133.081004744
23865625.000,2.26465881593e-07,-132.899944354
23868750.000,2.3107985506e-07,-132.724758271
23871875.000,2.35634555286e-07,-132.555220418
23875000.000,2.40128652567e-07,-132.391120322
23878125.000,2.44560836489e-07,-132.232261777
23881250.000,2.4892981517e-07,-132.078461667
23884375.000,2.53234314255e-07,-131.929548921
23887500.000,2.57473075632e-07,-131.785363582
23890625.000,2.61644855881e-07,-131.645755987
23893750.000,2.65748424429e-07,-131.510586033
23896875.000,2.69782561415e-07,-131.379722526
23900000.000,2.7374605527e-07,-131.253042607
23903125.000,2.77637699986e-07,-131.130431241
23906250.000,2.81456292123e-07,-131.011780760
23909375.000,2.85200627507e-07,-130.896990465
23912500.000,2.88869497687e-07,-130.785966275
23915625.000,2.92461686124e-07,-130.678620410
23918750.000,2.95975964154e-07,-130.574871121
23921875.000,2.9941108675e-07,-130.474642448
23925000.000,3.02765788094e-07,-130.377864016
23928125.000,3.06038777016e-07,-130.284470844
23931250.000,3.0922873232e-07,-130.194403199
23934375.000,3.1233429804e-07,-130.107606448
23937500.000,3.15354078683e-07,-130.024030952
23940625.000,3.18286634483e-07,-129.943631958
23943750.000,3.21130476752e-07,-129.866369519
23946875.000,3.23884063343e-07,-129.792208417
23950000.000,3.26545794318e-07,-129.721118106
23953125.000,3.29114007858e-07,-129.653072655
23956250.000,3.31586976478e-07,-129.588050706
23959375.000,3.33962903629e-07,-129.526035433
23962500.000,3.36239920716e-07,-129.467014508
23965625.000,3.3841608463e-07,-129.410980070
23968750.000,3.40489375831e-07,-129.357928694
23971875.000,3.42457697061e-07,-129.307861363
23975000.000,3.44318872728e-07,-129.260783444
23978125.000,3.46070649045e-07,-129.216704651
23981250.000,3.47710694946e-07,-129.175639020
23984375.000,3.49236603859e-07,-129.137604874
23987500.000,3.50645896363e-07,-129.102624786
23990625.000,3.51936023777e-07,-129.070725540
23993750.000,3.53104372716e-07,-129.041938085
23996875.000,3.54148270646e-07,-129.016297492
24000000.000,3.55064992451e-07,-128.993842895
24003125.000,3.5585176804e-07,-128.974617441
24006250.000,3.56505790989e-07,-128.958668224
24009375.000,3.57024228227e-07,-128.946046220
24012500.000,3.57404230753e-07,-128.936806217
24015625.000,3.57642945351e-07,-128.931006743
24018750.000,3.57737527316e-07,-128.928709984
24021875.000,3.57685154097e-07,-128.929981702
24025000.000,3.57483039866e-07,-128.934891154
24028125.000,3.57128450918e-07,-128.943511000
24031250.000,3.56618721857e-07,-128.955917217
24034375.000,3.55951272502e-07,-128.972189003
24037500.000,3.55123625388e-07,-128.992408687
24040625.000,3.54133423844e-07,-129.016661634
24043750.000,3.5297845047e-07,-129.045036154
24046875.000,3.51656645975e-07,-129.077623408
24050000.000,3.50166128202e-07,-129.114517316
24053125.000,3.48505211291e-07,-129.155814468
24056250.000,3.46672424777e-07,-129.201614038
24059375.000,3.44666532565e-07,-129.252017699
24062500.000,3.42486551597e-07,-129.307129545
24065625.000,3.40131770115e-07,-129.367056015
24068750.000,3.37601765352e-07,-129.431905821
24071875.000,3.34896420536e-07,-129.501789886
24075000.000,3.32015941053e-07,-129.576821281
24078125.000,3.2896086965e-07,-129.657115178
24081250.000,3.25732100526e-07,-129.742788802
24084375.000,3.22330892203e-07,-129.833961394
24087500.000,3.18758879029e-07,-129.930754182
24090625.000,3.15018081213e-07,-130.033290363
24093750.000,3.11110913278e-07,-130.141695085
24096875.000,3.07040190809e-07,-130.256095454
24100000.000,3.02809135433e-07,-130.376620535
24103125.000,2.98421377921e-07,-130.503401373
24106250.000,2.9388095934e-07,-130.636571022
24109375.000,2.8919233022e-07,-130.776264586
24112500.000,2.84360347635e-07,-130.922619270
24115625.000,2.79390270225e-07,-131.075774446
24118750.000,2.74287751073e-07,-131.235871727
24121875.000,2.69058828471e-07,-131.403055063
24125000.000,2.6370991457e-07,-131.577470839
24128125.000,2.5824778191e-07,-131.759267999
24131250.000,2.52679547902e-07,-131.948598176
24134375.000,2.47012657279e-07,-132.145615846
24137500.000,2.412548626e-07,-132.350478490
24140625.000,2.35414202868e-07,-132.563346782
24143750.000,2.29498980362e-07,-132.784384793
24146875.000,2.23517735797e-07,-133.013760211
24150000.000,2.17479221902e-07,-133.251644590
24153125.000,2.1139237558e-07,-133.498213614
24156250.000,2.05266288757e-07,-133.753647394
24159375.000,1.99110178106e-07,-134.018130783
24162500.000,1.92933353774e-07,-134.291853725
24165625.000,1.86745187298e-07,-134.575011636
24168750.000,1.80555078891e-07,-134.867805813
24171875.000,1.74372424269e-07,-135.170443890
24175000.000,1.682065812e-07,-135.483140323
24178125.000,1.62066835995e-07,-135.806116929
24181250.000,1.55962370087e-07,-136.139603473
24184375.000,1.49902226941e-07,-136.483838305
24187500.000,1.43895279439e-07,-136.839069062
24190625.000,1.37950197964e-07,-137.205553439
24193750.000,1.32075419359e-07,-137.583560034
24196875.000,1.26279116924e-07,-137.973369276
24200000.000,1.20569171656e-07,-138.375274456
24203125.000,1.14953144871e-07,-138.789582857
24206250.000,1.09438252388e-07,-139.216617016
24209375.000,1.04031340398e-07,-139.656716116
24212500.000,9.87388631833e-08,-140.110237546
24215625.000,9.35668627845e-08,-140.577558636
24218750.000,8.85209507461e-08,-141.059078605
24221875.000,8.36062920297e-08,-141.555220745
24225000.000,7.8827591174e-08,-142.066434889
24228125.000,7.41890807798e-08,-142.593200198
24231250.000,6.96945123659e-08,-143.136028324
24234375.000,6.53471496292e-08,-143.695467022
24237500.000,6.11497641406e-08,-144.272104275
24240625.000,5.71046334655e-08,-144.866573034
24243750.000,5.3213541713e-08,-145.479556699
24246875.000,4.94777824724e-08,-146.111795462
24250000.000,4.58981641029e-08,-146.764093712
24253125.000,4.24750173131e-08,-147.437328709
24256250.000,3.92082049571e-08,-148.132460805
24259375.000,3.60971339645e-08,-148.850545576
24262500.000,3.31407692958e-08,-149.592748291
24265625.000,3.03376498202e-08,-150.360361318
24268750.000,2.76859059816e-08,-151.154825205
24271875.000,2.51832791264e-08,-151.977754417
24275000.000,2.28271423441e-08,-152.830969060
24278125.000,2.0614522672e-08,-153.716534336
24281250.000,1.85421245023e-08,-154.636810143
24284375.000,1.66063540315e-08,-155.594514151
24287500.000,1.4803344578e-08,-156.592803033
24290625.000,1.31289826027e-08,-157.635378543
24293750.000,1.15789342539e-08,-158.726628240
24296875.000,1.01486722671e-08,-159.871815440
24300000.000,8.83350304499e-09,-161.077340738
24303125.000,7.62859374921e-09,-162.351110245
24306250.000,6.52899923619e-09,-163.703067644
24309375.000,5.529688675e-09,-165.145986381
24312500.000,4.62557169423e-09,-166.696691666
24315625.000,3.81152390372e-09,-168.378027045
24318750.000,3.08241165587e-09,-170.222187235
24321875.000,2.43311591013e-09,-172.276744028
24325000.000,1.85855508005e-09,-174.616491273
24328125.000,1.35370675132e-09,-177.369508103
24331250.000,9.13628167776e-10,-180.784610386
24334375.000,5.3347539862e-10,-185.457712068
24337500.000,2.08521107287e-10,-193.616999551
24340625.000,6.58291419666e-11,-203.631636111
24343750.000,2.94022092712e-10,-190.632400713
24346875.000,4.8034356021e-10,-186.368960547
24350000.000,6.28906777287e-10,-184.028274503
24353125.000,7.43642338257e-10,-182.572717845
24356250.000,8.28289742175e-10,-181.636354341
24359375.000,8.86390527077e-10,-181.047497879
24362500.000,9.21282973905e-10,-180.712139098
24365625.000,9.36098348375e-10,-180.573570420
24368750.000,9.33758638683e-10,-180.595307346
24371875.000,9.1697573655e-10,-180.752843115
24375000.000,8.88252001129e-10,-181.029276108
24378125.000,8.49882135849e-10,-181.412825987
24381250.000,8.03956301833e-10,-181.895351124
24384375.000,7.52364384386e-10,-182.471435428
24387500.000,6.96801323636e-10,-183.137820660
24390625.000,6.38773415787e-10,-183.893063329
24393750.000,5.79605487551e-10,-184.737350228
24396875.000,5.20448843552e-10,-185.672439043
24400000.000,4.6228988485e-10,-186.701712181
24403125.000,4.0595929551e-10,-187.830350197
24406250.000,3.52141694516e-10,-189.065651005
24409375.000,3.01385650896e-10,-190.417548570
24412500.000,2.54113961968e-10,-191.899429451
24415625.000,2.10634097031e-10,-193.529426495
24418750.000,1.71148712112e-10,-195.332527291
24421875.000,1.35766145604e-10,-197.344170229
24425000.000,1.04510809056e-10,-199.616775804
24428125.000,7.73333928135e-11,-202.232658716
24431250.000,5.4120811842e-11,-205.332713947
24434375.000,3.47058233175e-11,-209.191952970
24437500.000,1.88762540795e-11,-214.481683711
24440625.000,6.38378289015e-12,-223.898437832
24443750.000,3.04777051191e-12,-230.320354744
24446875.000,9.71469040681e-12,-220.251420704
24450000.000,1.3926177735e-11,-217.123361328
24453125.000,1.59977567541e-11,-215.918818219
24456250.000,1.62452949533e-11,-215.785447982
24459375.000,1.49796484477e-11,-216.489967577
24462500.000,1.25019383126e-11,-218.060452967
24465625.000,9.09945680322e-12,-220.819690647
24468750.000,5.04219621852e-12,-225.947605153
24471875.000,5.79987351512e-13,-244.731629550
24475000.000,4.05977090115e-12,-227.829969472
24478125.000,8.67381415944e-12,-221.235797741
24481250.000,1.30841752244e-11,-217.665072968
24484375.000,1.71388385499e-11,-215.320372246
24487500.000,2.07119216711e-11,-213.675592100
24490625.000,2.37034216119e-11,-212.503779173
24493750.000,2.60385665834e-11,-211.687658545
24496875.000,2.76668150417e-11,-211.160816665
24500000.000,2.85605453753e-11,-210.884670076
24503125.000,2.87134801653e-11,-210.838283329
24506250.000,2.81388890991e-11,-211.013861043
24509375.000,2.68676142725e-11,-211.415417906
24512500.000,2.49459608008e-11,-212.059995289
24515625.000,2.243349437e-11,-212.982061459
24518750.000,1.94007857157e-11,-214.243613623
24521875.000,1.59271399515e-11,-215.957244076
24525000.000,1.20983462966e-11,-218.345479773
24528125.000,8.00448110657e-12,-221.933336323
24531250.000,3.73779417353e-12,-228.547692346
24534375.000,6.09294822168e-13,-244.303450251
24537500.000,4.94606610092e-12,-226.114801678
24540625.000,9.18521558353e-12,-220.738212921
24543750.000,1.32443998919e-11,-217.559354299
24546875.000,1.70475972258e-11,-215.366736480
24550000.000,2.05262741969e-11,-213.753797479
24553125.000,2.36203521142e-11,-212.534272651
24556250.000,2.62789694478e-11,-211.607833400
24559375.000,2.84610403687e-11,-210.914984574
24562500.000,3.01356122379e-11,-210.418399619
24565625.000,3.12820276567e-11,-210.094102087
24568750.000,3.18898992926e-11,-209.926937045
24571875.000,3.19589079634e-11,-209.908161379
24575000.000,3.14984365385e-11,-210.034220048
24578125.000,3.05270539715e-11,-210.306302110
24581250.000,2.9071865263e-11,-210.730542056
24584375.000,2.71677443574e-11,-211.318928361
24587500.000,2.48564678724e-11,-212.091211699
24590625.000,2.21857681318e-11,-213.078510605
24593750.000,1.92083243648e-11,-214.330210382
24596875.000,1.59807108693e-11,-215.928078118
24600000.000,1.25623208072e-11,-218.018602402
24603125.000,9.01428374465e-12,-220.901375513
24606250.000,5.39839434402e-12,-225.354707882
24609375.000,1.77606872588e-12,-235.010804660
24612500.000,1.79265618995e-12,-234.930059899
24615625.000,5.25006628685e-12,-225.596704264
24618750.000,8.54164421002e-12,-221.369170449
24621875.000,1.16168626367e-11,-218.698222918
24625000.000,1.44298874977e-11,-216.814741097
24628125.000,1.69401834923e-11,-215.421637796
24631250.000,1.91130160354e-11,-214.373415517
24634375.000,2.09198455354e-11,-213.588830529
24637500.000,2.23386117046e-11,-213.018876416
24640625.000,2.33539073047e-11,-212.632808958
24643750.000,2.39570424487e-11,-212.411335952
24646875.000,2.41460021612e-11,-212.343095297
24650000.000,2.39253014048e-11,-212.422851648
24653125.000,2.33057431738e-11,-212.650740874
24656250.000,2.23040865136e-11,-213.032311181
24659375.000,2.09426324169e-11,-213.579374598
24662500.000,1.92487365371e-11,-214.311955435
24665625.000,1.72542584168e-11,-215.262074037
24668750.000,1.4994957585e-11,-216.481095167
24671875.000,1.25098472997e-11,-218.054959829
24675000.000,9.84051702711e-12,-220.139641657
24678125.000,7.03043481788e-12,-223.060356279
24681250.000,4.12424072839e-12,-227.693119865
24684375.000,1.16704217271e-12,-238.658268997
24687500.000,1.79627824581e-12,-234.912527794
24690625.000,4.72173238772e-12,-226.517972619
24693750.000,7.56686435433e-12,-222.421681025
24696875.000,1.0291347739e-11,-219.750554940
24700000.000,1.28575345919e-11,-217.816845972
24703125.000,1.52309492936e-11,-216.345460554
24706250.000,1.73807215101e-11,-215.198643981
24709375.000,1.92799535363e-11,-214.297880341
24712500.000,2.09060183773e-11,-213.594573444
24715625.000,2.22407861005e-11,-213.056997334
24718750.000,2.32707770931e-11,-212.663782277
24721875.000,2.39872419955e-11,-212.400393669
24725000.000,2.43861691526e-11,-212.257128362
24728125.000,2.44682215044e-11,-212.227951932
24731250.000,2.42386057861e-11,-212.309847291
24734375.000,2.37068778638e-11,-212.502512755
24737500.000,2.28866888485e-11,-212.808340694
24740625.000,2.17954773798e-11,-213.232672286
24743750.000,2.04541141283e-11,-213.784386503
24746875.000,1.88865050959e-11,-214.476967997
24750000.000,1.71191607273e-11,-215.330350611
24753125.000,1.51807381585e-11,-216.374142210
24756250.000,1.31015641377e-11,-217.653537055
24759375.000,1.09131462183e-11,-219.241000518
24762500.000,8.64767982076e-12,-221.262007969
24765625.000,6.33755858672e-12,-223.961560257
24768750.000,4.0148952364e-12,-227.926515652
24771875.000,1.71105977297e-12,-235.334696377
24775000.000,5.43758560148e-13,-245.291877862
24778125.000,2.72095966628e-12,-231.305557917
24781250.000,4.7939060298e-12,-226.386209665
24784375.000,6.73825656421e-12,-223.429049139
24787500.000,8.53225693308e-12,-221.378721501
24790625.000,1.01569831564e-11,-219.864705355
24793750.000,1.15965361067e-11,-218.713434309
24796875.000,1.28381852686e-11,-217.829927226
24800000.000,1.38724609558e-11,-217.156929777
24803125.000,1.46931949477e-11,-216.657675184
24806250.000,1.5297510313e-11,-216.307584907
24809375.000,1.5685761884e-11,-216.089887641
24812500.000,1.5861429589e-11,-215.993153447
24815625.000,1.58309674879e-11,-216.009850860
24818750.000,1.56036119342e-11,-216.135497185
24821875.000,1.51911528561e-11,-216.368185326
24825000.000,1.46076725671e-11,-216.708379489
24828125.000,1.38692569285e-11,-217.158936129
24831250.000,1.29936839717e-11,-217.725354004
24834375.000,1.20000953203e-11,-218.416306084
24837500.000,1.09086558703e-11,-219.244575170
24840625.000,9.74020724888e-12,-220.228636045
24843750.000,8.51592054066e-12,-221.395367990
24846875.000,7.25695363523e-12,-222.784913032
24850000.000,5.98411838274e-12,-224.459996470
24853125.000,4.71756245875e-12,-226.525646825
24856250.000,3.47647051125e-12,-229.177229002
24859375.000,2.27878876601e-12,-232.845918604
24862500.000,1.1409768175e-12,-238.854463591
24865625.000,7.77898304468e-14,-262.181543502
24868750.000,8.97906155903e-13,-240.935381020
24871875.000,1.77528369575e-12,-235.014644710
24875000.000,2.5456666361e-12,-231.883969387
24878125.000,3.20260510946e-12,-229.889932156
24881250.000,3.74191247914e-12,-228.538127492
24884375.000,4.1616644902e-12,-227.614658703
24887500.000,4.46216145977e-12,-227.009094383
24890625.000,4.64585489943e-12,-226.658687166
24893750.000,4.7172404755e-12,-226.526239674
24896875.000,4.68271971201e-12,-226.590036730
24900000.000,4.55043327285e-12,-226.838944994
24903125.000,4.33006904892e-12,-227.270103563
24906250.000,4.03264861685e-12,-227.888192368
24909375.000,3.67029589732e-12,-228.705978435
24912500.000,3.2559920654e-12,-229.746333242
24915625.000,2.80332089641e-12,-231.046543713
24918750.000,2.32620882324e-12,-232.667026027
24921875.000,1.83866398255e-12,-234.709952624
24925000.000,1.3545184828e-12,-237.364301290
24928125.000,8.87178007031e-13,-241.039784656
24931250.000,4.49382683962e-13,-246.947673325
24934375.000,5.29829335451e-14,-265.517279989
24937500.000,2.91266303006e-13,-250.714195132
24940625.000,5.73889867157e-13,-244.823428865
24943750.000,7.86852522461e-13,-242.082133172
24946875.000,9.23692639167e-13,-240.689450344
24950000.000,9.79627581434e-13,-240.178779916
24953125.000,9.51629416233e-13,-240.430642835
24956250.000,8.38470044436e-13,-241.530248972
24959375.000,6.4073534183e-13,-243.866426409
24962500.000,3.60808384677e-13,-248.854467572
24965625.000,2.8223175069e-15,-290.987882606
24968750.000,4.27416116058e-13,-247.382982129
24971875.000,9.22530910615e-13,-240.700381466
24975000.000,1.47370711639e-12,-236.631776386
24978125.000,2.07084486947e-12,-233.677048673
24981250.000,2.70273451116e-12,-231.363932257
24984375.000,3.35724988115e-12,-229.480326658
24987500.000,4.02155660266e-12,-227.912116286
24990625.000,4.68233197977e-12,-226.590755957
24993750.000,5.32599297154e-12,-225.471988220
24996875.000,5.93892860911e-12,-224.525837905
25000000.000,6.50773318309e-12,-223.731405229
25003125.000,7.01943653793e-12,-223.073954961
25006250.000,7.46172788167e-12,-222.543211862
25009375.000,7.82316963936e-12,-222.132345046
25012500.000,8.09339805112e-12,-221.837381990
25015625.000,8.26330743633e-12,-221.656921780
25018750.000,8.32521530978e-12,-221.592090516
25021875.000,8.27300583773e-12,-221.646733384
25025000.000,8.10224947104e-12,-221.827887777
25028125.000,7.81029694075e-12,-222.146649086
25031250.000,7.39634622021e-12,-222.619655357
25034375.000,6.86148144825e-12,-223.271642131
25037500.000,6.20868323831e-12,-224.140009938
25040625.000,5.44281023215e-12,-225.283536149
25043750.000,4.57055216988e-12,-226.800626590
25046875.000,3.60035518626e-12,-228.873093052
25050000.000,2.54232043186e-12,-231.895394245
25053125.000,1.40807752382e-12,-237.027468676
25056250.000,2.10634681536e-13,-253.529402391
25059375.000,1.03579225816e-12,-239.694546787
25062500.000,2.31596944576e-12,-232.705343490
25065625.000,3.61385049469e-12,-228.840596364
25068750.000,4.91279484043e-12,-226.173427435
25071875.000,6.19579583617e-12,-224.158058031
25075000.000,7.44571529736e-12,-222.561871479
25078125.000,8.64552113184e-12,-221.264176467
25081250.000,9.77852465625e-12,-220.194533297
25084375.000,1.08286142211e-11,-219.308542363
25087500.000,1.17804818246e-11,-218.576738929
25090625.000,1.26198395202e-11,-217.978923355
25093750.000,1.33336225559e-11,-217.501036858
25096875.000,1.39101764198e-11,-217.133347238
25100000.000,1.43394251683e-11,-216.869365162
25103125.000,1.46130187093e-11,-216.705201193
25106250.000,1.47244570176e-11,-216.639214228
25109375.000,1.46691895825e-11,-216.671877573
25112500.000,1.44446887544e-11,-216.805836233
25115625.000,1.40504960158e-11,-217.046166877
25118750.000,1.34882405985e-11,-217.400893917
25121875.000,1.27616302429e-11,-217.881876857
25125000.000,1.18764142942e-11,-218.506293220
25128125.000,1.08403197091e-11,-219.299158183
25131250.000,9.66296091744e-12,-220.297795540
25134375.000,8.35572484002e-12,-221.560317402
25137500.000,6.93163270509e-12,-223.183289157
25140625.000,5.4051806051e-12,-225.343795805
25143750.000,3.79216102806e-12,-228.422264586
25146875.000,2.10946783855e-12,-233.516541832
25150000.000,3.74887390607e-13,-248.521983338
25153125.000,1.39312135865e-12,-237.120220987
25156250.000,3.17565475258e-12,-229.963334377
25159375.000,4.9535972685e-12,-226.101586096
25162500.000,6.70785616627e-12,-223.468325167
25165625.000,8.41959481514e-12,-221.494176160
25168750.000,1.00704616238e-11,-219.939012424
25171875.000,1.16428115681e-11,-218.678842626
25175000.000,1.31199174436e-11,-217.641377955
25178125.000,1.44861681289e-11,-216.780929572
25181250.000,1.57272513491e-11,-216.066943447
25184375.000,1.68303186567e-11,-215.478153225
25187500.000,1.77841306097e-11,-214.999347215
25190625.000,1.85791804162e-11,-214.619468959
25193750.000,1.92077946146e-11,-214.330449935
25196875.000,1.9664209693e-11,-214.126470065
25200000.000,1.99446238749e-11,-214.003482988
25203125.000,2.00472236529e-11,-213.958915290
25206250.000,1.99721849883e-11,-213.991488401
25209375.000,1.97216494398e-11,-214.101135304
25212500.000,1.92996758206e-11,-214.288999717
25215625.000,1.87121683012e-11,-214.557517701
25218750.000,1.79667821901e-11,-214.910593942
25221875.000,1.7072808898e-11,-215.353900417
25225000.000,1.60410418667e-11,-215.895348554
25228125.000,1.4883625465e-11,-216.545825344
25231250.000,1.36138890693e-11,-217.320355850
25234375.000,1.22461687053e-11,-218.239995239
25237500.000,1.0795618774e-11,-219.335049202
25240625.000,9.27801647623e-12,-220.650897212
25243750.000,7.70956161629e-12,-222.259406325
25246875.000,6.10667448655e-12,-224.283904585
25250000.000,4.48579452374e-12,-226.963212472
25253125.000,2.86318237477e-12,-230.863019761
25256250.000,1.25472792699e-12,-238.029008713
25259375.000,3.24233267416e-13,-249.782848543
25262500.000,1.85909289114e-12,-234.613978196
25265625.000,3.33612998537e-12,-229.535140726
25268750.000,4.74265641018e-12,-226.479566748
25271875.000,6.06714597808e-12,-224.340311112
25275000.000,7.29934585434e-12,-222.734321166
25278125.000,8.43036908087e-12,-221.483068232
25281250.000,9.45276735878e-12,-220.488820607
25284375.000,1.03605835104e-11,-219.692315687
25287500.000,1.1149383333e-11,-219.054983051
25290625.000,1.18162668432e-11,-218.550394201
25293750.000,1.23598591917e-11,-218.159729537
25296875.000,1.27802818141e-11,-217.869191392
25300000.000,1.30791046328e-11,-217.668439717
25303125.000,1.32592803802e-11,-217.549600914
25306250.000,1.33250623428e-11,-217.506615008
25309375.000,1.32819070209e-11,-217.534791287
25312500.000,1.3136363393e-11,-217.630496922
25315625.000,1.2895950615e-11,-217.790932773
25318750.000,1.25690261194e-11,-218.013967425
25321875.000,1.21646461639e-11,-218.298010380
25325000.000,1.16924209574e-11,-218.641911146
25328125.000,1.11623665038e-11,-219.044874440
25331250.000,1.05847553265e-11,-219.506383531
25334375.000,9.96996818806e-12,-220.026124548
25337500.000,9.32834887339e-12,-220.603904400
25340625.000,8.67006400691e-12,-221.239553926
25343750.000,8.00496976552e-12,-221.932806081
25346875.000,7.34248720409e-12,-222.683136033
25350000.000,6.6914877526e-12,-223.489546252
25353125.000,6.06019025817e-12,-224.350274821
25356250.000,5.45607075046e-12,-225.262400134
25359375.000,4.8857858939e-12,-226.221311374
25362500.000,4.35511087173e-12,-227.220015686
25365625.000,3.86889221638e-12,-228.248267383
25368750.000,3.43101586991e-12,-229.291545463
25371875.000,3.0443905276e-12,-230.329992760
25375000.000,2.71094608957e-12,-231.337582376
25378125.000,2.43164682616e-12,-232.281990040
25381250.000,2.20651865171e-12,-233.125847942
25384375.000,2.03468970506e-12,-233.830036246
25387500.000,1.91444325412e-12,-234.359150040
25390625.000,1.84328177911e-12,-234.688165398
25393750.000,1.81800094638e-12,-234.808117901
25396875.000,1.83477206555e-12,-234.728357613
25400000.000,1.88923152564e-12,-234.474296319
25403125.000,1.97657563446e-12,-234.081731251
25406250.000,2.09165923942e-12,-233.590181334
25409375.000,2.22909648683e-12,-233.037422652
25412500.000,2.38336208197e-12,-232.456199487
25415625.000,2.5488914423e-12,-231.872973216
25418750.000,2.7201781892e-12,-231.308052919
25421875.000,2.89186750184e-12,-230.776432184
25425000.000,3.05884395432e-12,-230.288853556
25428125.000,3.21631257461e-12,-229.852835027
25431250.000,3.35987200008e-12,-229.473545349
25434375.000,3.4855787526e-12,-229.154502009
25437500.000,3.59000182126e-12,-228.898106622
25440625.000,3.67026690965e-12,-228.706047036
25443750.000,3.72408988685e-12,-228.579596903
25446875.000,3.74979916157e-12,-228.519839847
25450000.000,3.74634688507e-12,-228.527840250
25453125.000,3.71330906841e-12,-228.604778036
25456250.000,3.65087487971e-12,-228.752061013
25459375.000,3.559825554e-12,-228.971425674
25462500.000,3.44150351183e-12,-229.265035659
25465625.000,3.29777242755e-12,-229.635586348
25468750.000,3.13096912403e-12,-230.086424303
25471875.000,2.94384828491e-12,-230.621691514
25475000.000,2.73952107795e-12,-231.246507075
25478125.000,2.52138885958e-12,-231.967203407
25481250.000,2.2930731919e-12,-232.791641659
25484375.000,2.05834344147e-12,-233.729643201
25487500.000,1.8210432474e-12,-234.793594803
25490625.000,1.58501714044e-12,-235.999320739
25493750.000,1.35403857197e-12,-237.367379278
25496875.000,1.13174056611e-12,-238.925062340
25500000.000,9.2155014313e-13,-240.709620582
25503125.000,7.26627582067e-13,-242.773762415
25506250.000,5.49811490334e-13,-245.195723764
25509375.000,3.93570536082e-13,-248.099548433
25512500.000,2.59962573762e-13,-251.701783439
25515625.000,1.5060175668e-13,-256.443399246
25518750.000,6.66340873379e-14,-263.526070925
25521875.000,8.72170658678e-15,-281.187970557
25525000.000,2.2963929672e-14,-272.779075837
25528125.000,2.87399906781e-14,-270.830267541
25531250.000,9.40148301678e-15,-280.536072683
25534375.000,3.37979631611e-14,-269.422189435
25537500.000,9.91732922495e-14,-260.072105386
25540625.000,1.84642633182e-13,-254.673360300
25543750.000,2.87768628935e-13,-250.819131048
25546875.000,4.05805686807e-13,-247.833637424
25550000.000,5.35752257743e-13,-245.420719802
25553125.000,6.7440717744e-13,-243.421556327
25556250.000,8.18429042067e-13,-241.740379360
25559375.000,9.64397550393e-13,-240.314878028
25562500.000,1.10887572097e-12,-239.102342508
25565625.000,1.24847188865e-12,-238.072424641
25568750.000,1.37990039881e-12,-237.203045197
25571875.000,1.50003995016e-12,-236.477943487
25575000.000,1.60598858648e-12,-235.885150910
25578125.000,1.69511440397e-12,-235.416019715
25581250.000,1.76510112302e-12,-235.064608175
25584375.000,1.81398776762e-12,-234.827312917
25587500.000,1.84020180325e-12,-234.702690961
25590625.000,1.84258520333e-12,-234.691448414
25593750.000,1.82041303738e-12,-234.796601257
25596875.000,1.7734043089e-12,-235.023844813
25600000.000,1.70172490455e-12,-235.382212905
25603125.000,1.60598265524e-12,-235.885182989
25606250.000,1.48721464392e-12,-236.552526938
25609375.000,1.34686703084e-12,-237.413505556
25612500.000,1.18676779287e-12,-238.512684966
25615625.000,1.00909289491e-12,-239.921377034
25618750.000,8.16326522762e-13,-241.762721858
25621875.000,6.11216105745e-13,-244.276104210
25625000.000,3.9672294494e-13,-248.030253617
25628125.000,1.75969335018e-13,-255.091260143
25631250.000,4.78168747469e-14,-266.408376245
25634375.000,2.71359295616e-13,-251.329105935
25637500.000,4.91390580158e-13,-246.171463462
25640625.000,7.0470955459e-13,-243.039796804
25643750.000,9.08236897815e-13,-240.836017171
25646875.000,1.09906839284e-12,-239.179505629
25650000.000,1.27452481981e-12,-237.893034055
25653125.000,1.43219762208e-12,-236.879941034
25656250.000,1.5699895537e-12,-236.082064745
25659375.000,1.68614960359e-12,-235.462077905
25662500.000,1.77930159723e-12,-234.995008628
25665625.000,1.8484659845e-12,-234.663770738
25668750.000,1.89307444571e-12,-234.456646139
25671875.000,1.9129770729e-12,-234.365804700
25675000.000,1.90844201457e-12,-234.386420619
25678125.000,1.88014760411e-12,-234.516161088
25681250.000,1.82916712562e-12,-234.754932250
25684375.000,1.75694649893e-12,-235.104829262
25687500.000,1.66527529182e-12,-235.570279233
25690625.000,1.55625158464e-12,-236.158403867
25693750.000,1.43224132105e-12,-236.879676015
25696875.000,1.29583287832e-12,-237.749020104
25700000.000,1.14978767265e-12,-238.787647038
25703125.000,9.96987691831e-13,-240.026204064
25706250.000,8.40380897103e-13,-241.510476564
25709375.000,6.82925481831e-13,-243.312533645
25712500.000,5.27533993055e-13,-245.554991004
25715625.000,3.77018330118e-13,-248.472750689
25718750.000,2.34036620152e-13,-252.614323648
25721875.000,1.01042941688e-13,-259.909880371
25725000.000,1.97591801074e-14,-274.084621602
25728125.000,1.26458645682e-13,-257.961029472
25731250.000,2.17473239557e-13,-253.251883522
25734375.000,2.91579984888e-13,-250.704845818
25737500.000,3.47938810792e-13,-249.169942505
25740625.000,3.86109063912e-13,-248.265800064
25743750.000,4.06058520774e-13,-247.828227436
25746875.000,4.08164689878e-13,-247.783291372
25750000.000,3.93208327264e-13,-248.107545867
25753125.000,3.62359228935e-13,-248.817213463
25756250.000,3.1715450122e-13,-249.974582410
25759375.000,2.5946964584e-13,-251.718268819
25762500.000,1.91482928088e-13,-254.357398801
25765625.000,1.15633619218e-13,-258.738317623
25768750.000,3.45748204638e-14,-269.224801327
25771875.000,4.88783233236e-14,-266.217674003
25775000.000,1.31804119426e-13,-257.601420321
25778125.000,2.11232558799e-13,-253.504782801
25781250.000,2.84205250101e-13,-250.927358073
25784375.000,3.47835981018e-13,-249.172509910
25787500.000,3.99370809545e-13,-247.972473627
25790625.000,4.36246583764e-13,-247.205359219
25793750.000,4.56146802909e-13,-246.817907294
25796875.000,4.57053767622e-13,-246.800654134
25800000.000,4.37296019514e-13,-247.184489516
25803125.000,3.95590141151e-13,-248.055090807
25806250.000,3.31076075868e-13,-249.601444020
25809375.000,2.43345229501e-13,-252.275543263
25812500.000,1.32460734063e-13,-257.558256851
25815625.000,1.03061607882e-15,-299.738061726
25818750.000,1.56095107031e-13,-256.132214203
25821875.000,3.31217728228e-13,-249.597728518
25825000.000,5.24416725761e-13,-245.606469307
25828125.000,7.33266978779e-13,-242.694757443
25831250.000,9.54931935673e-13,-240.400551647
25834375.000,1.18620369338e-12,-238.516814562
25837500.000,1.4235506535e-12,-236.932541499
25840625.000,1.66317204794e-12,-235.581256451
25843750.000,1.90105849666e-12,-234.420090389
25846875.000,2.13305763996e-12,-233.419948176
25850000.000,2.35494378592e-12,-232.560389106
25853125.000,2.56249042604e-12,-231.826754971
25856250.000,2.75154440217e-12,-231.208469490
25859375.000,2.91810046289e-12,-230.697995210
25862500.000,3.05837491457e-12,-230.290185543
25865625.000,3.16887707377e-12,-229.981892150
25868750.000,3.24647723475e-12,-229.771752764
25871875.000,3.28846991428e-12,-229.660122542
25875000.000,3.2926311893e-12,-229.649138246
25878125.000,3.25726902747e-12,-229.742927406
25881250.000,3.18126561436e-12,-229.948001374
25884375.000,3.06411079726e-12,-230.273910696
25887500.000,2.90592590946e-12,-230.734309257
25890625.000,2.70747738428e-12,-231.348703248
25893750.000,2.47017974169e-12,-232.145428886
25896875.000,2.19608769767e-12,-233.167006419
25900000.000,1.88787733437e-12,-234.480524552
25903125.000,1.54881645446e-12,-236.200000922
25906250.000,1.18272442747e-12,-238.542328667
25909375.000,7.93922027611e-13,-242.004442965
25912500.000,3.87171937296e-13,-248.241922569
25915625.000,3.23892353058e-14,-269.791986107
25918750.000,4.59326415641e-13,-246.757571556
25921875.000,8.87987844565e-13,-241.031859583
25925000.000,1.31259190073e-12,-237.637405597
25928125.000,1.72731757071e-12,-235.252556184
25931250.000,2.12639708859e-12,-233.447112621
25934375.000,2.50420920242e-12,-232.026587857
25937500.000,2.85537148884e-12,-230.886747625
25940625.000,3.17483012384e-12,-229.965590152
25943750.000,3.45794553406e-12,-229.223637031
25946875.000,3.70057239709e-12,-228.634621899
25950000.000,3.89913252983e-12,-228.180640062
25953125.000,4.05067929672e-12,-227.849442795
25956250.000,4.15295230005e-12,-227.632861142
25959375.000,4.20442125284e-12,-227.525875545
25962500.000,4.20431810618e-12,-227.526088638
25965625.000,4.15265669218e-12,-227.633479427
25968750.000,4.05023934317e-12,-227.850386240
25971875.000,3.89865016914e-12,-228.181714657
25975000.000,3.70023489859e-12,-228.635414103
25978125.000,3.45806742797e-12,-229.223330856
25981250.000,3.17590345114e-12,-229.962654176
25984375.000,2.85812178406e-12,-230.878385399
25987500.000,2.50965422348e-12,-232.007722217
25990625.000,2.13590499441e-12,-233.408361375
25993750.000,1.74266105443e-12,-235.175741489
25996875.000,1.33599470015e-12,-237.483905294
26000000.000,9.22160094157e-13,-240.703873510
26003125.000,5.07485466902e-13,-245.891527807
26006250.000,9.8262865331e-14,-260.152211521
26009375.000,2.9936260181e-13,-250.476049106
26012500.000,6.79502019533e-13,-243.356184963
26015625.000,1.03662840422e-12,-239.687537908
26018750.000,1.3656769278e-12,-237.293040553
26021875.000,1.66213768747e-12,-235.586660063
26025000.000,1.92213917112e-12,-234.324303415
26028125.000,2.14252069887e-12,-233.381499473
26031250.000,2.32089228376e-12,-232.686900307
26034375.000,2.45568054531e-12,-232.196562608
26037500.000,2.54615954049e-12,-231.882287745
26040625.000,2.59246562126e-12,-231.725739882
26043750.000,2.59559570899e-12,-231.715259050
26046875.000,2.55738866426e-12,-231.844065284
26050000.000,2.48048974184e-12,-232.109251293
26053125.000,2.36829843734e-12,-232.511271432
26056250.000,2.22490035364e-12,-233.053788699
26059375.000,2.05498403515e-12,-233.743830955
26062500.000,1.86374403137e-12,-234.592274687
26065625.000,1.65677175194e-12,-235.614746376
26068750.000,1.4399359544e-12,-236.833136481
26071875.000,1.21925496663e-12,-238.278109333
26075000.000,1.00076296846e-12,-239.993375467
26078125.000,7.90372852941e-13,-242.043359699
26081250.000,5.93738337512e-13,-244.528098158
26084375.000,4.16118105078e-13,-247.615667757
26087500.000,2.62244814571e-13,-251.625861809
26090625.000,1.36201832779e-13,-257.316340967
26093750.000,4.13104939548e-14,-267.678792242
26096875.000,1.99693998987e-14,-273.992699719
26100000.000,4.61232789134e-14,-266.721596524
26103125.000,3.66473504261e-14,-268.719148381
26106250.000,7.90610698277e-15,-282.040746265
26109375.000,8.59054869218e-14,-261.319581924
26112500.000,1.94640066626e-13,-254.215355108
26115625.000,3.30344716499e-13,-249.620652697
26118750.000,4.88249700143e-13,-246.227160295
26121875.000,6.62655686887e-13,-243.574241412
26125000.000,8.47033603695e-13,-241.441987198
26128125.000,1.03414843933e-12,-239.708342382
26131250.000,1.21620559198e-12,-238.299860082
26134375.000,1.38501782661e-12,-237.170892735
26137500.000,1.53219039507e-12,-236.293745289
26140625.000,1.64932137236e-12,-235.653894266
26143750.000,1.72821379601e-12,-235.248050646
26146875.000,1.76109576167e-12,-235.084340562
26150000.000,1.74084424456e-12,-235.184801680
26153125.000,1.66120808763e-12,-235.591519264
26156250.000,1.5170253373e-12,-236.380143312
26159375.000,1.30442991572e-12,-237.691584993
26162500.000,1.02104251675e-12,-239.819123466
26165625.000,6.66140591469e-13,-243.528682034
26168750.000,2.40802368473e-13,-252.366784916
26171875.000,2.51979972343e-13,-251.972679521
26175000.000,8.07222572512e-13,-241.860134047
26178125.000,1.41791183474e-12,-236.967015452
26181250.000,2.07500975941e-12,-233.659597127
26184375.000,2.76750582058e-12,-231.158229141
26187500.000,3.48251782413e-12,-229.162133042
26190625.000,4.20544341443e-12,-227.523764124
26193750.000,4.92016300262e-12,-226.160410181
26196875.000,5.60929393603e-12,-225.021836033
26200000.000,6.25449469636e-12,-224.076155428
26203125.000,6.83681680355e-12,-223.302921142
26206250.000,7.33710097495e-12,-222.689510080
26209375.000,7.73641288959e-12,-222.229207203
26212500.000,8.01651271823e-12,-221.920290282
26215625.000,8.16035137037e-12,-221.765822818
26218750.000,8.15258521727e-12,-221.774093058
26221875.000,7.98009989427e-12,-221.959833443
26225000.000,7.63253267919e-12,-222.346626551
26228125.000,7.10278190327e-12,-222.971430410
26231250.000,6.38749091374e-12,-223.893394093
26234375.000,5.48749325768e-12,-225.212520007
26237500.000,4.40820506422e-12,-227.114764217
26240625.000,3.15995003034e-12,-230.006395700
26243750.000,1.75820201773e-12,-235.098624518
26246875.000,2.23730061614e-13,-253.005513155
26250000.000,1.41736944314e-12,-236.970338687
26253125.000,3.13376841565e-12,-230.078662018
26256250.000,4.88914526562e-12,-226.215341177
26259375.000,6.6425795741e-12,-223.553264686
26262500.000,8.34911642013e-12,-221.567189662
26265625.000,9.96051238919e-12,-220.034366400
26268750.000,1.14261739514e-11,-218.841983371
26271875.000,1.26942973289e-11,-217.927826675
26275000.000,1.37132171437e-11,-217.257212941
26278125.000,1.44329691154e-11,-216.812886354
26281250.000,1.48070698209e-11,-216.590617515
26284375.000,1.47945140789e-11,-216.597985891
26287500.000,1.43619879003e-11,-216.855708870
26290625.000,1.34862921453e-11,-217.402148734
26293750.000,1.21569691064e-11,-218.303493739
26296875.000,1.03791211943e-11,-219.676788338
26300000.000,8.17640778315e-12,-221.748749141
26303125.000,5.59420309291e-12,-225.045235420
26306250.000,2.70289479852e-12,-231.363417150
26309375.000,3.98700119041e-13,-247.987072693
26312500.000,3.57982889716e-12,-228.922754611
26315625.000,6.67423552974e-12,-223.511969428
26318750.000,9.47656487077e-12,-220.466981203
26321875.000,1.17387735814e-11,-218.607545480
26325000.000,1.31665857432e-11,-217.610536566
26328125.000,1.34160332283e-11,-217.447517495
26331250.000,1.20901229351e-11,-218.351385662
26334375.000,8.73567468288e-12,-221.174070950
26337500.000,2.84037489486e-12,-230.932486692
26340625.000,6.16990785273e-12,-224.194426442
26343750.000,1.89334987732e-11,-214.455382483
26346875.000,3.61549375777e-11,-208.836647679
26350000.000,5.8606597557e-11,-204.641069823
26353125.000,8.71298574721e-11,-201.196659928
26356250.000,1.22635782019e-10,-198.227655904
26359375.000,1.66105268425e-10,-195.592331853
26362500.000,2.18588619071e-10,-193.207449071
26365625.000,2.81204502858e-10,-191.019554587
26368750.000,3.55138271339e-10,-188.992050472
26371875.000,4.4163959944e-10,-187.098639854
26375000.000,5.42019424915e-10,-185.319702978
26378125.000,6.5764616532e-10,-183.640154158
26381250.000,7.89941196518e-10,-182.048104731
26384375.000,9.4037358218e-10,-180.533991599
26387500.000,1.11045404969e-09,-179.089988155
26390625.000,1.30172821403e-09,-177.709593640
26393750.000,1.51576905761e-09,-176.387339254
26396875.000,1.75416868079e-09,-175.118572944
26400000.000,2.01852934457e-09,-173.899298652
26403125.000,2.31045383376e-09,-172.726054098
26406250.000,2.63153517615e-09,-171.595816406
26409375.000,2.9833457599e-09,-170.505928209
26412500.000,3.36742589802e-09,-169.454039048
26415625.000,3.78527189628e-09,-168.438058393
26418750.000,4.2383236861e-09,-167.456117575
26421875.000,4.72795209147e-09,-166.506538657
26425000.000,5.25544580344e-09,-165.587808764
26428125.000,5.82199814253e-09,-164.698558749
26431250.000,6.42869369287e-09,-163.837545330
26434375.000,7.07649489732e-09,-163.003636043
26437500.000,7.76622870602e-09,-162.195796483
26440625.000,8.49857337431e-09,-161.413079433
26443750.000,9.27404550809e-09,-160.654615547
26446875.000,1.00929874564e-08,-159.919605330
26450000.000,1.09555551522e-08,-159.207312210
26453125.000,1.18617065025e-08,-158.517056521
26456250.000,1.28111904273e-08,-157.848210267
26459375.000,1.3803536647e-08,-157.200192548
26462500.000,1.48380463143e-08,-156.572465554
26465625.000,1.59137835831e-08,-155.964531047
26468750.000,1.70295682046e-08,-155.375927274
26471875.000,1.81839692336e-08,-154.806226242
26475000.000,1.93752999249e-08,-154.255031320
26478125.000,2.06016138901e-08,-153.721975130
26481250.000,2.18607025815e-08,-153.206717687
26484375.000,2.31500941587e-08,-152.708944765
26487500.000,2.44670537874e-08,-152.228366466
26490625.000,2.58085854091e-08,-151.764715977
26493750.000,2.71714350128e-08,-151.317748489
26496875.000,2.85520954262e-08,-150.887240271
26500000.000,2.9946812639e-08,-150.472987891
26503125.000,3.13515936552e-08,-150.074807567
26506250.000,3.27622158625e-08,-149.692534651
26509375.000,3.41742378965e-08,-149.326023233
26512500.000,3.55830119654e-08,-148.975145867
26515625.000,3.69836975913e-08,-148.639793414
26518750.000,3.83712767105e-08,-148.319875009
26521875.000,3.97405700709e-08,-148.015318146
26525000.000,4.10862548443e-08,-147.726068888
26528125.000,4.24028833746e-08,-147.452092212
26531250.000,4.36849029629e-08,-147.193372493
26534375.000,4.49266765857e-08,-146.949914136
26537500.000,4.61225044382e-08,-146.721742374
26540625.000,4.72666461823e-08,-146.508904242
26543750.000,4.83533437743e-08,-146.311469756
26546875.000,4.93768447417e-08,-146.129533312
26550000.000,5.03314257789e-08,-145.963215336
26553125.000,5.12114165178e-08,-145.812664227
26556250.000,5.20112233374e-08,-145.678058624
26559375.000,5.27253530676e-08,-145.559610068
26562500.000,5.33484364486e-08,-145.457566090
26565625.000,5.38752512e-08,-145.372213838
26568750.000,5.43007445628e-08,-145.303884308
26571875.000,5.46200551764e-08,-145.252957310
26575000.000,5.48285341609e-08,-145.219867296
26578125.000,5.49217652687e-08,-145.205110247
26581250.000,5.48955839927e-08,-145.209251809
26584375.000,5.47460955087e-08,-145.232936985
26587500.000,5.44696913515e-08,-145.276901712
26590625.000,5.40630647144e-08,-145.341986775
26593750.000,5.35232242969e-08,-145.429154642
26596875.000,5.28475066079e-08,-145.539509965
26600000.000,5.20335866642e-08,-145.674324745
26603125.000,5.10794870197e-08,-145.835069458
26606250.000,4.9983585085e-08,-146.023451944
26609375.000,4.87446186944e-08,-146.241466451
26612500.000,4.73616899076e-08,-146.491456200
26615625.000,4.58342670261e-08,-146.776194188
26618750.000,4.41621848325e-08,-147.098988979
26621875.000,4.2345643062e-08,-147.463825351
26625000.000,4.03852031334e-08,-147.875554566
26628125.000,3.82817831815e-08,-148.340156816
26631250.000,3.60366514254e-08,-148.865111421
26634375.000,3.36514179539e-08,-149.459932628
26637500.000,3.11280249761e-08,-150.136968675
26640625.000,2.84687356332e-08,-150.912636410
26643750.000,2.56761214449e-08,-151.809411576
26646875.000,2.27530485041e-08,-152.859208147
26650000.000,1.97026625101e-08,-154.109501634
26653125.000,1.65283727573e-08,-155.635398025
26656250.000,1.32338351915e-08,-157.566285563
26659375.000,9.82293466258e-09,-160.155174893
26662500.000,6.29976648846e-09,-164.013510962
26665625.000,2.66861746238e-09,-171.474273529
26668750.000,1.06605356921e-09,-179.444419429
26671875.000,4.89963542328e-09,-166.196724683
26675000.000,8.82738447617e-09,-161.083359147
26678125.000,1.28444445971e-08,-157.825693404
26681250.000,1.6945867001e-08,-155.418724129
26684375.000,2.11266299003e-08,-153.503395513
26687500.000,2.53816578338e-08,-151.909600297
26690625.000,2.97058405642e-08,-150.543163084
26693750.000,3.40940514376e-08,-149.346427759
26696875.000,3.8541165099e-08,-148.281503215
26700000.000,4.30420744831e-08,-147.322136106
26703125.000,4.75917069831e-08,-146.449374360
26706250.000,5.21850397283e-08,-145.649079631
26709375.000,5.68171138996e-08,-144.910416612
26712500.000,6.14830480284e-08,-144.224892209
26715625.000,6.61780502209e-08,-143.585720649
26718750.000,7.08974292809e-08,-142.987390238
26721875.000,7.56366046852e-08,-142.425359496
26725000.000,8.03911154048e-08,-141.895838912
26728125.000,8.51566275501e-08,-141.395630924
26731250.000,8.99289408489e-08,-140.922010430
26734375.000,9.47039939508e-08,-140.472634102
26737500.000,9.94778685851e-08,-140.045470570
26740625.000,1.04246792593e-07,-139.638745966
26743750.000,1.09007141859e-07,-139.250900946
26746875.000,1.13755441202e-07,-138.880556416
26750000.000,1.18488364232e-07,-138.526485921
26753125.000,1.23202732285e-07,-138.187593213
26756250.000,1.27895512428e-07,-137.862893874
26759375.000,1.32563814646e-07,-137.551500144
26762500.000,1.37204888254e-07,-137.252608311
26765625.000,1.4181611762e-07,-136.965488162
26768750.000,1.46395017254e-07,-136.689474096
26771875.000,1.50939226345e-07,-136.423957607
26775000.000,1.5544650284e-07,-136.168380881
26778125.000,1.59914717118e-07,-135.922231317
26781250.000,1.64341845334e-07,-135.685036816
26784375.000,1.68725962544e-07,-135.456361713
26787500.000,1.73065235641e-07,-135.235803239
26790625.000,1.77357916204e-07,-135.022988449
26793750.000,1.81602333313e-07,-134.817571515
26796875.000,1.85796886412e-07,-134.619231364
26800000.000,1.89940038271e-07,-134.427669577
26803125.000,1.94030308101e-07,-134.242608534
26806250.000,1.98066264898e-07,-134.063789764
26809375.000,2.02046521033e-07,-133.890972462
26812500.000,2.05969726172e-07,-133.723932168
26815625.000,2.09834561523e-07,-133.562459566
26818750.000,2.13639734473e-07,-133.406359410
26821875.000,2.17383973635e-07,-133.255449538
26825000.000,2.21066024323e-07,-133.109559982
26828125.000,2.24684644479e-07,-132.968532147
26831250.000,2.28238601056e-07,-132.832218065
26834375.000,2.31726666873e-07,-132.700479703
26837500.000,2.35147617938e-07,-132.573188327
26840625.000,2.38500231235e-07,-132.450223911
26843750.000,2.41783282973e-07,-132.331474596
26846875.000,2.44995547277e-07,-132.216836175
26850000.000,2.48135795316e-07,-132.106211624
26853125.000,2.51202794837e-07,-131.999510661
26856250.000,2.54195310093e-07,-131.896649329
26859375.000,2.57112102131e-07,-131.797549617
26862500.000,2.59951929426e-07,-131.702139096
26865625.000,2.62713548816e-07,-131.610350579
26868750.000,2.65395716714e-07,-131.522121812
26871875.000,2.67997190573e-07,-131.437395174
26875000.000,2.70516730564e-07,-131.356117401
26878125.000,2.72953101424e-07,-131.278239333
26881250.000,2.75305074471e-07,-131.203715671
26884375.000,2.77571429728e-07,-131.132504752
26887500.000,2.7975095813e-07,-131.064568347
26890625.000,2.81842463787e-07,-130.999871467
26893750.000,2.8384476629e-07,-130.938382183
26896875.000,2.85756703e-07,-130.880071471
26900000.000,2.87577131323e-07,-130.824913057
26903125.000,2.89304930941e-07,-130.772883283
26906250.000,2.90939005967e-07,-130.723960987
26909375.000,2.92478287021e-07,-130.678127390
26912500.000,2.93921733212e-07,-130.635366001
26915625.000,2.95268333987e-07,-130.595662528
26918750.000,2.96517110874e-07,-130.559004802
26921875.000,2.97667119083e-07,-130.525382715
26925000.000,2.98717448964e-07,-130.494788165
26928125.000,2.99667227329e-07,-130.467215009
26931250.000,3.00515618622e-07,-130.442659032
26934375.000,3.01261825951e-07,-130.421117919
26937500.000,3.01905091975e-07,-130.402591241
26940625.000,3.02444699651e-07,-130.387080442
26943750.000,3.02879972854e-07,-130.374588846
26946875.000,3.03210276865e-07,-130.365121660
26950000.000,3.03435018757e-07,-130.358685994
26953125.000,3.03553647659e-07,-130.355290881
26956250.000,3.03565654933e-07,-130.354947311
26959375.000,3.03470574262e-07,-130.357668270
26962500.000,3.03267981666e-07,-130.363468782
26965625.000,3.02957495458e-07,-130.372365963
26968750.000,3.02538776134e-07,-130.384379086
26971875.000,3.02011526254e-07,-130.399529638
26975000.000,3.01375490253e-07,-130.417841403
26978125.000,3.00630454277e-07,-130.439340538
26981250.000,2.99776245964e-07,-130.464055666
26984375.000,2.98812734272e-07,-130.492017969
26987500.000,2.97739829279e-07,-130.523261300
26990625.000,2.96557482015e-07,-130.557822289
26993750.000,2.95265684315e-07,-130.595740473
26996875.000,2.93864468693e-07,-130.637058431
27000000.000,2.9235390825e-07,-130.681821921
27003125.000,2.90734116618e-07,-130.730080046
27006250.000,2.89005247933e-07,-130.781885420
27009375.000,2.87167496853e-07,-130.837294348
27012500.000,2.85221098595e-07,-130.896367033
27015625.000,2.83166329035e-07,-130.959167787
27018750.000,2.8100350481e-07,-131.025765267
27021875.000,2.7873298347e-07,-131.096232733
27025000.000,2.76355163648e-07,-131.170648326
27028125.000,2.73870485251e-07,-131.249095374
27031250.000,2.71279429679e-07,-131.331662725
27034375.000,2.68582520035e-07,-131.418445113
27037500.000,2.65780321366e-07,-131.509543556
27040625.000,2.62873440884e-07,-131.605065802
27043750.000,2.59862528195e-07,-131.705126813
27046875.000,2.56748275516e-07,-131.809849294
27050000.000,2.5353141787e-07,-131.919364296
27053125.000,2.50212733262e-07,-132.033811859
27056250.000,2.46793042832e-07,-132.153341747
27059375.000,2.43273210978e-07,-132.278114251
27062500.000,2.39654145435e-07,-132.408301087
27065625.000,2.35936797321e-07,-132.544086403
27068750.000,2.32122161145e-07,-132.685667893
27071875.000,2.28211274763e-07,-132.833258062
27075000.000,2.24205219291e-07,-132.987085633
27078125.000,2.20105118969e-07,-133.147397139
27081250.000,2.15912140978e-07,-133.314458722
27084375.000,2.11627495213e-07,-133.488558165
27087500.000,2.07252433995e-07,-133.670007207
27090625.000,2.0278825175e-07,-133.859144177
27093750.000,1.98236284634e-07,-134.056337010
27096875.000,1.93597910126e-07,-134.261986704
27100000.000,1.88874546564e-07,-134.476531305
27103125.000,1.84067652659e-07,-134.700450521
27106250.000,1.79178726967e-07,-134.934271066
27109375.000,1.74209307332e-07,-135.178572921
27112500.000,1.69160970303e-07,-135.433996648
27115625.000,1.64035330525e-07,-135.701252039
27118750.000,1.5883404011e-07,-135.981128345
27121875.000,1.53558788003e-07,-136.274506486
27125000.000,1.48211299315e-07,-136.582373708
27128125.000,1.42793334665e-07,-136.905841283
27131250.000,1.37306689508e-07,-137.246166073
27134375.000,1.31753193461e-07,-137.604776989
27137500.000,1.26134709629e-07,-137.983307765
27140625.000,1.20453133934e-07,-138.383637922
27143750.000,1.14710394444e-07,-138.807944537
27146875.000,1.08908450706e-07,-139.258768401
27150000.000,1.03049293094e-07,-139.739099662
27153125.000,9.71349421476e-08,-140.252490283
27156250.000,9.11674479311e-08,-140.803204046
27159375.000,8.51488893892e-08,-141.396420245
27162500.000,7.90813737111e-08,-142.038515905
27165625.000,7.29670356934e-08,-142.737465935
27168750.000,6.68080371161e-08,-143.503425761
27171875.000,6.06065661042e-08,-144.349606438
27175000.000,5.43648365001e-08,-145.293638275
27178125.000,4.80850872189e-08,-146.359791837
27181250.000,4.17695816113e-08,-147.582797497
27184375.000,3.54206068077e-08,-149.014880059
27187500.000,2.90404730443e-08,-150.739926273
27190625.000,2.26315129947e-08,-152.905728220
27193750.000,1.61960810601e-08,-155.811801166
27196875.000,9.73655266152e-09,-160.231895657
27200000.000,3.25532348571e-09,-169.748116971
27203125.000,3.24519126718e-09,-169.775194028
27206250.000,9.76255768065e-09,-160.208727743
27209375.000,1.62943239435e-08,-155.759273077
27212500.000,2.28380211926e-08,-152.826830568
27215625.000,2.93911643938e-08,-150.635664162
27218750.000,3.5951253252e-08,-148.885719312
27221875.000,4.25157731471e-08,-147.428998378
27225000.000,4.90821961059e-08,-146.181520274
27228125.000,5.56479817995e-08,-145.091011634
27231250.000,6.22105785736e-08,-144.122715192
27234375.000,6.87674244996e-08,-143.252344814
27237500.000,7.53159484579e-08,-142.462261009
27240625.000,8.18535712408e-08,-141.739247355
27243750.000,8.83777066761e-08,-141.073145444
27246875.000,9.48857627716e-08,-140.455978937
27250000.000,1.01375142869e-07,-139.881370414
27253125.000,1.07843246824e-07,-139.344140907
27256250.000,1.14287472174e-07,-138.840027459
27259375.000,1.20705215335e-07,-138.365479297
27262500.000,1.27093872787e-07,-137.917507727
27265625.000,1.33450842262e-07,-137.493573617
27268750.000,1.39773523933e-07,-137.091501708
27271875.000,1.46059321592e-07,-136.709414418
27275000.000,1.52305643828e-07,-136.345680064
27278125.000,1.58509905178e-07,-135.998871877
27281250.000,1.64669527281e-07,-135.667735225
27284375.000,1.70781940014e-07,-135.351161147
27287500.000,1.76844582597e-07,-135.048164794
27290625.000,1.82854904702e-07,-134.757867723
27293750.000,1.88810367523e-07,-134.479483248
27296875.000,1.94708444849e-07,-134.212304239
27300000.000,2.00546624092e-07,-133.955692887
27303125.000,2.06322407319e-07,-133.709072072
27306250.000,2.12033312251e-07,-133.471918047
27309375.000,2.17676873258e-07,-133.243754189
27312500.000,2.23250642328e-07,-133.024145658
27315625.000,2.28752190021e-07,-132.812694788
27318750.000,2.34179106429e-07,-132.609037110
27321875.000,2.395290021e-07,-132.412837896
27325000.000,2.44799508977e-07,-132.223789153
27328125.000,2.49988281321e-07,-132.041606985
27331250.000,2.55092996638e-07,-131.866029288
27334375.000,2.60111356595e-07,-131.696813717
27337500.000,2.65041087957e-07,-131.533735888
27340625.000,2.69879943511e-07,-131.376587788
27343750.000,2.74625703012e-07,-131.225176366
27346875.000,2.79276174131e-07,-131.079322273
27350000.000,2.83829193417e-07,-130.938858739
27353125.000,2.8828262727e-07,-130.803630573
27356250.000,2.92634372936e-07,-130.673493257
27359375.000,2.96882359508e-07,-130.548312141
27362500.000,3.01024548953e-07,-130.427961713
27365625.000,3.05058937143e-07,-130.312324944
27368750.000,3.08983554917e-07,-130.201292690
27371875.000,3.12796469149e-07,-130.094763158
27375000.000,3.16495783831e-07,-129.992641420
27378125.000,3.20079641173e-07,-129.894838970
27381250.000,3.2354622271e-07,-129.801273321
27384375.000,3.26893750421e-07,-129.711867644
27387500.000,3.30120487855e-07,-129.626550435
27390625.000,3.33224741252e-07,-129.545255212
27393750.000,3.36204860675e-07,-129.467920241
27396875.000,3.39059241137e-07,-129.394488287
27400000.000,3.4178632371e-07,-129.324906384
27403125.000,3.44384596635e-07,-129.259125631
27406250.000,3.46852596416e-07,-129.197101004
27409375.000,3.4918890889e-07,-129.138791180
27412500.000,3.51392170278e-07,-129.084158394
27415625.000,3.53461068207e-07,-129.033168288
27418750.000,3.55394342713e-07,-128.985789794
27421875.000,3.57190787198e-07,-128.941995023
27425000.000,3.58849249357e-07,-128.901759158
27428125.000,3.60368632069e-07,-128.865060376
27431250.000,3.6174789424e-07,-128.831879765
27434375.000,3.62986051611e-07,-128.802201264
27437500.000,3.64082177518e-07,-128.776011601
27440625.000,3.65035403602e-07,-128.753300254
27443750.000,3.65844920483e-07,-128.734059410
27446875.000,3.66509978376e-07,-128.718283941
27450000.000,3.67029887674e-07,-128.705971384
27453125.000,3.67404019467e-07,-128.697121935
27456250.000,3.67631806042e-07,-128.691738445
27459375.000,3.67712741317e-07,-128.689826430
27462500.000,3.6764638125e-07,-128.691394089
27465625.000,3.67432344199e-07,-128.696452329
27468750.000,3.67070311262e-07,-128.705014798
27471875.000,3.66560026566e-07,-128.717097934
27475000.000,3.65901297539e-07,-128.732721009
27478125.000,3.65093995159e-07,-128.751906200
27481250.000,3.64138054167e-07,-128.774678657
27484375.000,3.63033473275e-07,-128.801066585
27487500.000,3.61780315349e-07,-128.831101340
27490625.000,3.60378707586e-07,-128.864817531
27493750.000,3.58828841681e-07,-128.902253136
27496875.000,3.57130973981e-07,-128.943449636
27500000.000,3.55285425641e-07,-128.988452152
27503125.000,3.53292582783e-07,-129.037309606
27506250.000,3.5115289664e-07,-129.090074895
27509375.000,3.48866883718e-07,-129.146805082
27512500.000,3.4643512595e-07,-129.207561604
27515625.000,3.43858270856e-07,-129.272410501
27518750.000,3.41137031702e-07,-129.341422675
27521875.000,3.38272187668e-07,-129.414674158
27525000.000,3.35264584007e-07,-129.492246425
27528125.000,3.32115132211e-07,-129.574226723
27531250.000,3.2882481017e-07,-129.660708439
27534375.000,3.25394662321e-07,-129.751791508
27537500.000,3.21825799796e-07,-129.847582855
27540625.000,3.18119400548e-07,-129.948196892
27543750.000,3.1427670947e-07,-130.053756053
27546875.000,3.10299038486e-07,-130.164391403
27550000.000,3.06187766619e-07,-130.280243301
27553125.000,3.01944340031e-07,-130.401462137
27556250.000,2.97570272032e-07,-130.528209160
27559375.000,2.93067143039e-07,-130.660657387
27562500.000,2.88436600517e-07,-130.798992633
27565625.000,2.83680358846e-07,-130.943414648
27568750.000,2.78800199158e-07,-131.094138407
27571875.000,2.73797969111e-07,-131.251395551
27575000.000,2.68675582617e-07,-131.415436014
27578125.000,2.63435019492e-07,-131.586529860
27581250.000,2.58078325074e-07,-131.764969370
27584375.000,2.52607609749e-07,-131.951071411
27587500.000,2.47025048442e-07,-132.145180137
27590625.000,2.41332880023e-07,-132.347670086
27593750.000,2.35533406665e-07,-132.558949728
27596875.000,2.29628993132e-07,-132.779465569
27600000.000,2.23622066019e-07,-133.009706889
27603125.000,2.17515112924e-07,-133.250211259
27606250.000,2.1131068157e-07,-133.501570984
27609375.000,2.05011378882e-07,-133.764440667
27612500.000,1.98619870009e-07,-134.039546134
27615625.000,1.92138877316e-07,-134.327695025
27618750.000,1.85571179324e-07,-134.629789445
27621875.000,1.78919609632e-07,-134.946841161
27625000.000,1.72187055803e-07,-135.279989997
27628125.000,1.65376458236e-07,-135.630526266
27631250.000,1.58490809013e-07,-135.999918355
27634375.000,1.51533150735e-07,-136.389846933
27637500.000,1.44506575361e-07,-136.802247822
27640625.000,1.37414223034e-07,-137.239366268
27643750.000,1.30259280906e-07,-137.703826473
27646875.000,1.23044981975e-07,-138.198721860
27650000.000,1.15774603922e-07,-138.727733922
27653125.000,1.0845146796e-07,-139.295291303
27656250.000,1.01078937687e-07,-139.906786621
27659375.000,9.36604179505e-08,-140.568878171
27662500.000,8.61993537226e-08,-141.289919805
27665625.000,7.86992289739e-08,-142.080590449
27668750.000,7.11635655605e-08,-142.954846005
27671875.000,6.35959220984e-08,-143.931414626
27675000.000,5.59998928489e-08,-145.036256080
27678125.000,4.83791065808e-08,-146.306843121
27681250.000,4.07372254264e-08,-147.800171074
27684375.000,3.30779437066e-08,-149.609229925
27687500.000,2.54049867382e-08,-151.901620549
27690625.000,1.77221095946e-08,-155.029691641
27693750.000,1.00330958295e-08,-159.971300793
27696875.000,2.3417561463e-09,-172.609166624
27700000.000,5.34807298901e-09,-165.436053485
27703125.000,1.30325308038e-08,-157.699424798
27706250.000,2.07077337463e-08,-153.677348554
27709375.000,2.83697770867e-08,-150.942881533
27712500.000,3.60147366069e-08,-148.870395142
27715625.000,4.36386703744e-08,-147.202569808
27718750.000,5.12376206099e-08,-145.808220927
27721875.000,5.88076156364e-08,-144.611328576
27725000.000,6.63446719304e-08,-143.563878982
27728125.000,7.38447962508e-08,-142.633602069
27731250.000,8.13039878598e-08,-141.797763046
27734375.000,8.87182408156e-08,-141.039741567
27737500.000,9.60835463395e-08,-140.347019519
27740625.000,1.0339589524e-07,-139.709934043
27743750.000,1.10651280391e-07,-139.120871126
27746875.000,1.17845699233e-07,-138.573725248
27750000.000,1.249751563e-07,-138.063526228
27753125.000,1.32035665749e-07,-137.586174808
27756250.000,1.39023253863e-07,-137.138251019
27759375.000,1.45933961517e-07,-136.716872561
27762500.000,1.52763846582e-07,-136.319588293
27765625.000,1.59508986245e-07,-135.944296902
27768750.000,1.66165479216e-07,-135.589183912
27771875.000,1.72729447807e-07,-135.252672307
27775000.000,1.79197039853e-07,-134.933383374
27778125.000,1.85564430451e-07,-134.630105340
27781250.000,1.91827823499e-07,-134.341768015
27784375.000,1.97983453011e-07,-134.067422111
27787500.000,2.04027584195e-07,-133.806222254
27790625.000,2.09956514262e-07,-133.557412922
27793750.000,2.15766572974e-07,-133.320316726
27796875.000,2.21454122904e-07,-133.094324597
27800000.000,2.27015559406e-07,-132.878887514
27803125.000,2.32447310292e-07,-132.673509496
27806250.000,2.37745835228e-07,-132.477741644
27809375.000,2.42907624836e-07,-132.291177051
27812500.000,2.47929199528e-07,-132.113446435
27815625.000,2.52807108103e-07,-131.944214386
27818750.000,2.57537926091e-07,-131.783176119
27821875.000,2.62118253917e-07,-131.630054675
27825000.000,2.66544714899e-07,-131.484598487
27828125.000,2.70813953129e-07,-131.346579266
27831250.000,2.74922631272e-07,-131.215790163
27834375.000,2.78867428362e-07,-131.092044165
27837500.000,2.82645037635e-07,-130.975172700
27840625.000,2.86252164469e-07,-130.865024415
27843750.000,2.89685524508e-07,-130.761464116
27846875.000,2.92941842039e-07,-130.664371838
27850000.000,2.96017848702e-07,-130.573642038
27853125.000,2.98910282617e-07,-130.489182896
27856250.000,3.01615888008e-07,-130.410915703
27859375.000,3.04131415423e-07,-130.338774337
27862500.000,3.06453622615e-07,-130.272704809
27865625.000,3.08579276199e-07,-130.212664879
27868750.000,3.10505154146e-07,-130.158623729
27871875.000,3.12228049208e-07,-130.110561688
27875000.000,3.13744773352e-07,-130.068470007
27878125.000,3.15052163291e-07,-130.032350680
27881250.000,3.16147087147e-07,-130.002216305
27884375.000,3.17026452347e-07,-129.978089984
27887500.000,3.17687214781e-07,-129.960005257
27890625.000,3.18126389279e-07,-129.948006074
27893750.000,3.18341061429e-07,-129.942146800
27896875.000,3.18328400765e-07,-129.942492251
27900000.000,3.18085675342e-07,-129.949117769
27903125.000,3.17610267677e-07,-129.962109324
27906250.000,3.16899692049e-07,-129.981563657
27909375.000,3.15951613126e-07,-130.007588459
27912500.000,3.14763865859e-07,-130.040302588
27915625.000,3.13334476588e-07,-130.079836330
27918750.000,3.11661685277e-07,-130.126331705
27921875.000,3.09743968764e-07,-130.179942826
27925000.000,3.07580064946e-07,-130.240836314
27928125.000,3.05168997717e-07,-130.309191774
27931250.000,3.02510102561e-07,-130.385202343
27934375.000,2.99603052602e-07,-130.469075320
27937500.000,2.9644788495e-07,-130.561032877
27940625.000,2.93045027148e-07,-130.661312880
27943750.000,2.89395323503e-07,-130.770169823
27946875.000,2.85500061107e-07,-130.887875889
27950000.000,2.81360995299e-07,-131.014722168
27953125.000,2.7698037435e-07,-131.151020042
27956250.000,2.7236096311e-07,-131.297102775
27959375.000,2.67506065396e-07,-131.453327328
27962500.000,2.62419544849e-07,-131.620076442
27965625.000,2.57105844016e-07,-131.797761035
27968750.000,2.51570001412e-07,-131.986822956
27971875.000,2.45817666321e-07,-132.187738173
27975000.000,2.39855111091e-07,-132.401020454
27978125.000,2.33689240684e-07,-132.627225651
27981250.000,2.27327599294e-07,-132.866956689
27984375.000,2.2077837379e-07,-133.120869398
27987500.000,2.14050393829e-07,-133.389679376
27990625.000,2.07153128441e-07,-133.674170071
27993750.000,2.00096678965e-07,-133.975202387
27996875.000,1.92891768179e-07,-134.293726117
28000000.000,1.85549725547e-07,-134.630793674
28003125.000,1.78082468499e-07,-134.987576659
28006250.000,1.70502479685e-07,-135.365386010
28009375.000,1.62822780209e-07,-135.765696678
28012500.000,1.55056898838e-07,-136.190178125
28015625.000,1.47218837232e-07,-136.640732335
28018750.000,1.39323031286e-07,-137.119541701
28021875.000,1.3138430868e-07,-137.629129995
28025000.000,1.23417842785e-07,-138.172440977
28028125.000,1.15439103112e-07,-138.752941122
28031250.000,1.07463802489e-07,-139.374755929
28034375.000,9.95078412368e-08,-140.042853908
28037500.000,9.1587248588e-08,-140.763299752
28040625.000,8.37181216657e-08,-141.543610485
28043750.000,7.59165623421e-08,-142.393269318
28046875.000,6.81986123381e-08,-143.324489240
28050000.000,6.05801869271e-08,-144.353387819
28053125.000,5.30770076549e-08,-145.501871390
28056250.000,4.57045344821e-08,-146.800814203
28059375.000,3.84778977804e-08,-148.295773269
28062500.000,3.14118306229e-08,-150.058135060
28065625.000,2.4520601825e-08,-152.209377497
28068750.000,1.7817950183e-08,-154.982845193
28071875.000,1.13170203674e-08,-158.925358050
28075000.000,5.03030092955e-09,-165.968120664
28078125.000,1.03043514087e-09,-179.739586780
28081250.000,6.85418686286e-09,-163.280881195
28084375.000,1.24307782976e-08,-158.110033582
28087500.000,1.77509077671e-08,-155.015588651
28090625.000,2.28061928669e-08,-152.838944145
28093750.000,2.75892109254e-08,-151.185214411
28096875.000,3.20935345712e-08,-149.871648999
28100000.000,3.63137621192e-08,-148.798575114
28103125.000,4.02455425041e-08,-147.905644280
28106250.000,4.38855945448e-08,-147.153560272
28109375.000,4.72317203443e-08,-146.515324712
28112500.000,5.02828126855e-08,-145.971608741
28115625.000,5.30388563246e-08,-145.508116984
28118750.000,5.55009231185e-08,-145.113995868
28121875.000,5.76711609804e-08,-144.780826114
28125000.000,5.95527767018e-08,-144.501959687
28128125.000,6.11500127161e-08,-144.272068966
28131250.000,6.24681179413e-08,-144.086831568
28134375.000,6.35133128686e-08,-143.942704675
28137500.000,6.42927491229e-08,-143.836760073
28140625.000,6.48144637512e-08,-143.766561356
28143750.000,6.508732855e-08,-143.730071066
28146875.000,6.51209947666e-08,-143.725579479
28150000.000,6.49258335611e-08,-143.751649318
28153125.000,6.45128726368e-08,-143.807072387
28156250.000,6.38937294837e-08,-143.890835226
28159375.000,6.30805417075e-08,-144.002091716
28162500.000,6.2085894931e-08,-144.140141088
28165625.000,6.0922748785e-08,-144.304410198
28168750.000,5.96043615114e-08,-144.494439197
28171875.000,5.81442137136e-08,-144.709869962
28175000.000,5.65559317995e-08,-144.950436758
28178125.000,5.48532116541e-08,-145.215958788
28181250.000,5.30497430851e-08,-145.506334300
28184375.000,5.11591355687e-08,-145.821536047
28187500.000,4.91948458153e-08,-146.161607925
28190625.000,4.7170107654e-08,-146.526662652
28193750.000,4.50978647155e-08,-146.916880410
28196875.000,4.29907063676e-08,-147.332508381
28200000.000,4.08608073252e-08,-147.773861137
28203125.000,3.87198713278e-08,-148.241321892
28206250.000,3.65790792381e-08,-148.735344614
28209375.000,3.44490418774e-08,-149.256457050
28212500.000,3.2339757872e-08,-149.805264720
28215625.000,3.02605767399e-08,-150.382455979
28218750.000,2.82201674022e-08,-150.988808287
28221875.000,2.62264922564e-08,-151.625195832
28225000.000,2.42867869005e-08,-152.292598756
28228125.000,2.24075455494e-08,-152.992114242
28231250.000,2.05945121357e-08,-153.724969832
28234375.000,1.88526770394e-08,-154.492539444
28237500.000,1.71862793454e-08,-155.296362669
28240625.000,1.55988144804e-08,-156.138168141
28243750.000,1.40930470376e-08,-157.019901971
28246875.000,1.26710285575e-08,-157.943762606
28250000.000,1.1334119992e-08,-158.912243878
28253125.000,1.00830185447e-08,-159.928188681
28256250.000,8.9177885471e-09,-160.994856592
28259375.000,7.83789600104e-09,-162.116010067
28262500.000,6.84224639303e-09,-163.296025814
28265625.000,5.92922536447e-09,-164.540040844
28268750.000,5.09674180515e-09,-165.854147334
28271875.000,4.34227292435e-09,-167.245657667
28275000.000,3.66291084605e-09,-168.723473036
28278125.000,3.05541027095e-09,-170.298609316
28281250.000,2.51623674864e-09,-171.984969985
28284375.000,2.04161510849e-09,-173.800522581
28287500.000,1.62757760732e-09,-175.769165878
28290625.000,1.2700113657e-09,-177.923847848
28293750.000,9.64704681976e-10,-180.312112274
28296875.000,7.07391835046e-10,-183.006799145
28300000.000,4.93796011408e-10,-186.129048447
28303125.000,3.19670020247e-10,-189.905961829
28306250.000,1.80834491381e-10,-194.854374620
28309375.000,7.32132841741e-11,-202.708202226
28312500.000,7.13412866011e-12,-222.933181253
28315625.000,6.3983501279e-11,-203.878639966
28318750.000,1.00920039119e-10,-199.920451796
28321875.000,1.21316128165e-10,-198.321629175
28325000.000,1.28312649764e-10,-197.834610528
28328125.000,1.24803921717e-10,-198.075435352
28331250.000,1.13426266745e-10,-198.905727237
28334375.000,9.65501707335e-11,-200.304939078
28337500.000,7.62759556527e-11,-202.352246849
28340625.000,5.44328562045e-11,-205.282777535
28343750.000,3.2581355387e-11,-209.740617059
28346875.000,1.20186026836e-11,-218.402920434
28350000.000,6.21329024917e-12,-224.133567163
28353125.000,2.13163074168e-11,-213.425760503
28356250.000,3.27231935606e-11,-209.702886375
28359375.000,4.00819994731e-11,-207.941012440
28362500.000,4.32387963411e-11,-207.282528084
28365625.000,4.22188598967e-11,-207.489869976
28368750.000,3.72066334942e-11,-208.587592475
28371875.000,2.85247837061e-11,-210.895552800
28375000.000,1.66126627219e-11,-215.591215042
28378125.000,2.00448877146e-12,-233.959927444
28381250.000,1.46924508445e-11,-216.658115072
28384375.000,3.28192798086e-11,-209.677419068
28387500.000,5.16864150942e-11,-205.732471778
28390625.000,7.05935873971e-11,-203.024694955
28393750.000,8.8848755042e-11,-201.026973064
28396875.000,1.05785688904e-10,-199.511461627
28400000.000,1.20780030236e-10,-198.360097320
28403125.000,1.33263649687e-10,-197.505765938
28406250.000,1.42737163742e-10,-196.909258743
28409375.000,1.48780494045e-10,-196.549080070
28412500.000,1.51061385106e-10,-196.416930750
28415625.000,1.49341826372e-10,-196.516370836
28418750.000,1.43482355385e-10,-196.864030052
28421875.000,1.33444248885e-10,-197.494002770
28425000.000,1.19289638489e-10,-198.467945551
28428125.000,1.01179616118e-10,-199.898139453
28431250.000,7.93704214508e-11,-202.006826272
28434375.000,5.42078293604e-11,-205.318759656
28437500.000,2.61198784799e-11,-211.660576958
28440625.000,4.39189661581e-12,-227.146957833
28443750.000,3.67625486198e-11,-208.691887762
28446875.000,7.03749193047e-11,-203.051641802
28450000.000,1.04571750119e-10,-199.611712471
28453125.000,1.38668482122e-10,-197.160444765
28456250.000,1.71966518926e-10,-195.291121999
28459375.000,2.03766723165e-10,-193.817334770
28462500.000,2.33382916495e-10,-192.638618745
28465625.000,2.60155156369e-10,-191.695351236
28468750.000,2.83462569064e-10,-190.950085622
28471875.000,3.02735527256e-10,-190.378732196
28475000.000,3.17466973011e-10,-189.966028978
28478125.000,3.27222701412e-10,-189.703131487
28481250.000,3.31650437651e-10,-189.586388505
28484375.000,3.30487559716e-10,-189.616897674
28487500.000,3.23567340287e-10,-189.800706419
28490625.000,3.10823604736e-10,-190.149720144
28493750.000,2.92293726532e-10,-190.683610115
28496875.000,2.68119906497e-10,-191.433418815
28500000.000,2.38548709296e-10,-192.448458578
28503125.000,2.03928855821e-10,-193.810426349
28506250.000,1.64707297658e-10,-195.665743164
28509375.000,1.2142362488e-10,-198.313936124
28512500.000,7.47028837513e-11,-202.533252656
28515625.000,2.52469055428e-11,-211.955836896
28518750.000,2.61757307792e-11,-211.642023695
28521875.000,7.87409574703e-11,-202.075986172
28525000.000,1.31581535805e-10,-197.616100977
28528125.000,1.83800253167e-10,-194.713077895
28531250.000,2.34483806211e-10,-192.597742898
28534375.000,2.82717165168e-10,-190.972956451
28537500.000,3.27598206447e-10,-189.693169692
28540625.000,3.68252394767e-10,-188.677088405
28543750.000,4.03847294336e-10,-187.875656449
28546875.000,4.33606688561e-10,-187.258080545
28550000.000,4.56824092414e-10,-186.805019999
28553125.000,4.7287544801e-10,-186.505064685
28556250.000,4.81230804072e-10,-186.352931616
28559375.000,4.81464792607e-10,-186.348709308
28562500.000,4.73265731849e-10,-186.497898814
28565625.000,4.56443201928e-10,-186.812265135
28568750.000,4.3093396072e-10,-187.311785580
28571875.000,3.96806088744e-10,-188.028433450
28575000.000,3.54261276633e-10,-189.013526333
28578125.000,3.03635193324e-10,-190.352957845
28581250.000,2.45395900355e-10,-192.202653940
28584375.000,1.80140303748e-10,-194.887782186
28587500.000,1.08588663543e-10,-199.284310239
28590625.000,3.15772073709e-11,-210.012525616
28593750.000,4.9951077696e-11,-206.029102748
28596875.000,1.34957374457e-10,-197.396067587
28600000.000,2.22319561231e-10,-193.060446467
28603125.000,3.10846184007e-10,-190.149089195
28606250.000,3.99291704002e-10,-187.974194259
28609375.000,4.86372830063e-10,-186.260613876
28612500.000,5.70785726428e-10,-184.870537915
28615625.000,6.51223873623e-10,-183.725393735
28618750.000,7.26396346036e-10,-182.776526982
28621875.000,7.95046262439e-10,-181.992151994
28625000.000,8.55969159044e-10,-181.350837657
28628125.000,9.0803103262e-10,-180.837986178
28631250.000,9.50185801454e-10,-180.443829270
28634375.000,9.81491937238e-10,-180.162265274
28637500.000,1.00112802715e-09,-179.990207603
28640625.000,1.00840703752e-09,-179.927282642
28643750.000,1.0027890638e-09,-179.975808220
28646875.000,9.83892368588e-10,-180.141048159
28650000.000,9.51502529737e-10,-180.431801055
28653125.000,9.05579542847e-10,-180.861467936
28656250.000,8.46262747024e-10,-181.449895532
28659375.000,7.73873469867e-10,-182.226600834
28662500.000,6.88915316472e-10,-183.236683192
28665625.000,5.92072056072e-10,-184.552508715
28668750.000,4.84203092441e-10,-186.299448824
28671875.000,3.66336533619e-10,-188.722395366
28675000.000,2.39659910081e-10,-192.408092159
28678125.000,1.05508620714e-10,-199.534241087
28681250.000,3.46477834395e-11,-209.206490875
28684375.000,1.79221336924e-10,-194.932205747
28687500.000,3.265232507e-10,-189.721717771
28690625.000,4.74783161712e-10,-186.470093836
28693750.000,6.22169821464e-10,-184.121821166
28696875.000,7.66812982329e-10,-182.306210860
28700000.000,9.06826222324e-10,-180.849518601
28703125.000,1.0403304315e-09,-179.656573949
28706250.000,1.16547767217e-09,-178.669920843
28709375.000,1.28047511419e-09,-177.852577151
28712500.000,1.38360874422e-09,-177.179734039
28715625.000,1.47326654202e-09,-176.634373478
28718750.000,1.54796082313e-09,-176.204800699
28721875.000,1.60634945146e-09,-175.883199414
28725000.000,1.6472556343e-09,-175.664779966
28728125.000,1.66968602915e-09,-175.547303734
28731250.000,1.67284690539e-09,-175.530876054
28734375.000,1.65615812735e-09,-175.617963996
28737500.000,1.61926474763e-09,-175.813642777
28740625.000,1.56204602803e-09,-176.126123463
28743750.000,1.48462173315e-09,-176.567683723
28746875.000,1.38735557483e-09,-177.156244327
28750000.000,1.27085572026e-09,-177.918075039
28753125.000,1.13597230902e-09,-178.892645101
28756250.000,9.8379196412e-10,-180.141934584
28759375.000,8.15629317239e-10,-181.770143444
28762500.000,6.33015606029e-10,-183.971711660
28765625.000,4.37684438571e-10,-187.176777880
28768750.000,2.3155485676e-10,-192.706922109
28771875.000,1.67118647654e-11,-215.539501748
28775000.000,2.04615377195e-10,-193.781234629
28778125.000,4.30077462431e-10,-187.329066308
28781250.000,6.57230489723e-10,-183.645645946
28784375.000,8.83563371644e-10,-181.075245924
28787500.000,1.10652638964e-09,-179.120764482
28790625.000,1.32356066683e-09,-177.565122951
28793750.000,1.53212821414e-09,-176.294097796
28796875.000,1.72974219522e-09,-175.240372406
28800000.000,1.91399704505e-09,-174.361174741
28803125.000,2.08259807825e-09,-173.627890734
28806250.000,2.23339022222e-09,-173.020707791
28809375.000,2.36438551595e-09,-172.525634195
28812500.000,2.47378902907e-09,-172.132746817
28815625.000,2.56002286539e-09,-171.835123114
28818750.000,2.6217479404e-09,-171.628181290
28821875.000,2.65788323905e-09,-171.509282031
28825000.000,2.66762229319e-09,-171.477513237
28828125.000,2.65044664316e-09,-171.533618685
28831250.000,2.60613608508e-09,-171.680058208
28834375.000,2.53477554158e-09,-171.921209842
28837500.000,2.43675842902e-09,-172.263750460
28840625.000,2.31278644064e-09,-172.717289350
28843750.000,2.16386570183e-09,-173.295393936
28846875.000,1.99129930053e-09,-174.017269176
28850000.000,1.79667623683e-09,-174.910603524
28853125.000,1.58185688087e-09,-176.016656241
28856250.000,1.34895507063e-09,-177.400050301
28859375.000,1.10031702135e-09,-179.169643373
28862500.000,8.3849726089e-10,-181.529967035
28865625.000,5.66231841091e-10,-184.940114249
28868750.000,2.86409110453e-10,-190.860263431
28871875.000,2.03836745147e-12,-233.814350482
28875000.000,2.83783260529e-10,-190.940264515
28878125.000,5.67905340975e-10,-184.914480938
28881250.000,8.47159670202e-10,-181.440694548
28884375.000,1.11839641272e-09,-179.028084692
28887500.000,1.37852042383e-09,-177.211735902
28890625.000,1.62452733425e-09,-175.785459537
28893750.000,1.85353896782e-09,-174.639965583
28896875.000,2.06283767171e-09,-173.710698921
28900000.000,2.24989914565e-09,-172.956738984
28903125.000,2.41242337058e-09,-172.350929458
28906250.000,2.54836325684e-09,-171.874773307
28909375.000,2.65595065502e-09,-171.515599960
28912500.000,2.73371940045e-09,-171.264921303
28915625.000,2.78052509556e-09,-171.117463617
28918750.000,2.79556136924e-09,-171.070619390
28921875.000,2.77837239218e-09,-171.124190902
28925000.000,2.72886146969e-09,-171.280370213
28928125.000,2.64729557741e-09,-171.543951318
28931250.000,2.53430575537e-09,-171.922819803
28934375.000,2.39088331732e-09,-172.428832366
28937500.000,2.21837188959e-09,-173.079312932
28940625.000,2.0184553366e-09,-173.899617120
28943750.000,1.7931416808e-09,-174.927707887
28946875.000,1.54474317582e-09,-176.222874294
28950000.000,1.27585273182e-09,-177.883989043
28953125.000,9.89316943695e-10,-180.093291057
28956250.000,6.88206007243e-10,-183.245630816
28959375.000,3.75780853434e-10,-188.501307032
28962500.000,5.5457861138e-11,-205.120737680
28965625.000,2.69228458786e-10,-191.397580699
28968750.000,5.94664387341e-10,-184.514561386
28971875.000,9.17197090707e-10,-180.750746630
28975000.000,1.23317542339e-09,-178.179502783
28978125.000,1.53899097493e-09,-176.255278540
28981250.000,1.83111888532e-09,-174.745669165
28984375.000,2.10615795573e-09,-173.530181222
28987500.000,2.36086958616e-09,-172.538560052
28990625.000,2.5922150836e-09,-171.726579333
28993750.000,2.79739089995e-09,-171.064936845
28996875.000,2.97386138342e-09,-170.533585570
29000000.000,3.119388649e-09,-170.118610250
29003125.000,3.23205921404e-09,-169.810413824
29006250.000,3.31030707251e-09,-169.602634362
29009375.000,3.35293292726e-09,-169.491502684
29012500.000,3.35911934286e-09,-169.475491325
29015625.000,3.32844162638e-09,-169.555181105
29018750.000,3.26087429583e-09,-169.733318852
29021875.000,3.15679304461e-09,-170.015077780
29025000.000,3.01697216543e-09,-170.408573932
29028125.000,2.84257744807e-09,-170.925753876
29031250.000,2.63515462073e-09,-171.583877939
29034375.000,2.3966134563e-09,-172.408040131
29037500.000,2.12920771643e-09,-173.435639372
29040625.000,1.83551115537e-09,-174.724859434
29043750.000,1.51838985436e-09,-176.372334136
29046875.000,1.18097119853e-09,-178.555213876
29050000.000,8.26609851373e-10,-181.653988464
29053125.000,4.58851116525e-10,-186.766564144
29056250.000,8.13921072952e-11,-201.788354144
29059375.000,3.01958825537e-10,-190.401045450
29062500.000,6.87323940085e-10,-183.256770580
29065625.000,1.07079873652e-09,-179.405842999
29068750.000,1.44849488385e-09,-176.781660688
29071875.000,1.81658293843e-09,-174.814895382
29075000.000,2.17133435866e-09,-173.265465908
29078125.000,2.50916232549e-09,-172.009424838
29081250.000,2.82666089327e-09,-170.974525790
29084375.000,3.1206420151e-09,-170.115120973
29087500.000,3.38817001212e-09,-169.400696114
29090625.000,3.62659308624e-09,-168.810023415
29093750.000,3.83357151149e-09,-168.327928620
29096875.000,4.00710217899e-09,-167.943391663
29100000.000,4.1455392142e-09,-167.648379447
29103125.000,4.24761043219e-09,-167.437106425
29106250.000,4.31242944725e-09,-167.305559941
29109375.000,4.33950330535e-09,-167.251199530
29112500.000,4.32873556193e-09,-167.272778880
29115625.000,4.28042478272e-09,-167.370262603
29118750.000,4.1952585003e-09,-167.544825480
29121875.000,4.07430271425e-09,-167.798934135
29125000.000,3.91898707721e-09,-168.136523372
29128125.000,3.73108595971e-09,-168.563294904
29131250.000,3.51269563811e-09,-169.087189571
29134375.000,3.2662078954e-09,-169.719123514
29137500.000,2.99428036885e-09,-170.474150740
29140625.000,2.69980401636e-09,-171.373355218
29143750.000,2.38586810844e-09,-172.447071359
29146875.000,2.05572318209e-09,-173.740707332
29150000.000,1.71274241608e-09,-175.326158937
29153125.000,1.36038190583e-09,-177.326783063
29156250.000,1.00214032797e-09,-179.981429214
29159375.000,6.41518490334e-10,-183.855816431
29162500.000,2.81979263795e-10,-190.995656554
29165625.000,7.3091615609e-11,-202.722648768
29168750.000,4.20423397146e-10,-187.526262458
29171875.000,7.56896360227e-10,-182.419271664
29175000.000,1.07957562089e-09,-179.334938626
29178125.000,1.38574229528e-09,-177.166350548
29181250.000,1.67292165228e-09,-175.530487956
29184375.000,1.93890792588e-09,-174.248856281
29187500.000,2.1817855023e-09,-173.223758968
29190625.000,2.39994624377e-09,-172.395969718
29193750.000,2.592102762e-09,-171.726955704
29196875.000,2.75729750677e-09,-171.190327438
29200000.000,2.89490758848e-09,-170.767305906
29203125.000,3.0046453116e-09,-170.444135753
29206250.000,3.08655444843e-09,-170.210521149
29209375.000,3.14100233964e-09,-170.058634802
29212500.000,3.16866796263e-09,-169.982465343
29215625.000,3.17052615855e-09,-169.977373186
29218750.000,3.14782826114e-09,-170.039779397
29221875.000,3.10207941485e-09,-170.166941764
29225000.000,3.03501291358e-09,-170.356789134
29228125.000,2.94856192811e-09,-170.607794928
29231250.000,2.84482902591e-09,-170.918876591
29234375.000,2.72605391147e-09,-171.289311193
29237500.000,2.59457984099e-09,-171.718659211
29240625.000,2.45281917862e-09,-172.206689334
29243750.000,2.3032185731e-09,-172.753296920
29246875.000,2.14822423571e-09,-173.358407763
29250000.000,1.99024779853e-09,-174.021856956
29253125.000,1.83163322161e-09,-174.743229759
29256250.000,1.67462520209e-09,-175.521647544
29259375.000,1.52133951651e-09,-176.355477077
29262500.000,1.37373569912e-09,-177.241936313
29265625.000,1.23359242578e-09,-178.176566117
29268750.000,1.10248593458e-09,-179.152538850
29271875.000,9.81771770882e-10,-180.159789189
29275000.000,8.72570097413e-10,-181.183993483
29278125.000,7.75754759241e-10,-182.205511027
29281250.000,6.91946240237e-10,-183.198552922
29284375.000,6.21508592103e-10,-184.131057261
29287500.000,5.64550360187e-10,-184.965946224
29290625.000,5.20929473276e-10,-185.664421405
29293750.000,4.90262007366e-10,-186.191435218
29296875.000,4.71934677464e-10,-186.522362196
29300000.000,4.65120857332e-10,-186.648683701
29303125.000,4.68799875451e-10,-186.580250247
29306250.000,4.81779287172e-10,-186.343037506
29309375.000,5.02719778607e-10,-185.973480558
29312500.000,5.30162318246e-10,-185.511822867
29315625.000,5.62557137478e-10,-184.996667216
29318750.000,5.9829409276e-10,-184.461705703
29321875.000,6.35733939215e-10,-183.934492055
29325000.000,6.73240029492e-10,-183.436601393
29328125.000,7.09209942422e-10,-182.984503693
29331250.000,7.42106543749e-10,-182.590674777
29334375.000,7.70487985909e-10,-182.264682575
29337500.000,7.93036165998e-10,-182.014140129
29340625.000,8.08583179773e-10,-181.845505943
29343750.000,8.16135335636e-10,-181.764756368
29346875.000,8.14894324365e-10,-181.777974140
29350000.000,8.04275179549e-10,-181.891906674
29353125.000,7.83920707204e-10,-182.114557271
29356250.000,7.53712112943e-10,-182.455890102
29359375.000,7.13775608445e-10,-182.928765942
29362500.000,6.64484837094e-10,-183.550298496
29365625.000,6.06459019285e-10,-184.343970814
29368750.000,5.40556780749e-10,-185.343173610
29371875.000,4.67865692173e-10,-186.597575995
29375000.000,3.89687612674e-10,-188.185667985
29378125.000,3.07519995294e-10,-190.242532813
29381250.000,2.23033374878e-10,-193.032602879
29384375.000,1.3804532107e-10,-197.199566176
29387500.000,5.44911962846e-11,-205.273473152
29390625.000,2.56078866648e-11,-211.832525219
29393750.000,1.00179463489e-10,-199.984425970
29396875.000,1.67135985879e-10,-195.538600651
29400000.000,2.24412431983e-10,-192.979061755
29403125.000,2.70004703494e-10,-191.372573407
29406250.000,3.02008229233e-10,-190.399624461
29409375.000,3.18656179692e-10,-189.933553097
29412500.000,3.18356689357e-10,-189.941720405
29415625.000,2.99728485001e-10,-190.465439630
29418750.000,2.61634327168e-10,-191.646105519
29421875.000,2.03211691044e-10,-193.841026202
29425000.000,1.23900138939e-10,-198.138564132
29428125.000,2.34648724181e-11,-212.591636055
29431250.000,9.7984005192e-11,-200.176896246
29434375.000,2.39976934414e-10,-192.396609977
29437500.000,4.01675413793e-10,-187.922495005
29440625.000,5.81867879389e-10,-184.703512326
29443750.000,7.78971176344e-10,-182.169572238
29446875.000,9.91037774407e-10,-180.078195833
29450000.000,1.21576880166e-09,-178.302980108
29453125.000,1.45053288852e-09,-176.769448396
29456250.000,1.69239073154e-09,-175.429987235
29459375.000,1.93812520206e-09,-174.252363423
29462500.000,2.18427674204e-09,-173.213846771
29465625.000,2.42718370635e-09,-172.297947039
29468750.000,2.66302723263e-09,-171.492487847
29471875.000,2.88788014279e-09,-170.788416710
29475000.000,3.09775931166e-09,-170.179046578
29478125.000,3.28868087119e-09,-169.659565356
29481250.000,3.45671756359e-09,-169.226722074
29484375.000,3.59805750386e-09,-168.878638002
29487500.000,3.70906357497e-09,-168.614714452
29490625.000,3.78633264381e-09,-168.435624685
29493750.000,3.82675376737e-09,-168.343389631
29496875.000,3.82756454664e-09,-168.341549536
29500000.000,3.78640478653e-09,-168.435459191
29503125.000,3.70136663256e-09,-168.632757889
29506250.000,3.57104037709e-09,-168.944104786
29509375.000,3.39455516407e-09,-169.384342586
29512500.000,3.17161386611e-09,-169.974393842
29515625.000,2.90252146536e-09,-170.744491196
29518750.000,2.58820633661e-09,-171.740022077
29521875.000,2.23023390836e-09,-173.032991710
29525000.000,1.830812264e-09,-174.747123741
29528125.000,1.39278933926e-09,-177.122291321
29531250.000,9.1964147363e-10,-180.727629026
29534375.000,4.15453180708e-10,-187.629558235
29537500.000,1.15111884079e-10,-198.777596755
29540625.000,6.66848668127e-10,-183.519454238
29543750.000,1.23405696537e-09,-178.173295847
29546875.000,1.810595834e-09,-174.843569665
29550000.000,2.38994574075e-09,-172.432239176
29553125.000,2.96527787556e-09,-170.558692055
29556250.000,3.52952996432e-09,-169.045662535
29559375.000,4.07548780762e-09,-167.796408036
29562500.000,4.59587167503e-09,-166.752642122
29565625.000,5.0834265927e-09,-165.876868870
29568750.000,5.53101548829e-09,-165.143902508
29571875.000,5.93171408423e-09,-164.536395813
29575000.000,6.27890637864e-09,-164.042319848
29578125.000,6.56637950945e-09,-163.653480409
29581250.000,6.78841677152e-09,-163.364630045
29584375.000,6.93988753874e-09,-163.172951345
29587500.000,7.01633285338e-09,-163.077796326
29590625.000,7.01404545505e-09,-163.080628479
29593750.000,6.93014306408e-09,-163.185155997
29596875.000,6.7626337771e-09,-163.397682613
29600000.000,6.51047250649e-09,-163.727749815
29603125.000,6.17360747094e-09,-164.189219744
29606250.000,5.75301584038e-09,-164.802088604
29609375.000,5.25072776031e-09,-165.595609969
29612500.000,4.66983808327e-09,-166.613963548
29615625.000,4.01450529045e-09,-167.927359308
29618750.000,3.28993721782e-09,-169.656247793
29621875.000,2.50236336179e-09,-172.032992545
29625000.000,1.6589936969e-09,-175.603105280
29628125.000,7.67964105712e-10,-182.293181564
29631250.000,1.61731311073e-10,-195.824117857
29634375.000,1.12032060204e-09,-179.013153551
29637500.000,2.09734640651e-09,-173.566596674
29640625.000,3.08176968713e-09,-170.223996419
29643750.000,4.0620838229e-09,-167.825022380
29646875.000,5.02643796647e-09,-165.974793458
29650000.000,5.96276842886e-09,-164.491041133
29653125.000,6.85893672606e-09,-163.274864070
29656250.000,7.70287278726e-09,-162.266945489
29659375.000,8.48272173939e-09,-161.429295580
29662500.000,9.18699257139e-09,-160.736532696
29665625.000,9.80470693355e-09,-160.171307661
29668750.000,1.03255462595e-08,-159.721739266
29671875.000,1.07399953741e-08,-159.379918114
29675000.000,1.10394807535e-08,-159.141027067
29678125.000,1.12165015914e-08,-159.002851554
29681250.000,1.12647518945e-08,-158.965567383
29684375.000,1.11792318647e-08,-159.031760724
29687500.000,1.09563469198e-08,-159.206684496
29690625.000,1.05939928076e-08,-159.498806525
29693750.000,1.00916253914e-08,-159.920777584
29696875.000,9.45031383765e-09,-160.491075373
29700000.000,8.67277609652e-09,-161.236837311
29703125.000,7.76339575229e-09,-162.198965487
29706250.000,6.72821952457e-09,-163.441996941
29709375.000,5.57493490756e-09,-165.075203981
29712500.000,4.31282766856e-09,-167.304757900
29715625.000,2.95271915914e-09,-170.595557159
29718750.000,1.50688362588e-09,-176.438405725
29721875.000,1.10540233914e-11,-219.129592415
29725000.000,1.58623932878e-09,-175.992625731
29728125.000,3.20272731088e-09,-169.889600736
29731250.000,4.84363826657e-09,-166.296565967
29734375.000,6.49132891658e-09,-163.753327691
29737500.000,8.12757727286e-09,-161.800777855
29740625.000,9.73377939788e-09,-160.234370013
29743750.000,1.12911560206e-08,-158.945231830
29746875.000,1.2780966812e-08,-157.868725857
29750000.000,1.41847299746e-08,-156.963578543
29753125.000,1.54844446632e-08,-156.202087313
29756250.000,1.66628136676e-08,-155.565033243
29759375.000,1.77034637128e-08,-155.038835097
29762500.000,1.85911606834e-08,-154.613869910
29765625.000,1.9312017085e-08,-154.283447261
29768750.000,1.98536890567e-08,-154.043175684
29771875.000,2.02055603329e-08,-153.890582027
29775000.000,2.03589105998e-08,-153.824909294
29778125.000,2.03070658528e-08,-153.847056457
29781250.000,2.00455284925e-08,-153.959649785
29784375.000,1.95720850698e-08,-154.167258105
29787500.000,1.88868898411e-08,-154.476791054
29790625.000,1.79925224829e-08,-154.898158919
29793750.000,1.68940186383e-08,-155.445340620
29796875.000,1.5598872201e-08,-156.138136000
29800000.000,1.41170086076e-08,-157.005146410
29803125.000,1.24607286882e-08,-158.089131198
29806250.000,1.0644622996e-08,-159.457394310
29809375.000,8.6854568848e-09,-161.224146625
29812500.000,6.60202693701e-09,-163.606454161
29815625.000,4.41498973964e-09,-167.101406028
29818750.000,2.14666433398e-09,-173.364717186
29821875.000,1.79189975437e-10,-194.933725801
29825000.000,2.53761842483e-09,-171.911473622
29828125.000,4.90273585668e-09,-166.191230090
29831250.000,7.24800939955e-09,-162.795625042
29834375.000,9.54655582212e-09,-160.403065672
29837500.000,1.17714503753e-08,-158.583400478
29840625.000,1.3896043711e-08,-157.142176569
29843750.000,1.58942832845e-08,-155.975181016
29846875.000,1.77410354923e-08,-155.020420705
29850000.000,1.94124046889e-08,-154.238413271
29853125.000,2.08860451663e-08,-153.602875743
29856250.000,2.21414621664e-08,-153.095874056
29859375.000,2.31602979927e-08,-152.705117141
29862500.000,2.39265994101e-08,-152.422380430
29865625.000,2.44270626072e-08,-152.242575090
29868750.000,2.46512521723e-08,-152.163220313
29871875.000,2.45917907729e-08,-152.184196896
29875000.000,2.42445164682e-08,-152.307729460
29878125.000,2.3608604907e-08,-152.538593515
29881250.000,2.26866539986e-08,-152.884591049
29884375.000,2.14847290656e-08,-153.357402373
29887500.000,2.00123668602e-08,-153.974030887
29890625.000,1.82825373302e-08,-154.759270623
29893750.000,1.63115624825e-08,-155.750088719
29896875.000,1.41189921705e-08,-157.003926052
29900000.000,1.17274372131e-08,-158.615937670
29903125.000,9.16236071462e-09,-160.759852288
29906250.000,6.45182904124e-09,-163.806342979
29909375.000,3.62622441055e-09,-168.810906458
29912500.000,7.17921605436e-10,-182.878459533
29915625.000,2.23906819638e-09,-172.998653574
29918750.000,5.20948297678e-09,-165.664107536
29921875.000,8.15722084703e-09,-161.769155591
29925000.000,1.10457720572e-08,-159.136078464
29928125.000,1.38386672706e-08,-157.178114650
29931250.000,1.64999369722e-08,-155.650354295
29934375.000,1.89945766094e-08,-154.427407649
29937500.000,2.128901183e-08,-153.436889934
29940625.000,2.33515579773e-08,-152.633682774
29943750.000,2.51528679434e-08,-151.988249786
29946875.000,2.66663623911e-08,-151.480724464
29950000.000,2.78686364304e-08,-151.097685603
29953125.000,2.87398369102e-08,-150.830314014
29956250.000,2.92640046774e-08,-150.673324849
29959375.000,2.94293764126e-08,-150.624378804
29962500.000,2.92286409757e-08,-150.683827545
29965625.000,2.86591455944e-08,-150.854735224
29968750.000,2.77230477049e-08,-151.143180554
29971875.000,2.64274088023e-08,-151.558908344
29975000.000,2.47842272334e-08,-152.116492355
29978125.000,2.28104075715e-08,-152.837339095
29981250.000,2.05276648804e-08,-153.753209018
29984375.000,1.79623629722e-08,-154.912730638
29987500.000,1.51452865443e-08,-156.394450111
29990625.000,1.2111347927e-08,-158.336150391
29993750.000,8.89922999472e-09,-161.012951381
29996875.000,5.55096772086e-09,-165.112625962
30000000.000,2.11147164556e-09,-173.508294925
30003125.000,1.37200253565e-09,-177.252901720
30006250.000,4.85043326135e-09,-166.284389333
30009375.000,8.27365544241e-09,-161.646051386
30012500.000,1.15910192105e-08,-158.717567488
30015625.000,1.47520777651e-08,-156.622936138
30018750.000,1.77072963001e-08,-155.036954910
30021875.000,2.04087733944e-08,-153.803661928
30025000.000,2.28109657708e-08,-152.837126543
30028125.000,2.4871406849e-08,-152.085992964
30031250.000,2.65514092479e-08,-151.518248465
30034375.000,2.7816741119e-08,-151.113875026
30037500.000,2.86382661353e-08,-150.861065587
30040625.000,2.89925369351e-08,-150.754275618
30043750.000,2.8862332003e-08,-150.793371639
30046875.000,2.82371261975e-08,-150.983590104
30050000.000,2.71134855857e-08,-151.336292958
30053125.000,2.54953777515e-08,-151.870770979
30056250.000,2.33943894383e-08,-152.617765696
30059375.000,2.08298441884e-08,-153.626279573
30062500.000,1.78288135971e-08,-154.977551112
30065625.000,1.44260168342e-08,-156.817071307
30068750.000,1.06636043297e-08,-159.441919554
30071875.000,6.59082276947e-09,-163.621207332
30075000.000,2.26356000491e-09,-172.904159765
30078125.000,2.25623005173e-09,-172.932332410
30081250.000,6.90122084236e-09,-163.221481495
30084375.000,1.15995215558e-08,-158.711198474
30087500.000,1.62755954136e-08,-155.769262292
30090625.000,2.08512810294e-08,-153.617345167
30093750.000,2.52469081765e-08,-151.955835990
30096875.000,2.93824975817e-08,-150.638225818
30100000.000,3.31790324735e-08,-149.582725650
30103125.000,3.65597878996e-08,-148.739926650
30106250.000,3.94517021301e-08,-148.078685091
30109375.000,4.17867727118e-08,-147.579223382
30112500.000,4.35034583027e-08,-147.229524350
30115625.000,4.45480658078e-08,-147.023422949
30118750.000,4.48761011036e-08,-146.959697644
30121875.000,4.44535603871e-08,-147.041868993
30125000.000,4.32581381444e-08,-147.278643536
30128125.000,4.12803268911e-08,-147.685137445
30131250.000,3.85243831706e-08,-148.285286124
30134375.000,3.50091338169e-08,-149.116372685
30137500.000,3.07685963062e-08,-150.237846325
30140625.000,2.58523869636e-08,-151.749987042
30143750.000,2.0325891125e-08,-153.839008101
30146875.000,1.42701698142e-08,-156.911417176
30150000.000,7.78157827599e-09,-162.178646191
30153125.000,9.71072806504e-10,-180.254964150
30156250.000,6.03681642229e-09,-164.383840614
30159375.000,1.31053671911e-08,-157.651016126
30162500.000,2.0087420544e-08,-153.941516562
30165625.000,2.68275262332e-08,-151.428387436
30168750.000,3.31644925815e-08,-149.586532861
30171875.000,3.89343523941e-08,-148.193340893
30175000.000,4.39737536449e-08,-147.136129219
30178125.000,4.8123780597e-08,-146.352805238
30181250.000,5.12342076428e-08,-145.808799519
30184375.000,5.31681846845e-08,-145.486963350
30187500.000,5.38073491889e-08,-145.383168058
30190625.000,5.30573562119e-08,-145.505087884
30193750.000,5.08538137928e-08,-145.873529430
30196875.000,4.71686070506e-08,-146.526938977
30200000.000,4.20165902513e-08,-147.531583891
30203125.000,3.54626219919e-08,-149.004583144
30206250.000,2.76289145304e-08,-151.172723541
30209375.000,1.87026642034e-08,-154.561930472
30212500.000,8.94392586796e-09,-160.969436182
30215625.000,1.30630959498e-09,-177.679077664
30218750.000,1.1617879481e-08,-158.697462660
30221875.000,2.14631034912e-08,-153.366149607
30225000.000,3.02083797366e-08,-150.397451360
30228125.000,3.71057773811e-08,-148.611169307
30231250.000,4.12846837091e-08,-147.684220766
30234375.000,4.17435659109e-08,-147.588209089
30237500.000,3.73419101579e-08,-148.556069405
30240625.000,2.67924023877e-08,-151.439766857
30243750.000,8.65341669286e-09,-161.256247659
30246875.000,1.86781217607e-08,-154.573335956
30250000.000,5.69734316814e-08,-144.886552418
30253125.000,1.08178060781e-07,-139.317216161
30256250.000,1.74417493659e-07,-135.168199170
30259375.000,2.58002115849e-07,-131.767534648
30262500.000,3.61431468731e-07,-128.839480749
30265625.000,4.87397731808e-07,-126.242329924
30268750.000,6.38788371173e-07,-123.892859972
30271875.000,8.18687895812e-07,-121.737632611
30275000.000,1.03037866668e-06,-119.740062834
30278125.000,1.27734070731e-06,-117.873864943
30281250.000,1.56325046906e-06,-116.119428647
30284375.000,1.89197850872e-06,-114.461676023
30287500.000,2.2675860415e-06,-112.888724501
30290625.000,2.69432033805e-06,-111.391015412
30293750.000,3.17660894003e-06,-109.960724924
30296875.000,3.71905267525e-06,-108.591353408
30300000.000,4.32641745993e-06,-107.277431548
30303125.000,5.00362488279e-06,-106.014305128
30306250.000,5.75574157269e-06,-104.797974274
30309375.000,6.58796735905e-06,-103.624971225
30312500.000,7.50562224181e-06,-102.492265949
30315625.000,8.51413219552e-06,-101.397192220
30318750.000,9.6190138395e-06,-100.337389008
30321875.000,1.08258580142e-05,-99.310753463
30325000.000,1.21403123113e-05,-98.315402817
30328125.000,1.35680626127e-05,-97.349643219
30331250.000,1.51148137009e-05,-96.411944028
30334375.000,1.67862690113e-05,-95.500916426
30337500.000,1.85881096021e-05,-94.615295509
30340625.000,2.05259724265e-05,-93.753925177
30343750.000,2.26054279962e-05,-92.915745318
30346875.000,2.48319575319e-05,-92.099780863
30350000.000,2.72109297028e-05,-91.305132393
30353125.000,2.97475770599e-05,-90.530968036
30356250.000,3.24469722742e-05,-89.776516446
30359375.000,3.53140042943e-05,-89.041060690
30362500.000,3.835335454e-05,-88.323932898
30365625.000,4.15694732521e-05,-87.624509572
30368750.000,4.49665561214e-05,-86.942207454
30371875.000,4.85485213171e-05,-86.276479864
30375000.000,5.23189870409e-05,-85.626813461
30378125.000,5.62812497279e-05,-84.992725352
30381250.000,6.04382630171e-05,-84.373760514
30384375.000,6.47926176108e-05,-83.769489486
30387500.000,6.93465221422e-05,-83.179506295
30390625.000,7.41017851633e-05,-82.603426589
30393750.000,7.90597983654e-05,-82.040885952
30396875.000,8.42215211356e-05,-81.491538380
30400000.000,8.9587466552e-05,-80.955054893
30403125.000,9.51576889087e-05,-80.431122284
30406250.000,0.00010093177286,-79.919441967
30409375.000,0.000106908824262,-79.419728932
30412500.000,0.000113087462784,-78.931710792
30415625.000,0.000119465816355,-78.455126897
30418750.000,0.000126041517498,-77.989727534
30421875.000,0.000132811701592,-77.535273181
30425000.000,0.00013977300711,-77.091533824
30428125.000,0.000146921577848,-76.658288325
30431250.000,0.000154253067159,-76.235323834
30434375.000,0.000161762644206,-75.822435253
30437500.000,0.000169445002223,-75.419424723
30440625.000,0.000177294368761,-75.026101166
30443750.000,0.000185304517903,-74.642279841
30446875.000,0.000193468784403,-74.267781942
30450000.000,0.000201780079707,-73.902434215
30453125.000,0.000210230909786,-73.546068605
30456250.000,0.000218813394726,-73.198521921
30459375.000,0.00022751928999,-72.859635525
30462500.000,0.000236340009266,-72.529255036
30465625.000,0.000245266648801,-72.207230057
30468750.000,0.000254290013132,-71.893413915
30471875.000,0.000263400642073,-71.587663414
30475000.000,0.000272588838878,-71.289838606
30478125.000,0.000281844699417,-70.999802569
30481250.000,0.000291158142258,-70.717421206
30484375.000,0.000300518939514,-70.442563048
30487500.000,0.000309916748305,-70.175099066
30490625.000,0.000319341142706,-69.914902500
30493750.000,0.000328781646024,-69.661848692
30496875.000,0.000338227763261,-69.415814928
30500000.000,0.00034766901361,-69.176680291
30503125.000,0.000357094962842,-68.944325518
30506250.000,0.000366495255429,-68.718632865
30509375.000,0.000375859646259,-68.499485986
30512500.000,0.000385178031804,-68.286769807
30515625.000,0.000394440480585,-68.080370415
30518750.000,0.000403637262817,-67.880174951
30521875.000,0.000412758879094,-67.686071512
30525000.000,0.000421796087974,-67.497949050
30528125.000,0.000430739932374,-67.315697289
30531250.000,0.000439581764631,-67.139206638
30534375.000,0.000448313270143,-66.968368115
30537500.000,0.000456926489488,-66.803073276
30540625.000,0.000465413838927,-66.643214145
30543750.000,0.000473768129219,-66.488683160
30546875.000,0.000481982582674,-66.339373110
30550000.000,0.000490050848379,-66.195177092
30553125.000,0.000497967015558,-66.055988463
30556250.000,0.000505725625019,-65.921700804
30559375.000,0.000513321678651,-65.792207884
30562500.000,0.000520750646966,-65.667403636
30565625.000,0.000528008474674,-65.547182137
30568750.000,0.000535091584279,-65.431437588
30571875.000,0.000541996877728,-65.320064306
30575000.000,0.000548721736121,-65.212956721
30578125.000,0.000555264017522,-65.110009379
30581250.000,0.000561622052904,-65.011116947
30584375.000,0.000567794640289,-64.916174226
30587500.000,0.000573781037137,-64.825076177
30590625.000,0.000579580951051,-64.737717936
30593750.000,0.000585194528877,-64.653994857
30596875.000,0.000590622344282,-64.573802539
30600000.000,0.000595865383893,-64.497036874
30603125.000,0.000600925032106,-64.423594093
30606250.000,0.000605803054652,-64.353370823
30609375.000,0.000610501581034,-64.286264140
30612500.000,0.000615023085945,-64.222171639
30615625.000,0.000619370369777,-64.160991496
30618750.000,0.000623546538336,-64.102622549
30621875.000,0.000627554981886,-64.046964368
30625000.000,0.000631399353638,-63.993917341
30628125.000,0.000635083547793,-63.943382755
30631250.000,0.000638611677284,-63.895262889
30634375.000,0.000641988051299,-63.849461099
30637500.000,0.000645217152732,-63.805881913
30640625.000,0.00064830361566,-63.764431126
30643750.000,0.000651252202959,-63.725015892
30646875.000,0.000654067784163,-63.687544827
30650000.000,0.000656755313678,-63.651928095
30653125.000,0.000659319809442,-63.618077511
30656250.000,0.00066176633212,-63.585906634
30659375.000,0.000664099964931,-63.555330854
30662500.000,0.000666325794183,-63.526267488
30665625.000,0.000668448890584,-63.498635863
30668750.000,0.000670474291414,-63.472357401
30671875.000,0.000672406983602,-63.447355693
30675000.000,0.00067425188777,-63.423556579
30678125.000,0.000676013843288,-63.400888211
30681250.000,0.000677697594386,-63.379281119
30684375.000,0.000679307777343,-63.358668264
30687500.000,0.00068084890879,-63.338985085
30690625.000,0.000682325375132,-63.320169547
30693750.000,0.000683741423114,-63.302162169
30696875.000,0.000685101151512,-63.284906050
30700000.000,0.000686408503975,-63.268346892
30703125.000,0.000687667262975,-63.252433003
30706250.000,0.000688881044873,-63.237115301
30709375.000,0.000690053296064,-63.222347307
30712500.000,0.000691187290177,-63.208085129
30715625.000,0.000692286126301,-63.194287435
30718750.000,0.000693352728183,-63.180915425
30721875.000,0.000694389844374,-63.167932789
30725000.000,0.000695400049255,-63.155305658
30728125.000,0.000696385744918,-63.143002550
30731250.000,0.000697349163812,-63.130994310
30734375.000,0.000698292372137,-63.119254040
30737500.000,0.000699217273896,-63.107757023
30740625.000,0.000700125615557,-63.096480650
30743750.000,0.000701018991266,-63.085404329
30746875.000,0.000701898848542,-63.074509401
30750000.000,0.00070276649439,-63.063779048
30753125.000,0.000703623101783,-63.053198199
30756250.000,0.000704469716427,-63.042753430
30759375.000,0.000705307263776,-63.032432869
30762500.000,0.000706136556211,-63.022226096
30765625.000,0.000706958300347,-63.012124043
30768750.000,0.000707773104399,-63.002118894
30771875.000,0.000708581485557,-62.992203990
30775000.000,0.000709383877323,-62.982373725
30778125.000,0.000710180636758,-62.972623460
30781250.000,0.000710972051599,-62.962949422
30784375.000,0.000711758347204,-62.953348619
30787500.000,0.00071253969328,-62.943818750
30790625.000,0.000713316210377,-62.934358127
30793750.000,0.000714087976102,-62.924965591
30796875.000,0.000714855031035,-62.915640440
30800000.000,0.000715617384325,-62.906382355
30803125.000,0.000716375018941,-62.897191341
30806250.000,0.000717127896575,-62.888067659
30809375.000,0.000717875962174,-62.879011772
30812500.000,0.000718619148101,-62.870024298
30815625.000,0.000719357377919,-62.861105956
30818750.000,0.000720090569799,-62.852257530
30821875.000,0.000720818639552,-62.843479830
30825000.000,0.000721541503292,-62.834773662
30828125.000,0.00072225907974,-62.826139796
30831250.000,0.000722971292179,-62.817578947
30834375.000,0.000723678070072,-62.809091756
30837500.000,0.000724379350359,-62.800678769
30840625.000,0.000725075078454,-62.792340435
30843750.000,0.000725765208957,-62.784077089
30846875.000,0.000726449706098,-62.775888952
30850000.000,0.000727128543945,-62.767776130
30853125.000,0.000727801706388,-62.759738610
30856250.000,0.000728469186922,-62.751776269
30859375.000,0.000729130988267,-62.743888875
30862500.000,0.000729787121819,-62.736076094
30865625.000,0.00073043760699,-62.728337500
30868750.000,0.00073108247043,-62.720672586
30871875.000,0.000731721745169,-62.713080770
30875000.000,0.000732355469696,-62.705561410
30878125.000,0.000732983686998,-62.698113815
30881250.000,0.000733606443571,-62.690737255
30884375.000,0.000734223788429,-62.683430974
30887500.000,0.000734835772129,-62.676194204
30890625.000,0.000735442445811,-62.669026172
30893750.000,0.000736043860294,-62.661926112
30896875.000,0.000736640065212,-62.654893279
30900000.000,0.000737231108224,-62.647926951
30903125.000,0.000737817034289,-62.641026445
30906250.000,0.000738397885028,-62.634191118
30909375.000,0.000738973698168,-62.627420378
30912500.000,0.000739544507073,-62.620713686
30915625.000,0.000740110340377,-62.614070561
30918750.000,0.000740671221703,-62.607490585
30921875.000,0.000741227169478,-62.600973402
30925000.000,0.00074177819684,-62.594518722
30928125.000,0.000742324311634,-62.588126315
30931250.000,0.000742865516492,-62.581796019
30934375.000,0.000743401808997,-62.575527729
30937500.000,0.000743933181909,-62.569321397
30940625.000,0.000744459623477,-62.563177034
30943750.000,0.000744981117791,-62.557094694
30946875.000,0.0007454976452,-62.551074480
30950000.000,0.000746009182767,-62.545116534
30953125.000,0.000746515704759,-62.539221028
30956250.000,0.000747017183162,-62.533388165
30959375.000,0.000747513588217,-62.527618168
30962500.000,0.000748004888963,-62.521911272
30965625.000,0.000748491053777,-62.516267723
30968750.000,0.00074897205091,-62.510687768
30971875.000,0.000749447849001,-62.505171651
30975000.000,0.000749918417579,-62.499719605
30978125.000,0.000750383727522,-62.494331849
30981250.000,0.00075084375149,-62.489008582
30984375.000,0.000751298464311,-62.483749978
30987500.000,0.000751747843326,-62.478556183
30990625.000,0.00075219186868,-62.473427314
30993750.000,0.000752630523563,-62.468363450
30996875.000,0.000753063794399,-62.463364636
31000000.000,0.000753491670973,-62.458430879
31003125.000,0.000753914146508,-62.453562149
31006250.000,0.00075433121768,-62.448758376
31009375.000,0.000754742884585,-62.444019453
31012500.000,0.00075514915065,-62.439345235
31015625.000,0.000755550022488,-62.434735543
31018750.000,0.000755945509716,-62.430190166
31021875.000,0.000756335624724,-62.425708862
31025000.000,0.000756720382404,-62.421291361
31028125.000,0.000757099799844,-62.416937373
31031250.000,0.000757473896002,-62.412646584
31034375.000,0.000757842691339,-62.408418668
31037500.000,0.000758206207453,-62.404253286
31040625.000,0.000758564466686,-62.400150095
31043750.000,0.000758917491729,-62.396108747
31046875.000,0.000759265305231,-62.392128897
31050000.000,0.000759607929405,-62.388210208
31053125.000,0.00075994538565,-62.384352353
31056250.000,0.000760277694187,-62.380555022
31059375.000,0.000760604873714,-62.376817922
31062500.000,0.000760926941088,-62.373140783
31065625.000,0.000761243911038,-62.369523363
31068750.000,0.000761555795911,-62.365965446
31071875.000,0.000761862605448,-62.362466848
31075000.000,0.000762164346609,-62.359027420
31078125.000,0.000762461023434,-62.355647046
31081250.000,0.000762752636944,-62.352325645
31084375.000,0.000763039185095,-62.349063174
31087500.000,0.000763320662763,-62.345859626
31090625.000,0.000763597061786,-62.342715028
31093750.000,0.00076386837104,-62.339629443
31096875.000,0.000764134576556,-62.336602967
31100000.000,0.000764395661685,-62.333635729
31103125.000,0.000764651607291,-62.330727885
31106250.000,0.00076490239198,-62.327879619
31109375.000,0.000765147992362,-62.325091139
31112500.000,0.000765388383341,-62.322362671
31115625.000,0.000765623538418,-62.319694461
31118750.000,0.000765853430028,-62.317086765
31121875.000,0.000766078029875,-62.314539850
31125000.000,0.000766297309286,-62.312053988
31128125.000,0.000766511239569,-62.309629452
31131250.000,0.000766719792363,-62.307266512
31134375.000,0.00076692293999,-62.304965431
31137500.000,0.000767120655798,-62.302726462
31140625.000,0.000767312914479,-62.300549844
31143750.000,0.000767499692383,-62.298435798
31146875.000,0.000767680967799,-62.296384524
31150000.000,0.000767856721211,-62.294396198
31153125.000,0.00076802693553,-62.292470971
31156250.000,0.000768191596288,-62.290608963
31159375.000,0.000768350691798,-62.288810267
31162500.000,0.000768504213278,-62.287074943
31165625.000,0.000768652154938,-62.285403018
31168750.000,0.000768794514026,-62.283794487
31171875.000,0.000768931290831,-62.282249312
31175000.000,0.000769062488656,-62.280767420
31178125.000,0.000769188113741,-62.279348711
31181250.000,0.000769308175153,-62.277993049
31184375.000,0.00076942268464,-62.276700274
31187500.000,0.000769531656451,-62.275470195
31190625.000,0.000769635107122,-62.274302601
31193750.000,0.000769733055232,-62.273197256
31196875.000,0.000769825521138,-62.272153907
31200000.000,0.000769912526684,-62.271172285
31203125.000,0.000769994094894,-62.270252109
31206250.000,0.000770070249649,-62.269393090
31209375.000,0.000770141015352,-62.268594936
31212500.000,0.000770206416597,-62.267857352
31215625.000,0.000770266477823,-62.267180047
31218750.000,0.000770321222982,-62.266562736
31221875.000,0.000770370675214,-62.266005147
31225000.000,0.000770414856526,-62.265507019
31228125.000,0.000770453787494,-62.265068111
31231250.000,0.000770487486987,-62.264688200
31234375.000,0.000770515971906,-62.264367089
31237500.000,0.000770539256959,-62.264104604
31240625.000,0.000770557354461,-62.263900603
31243750.000,0.000770570274165,-62.263754970
31246875.000,0.000770578023136,-62.263667624
31250000.000,0.000770580605649,-62.263638514
